{
  "algorithm": "Fast OLS Gradient Descent",
  "loss_function": "OLS (Ordinary Least Squares)",
  "parameters": {
    "learning_rate": 0.1,
    "max_iterations": 500,
    "tolerance": 1e-05
  },
  "metrics": {
    "mse": 102.43144371372138,
    "rmse": 10.120842045685793,
    "mae": 10.118245873118605,
    "r2": -294.34998127780256,
    "mape": 100.4011792351989,
    "max_error": 12.299479416125044,
    "explained_variance": 0.8484945878041081
  },
  "training_time": 2.496908187866211,
  "convergence": {
    "iterations": 117,
    "final_loss": 51.17927703907374,
    "final_gradient_norm": 0.00985299638390513
  }
}