iteration,loss,gradient_norm
0,49.248309381336036,10.003769323732406
1,47.26968050835437,9.777419866555732
2,45.37875100292021,9.563943666273596
3,43.56894126582754,9.360405074593483
4,41.834977663125734,9.16478694207467
5,40.172487127570655,8.975697576018444
6,38.57772785482419,8.79217033146857
7,37.04740986572748,8.613527152295477
8,35.578574957908245,8.439285918340419
9,34.16851594466822,8.269097644936847
10,32.81472191494539,8.102703957038122
11,31.514840754217566,7.939908303492301
12,30.266653137910506,7.780556471026666
13,29.06805416963508,7.624523388211798
14,27.917040131000206,7.471704182653047
15,26.811698664760456,7.322008114351442
16,25.75020127817294,7.175354454604944
17,24.730797427196954,7.031669681582561
18,23.751809689549262,6.890885567553104
19,22.81162969849409,6.752937870424437
20,21.90871461789093,6.617765435233664
21,21.041584011131214,6.4853095740447735
22,20.20881700450894,6.355513635162275
23,19.409049677455158,6.228322701273164
24,18.640972633319475,6.103683375549599
25,17.903328718578695,5.9815436278919
26,17.19491086786106,5.861852682399265
27,16.51456005856435,5.744560933195802
28,15.861163363158493,5.629619879838503
29,15.233652090190883,5.516982076318919
30,14.631000007013604,5.4066010895637895
31,14.052221638634302,5.2984314646293615
32,13.496370638057716,5.192428694662926
33,12.96253822417118,5.088549194304942
34,12.449851683723736,4.986750275615254
35,11.957472934316542,4.88699012588756
36,11.484597145602526,4.789227786909017
37,11.030451416112438,4.693423135354146
38,10.594293503302145,4.599536864093506
39,10.175410604563261,4.507530464260603
40,9.773118187065613,4.417366207964208
41,9.386758864410572,4.329007131563688
42,9.015701318173091,4.2424170194461555
43,8.659339262500206,4.157560388259265
44,8.317090450016561,4.074402471563968
45,7.988395717364531,3.992909204879164
46,7.672718068778448,3.913047211095479
47,7.369541796160848,3.8347837862395378
48,7.078371634192547,3.7580868855727436
49,6.798731949069866,3.6829251100110083
50,6.530165959520295,3.6092676928533165
51,6.27223498880336,3.537084486808433
52,6.0245177464564135,3.4663459513098784
53,5.786609638595738,3.397023140110361
54,5.558122105631605,3.329087689147216
55,5.33868198630235,3.262511804671197
56,5.127930906976745,3.197268251631243
57,4.925524695216579,3.1333303423083922
58,4.7311328166318,3.070671925192233
59,4.5444378340998055,3.009267374093703
60,4.36513488845757,2.9490915774882116
61,4.192931199811418,2.890119928083432
62,4.02754558864329,2.83232831260623
63,3.868708015925528,2.7756931018034647
64,3.716159141487633,2.7201911406515844
65,3.5696498999088933,2.6657997387700916
66,3.4289410932396662,2.612496661034143
67,3.2938029998821743,2.5602601183817115
68,3.164014998988258,2.5090687588108334
69,3.039365209757371,2.458901658562702
70,2.9196501450425028,2.409738313486366
71,2.8046743786956165,2.3615586305810266
72,2.6942502261066688,2.3143429197120104
73,2.58819743741213,2.268071885496557
74,2.4863429028697945,2.2227266193557393
75,2.3885203699167867,2.1782885917289083
76,2.2945701714467757,2.134739644447101
77,2.2043389648610434,2.092061983262049
78,2.117679481465675,2.0502381705273995
79,2.0344502858042413,2.009251118028942
80,1.9545155445315334,1.969084079960602
81,1.8777448044498908,1.9297206460432137
82,1.8040127793443779,1.891144734782966
83,1.7331991452677429,1.8533405868666146
84,1.665188343939932,1.8162927586906006
85,1.5998693939402093,1.7799861160212556
86,1.5371357093827815,1.744405827783351
87,1.4768849257790495,1.7095373599743364
88,1.4190187328014803,1.6753664697016324
89,1.3634427136753475,1.6418791993404585
90,1.3100661909354838,1.6090618708096491
91,1.2588020782956377,1.5769010799630674
92,1.209566738388068,1.5453836910942347
93,1.16227984614053,1.5144968315517724
94,1.1168642575672232,1.4842278864634844
95,1.0732458837589816,1.454564493566768
96,1.0313535698665932,1.425494538143216
97,0.9911189788792478,1.3970061480552265
98,0.9524764800081451,1.369087688882634
99,0.9153630414925165,1.341727759157186
100,0.879718127652925,1.3149151856929866
101,0.8454836000233786,1.2886390190108834
102,0.8126036224005948,1.2628885288548806
103,0.7810245696552335,1.2376531997987825
104,0.7506949401558445,1.212922726941118
105,0.7215652716624905,1.188687011686659
106,0.6935880605524197,1.1649361576126966
107,0.6667176842458042,1.1416604664184091
108,0.6409103267046791,1.1188504339556145
109,0.6161239068832977,1.096496746339245
110,0.592318010012967,1.0745902761359707
111,0.5694538216089914,1.0531220786293376
112,0.5474940640919049,1.0320833881599323
113,0.5264029359193506,1.011465614538998
114,0.5061460531291532,0.991260339534061
115,0.486690393198033,0.9714593134250988
116,0.4680042411241754,0.9520544516298043
117,0.450057137645603,0.933037831396603
118,0.4328198295096661,0.9144016885640097
119,0.41626422171239086,0.896138414384989
120,0.40036333162967525,0.8782405524150603
121,0.38509124496532654,0.8607007954627905
122,0.3704230734439869,0.8435119826014721
123,0.3563349141798034,0.8266670962407261
124,0.3428038106544762,0.8101592592568617
125,0.3298077152408582,0.7939817321807221
126,0.3173254532109658,0.7781279104419817
127,0.3053366881695164,0.7625913216686541
128,0.29382188885657257,0.7473656230407761
129,0.2827622972649988,0.7324445986971079
130,0.2721398980206998,0.7178221571938496
131,0.2619373889755774,0.703492329014285
132,0.25213815296517955,0.6894492641283497
133,0.2427262306848982,0.6756872296011089
134,0.23368629464040663,0.662200607249166
135,0.22500362412979338,0.648983891344055
136,0.2166640812165011,0.6360316863616424
137,0.20865408765383578,0.6233387047766251
138,0.2009606027233695,0.6108997649012573
139,0.19357110195099275,0.5987097887673402
140,0.18647355666589824,0.5867638000506865
141,0.1796564143690786,0.575056922037161
142,0.17310857987927403,0.5635843756294598
143,0.16681939722559844,0.5523414773938543
144,0.16077863225723146,0.5413236376460343
145,0.1549764559418068,0.5305263585753228
146,0.14940342832519746,0.5199452324064505
147,0.1440504831265248,0.50957593959819
148,0.13890891294319238,0.49941424707802956
149,0.13397035504182087,0.48945600651223525
150,0.12922677771186492,0.47969715261057516
151,0.12467046715961128,0.4701337014649703
152,0.12029401492117855,0.4607617489214468
153,0.11609030577395268,0.45157746898469975
154,0.11205250612670845,0.4425771122545892
155,0.10817405286947042,0.4337570043939662
156,0.10444864266490882,0.42511354462719814
157,0.10087022166375857,0.416643204268729
158,0.09743297562750464,0.40834252528115095
159,0.09413132044216904,0.40020811886211966
160,0.09095989300773265,0.3922366640595818
161,0.08791354248830978,0.38442490641473864
162,0.08498732190878387,0.3767696566321772
163,0.08217648008418235,0.36926778927662157
164,0.07947645386862938,0.3619162414958094
165,0.07688286071119606,0.3547120117689144
166,0.07439149150651106,0.34765215868003824
167,0.07199830372845491,0.34073379971626505
168,0.06969941483572321,0.33395411008977255
169,0.06749109593849693,0.32731032158353124
170,0.065369765715879,0.3207997214201176
171,0.06333198457416238,0.3144196511531633
172,0.061374449036396266,0.30816750558099776
173,0.059493986354095835,0.30204073168205986
174,0.05768754933228475,0.2960368275715892
175,0.055952211359432485,0.2901533414792098
176,0.05428516163418002,0.2843878707470081
177,0.05268370058103698,0.2787380608476135
178,0.05114523544759629,0.27320160442197994
179,0.04966727607605574,0.267776240336394
180,0.04824743084215377,0.2624597527583566
181,0.04688340275489597,0.25724997025098395
182,0.04557298571068784,0.25214476488548787
183,0.044314060895780966,0.24714205137145467
184,0.043104593331139925,0.2422397862044884
185,0.0419426285541066,0.23743596683093374
186,0.04082628943143475,0.23272863082929393
187,0.03975377309849819,0.22811585510802715
188,0.03872334801967237,0.2235957551193801
189,0.03773335116509376,0.21916648408893954
190,0.03678218529919604,0.21482623226062342
191,0.03586831637657923,0.21057322615671778
192,0.034990271040979036,0.20640572785273412
193,0.03414663422324906,0.20232203426676762
194,0.0333360468344302,0.19832047646303913
195,0.032557203550147955,0.19439941896936014
196,0.03180885068272111,0.19055725910824126
197,0.03108978413750775,0.18679242634136298
198,0.030398847450149123,0.18310338162711434
199,0.029734929901518818,0.17948861679099543
200,0.02909696470729049,0.1759466539085675
201,0.028483927279173957,0.1724760447007216
202,0.02789483355498168,0.16907536994101122
203,0.027328738394802075,0.1657432388748201
204,0.026784734040658727,0.16247828865010008
205,0.026261948637144993,0.15927918375946382
206,0.025759544810619192,0.15614461549340117
207,0.02527671830464026,0.15307330140437986
208,0.02481269666941976,0.1500639847816284
209,0.02436673800314855,0.14711543413636338
210,0.023938129743149326,0.14422644269728058
211,0.02352618750487584,0.141395827916061
212,0.0231302539668696,0.13862243098271637
213,0.022749697799853738,0.1359051163505744
214,0.022383912638213887,0.1332427712706841
215,0.022032316092190918,0.13063430533546838
216,0.02169434879917279,0.12807865003143215
217,0.021369473512537887,0.12557475830073933
218,0.021057174226563162,0.12312160411147667
219,0.020756955335966082,0.12071818203640344
220,0.020468340828717037,0.11836350684007077
221,0.020190873510798003,0.11605661307408296
222,0.019924114261643838,0.11379655468034325
223,0.019667641319054782,0.11158240460214247
224,0.019421049592410613,0.10941325440290642
225,0.01918395000306862,0.10728821389246654
226,0.018955968850864303,0.10520641076065249
227,0.018736747205688544,0.103166990218116
228,0.018525940323141497,0.10116911464417622
229,0.018323217083317002,0.09921196324159912
230,0.018128259451793936,0.09729473169809365
231,0.017940761961964934,0.09541663185447559
232,0.017760431217847684,0.09357689137925908
233,0.01758698541657715,0.09177475344963268
234,0.01742015388979246,0.09000947643861236
235,0.01725967666317497,0.08828033360828698
236,0.017105304033417396,0.08658661280900981
237,0.01695679616193632,0.08492761618443939
238,0.016813922684657756,0.0833026598822167
239,0.016676462337251296,0.08171107377029337
240,0.01654420259519042,0.08015220115866817
241,0.01641693932806022,0.07862539852650675
242,0.01629447646754244,0.07713003525446212
243,0.01617662568853955,0.07566549336211631
244,0.01606320610291999,0.07423116725046647
245,0.015954043965378056,0.0728264634492575
246,0.01584897239093696,0.0714508003691584
247,0.015747831083629094,0.07010360805861883
248,0.0156504660759111,0.06878432796529725
249,0.015556729478393153,0.06749241270202724
250,0.015466479239469132,0.06622732581715307
251,0.015379578914458403,0.06498854156917697
252,0.015295897443883181,0.06377554470563457
253,0.01521530894051735,0.06258783024606893
254,0.015137692484863475,0.06142490326907775
255,0.015062931928720458,0.06028627870328646
256,0.014990915706523531,0.05917148112219146
257,0.014921536654150282,0.058080044542821105
258,0.014854691834893947,0.05701151222807354
259,0.014790282372322739,0.055965436492703365
260,0.014728213289752828,0.05494137851288231
261,0.014668393356071554,0.053938908139232675
262,0.014610734937660354,0.05295760371328259
263,0.014555153856177205,0.051997051887291784
264,0.01450156925196393,0.05105684744733989
265,0.014449903452859146,0.0501365931396717
266,0.014400081848199903,0.04923589950018873
267,0.014352032767808309,0.04835438468705399
268,0.014305687365765816,0.04749167431636292
269,0.014260979508785259,0.046647401300811256
270,0.014217845668998514,0.045821205691312795
271,0.014176224820985291,0.045012734521519444
272,0.014136058342876295,0.04422164165522557
273,0.014097289921367087,0.04344758763656105
274,0.014059865460490213,0.04269023954298229
275,0.014023732993995657,0.041949270840998275
276,0.013988842601197302,0.041224361244608376
277,0.013955146326148037,0.0405151965764136
278,0.013922598100011457,0.039821468631363856
279,0.01389115366650466,0.03914287504313957
280,0.013860770510289994,0.03847911915312525
281,0.01383140778819808,0.037829909881930315
282,0.01380302626317222,0.03719496160348995
283,0.013775588240825016,0.03657399402169085
284,0.01374905750850381,0.035966732049504
285,0.013723399276766668,0.03537290569064035
286,0.013698580123172065,0.03479224992367626
287,0.01367456793829243,0.03422450458868372
288,0.013651331873862266,0.03366941427632849
289,0.013628842292976551,0.03312672821942572
290,0.013607070722259357,0.03259620018698458
291,0.013585989805922846,0.03207758838068293
292,0.01356557326164408,0.031570655333832964
293,0.013545795838185604,0.031075167812771802
294,0.013526633274692473,0.030590896720731783
295,0.013508062261598222,0.030117617004148185
296,0.01349006040307706,0.029655107561435416
297,0.013472606180980265,0.029203151154205263
298,0.013455678920198548,0.028761534320937678
299,0.013439258755394317,0.0283300472931192
300,0.01342332659904829,0.027908483913799374
301,0.01340786411077062,0.027496641558632812
302,0.013392853667823999,0.027094321059317764
303,0.013378278336813003,0.026701326629499266
304,0.013364121846492286,0.02631746579309063
305,0.01335036856164926,0.02594254931498566
306,0.013337003458020092,0.025576391134209748
307,0.013324012098196308,0.025218808299418582
308,0.013311380608484235,0.02486962090677974
309,0.013299095656679067,0.024528652040194304
310,0.013287144430717207,0.024195727713829204
311,0.013275514618172647,0.023870676816946317
312,0.013264194386562948,0.02355333106095295
313,0.013253172364434658,0.023243524928718493
314,0.013242437623195215,0.022941095626020876
315,0.013231979659663544,0.02264588303515311
316,0.013221788379309605,0.022357729670591506
317,0.013211854080156389,0.02207648063668882
318,0.013202167437318406,0.021801983587365723
319,0.013192719488150581,0.02153408868768544
320,0.013183501617983992,0.0212726485772762
321,0.013174505546425401,0.021017518335543623
322,0.013165723314197936,0.02076855544858207
323,0.013157147270501423,0.020525619777709243
324,0.013148770060872407,0.02028857352956952
325,0.013140584615523296,0.020057281227690172
326,0.013132584138142648,0.019831609685453985
327,0.013124762095137058,0.019611427980343835
328,0.013117112205298759,0.019396607429440906
329,0.013109628429880697,0.019187021566028615
330,0.01310230496306385,0.018982546117257255
331,0.013095136222800938,0.018783058982756135
332,0.01308811684202149,0.01858844021410574
333,0.013081241660184581,0.018398571995107093
334,0.013074505715164686,0.018213338622723698
335,0.013067904235458234,0.018032626488642744
336,0.01306143263269746,0.01785632406133536
337,0.013055086494460163,0.017684321868585887
338,0.013048861577362961,0.017516512480344606
339,0.013042753800427506,0.017352790491893765
340,0.013036759238708227,0.017193052507195276
341,0.01303087411717153,0.017037197122377674
342,0.013025094804816933,0.016885124909305386
343,0.013019417809029623,0.016736738399128977
344,0.013013839770156516,0.016591942065809513
345,0.013008357456295678,0.016450642309505787
346,0.013002967758291564,0.016312747439808373
347,0.012997667684927865,0.016178167658781807
348,0.012992454358309731,0.016046815043736895
349,0.012987325009428171,0.015918603529729677
350,0.01298227697389947,0.01579344889174001
351,0.012977307687872617,0.015671268726503464
352,0.012972414684097884,0.015551982433969451
353,0.012967595588150818,0.015435511198379397
354,0.012962848114804758,0.01532177796894055
355,0.012958170064546424,0.015210707440075598
356,0.012953559320229043,0.015102226031274308
357,0.01294901384385709,0.01499626186650056
358,0.012944531673497872,0.014892744753189186
359,0.012940110920314937,0.014791606160834164
360,0.012935749765718135,0.014692779199155698
361,0.012931446458626145,0.014596198595878003
362,0.012927199312836604,0.014501800674118397
363,0.012923006704500146,0.014409523329418465
364,0.012918867069693585,0.014319306006416451
365,0.012914778902088874,0.014231089675195749
366,0.012910740750713707,0.014144816807328394
367,0.012906751217800426,0.014060431351639535
368,0.012902808956719433,0.013977878709708713
369,0.012898912669994008,0.013897105711145791
370,0.012895061107393267,0.013818060588662608
371,0.012891253064100147,0.013740692952970927
372,0.012887487378951328,0.013664953767530717
373,0.01288376293274661,0.013590795323184452
374,0.012880078646624549,0.013518171212697952
375,0.012876433480502126,0.013447036305247713
376,0.012872826431575663,0.01337734672086437
377,0.012869256532880702,0.013309059804887108
378,0.012865722851908405,0.013242134102425933
379,0.012862224489276446,0.01317652933289101
380,0.012858760577452003,0.01311220636458272
381,0.012855330279524941,0.013049127189398635
382,0.012851932788029156,0.012987254897655603
383,0.012848567323810319,0.012926553653074687
384,0.01284523313493777,0.01286698866792621
385,0.012841929495659451,0.012808526178381791
386,0.01283865570539755,0.01275113342007024
387,0.012835411087783778,0.012694778603882158
388,0.01283219498973237,0.01263943089201746
389,0.012829006780549334,0.012585060374302374
390,0.012825845851076845,0.012531638044802175
391,0.012822711612870904,0.012479135778721163
392,0.012819603497411479,0.012427526309631861
393,0.01281652095534333,0.01237678320701576
394,0.012813463455746764,0.012326880854156086
395,0.012810430485436782,0.012277794426367816
396,0.012807421548289715,0.012229499869589608
397,0.012804436164596283,0.012181973879343319
398,0.012801473870439804,0.012135193880062446
399,0.012798534217098761,0.012089138004798461
400,0.012795616770472813,0.01204378507531279
401,0.012792721110531114,0.01199911458255686
402,0.0127898468307822,0.011955106667540467
403,0.012786993537764661,0.011911742102596625
404,0.012784160850557506,0.011869002273036899
405,0.012781348400309887,0.011826869159211426
406,0.012778555829788929,0.011785325318954232
407,0.01277578279294527,0.011744353870435566
408,0.012773028954495612,0.011703938475399238
409,0.01277029398952137,0.011664063322800719
410,0.012767577583083129,0.011624713112833395
411,0.012764879429849885,0.011585873041339552
412,0.012762199233742935,0.011547528784616802
413,0.012759536707593487,0.011509666484595168
414,0.012756891572813556,0.011472272734397309
415,0.01275426355907966,0.011435334564271961
416,0.012751652404028927,0.011398839427897007
417,0.01274905785296677,0.011362775189041408
418,0.01274647965858604,0.011327130108593122
419,0.012743917580697029,0.011291892831933418
420,0.012741371385967992,0.01125705237666278
421,0.012738840847675521,0.01122259812066641
422,0.012736325745464894,0.011188519790515697
423,0.012733825865119288,0.011154807450199145
424,0.012731340998338326,0.011121451490175906
425,0.012728870942524825,0.011088442616747041
426,0.01272641550058005,0.011055771841737375
427,0.012723974480706595,0.011023430472475901
428,0.012721547696219101,0.010991410102083602
429,0.012719134965362148,0.01095970260003922
430,0.012716736111135094,0.010928300103041006
431,0.012714350961123794,0.010897195006136935
432,0.012711979347338693,0.010866379954131297
433,0.01270962110605906,0.010835847833251295
434,0.012707276077683419,0.010805591763075642
435,0.012704944106585465,0.010775605088713263
436,0.012702625040975638,0.010745881373221315
437,0.01270031873276795,0.010716414390273531
438,0.012698025037451904,0.010687198117048421
439,0.012695743813969287,0.010658226727351706
440,0.012693474924595733,0.010629494584955702
441,0.012691218234826638,0.010600996237154192
442,0.012688973613267608,0.010572726408521924
443,0.012686740931528932,0.010544679994882906
444,0.012684520064124124,0.010516852057466719
445,0.012682310888372276,0.01048923781726361
446,0.012680113284304184,0.010461832649561418
447,0.012677927134571866,0.010434632078659955
448,0.012675752324361751,0.010407631772765658
449,0.012673588741310853,0.010380827539052213
450,0.012671436275426306,0.010354215318886004
451,0.0126692948190079,0.01032779118321126
452,0.012667164266573463,0.01030155132809023
453,0.012665044514787034,0.010275492070393277
454,0.012662935462389805,0.010249609843633227
455,0.012660837010133685,0.010223901193941634
456,0.012658749060717091,0.010198362776180907
457,0.012656671518723447,0.010172991350188357
458,0.012654604290561835,0.010147783777149425
459,0.012652547284409786,0.010122737016091836
460,0.012650500410158302,0.010097848120503152
461,0.012648463579358862,0.010073114235062387
462,0.012646436705172398,0.01004853259248414
463,0.012644419702320152,0.010024100510471253
464,0.012642412487036344,0.009999815388772905
465,0.012640414977022585,0.009975674706345035
466,0.012638427091403932,0.009951676018607842
467,0.0126364487506866,0.009927816954798835
468,0.012634479876717189,0.009904095215418254
469,0.012632520392643391,0.009880508569763607
470,0.012630570222876135,0.009857054853548031
471,0.01262862929305307,0.009833731966604918
472,0.012626697530003509,0.009810537870670119
473,0.01262477486171439,0.009787470587243864
474,0.012622861217297738,0.009764528195524865
475,0.012620956526959062,0.009741708830420153
476,0.012619060721967003,0.009719010680622562
477,0.012617173734624123,0.009696431986755565
478,0.012615295498238557,0.009673971039585647
479,0.012613425947096812,0.009651626178295325
480,0.01261156501643753,0.009629395788818074
481,0.012609712642426052,0.009607278302232207
482,0.012607868762130024,0.009585272193210703
483,0.012606033313495808,0.009563375978526358
484,0.012604206235325611,0.009541588215610132
485,0.012602387467255644,0.009519907501159644
486,0.012600576949734777,0.009498332469797536
487,0.012598774624004144,0.009476861792777637
488,0.012596980432077291,0.009455494176735676
489,0.01259519431672115,0.00943422836248677
490,0.01259341622143752,0.009413063123862602
491,0.012591646090445354,0.009391997266592149
492,0.012589883868663405,0.009371029627221581
493,0.01258812950169373,0.009350159072071944
494,0.012586382935805565,0.009329384496234173
495,0.012584644117919791,0.009308704822600763
496,0.012582912995593904,0.009288119000930272
497,0.012581189517007565,0.009267626006946496
498,0.012579473630948523,0.009247224841468888
499,0.01257776528679905,0.009226914529574356
500,0.012576064434522824,0.009206694119788559
501,0.01257437102465223,0.009186562683306273
502,0.012572685008276067,0.009166519313239216
503,0.012571006337027681,0.009146563123891132
504,0.012569334963073466,0.009126693250057565
505,0.012567670839101675,0.009106908846352858
506,0.012566013918311683,0.009087209086557906
507,0.012564364154403552,0.00906759316299368
508,0.012562721501567887,0.009048060285916296
509,0.012561085914476062,0.009028609682932943
510,0.012559457348270669,0.009009240598439494
511,0.012557835758556441,0.008989952293077438
512,0.012556221101391209,0.008970744043210507
513,0.012554613333277334,0.008951615140420146
514,0.01255301241115329,0.008932564891017795
515,0.012551418292385522,0.008913592615575425
516,0.012549830934760621,0.0088946976484731
517,0.012548250296477636,0.008875879337461689
518,0.01254667633614063,0.008857137043240697
519,0.012545109012751465,0.008838470139052791
520,0.012543548285702874,0.008819878010291122
521,0.01254199411477161,0.008801360054121058
522,0.01254044646011184,0.008782915679115318
523,0.012538905282248793,0.008764544304902028
524,0.012537370542072426,0.00874624536182504
525,0.012535842200831487,0.008728018290616422
526,0.01253432022012757,0.008709862542080435
527,0.012532804561909366,0.008691777576788271
528,0.012531295188467132,0.008673762864784091
529,0.012529792062427325,0.008655817885301566
530,0.012528295146747206,0.008637942126489035
531,0.012526804404709843,0.008620135085146016
532,0.01252531979991902,0.00860239626646794
533,0.012523841296294457,0.008584725183799774
534,0.012522368858067023,0.008567121358398867
535,0.01252090244977416,0.00854958431920558
536,0.012519442036255343,0.008532113602621964
537,0.012517987582647761,0.008514708752298514
538,0.012516539054382011,0.008497369318927755
539,0.012515096417177943,0.008480094860045388
540,0.012513659637040618,0.00846288493983852
541,0.012512228680256322,0.008445739128959726
542,0.01251080351338873,0.008428657004348458
543,0.012509384103275118,0.008411638149058143
544,0.012507970417022693,0.00839468215208927
545,0.012506562422004998,0.008377788608228338
546,0.01250516008585836,0.008360957117891941
547,0.01250376337647858,0.008344187286976995
548,0.012502372262017432,0.008327478726715168
549,0.012500986710879503,0.008310831053533104
550,0.012499606691718934,0.008294243888916513
551,0.012498232173436295,0.008277716859279749
552,0.012496863125175567,0.008261249595839217
553,0.012495499516321097,0.00824484173449162
554,0.012494141316494706,0.008228492915695482
555,0.012492788495552777,0.00821220278435742
556,0.012491441023583488,0.008195970989721949
557,0.01249009887090405,0.008179797185265007
558,0.012488762008058055,0.008163681028590905
559,0.012487430405812733,0.008147622181332847
560,0.0124861040351565,0.008131620309056974
561,0.012484782867296316,0.00811567508116899
562,0.01248346687365527,0.008099786170824436
563,0.01248215602587015,0.008083953254841694
564,0.012480850295788994,0.008068176013617853
565,0.012479549655468837,0.008052454131047255
566,0.012478254077173328,0.008036787294442946
567,0.012476963533370529,0.008021175194460394
568,0.01247567799673075,0.008005617525023838
569,0.012474397440124217,0.007990113983254957
570,0.012473121836619144,0.007974664269403922
571,0.01247185115947948,0.007959268086782625
572,0.012470585382162955,0.00794392514169976
573,0.012469324478319008,0.00792863514339851
574,0.012468068421786818,0.007913397803995807
575,0.012466817186593355,0.007898212838423523
576,0.012465570746951447,0.007883079964371873
577,0.012464329077257918,0.007867998902233813
578,0.012463092152091754,0.007852969375052274
579,0.012461859946212185,0.007837991108467965
580,0.01246063243455703,0.007823063830669445
581,0.012459409592240832,0.007808187272344577
582,0.012458191394553128,0.007793361166633398
583,0.012456977816956807,0.007778585249082221
584,0.012455768835086374,0.007763859257599705
585,0.01245456442474627,0.007749182932413684
586,0.01245336456190931,0.007734556016029524
587,0.012452169222715073,0.007719978253189652
588,0.012450978383468227,0.007705449390834518
589,0.0124497920206371,0.007690969178064262
590,0.012448610110852028,0.0076765373661019055
591,0.012447432630903935,0.007662153708257444
592,0.012446259557742789,0.007647817959892881
593,0.012445090868476135,0.007633529878388684
594,0.012443926540367686,0.0076192892231104975
595,0.01244276655083583,0.007605095755377443
596,0.012441610877452313,0.007590949238431113
597,0.012440459497940738,0.007576849437405155
598,0.012439312390175278,0.007562796119296144
599,0.012438169532179312,0.007548789052935052
600,0.012437030902124061,0.0075348280089593996
601,0.012435896478327291,0.007520912759786213
602,0.012434766239252005,0.007507043079586032
603,0.0124336401635052,0.007493218744257021
604,0.01243251822983655,0.007479439531400247
605,0.012431400417137164,0.007465705220295603
606,0.01243028670443838,0.007452015591877969
607,0.01242917707091059,0.007438370428714356
608,0.012428071495861875,0.007424769514981571
609,0.012426969958737035,0.007411212636444335
610,0.012425872439116244,0.007397699580434121
611,0.012424778916713956,0.00738423013582822
612,0.012423689371377809,0.0073708040930298814
613,0.012422603783087384,0.007357421243948335
614,0.012421522131953197,0.007344081381979596
615,0.012420444398215545,0.0073307843019879216
616,0.012419370562243398,0.007317529800287168
617,0.01241830060453335,0.007304317674623302
618,0.01241723450570855,0.00729114772415671
619,0.012416172246517636,0.007278019749445114
620,0.012415113807833722,0.007264933552427139
621,0.012414059170653337,0.007251888936405926
622,0.0124130083160954,0.007238885706033268
623,0.012411961225400276,0.007225923667294063
624,0.0124109178799287,0.007213002627491078
625,0.012409878261160844,0.007200122395230194
626,0.012408842350695332,0.007187282780405807
627,0.01240781013024828,0.007174483594186638
628,0.012406781581652322,0.007161724649001756
629,0.012405756686855698,0.007149005758527111
630,0.012404735427921325,0.007136326737672023
631,0.012403717787025826,0.007123687402566132
632,0.012402703746458663,0.007111087570546823
633,0.012401693288621252,0.007098527060146285
634,0.012400686396025996,0.007086005691079808
635,0.012399683051295485,0.007073523284233063
636,0.012398683237161538,0.007061079661650822
637,0.012397686936464446,0.007048674646525164
638,0.012396694132151982,0.00703630806318417
639,0.012395704807278682,0.007023979737080624
640,0.012394718945004891,0.007011689494781364
641,0.012393736528596025,0.006999437163956338
642,0.012392757541421731,0.006987222573368048
643,0.012391781966954977,0.006975045552861291
644,0.012390809788771412,0.006962905933353077
645,0.01238984099054841,0.006950803546822503
646,0.01238887555606435,0.006938738226300867
647,0.01238791346919791,0.006926709805862239
648,0.012386954713927114,0.006914718120613919
649,0.012385999274328732,0.006902763006686947
650,0.012385047134577411,0.006890844301227198
651,0.012384098278944993,0.006878961842386149
652,0.01238315269179972,0.0068671154693121916
653,0.01238221035760555,0.006855305022141633
654,0.012381271260921341,0.0068435303419905474
655,0.012380335386400251,0.0068317912709457826
656,0.012379402718788877,0.00682008765205714
657,0.012378473242926675,0.006808419329328792
658,0.012377546943745165,0.006796786147711485
659,0.012376623806267285,0.0067851879530942474
660,0.012375703815606685,0.006773624592297093
661,0.012374786956967032,0.006762095913062651
662,0.012373873215641346,0.006750601764049064
663,0.012372962577011338,0.006739141994822255
664,0.012372055026546704,0.006727716455848546
665,0.012371150549804536,0.006716324998487354
666,0.0123702491324286,0.006704967474984108
667,0.012369350760148721,0.00669364373846296
668,0.012368455418780143,0.006682353642920023
669,0.012367563094222891,0.006671097043216144
670,0.012366673772461112,0.006659873795070448
671,0.012365787439562535,0.006648683755053298
672,0.012364904081677768,0.006637526780579796
673,0.012364023685039692,0.006626402729903261
674,0.012363146235962913,0.00661531146210859
675,0.012362271720843098,0.006604252837106018
676,0.012361400126156441,0.00659322671562468
677,0.012360531438458982,0.006582232959206498
678,0.012359665644386137,0.006571271430199908
679,0.012358802730652018,0.00656034199175371
680,0.012357942684048903,0.0065494445078112225
681,0.012357085491446674,0.006538578843104153
682,0.012356231139792218,0.006527744863146871
683,0.012355379616108896,0.006516942434230426
684,0.012354530907495985,0.006506171423416859
685,0.012353685001128111,0.00649543169853363
686,0.01235284188425472,0.006484723128167735
687,0.012352001544199536,0.006474045581660465
688,0.012351163968359988,0.006463398929101569
689,0.012350329144206758,0.006452783041324026
690,0.012349497059283164,0.00644219778989865
691,0.012348667701204706,0.006431643047128636
692,0.01234784105765853,0.006421118686044363
693,0.012347017116402865,0.006410624580398205
694,0.012346195865266583,0.006400160604659269
695,0.012345377292148694,0.006389726634008357
696,0.012344561385017778,0.0063793225443328294
697,0.012343748131911542,0.00636894821222179
698,0.012342937520936334,0.006358603514960772
699,0.01234212954026659,0.006348288330527177
700,0.012341324178144474,0.006338002537585129
701,0.012340521422879265,0.006327746015480898
702,0.012339721262846933,0.006317518644237956
703,0.01233892368648973,0.006307320304552277
704,0.012338128682315635,0.006297150877787654
705,0.012337336238897918,0.0062870102459712095
706,0.012336546344874678,0.0062768982917885355
707,0.01233575898894844,0.006266814898579337
708,0.012334974159885602,0.006256759950332827
709,0.01233419184651608,0.006246733331683336
710,0.01233341203773282,0.006236734927905781
711,0.012332634722491359,0.0062267646249113025
712,0.012331859889809388,0.006216822309242959
713,0.012331087528766356,0.00620690786807145
714,0.012330317628502974,0.006197021189190681
715,0.012329550178220839,0.006187162161013647
716,0.01232878516718198,0.006177330672568236
717,0.012328022584708465,0.006167526613493001
718,0.012327262420182016,0.0061577498740330435
719,0.01232650466304349,0.006148000345036075
720,0.012325749302792581,0.006138277917947993
721,0.012324996328987326,0.006128582484809261
722,0.0123242457312438,0.006118913938250682
723,0.012323497499235656,0.006109272171489481
724,0.012322751622693707,0.006099657078325379
725,0.012322008091405564,0.006090068553136852
726,0.012321266895215283,0.0060805064908769964
727,0.012320528024022911,0.006070970787069835
728,0.012319791467784159,0.006061461337806615
729,0.012319057216509966,0.006051978039741894
730,0.012318325260266206,0.0060425207900899084
731,0.012317595589173209,0.006033089486620791
732,0.012316868193405469,0.006023684027656891
733,0.012316143063191268,0.006014304312069151
734,0.012315420188812261,0.00600495023927354
735,0.01231469956060318,0.005995621709227452
736,0.012313981168951434,0.0059863186224260265
737,0.01231326500429674,0.0059770408798987115
738,0.012312551057130854,0.005967788383205798
739,0.012311839317997078,0.0059585610344348285
740,0.012311129777490066,0.00594935873619722
741,0.012310422426255367,0.005940181391624875
742,0.012309717254989128,0.00593102890436654
743,0.012309014254437766,0.005921901178584877
744,0.012308313415397615,0.005912798118952711
745,0.012307614728714573,0.005903719630649831
746,0.012306918185283839,0.005894665619359779
747,0.012306223776049455,0.005885635991266562
748,0.012305531492004152,0.005876630653051207
749,0.012304841324188888,0.005867649511888895
750,0.012304153263692592,0.005858692475445327
751,0.012303467301651801,0.005849759451873953
752,0.012302783429250426,0.005840850349812571
753,0.012302101637719337,0.005831965078380299
754,0.012301421918336128,0.005823103547174508
755,0.012300744262424773,0.00581426566626753
756,0.012300068661355338,0.0058054513462038855
757,0.012299395106543657,0.005796660497996991
758,0.01229872358945104,0.005787893033126399
759,0.012298054101583996,0.005779148863534611
760,0.01229738663449391,0.005770427901624111
761,0.012296721179776753,0.005761730060254519
762,0.012296057729072794,0.0057530552527396426
763,0.01229539627406629,0.0057444033928445255
764,0.01229473680648526,0.005735774394782601
765,0.01229407931810114,0.005727168173212743
766,0.012293423800728506,0.005718584643236563
767,0.012292770246224823,0.005710023720395497
768,0.012292118646490139,0.005701485320668001
769,0.012291468993466831,0.005692969360466777
770,0.012290821279139313,0.005684475756636061
771,0.012290175495533788,0.005676004426448871
772,0.012289531634717908,0.00566755528760412
773,0.012288889688800615,0.005659128258224144
774,0.01228824964993179,0.005650723256851851
775,0.012287611510302037,0.005642340202448269
776,0.01228697526214239,0.005633979014389593
777,0.012286340897724044,0.00562563961246475
778,0.012285708409358165,0.005617321916872803
779,0.012285077789395573,0.005609025848220272
780,0.01228444903022647,0.00560075132751858
781,0.01228382212428026,0.005592498276181588
782,0.012283197064025237,0.005584266616022945
783,0.01228257384196838,0.005576056269253543
784,0.012281952450655081,0.005567867158479227
785,0.012281332882668883,0.005559699206698039
786,0.012280715130631283,0.005551552337297965
787,0.012280099187201488,0.00554342647405435
788,0.012279485045076123,0.005535321541127512
789,0.012278872696989051,0.005527237463060395
790,0.012278262135711104,0.0055191741647759715
791,0.012277653354049855,0.005511131571575175
792,0.012277046344849423,0.005503109609134147
793,0.012276441100990207,0.0054951082035023325
794,0.012275837615388611,0.005487127281099657
795,0.012275235880996925,0.005479166768714632
796,0.012274635890803045,0.005471226593501795
797,0.012274037637830217,0.00546330668297957
798,0.012273441115136896,0.00545540696502787
799,0.01227284631581641,0.005447527367885978
800,0.012272253232996884,0.0054396678201502555
801,0.01227166185984091,0.005431828250771798
802,0.012271072189545382,0.0054240085890544295
803,0.012270484215341283,0.005416208764652386
804,0.012269897930493438,0.005408428707568172
805,0.012269313328300367,0.005400668348150449
806,0.012268730402094002,0.005392927617091703
807,0.012268149145239543,0.005385206445426364
808,0.012267569551135246,0.0053775047645285
809,0.012266991613212123,0.0053698225061098006
810,0.012266415324933905,0.005362159602217436
811,0.012265840679796696,0.005354515985232071
812,0.012265267671328878,0.005346891587865678
813,0.012264696293090818,0.005339286343159567
814,0.012264126538674725,0.00533170018448235
815,0.012263558401704486,0.0053241330455279425
816,0.012262991875835407,0.005316584860313443
817,0.012262426954754048,0.00530905556317729
818,0.012261863632178054,0.0053015450887772125
819,0.012261301901855919,0.005294053372088191
820,0.012260741757566826,0.005286580348400718
821,0.012260183193120494,0.005279125953318613
822,0.012259626202356924,0.005271690122757222
823,0.012259070779146262,0.005264272792941483
824,0.012258516917388584,0.005256873900404098
825,0.012257964611013751,0.005249493381983561
826,0.0122574138539812,0.0052421311748222016
827,0.0122568646402798,0.005234787216364533
828,0.012256316963927623,0.005227461444355315
829,0.012255770818971837,0.005220153796837573
830,0.012255226199488429,0.005212864212150987
831,0.012254683099582152,0.0052055926289299986
832,0.012254141513386257,0.005198338986101914
833,0.012253601435062385,0.005191103222885339
834,0.012253062858800349,0.005183885278788147
835,0.012252525778818009,0.005176685093605926
836,0.012251990189361081,0.005169502607420036
837,0.012251456084702943,0.005162337760596122
838,0.012250923459144556,0.0051551904937820435
839,0.012250392307014177,0.005148060747906531
840,0.012249862622667331,0.005140948464177149
841,0.012249334400486539,0.005133853584078873
842,0.012248807634881214,0.005126776049372198
843,0.0122482823202875,0.005119715802091602
844,0.012247758451168109,0.005112672784543778
845,0.012247236022012113,0.005105646939306133
846,0.012246715027334891,0.00509863820922497
847,0.012246195461677887,0.005091646537414031
848,0.012245677319608482,0.005084671867252772
849,0.012245160595719895,0.005077714142384744
850,0.012244645284630913,0.005070773306716098
851,0.012244131380985852,0.005063849304413914
852,0.012243618879454361,0.005056942079904693
853,0.012243107774731294,0.005050051577872736
854,0.012242598061536521,0.005043177743258589
855,0.012242089734614815,0.005036320521257534
856,0.01224158278873573,0.005029479857318099
857,0.012241077218693395,0.0050226556971404365
858,0.012240573019306433,0.005015847986674863
859,0.012240070185417751,0.005009056672120396
860,0.012239568711894485,0.00500228169992319
861,0.012239068593627781,0.004995523016775068
862,0.012238569825532706,0.004988780569612075
863,0.012238072402548096,0.0049820543056131
864,0.012237576319636385,0.0049753441721981555
865,0.01223708157178355,0.004968650117027333
866,0.012236588153998855,0.004961972087998938
867,0.012236096061314846,0.0049553100332484
868,0.012235605288787161,0.004948663901146695
869,0.012235115831494354,0.004942033640299035
870,0.012234627684537857,0.004935419199543336
871,0.012234140843041716,0.004928820527948964
872,0.012233655302152634,0.004922237574815305
873,0.012233171057039704,0.0049156702896703906
874,0.01223268810289432,0.004909118622269593
875,0.012232206434930074,0.004902582522594097
876,0.012231726048382635,0.004896061940849903
877,0.012231246938509552,0.004889556827466127
878,0.012230769100590228,0.004883067133093866
879,0.012230292529925727,0.004876592808604907
880,0.012229817221838682,0.004870133805090329
881,0.01222934317167315,0.004863690073859178
882,0.012228870374794518,0.004857261566437361
883,0.012228398826589364,0.0048508482345662575
884,0.012227928522465343,0.004844450030201312
885,0.012227459457851099,0.004838066905511022
886,0.01222699162819606,0.004831698812875479
887,0.01222652502897042,0.004825345704885235
888,0.012226059655665,0.004819007534340095
889,0.012225595503791055,0.00481268425424766
890,0.012225132568880274,0.0048063758178224746
891,0.012224670846484553,0.0048000821784844735
892,0.01222421033217603,0.004793803289857956
893,0.0122237510215468,0.004787539105770272
894,0.012223292910208893,0.004781289580250854
895,0.01222283599379422,0.004775054667529747
896,0.012222380267954342,0.004768834322036606
897,0.012221925728360448,0.0047626284983995106
898,0.012221472370703165,0.004756437151443793
899,0.012221020190692607,0.004750260236190867
900,0.012220569184058033,0.0047440977078570526
901,0.012220119346547986,0.004737949521852629
902,0.012219670673929994,0.004731815633780391
903,0.012219223161990589,0.004725695999434816
904,0.012218776806535138,0.004719590574800782
905,0.012218331603387741,0.004713499316052581
906,0.012217887548391202,0.004707422179552622
907,0.012217444637406833,0.004701359121850573
908,0.012217002866314365,0.004695310099682191
909,0.012216562231011903,0.004689275069968147
910,0.012216122727415825,0.004683253989813066
911,0.012215684351460606,0.004677246816504412
912,0.012215247099098778,0.004671253507511515
913,0.012214810966300827,0.004665274020484324
914,0.012214375949055082,0.004659308313252702
915,0.012213942043367636,0.004653356343824931
916,0.012213509245262245,0.004647418070387144
917,0.012213077550780185,0.004641493451302001
918,0.012212646955980256,0.0046355824451078335
919,0.012212217456938582,0.0046296850105174165
920,0.012211789049748591,0.004623801106417259
921,0.012211361730520898,0.004617930691866459
922,0.012210935495383195,0.0046120737260956345
923,0.012210510340480178,0.004606230168506117
924,0.01221008626197347,0.004600399978668805
925,0.012209663256041486,0.004594583116323421
926,0.012209241318879401,0.004588779541377162
927,0.012208820446699006,0.004582989213904196
928,0.012208400635728658,0.004577212094144399
929,0.012207981882213155,0.004571448142502558
930,0.012207564182413694,0.004565697319547323
931,0.012207147532607748,0.00455995958601036
932,0.012206731929089004,0.004554234902785395
933,0.012206317368167222,0.004548523230927353
934,0.012205903846168258,0.0045428245316512395
935,0.012205491359433848,0.004537138766331529
936,0.01220507990432163,0.0045314658965010255
937,0.01220466947720502,0.004525805883850128
938,0.012204260074473082,0.004520158690225793
939,0.012203851692530543,0.0045145242776307645
940,0.012203444327797614,0.004508902608222613
941,0.012203037976709984,0.0045032936443129565
942,0.012202632635718715,0.00449769734836642
943,0.01220222830129012,0.004492113683000081
944,0.012201824969905723,0.004486542610982279
945,0.012201422638062186,0.004480984095231916
946,0.012201021302271242,0.004475438098817624
947,0.01220062095905952,0.004469904584956985
948,0.012200221604968609,0.00446438351701547
949,0.01219982323655485,0.004458874858505909
950,0.012199425850389377,0.004453378573087365
951,0.012199029443057943,0.004447894624564549
952,0.012198634011160892,0.004442422976886959
953,0.012198239551313073,0.0044369635941479335
954,0.012197846060143775,0.004431516440584084
955,0.01219745353429662,0.004426081480574208
956,0.012197061970429537,0.004420658678638821
957,0.012196671365214642,0.004415247999439122
958,0.0121962817153382,0.004409849407776277
959,0.01219589301750055,0.004404462868590692
960,0.012195505268415981,0.004399088346961201
961,0.012195118464812745,0.00439372580810435
962,0.01219473260343289,0.004388375217373477
963,0.012194347681032293,0.0043830365402582954
964,0.012193963694380482,0.004377709742383719
965,0.012193580640260668,0.0043723947895093745
966,0.01219319851546959,0.004367091647528779
967,0.012192817316817525,0.004361800282468708
968,0.012192437041128105,0.00435652066048837
969,0.012192057685238402,0.004351252747878542
970,0.01219167924599871,0.0043459965110611955
971,0.0121913017202726,0.004340751916588498
972,0.012190925104936749,0.0043355189311421165
973,0.012190549396880955,0.0043302975215327
974,0.012190174593008037,0.004325087654698906
975,0.012189800690233756,0.004319889297706965
976,0.012189427685486786,0.004314702417749851
977,0.012189055575708587,0.004309526982146454
978,0.012188684357853419,0.004304362958341285
979,0.012188314028888238,0.004299210313903386
980,0.012187944585792582,0.0042940690165258295
981,0.012187576025558623,0.004288939034025115
982,0.012187208345191004,0.004283820334340349
983,0.012186841541706845,0.0042787128855327015
984,0.012186475612135587,0.00427361665578467
985,0.012186110553519034,0.004268531613399462
986,0.012185746362911254,0.0042634577268003335
987,0.012185383037378456,0.004258394964529994
988,0.01218502057399907,0.0042533432952498096
989,0.012184658969863543,0.004248302687739316
990,0.01218429822207433,0.004243273110895585
991,0.012183938327745891,0.004238254533732476
992,0.012183579284004518,0.004233246925380111
993,0.012183221087988397,0.0042282502550842075
994,0.012182863736847455,0.004223264492205488
995,0.012182507227743371,0.004218289606219032
996,0.01218215155784945,0.004213325566713702
997,0.01218179672435062,0.004208372343391512
998,0.012181442724443362,0.004203429906066984
999,0.012181089555335613,0.004198498224666721
1000,0.012180737214246822,0.004193577269228508
1001,0.012180385698407716,0.0041886670099011165
1002,0.012180035005060414,0.004183767416943279
1003,0.01217968513145827,0.004178878460723487
1004,0.012179336074865864,0.004174000111719223
1005,0.012178987832558906,0.004169132340516341
1006,0.012178640401824245,0.004164275117808705
1007,0.012178293779959734,0.00415942841439732
1008,0.01217794796427427,0.004154592201190065
1009,0.012177602952087647,0.004149766449200922
1010,0.01217725874073056,0.0041449511295495334
1011,0.012176915327544528,0.004140146213460584
1012,0.012176572709881863,0.004135351672263316
1013,0.012176230885105633,0.00413056747739089
1014,0.012175889850589495,0.004125793600379911
1015,0.012175549603717818,0.004121030012869922
1016,0.012175210141885504,0.004116276686602718
1017,0.012174871462497981,0.004111533593422024
1018,0.012174533562971164,0.004106800705272797
1019,0.012174196440731372,0.004102077994200681
1020,0.012173860093215284,0.004097365432351715
1021,0.012173524517869913,0.0040926629919715634
1022,0.012173189712152557,0.004087970645405138
1023,0.012172855673530719,0.004083288365095949
1024,0.012172522399482069,0.004078616123585824
1025,0.012172189887494413,0.00407395389351419
1026,0.01217185813506561,0.004069301647617623
1027,0.012171527139703592,0.004064659358729456
1028,0.012171196898926224,0.004060026999779138
1029,0.012170867410261289,0.0040554045437918365
1030,0.01217053867124654,0.0040507919638878035
1031,0.012170210679429477,0.004046189233282217
1032,0.012169883432367438,0.004041596325284262
1033,0.01216955692762746,0.004037013213297012
1034,0.012169231162786348,0.0040324398708166806
1035,0.01216890613543048,0.00402787627143239
1036,0.012168581843155878,0.004023322388825533
1037,0.012168258283568148,0.0040187781967693
1038,0.012167935454282365,0.004014243669128355
1039,0.012167613352923101,0.004009718779858253
1040,0.012167291977124337,0.004005203503004937
1041,0.012166971324529447,0.0040006978127045175
1042,0.012166651392791146,0.00399620168318246
1043,0.012166332179571405,0.003991715088753452
1044,0.012166013682541483,0.0039872380038208696
1045,0.01216569589938184,0.003982770402876192
1046,0.012165378827782094,0.003978312260498681
1047,0.012165062465440957,0.003973863551355
1048,0.012164746810066244,0.0039694242501986075
1049,0.012164431859374804,0.003964994331869509
1050,0.012164117611092495,0.003960573771293614
1051,0.012163804062954042,0.0039561625434825715
1052,0.012163491212703189,0.003951760623533072
1053,0.012163179058092473,0.003947367986626624
1054,0.012162867596883273,0.003942984608029053
1055,0.01216255682684578,0.003938610463090052
1056,0.01216224674575887,0.003934245527242852
1057,0.012161937351410175,0.003929889776003783
1058,0.012161628641595978,0.003925543184971715
1059,0.012161320614121176,0.00392120572982799
1060,0.012161013266799223,0.003916877386335652
1061,0.012160706597452171,0.0039125581303392455
1062,0.012160400603910534,0.0039082479377643585
1063,0.012160095284013312,0.0039039467846172654
1064,0.01215979063560791,0.003899654646984533
1065,0.012159486656550129,0.0038953715010325266
1066,0.012159183344704122,0.003891097323007158
1067,0.012158880697942328,0.0038868320892334026
1068,0.012158578714145503,0.0038825757761149745
1069,0.012158277391202609,0.0038783283601338822
1070,0.012157976727010784,0.0038740898178500904
1071,0.012157676719475341,0.0038698601259012336
1072,0.012157377366509724,0.0038656392610020287
1073,0.01215707866603546,0.0038614271999440316
1074,0.0121567806159821,0.0038572239195953117
1075,0.012156483214287223,0.0038530293968999834
1076,0.012156186458896384,0.0038488436088778954
1077,0.01215589034776305,0.00384466653262432
1078,0.012155594878848626,0.0038404981453093894
1079,0.012155300050122346,0.0038363384241779665
1080,0.012155005859561306,0.003832187346549224
1081,0.012154712305150367,0.0038280448898162333
1082,0.012154419384882164,0.003823911031445559
1083,0.012154127096757054,0.0038197857489771585
1084,0.012153835438783078,0.0038156690200237394
1085,0.012153544408975942,0.0038115608222705883
1086,0.01215325400535894,0.0038074611334751817
1087,0.012152964225962999,0.003803369931466865
1088,0.01215267506882656,0.003799287194146463
1089,0.012152386531995591,0.0037952128994860005
1090,0.012152098613523524,0.0037911470255283398
1091,0.012151811311471304,0.003787089550386796
1092,0.012151524623907194,0.003783040452245015
1093,0.01215123854890692,0.0037789997093562767
1094,0.012150953084553523,0.003774967300043561
1095,0.01215066822893738,0.0037709432026989697
1096,0.012150383980156106,0.0037669273957834527
1097,0.01215010033631464,0.0037629198578265914
1098,0.012149817295525056,0.0037589205674261753
1099,0.012149534855906691,0.0037549295032478992
1100,0.012149253015585974,0.0037509466440250753
1101,0.012148971772696521,0.0037469719685582622
1102,0.012148691125378969,0.0037430054557151056
1103,0.012148411071781063,0.0037390470844298924
1104,0.012148131610057572,0.0037350968337032083
1105,0.012147852738370232,0.003731154682601759
1106,0.012147574454887771,0.0037272206102580197
1107,0.012147296757785862,0.0037232945958698958
1108,0.012147019645247028,0.0037193766187004875
1109,0.012146743115460743,0.0037154666580777474
1110,0.012146467166623279,0.0037115646933941985
1111,0.012146191796937697,0.0037076707041066256
1112,0.0121459170046139,0.003703784669735804
1113,0.012145642787868512,0.0036999065698662312
1114,0.01214536914492489,0.003696036384145751
1115,0.01214509607401306,0.0036921740922854214
1116,0.012144823573369724,0.0036883196740590566
1117,0.012144551641238274,0.003684473109303045
1118,0.012144280275868616,0.003680634377916082
1119,0.012144009475517307,0.003676803459858767
1120,0.012143739238447401,0.003672980335153505
1121,0.012143469562928508,0.00366916498388411
1122,0.01214320044723673,0.0036653573861955974
1123,0.01214293188965459,0.003661557522293796
1124,0.012142663888471095,0.0036577653724452065
1125,0.012142396441981632,0.003653980916976676
1126,0.01214212954848796,0.0036502041362751884
1127,0.012141863206298226,0.003646435010787446
1128,0.012141597413726857,0.003642673521019805
1129,0.012141332169094602,0.003638919647537844
1130,0.012141067470728472,0.0036351733709661985
1131,0.012140803316961726,0.003631434671988296
1132,0.012140539706133819,0.0036277035313460487
1133,0.012140276636590395,0.0036239799298397194
1134,0.012140014106683295,0.0036202638483274446
1135,0.012139752114770442,0.0036165552677251433
1136,0.012139490659215917,0.0036128541690063423
1137,0.01213922973838984,0.0036091605332016687
1138,0.012138969350668417,0.00360547434139889
1139,0.012138709494433847,0.003601795574742425
1140,0.012138450168074362,0.0035981242144332666
1141,0.012138191369984189,0.003594460241728646
1142,0.012137933098563442,0.003590803637941858
1143,0.012137675352218207,0.003587154384441882
1144,0.0121374181293605,0.00358351246265332
1145,0.012137161428408118,0.0035798778540561513
1146,0.012136905247784803,0.003576250540185243
1147,0.012136649585920077,0.0035726305026304505
1148,0.012136394441249254,0.003569017723036171
1149,0.012136139812213441,0.0035654121831011484
1150,0.01213588569725951,0.00356181386457834
1151,0.012135632094840023,0.0035582227492744903
1152,0.01213537900341326,0.0035546388190501547
1153,0.012135126421443192,0.003551062055819282
1154,0.012134874347399422,0.003547492441549042
1155,0.0121346227797572,0.0035439299582596035
1156,0.012134371716997362,0.003540374588023935
1157,0.012134121157606328,0.0035368263129676026
1158,0.012133871100076096,0.0035332851152684577
1159,0.012133621542904177,0.0035297509771564754
1160,0.0121333724845936,0.0035262238809135615
1161,0.0121331239236529,0.0035227038088733015
1162,0.012132875858596034,0.0035191907434207596
1163,0.012132628287942418,0.003515684666992254
1164,0.012132381210216928,0.0035121855620751543
1165,0.012132134623949764,0.003508693411207624
1166,0.01213188852767654,0.0035052081969785976
1167,0.012131642919938212,0.0035017299020272783
1168,0.012131397799281072,0.0034982585090431416
1169,0.012131153164256715,0.0034947940007656643
1170,0.012130909013421986,0.003491336359984148
1171,0.01213066534533903,0.00348788556953749
1172,0.01213042215857522,0.003484441612313871
1173,0.012130179451703136,0.003481004471250878
1174,0.012129937223300576,0.0034775741293349306
1175,0.012129695471950462,0.0034741505696013336
1176,0.012129454196240902,0.0034707337751339524
1177,0.01212921339476515,0.0034673237290650315
1178,0.012128973066121531,0.003463920414575066
1179,0.012128733208913478,0.003460523814892616
1180,0.012128493821749485,0.0034571339132939546
1181,0.012128254903243067,0.003453750693103028
1182,0.012128016452012825,0.0034503741376912984
1183,0.01212777846668228,0.0034470042304773677
1184,0.012127540945880005,0.0034436409549269695
1185,0.012127303888239498,0.0034402842945526944
1186,0.012127067292399192,0.00343693423291385
1187,0.012126831157002468,0.003433590753616155
1188,0.012126595480697574,0.0034302538403117805
1189,0.012126360262137653,0.003426923476698966
1190,0.012126125499980734,0.003423599646521909
1191,0.012125891192889609,0.0034202823335705663
1192,0.012125657339531998,0.0034169715216805664
1193,0.012125423938580314,0.0034136671947328956
1194,0.012125190988711811,0.003410369336653768
1195,0.012124958488608477,0.0034070779314145446
1196,0.012124726436957044,0.003403792963031355
1197,0.012124494832448988,0.003400514415565196
1198,0.012124263673780443,0.0033972422731213922
1199,0.012124032959652255,0.003393976519849908
1200,0.012123802688769923,0.003390717139944677
1201,0.012123572859843584,0.003387464117643773
1202,0.01212334347158802,0.0033842174372291163
1203,0.012123114522722588,0.0033809770830262854
1204,0.012122886011971232,0.0033777430394044063
1205,0.01212265793806251,0.003374515290775973
1206,0.012122430299729469,0.0033712938215966176
1207,0.01212220309570971,0.0033680786163650766
1208,0.012121976324745362,0.0033648696596228684
1209,0.012121749985583003,0.003361666935954314
1210,0.012121524076973754,0.0033584704299861622
1211,0.012121298597673106,0.0033552801263876234
1212,0.012121073546441078,0.003352096009870046
1213,0.012120848922042028,0.003348918065186931
1214,0.012120624723244768,0.0033457462771335996
1215,0.012120400948822475,0.0033425806305471687
1216,0.012120177597552715,0.0033394211103063374
1217,0.012119954668217355,0.0033362677013312014
1218,0.012119732159602613,0.003333120388583173
1219,0.01211951007049907,0.00332997915706479
1220,0.012119288399701536,0.0033268439918195457
1221,0.01211906714600913,0.0033237148779317388
1222,0.012118846308225205,0.0033205918005263665
1223,0.012118625885157396,0.003317474744768954
1224,0.012118405875617555,0.0033143636958653504
1225,0.012118186278421724,0.003311258639061698
1226,0.012117967092390151,0.003308159559644113
1227,0.012117748316347257,0.0033050664429387536
1228,0.012117529949121636,0.0033019792743114807
1229,0.012117311989545977,0.0032988980391678007
1230,0.012117094436457157,0.003295822722952748
1231,0.01211687728869612,0.0032927533111506953
1232,0.012116660545107912,0.0032896897892851955
1233,0.012116444204541658,0.0032866321429189066
1234,0.012116228265850564,0.0032835803576533535
1235,0.012116012727891819,0.0032805344191289177
1236,0.012115797589526687,0.003277494313024557
1237,0.012115582849620426,0.0032744600250577964
1238,0.012115368507042326,0.0032714315409844595
1239,0.012115154560665588,0.0032684088465986744
1240,0.012114941009367412,0.00326539192773262
1241,0.012114727852028955,0.0032623807702564316
1242,0.0121145150875353,0.0032593753600780664
1243,0.012114302714775413,0.0032563756831432405
1244,0.012114090732642201,0.0032533817254351083
1245,0.012113879140032443,0.003250393472974367
1246,0.012113667935846756,0.003247410911818919
1247,0.012113457118989656,0.0032444340280638386
1248,0.012113246688369468,0.003241462807841281
1249,0.012113036642898367,0.003238497237320264
1250,0.0121128269814923,0.0032355373027065717
1251,0.012112617703071012,0.0032325829902426504
1252,0.012112408806558068,0.003229634286207476
1253,0.012112200290880712,0.003226691176916389
1254,0.012111992154970023,0.0032237536487209834
1255,0.012111784397760764,0.0032208216880090213
1256,0.012111577018191433,0.003217895281204218
1257,0.012111370015204204,0.0032149744147663014
1258,0.01211116338774497,0.0032120590751906243
1259,0.012110957134763293,0.0032091492490082447
1260,0.01211075125521238,0.0032062449227857285
1261,0.012110545748049062,0.0032033460831250972
1262,0.012110340612233874,0.0032004527166635648
1263,0.012110135846730884,0.003197564810073517
1264,0.012109931450507807,0.0031946823500624594
1265,0.012109727422535957,0.0031918053233726956
1266,0.012109523761790161,0.003188933716781432
1267,0.012109320467248875,0.003186067517100499
1268,0.012109117537894032,0.003183206711176336
1269,0.012108914972711162,0.003180351285889801
1270,0.012108712770689277,0.0031775012281560653
1271,0.012108510930820895,0.003174656524924569
1272,0.012108309452102017,0.0031718171631788116
1273,0.012108108333532139,0.003168983129936381
1274,0.012107907574114203,0.003166154412248589
1275,0.012107707172854618,0.0031633309972006313
1276,0.012107507128763208,0.0031605128719112982
1277,0.012107307440853211,0.0031577000235329506
1278,0.012107108108141312,0.0031548924392513734
1279,0.012106909129647549,0.0031520901062856554
1280,0.012106710504395383,0.003149293011888101
1281,0.012106512231411593,0.0031465011433441646
1282,0.01210631430972636,0.003143714487972217
1283,0.012106116738373196,0.003140933033123527
1284,0.012105919516388904,0.003138156766182185
1285,0.012105722642813652,0.0031353856745649396
1286,0.012105526116690917,0.0031326197457210857
1287,0.012105329937067396,0.0031298589671323296
1288,0.012105134102993126,0.003127103326312858
1289,0.012104938613521401,0.0031243528108089724
1290,0.012104743467708765,0.003121607408199209
1291,0.012104548664614988,0.003118867106094074
1292,0.012104354203303079,0.003116131892136063
1293,0.012104160082839243,0.0031134017539995226
1294,0.012103966302292914,0.0031106766793904503
1295,0.012103772860736686,0.003107956656046508
1296,0.012103579757246359,0.003105241671736983
1297,0.012103386990900895,0.003102531714262454
1298,0.012103194560782377,0.0030998267714548943
1299,0.012103002465976086,0.003097126831177466
1300,0.012102810705570346,0.00309443188132455
1301,0.012102619278656673,0.003091741909821463
1302,0.012102428184329671,0.003089056904624544
1303,0.012102237421687,0.0030863768537209304
1304,0.012102046989829453,0.003083701745128416
1305,0.012101856887860854,0.003081031566895554
1306,0.012101667114888087,0.0030783663071014475
1307,0.012101477670021097,0.0030757059538555715
1308,0.012101288552372852,0.0030730504952977975
1309,0.012101099761059338,0.003070399919598264
1310,0.012100911295199539,0.003067754214957314
1311,0.012100723153915499,0.00306511336960528
1312,0.01210053533633216,0.003062477371802533
1313,0.012100347841577506,0.003059846209839316
1314,0.012100160668782443,0.003057219872035723
1315,0.012099973817080846,0.0030545983467414367
1316,0.012099787285609547,0.003051981622335895
1317,0.012099601073508307,0.0030493696872279136
1318,0.012099415179919758,0.0030467625298558525
1319,0.012099229603989476,0.0030441601386874155
1320,0.012099044344865952,0.0030415625022194507
1321,0.012098859401700522,0.0030389696089780896
1322,0.012098674773647417,0.003036381447518479
1323,0.01209849045986374,0.003033798006424753
1324,0.012098306459509418,0.0030312192743099566
1325,0.012098122771747244,0.003028645239815951
1326,0.012097939395742831,0.003026075891613304
1327,0.012097756330664617,0.0030235112184012775
1328,0.012097573575683848,0.0030209512089075735
1329,0.012097391129974553,0.0030183958518884934
1330,0.012097208992713576,0.003015845136128644
1331,0.012097027163080538,0.003013299050440926
1332,0.012096845640257764,0.003010757583666478
1333,0.012096664423430424,0.003008220724674556
1334,0.012096483511786382,0.003005688462362458
1335,0.012096302904516253,0.003003160785655448
1336,0.012096122600813346,0.0030006376835066888
1337,0.012095942599873722,0.0029981191448970874
1338,0.012095762900896154,0.0029956051588352992
1339,0.012095583503082062,0.002993095714357607
1340,0.01209540440563558,0.002990590800527857
1341,0.012095225607763528,0.0029880904064373353
1342,0.01209504710867535,0.0029855945212047615
1343,0.012094868907583163,0.002983103133976096
1344,0.012094691003701747,0.0029806162339245856
1345,0.012094513396248492,0.0029781338102506205
1346,0.012094336084443408,0.0029756558521816423
1347,0.012094159067509123,0.0029731823489720895
1348,0.012093982344670885,0.002970713289903326
1349,0.01209380591515651,0.0029682486642835524
1350,0.012093629778196432,0.0029657884614476574
1351,0.012093453933023609,0.002963332670757357
1352,0.012093278378873603,0.0029608812816008475
1353,0.012093103114984528,0.0029584342833928767
1354,0.012092928140597009,0.0029559916655746634
1355,0.012092753454954256,0.0029535534176137863
1356,0.012092579057301978,0.0029511195290041546
1357,0.012092404946888378,0.0029486899892658914
1358,0.01209223112296421,0.0029462647879452265
1359,0.012092057584782708,0.0029438439146144955
1360,0.012091884331599604,0.0029414273588720817
1361,0.012091711362673062,0.002939015110342179
1362,0.012091538677263779,0.0029366071586749472
1363,0.012091366274634866,0.002934203493546304
1364,0.012091194154051918,0.0029318041046577916
1365,0.012091022314782929,0.0029294089817367523
1366,0.012090850756098398,0.0029270181145359037
1367,0.012090679477271162,0.002924631492833585
1368,0.01209050847757654,0.0029222491064334866
1369,0.01209033775629222,0.002919870945164684
1370,0.012090167312698285,0.002917496998881537
1371,0.012089997146077235,0.0029151272574635704
1372,0.012089827255713911,0.0029127617108154753
1373,0.012089657640895557,0.0029104003488670247
1374,0.012089488300911779,0.0029080431615729316
1375,0.012089319235054487,0.00290569013891291
1376,0.012089150442617979,0.0029033412708914866
1377,0.012088981922898886,0.002900996547537933
1378,0.012088813675196135,0.0028986559589063736
1379,0.012088645698811034,0.002896319495075461
1380,0.012088477993047114,0.002893987146148482
1381,0.012088310557210245,0.0028916589022532596
1382,0.0120881433906086,0.0028893347535420594
1383,0.012087976492552643,0.002887014690191439
1384,0.012087809862355086,0.0028846987024024407
1385,0.012087643499330909,0.0028823867804001675
1386,0.012087477402797375,0.002880078914434085
1387,0.01208731157207394,0.002877775094777706
1388,0.012087146006482374,0.0028754753117285355
1389,0.012086980705346634,0.0028731795556080917
1390,0.012086815667992908,0.002870887816761907
1391,0.012086650893749605,0.002868600085559281
1392,0.012086486381947353,0.0028663163523932967
1393,0.01208632213191894,0.0028640366076808123
1394,0.012086158142999414,0.0028617608418623273
1395,0.01208599441452591,0.0028594890454019875
1396,0.012085830945837843,0.002857221208787414
1397,0.01208566773627673,0.002854957322529678
1398,0.012085504785186257,0.0028526973771633335
1399,0.012085342091912261,0.0028504413632462655
1400,0.012085179655802728,0.002848189271359677
1401,0.01208501747620781,0.002845941092107863
1402,0.012084855552479718,0.0028436968161184356
1403,0.012084693883972836,0.002841456434042011
1404,0.012084532470043648,0.002839219936552307
1405,0.012084371310050747,0.0028369873143459577
1406,0.012084210403354804,0.0028347585581425284
1407,0.01208404974931859,0.0028325336586844836
1408,0.012083889347306951,0.0028303126067370492
1409,0.01208372919668681,0.0028280953930881966
1410,0.012083569296827166,0.0028258820085485283
1411,0.012083409647099065,0.0028236724439513537
1412,0.01208325024687562,0.0028214666901524355
1413,0.01208309109553194,0.002819264738030103
1414,0.01208293219244522,0.002817066578485109
1415,0.012082773536994683,0.002814872202440571
1416,0.012082615128561501,0.002812681600841949
1417,0.012082456966528966,0.002810494764656936
1418,0.01208229905028231,0.002808311684875433
1419,0.012082141379208764,0.002806132352509501
1420,0.012081983952697562,0.002803956758593315
1421,0.012081826770139933,0.0028017848941830183
1422,0.012081669830929056,0.0027996167503567823
1423,0.01208151313446011,0.002797452318214684
1424,0.012081356680130217,0.0027952915888786083
1425,0.01208120046733844,0.0027931345534923254
1426,0.012081044495485829,0.002790981203221349
1427,0.012080888763975346,0.002788831529252763
1428,0.012080733272211914,0.002786685522795396
1429,0.012080578019602307,0.002784543175079701
1430,0.012080423005555339,0.002782404477357493
1431,0.012080268229481618,0.002780269420902237
1432,0.01208011369079375,0.0027781379970086575
1433,0.012079959388906162,0.0027760101969929577
1434,0.01207980532323525,0.0027738860121925397
1435,0.012079651493199221,0.002771765433966163
1436,0.012079497898218222,0.0027696484536936933
1437,0.012079344537714223,0.0027675350627761716
1438,0.01207919141111109,0.002765425252635738
1439,0.012079038517834532,0.0027633190147155697
1440,0.012078885857312125,0.0027612163404797697
1441,0.01207873342897325,0.002759117221413463
1442,0.012078581232249162,0.0027570216490225936
1443,0.012078429266572944,0.002754929614833883
1444,0.012078277531379494,0.0027528411103948927
1445,0.012078126026105494,0.002750756127273884
1446,0.012077974750189529,0.002748674657059754
1447,0.012077823703071882,0.002746596691362096
1448,0.012077672884194703,0.0027445222218108987
1449,0.012077522293001908,0.002742451240056833
1450,0.012077371928939196,0.0027403837377709263
1451,0.01207722179145407,0.002738319706644636
1452,0.012077071879995753,0.0027362591383898334
1453,0.012076922194015285,0.002734202024738543
1454,0.012076772732965419,0.002732148357443222
1455,0.012076623496300724,0.002730098128276362
1456,0.01207647448347745,0.0027280513290307623
1457,0.01207632569395363,0.0027260079515191997
1458,0.012076177127188996,0.002723967987574582
1459,0.012076028782645035,0.0027219314290497566
1460,0.012075880659784946,0.002719898267817608
1461,0.012075732758073648,0.0027178684957707955
1462,0.01207558507697775,0.0027158421048219536
1463,0.012075437615965589,0.0027138190869034217
1464,0.012075290374507195,0.002711799433967366
1465,0.012075143352074238,0.0027097831379856744
1466,0.012074996548140175,0.0027077701909497954
1467,0.012074849962180017,0.0027057605848708824
1468,0.01207470359367057,0.0027037543117795423
1469,0.012074557442090201,0.002701751363726035
1470,0.012074411506919014,0.002699751732779933
1471,0.012074265787638698,0.002697755411030333
1472,0.01207412028373266,0.0026957623905856723
1473,0.012073974994685918,0.0026937726635737
1474,0.012073829919985096,0.0026917862221414145
1475,0.012073685059118494,0.0026898030584550673
1476,0.012073540411576033,0.0026878231647001036
1477,0.012073395976849215,0.002685846533081026
1478,0.01207325175443119,0.0026838731558215772
1479,0.012073107743816721,0.0026819030251643153
1480,0.012072963944502135,0.002679936133371017
1481,0.012072820355985385,0.002677972472722224
1482,0.012072676977765996,0.002676012035517465
1483,0.012072533809345098,0.002674054814075157
1484,0.012072390850225375,0.0026721008007323708
1485,0.012072248099911122,0.0026701499878451743
1486,0.012072105557908134,0.0026682023677881313
1487,0.012071963223723838,0.0026662579329545617
1488,0.0120718210968672,0.002664316675756427
1489,0.012071679176848683,0.002662378588624283
1490,0.012071537463180385,0.0026604436640071346
1491,0.012071395955375859,0.0026585118943725826
1492,0.012071254652950255,0.0026565832722065907
1493,0.012071113555420189,0.0026546577900135662
1494,0.01207097266230388,0.002652735440316268
1495,0.012070831973120985,0.0026508162156557496
1496,0.012070691487392735,0.0026489001085913625
1497,0.012070551204641811,0.002646987111700665
1498,0.012070411124392458,0.0026450772175793343
1499,0.012070271246170366,0.0026431704188413234
1500,0.012070131569502747,0.0026412667081185353
1501,0.012069992093918257,0.0026393660780610253
1502,0.012069852818947086,0.002637468521336785
1503,0.012069713744120882,0.002635574030631801
1504,0.012069574868972723,0.002633682598649991
1505,0.012069436193037214,0.002631794218113113
1506,0.012069297715850366,0.002629908881760802
1507,0.012069159436949682,0.002628026582350448
1508,0.012069021355874072,0.0026261473126572097
1509,0.01206888347216396,0.0026242710654739193
1510,0.012068745785361119,0.0026223978336111014
1511,0.012068608295008807,0.002620527609896962
1512,0.01206847100065172,0.0026186603871771142
1513,0.012068333901835968,0.002616796158314949
1514,0.012068196998109047,0.0026149349161911192
1515,0.012068060289019888,0.0026130766537038694
1516,0.012067923774118859,0.002611221363768832
1517,0.012067787452957687,0.0026093690393190097
1518,0.012067651325089537,0.0026075196733046776
1519,0.012067515390068914,0.0026056732586935017
1520,0.012067379647451748,0.0026038297884703313
1521,0.012067244096795372,0.002601989255637245
1522,0.012067108737658448,0.0026001516532134406
1523,0.012066973569601057,0.0025983169742353125
1524,0.012066838592184596,0.0025964852117563225
1525,0.012066703804971905,0.002594656358846882
1526,0.012066569207527088,0.0025928304085945696
1527,0.012066434799415663,0.002591007354103818
1528,0.01206630058020452,0.002589187188496013
1529,0.012066166549461825,0.002587369904909376
1530,0.012066032706757117,0.002585555496499107
1531,0.012065899051661295,0.002583743956437013
1532,0.012065765583746547,0.0025819352779118676
1533,0.012065632302586409,0.002580129454129017
1534,0.01206549920775573,0.002578326478310575
1535,0.012065366298830692,0.0025765263436952537
1536,0.012065233575388752,0.0025747290435384593
1537,0.012065101037008735,0.0025729345711120225
1538,0.0120649686832707,0.0025711429197044413
1539,0.012064836513756049,0.0025693540826206415
1540,0.01206470452804747,0.0025675680531819702
1541,0.012064572725728914,0.002565784824726265
1542,0.01206444110638566,0.002564004390607686
1543,0.012064309669604232,0.002562226744196728
1544,0.012064178414972442,0.0025604518788801857
1545,0.012064047342079377,0.0025586797880611757
1546,0.012063916450515381,0.002556910465158922
1547,0.012063785739872058,0.0025551439036089374
1548,0.012063655209742292,0.002553380096862816
1549,0.012063524859720183,0.0025516190383882875
1550,0.01206339468940113,0.002549860721669101
1551,0.012063264698381709,0.0025481051402051844
1552,0.012063134886259808,0.002546352287512233
1553,0.012063005252634497,0.002544602157122098
1554,0.012062875797106097,0.0025428547425824736
1555,0.012062746519276166,0.0025411100374569356
1556,0.01206261741874747,0.002539368035324894
1557,0.012062488495123994,0.002537628729781614
1558,0.012062359748010945,0.0025358921144380425
1559,0.01206223117701473,0.0025341581829209973
1560,0.012062102781742967,0.0025324269288728757
1561,0.012061974561804464,0.0025306983459517946
1562,0.012061846516809287,0.002528972427831475
1563,0.012061718646368586,0.002527249168201242
1564,0.012061590950094785,0.0025255285607659705
1565,0.012061463427601466,0.0025238105992460478
1566,0.012061336078503402,0.0025220952773773423
1567,0.012061208902416524,0.0025203825889111454
1568,0.012061081898957932,0.0025186725276141924
1569,0.012060955067745922,0.00251696508726861
1570,0.012060828408399952,0.0025152602616717572
1571,0.012060701920540587,0.002513558044636463
1572,0.012060575603789628,0.002511858429990632
1573,0.012060449457769951,0.0025101614115775437
1574,0.012060323482105659,0.0025084669832556015
1575,0.012060197676421903,0.002506775138898431
1576,0.012060072040345081,0.0025050858723946598
1577,0.012059946573502645,0.002503399177648163
1578,0.012059821275523208,0.00250171504857778
1579,0.012059696146036507,0.002500033479117326
1580,0.012059571184673412,0.0024983544632157227
1581,0.012059446391065917,0.0024966779948367565
1582,0.012059321764847123,0.002495004067959128
1583,0.012059197305651234,0.00249333267657644
1584,0.012059073013113571,0.0024916638146971998
1585,0.012058948886870565,0.0024899974763445544
1586,0.01205882492655974,0.002488333655556642
1587,0.012058701131819729,0.0024866723463862106
1588,0.012058577502290238,0.0024850135429007607
1589,0.012058454037612102,0.0024833572391823816
1590,0.012058330737427172,0.0024817034293280185
1591,0.012058207601378462,0.002480052107448977
1592,0.01205808462911,0.0024784032676712663
1593,0.012057961820266935,0.00247675690413543
1594,0.012057839174495443,0.002475113010996489
1595,0.0120577166914428,0.0024734715824239477
1596,0.012057594370757352,0.002471832612601742
1597,0.01205747221208845,0.002470196095728239
1598,0.012057350215086556,0.0024685620260161455
1599,0.01205722837940318,0.0024669303976925672
1600,0.012057106704690852,0.002465301204998782
1601,0.012056985190603164,0.0024636744421905024
1602,0.012056863836794749,0.002462050103537584
1603,0.012056742642921283,0.002460428183324132
1604,0.012056621608639453,0.0024588086758483845
1605,0.012056500733607011,0.0024571915754227408
1606,0.012056380017482706,0.0024555768763737337
1607,0.012056259459926316,0.002453964573041963
1608,0.012056139060598657,0.002452354659781987
1609,0.012056018819161561,0.0024507471309625135
1610,0.012055898735277836,0.002449141980966171
1611,0.01205577880861135,0.002447539204189479
1612,0.012055659038826922,0.002445938795042958
1613,0.012055539425590442,0.002444340747950966
1614,0.012055419968568732,0.002442745057351689
1615,0.01205530066742963,0.002441151717697208
1616,0.012055181521842007,0.0024395607234533076
1617,0.012055062531475662,0.0024379720690995577
1618,0.012054943696001422,0.0024363857491292904
1619,0.012054825015091076,0.002434801758049455
1620,0.012054706488417402,0.0024332200903807192
1621,0.012054588115654137,0.0024316407406573706
1622,0.012054469896476001,0.0024300637034272454
1623,0.012054351830558694,0.0024284889732517955
1624,0.012054233917578854,0.002426916544706016
1625,0.012054116157214087,0.002425346412378385
1626,0.012053998549143009,0.002423778570870766
1627,0.01205388109304511,0.0024222130147986505
1628,0.01205376378860087,0.0024206497387907755
1629,0.012053646635491747,0.0024190887374892856
1630,0.012053529633400091,0.0024175300055497718
1631,0.012053412782009216,0.002415973537641049
1632,0.012053296081003398,0.002414419328445203
1633,0.012053179530067808,0.0024128673726576772
1634,0.012053063128888566,0.0024113176649869857
1635,0.012052946877152753,0.0024097702001550357
1636,0.012052830774548308,0.002408224972896691
1637,0.012052714820764168,0.0024066819779601117
1638,0.012052599015490141,0.0024051412101064205
1639,0.012052483358416953,0.0024036026641099735
1640,0.01205236784923625,0.0024020663347580767
1641,0.012052252487640636,0.002400532216850969
1642,0.012052137273323544,0.0023990003052020412
1643,0.01205202220597934,0.0023974705946375233
1644,0.012051907285303325,0.0023959430799965846
1645,0.012051792510991654,0.002394417756131335
1646,0.012051677882741385,0.0023928946179067306
1647,0.012051563400250487,0.0023913736602004846
1648,0.012051449063217829,0.002389854877903152
1649,0.012051334871343104,0.0023883382659181775
1650,0.012051220824326931,0.0023868238191615955
1651,0.012051106921870832,0.002385311532562217
1652,0.01205099316367716,0.0023838014010615282
1653,0.01205087954944915,0.0023822934196137064
1654,0.012050766078890931,0.0023807875831855308
1655,0.012050652751707499,0.0023792838867563604
1656,0.012050539567604678,0.0023777823253181463
1657,0.012050426526289187,0.0023762828938753804
1658,0.01205031362746858,0.0023747855874450123
1659,0.012050200870851305,0.0023732904010565943
1660,0.012050088256146625,0.0023717973297520036
1661,0.012049975783064668,0.002370306368585611
1662,0.012049863451316414,0.00236881751262415
1663,0.012049751260613683,0.0023673307569467687
1664,0.012049639210669101,0.0023658460966448974
1665,0.012049527301196223,0.0023643635268223253
1666,0.012049415531909333,0.0023628830425950357
1667,0.012049303902523636,0.002361404639091414
1668,0.012049192412755112,0.0023599283114519166
1669,0.012049081062320567,0.002358454054829309
1670,0.012048969850937665,0.002356981864388441
1671,0.012048858778324888,0.002355511735306328
1672,0.012048747844201515,0.0023540436627721697
1673,0.012048637048287653,0.0023525776419871212
1674,0.012048526390304194,0.0023511136681644957
1675,0.0120484158699729,0.002349651736529556
1676,0.012048305487016289,0.0023481918423196475
1677,0.012048195241157716,0.0023467339807840787
1678,0.012048085132121309,0.0023452781471839704
1679,0.012047975159632008,0.002343824336792546
1680,0.012047865323415567,0.0023423725448947787
1681,0.012047755623198514,0.002340922766787584
1682,0.012047646058708169,0.002339474997779639
1683,0.012047536629672636,0.0023380292331915144
1684,0.012047427335820841,0.0023365854683554963
1685,0.012047318176882447,0.002335143698615621
1686,0.012047209152587923,0.002333703919327701
1687,0.012047100262668496,0.00233226612585921
1688,0.012046991506856217,0.002330830313589245
1689,0.012046882884883823,0.002329396477908689
1690,0.01204677439648493,0.002327964614219836
1691,0.01204666604139383,0.0023265347179367785
1692,0.012046557819345612,0.002325106784484997
1693,0.01204644973007617,0.0023236808093015883
1694,0.012046341773322079,0.002322256787835208
1695,0.012046233948820718,0.002320834715545857
1696,0.012046126256310217,0.002319414587905148
1697,0.012046018695529456,0.002317996400395967
1698,0.012045911266218068,0.0023165801485127446
1699,0.012045803968116423,0.0023151658277611622
1700,0.012045696800965629,0.002313753433658314
1701,0.012045589764507569,0.0023123429617326317
1702,0.012045482858484818,0.0023109344075238052
1703,0.012045376082640747,0.00230952776658279
1704,0.012045269436719403,0.002308123034471822
1705,0.012045162920465606,0.0023067202067643114
1706,0.012045056533624872,0.0023053192790449023
1707,0.012044950275943484,0.0023039202469093654
1708,0.012044844147168415,0.0023025231059646337
1709,0.012044738147047367,0.0023011278518287295
1710,0.012044632275328785,0.002299734480130769
1711,0.012044526531761792,0.0022983429865109637
1712,0.012044420916096274,0.0022969533666205005
1713,0.012044315428082786,0.002295565616121629
1714,0.012044210067472636,0.0022941797306875113
1715,0.01204410483401778,0.0022927957060023935
1716,0.01204399972747094,0.0022914135377613267
1717,0.012043894747585493,0.002290033221670307
1718,0.01204378989411556,0.002288654753446229
1719,0.012043685166815933,0.0022872781288168415
1720,0.012043580565442105,0.0022859033435207155
1721,0.012043476089750258,0.002284530393307209
1722,0.012043371739497285,0.0022831592739365044
1723,0.01204326751444074,0.0022817899811794955
1724,0.01204316341433888,0.002280422510817838
1725,0.012043059438950654,0.0022790568586438424
1726,0.012042955588035673,0.002277693020460546
1727,0.01204285186135424,0.0022763309920816183
1728,0.012042748258667335,0.002274970769331367
1729,0.012042644779736615,0.0022736123480446937
1730,0.012042541424324406,0.002272255724067086
1731,0.012042438192193701,0.0022709008932545903
1732,0.012042335083108154,0.002269547851473778
1733,0.012042232096832115,0.0022681965946016996
1734,0.01204212923313059,0.002266847118525924
1735,0.012042026491769211,0.002265499419144446
1736,0.012041923872514305,0.0022641534923657273
1737,0.012041821375132851,0.002262809334108614
1738,0.012041718999392471,0.0022614669403023123
1739,0.012041616745061469,0.0022601263068863747
1740,0.01204151461190874,0.0022587874298107937
1741,0.012041412599703883,0.0022574503050357417
1742,0.012041310708217156,0.0022561149285317615
1743,0.012041208937219392,0.002254781296279603
1744,0.012041107286482135,0.002253449404270259
1745,0.012041005755777514,0.0022521192485049496
1746,0.012040904344878329,0.0022507908249951025
1747,0.01204080305355802,0.002249464129762283
1748,0.012040701881590628,0.0022481391588381598
1749,0.012040600828750884,0.002246815908264616
1750,0.012040499894814068,0.0022454943740935337
1751,0.01204039907955615,0.0022441745523868947
1752,0.012040298382753703,0.0022428564392167525
1753,0.012040197804183942,0.002241540030665097
1754,0.012040097343624656,0.002240225322824038
1755,0.01203999700085429,0.002238912311795571
1756,0.012039896775651922,0.0022376009936916873
1757,0.012039796667797201,0.002236291364634218
1758,0.012039696677070421,0.002234983420755008
1759,0.012039596803252471,0.002233677158195736
1760,0.012039497046124838,0.0022323725731079437
1761,0.012039397405469665,0.00223106966165293
1762,0.012039297881069626,0.0022297684200019573
1763,0.012039198472708078,0.0022284688443359184
1764,0.012039099180168905,0.00222717093084556
1765,0.012039000003236645,0.00222587467573137
1766,0.012038900941696379,0.0022245800752034852
1767,0.012038801995333857,0.0022232871254817643
1768,0.01203870316393535,0.0022219958227958055
1769,0.012038604447287757,0.002220706163384783
1770,0.01203850584517855,0.0022194181434975003
1771,0.01203840735739581,0.0022181317593923705
1772,0.012038308983728173,0.0022168470073373717
1773,0.012038210723964885,0.0022155638836100864
1774,0.012038112577895737,0.0022142823844975854
1775,0.012038014545311154,0.0022130025062964877
1776,0.012037916626002095,0.0022117242453128434
1777,0.012037818819760116,0.0022104475978621967
1778,0.012037721126377295,0.0022091725602695657
1779,0.012037623545646374,0.002207899128869335
1780,0.012037526077360599,0.002206627300005343
1781,0.012037428721313805,0.0022053570700307453
1782,0.012037331477300356,0.002204088435308096
1783,0.012037234345115232,0.002202821392209287
1784,0.012037137324553958,0.002201555937115448
1785,0.01203704041541261,0.002200292066417063
1786,0.012036943617487831,0.0021990297765138713
1787,0.012036846930576798,0.0021977690638148393
1788,0.01203675035447727,0.002196509924738121
1789,0.012036653888987564,0.0021952523557111623
1790,0.012036557533906537,0.002193996353170499
1791,0.01203646128903356,0.0021927419135618427
1792,0.012036365154168616,0.002191489033340043
1793,0.012036269129112188,0.0021902377089690755
1794,0.012036173213665308,0.002188987936921975
1795,0.012036077407629587,0.0021877397136808403
1796,0.012035981710807112,0.002186493035736867
1797,0.012035886123000548,0.0021852478995902196
1798,0.012035790644013123,0.0021840043017500657
1799,0.012035695273648539,0.0021827622387345998
1800,0.01203560001171108,0.002181521707070934
1801,0.012035504858005532,0.002180282703295103
1802,0.012035409812337229,0.0021790452239520987
1803,0.01203531487451201,0.002177809265595842
1804,0.012035220044336277,0.0021765748247889617
1805,0.012035125321616911,0.0021753418981031503
1806,0.012035030706161355,0.0021741104821187663
1807,0.012034936197777558,0.0021728805734250846
1808,0.012034841796273996,0.002171652168620087
1809,0.012034747501459631,0.002170425264310591
1810,0.012034653313143965,0.002169199857112117
1811,0.012034559231137052,0.002167975943648906
1812,0.01203446525524937,0.002166753520553901
1813,0.012034371385291986,0.0021655325844687746
1814,0.012034277621076445,0.0021643131320438097
1815,0.012034183962414784,0.0021630951599379816
1816,0.012034090409119588,0.0021618786648187876
1817,0.01203399696100392,0.0021606636433624334
1818,0.012033903617881335,0.0021594500922536407
1819,0.012033810379565902,0.0021582380081856933
1820,0.012033717245872178,0.002157027387860438
1821,0.012033624216615272,0.0021558182279882237
1822,0.012033531291610689,0.002154610525287866
1823,0.012033438470674543,0.002153404276486689
1824,0.012033345753623307,0.0021521994783204844
1825,0.012033253140274092,0.00215099612753342
1826,0.012033160630444397,0.0021497942208781535
1827,0.012033068223952214,0.0021485937551156643
1828,0.012032975920616088,0.0021473947270153402
1829,0.012032883720254984,0.002146197133354921
1830,0.012032791622688369,0.002145000970920447
1831,0.012032699627736222,0.0021438062365063382
1832,0.01203260773521893,0.0021426129269152194
1833,0.012032515944957438,0.0021414210389580786
1834,0.012032424256773113,0.0021402305694540598
1835,0.012032332670487833,0.002139041515230594
1836,0.01203224118592394,0.002137853873123353
1837,0.012032149802904207,0.0021366676399761086
1838,0.01203205852125195,0.00213548281264088
1839,0.012031967340790905,0.0021342993879778036
1840,0.012031876261345262,0.0021331173628551868
1841,0.012031785282739734,0.002131936734149389
1842,0.012031694404799464,0.0021307574987448927
1843,0.012031603627350037,0.0021295796535342883
1844,0.012031512950217559,0.0021284031954181175
1845,0.012031422373228523,0.002127228121305086
1846,0.01203133189620995,0.002126054428111813
1847,0.012031241518989261,0.002124882112762935
1848,0.012031151241394374,0.002123711172191059
1849,0.012031061063253629,0.002122541603336827
1850,0.012030970984395845,0.0021213734031486978
1851,0.012030881004650282,0.002120206568583084
1852,0.012030791123846637,0.0021190410966043564
1853,0.01203070134181509,0.0021178769841846334
1854,0.012030611658386205,0.0021167142283040744
1855,0.012030522073391085,0.002115552825950488
1856,0.01203043258666117,0.002114392774119644
1857,0.01203034319802842,0.002113234069815013
1858,0.012030253907325207,0.002112076710047933
1859,0.01203016471438435,0.0021109206918374077
1860,0.012030075619039099,0.002109766012210278
1861,0.012029986621123149,0.0021086126682010745
1862,0.0120298977204706,0.0021074606568520023
1863,0.012029808916916051,0.002106309975212961
1864,0.012029720210294472,0.00210516062034158
1865,0.012029631600441288,0.002104012589303047
1866,0.01202954308719234,0.00210286587917024
1867,0.012029454670383933,0.0021017204870236363
1868,0.01202936634985274,0.002100576409951285
1869,0.012029278125435935,0.0020994336450488
1870,0.012029189996971036,0.0020982921894194036
1871,0.012029101964296051,0.0020971520401738275
1872,0.012029014027249358,0.002096013194430266
1873,0.012028926185669805,0.002094875649314501
1874,0.012028838439396618,0.002093739401959765
1875,0.012028750788269442,0.0020926044495067136
1876,0.012028663232128369,0.0020914707891034816
1877,0.012028575770813885,0.002090338417905616
1878,0.012028488404166853,0.0020892073330761045
1879,0.012028401132028653,0.002088077531785238
1880,0.012028313954240947,0.0020869490112107674
1881,0.012028226870645899,0.0020858217685377893
1882,0.012028139881086052,0.0020846958009586446
1883,0.012028052985404322,0.0020835711056731107
1884,0.01202796618344411,0.0020824476798881547
1885,0.012027879475049127,0.002081325520818119
1886,0.012027792860063558,0.00208020462568453
1887,0.012027706338331962,0.0020790849917161633
1888,0.012027619909699295,0.0020779666161491093
1889,0.012027533574010905,0.002076849496226537
1890,0.012027447331112563,0.002075733629198933
1891,0.012027361180850434,0.0020746190123238214
1892,0.012027275123071035,0.002073505642865998
1893,0.012027189157621347,0.0020723935180973225
1894,0.012027103284348665,0.002071282635296802
1895,0.012027017503100737,0.002070172991750568
1896,0.012026931813725687,0.002069064584751732
1897,0.01202684621607201,0.0020679574116006408
1898,0.012026760709988591,0.0020668514696045312
1899,0.012026675295324717,0.0020657467560777224
1900,0.012026589971930061,0.0020646432683416108
1901,0.012026504739654642,0.002063541003724507
1902,0.012026419598348914,0.002062439959561696
1903,0.012026334547863686,0.0020613401331954864
1904,0.012026249588050146,0.0020602415219750873
1905,0.012026164718759863,0.002059144123256647
1906,0.012026079939844772,0.0020580479344032097
1907,0.01202599525115723,0.002056952952784721
1908,0.012025910652549904,0.0020558591757780013
1909,0.012025826143875875,0.002054766600766729
1910,0.012025741724988586,0.0020536752251414
1911,0.01202565739574189,0.0020525850462993762
1912,0.012025573155989934,0.0020514960616447864
1913,0.012025489005587291,0.0020504082685885556
1914,0.012025404944388892,0.0020493216645483393
1915,0.012025320972250016,0.0020482362469487264
1916,0.012025237089026333,0.0020471520132207964
1917,0.01202515329457386,0.002046068960802489
1918,0.012025069588748986,0.002044987087138406
1919,0.012024985971408459,0.002043906389679889
1920,0.0120249024424094,0.0020428268658849134
1921,0.012024819001609262,0.002041748513218058
1922,0.012024735648865888,0.0020406713291506264
1923,0.012024652384037451,0.002039595311160499
1924,0.012024569206982515,0.002038520456732163
1925,0.012024486117559944,0.002037446763356685
1926,0.012024403115629018,0.0020363742285317054
1927,0.012024320201049333,0.0020353028497614623
1928,0.01202423737368085,0.002034232624556637
1929,0.012024154633383875,0.0020331635504345297
1930,0.01202407198001907,0.0020320956249189038
1931,0.012023989413447442,0.0020310288455399387
1932,0.012023906933530342,0.002029963209834415
1933,0.01202382454012948,0.0020288987153455206
1934,0.012023742233106875,0.002027835359622829
1935,0.012023660012324954,0.0020267731402223987
1936,0.012023577877646446,0.0020257120547066887
1937,0.0120234958289344,0.002024652100644507
1938,0.012023413866052256,0.002023593275611035
1939,0.01202333198886376,0.002022535577187902
1940,0.012023250197233012,0.0020214790029629845
1941,0.012023168491024451,0.0020204235505305347
1942,0.012023086870102844,0.0020193692174910586
1943,0.012023005334333283,0.0020183160014514284
1944,0.01202292388358124,0.0020172639000247457
1945,0.012022842517712457,0.0020162129108304027
1946,0.01202276123659306,0.002015163031494006
1947,0.012022680040089466,0.0020141142596474216
1948,0.012022598928068461,0.0020130665929287204
1949,0.012022517900397154,0.0020120200289821285
1950,0.012022436956942944,0.002010974565458177
1951,0.012022356097573596,0.0020099302000134373
1952,0.012022275322157197,0.0020088869303107036
1953,0.012022194630562116,0.002007844754018836
1954,0.012022114022657132,0.0020068036688128932
1955,0.012022033498311276,0.0020057636723740135
1956,0.0120219530573939,0.002004724762389414
1957,0.012021872699774724,0.0020036869365524074
1958,0.012021792425323755,0.002002650192562331
1959,0.012021712233911342,0.0020016145281245468
1960,0.01202163212540812,0.0020005799409505195
1961,0.01202155209968504,0.0019995464287577086
1962,0.012021472156613424,0.001998513989269526
1963,0.012021392296064849,0.0019974826202153674
1964,0.012021312517911251,0.001996452319330648
1965,0.01202123282202484,0.0019954230843566866
1966,0.012021153208278151,0.001994394913040766
1967,0.012021073676544036,0.0019933678031360496
1968,0.012020994226695678,0.0019923417524016656
1969,0.012020914858606518,0.0019913167586026216
1970,0.01202083557215035,0.001990292819509696
1971,0.01202075636720126,0.0019892699328997124
1972,0.012020677243633622,0.001988248096555199
1973,0.012020598201322152,0.0019872273082645565
1974,0.012020519240141855,0.0019862075658219755
1975,0.012020440359968009,0.001985188867027534
1976,0.012020361560676252,0.001984171209686985
1977,0.012020282842142474,0.0019831545916119595
1978,0.012020204204242886,0.001982139010619728
1979,0.01202012564685399,0.001981124464533387
1980,0.01202004716985262,0.0019801109511817508
1981,0.012019968773115855,0.001979098468399337
1982,0.012019890456521094,0.0019780870140263386
1983,0.012019812219946057,0.001977076585908656
1984,0.01201973406326873,0.0019760671818978347
1985,0.012019655986367393,0.0019750587998511346
1986,0.012019577989120614,0.0019740514376313544
1987,0.012019500071407308,0.001973045093107028
1988,0.01201942223310657,0.001972039764152217
1989,0.012019344474097913,0.0019710354486466167
1990,0.012019266794261062,0.0019700321444754863
1991,0.012019189193476049,0.0019690298495296673
1992,0.012019111671623181,0.001968028561705571
1993,0.012019034228583069,0.0019670282789051086
1994,0.01201895686423662,0.0019660289990357047
1995,0.01201887957846499,0.0019650307200103673
1996,0.012018802371149662,0.001964033439747519
1997,0.012018725242172361,0.0019630371561711476
1998,0.012018648191415123,0.0019620418672105953
1999,0.012018571218760246,0.001961047570800784
2000,0.012018494324090336,0.001960054264881946
2001,0.012018417507288248,0.001959061947399888
2002,0.012018340768237117,0.001958070616305675
2003,0.012018264106820411,0.0019570802695558897
2004,0.01201818752292178,0.001956090905112422
2005,0.012018111016425248,0.0019551025209425623
2006,0.012018034587215034,0.00195411511501898
2007,0.01201795823517569,0.001953128685319614
2008,0.012017881960191991,0.0019521432298278327
2009,0.012017805762149038,0.0019511587465322045
2010,0.012017729640932154,0.0019501752334266946
2011,0.01201765359642698,0.0019491926885105086
2012,0.012017577628519412,0.0019482111097881391
2013,0.012017501737095567,0.0019472304952693129
2014,0.012017425922041903,0.0019462508429690466
2015,0.012017350183245092,0.001945272150907527
2016,0.012017274520592116,0.0019442944171102232
2017,0.012017198933970201,0.0019433176396077962
2018,0.012017123423266834,0.0019423418164360529
2019,0.012017047988369755,0.0019413669456360152
2020,0.012016972629167007,0.001940393025253887
2021,0.01201689734554686,0.0019394200533409814
2022,0.012016822137397874,0.0019384480279537558
2023,0.012016747004608844,0.0019374769471538318
2024,0.012016671947068831,0.001936506809007893
2025,0.012016596964667187,0.0019355376115877418
2026,0.012016522057293475,0.0019345693529702907
2027,0.012016447224837544,0.0019336020312374599
2028,0.012016372467189495,0.0019326356444762914
2029,0.012016297784239677,0.0019316701907788254
2030,0.012016223175878716,0.0019307056682421944
2031,0.012016148641997475,0.0019297420749684498
2032,0.012016074182487079,0.0019287794090647355
2033,0.012015999797238896,0.0019278176686431652
2034,0.012015925486144566,0.001926856851820845
2035,0.012015851249095946,0.0019258969567197682
2036,0.01201577708598519,0.0019249379814670043
2037,0.012015702996704668,0.0019239799241944683
2038,0.012015628981147004,0.001923022783039043
2039,0.012015555039205091,0.0019220665561425156
2040,0.012015481170772058,0.0019211112416515697
2041,0.01201540737574124,0.0019201568377178128
2042,0.012015333654006302,0.001919203342497669
2043,0.012015260005461098,0.0019182507541524727
2044,0.012015186429999701,0.0019172990708483878
2045,0.012015112927516532,0.0019163482907564352
2046,0.012015039497906138,0.0019153984120524208
2047,0.012014966141063394,0.0019144494329170318
2048,0.012014892856883353,0.001913501351535673
2049,0.012014819645261332,0.0019125541660986027
2050,0.012014746506092943,0.0019116078748008267
2051,0.012014673439273952,0.0019106624758421305
2052,0.012014600444700409,0.001909717967427006
2053,0.012014527522268587,0.0019087743477647055
2054,0.012014454671875022,0.0019078316150692367
2055,0.01201438189341646,0.0019068897675592702
2056,0.012014309186789878,0.0019059488034582415
2057,0.012014236551892528,0.001905008720994198
2058,0.012014163988621868,0.0019040695183999239
2059,0.012014091496875564,0.0019031311939128148
2060,0.012014019076551578,0.0019021937457749643
2061,0.012013946727548061,0.0019012571722330704
2062,0.01201387444976339,0.001900321471538454
2063,0.012013802243096191,0.0018993866419471225
2064,0.01201373010744534,0.0018984526817195856
2065,0.012013658042709909,0.0018975195891210144
2066,0.012013586048789202,0.0018965873624210714
2067,0.012013514125582762,0.001895655999894115
2068,0.012013442272990364,0.0018947254998189838
2069,0.012013370490911994,0.0018937958604790049
2070,0.01201329877924788,0.001892867080162137
2071,0.012013227137898456,0.0018919391571608113
2072,0.01201315556676441,0.0018910120897719434
2073,0.012013084065746643,0.0018900858762969733
2074,0.012013012634746257,0.0018891605150418282
2075,0.012012941273664576,0.0018882360043168723
2076,0.012012869982403206,0.0018873123424369533
2077,0.012012798760863913,0.0018863895277213595
2078,0.012012727608948686,0.001885467558493828
2079,0.012012656526559785,0.0018845464330824722
2080,0.01201258551359963,0.001883626149819894
2081,0.012012514569970881,0.0018827067070430405
2082,0.012012443695576441,0.00188178810309322
2083,0.0120123728903194,0.0018808703363162025
2084,0.012012302154103071,0.0018799534050620748
2085,0.012012231486830982,0.0018790373076852348
2086,0.012012160888406898,0.001878122042544519
2087,0.01201209035873475,0.0018772076080030011
2088,0.012012019897718764,0.0018762940024281284
2089,0.012011949505263284,0.0018753812241916403
2090,0.012011879181272934,0.0018744692716695646
2091,0.012011808925652546,0.0018735581432422536
2092,0.012011738738307102,0.0018726478372942555
2093,0.01201166861914187,0.0018717383522144717
2094,0.0120115985680623,0.0018708296863959948
2095,0.01201152858497404,0.0018699218382361186
2096,0.01201145866978297,0.0018690148061364987
2097,0.012011388822395136,0.0018681085885028867
2098,0.012011319042716859,0.0018672031837452783
2099,0.012011249330654611,0.0018662985902778352
2100,0.012011179686115082,0.0018653948065189925
2101,0.012011110109005185,0.0018644918308912668
2102,0.012011040599232024,0.0018635896618213398
2103,0.012010971156702915,0.0018626882977401055
2104,0.01201090178132537,0.0018617877370825443
2105,0.012010832473007117,0.0018608879782877651
2106,0.01201076323165607,0.0018599890197990307
2107,0.012010694057180365,0.0018590908600636755
2108,0.012010624949488315,0.0018581934975331123
2109,0.012010555908488457,0.0018572969306629562
2110,0.012010486934089511,0.0018564011579127039
2111,0.012010418026200434,0.0018555061777460523
2112,0.012010349184730323,0.0018546119886307093
2113,0.012010280409588509,0.0018537185890384526
2114,0.012010211700684524,0.0018528259774450344
2115,0.012010143057928083,0.0018519341523302504
2116,0.012010074481229106,0.0018510431121779288
2117,0.012010005970497735,0.001850152855475887
2118,0.01200993752564423,0.0018492633807158866
2119,0.01200986914657913,0.0018483746863937201
2120,0.012009800833213135,0.0018474867710090888
2121,0.012009732585457128,0.0018465996330657344
2122,0.012009664403222207,0.0018457132710712214
2123,0.012009596286419651,0.001844827683537186
2124,0.012009528234960905,0.0018439428689791119
2125,0.012009460248757684,0.0018430588259163228
2126,0.012009392327721807,0.0018421755528722234
2127,0.012009324471765304,0.0018412930483739612
2128,0.012009256680800467,0.001840411310952631
2129,0.01200918895473968,0.001839530339143177
2130,0.012009121293495571,0.001838650131484401
2131,0.012009053696980937,0.0018377706865189728
2132,0.012008986165108761,0.0018368920027934002
2133,0.012008918697792225,0.0018360140788580023
2134,0.012008851294944714,0.0018351369132669343
2135,0.012008783956479755,0.001834260504578157
2136,0.012008716682311084,0.0018333848513534146
2137,0.012008649472352634,0.0018325099521582732
2138,0.012008582326518491,0.0018316358055620546
2139,0.012008515244722962,0.0018307624101378522
2140,0.012008448226880509,0.0018298897644624973
2141,0.012008381272905778,0.0018290178671165865
2142,0.012008314382713624,0.001828146716684493
2143,0.012008247556219062,0.0018272763117542557
2144,0.012008180793337283,0.001826406650917654
2145,0.012008114093983661,0.0018255377327702114
2146,0.01200804745807378,0.001824669555911067
2147,0.012007980885523368,0.001823802118943138
2148,0.012007914376248341,0.0018229354204729862
2149,0.012007847930164803,0.0018220694591107713
2150,0.012007781547189006,0.0018212042334704568
2151,0.012007715227237429,0.0018203397421695123
2152,0.01200764897022669,0.0018194759838291244
2153,0.012007582776073595,0.0018186129570740828
2154,0.012007516644695154,0.0018177506605328321
2155,0.012007450576008464,0.0018168890928373668
2156,0.012007384569930921,0.0018160282526233265
2157,0.012007318626379979,0.0018151681385299267
2158,0.012007252745273365,0.0018143087491999381
2159,0.012007186926528902,0.001813450083279735
2160,0.01200712117006462,0.0018125921394192863
2161,0.012007055475798731,0.0018117349162720042
2162,0.01200698984364959,0.0018108784124949105
2163,0.012006924273535752,0.0018100226267486104
2164,0.012006858765375937,0.0018091675576971278
2165,0.012006793319088983,0.0018083132040080736
2166,0.01200672793459398,0.0018074595643525061
2167,0.012006662611810166,0.001806606637405034
2168,0.012006597350656885,0.0018057544218437341
2169,0.012006532151053729,0.0018049029163501027
2170,0.01200646701292044,0.0018040521196091726
2171,0.012006401936176843,0.0018032020303094152
2172,0.012006336920743087,0.0018023526471427267
2173,0.012006271966539347,0.0018015039688044669
2174,0.012006207073486016,0.0018006559939933815
2175,0.01200614224150368,0.0017998087214117088
2176,0.012006077470513028,0.0017989621497650201
2177,0.012006012760434961,0.0017981162777623392
2178,0.012005948111190556,0.0017972711041160485
2179,0.012005883522700999,0.0017964266275419178
2180,0.012005818994887688,0.001795582846759114
2181,0.012005754527672132,0.0017947397604901726
2182,0.012005690120976069,0.0017938973674609005
2183,0.012005625774721354,0.0017930556664005554
2184,0.012005561488830004,0.0017922146560416876
2185,0.01200549726322422,0.0017913743351201511
2186,0.012005433097826328,0.0017905347023751592
2187,0.012005368992558853,0.0017896957565492178
2188,0.012005304947344446,0.0017888574963881147
2189,0.012005240962105932,0.0017880199206409665
2190,0.012005177036766302,0.0017871830280601303
2191,0.012005113171248713,0.001786346817401261
2192,0.012005049365476413,0.0017855112874232983
2193,0.012004985619372896,0.001784676436888371
2194,0.012004921932861786,0.001783842264561949
2195,0.012004858305866803,0.0017830087692126701
2196,0.0120047947383119,0.001782175949612372
2197,0.012004731230121154,0.0017813438045362216
2198,0.012004667781218786,0.0017805123327625028
2199,0.012004604391529197,0.0017796815330727745
2200,0.01200454106097693,0.00177885140425167
2201,0.012004477789486658,0.0017780219450871844
2202,0.012004414576983247,0.0017771931543703356
2203,0.012004351423391693,0.001776365030895346
2204,0.012004288328637128,0.0017755375734596667
2205,0.012004225292644888,0.001774710780863829
2206,0.012004162315340414,0.001773884651911553
2207,0.0120040993966493,0.001773059185409631
2208,0.012004036536497313,0.0017722343801680333
2209,0.012003973734810358,0.0017714102349998201
2210,0.012003910991514476,0.0017705867487211792
2211,0.012003848306535893,0.0017697639201513936
2212,0.012003785679800946,0.0017689417481128176
2213,0.012003723111236155,0.0017681202314309048
2214,0.012003660600768134,0.0017672993689341735
2215,0.012003598148323696,0.0017664791594542652
2216,0.012003535753829788,0.0017656596018257537
2217,0.012003473417213511,0.0017648406948863743
2218,0.012003411138402064,0.0017640224374768736
2219,0.01200334891732286,0.0017632048284409545
2220,0.012003286753903412,0.001762387866625508
2221,0.012003224648071395,0.0017615715508802886
2222,0.012003162599754617,0.0017607558800581244
2223,0.01200310060888104,0.001759940853014829
2224,0.012003038675378766,0.001759126468609185
2225,0.01200297679917604,0.0017583127257030377
2226,0.012002914980201255,0.0017574996231611098
2227,0.012002853218382945,0.001756687159851154
2228,0.01200279151364978,0.001755875334643827
2229,0.012002729865930567,0.0017550641464127855
2230,0.012002668275154263,0.0017542535940346415
2231,0.012002606741249963,0.0017534436763888754
2232,0.012002545264146918,0.0017526343923579245
2233,0.012002483843774486,0.0017518257408272071
2234,0.012002422480062199,0.0017510177206849075
2235,0.012002361172939702,0.0017502103308222364
2236,0.012002299922336793,0.0017494035701332855
2237,0.0120022387281834,0.0017485974375149771
2238,0.012002177590409597,0.0017477919318671599
2239,0.012002116508945582,0.0017469870520925236
2240,0.012002055483721717,0.0017461827970966406
2241,0.012001994514668492,0.0017453791657879173
2242,0.012001933601716492,0.0017445761570776157
2243,0.012001872744796478,0.0017437737698798614
2244,0.012001811943839364,0.0017429720031115505
2245,0.01200175119877616,0.0017421708556924656
2246,0.01200169050953803,0.0017413703265452066
2247,0.012001629876056259,0.0017405704145951083
2248,0.012001569298262278,0.0017397711187703867
2249,0.01200150877608766,0.001738972438001995
2250,0.012001448309464088,0.0017381743712237064
2251,0.012001387898323406,0.001737376917372038
2252,0.012001327542597562,0.0017365800753863158
2253,0.01200126724221866,0.0017357838442085965
2254,0.012001206997118907,0.0017349882227836828
2255,0.012001146807230674,0.0017341932100591916
2256,0.012001086672486453,0.001733398804985368
2257,0.012001026592818854,0.001732605006515323
2258,0.012000966568160626,0.00173181181360474
2259,0.012000906598444662,0.001731019225212157
2260,0.012000846683603954,0.001730227240298725
2261,0.012000786823571648,0.0017294358578283627
2262,0.01200072701828099,0.0017286450767676363
2263,0.012000667267665403,0.0017278548960858316
2264,0.012000607571658429,0.0017270653147548718
2265,0.01200054793019368,0.0017262763317493907
2266,0.012000488343204945,0.0017254879460466765
2267,0.01200042881062614,0.0017247001566266858
2268,0.01200036933239129,0.0017239129624719999
2269,0.012000309908434547,0.001723126362567824
2270,0.012000250538690216,0.0017223403559020662
2271,0.012000191223092697,0.0017215549414652295
2272,0.01200013196157654,0.0017207701182503988
2273,0.01200007275407638,0.0017199858852533325
2274,0.01200001360052703,0.0017192022414723306
2275,0.011999954500863384,0.001718419185908393
2276,0.0119998954550205,0.0017176367175650025
2277,0.01199983646293351,0.0017168548354482877
2278,0.011999777524537696,0.0017160735385669402
2279,0.011999718639768482,0.0017152928259322176
2280,0.011999659808561394,0.0017145126965579553
2281,0.011999601030852083,0.0017137331494605113
2282,0.011999542306576282,0.001712954183658839
2283,0.011999483635669926,0.001712175798174413
2284,0.011999425018069032,0.0017113979920312182
2285,0.011999366453709711,0.0017106207642557905
2286,0.011999307942528226,0.0017098441138772105
2287,0.011999249484460966,0.0017090680399270163
2288,0.0119991910794444,0.0017082925414393531
2289,0.01199913272741519,0.0017075176174507086
2290,0.011999074428310025,0.001706743267000208
2291,0.011999016182065784,0.0017059694891293916
2292,0.011998957988619432,0.0017051962828823137
2293,0.011998899847908053,0.0017044236473054612
2294,0.011998841759868869,0.001703651581447817
2295,0.011998783724439209,0.001702880084360834
2296,0.011998725741556492,0.0017021091550983598
2297,0.01199866781115832,0.0017013387927167505
2298,0.011998609933182348,0.001700568996274766
2299,0.011998552107566347,0.001699799764833609
2300,0.01199849433424826,0.0016990310974569147
2301,0.0119984366131661,0.001698262993210744
2302,0.011998378944258016,0.0016974954511635133
2303,0.01199832132746225,0.0016967284703861016
2304,0.011998263762717188,0.001695962049951765
2305,0.011998206249961302,0.0016951961889361622
2306,0.011998148789133202,0.0016944308864173345
2307,0.011998091380171595,0.0016936661414756772
2308,0.011998034023015317,0.0016929019531939861
2309,0.0119979767176033,0.0016921383206573986
2310,0.011997919463874594,0.001691375242953448
2311,0.011997862261768376,0.0016906127191719726
2312,0.011997805111223895,0.0016898507484051956
2313,0.011997748012180577,0.0016890893297476434
2314,0.011997690964577921,0.0016883284622962002
2315,0.011997633968355507,0.001687568145150104
2316,0.011997577023453082,0.00168680837741083
2317,0.011997520129810485,0.001686049158182256
2318,0.011997463287367649,0.0016852904865704925
2319,0.01199740649606464,0.0016845323616839429
2320,0.011997349755841625,0.0016837747826334635
2321,0.011997293066638857,0.0016830177485319617
2322,0.01199723642839673,0.0016822612584948197
2323,0.011997179841055751,0.0016815053116395796
2324,0.011997123304556514,0.0016807499070861218
2325,0.01199706681883972,0.0016799950439564985
2326,0.011997010383846186,0.0016792407213751103
2327,0.011996953999516849,0.0016784869384685976
2328,0.011996897665792747,0.0016777336943657587
2329,0.01199684138261501,0.001676980988197779
2330,0.011996785149924876,0.001676228819097871
2331,0.011996728967663722,0.0016754771862016852
2332,0.011996672835772985,0.0016747260886469284
2333,0.011996616754194249,0.0016739755255736268
2334,0.011996560722869178,0.0016732254961239303
2335,0.011996504741739548,0.001672475999442263
2336,0.011996448810747259,0.0016717270346751421
2337,0.011996392929834258,0.0016709786009714085
2338,0.011996337098942695,0.001670230697481997
2339,0.011996281318014716,0.0016694833233600037
2340,0.011996225586992655,0.0016687364777607425
2341,0.011996169905818888,0.0016679901598416634
2342,0.011996114274435952,0.001667244368762392
2343,0.011996058692786443,0.0016664991036846953
2344,0.011996003160813064,0.0016657543637724863
2345,0.011995947678458666,0.0016650101481917887
2346,0.01199589224566614,0.0016642664561108153
2347,0.011995836862378496,0.001663523286699872
2348,0.0119957815285389,0.0016627806391313995
2349,0.011995726244090552,0.0016620385125799323
2350,0.01199567100897677,0.0016612969062221481
2351,0.011995615823140992,0.001660555819236786
2352,0.011995560686526758,0.0016598152508047255
2353,0.011995505599077663,0.0016590752001089104
2354,0.011995450560737458,0.0016583356663343544
2355,0.011995395571449992,0.0016575966486682395
2356,0.011995340631159148,0.001656858146299677
2357,0.011995285739809004,0.0016561201584200077
2358,0.011995230897343638,0.001655382684222507
2359,0.011995176103707305,0.0016546457229025667
2360,0.011995121358844327,0.0016539092736576172
2361,0.011995066662699129,0.001653173335687158
2362,0.01199501201521621,0.0016524379081926698
2363,0.011994957416340216,0.0016517029903777556
2364,0.011994902866015856,0.0016509685814479504
2365,0.011994848364187943,0.0016502346806108968
2366,0.011994793910801372,0.0016495012870761765
2367,0.01199473950580117,0.001648768400055456
2368,0.011994685149132458,0.0016480360187623427
2369,0.011994630840740398,0.0016473041424125152
2370,0.011994576580570303,0.0016465727702235902
2371,0.011994522368567571,0.0016458419014151804
2372,0.011994468204677684,0.0016451115352089107
2373,0.011994414088846238,0.0016443816708283474
2374,0.01199436002101889,0.0016436523074990635
2375,0.01199430600114144,0.0016429234444485798
2376,0.011994252029159729,0.0016421950809063879
2377,0.011994198105019727,0.0016414672161039377
2378,0.011994144228667517,0.0016407398492745823
2379,0.011994090400049204,0.0016400129796536956
2380,0.011994036619111064,0.0016392866064785267
2381,0.011993982885799424,0.0016385607289883272
2382,0.011993929200060725,0.0016378353464242346
2383,0.01199387556184146,0.001637110458029263
2384,0.011993821971088277,0.0016363860630484392
2385,0.011993768427747877,0.001635662160728663
2386,0.011993714931767043,0.0016349387503186976
2387,0.011993661483092678,0.0016342158310692822
2388,0.011993608081671778,0.0016334934022329943
2389,0.011993554727451401,0.0016327714630643086
2390,0.011993501420378711,0.0016320500128196797
2391,0.011993448160400972,0.001631329050757273
2392,0.01199339494746554,0.0016306085761372555
2393,0.01199334178151984,0.0016298885882216718
2394,0.011993288662511408,0.0016291690862743403
2395,0.01199323559038785,0.0016284500695610091
2396,0.011993182565096886,0.0016277315373492665
2397,0.011993129586586321,0.001627013488908521
2398,0.011993076654804017,0.0016262959235100708
2399,0.011993023769697958,0.0016255788404270415
2400,0.011992970931216235,0.0016248622389343345
2401,0.011992918139306955,0.0016241461183087976
2402,0.011992865393918396,0.0016234304778289502
2403,0.011992812694998889,0.0016227153167752604
2404,0.011992760042496829,0.0016220006344299497
2405,0.011992707436360715,0.0016212864300770827
2406,0.011992654876539175,0.0016205727030024766
2407,0.011992602362980853,0.0016198594524937922
2408,0.011992549895634542,0.0016191466778404378
2409,0.01199249747444908,0.0016184343783336428
2410,0.011992445099373417,0.001617722553266413
2411,0.011992392770356564,0.0016170112019335474
2412,0.011992340487347649,0.0016163003236315987
2413,0.011992288250295864,0.0016155899176588905
2414,0.0119922360591505,0.0016148799833154955
2415,0.01199218391386091,0.0016141705199032696
2416,0.011992131814376555,0.0016134615267258028
2417,0.01199207976064698,0.0016127530030884678
2418,0.011992027752621825,0.0016120449482983504
2419,0.011991975790250764,0.0016113373616642212
2420,0.011991923873483606,0.0016106302424967048
2421,0.011991872002270238,0.001609923590108069
2422,0.011991820176560593,0.0016092174038123562
2423,0.011991768396304753,0.001608511682925235
2424,0.011991716661452831,0.0016078064267642236
2425,0.01199166497195503,0.0016071016346484342
2426,0.011991613327761639,0.0016063973058987311
2427,0.011991561728823055,0.0016056934398376833
2428,0.011991510175089724,0.0016049900357895635
2429,0.011991458666512203,0.0016042870930803002
2430,0.011991407203041106,0.0016035846110374953
2431,0.011991355784627133,0.0016028825889905006
2432,0.01199130441122109,0.0016021810262702907
2433,0.01199125308277383,0.0016014799222095165
2434,0.011991201799236314,0.0016007792761425078
2435,0.01199115056055958,0.0016000790874052646
2436,0.011991099366694725,0.0015993793553354164
2437,0.011991048217592955,0.001598680079272264
2438,0.011990997113205549,0.0015979812585567186
2439,0.01199094605348385,0.0015972828925314175
2440,0.011990895038379294,0.0015965849805405614
2441,0.011990844067843395,0.0015958875219300257
2442,0.01199079314182777,0.0015951905160472854
2443,0.011990742260284069,0.0015944939622414632
2444,0.011990691423164048,0.0015937978598632727
2445,0.011990640630419559,0.0015931022082650642
2446,0.011990589882002484,0.0015924070068008295
2447,0.011990539177864853,0.0015917122548260946
2448,0.011990488517958682,0.0015910179516980644
2449,0.011990437902236169,0.0015903240967754782
2450,0.01199038733064951,0.001589630689418743
2451,0.011990336803151033,0.0015889377289897196
2452,0.011990286319693084,0.001588245214852031
2453,0.011990235880228137,0.001587553146370741
2454,0.011990185484708761,0.0015868615229125199
2455,0.011990135133087517,0.0015861703438456657
2456,0.011990084825317122,0.001585479608539993
2457,0.011990034561350347,0.0015847893163668636
2458,0.011989984341140032,0.001584099466699245
2459,0.011989934164639088,0.0015834100589116027
2460,0.011989884031800532,0.0015827210923800177
2461,0.011989833942577386,0.0015820325664820975
2462,0.011989783896922873,0.0015813444805969047
2463,0.011989733894790152,0.0015806568341051113
2464,0.011989683936132551,0.0015799696263889774
2465,0.01198963402090345,0.0015792828568321647
2466,0.011989584149056275,0.001578596524819937
2467,0.011989534320544584,0.0015779106297390722
2468,0.011989484535321955,0.0015772251709778324
2469,0.011989434793342043,0.0015765401479259998
2470,0.011989385094558627,0.0015758555599748867
2471,0.011989335438925514,0.0015751714065172847
2472,0.011989285826396617,0.0015744876869474658
2473,0.011989236256925887,0.0015738044006612148
2474,0.01198918673046737,0.0015731215470558405
2475,0.011989137246975187,0.0015724391255300884
2476,0.011989087806403533,0.0015717571354841881
2477,0.011989038408706642,0.0015710755763198138
2478,0.011988989053838902,0.0015703944474402215
2479,0.01198893974175469,0.00156971374825002
2480,0.011988890472408469,0.0015690334781553609
2481,0.011988841245754826,0.0015683536365637925
2482,0.011988792061748372,0.0015676742228843555
2483,0.01198874292034381,0.0015669952365275277
2484,0.011988693821495885,0.001566316676905263
2485,0.011988644765159477,0.0015656385434308986
2486,0.011988595751289476,0.0015649608355192846
2487,0.011988546779840877,0.0015642835525866553
2488,0.011988497850768711,0.0015636066940506752
2489,0.011988448964028123,0.0015629302593304884
2490,0.011988400119574307,0.001562254247846583
2491,0.011988351317362542,0.001561578659020932
2492,0.011988302557348141,0.0015609034922768965
2493,0.01198825383948652,0.0015602287470392307
2494,0.011988205163733164,0.0015595544227341505
2495,0.01198815653004362,0.0015588805187892211
2496,0.011988107938373497,0.0015582070346333763
2497,0.011988059388678477,0.0015575339696970955
2498,0.011988010880914335,0.0015568613234120488
2499,0.011987962415036892,0.001556189095211478
2500,0.011987913991002028,0.0015555172845298365
2501,0.011987865608765724,0.0015548458908031134
2502,0.011987817268284,0.0015541749134685696
2503,0.011987768969512955,0.0015535043519649104
2504,0.011987720712408754,0.0015528342057321057
2505,0.01198767249692766,0.0015521644742115767
2506,0.011987624323025949,0.0015514951568461142
2507,0.011987576190660001,0.0015508262530797969
2508,0.011987528099786269,0.001550157762358088
2509,0.01198748005036126,0.0015494896841278256
2510,0.011987432042341527,0.0015488220178371446
2511,0.011987384075683742,0.0015481547629355651
2512,0.011987336150344589,0.0015474879188739194
2513,0.011987288266280878,0.0015468214851043635
2514,0.01198724042344943,0.0015461554610803952
2515,0.011987192621807134,0.0015454898462568976
2516,0.01198714486131099,0.0015448246400899493
2517,0.011987097141918054,0.0015441598420370183
2518,0.011987049463585428,0.001543495451556929
2519,0.011987001826270266,0.0015428314681097592
2520,0.011986954229929833,0.0015421678911568901
2521,0.011986906674521413,0.0015415047201610395
2522,0.011986859160002396,0.0015408419545862007
2523,0.011986811686330203,0.0015401795938976887
2524,0.011986764253462356,0.001539517637562051
2525,0.011986716861356394,0.0015388560850472465
2526,0.01198666950996998,0.0015381949358223602
2527,0.011986622199260801,0.00153753418935788
2528,0.011986574929186606,0.0015368738451255316
2529,0.01198652769970521,0.0015362139025982952
2530,0.011986480510774545,0.0015355543612504464
2531,0.011986433362352524,0.0015348952205575294
2532,0.011986386254397194,0.0015342364799963506
2533,0.01198633918686662,0.0015335781390449384
2534,0.011986292159718945,0.0015329201971826507
2535,0.011986245172912385,0.00153226265389004
2536,0.01198619822640521,0.0015316055086489297
2537,0.011986151320155763,0.0015309487609423606
2538,0.011986104454122421,0.0015302924102546733
2539,0.01198605762826366,0.001529636456071387
2540,0.011986010842538001,0.001528980897879307
2541,0.011985964096904033,0.0015283257351664371
2542,0.011985917391320393,0.0015276709674220093
2543,0.0119858707257458,0.0015270165941365106
2544,0.011985824100139039,0.0015263626148016112
2545,0.011985777514458923,0.001525709028910246
2546,0.011985730968664357,0.00152505583595649
2547,0.011985684462714297,0.0015244030354356968
2548,0.011985637996567787,0.0015237506268444263
2549,0.011985591570183874,0.0015230986096803703
2550,0.01198554518352171,0.0015224469834425303
2551,0.011985498836540499,0.0015217957476310318
2552,0.011985452529199534,0.001521144901747181
2553,0.011985406261458085,0.0015204944452935306
2554,0.011985360033275586,0.0015198443777738153
2555,0.01198531384461146,0.0015191946986928676
2556,0.011985267695425227,0.0015185454075568611
2557,0.011985221585676446,0.0015178965038729756
2558,0.011985175515324747,0.0015172479871496415
2559,0.01198512948432981,0.0015165998568964923
2560,0.011985083492651398,0.0015159521126243101
2561,0.011985037540249295,0.0015153047538449772
2562,0.011984991627083389,0.0015146577800716184
2563,0.011984945753113603,0.0015140111908184687
2564,0.011984899918299916,0.0015133649856009543
2565,0.011984854122602362,0.0015127191639356247
2566,0.011984808365981064,0.001512073725340162
2567,0.011984762648396178,0.0015114286693334272
2568,0.011984716969807907,0.0015107839954354315
2569,0.011984671330176567,0.001510139703167253
2570,0.01198462572946246,0.0015094957920511872
2571,0.011984580167626007,0.0015088522616106257
2572,0.011984534644627627,0.0015082091113700965
2573,0.01198448916042789,0.0015075663408552129
2574,0.011984443714987324,0.0015069239495928085
2575,0.011984398308266557,0.0015062819371106893
2576,0.011984352940226288,0.0015056403029379162
2577,0.011984307610827262,0.0015049990466045968
2578,0.011984262320030272,0.001504358167641938
2579,0.011984217067796168,0.0015037176655822656
2580,0.011984171854085892,0.001503077539959055
2581,0.011984126678860386,0.0015024377903068203
2582,0.011984081542080686,0.0015017984161611812
2583,0.01198403644370792,0.001501159417058848
2584,0.011983991383703154,0.0015005207925376971
2585,0.011983946362027629,0.0014998825421365849
2586,0.011983901378642624,0.0014992446653955074
2587,0.011983856433509412,0.0014986071618555473
2588,0.011983811526589363,0.0014979700310588239
2589,0.011983766657843923,0.0014973332725486026
2590,0.011983721827234547,0.0014966968858691537
2591,0.011983677034722778,0.0014960608705658692
2592,0.011983632280270204,0.0014954252261851102
2593,0.011983587563838499,0.001494789952274456
2594,0.011983542885389314,0.0014941550483824238
2595,0.01198349824488445,0.0014935205140586241
2596,0.011983453642285688,0.0014928863488537394
2597,0.011983409077554907,0.001492252552319482
2598,0.011983364550654034,0.001491619124008608
2599,0.011983320061545025,0.001490986063474941
2600,0.011983275610189935,0.0014903533702733459
2601,0.01198323119655083,0.0014897210439596756
2602,0.011983186820589858,0.0014890890840909134
2603,0.011983142482269206,0.0014884574902249855
2604,0.011983098181551136,0.001487826261920905
2605,0.011983053918397928,0.0014871953987386998
2606,0.011983009692771955,0.0014865649002393985
2607,0.011982965504635621,0.0014859347659850752
2608,0.01198292135395138,0.0014853049955388703
2609,0.011982877240681753,0.0014846755884647869
2610,0.01198283316478932,0.0014840465443280364
2611,0.011982789126236687,0.0014834178626947038
2612,0.011982745124986536,0.0014827895431319535
2613,0.011982701161001603,0.0014821615852078779
2614,0.011982657234244659,0.0014815339884916702
2615,0.011982613344678539,0.0014809067525534516
2616,0.011982569492266141,0.0014802798769643793
2617,0.011982525676970383,0.0014796533612965745
2618,0.011982481898754288,0.001479027205123148
2619,0.011982438157580875,0.0014784014080182221
2620,0.011982394453413254,0.0014777759695568892
2621,0.011982350786214558,0.0014771508893152436
2622,0.011982307155948007,0.0014765261668703198
2623,0.01198226356257684,0.00147590180180017
2624,0.011982220006064349,0.0014752777936838067
2625,0.01198217648637391,0.0014746541421011882
2626,0.01198213300346893,0.0014740308466333206
2627,0.011982089557312853,0.0014734079068620622
2628,0.011982046147869201,0.0014727853223702873
2629,0.011982002775101537,0.0014721630927418774
2630,0.011981959438973452,0.00147154121756159
2631,0.01198191613944862,0.0014709196964152044
2632,0.011981872876490765,0.0014702985288893842
2633,0.01198182965006365,0.0014696777145718578
2634,0.01198178646013107,0.001469057253051167
2635,0.011981743306656906,0.001468437143916855
2636,0.011981700189605057,0.0014678173867594263
2637,0.011981657108939526,0.0014671979811702904
2638,0.011981614064624281,0.0014665789267418496
2639,0.011981571056623423,0.00146596022306732
2640,0.011981528084901058,0.0014653418697410186
2641,0.01198148514942133,0.0014647238663580372
2642,0.011981442250148498,0.0014641062125144806
2643,0.011981399387046785,0.0014634889078073458
2644,0.011981356560080526,0.001462871951834563
2645,0.011981313769214075,0.001462255344194948
2646,0.011981271014411864,0.0014616390844883031
2647,0.011981228295638332,0.0014610231723152672
2648,0.011981185612858006,0.0014604076072774117
2649,0.011981142966035422,0.0014597923889772462
2650,0.011981100355135216,0.0014591775170181467
2651,0.011981057780122034,0.0014585629910044229
2652,0.011981015240960584,0.001457948810541291
2653,0.011980972737615612,0.0014573349752347755
2654,0.011980930270051945,0.0014567214846919212
2655,0.011980887838234415,0.001456108338520602
2656,0.01198084544212791,0.0014554955363295609
2657,0.011980803081697402,0.0014548830777285076
2658,0.011980760756907882,0.001454270962327903
2659,0.011980718467724388,0.0014536591897392314
2660,0.011980676214112012,0.0014530477595747807
2661,0.011980633996035883,0.0014524366714477469
2662,0.01198059181346121,0.0014518259249721565
2663,0.011980549666353207,0.0014512155197629686
2664,0.011980507554677165,0.0014506054554359726
2665,0.01198046547839841,0.0014499957316078116
2666,0.01198042343748232,0.0014493863478960618
2667,0.011980381431894307,0.0014487773039190764
2668,0.011980339461599866,0.0014481685992961402
2669,0.01198029752656449,0.0014475602336473242
2670,0.011980255626753733,0.0014469522065936513
2671,0.011980213762133264,0.0014463445177569083
2672,0.011980171932668643,0.0014457371667597756
2673,0.011980130138325653,0.0014451301532257645
2674,0.011980088379070022,0.0014445234767792485
2675,0.011980046654867552,0.001443917137045427
2676,0.011980004965684046,0.0014433111336503643
2677,0.011979963311485448,0.001442705466220938
2678,0.011979921692237647,0.0014421001343848804
2679,0.011979880107906639,0.00144149513777073
2680,0.011979838558458454,0.0014408904760079195
2681,0.011979797043859158,0.0014402861487266222
2682,0.01197975556407488,0.0014396821555579156
2683,0.011979714119071764,0.0014390784961336466
2684,0.01197967270881603,0.0014384751700865254
2685,0.011979631333273923,0.001437872177050059
2686,0.011979589992411744,0.001437269516658579
2687,0.011979548686195846,0.0014366671885472522
2688,0.011979507414592592,0.0014360651923520137
2689,0.01197946617756844,0.0014354635277096153
2690,0.01197942497508986,0.0014348621942576836
2691,0.01197938380712337,0.0014342611916345754
2692,0.011979342673635538,0.0014336605194794725
2693,0.011979301574592989,0.0014330601774323849
2694,0.011979260509962366,0.001432460165134093
2695,0.011979219479710375,0.0014318604822261918
2696,0.011979178483803756,0.0014312611283510475
2697,0.0119791375222093,0.001430662103151854
2698,0.01197909659489383,0.00143006340627257
2699,0.011979055701824236,0.0014294650373579438
2700,0.01197901484296745,0.0014288669960535005
2701,0.011978974018290406,0.001428269282005583
2702,0.011978933227760152,0.001427671894861332
2703,0.01197889247134371,0.0014270748342685383
2704,0.011978851749008165,0.0014264780998759468
2705,0.011978811060720677,0.0014258816913329763
2706,0.011978770406448434,0.0014252856082898023
2707,0.011978729786158663,0.0014246898503974532
2708,0.011978689199818607,0.001424094417307639
2709,0.011978648647395597,0.0014234993086728908
2710,0.011978608128856986,0.0014229045241465057
2711,0.011978567644170159,0.0014223100633824763
2712,0.011978527193302578,0.0014217159260356482
2713,0.01197848677622171,0.0014211221117615888
2714,0.011978446392895093,0.0014205286202165664
2715,0.011978406043290268,0.0014199354510576931
2716,0.011978365727374882,0.0014193426039427616
2717,0.011978325445116553,0.0014187500785303375
2718,0.011978285196483012,0.0014181578744797505
2719,0.011978244981441967,0.0014175659914510833
2720,0.01197820479996121,0.0014169744291051018
2721,0.011978164652008556,0.0014163831871033708
2722,0.01197812453755189,0.0014157922651081899
2723,0.011978084456559094,0.0014152016627825398
2724,0.011978044408998119,0.0014146113797902224
2725,0.011978004394836969,0.0014140214157956667
2726,0.011977964414043633,0.0014134317704641638
2727,0.01197792446658624,0.0014128424434616178
2728,0.011977884552432854,0.0014122534344547172
2729,0.011977844671551668,0.001411664743110836
2730,0.011977804823910847,0.0014110763690981254
2731,0.011977765009478641,0.0014104883120854097
2732,0.011977725228223338,0.0014099005717422546
2733,0.01197768548011323,0.0014093131477389415
2734,0.011977645765116706,0.0014087260397464677
2735,0.011977606083202159,0.001408139247436522
2736,0.011977566434338015,0.001407552770481505
2737,0.011977526818492765,0.001406966608554543
2738,0.011977487235634942,0.0014063807613294978
2739,0.011977447685733094,0.001405795228480863
2740,0.011977408168755824,0.0014052100096839395
2741,0.011977368684671787,0.0014046251046145603
2742,0.01197732923344966,0.0014040405129494284
2743,0.011977289815058184,0.001403456234365847
2744,0.011977250429466091,0.0014028722685418768
2745,0.011977211076642204,0.001402288615156205
2746,0.011977171756555372,0.0014017052738882264
2747,0.011977132469174478,0.0014011222444180811
2748,0.011977093214468432,0.0014005395264265186
2749,0.01197705399240621,0.0013999571195950197
2750,0.011977014802956803,0.0013993750236057484
2751,0.011976975646089278,0.0013987932381415065
2752,0.011976936521772695,0.0013982117628858403
2753,0.011976897429976176,0.0013976305975229092
2754,0.011976858370668902,0.0013970497417376152
2755,0.011976819343820026,0.0013964691952154694
2756,0.011976780349398839,0.0013958889576426796
2757,0.011976741387374595,0.0013953090287061297
2758,0.011976702457716626,0.0013947294080933796
2759,0.011976663560394275,0.0013941500954926125
2760,0.011976624695376914,0.0013935710905927745
2761,0.011976585862634035,0.0013929923930833287
2762,0.011976547062135044,0.0013924140026545127
2763,0.011976508293849495,0.0013918359189971697
2764,0.011976469557746927,0.001391258141802817
2765,0.011976430853796936,0.001390680670763638
2766,0.01197639218196913,0.0013901035055724664
2767,0.011976353542233175,0.0013895266459227641
2768,0.011976314934558785,0.0013889500915086415
2769,0.011976276358915693,0.0013883738420248563
2770,0.011976237815273693,0.001387797897166867
2771,0.01197619930360258,0.0013872222566307419
2772,0.01197616082387222,0.001386646920113152
2773,0.01197612237605249,0.0013860718873114528
2774,0.011976083960113345,0.0013854971579236265
2775,0.011976045576024733,0.0013849227316482878
2776,0.011976007223756677,0.0013843486081846733
2777,0.011975968903279207,0.0013837747872327275
2778,0.011975930614562381,0.0013832012684929413
2779,0.011975892357576377,0.0013826280516664395
2780,0.011975854132291297,0.0013820551364550327
2781,0.011975815938677354,0.0013814825225610932
2782,0.011975777776704772,0.001380910209687685
2783,0.011975739646343823,0.0013803381975384308
2784,0.011975701547564813,0.001379766485817602
2785,0.011975663480338074,0.0013791950742301066
2786,0.011975625444633967,0.0013786239624814448
2787,0.011975587440422937,0.0013780531502777462
2788,0.011975549467675432,0.0013774826373257362
2789,0.011975511526361917,0.0013769124233327774
2790,0.011975473616452936,0.0013763425080068217
2791,0.011975435737919052,0.0013757728910564573
2792,0.011975397890730854,0.001375203572190848
2793,0.011975360074858957,0.001374634551119765
2794,0.011975322290274055,0.0013740658275536101
2795,0.011975284536946854,0.0013734974012033806
2796,0.011975246814848082,0.001372929271780652
2797,0.011975209123948533,0.0013723614389976183
2798,0.011975171464219015,0.001371793902567079
2799,0.011975133835630354,0.0013712266622023883
2800,0.01197509623815349,0.0013706597176175244
2801,0.011975058671759296,0.001370093068527086
2802,0.011975021136418764,0.0013695267146462116
2803,0.011974983632102849,0.0013689606556906197
2804,0.011974946158782607,0.0013683948913767072
2805,0.011974908716429106,0.001367829421421335
2806,0.011974871305013434,0.0013672642455420433
2807,0.011974833924506718,0.0013666993634569048
2808,0.011974796574880158,0.0013661347748845911
2809,0.011974759256104929,0.0013655704795443376
2810,0.011974721968152293,0.0013650064771559933
2811,0.011974684710993522,0.00136444276743993
2812,0.011974647484599912,0.0013638793501171214
2813,0.011974610288942832,0.0013633162249091378
2814,0.011974573123993658,0.0013627533915380769
2815,0.011974535989723789,0.0013621908497266403
2816,0.011974498886104688,0.001361628599198099
2817,0.011974461813107849,0.0013610666396762397
2818,0.011974424770704779,0.0013605049708854556
2819,0.011974387758867049,0.0013599435925507213
2820,0.011974350777566237,0.0013593825043975258
2821,0.011974313826773953,0.0013588217061519597
2822,0.01197427690646188,0.0013582611975406142
2823,0.011974240016601708,0.0013577009782907298
2824,0.011974203157165162,0.0013571410481300072
2825,0.011974166328123979,0.001356581406786784
2826,0.011974129529449986,0.0013560220539898687
2827,0.011974092761115007,0.001355462989468696
2828,0.011974056023090892,0.001354904212953173
2829,0.011974019315349546,0.0013543457241738377
2830,0.01197398263786291,0.0013537875228617285
2831,0.011973945990602926,0.0013532296087484295
2832,0.011973909373541619,0.001352671981566056
2833,0.01197387278665099,0.0013521146410472968
2834,0.011973836229903154,0.0013515575869253679
2835,0.011973799703270172,0.0013510008189340152
2836,0.011973763206724181,0.0013504443368075301
2837,0.011973726740237363,0.0013498881402807313
2838,0.011973690303781917,0.0013493322290889964
2839,0.011973653897330055,0.0013487766029682089
2840,0.011973617520854062,0.0013482212616547937
2841,0.011973581174326233,0.001347666204885716
2842,0.011973544857718905,0.0013471114323984246
2843,0.011973508571004442,0.001346556943930967
2844,0.011973472314155256,0.0013460027392218452
2845,0.011973436087143746,0.0013454488180101557
2846,0.011973399889942414,0.0013448951800354326
2847,0.011973363722523741,0.0013443418250378353
2848,0.011973327584860258,0.0013437887527579402
2849,0.011973291476924521,0.0013432359629369057
2850,0.011973255398689141,0.0013426834553164138
2851,0.011973219350126747,0.001342131229638571
2852,0.011973183331209994,0.001341579285646127
2853,0.011973147341911572,0.001341027623082269
2854,0.011973111382204213,0.0013404762416906935
2855,0.011973075452060682,0.0013399251412156113
2856,0.011973039551453755,0.001339374321401779
2857,0.011973003680356248,0.001338823781994406
2858,0.011972967838741055,0.0013382735227392504
2859,0.011972932026581028,0.001337723543382585
2860,0.011972896243849099,0.0013371738436710795
2861,0.011972860490518222,0.0013366244233520513
2862,0.011972824766561366,0.0013360752821732357
2863,0.01197278907195157,0.0013355264198828644
2864,0.011972753406661863,0.0013349778362296845
2865,0.011972717770665322,0.0013344295309629711
2866,0.011972682163935081,0.0013338815038323694
2867,0.01197264658644426,0.00133333375458824
2868,0.011972611038166025,0.0013327862829812015
2869,0.011972575519073615,0.0013322390887624913
2870,0.011972540029140237,0.0013316921716838368
2871,0.011972504568339178,0.0013311455314973751
2872,0.011972469136643724,0.001330599167955811
2873,0.011972433734027215,0.0013300530808123107
2874,0.011972398360463007,0.0013295072698205023
2875,0.011972363015924498,0.0013289617347344961
2876,0.011972327700385102,0.0013284164753089515
2877,0.011972292413818298,0.001327871491298867
2878,0.011972257156197562,0.0013273267824599098
2879,0.011972221927496403,0.0013267823485480143
2880,0.01197218672768837,0.0013262381893197786
2881,0.011972151556747048,0.0013256943045321474
2882,0.011972116414646048,0.0013251506939426
2883,0.011972081301359017,0.0013246073573090933
2884,0.011972046216859608,0.0013240642943900024
2885,0.011972011161121548,0.0013235215049442084
2886,0.011971976134118562,0.0013229789887310608
2887,0.01197194113582439,0.0013224367455103839
2888,0.011971906166212857,0.0013218947750424225
2889,0.011971871225257773,0.0013213530770879338
2890,0.011971836312932999,0.0013208116514081068
2891,0.011971801429212415,0.0013202704977646204
2892,0.011971766574069941,0.0013197296159195998
2893,0.011971731747479519,0.0013191890056356177
2894,0.011971696949415111,0.0013186486666757183
2895,0.01197166217985076,0.0013181085988033892
2896,0.01197162743876047,0.0013175688017826115
2897,0.011971592726118311,0.0013170292753777618
2898,0.011971558041898398,0.0013164900193537187
2899,0.01197152338607483,0.0013159510334757969
2900,0.011971488758621786,0.0013154123175096982
2901,0.011971454159513433,0.0013148738712217042
2902,0.011971419588724002,0.0013143356943784502
2903,0.011971385046227719,0.001313797786747069
2904,0.01197135053199887,0.0013132601480950314
2905,0.011971316046011761,0.0013127227781903992
2906,0.011971281588240734,0.0013121856768015764
2907,0.011971247158660124,0.00131164884369747
2908,0.011971212757244354,0.001311112278647376
2909,0.011971178383967827,0.0013105759814210547
2910,0.011971144038804995,0.0013100399517887145
2911,0.011971109721730343,0.001309504189520993
2912,0.01197107543271839,0.0013089686943889198
2913,0.01197104117174366,0.001308433466164045
2914,0.011971006938780716,0.0013078985046182756
2915,0.011970972733804172,0.001307363809523986
2916,0.011970938556788647,0.001306829380653989
2917,0.011970904407708816,0.001306295217781491
2918,0.011970870286539304,0.0013057613206801785
2919,0.011970836193254902,0.0013052276891241054
2920,0.011970802127830277,0.0013046943228878258
2921,0.011970768090240254,0.0013041612217462282
2922,0.011970734080459604,0.0013036283854747162
2923,0.011970700098463162,0.0013030958138490357
2924,0.011970666144225784,0.0013025635066453859
2925,0.011970632217722373,0.0013020314636404417
2926,0.01197059831892779,0.0013014996846112184
2927,0.011970564447817035,0.0013009681693351815
2928,0.011970530604365056,0.0013004369175902068
2929,0.011970496788546834,0.001299905929154598
2930,0.011970463000337425,0.0012993752038070476
2931,0.01197042923971186,0.0012988447413267092
2932,0.011970395506645248,0.0012983145414930957
2933,0.011970361801112678,0.0012977846040861615
2934,0.011970328123089293,0.0012972549288862646
2935,0.011970294472550276,0.0012967255156741942
2936,0.011970260849470808,0.0012961963642310773
2937,0.011970227253826108,0.0012956674743385519
2938,0.011970193685591443,0.0012951388457785558
2939,0.011970160144742085,0.0012946104783334972
2940,0.011970126631253334,0.0012940823717862058
2941,0.01197009314510055,0.0012935545259198473
2942,0.011970059686259074,0.001293026940518023
2943,0.011970026254704294,0.0012924996153647417
2944,0.01196999285041164,0.001291972550244389
2945,0.011969959473356545,0.0012914457449417877
2946,0.011969926123514503,0.0012909191992421258
2947,0.011969892800860993,0.0012903929129309763
2948,0.011969859505371572,0.0012898668857943673
2949,0.011969826237021773,0.0012893411176186159
2950,0.011969792995787152,0.0012888156081905403
2951,0.011969759781643378,0.0012882903572972817
2952,0.011969726594566063,0.0012877653647263964
2953,0.011969693434530864,0.0012872406302658686
2954,0.011969660301513467,0.0012867161537039797
2955,0.011969627195489625,0.001286191934829476
2956,0.011969594116435051,0.0012856679734314538
2957,0.01196956106432552,0.0012851442692994033
2958,0.011969528039136854,0.0012846208222232211
2959,0.01196949504084486,0.0012840976319931374
2960,0.011969462069425417,0.001283574698399817
2961,0.011969429124854374,0.0012830520212342921
2962,0.011969396207107668,0.0012825296002879428
2963,0.011969363316161209,0.0012820074353525506
2964,0.011969330451990966,0.0012814855262202763
2965,0.011969297614572957,0.0012809638726836803
2966,0.011969264803883157,0.0012804424745356472
2967,0.01196923201989761,0.001279921331569496
2968,0.011969199262592399,0.0012794004435788561
2969,0.011969166531943623,0.0012788798103577812
2970,0.011969133827927395,0.0012783594317006886
2971,0.011969101150519851,0.001277839307402347
2972,0.011969068499697175,0.0012773194372578912
2973,0.011969035875435581,0.0012767998210628678
2974,0.011969003277711275,0.0012762804586131376
2975,0.011968970706500508,0.0012757613497049699
2976,0.01196893816177958,0.0012752424941349751
2977,0.01196890564352478,0.0012747238917001236
2978,0.011968873151712432,0.001274205542197835
2979,0.011968840686318911,0.001273687445425708
2980,0.011968808247320585,0.0012731696011818686
2981,0.01196877583469388,0.0012726520092647855
2982,0.011968743448415206,0.0012721346694732113
2983,0.01196871108846106,0.0012716175816063003
2984,0.01196867875480789,0.0012711007454635857
2985,0.011968646447432224,0.0012705841608449348
2986,0.011968614166310614,0.0012700678275505534
2987,0.011968581911419605,0.0012695517453810397
2988,0.011968549682735793,0.0012690359141373125
2989,0.0119685174802358,0.0012685203336206636
2990,0.01196848530389626,0.001268005003632737
2991,0.011968453153693843,0.0012674899239755494
2992,0.01196842102960523,0.0012669750944514374
2993,0.011968388931607163,0.0012664605148630303
2994,0.011968356859676363,0.0012659461850134494
2995,0.011968324813789588,0.0012654321047060328
2996,0.011968292793923679,0.0012649182737445499
2997,0.011968260800055421,0.0012644046919330562
2998,0.011968228832161644,0.0012638913590760036
2999,0.011968196890219256,0.0012633782749781326
3000,0.011968164974205104,0.001262865439444579
3001,0.011968133084096172,0.0012623528522808058
3002,0.011968101219869336,0.0012618405132925846
3003,0.011968069381501611,0.001261328422286055
3004,0.011968037568969987,0.0012608165790677403
3005,0.011968005782251477,0.0012603049834443865
3006,0.011967974021323125,0.0012597936352231943
3007,0.011967942286161999,0.0012592825342116374
3008,0.011967910576745207,0.00125877168021756
3009,0.011967878893049842,0.001258261073049089
3010,0.011967847235053085,0.0012577507125147726
3011,0.011967815602732074,0.0012572405984233616
3012,0.011967783996064005,0.0012567307305840637
3013,0.01196775241502613,0.0012562211088063765
3014,0.011967720859595658,0.0012557117329001024
3015,0.011967689329749858,0.0012552026026754017
3016,0.011967657825466044,0.001254693717942758
3017,0.01196762634672152,0.0012541850785129753
3018,0.01196759489349362,0.0012536766841971794
3019,0.011967563465759716,0.001253168534806842
3020,0.011967532063497198,0.0012526606301537537
3021,0.011967500686683504,0.0012521529700500068
3022,0.011967469335296046,0.0012516455543080428
3023,0.011967438009312275,0.00125113838274064
3024,0.011967406708709705,0.0012506314551608202
3025,0.011967375433465844,0.0012501247713820488
3026,0.01196734418355821,0.0012496183312180088
3027,0.011967312958964381,0.0012491121344827493
3028,0.01196728175966194,0.0012486061809906335
3029,0.011967250585628489,0.001248100470556285
3030,0.011967219436841663,0.0012475950029947717
3031,0.011967188313279104,0.0012470897781213463
3032,0.011967157214918518,0.0012465847957516757
3033,0.011967126141737588,0.0012460800557016407
3034,0.011967095093714051,0.001245575557787517
3035,0.01196706407082565,0.0012450713018258561
3036,0.011967033073050169,0.0012445672876335516
3037,0.01196700210036541,0.0012440635150277773
3038,0.011966971152749183,0.0012435599838260083
3039,0.01196694023017934,0.001243056693846083
3040,0.011966909332633755,0.0012425536449060881
3041,0.011966878460090334,0.0012420508368244428
3042,0.011966847612526955,0.0012415482694198834
3043,0.0119668167899216,0.0012410459425114346
3044,0.011966785992252219,0.001240543855918402
3045,0.011966755219496783,0.0012400420094604854
3046,0.011966724471633322,0.001239540402957595
3047,0.011966693748639875,0.001239039036229982
3048,0.011966663050494479,0.001238537909098181
3049,0.011966632377175232,0.0012380370213830613
3050,0.011966601728660221,0.0012375363729057443
3051,0.011966571104927612,0.0012370359634877347
3052,0.011966540505955508,0.0012365357929507363
3053,0.011966509931722116,0.0012360358611167917
3054,0.011966479382205622,0.0012355361678082375
3055,0.011966448857384232,0.0012350367128477586
3056,0.011966418357236216,0.0012345374960582448
3057,0.011966387881739819,0.0012340385172629465
3058,0.011966357430873358,0.001233539776285375
3059,0.0119663270046151,0.0012330412729493494
3060,0.011966296602943419,0.0012325430070789995
3061,0.011966266225836663,0.001232044978498669
3062,0.011966235873273211,0.0012315471870331005
3063,0.011966205545231461,0.0012310496325072782
3064,0.011966175241689848,0.0012305523147464429
3065,0.011966144962626813,0.0012300552335761457
3066,0.01196611470802083,0.00122955838882227
3067,0.011966084477850402,0.0012290617803109344
3068,0.01196605427209404,0.0012285654078685565
3069,0.011966024090730287,0.0012280692713218307
3070,0.011965993933737689,0.0012275733704977415
3071,0.011965963801094858,0.0012270777052235968
3072,0.011965933692780373,0.0012265822753269435
3073,0.011965903608772897,0.0012260870806355796
3074,0.011965873549051055,0.0012255921209776903
3075,0.011965843513593527,0.0012250973961816524
3076,0.011965813502379014,0.0012246029060761273
3077,0.011965783515386243,0.0012241086504901088
3078,0.011965753552593947,0.0012236146292528107
3079,0.011965723613980876,0.0012231208421937803
3080,0.01196569369952585,0.0012226272891427794
3081,0.011965663809207638,0.001222133969929932
3082,0.011965633943005103,0.0012216408843855392
3083,0.01196560410089708,0.0012211480323402403
3084,0.011965574282862462,0.001220655413624958
3085,0.011965544488880105,0.00122016302807084
3086,0.011965514718928991,0.0012196708755093308
3087,0.011965484972988008,0.0012191789557721682
3088,0.011965455251036133,0.0012186872686913066
3089,0.011965425553052342,0.0012181958140990473
3090,0.011965395879015668,0.0012177045918279068
3091,0.011965366228905115,0.0012172136017106813
3092,0.011965336602699763,0.001216722843580418
3093,0.01196530700037865,0.0012162323172704972
3094,0.011965277421920878,0.0012157420226145028
3095,0.011965247867305568,0.0012152519594463053
3096,0.011965218336511877,0.001214762127600041
3097,0.011965188829518924,0.0012142725269101194
3098,0.011965159346305917,0.0012137831572112184
3099,0.011965129886852045,0.001213294018338223
3100,0.01196510045113654,0.0012128051101263572
3101,0.01196507103913865,0.0012123164324110882
3102,0.011965041650837636,0.00121182798502812
3103,0.011965012286212785,0.00121133976781346
3104,0.011964982945243396,0.001210851780603286
3105,0.011964953627908833,0.0012103640232341592
3106,0.011964924334188422,0.0012098764955428241
3107,0.011964895064061542,0.0012093891973662743
3108,0.011964865817507567,0.0012089021285418085
3109,0.011964836594505958,0.0012084152889069563
3110,0.01196480739503613,0.0012079286782994965
3111,0.01196477821907755,0.001207442296557458
3112,0.011964749066609666,0.0012069561435191544
3113,0.011964719937612014,0.001206470219023192
3114,0.011964690832064102,0.0012059845229083143
3115,0.011964661749945472,0.0012054990550135949
3116,0.011964632691235707,0.001205013815178345
3117,0.011964603655914363,0.0012045288032421525
3118,0.011964574643961072,0.0012040440190448183
3119,0.011964545655355444,0.0012035594624264267
3120,0.011964516690077148,0.0012030751332272416
3121,0.01196448774810583,0.0012025910312878927
3122,0.011964458829421189,0.0012021071564491533
3123,0.011964429934002941,0.001201623508552103
3124,0.01196440106183081,0.0012011400874380592
3125,0.011964372212884562,0.0012006568929485617
3126,0.011964343387143956,0.0012001739249254183
3127,0.011964314584588789,0.0011996911832106581
3128,0.011964285805198881,0.0011992086676466322
3129,0.01196425704895407,0.0011987263780758037
3130,0.011964228315834196,0.0011982443143410044
3131,0.011964199605819154,0.0011977624762852352
3132,0.011964170918888822,0.0011972808637517652
3133,0.011964142255023139,0.0011967994765840915
3134,0.011964113614202042,0.0011963183146259835
3135,0.011964084996405468,0.001195837377721401
3136,0.011964056401613415,0.0011953566657146094
3137,0.011964027829805882,0.0011948761784500337
3138,0.011963999280962883,0.0011943959157724032
3139,0.011963970755064474,0.0011939158775266735
3140,0.011963942252090683,0.001193436063557994
3141,0.011963913772021615,0.0011929564737117944
3142,0.011963885314837374,0.0011924771078337265
3143,0.01196385688051807,0.0011919979657696862
3144,0.011963828469043852,0.0011915190473657886
3145,0.011963800080394877,0.0011910403524684054
3146,0.011963771714551341,0.001190561880924106
3147,0.011963743371493429,0.0011900836325797282
3148,0.011963715051201375,0.001189605607282322
3149,0.011963686753655412,0.0011891278048792027
3150,0.011963658478835803,0.001188650225217841
3151,0.011963630226722853,0.0011881728681460185
3152,0.011963601997296836,0.0011876957335117235
3153,0.01196357379053808,0.0011872188211631423
3154,0.011963545606426942,0.0011867421309487284
3155,0.011963517444943774,0.0011862656627171456
3156,0.01196348930606896,0.0011857894163172843
3157,0.011963461189782905,0.0011853133915982665
3158,0.011963433096066024,0.001184837588409429
3159,0.011963405024898776,0.001184362006600401
3160,0.011963376976261602,0.0011838866460208992
3161,0.011963348950134985,0.001183411506521024
3162,0.01196332094649944,0.0011829365879509738
3163,0.011963292965335482,0.0011824618901612473
3164,0.01196326500662365,0.001181987413002537
3165,0.011963237070344501,0.0011815131563257463
3166,0.011963209156478624,0.0011810391199820354
3167,0.011963181265006617,0.00118056530382273
3168,0.011963153395909068,0.0011800917076994558
3169,0.01196312554916667,0.0011796183314639894
3170,0.011963097724760039,0.0011791451749683544
3171,0.01196306992266986,0.0011786722380648152
3172,0.011963042142876848,0.0011781995206058087
3173,0.011963014385361698,0.0011777270224440012
3174,0.011962986650105152,0.0011772547434323202
3175,0.011962958937087969,0.00117678268342386
3176,0.011962931246290921,0.0011763108422719534
3177,0.0119629035776948,0.0011758392198301447
3178,0.011962875931280426,0.0011753678159521785
3179,0.01196284830702862,0.0011748966304920476
3180,0.011962820704920241,0.001174425663303954
3181,0.011962793124936142,0.0011739549142422898
3182,0.011962765567057236,0.0011734843831616474
3183,0.011962738031264424,0.0011730140699168666
3184,0.01196271051753863,0.0011725439743629938
3185,0.011962683025860822,0.0011720740963552885
3186,0.011962655556211907,0.001171604435749194
3187,0.011962628108572947,0.0011711349924003877
3188,0.0119626006829249,0.0011706657661647638
3189,0.011962573279248791,0.0011701967568983971
3190,0.011962545897525675,0.0011697279644576244
3191,0.011962518537736598,0.0011692593886989122
3192,0.011962491199862658,0.00116879102947902
3193,0.011962463883884944,0.0011683228866548117
3194,0.011962436589784568,0.0011678549600834638
3195,0.011962409317542683,0.0011673872496223159
3196,0.011962382067140415,0.0011669197551288978
3197,0.011962354838558979,0.0011664524764609353
3198,0.011962327631779525,0.001165985413476443
3199,0.011962300446783288,0.001165518566033516
3200,0.011962273283551508,0.0011650519339905503
3201,0.011962246142065413,0.0011645855172060814
3202,0.01196221902230626,0.001164119315538896
3203,0.011962191924255374,0.00116365332884796
3204,0.011962164847894032,0.0011631875569924335
3205,0.011962137793203566,0.001162721999831698
3206,0.011962110760165302,0.001162256657225333
3207,0.011962083748760633,0.0011617915290330896
3208,0.011962056758970894,0.0011613266151149658
3209,0.01196202979077753,0.0011608619153310798
3210,0.011962002844161905,0.0011603974295418486
3211,0.011961975919105512,0.0011599331576078323
3212,0.011961949015589758,0.0011594690993897896
3213,0.01196192213359612,0.001159005254748681
3214,0.011961895273106087,0.0011585416235456614
3215,0.011961868434101198,0.001158078205642071
3216,0.011961841616562954,0.0011576150008994826
3217,0.011961814820472882,0.0011571520091796564
3218,0.011961788045812563,0.0011566892303445046
3219,0.01196176129256359,0.0011562266642561585
3220,0.01196173456070755,0.0011557643107769475
3221,0.011961707850226032,0.00115530216976941
3222,0.01196168116110072,0.0011548402410962596
3223,0.011961654493313233,0.001154378524620362
3224,0.011961627846845261,0.001153917020204868
3225,0.011961601221678494,0.0011534557277130086
3226,0.011961574617794608,0.0011529946470083176
3227,0.01196154803517537,0.0011525337779544217
3228,0.011961521473802491,0.0011520731204152234
3229,0.011961494933657753,0.0011516126742547267
3230,0.011961468414722917,0.001151152439337205
3231,0.011961441916979818,0.001150692415527049
3232,0.011961415440410203,0.001150232602688923
3233,0.011961388984995974,0.0011497730006875763
3234,0.011961362550718948,0.001149313609388019
3235,0.011961336137560993,0.001148854428655434
3236,0.011961309745503997,0.0011483954583551782
3237,0.011961283374529884,0.001147936698352788
3238,0.011961257024620548,0.001147478148514005
3239,0.011961230695757956,0.001147019808704717
3240,0.011961204387924045,0.0011465616787910966
3241,0.011961178101100799,0.001146103758639353
3242,0.011961151835270205,0.0011456460481159717
3243,0.01196112559041426,0.0011451885470876542
3244,0.011961099366515036,0.0011447312554211774
3245,0.011961073163554525,0.0011442741729835845
3246,0.011961046981514824,0.0011438172996420359
3247,0.011961020820378017,0.0011433606352639549
3248,0.011960994680126168,0.001142904179716876
3249,0.01196096856074143,0.0011424479328685402
3250,0.01196094246220592,0.0011419918945868813
3251,0.011960916384501795,0.001141536064739972
3252,0.011960890327611206,0.0011410804431961252
3253,0.011960864291516356,0.0011406250298237272
3254,0.011960838276199443,0.001140169824491501
3255,0.011960812281642691,0.0011397148270682078
3256,0.011960786307828325,0.0011392600374228181
3257,0.011960760354738623,0.0011388054554245296
3258,0.01196073442235582,0.001138351080942681
3259,0.01196070851066225,0.0011378969138467806
3260,0.01196068261964018,0.0011374429540065075
3261,0.011960656749271959,0.0011369892012917653
3262,0.011960630899539929,0.0011365356555725532
3263,0.011960605070426428,0.0011360823167191239
3264,0.011960579261913847,0.0011356291846018266
3265,0.011960553473984585,0.0011351762590912575
3266,0.011960527706621033,0.0011347235400581434
3267,0.011960501959805622,0.0011342710273733777
3268,0.011960476233520806,0.0011338187209080615
3269,0.011960450527749047,0.0011333666205334359
3270,0.011960424842472802,0.0011329147261209334
3271,0.011960399177674592,0.001132463037542138
3272,0.011960373533336911,0.0011320115546687795
3273,0.011960347909442299,0.0011315602773728669
3274,0.01196032230597329,0.001131109205526438
3275,0.011960296722912463,0.0011306583390018143
3276,0.011960271160242378,0.0011302076776713963
3277,0.011960245617945647,0.0011297572214077946
3278,0.011960220096004885,0.0011293069700838078
3279,0.011960194594402706,0.00112885692357237
3280,0.01196016911312177,0.0011284070817465899
3281,0.011960143652144744,0.0011279574444797587
3282,0.011960118211454292,0.0011275080116453097
3283,0.01196009279103312,0.001127058783116838
3284,0.011960067390863945,0.001126609758768156
3285,0.011960042010929496,0.0011261609384731629
3286,0.011960016651212525,0.0011257123221060103
3287,0.011959991311695799,0.0011252639095409138
3288,0.01195996599236207,0.0011248157006523592
3289,0.01195994069319417,0.0011243676953148869
3290,0.011959915414174887,0.0011239198934033163
3291,0.011959890155287081,0.0011234722947925024
3292,0.01195986491651357,0.001123024899357607
3293,0.011959839697837229,0.0011225777069738194
3294,0.011959814499240945,0.0011221307175165649
3295,0.0119597893207076,0.0011216839308614013
3296,0.011959764162220112,0.001121237346884075
3297,0.011959739023761413,0.0011207909654604678
3298,0.011959713905314445,0.001120344786466615
3299,0.011959688806862183,0.001119898809778757
3300,0.01195966372838759,0.0011194530352732347
3301,0.011959638669873675,0.0011190074628265817
3302,0.011959613631303441,0.0011185620923155205
3303,0.011959588612659893,0.0011181169236168303
3304,0.011959563613926128,0.0011176719566075367
3305,0.011959538635085157,0.0011172271911648287
3306,0.011959513676120078,0.0011167826271659808
3307,0.011959488737013992,0.0011163382644884911
3308,0.011959463817749994,0.0011158941030099563
3309,0.011959438918311197,0.0011154501426081972
3310,0.011959414038680772,0.0011150063831611243
3311,0.011959389178841859,0.0011145628245468485
3312,0.011959364338777633,0.0011141194666435983
3313,0.011959339518471295,0.0011136763093297847
3314,0.011959314717906011,0.0011132333524839922
3315,0.011959289937065059,0.0011127905959848817
3316,0.011959265175931637,0.0011123480397113687
3317,0.011959240434489007,0.0011119056835424321
3318,0.011959215712720465,0.0011114635273572395
3319,0.011959191010609256,0.0011110215710351025
3320,0.011959166328138699,0.001110579814455542
3321,0.011959141665292126,0.001110138257498149
3322,0.011959117022052865,0.0011096969000426893
3323,0.011959092398404241,0.0011092557419691087
3324,0.011959067794329642,0.001108814783157454
3325,0.011959043209812458,0.0011083740234879753
3326,0.011959018644836074,0.0011079334628410443
3327,0.011958994099383871,0.0011074931010971868
3328,0.011958969573439346,0.001107052938137044
3329,0.01195894506698589,0.0011066129738414783
3330,0.011958920580006993,0.001106173208091436
3331,0.011958896112486081,0.0011057336407680521
3332,0.011958871664406736,0.0011052942717525677
3333,0.011958847235752374,0.001104855100926407
3334,0.011958822826506567,0.0011044161281711208
3335,0.01195879843665285,0.0011039773533684347
3336,0.011958774066174788,0.0011035387764001636
3337,0.01195874971505591,0.0011031003971483171
3338,0.011958725383279831,0.0011026622154950727
3339,0.011958701070830156,0.0011022242313226732
3340,0.011958676777690495,0.001101786444513569
3341,0.011958652503844473,0.0011013488549503265
3342,0.011958628249275741,0.0011009114625156696
3343,0.011958604013967974,0.0011004742670924625
3344,0.01195857979790484,0.0011000372685636935
3345,0.011958555601070056,0.0010996004668125396
3346,0.011958531423447294,0.0010991638617222808
3347,0.011958507265020298,0.001098727453176348
3348,0.011958483125772816,0.0010982912410583366
3349,0.011958459005688604,0.0010978552252519664
3350,0.011958434904751418,0.0010974194056410232
3351,0.011958410822945064,0.0010969837821096146
3352,0.011958386760253332,0.0010965483545418112
3353,0.011958362716660037,0.001096113122821927
3354,0.011958338692149035,0.0010956780868343514
3355,0.011958314686704136,0.0010952432464636649
3356,0.011958290700309251,0.0010948086015945702
3357,0.011958266732948225,0.0010943741521119113
3358,0.011958242784604951,0.0010939398979006626
3359,0.011958218855263356,0.0010935058388459099
3360,0.011958194944907357,0.0010930719748329404
3361,0.011958171053520891,0.00109263830574716
3362,0.01195814718108792,0.0010922048314740468
3363,0.011958123327592394,0.0010917715518992904
3364,0.011958099493018322,0.0010913384669087262
3365,0.011958075677349706,0.0010909055763882632
3366,0.011958051880570534,0.001090472880223962
3367,0.011958028102664867,0.0010900403783020538
3368,0.01195800434361673,0.0010896080705089016
3369,0.011957980603410199,0.0010891759567309524
3370,0.011957956882029334,0.0010887440368548514
3371,0.01195793317945823,0.0010883123107673339
3372,0.011957909495680999,0.0010878807783552904
3373,0.01195788583068175,0.0010874494395057448
3374,0.011957862184444633,0.0010870182941058349
3375,0.011957838556953789,0.001086587342042868
3376,0.011957814948193379,0.0010861565832042468
3377,0.011957791358147585,0.0010857260174775253
3378,0.011957767786800617,0.0010852956447503952
3379,0.011957744234136673,0.0010848654649106737
3380,0.011957720700139972,0.0010844354778463208
3381,0.011957697184794766,0.0010840056834453607
3382,0.011957673688085294,0.001083576081596074
3383,0.01195765020999584,0.001083146672186767
3384,0.011957626750510693,0.0010827174551059251
3385,0.011957603309614123,0.001082288430242129
3386,0.011957579887290466,0.0010818595974841437
3387,0.011957556483524033,0.0010814309567208072
3388,0.011957533098299184,0.0010810025078411025
3389,0.011957509731600275,0.0010805742507341727
3390,0.011957486383411674,0.0010801461852892693
3391,0.01195746305371777,0.0010797183113957366
3392,0.01195743974250296,0.0010792906289431366
3393,0.011957416449751656,0.001078863137821059
3394,0.011957393175448295,0.0010784358379192474
3395,0.01195736991957731,0.001078008729127652
3396,0.011957346682123181,0.001077581811336256
3397,0.01195732346307038,0.0010771550844351772
3398,0.011957300262403376,0.0010767285483147416
3399,0.011957277080106674,0.0010763022028653097
3400,0.011957253916164815,0.0010758760479773987
3401,0.011957230770562302,0.0010754500835416494
3402,0.0119572076432837,0.0010750243094488606
3403,0.011957184534313579,0.0010745987255899065
3404,0.011957161443636476,0.001074173331855821
3405,0.011957138371237025,0.0010737481281377457
3406,0.011957115317099818,0.001073323114326955
3407,0.01195709228120946,0.0010728982903148256
3408,0.011957069263550583,0.0010724736559929145
3409,0.011957046264107844,0.0010720492112528091
3410,0.011957023282865888,0.0010716249559862955
3411,0.01195700031980942,0.0010712008900852787
3412,0.011956977374923109,0.001070777013441757
3413,0.011956954448191675,0.0010703533259478289
3414,0.011956931539599805,0.0010699298274958276
3415,0.01195690864913226,0.0010695065179780435
3416,0.01195688577677379,0.0010690833972870073
3417,0.01195686292250915,0.0010686604653153292
3418,0.011956840086323079,0.0010682377219557778
3419,0.011956817268200417,0.00106781516710118
3420,0.011956794468125946,0.0010673928006445035
3421,0.01195677168608448,0.0010669706224788775
3422,0.011956748922060858,0.0010665486324975156
3423,0.011956726176039932,0.0010661268305937302
3424,0.011956703448006544,0.0010657052166610323
3425,0.011956680737945579,0.001065283790592935
3426,0.011956658045841938,0.0010648625522831762
3427,0.01195663537168049,0.001064441501625549
3428,0.011956612715446182,0.0010640206385139723
3429,0.011956590077123937,0.001063599962842534
3430,0.011956567456698694,0.0010631794745053556
3431,0.011956544854155397,0.0010627591733967773
3432,0.011956522269479034,0.0010623390594111434
3433,0.011956499702654591,0.0010619191324430168
3434,0.011956477153667083,0.0010614993923870094
3435,0.011956454622501481,0.0010610798391378791
3436,0.011956432109142847,0.0010606604725904695
3437,0.011956409613576217,0.0010602412926397865
3438,0.011956387135786643,0.0010598222991809348
3439,0.011956364675759201,0.0010594034921091165
3440,0.011956342233478957,0.0010589848713196536
3441,0.011956319808931016,0.0010585664367080082
3442,0.01195629740210049,0.0010581481881697173
3443,0.011956275012972506,0.0010577301256004656
3444,0.011956252641532205,0.0010573122488960352
3445,0.011956230287764711,0.0010568945579523432
3446,0.011956207951655227,0.0010564770526653485
3447,0.011956185633188917,0.0010560597329312455
3448,0.011956163332350962,0.0010556425986462383
3449,0.011956141049126586,0.0010552256497066914
3450,0.01195611878350101,0.0010548088860090358
3451,0.011956096535459437,0.0010543923074499016
3452,0.011956074304987163,0.0010539759139259238
3453,0.011956052092069399,0.0010535597053339355
3454,0.011956029896691459,0.0010531436815708558
3455,0.01195600771883863,0.0010527278425336779
3456,0.011955985558496175,0.0010523121881195702
3457,0.011955963415649442,0.0010518967182257582
3458,0.011955941290283757,0.0010514814327495974
3459,0.011955919182384457,0.0010510663315885542
3460,0.011955897091936889,0.0010506514146402027
3461,0.011955875018926433,0.0010502366818022407
3462,0.011955852963338481,0.00104982213297245
3463,0.011955830925158412,0.0010494077680487449
3464,0.011955808904371638,0.0010489935869291314
3465,0.01195578690096359,0.0010485795895116988
3466,0.011955764914919705,0.0010481657756947645
3467,0.01195574294622542,0.0010477521453765917
3468,0.01195572099486621,0.0010473386984556513
3469,0.01195569906082754,0.0010469254348305227
3470,0.011955677144094916,0.0010465123543998039
3471,0.011955655244653826,0.0010460994570623341
3472,0.011955633362489811,0.001045686742716956
3473,0.01195561149758838,0.0010452742112626917
3474,0.011955589649935063,0.001044861862598555
3475,0.011955567819515437,0.0010444496966238112
3476,0.011955546006315074,0.0010440377132377543
3477,0.011955524210319557,0.0010436259123397813
3478,0.011955502431514473,0.0010432142938293888
3479,0.011955480669885419,0.001042802857606237
3480,0.011955458925418038,0.0010423916035700528
3481,0.011955437198097966,0.0010419805316206256
3482,0.01195541548791085,0.001041569641657918
3483,0.011955393794842346,0.0010411589335819588
3484,0.011955372118878121,0.0010407484072929311
3485,0.011955350460003894,0.001040338062691043
3486,0.011955328818205335,0.0010399278996766563
3487,0.011955307193468162,0.0010395179181502522
3488,0.01195528558577812,0.00103910811801236
3489,0.01195526399512093,0.0010386984991636627
3490,0.011955242421482364,0.0010382890615049337
3491,0.01195522086484817,0.0010378798049370192
3492,0.011955199325204153,0.001037470729360908
3493,0.011955177802536075,0.001037061834677676
3494,0.011955156296829776,0.001036653120788503
3495,0.011955134808071036,0.001036244587594656
3496,0.011955113336245713,0.0010358362349974983
3497,0.011955091881339636,0.0010354280628985823
3498,0.011955070443338687,0.001035020071199413
3499,0.011955049022228714,0.0010346122598017251
3500,0.011955027617995596,0.0010342046286072972
3501,0.011955006230625247,0.0010337971775179824
3502,0.011954984860103567,0.001033389906435815
3503,0.011954963506416484,0.001032982815262851
3504,0.011954942169549928,0.0010325759039012908
3505,0.011954920849489849,0.0010321691722534002
3506,0.011954899546222196,0.0010317626202216244
3507,0.011954878259732961,0.0010313562477083527
3508,0.011954856990008119,0.0010309500546162636
3509,0.011954835737033652,0.0010305440408479851
3510,0.011954814500795614,0.0010301382063063465
3511,0.011954793281279987,0.0010297325508941719
3512,0.01195477207847283,0.0010293270745144985
3513,0.011954750892360196,0.0010289217770703622
3514,0.011954729722928126,0.0010285166584649442
3515,0.011954708570162715,0.0010281117186015482
3516,0.011954687434050043,0.0010277069573835149
3517,0.01195466631457622,0.0010273023747143146
3518,0.01195464521172734,0.001026897970497539
3519,0.011954624125489541,0.0010264937446368136
3520,0.011954603055848945,0.0010260896970359307
3521,0.011954582002791736,0.0010256858275987221
3522,0.011954560966304059,0.0010252821362291564
3523,0.011954539946372075,0.0010248786228312648
3524,0.011954518942981988,0.0010244752873092124
3525,0.011954497956120011,0.001024072129567218
3526,0.011954476985772323,0.0010236691495096241
3527,0.011954456031925182,0.0010232663470408794
3528,0.01195443509456483,0.00102286372206547
3529,0.011954414173677479,0.0010224612744880548
3530,0.011954393269249425,0.0010220590042133316
3531,0.011954372381266945,0.0010216569111460968
3532,0.011954351509716315,0.0010212549951912815
3533,0.011954330654583843,0.0010208532562538592
3534,0.011954309815855834,0.0010204516942389538
3535,0.011954288993518624,0.0010200503090516842
3536,0.01195426818755853,0.001019649100597431
3537,0.011954247397961935,0.0010192480687814687
3538,0.011954226624715169,0.001018847213509309
3539,0.01195420586780464,0.0010184465346864985
3540,0.011954185127216712,0.0010180460322187243
3541,0.01195416440293779,0.0010176457060116681
3542,0.011954143694954287,0.00101724555597122
3543,0.01195412300325263,0.0010168455820032494
3544,0.011954102327819249,0.0010164457840138481
3545,0.0119540816686406,0.001016046161909068
3546,0.011954061025703157,0.0010156467155951357
3547,0.011954040398993362,0.0010152474449783616
3548,0.011954019788497713,0.0010148483499651004
3549,0.011953999194202718,0.0010144494304618543
3550,0.011953978616094882,0.0010140506863751482
3551,0.011953958054160729,0.0010136521176117104
3552,0.011953937508386784,0.0010132537240782184
3553,0.011953916978759619,0.001012855505681559
3554,0.011953896465265752,0.001012457462328652
3555,0.011953875967891795,0.0010120595939264747
3556,0.01195385548662431,0.0010116619003822
3557,0.011953835021449874,0.0010112643816029996
3558,0.011953814572355134,0.0010108670374961613
3559,0.01195379413932668,0.0010104698679690414
3560,0.011953773722351166,0.0010100728729291076
3561,0.011953753321415213,0.001009676052283967
3562,0.011953732936505496,0.0010092794059411757
3563,0.011953712567608668,0.0010088829338085587
3564,0.011953692214711407,0.0010084866357938631
3565,0.011953671877800432,0.0010080905118050175
3566,0.011953651556862413,0.0010076945617500373
3567,0.011953631251884068,0.0010072987855369885
3568,0.011953610962852152,0.0010069031830740574
3569,0.011953590689753386,0.0010065077542694692
3570,0.011953570432574506,0.0010061124990315958
3571,0.01195355019130232,0.0010057174172688605
3572,0.011953529965923564,0.00100532250888979
3573,0.01195350975642502,0.001004927773802986
3574,0.011953489562793516,0.00100453321191714
3575,0.011953469385015849,0.0010041388231410218
3576,0.011953449223078855,0.0010037446073835204
3577,0.011953429076969342,0.0010033505645535557
3578,0.011953408946674174,0.0010029566945601654
3579,0.011953388832180218,0.0010025629973125143
3580,0.011953368733474327,0.001002169472719747
3581,0.011953348650543379,0.0010017761206912235
3582,0.01195332858337428,0.0010013829411362552
3583,0.011953308531953935,0.0010009899339643406
3584,0.011953288496269265,0.0010005970990850258
3585,0.01195326847630719,0.001000204436407958
3586,0.011953248472054643,0.0009998119458428005
