epoch,loss,gradient_norm
0,0.014056521204408026,0.08293075252070874
10,0.013249396877492842,0.04307505563590455
20,0.013049384813746208,0.03914232817199692
30,0.012752523177481325,0.04036430681480643
40,0.012828513685442513,0.04011997619378922
50,0.012639074786611847,0.038917289094762664
60,0.013056373139978001,0.040458036088839834
70,0.01309501925210137,0.03947136546048844
80,0.012954251275592658,0.039336482953984425
90,0.012973085827063816,0.04225734427935933
