iteration,loss,gradient_norm,learning_rate
0,50.88097395249614,10.20044587967647,0.004317984720314378
1,50.469487090051516,10.175244913198522,0.0043592917916027586
2,50.01731071657559,10.143356706745836,0.004672205797029293
3,49.58323925585052,10.097526918887272,0.004313787726486046
4,49.10884481787993,10.022191682627719,0.0044548134292839445
5,48.64271407113946,9.969357316974307,0.004722129852656974
6,48.18940986714111,9.90819035950373,0.004464803704695887
7,47.75536736366923,9.873675892456612,0.004697290966058979
8,47.28442984737173,9.827455738190148,0.0049808671766725906
9,46.81571410541721,9.778494517155744,0.005019931288614015
10,46.48482562090047,9.780953641822556,0.004031046484469887
11,46.02408254069341,9.755331520826756,0.005335601388979322
12,45.65459075862949,9.72881720950529,0.004187517177185338
13,45.20874934303406,9.63897380130802,0.0043350908940930485
14,44.790692663573296,9.581547141636117,0.004526900908651524
15,44.40332772420942,9.514220979436704,0.003994339495108878
16,44.064979865080424,9.502746773304061,0.004223100252206906
17,43.65165735705557,9.456102832376498,0.004593555924269851
18,43.20633487935174,9.381597877742651,0.0048372286277279545
19,42.77112014067864,9.33093770756088,0.005066570615431229
20,42.378091053229916,9.298025988217375,0.004756807207413824
21,41.95159061084263,9.224785263896567,0.004628566126692744
22,41.51655307328243,9.181063144545599,0.005256408839916499
23,41.10304147633928,9.108241610582773,0.004525584673468272
24,40.73134577561974,9.07087390918691,0.004560392345575144
25,40.32492461742722,9.023370156160047,0.005013369906863704
26,39.97667015209746,9.009451550177783,0.00481038080040362
27,39.64388128781534,8.992781955488413,0.004540105340653687
28,39.20501009360602,8.925296520093989,0.005315158668970968
29,38.81716857394349,8.877428322530829,0.004884122799030439
30,38.38173892123731,8.830251978942536,0.005783931326791012
31,37.98662105565465,8.80681538417053,0.005476351228795197
32,37.645451455010466,8.788975600514906,0.004784392446812607
33,37.24575423160544,8.72574356663338,0.005076140101475873
34,36.86501779595641,8.679610067063471,0.0051550776781708225
35,36.46599881072568,8.604116419478597,0.005036497094938813
36,36.071896258021646,8.574172584569835,0.005744889718164169
37,35.718550376908745,8.54380985374158,0.0050131575385528905
38,35.35659259896072,8.457593859180408,0.004448091611037811
39,34.94933779071163,8.39799902440753,0.005656351998463531
40,34.578801331042264,8.349515495663567,0.005340601299439631
41,34.259231756709966,8.306519873593595,0.004644391533737116
42,33.893921146082384,8.26077320511904,0.005414530021013299
43,33.502638844289734,8.200906828288069,0.005534959268530957
44,33.14454796744966,8.160695189352298,0.005461468808746265
45,32.86312546580057,8.147362426422198,0.00473999130394614
46,32.50169259089025,8.099663896197839,0.005567378941603235
47,32.23734867511703,8.089938229705973,0.004478177577040759
48,31.865263385015275,8.056614907095618,0.006114313922965557
49,31.549689383921482,8.030193575012332,0.005203039308038138
50,31.267727345507044,7.987069446405569,0.004298612780344629
51,31.18971179138344,7.975135175975491,0.0012675606384618576
52,30.8178454174594,7.924950654008111,0.006070249662764335
53,30.485120560632343,7.888590514506333,0.005491987793886886
54,30.141826786577305,7.854337127453967,0.005944409306173742
55,29.78085592953426,7.797678101984109,0.005647898531493017
56,29.40679003706442,7.734010520103635,0.006050399873703366
57,29.110292167021566,7.683782844327365,0.00471469378244008
58,28.85096084907626,7.654568896053827,0.0045029121010194545
59,28.573005041685555,7.598015094350799,0.004487444494273306
60,28.29505526331712,7.576033216375202,0.005213716476024345
61,27.932236552565378,7.509852350030898,0.00606186565484581
62,27.55088363963155,7.449913351675894,0.0065315337133944424
63,27.282121234020575,7.416859889538049,0.005020114544692146
64,26.980040362454016,7.390196728699283,0.0059015404811280855
65,26.693799809050173,7.373575867783619,0.005791482954370868
66,26.386324287043518,7.347323601652237,0.006074774118121251
67,26.05195620097514,7.2909107907534,0.005959141413103859
68,25.711298806200382,7.238534715106916,0.0064254008017012015
69,25.409900477380358,7.1982487203969345,0.00598769689018449
70,25.135793178758178,7.178510415008299,0.00580890439868955
71,24.81789658197818,7.119950374592224,0.006236042055243757
72,24.56152232952909,7.0851357084401645,0.005169116052428116
73,24.227350282135863,7.01956831473187,0.006386027426524823
74,23.88625482817538,6.970049087410498,0.007068210788562664
75,23.612989449800978,6.9410160111715555,0.006094883450556102
76,23.283666370451733,6.881528893422736,0.006644378381252123
77,23.024557362077022,6.84626396012494,0.005592470942905934
78,22.751210856772204,6.804030444002657,0.006037067974662543
79,22.455959650071883,6.77551348854246,0.006873794060233354
80,22.198931750296648,6.741813807311106,0.00591282708621415
81,21.97024387359464,6.731932488090249,0.005896693642767043
82,21.69452002021195,6.684635887818511,0.006198061910919492
83,21.433753917311858,6.664232463891647,0.006529478867596795
84,21.131726642945978,6.614228639607209,0.007006356331790247
85,20.82642642415953,6.569541929066285,0.007386992261404129
86,20.547086725924487,6.543541940197106,0.007051682808001708
87,20.237551348325763,6.498090035613752,0.007631786453946067
88,19.945649717965615,6.469051876631754,0.007673492462887041
89,19.630078900850556,6.388878339710549,0.007213607319709173
90,19.377639261141706,6.348622485023398,0.006400162784530082
91,19.101657824813852,6.311854680705119,0.007372799405723605
92,18.79702428532157,6.2506214841429735,0.007670229997480842
93,18.523579715755307,6.171351404792312,0.0065424785296158885
94,18.33983435247654,6.158776938774448,0.00525374376497063
95,18.0524589880004,6.080562762371654,0.007211885626190728
96,17.767676061790482,6.017783264248867,0.007732090879924372
97,17.52030755099263,5.971241474478452,0.00679304503799298
98,17.2355038636802,5.922768386308928,0.008325571083448778
99,16.98819719111556,5.905070829594051,0.007769995346202932
100,16.732790381205405,5.862563135984108,0.0077289963136948575
101,16.515988828532933,5.8262066478758525,0.0064535038151395125
102,16.415501815624257,5.7811290752984625,0.0024171583225660732
103,16.186368754319112,5.710581240824774,0.006353180601284101
104,15.978750204970126,5.692161772047115,0.006910866783936362
105,15.73443125109756,5.663511266603874,0.008021748773537202
106,15.456972089978521,5.603159649041963,0.008725506603717787
107,15.200562571063077,5.562480068578902,0.008328190338205706
108,14.987234128918299,5.543233477815062,0.00763343062265628
109,14.73993879188054,5.470468354599334,0.007609815980644128
110,14.480761752393716,5.418877607573184,0.008884941712433057
111,14.237045507425456,5.375827080457663,0.008486422582853762
112,14.009531639040395,5.326936504234202,0.007822456076426343
113,13.767053742117247,5.262454656494811,0.008179147028714103
114,13.555930072774292,5.238874966580991,0.00830447390756845
115,13.337320216465027,5.19808504041072,0.008196348719332863
116,13.108544948748527,5.169516379735826,0.009148100682036819
117,12.92393552856673,5.121863220083538,0.006766874747943077
118,12.687789499728282,5.061010204593272,0.008701519647166004
119,12.47103495531003,5.015624589832713,0.008557647043199524
120,12.235584717032133,4.968430378058283,0.009499085267985007
121,12.091156823957535,4.966707229752413,0.006772912523811276
122,11.90120351263993,4.922748123291446,0.007865566005723091
123,11.684238971708506,4.85793931554592,0.008621550578091804
124,11.472599161823943,4.814293323976645,0.009213403478364869
125,11.256466378814936,4.7804408394118925,0.009979631197386
126,11.057089898345621,4.755856183079941,0.009529008818631411
127,10.845294694834003,4.6899744355533475,0.009212074863192428
128,10.640804529191419,4.653209870148766,0.00981459903610081
129,10.465802778338087,4.6309368501769725,0.009164297832885927
130,10.262160127215838,4.575225752511299,0.009529777111405206
131,10.075070782298171,4.535432871552436,0.009220418796746337
132,9.90378460434141,4.529227455208396,0.00991534447470981
133,9.708570788512928,4.468259161222081,0.009864474532978278
134,9.547156188817308,4.465735793541507,0.009629340810892452
135,9.360623672035914,4.438523489035323,0.010561473811393201
136,9.16706999216454,4.406757584739588,0.010741808964815205
137,9.01523634227358,4.417360507802354,0.010562660881072865
138,8.85231639774999,4.337674442047948,0.008008452063027836
139,8.659445596672267,4.265604874231239,0.009624588694732723
140,8.458218355633043,4.218638509453794,0.011770634935395987
141,8.27288063424393,4.1727111291539085,0.011457174070083015
142,8.123435487019048,4.128446843556076,0.008781415608055643
143,7.927823812813582,4.055274000399664,0.011570213667032462
144,7.728003240113199,3.9767429752893366,0.011688307792996802
145,7.54574144725698,3.9149775720603675,0.011200093125752885
146,7.368961476253091,3.8700621742787478,0.012234524103701658
147,7.19363429673692,3.827051096776313,0.011983578169891502
148,7.0331295617898375,3.7975875608816487,0.011973456947925423
149,6.880875364484033,3.779607937297168,0.012156838277162038
150,6.729623342839286,3.7396064729682634,0.011092233667804072
151,6.559316428761433,3.6877458897294355,0.012707060911229948
152,6.388437398121806,3.655040623142661,0.0140251796006053
153,6.220346508465039,3.59405948258771,0.013175310340362793
154,6.0487263485823535,3.5458254556035267,0.013704677725849542
155,5.88802234508405,3.4802958596539653,0.012212059998694666
156,5.760688877621686,3.425139706569138,0.009856501859044386
157,5.632935426655604,3.415770732801873,0.012809309131696976
158,5.469560947939613,3.3526245108824293,0.01441104852977116
159,5.318919152952682,3.307152518323478,0.013614548677497987
160,5.233283589188945,3.2644936245426055,0.0074457498534357845
161,5.146416394459926,3.2544868620027585,0.009653938955020806
162,5.027900770487685,3.214057572340935,0.011155830175070313
163,4.8888078738170035,3.1531845636820672,0.013857386561152043
164,4.76357539158876,3.124395799867226,0.014539043027269818
165,4.6271547872700705,3.086288895688358,0.014641898925342766
166,4.486092288534297,3.017668830232593,0.014260033429076979
167,4.371870112677023,2.9979058747424165,0.013893965729863898
168,4.273906803107865,2.9679283940380303,0.011083091563592955
169,4.1702408198485434,2.9129627003698593,0.012014542586008642
170,4.0429432099106,2.8612984825301937,0.015066542488570818
171,3.919799301798605,2.8220968741690915,0.015390098404173986
172,3.7892945211408486,2.7739994028168544,0.017221748714834104
173,3.6723404180061165,2.7310231967300327,0.015165394022555592
174,3.559296628229462,2.6922755273772663,0.01602487846787989
175,3.432838650305628,2.643047570979953,0.018085193116198592
176,3.3338919734684023,2.6209098253260157,0.01598147780066847
177,3.2151868072564334,2.5838419902852165,0.019056896696279604
178,3.1116020272793428,2.5606740672104333,0.017577316937594182
179,3.0027018998503445,2.5000533713235766,0.018010451322047958
180,2.896823661721963,2.4493881334865373,0.01833790418167006
181,2.7834527452041704,2.39773823052785,0.019017799457670202
182,2.677371994160978,2.3518528074604097,0.019075865959641985
183,2.5909461147693063,2.305677556238486,0.015338309923822539
184,2.494524149128497,2.261518007687878,0.018257907898449558
185,2.407916918232331,2.236845162565134,0.019256920844033472
186,2.321876923192806,2.1767358572390627,0.0175263787686368
187,2.2270626921619905,2.136344648123494,0.02139745330391942
188,2.133645409944583,2.095060077196601,0.020962154210530187
189,2.0545587139854193,2.063165521065476,0.018785143744589672
190,1.9658028415996172,2.01358373260003,0.020809495931130313
191,1.8963954589113206,1.9715049375308389,0.01688273017376781
192,1.8106310970404194,1.9172249334305882,0.022425207585839747
193,1.7346961544333235,1.8789349260046029,0.020264097275497796
194,1.6541066437139145,1.835401102060831,0.023272999187560074
195,1.5696398609446378,1.7893163852847072,0.02708324231209146
196,1.5044352270040384,1.7732321822993364,0.023267440705445654
197,1.431031853799073,1.7348376177636473,0.02615516570560386
198,1.3822463820527218,1.7575958641023148,0.02289784632332901
199,1.312986009463059,1.6949939110235264,0.023156066469978403
200,1.2367378167373486,1.6163082819816987,0.026072533940981964
201,1.1670877650487825,1.5586979283209237,0.02932292451745273
202,1.102818246027213,1.532462382852505,0.0307323868620471
203,1.0392637477876452,1.480652932048534,0.02921698307457772
204,0.979882788780377,1.4324385309708134,0.02822236566358275
205,0.9311081354381882,1.382216640207568,0.02410619520891226
206,0.8889900132810058,1.391738578945711,0.027882237013519672
207,0.8526406322916301,1.4314618383407105,0.028478887806413906
208,0.797212264188353,1.3199585777831617,0.028595513505741157
209,0.7399828454200668,1.2833132647494265,0.03704812053951514
210,0.6887452440151651,1.2281998670073366,0.03727218823617119
211,0.6355434092345418,1.1586576557351573,0.03939894629040656
212,0.5874334471133973,1.1220091679873694,0.043684676981161845
213,0.5424618567977353,1.0657710199524324,0.03927187304192029
214,0.498635028491118,1.0298803037080009,0.04303245723825069
215,0.45733517688546593,1.0001401486236343,0.0507515116649883
216,0.42170227463374726,0.9480697381811074,0.03999348824679652
217,0.3901120475179077,0.9444121395557304,0.04972481257635126
218,0.3613693638104168,0.8938899186435693,0.03827496255138098
219,0.32828177463672453,0.8553000259375141,0.05027103632758315
220,0.30588908749506494,0.8854768052912559,0.04873531250116911
221,0.2690675736902213,0.7886867850815573,0.05779800807576585
222,0.23953501337140548,0.7298736997699983,0.051905618246436976
223,0.2209775523761019,0.7659617776523812,0.05648001885921266
224,0.20256838786302328,0.743001231546103,0.051170436505992484
225,0.17627653058124568,0.6893063207404949,0.07330736021161204
226,0.15026622136413723,0.5905689889655411,0.08604768655877083
227,0.12742494418899603,0.5534367591729682,0.09430684666961295
228,0.11362285818442905,0.5637346771679743,0.08085322992082318
229,0.09902102448758039,0.5084403597791063,0.07593566068793753
230,0.08851355304800478,0.519466066947357,0.09134204886356317
231,0.08417993469181581,0.4907681302397412,0.030224418430687988
232,0.07145054446418445,0.46764898350480294,0.13230696583018775
233,0.06307531901508498,0.4150364037271674,0.0875952365779079
234,0.0543853585058189,0.397976410624133,0.11715536307481862
235,0.04867066403663415,0.4190314232144543,0.13355337924230862
236,0.04068360618263979,0.3594661143087777,0.16825052800409313
237,0.038024333575237546,0.3512308776673117,0.17026672076697802
238,0.03935472800484009,0.4327417859147797,0.1882517637594411
239,0.03702675287869673,0.4194678127224339,0.21931025121190006
240,0.03248867378488973,0.36635586504057394,0.19887901574325134
241,0.03590968615254159,0.41200094472680604,0.0817818751151781
242,0.029794804071941842,0.32248928026859935,0.11236360353396144
243,0.0323899092091185,0.4102780306840248,0.2906011267525439
244,0.03012838586372057,0.3786809228270836,0.12377537973277081
245,0.02859556867188723,0.3467243777856878,0.28590296215182925
246,0.03196402446712675,0.4366888706061385,0.2503436373331072
247,0.025582448524163002,0.30942411515463963,0.08915561018315969
248,0.03120230846545797,0.45187258574172856,0.28765745783455277
249,0.025553735626835446,0.33684991307120743,0.1577199908823363
250,0.029199130589156602,0.4204693586354197,0.2172180667240604
251,0.027378262726819376,0.3687229559465541,0.19264132346960258
252,0.029228598319842463,0.39830323943432777,0.10599404875354491
253,0.028538099018091165,0.35538422351021526,0.25191008397462883
254,0.030666616387472517,0.40234047884599344,0.2975397329626341
255,0.025658698517645042,0.32807263269161663,0.07724688115145713
256,0.02915098618017319,0.4082367935334274,0.17565088144188676
257,0.028117829379096158,0.3899123933272568,0.16091156315718852
258,0.027944134119774873,0.3771284929468312,0.12805145757640737
259,0.026463239476023886,0.33908074752763184,0.23478911886842102
260,0.028144874583445507,0.363741541707802,0.2473184822939378
261,0.02867767348207817,0.40278623833327504,0.25452013525587835
262,0.02868399209082901,0.4181899233395153,0.1826426456972739
263,0.02742777194856146,0.38569228985860665,0.22942280879475513
264,0.026624661979460635,0.3591234367347905,0.17472092734035902
265,0.0257135571725312,0.33328567069432685,0.17305927734408244
266,0.028889184804764483,0.396878251822519,0.1687192741268417
267,0.028774681832065604,0.39612307779669165,0.16276799907858963
268,0.026936706635295637,0.3607412804719596,0.1828526846992151
269,0.03063335791820709,0.4557430408709335,0.22633757671131
270,0.026878450837968654,0.3641703890702404,0.15622458894235736
271,0.029132869650861315,0.421553872462266,0.055334381470395794
272,0.02963579709261385,0.4255720751802605,0.11721105011246018
273,0.025191098037036553,0.3288861412685909,0.1955866038707166
274,0.030917189155009163,0.4700422013220577,0.2967757112653554
275,0.024672005035502226,0.3364749385627052,0.12985090568794033
276,0.03004186380985852,0.4614467808466166,0.22295884821331605
277,0.02741688361518685,0.3867712458183008,0.1670345091317577
278,0.02473699139155616,0.33909338360992836,0.17226859760231525
279,0.02626466163016592,0.36532592499694855,0.35104946403007814
280,0.026398225025828864,0.33644172753575896,0.12886264682584317
281,0.02825147857697391,0.3526819642011395,0.18522375236371436
282,0.027235072741762067,0.3340798245714049,0.1942691214469563
283,0.027879253340412694,0.3890756032315472,0.1035099486198633
284,0.026927700631663307,0.358530426514972,0.15462416853498936
285,0.026807721604588663,0.3621626124973718,0.10426558746562467
286,0.026261352322299317,0.3556481741465719,0.18723689948632694
287,0.027547113776142055,0.37442807575682613,0.3729359298702784
288,0.02795764165388717,0.39530541000633673,0.24588961313774232
289,0.02722726631370651,0.3885525564258251,0.18787290412511073
290,0.027142855431158144,0.38337249084860264,0.28756839680889723
291,0.027123425997367563,0.37668332930163845,0.14119355704939454
292,0.02743373997108791,0.3699629271758068,0.2370731025665781
293,0.02628958170249815,0.3436791068266975,0.2430544744052776
294,0.02887494820232486,0.3620441010542555,0.1107477348833735
295,0.02994562918011249,0.3874638198605047,0.2889311267502532
296,0.029155375120613943,0.3707522345885305,0.2796557747708983
297,0.02885116436846748,0.3777443320684536,0.21039782472007942
298,0.028235812377518866,0.3662387388157989,0.1404271642060324
299,0.024755363769016304,0.30354612945935144,0.0922711454817306
300,0.032933062310443996,0.46254588067467256,0.3813904105799705
301,0.025920166217777367,0.3215639784149027,0.11495480500789994
302,0.026468245319964424,0.340363868448322,0.3174488925549435
303,0.02832214298562203,0.4075787633279396,0.22214022591918856
304,0.027217331744150874,0.36086882608670423,0.1674496077131658
305,0.02607021463445184,0.33125235809926973,0.08200851038682437
306,0.026007251247149248,0.33654484353385894,0.3246080486882802
307,0.0270398055034889,0.3692255264344394,0.23025710386120177
308,0.027457562395406393,0.3809599229770363,0.11236844478356678
309,0.027513747749693247,0.3694438367073634,0.24199217782566348
310,0.026713461317241848,0.34807957778945725,0.2948979724135505
311,0.029872136543033206,0.42114031532753116,0.29053456899674457
312,0.026491283954383316,0.3517782853981256,0.13787900469624226
313,0.02843314954143886,0.3791913594792846,0.2814504933397043
314,0.030405725117306073,0.4192905097703658,0.1773662596017268
315,0.027810196472943503,0.3383496353807671,0.3903688178525088
316,0.025994172639655498,0.31164941197256163,0.19897443501526613
317,0.032477534197945766,0.44876460962062276,0.5090570142066214
318,0.026517435122994266,0.33732853281119424,0.12555839208081826
319,0.03314776071945474,0.4711098813861982,0.27234510408455637
320,0.02397798340977709,0.3033265494912697,0.05169278731235462
321,0.02914843619375431,0.431614982097086,0.21814177565040815
322,0.0270007389326457,0.3750548605343876,0.21171725876295505
323,0.02717019779986298,0.3649987033867975,0.1180639951150218
324,0.03078557629881447,0.42513003635949015,0.5139364285460801
325,0.027220994114687355,0.36078371018331923,0.17432289995061037
326,0.028794389266502095,0.38417384416206807,0.2989666094971739
327,0.02897615874423381,0.4190719129802375,0.161256730423889
328,0.025055738943703613,0.3449777491815161,0.2055800852511235
329,0.02893809284739819,0.3891880281553543,0.1498678071006677
330,0.023675558892626222,0.3072289208138218,0.08598391349849904
331,0.030175782974045773,0.46455797201718274,0.2605241574694724
332,0.025313331698869297,0.3389950315669699,0.19387897819708197
333,0.029116593017608994,0.43113457026698015,0.23487859659634655
334,0.02482970465347734,0.33223887386509104,0.19225909782302958
335,0.026600809562570292,0.33464064063706245,0.3349213976856922
336,0.03269441784060105,0.46707823421564576,0.25391762313695404
337,0.02538297532017039,0.31967187598082025,0.0908593129345931
338,0.026759354075118626,0.3640364711457487,0.5580537330456317
339,0.026200729827176375,0.3712784881887837,0.12870065652214022
340,0.026941027980474555,0.39061778456798274,0.12117309392097979
341,0.024613454940302787,0.31653811716246516,0.225712207866834
342,0.025414729044704785,0.3524878788845106,0.2407872227476883
343,0.02712343984821788,0.3916541215314552,0.20378184006613703
344,0.02644331354609679,0.3718066267151571,0.3057931273360986
345,0.02614427297418771,0.3591892746021947,0.1734843181603415
346,0.028471760960608522,0.40360759678957264,0.11680619203489025
347,0.02688482222417366,0.344983649289372,0.18301711826512213
348,0.027977451980085766,0.3707922719003963,0.14437517886160967
349,0.02808701019650777,0.34498717383298866,0.4242056370683656
350,0.03140933898999927,0.4452630563141335,0.1651117540110729
351,0.026594409709548544,0.3579642234645565,0.10051131817081435
352,0.029840225522415786,0.40613647430486877,0.2209735401656749
353,0.025989988558823306,0.34173261245613284,0.08525420990686511
354,0.03004904345251339,0.420362258639046,0.21425562362123324
355,0.029027364396489164,0.4034064367886609,0.28783001488001636
356,0.02835672840756314,0.4025873424104737,0.22694456845951175
357,0.02762224244216977,0.3952120537738057,0.3082174960034257
358,0.0257597721985708,0.32619134464291566,0.1181427232618051
359,0.03057423300957367,0.42942855324621654,0.1673033397689708
360,0.024817973368639844,0.32326129220342864,0.12541213352637745
361,0.025202229814644074,0.3237484511275132,0.3232020332143596
362,0.029346369895040695,0.4454683622393665,0.19010991246724046
363,0.025271355555875334,0.3413518647858961,0.14726659265896602
364,0.028382768478398865,0.3915759809478221,0.39734034632127774
365,0.02731127842839169,0.38634237090559836,0.18772619751194405
366,0.026971419847764532,0.3926994002082201,0.20186680402838117
367,0.02762133383665809,0.4035790320790503,0.22071535476897608
368,0.02667363720423828,0.38265769059012344,0.14399464698761505
369,0.026263494488340384,0.35350110208097735,0.20936234145186047
370,0.023774922838336852,0.30219546407652276,0.30454353862225914
371,0.0356913201944179,0.5528981070467233,0.3748588494578125
372,0.024699188723514908,0.3219605806003169,0.15363737316476803
373,0.027896018992628068,0.4083486623304281,0.24843830249404797
374,0.027053579404210538,0.39215411005155987,0.1352814976251121
375,0.024805968234143206,0.34080786215201736,0.24834585198650247
376,0.027746009754904523,0.39662975199918044,0.33344319590309174
377,0.027080554105354225,0.4006580989284152,0.13556849882363206
378,0.024820369284360974,0.335869155319252,0.17462345487201356
379,0.02454016064000467,0.32728927270514735,0.16693924407333882
380,0.028123162333587193,0.4041758534969095,0.4101968952713341
381,0.02664144597330787,0.36848476344382564,0.18127196642359558
382,0.028562580120075683,0.4180981102215487,0.20755212236501053
383,0.024594981402545003,0.33194077696330904,0.15091602758112752
384,0.027809596965153754,0.40705370166064614,0.20652707132857268
385,0.025779757953722806,0.32620465300402596,0.09177562272612516
386,0.03000346296743544,0.42332594503582327,0.26521436289061084
387,0.02927492089275901,0.3832720208392666,0.17529678142341074
388,0.026448039932930524,0.3381993183400077,0.1291665191258651
389,0.030597976203113275,0.4178775116622199,0.2998483624798682
390,0.02683137083760957,0.3462000479008527,0.1250117630929293
391,0.025609490219498952,0.3290380947005121,0.30478597948796504
392,0.031583116584999314,0.455262407241051,0.3110031146484738
393,0.02769314995903463,0.376424901536438,0.23486889867971006
394,0.026957053075228256,0.37001944338654935,0.11472410519584865
395,0.026652238204705404,0.37523497075998896,0.096538758598206
396,0.02863479379770967,0.3898638732447481,0.13729881043828787
397,0.027749936445243387,0.3576027010011472,0.2757721960886122
398,0.029702686425950833,0.432817672412245,0.2368670280560084
399,0.026935864605215683,0.3426000034216484,0.26382059575469047
400,0.03071657528066158,0.43433409430954134,0.18458923588256415
401,0.02995085023775622,0.4010137005143616,0.2983026748112528
402,0.03243431500274131,0.4753927141448314,0.2027870933893656
403,0.030429234549665077,0.4682475161305792,0.003208735621811569
404,0.025105776703435678,0.3481771675608802,0.12750708122293777
405,0.026759969013402756,0.3955583340004866,0.2151836717361156
406,0.023510203297610725,0.33933640174843416,0.22609866649881288
407,0.025168243673976822,0.3763841271333626,0.23242943011278555
408,0.024507557930394854,0.354383515504698,0.25623044217184776
409,0.026539767138234152,0.39623355572177427,0.3031399591470283
410,0.023672972601918415,0.3430331517135536,0.17620727915422843
411,0.022483123485856703,0.3188545067368516,0.09416832009725966
412,0.02442885729423458,0.3620821572662959,0.26736986115845185
413,0.02165352289322478,0.30626347002007054,0.15575685356472524
414,0.02776293693687217,0.44656526542700925,0.31153222639330197
415,0.023013456926083545,0.3098430803206974,0.07082422913904397
416,0.026457042787691783,0.40318897329852393,0.22722649085893587
417,0.02388960937828233,0.3322931012546033,0.1080229817199652
418,0.025200437906833205,0.37463878774208315,0.04191408468424577
419,0.022401946370904903,0.3113754162576305,0.42358582015697976
420,0.03108010111845495,0.4445969047184822,0.15904279407780855
421,0.029419008789557496,0.4167877243458849,0.18193873740357686
422,0.02840141468209527,0.4156563184355192,0.14178751435893486
423,0.02686623520129487,0.3656345760732133,0.3126554151089264
424,0.03425526086349139,0.5343928499180218,0.2599817754753323
425,0.028185386584358294,0.39007858100510723,0.1444286520838841
426,0.031446639509868174,0.48902370428609565,0.2247463304954155
427,0.0259184189393859,0.36992590182502805,0.15113505068839983
428,0.02702589463702574,0.40836235074033866,0.181147086808007
429,0.022598846768443353,0.3287772401795065,0.09148355036805192
430,0.0254609806068749,0.3799601494604898,0.40166600522782675
431,0.024210638994929538,0.37138464320396297,0.18058521177512107
432,0.026266492974010784,0.41851824096389056,0.22907936586150182
433,0.023665833442517277,0.35401182591323255,0.219985172918954
434,0.024470592326716077,0.37753599869282534,0.30995579142670915
435,0.023210140440703558,0.3481151988355268,0.17570374551666879
436,0.022544751660362475,0.30725142541576433,0.43938773886916754
437,0.028459913527743828,0.4513479191942087,0.19833587217599025
438,0.02270350675680028,0.3290958151632202,0.2509926368125516
439,0.02275327441484447,0.33201979102069057,0.16043046175503314
440,0.025068071252144924,0.37378202455376747,0.09977192343877554
441,0.02487904518156512,0.36136619625082117,0.212649598141082
442,0.02467406508977939,0.37307315280533887,0.28407496453640657
443,0.022279172976084373,0.30706083072207974,0.06927690124199691
444,0.03169255644417189,0.5183570677593996,0.32021452354977475
445,0.02267943837520482,0.3175071336784381,0.120041242145614
446,0.03071509355498387,0.49918378591107027,0.1448345399351786
447,0.02412544892536392,0.3455848292490016,0.14338306805496034
448,0.02934135242133509,0.46173626085123476,0.2588931520778085
449,0.023748240276279226,0.34212938256729514,0.1253663171662066
450,0.024233999111231877,0.3578099695786412,0.36087278678782553
451,0.023430122423507713,0.3369116876049256,0.27271916441692234
452,0.026829270911469402,0.4099681620582801,0.13601355379523253
453,0.026194058034219047,0.3670983641312472,0.12563979916840434
454,0.022902733467423372,0.31531019215025835,0.11815148234193092
455,0.02787431469156121,0.4229130532226002,0.448799646429282
456,0.024654828536837908,0.3566976080725026,0.14347819732887973
457,0.02478195990798558,0.3589066537288387,0.2429340465920512
458,0.0263789493507888,0.4063190163106481,0.211896759271359
459,0.026041420028645276,0.3919434611405247,0.2130909940368681
460,0.027210776505239263,0.35638491972443626,0.21634090236443138
461,0.029054776909414597,0.44314140702530463,0.15518699829719498
462,0.027213053337474404,0.3847940787324364,0.16387099377865386
463,0.02539627271917046,0.36307523831462013,0.08319765783960752
464,0.024141900215083254,0.33501655859802704,0.2276635037506324
465,0.025824763148832957,0.3785270183321248,0.36993750015602506
466,0.027508880831064245,0.41340874082846885,0.2761236174951262
467,0.022155106390181135,0.33368344353721585,0.12233988771058028
468,0.0264866322879042,0.4178182225341175,0.18390756261070876
469,0.02220930730490647,0.3396308901103855,0.2089801265497966
470,0.024695147601872976,0.3469247330144593,0.14611174438410454
471,0.021042399913730366,0.2954249784982026,0.10442786726210106
472,0.026937140521761653,0.41595853808142674,0.26073234632383957
473,0.024360772058883776,0.34563668830344185,0.45522990661005014
474,0.02386291148112438,0.3464151940172588,0.2096546177120202
475,0.022885800566792062,0.31093339170643164,0.1595340427861351
476,0.030552424255121214,0.4682430996643654,0.21442134414042766
477,0.024696102320812534,0.3301730340110155,0.11359253404172981
478,0.029628732273397625,0.4465472857668865,0.21113005869116408
479,0.025073980886439255,0.3463056348282837,0.1308166932772289
480,0.026661367728075293,0.37881378816357864,0.0850066556064342
481,0.02574508531190737,0.3749836723204053,0.10613808294966588
482,0.027867131512893547,0.44060471911518745,0.1694502807368833
483,0.021157324197143786,0.3017232793643429,0.06229038392458074
484,0.022001096029233756,0.3135008065004365,0.20702037584136213
485,0.022929418620606927,0.316053699051122,0.34101221229091605
486,0.026725659616197335,0.4294186334585598,0.22256896134624932
487,0.023258482672927093,0.33449286594836836,0.24760817415728723
488,0.0261144332222198,0.4161758813409859,0.19690384907610714
489,0.023282088154255448,0.36039126171839925,0.1611229347091904
490,0.024768889229058504,0.361554731333943,0.09088449374152228
491,0.026472434594741065,0.4055535499255972,0.22690382692249195
492,0.02563520768148031,0.3935661590477874,0.152988929341935
493,0.025084751560143583,0.3626774884082782,0.2729728464938436
494,0.0238484930172053,0.3531953398895393,0.1634442416064853
495,0.022971484170365264,0.31341954486276086,0.28880280957828514
496,0.024262068854415737,0.3509090197010131,0.07664769947368136
497,0.024085829479378276,0.36756988659730333,0.2541579265590708
498,0.02432942077577412,0.3723713619161615,0.22868826548769533
499,0.024683799419187153,0.3756716361984122,0.1497692531066375
500,0.02253717462726416,0.31843941604495307,0.24401142916461085
501,0.028845333749987396,0.48154365205831784,0.2669056043381677
502,0.02363804660019538,0.35284013806722,0.15077602095640616
503,0.026046511503998414,0.4213074426425252,0.16624367125398726
504,0.02303209629024282,0.3416697847854261,0.1543767595010393
505,0.02644956280901939,0.42290718616427597,0.17076829755182565
506,0.022774351589822345,0.3344338477694009,0.16502561942309674
507,0.025839438901142407,0.39713281971814457,0.17863021895622327
508,0.026015743538289872,0.3985992381091757,0.18139461466585832
509,0.022072151312767765,0.32001457689001905,0.3616499020986141
510,0.023207174240358935,0.3493823150958113,0.08184907071996382
511,0.025189670321279237,0.3929581563969019,0.24186807836201016
512,0.022823503641624898,0.31741241415418675,0.12563110198305222
513,0.027767962705078322,0.46767801327005687,0.143496535007603
514,0.021951019172163005,0.3252960588661453,0.1625238850150311
515,0.025657179195581525,0.413289818100299,0.33751637273043106
516,0.023934549457852058,0.37241616890337337,0.21587520365068985
517,0.024668869273926676,0.3728383963882239,0.1884910775585623
518,0.025781629813504015,0.39921951163106634,0.19789582457927823
519,0.024241683935962165,0.3490334241544727,0.145534475862636
520,0.029142291260597048,0.41947647728993404,0.12168094428128985
521,0.027791018470084,0.38409740966144196,0.20060886017394558
522,0.029313427682248434,0.43588788802574996,0.15024974767298557
523,0.028728310804785814,0.3932173808493367,0.25539109653746406
524,0.027663333708790542,0.4307008429872285,0.07119606246578153
525,0.02367951171799709,0.35997874263589197,0.13443006048737122
526,0.022670806593782095,0.32268917336493286,0.1631778969982466
527,0.024653292911362746,0.36365607605731753,0.34534819181020815
528,0.02460778474297612,0.3691295621918795,0.18294205272178304
529,0.0268243623348564,0.42235224628186707,0.24112485343561602
530,0.024156585877805718,0.368952426770473,0.16019369872554357
531,0.025703577043457684,0.4022043588340733,0.21668584958799117
532,0.02468123328471393,0.3693685711110372,0.30154111147303625
533,0.025401940027062607,0.39891545390151,0.16117732905773718
534,0.02286517727495372,0.35054925366504636,0.13880602948937024
535,0.022434820523570053,0.3167542760030212,0.315583287961223
536,0.024309644500541475,0.36315020351380645,0.1890246562712092
537,0.023184585328795426,0.31687539046215957,0.193686028484993
538,0.02718501690523245,0.4188721884097532,0.18023735512958514
539,0.024835549203050727,0.3577707816349906,0.1861959098694678
540,0.022483832476618462,0.31377214000455034,0.18968456369200615
541,0.025717349611399053,0.39295147417690307,0.32372490893086603
542,0.02459816082121596,0.3698507784750791,0.1711209184707644
543,0.02475703155545936,0.3817629813803323,0.22573047725987128
544,0.025399678735031433,0.38973343838515834,0.3033496308657334
545,0.025605041984590404,0.3873426789832591,0.21837645933710886
546,0.025917732813776937,0.3717751452673882,0.27775174025117105
547,0.02340035584636282,0.3475335217889418,0.0786187988801689
548,0.027742960733488635,0.453663480235278,0.13646462595519682
549,0.02325032096661097,0.3366348833528237,0.09950171196934464
550,0.02718375529713646,0.4266404548293521,0.4463280410923953
551,0.023546085065540855,0.33953796525136215,0.1799087814239858
552,0.023724489072156272,0.35698735794357594,0.16077463912767134
553,0.023267448051778182,0.32497231963478745,0.2782499953682072
554,0.028212779547403744,0.42196153942080755,0.10545042880485062
555,0.02576248986104094,0.357889360667492,0.20608251681759723
556,0.023036611261280544,0.3269290265547407,0.20164835477289159
557,0.024780878535080743,0.36207783272809996,0.367211932898373
558,0.025362136721566272,0.35929047623274374,0.3365602423032873
559,0.029297898361994566,0.4548420513724555,0.3863600927256865
560,0.02440111737091262,0.3537453808463088,0.14341624042406342
561,0.02752122889563217,0.4392473716837846,0.21056998344084488
562,0.027762967690222635,0.4319174460740606,0.010471504549211202
563,0.022911464215726873,0.3180621899260744,0.1589564286791021
564,0.02660905456228261,0.4039964518482024,0.13873390071771804
565,0.025101738640682107,0.348341765705,0.06807222432929264
566,0.031307096107770147,0.4954679806782886,0.19914914664924435
567,0.02375945543949637,0.3349749800459509,0.1238820547002353
568,0.02565549777825701,0.4022298049933186,0.275963740779301
569,0.02447152491072434,0.3810340564710226,0.20872994315791313
570,0.02537186675756998,0.3870396484576588,0.2214183908569877
571,0.023936930210121807,0.3433669417867977,0.28323196272796997
572,0.024895132850934688,0.3697232075673229,0.27213962623780313
573,0.024141740839954604,0.3473619147669668,0.23307804334352197
574,0.02287848815811498,0.3251089772948153,0.21619357166268988
575,0.027377875113407994,0.4211673557417925,0.1927877802952455
576,0.023497004541154973,0.34963245153921174,0.1355726435063078
577,0.025508945842761813,0.36188276579783546,0.10853637931428639
578,0.025682904659861124,0.3412227442742991,0.35326597670236604
579,0.024397788815026775,0.33350483416590526,0.2878668364396539
580,0.030362367490910192,0.471956823526794,0.3538804851758308
581,0.024943852755807534,0.3352611034051993,0.32130728531140074
582,0.02743093947862517,0.42025952688425305,0.14164590336806293
583,0.026423502411904352,0.39985122803455375,0.11369438649233968
584,0.025415762840020683,0.37984387738874914,0.16450583503059676
585,0.024001460600202695,0.34881897481409707,0.259855703845558
586,0.023456190263706315,0.3481563214309985,0.27806548825484917
587,0.02300190184751611,0.34061342544013806,0.26509272802613915
588,0.02375565427789747,0.343536825143214,0.09420165217767194
589,0.024231657891813457,0.35105163342401574,0.36992774168893866
590,0.026210500874143172,0.3869767271743985,0.18040367369334037
591,0.027600392529687975,0.4202258540969134,0.14242273954834633
592,0.02454526248215862,0.34978225125166623,0.12320768111652515
593,0.027350568975682745,0.4229088911619557,0.2911593679098764
594,0.02310546215050315,0.3184070272576518,0.12518055779677736
595,0.02477789760223453,0.3462064666761824,0.29016047531988726
596,0.025558485507284474,0.37850017091290455,0.21428494103627102
597,0.024942169982050854,0.3614928589341501,0.14020640173460558
598,0.024257726890824564,0.3295190754062195,0.22868653362236507
599,0.023497197727988445,0.343321359701987,0.24676719984428372
600,0.023807355397997304,0.36103308497718856,0.2111261957410262
601,0.024335603483029464,0.36354604827609266,0.3043726816330876
602,0.028156850678211724,0.41088646384294697,0.08891115212312509
603,0.03200693777320019,0.4920248133691839,0.24939263977959444
604,0.026775319517617246,0.38509890311227984,0.10655718836966628
605,0.028323739046752252,0.43241087575275367,0.17960646061608107
606,0.02733362317476784,0.41236765025631517,0.17780385994551803
607,0.02452180132096063,0.35343503871612403,0.20229140724861436
608,0.024224673684411977,0.3333672445819481,0.26025063232924145
609,0.030482269282365797,0.47098123523645957,0.19223250719341703
610,0.023290277487975915,0.3099669383656423,0.07353939033486477
611,0.03042331896345742,0.459770904330744,0.3980498450979414
612,0.0266912284394397,0.38361178466260354,0.16689984764125143
613,0.02624876544951967,0.39624896802088977,0.1236915251898957
614,0.025878053899215003,0.380910287621372,0.24782608990948352
615,0.024948581403242402,0.3582220831467622,0.20566599840869612
616,0.02459815102738161,0.3508388610535919,0.19451362642499448
617,0.02638664082009949,0.41010562097038566,0.2545456700657478
618,0.024782285243170905,0.38225521055913814,0.1399511348758977
619,0.022400345896566417,0.3300077255472861,0.1432819951635487
620,0.022912831631456274,0.3217392991164396,0.23198968471781992
621,0.023381524315181295,0.33157950780662027,0.2577393733781266
622,0.03287627610816807,0.5436382318645607,0.17345506233649838
623,0.02636779223556695,0.38515193779260004,0.11865528265878679
624,0.025158248149864483,0.3960441796315971,0.20613324420975307
625,0.025467288358457175,0.39836453289294244,0.20988722947868962
626,0.02524242937265266,0.3789268851459561,0.3041214923538179
627,0.0247647283773452,0.37487708142528703,0.17444385172202806
628,0.021784606110785438,0.3182888867237974,0.2366154813930536
629,0.02596723873618906,0.4066353138659683,0.2830406191780662
630,0.023625627710654663,0.3530292450496423,0.1759906039368724
631,0.023715044976971248,0.3361381500326038,0.1873614998343587
632,0.024539510134635976,0.3720404184696057,0.23470834917210268
633,0.023290241256837953,0.3467541607970445,0.1964967648425527
634,0.029033781996735168,0.43787855616947124,0.18213011888992192
635,0.02660958887831117,0.38228567659965196,0.35136974602265764
636,0.027594404538250846,0.39663873932441734,0.38526099961268306
637,0.026439373579597705,0.3923049286610011,0.2558308868221377
638,0.02490062607160471,0.33960217240832435,0.2318607797874497
639,0.024209692768075716,0.3452353881185133,0.2776621485955106
640,0.02962489054906467,0.47612744505870475,0.1724384011968683
641,0.022887683601205317,0.32375854818724026,0.10171993437830712
642,0.026899361814879123,0.4035236702097807,0.21902201779829647
643,0.023550780228365844,0.3393100484929533,0.17491148824049305
644,0.02551938021644601,0.3598588261464276,0.3947703154557173
645,0.0278680775755508,0.4468961360973114,0.22867529732029648
646,0.022464187060477057,0.3161237972906313,0.19039322015084453
647,0.025896793737240454,0.39513088592027446,0.3327453100894557
648,0.027345952777262063,0.41513346045037014,0.22035684336443487
649,0.023199201245201168,0.33683379531235563,0.09345257829709604
650,0.02264221284013621,0.3222724213602031,0.1226107478367858
651,0.027875123203711657,0.45446750082282805,0.2537282661887959
652,0.026799481516408142,0.39712116051541174,0.22369687914358832
653,0.02290156807556219,0.3152629402037331,0.1861948172838218
654,0.03090758182198569,0.5027456407239498,0.21879491996027697
655,0.02260365343630197,0.3226145100730633,0.1343896990619789
656,0.02887491990995648,0.46166136310224826,0.23342929164544918
657,0.024370788644257266,0.3395039787740627,0.3369538023646924
658,0.026624674065680306,0.40543148676295204,0.21703618321056228
659,0.02302750985476786,0.3438660776792408,0.11944613480597291
660,0.025821368658094975,0.4080593058403916,0.26585414954196046
661,0.024352001162998915,0.37764164266506917,0.11642213224910522
662,0.024426671273286692,0.3659217786650424,0.3329787353804196
663,0.02507814584439363,0.3845380032036326,0.2484032951175353
664,0.029461739374775187,0.4434830717562063,0.21671949432565898
665,0.026273759887279112,0.37112260253658097,0.16917445706976542
666,0.02938142415593158,0.4347197522969972,0.161864804080317
667,0.026059518999631645,0.38090692798341114,0.11618550485491717
668,0.02619955568425713,0.3936009714822897,0.18788596926297726
669,0.02551971783866763,0.35928855788485714,0.21205950044209884
670,0.026050852754194047,0.3663124191714201,0.2919227814423316
671,0.027230526985080897,0.3923714286868424,0.17103173672112643
672,0.028614865391838253,0.39975161422781175,0.18790317366612982
673,0.025168837568082508,0.34894875783522356,0.15426594150335188
674,0.027512024167405995,0.3747564156924833,0.36469463915951694
675,0.02782389372669807,0.4034067018412081,0.1330458393841268
676,0.030682811514603142,0.4351866438203578,0.20259095887109568
677,0.026074134047394296,0.35111125092128176,0.18508230009136306
678,0.02368584047176731,0.33872146548703025,0.032112279717759706
679,0.024999869563354222,0.32891109436879423,0.3745556686305598
680,0.025277015084959074,0.3528147479130089,0.19087585023315112
681,0.026414917112206473,0.3848206305798449,0.1872923549218249
682,0.028444713944421364,0.4064418508177152,0.3966255586576689
683,0.025988292205730262,0.3728456367318073,0.22087257810265645
684,0.02385678839413423,0.31309336592853654,0.2314365625302383
685,0.027294127856804316,0.413098456653029,0.3026147846273733
686,0.024556713128187538,0.3534509802741902,0.12236312776297259
687,0.02513598912503299,0.3633750747320282,0.10918010780700538
688,0.025213064489106093,0.3640006429028707,0.10755000918406281
689,0.023864171819035666,0.3373888754587124,0.14544886942217983
690,0.030526443708397417,0.5026783738392102,0.16370341565013694
691,0.023448559349405672,0.3411394706038805,0.1633205352114966
692,0.02482771722436136,0.347174224867784,0.307556141220278
693,0.02419142485967112,0.36700598970772685,0.21299332014777614
694,0.024198239666517705,0.3614550989005591,0.1837890628509338
695,0.02361737464158964,0.344141436728437,0.17920725469968235
696,0.02529508095636843,0.38312800552134146,0.38429139148318386
697,0.025501576279333634,0.3471107227332807,0.0945500954767741
698,0.024630092298711916,0.36606955539000474,0.13951169357431392
699,0.026785583085577727,0.41183313916714304,0.2700437560799816
700,0.025042602185801337,0.36921448597898154,0.16879632720572252
701,0.024859567718081718,0.35672592377375717,0.19481460426151465
702,0.024814721815297612,0.3673415542473708,0.1952854352432745
703,0.026301509942799502,0.40073088180593647,0.25012312527324526
704,0.026040530580246083,0.3892073938104283,0.12889634875655692
705,0.02604263511704458,0.3865457646675225,0.17108888983825568
706,0.02630095134718485,0.40626423825141167,0.18714456996969436
707,0.025769652423422607,0.3917508276968658,0.16213296089720453
708,0.025358889641170643,0.3657388650367194,0.19731880074654262
709,0.02316103809936465,0.3255187409905046,0.13578795543854405
710,0.023539583122751586,0.31399004533302655,0.31449630847592347
711,0.028240070127742115,0.454710298783198,0.21909312619683952
712,0.024377213141487643,0.354201365701787,0.17278026119032164
713,0.027096728836450912,0.40714330055807735,0.1163399861318424
714,0.023834535705888657,0.337323691567876,0.15931961003886902
715,0.027675539175011664,0.410918345706359,0.2174626127358102
716,0.02781489622789002,0.3862780006453365,0.26180387386256915
717,0.023665436857377625,0.32623008316047675,0.2867003814223717
718,0.025744559672004952,0.36446229351223547,0.1205420149554101
719,0.027518563693928126,0.4032132515959383,0.1282513174930112
720,0.026249125080903515,0.3823169466381103,0.21204569662768777
721,0.027249180559244114,0.419217779605551,0.14928359319653872
722,0.023838499535485034,0.33774670584489236,0.09553817171605598
723,0.025750188529881358,0.38373477990333676,0.30710945910604676
724,0.023031314305073755,0.3059856193780065,0.0700462167975644
725,0.028541828259956343,0.4368902925141598,0.3264158397800306
726,0.024582539393677626,0.3500390744917028,0.19467084588086211
727,0.02555759675295002,0.39220039537511586,0.10209255866451387
728,0.025149388668218548,0.3794691658209001,0.21912058788653022
729,0.024925109821247023,0.38231780427667555,0.2227163674861681
730,0.023641892446487973,0.34409105289349934,0.22314993840187974
731,0.02477907330625103,0.3729173478123134,0.13243296008292685
732,0.02211320108761593,0.3176351731102122,0.11730309707484793
733,0.02902687711274235,0.4707227037009593,0.1319211497528495
734,0.02317660257658766,0.3380032416980778,0.15434554659308136
735,0.023758869813268774,0.33327989419009213,0.18340624239484443
736,0.026989076702178975,0.42124837088132805,0.293402387490174
737,0.024129492211310125,0.3607201421613697,0.19357816363091018
738,0.02489386354756263,0.35366471237183417,0.42095272816489554
739,0.027807964935344306,0.42000191567780965,0.2559892170428891
740,0.025676507248441352,0.3600768381577463,0.2944723921155533
741,0.028099758126638334,0.4324408309576305,0.30012068456278324
742,0.023802630415070348,0.31517521088853867,0.12659132308820278
743,0.026995450388483715,0.3814600822404815,0.24425265467655963
744,0.02541759359245792,0.35604250325430586,0.28751968162176444
745,0.028486604791465784,0.42833596683434877,0.23547940828442476
746,0.025465396625517334,0.3631152629567405,0.13713159711661554
747,0.027521197110016857,0.4035707217437321,0.21135572841128503
748,0.026906553532242666,0.3908541567683607,0.16241444757863946
749,0.023015689082999075,0.3314632593510652,0.1177866122848838
750,0.026436364207575096,0.3894135784595437,0.1856986868230101
751,0.025348618348040777,0.357274886639385,0.22246953114246817
752,0.02430656874125393,0.3359834176466499,0.22966546747279137
753,0.02519089630980896,0.37721693700616493,0.28189555091543306
754,0.02520266548175291,0.38311503116244744,0.17317356938970788
755,0.02471574620095077,0.38616347865044326,0.17207525828929557
756,0.02463764060202536,0.3537812334459468,0.1790675773700181
757,0.026598477612135876,0.3464625863843413,0.4236371194352155
758,0.027882030070757177,0.40388483683002147,0.18209723940700503
759,0.024502963256479594,0.33127004991782993,0.10164658362511697
760,0.0263330536999265,0.38313060309005825,0.24976729578651113
761,0.026929202428317582,0.34675719314175635,0.46762488718510814
762,0.026150652198082613,0.3420271987116218,0.1944599519406588
763,0.025020576834643458,0.3468768097993632,0.22334109989529913
764,0.026027135846755874,0.3653342945181965,0.41279858144415676
765,0.02880992037883385,0.4155662345172955,0.26642915127426614
766,0.02827749293553523,0.42294272707249564,0.2822606900121822
767,0.024862750005649508,0.34873439682468566,0.20549933080728883
768,0.02873019510226632,0.44782896718770815,0.3144071051019024
769,0.02419447443071915,0.34066536006545567,0.16991168864960862
770,0.024507067104639728,0.35005193813667207,0.34295760852624624
771,0.02735586187429243,0.4137390306311284,0.1904771604930063
772,0.023473007141903913,0.3164740118171241,0.17227316358033437
773,0.023362125156925432,0.3192563715450233,0.26203107094951406
774,0.025461404533561768,0.3905630072247788,0.25374652961420646
775,0.025960024677800037,0.4011885648160089,0.21979027043010904
776,0.024780983706134244,0.37594774295730155,0.18598671211009307
777,0.02347717022913524,0.33172685556521647,0.04723847750228802
778,0.028953983206345648,0.4632814160602572,0.3058600625519753
779,0.0254848791372415,0.3863256429634365,0.15327369789348633
780,0.02469918673858227,0.3640907880194947,0.175128016728834
781,0.024147426862410348,0.34685916401752237,0.3012499329280696
782,0.027718599783323472,0.43348062951858646,0.21886739897774207
783,0.022942215625601076,0.3125705146388687,0.16201365950101215
784,0.02700136434058388,0.42040421258890764,0.26184565690118045
785,0.024363105064468107,0.35775580087133013,0.1660344715784112
786,0.025368591259302783,0.3559898778797137,0.17534034882269509
787,0.027433278202880745,0.4058885547042891,0.18866392295745887
788,0.02268116400772221,0.33089256060953015,0.09313839899344785
789,0.02258023460059697,0.30782789012163264,0.2748104978447991
790,0.02717928253537817,0.42290668055810354,0.2987551563004364
791,0.026266982529714367,0.38320398468462585,0.22910582354971684
792,0.02695954466117287,0.3379741537368483,0.3377187630396775
793,0.02239426964644409,0.29815127915126016,0.08988046980843785
794,0.023614807501989226,0.33673048642996084,0.30773612881057244
795,0.027137077181603526,0.41108577262668666,0.23545633136333335
796,0.02459737373187417,0.36214677487041524,0.18636126637123482
797,0.025255341001019335,0.39092485448117914,0.1330393965589238
798,0.025200485917758482,0.368686531125811,0.16521510107374834
799,0.02267893402481907,0.3166601362317528,0.2314638990380312
800,0.027077685645272687,0.39459103619830405,0.17419817101448148
801,0.02625988194102058,0.385756487503427,0.252279184402931
802,0.023181131353632853,0.34195962770962895,0.1697171715200513
803,0.021878582801194667,0.31184824876269296,0.11133301762385289
804,0.02542125402286731,0.3735560343340736,0.24255234983027782
805,0.02406144634450124,0.3596683495569892,0.12685100119079837
806,0.026011875471467934,0.41438663831587197,0.3662814453781695
807,0.025345180610759088,0.37915775048674055,0.08842446139227472
808,0.02525889871254847,0.376506468865054,0.19391965781191015
809,0.02439120720647743,0.3665867035136271,0.2002895455267359
810,0.022864907991789838,0.3143709083875493,0.24972338321025414
811,0.027545032851313635,0.3873002229385256,0.0851921450840422
812,0.028621295381579398,0.4077070656681174,0.3253954200032046
813,0.030933789838590575,0.46379184479820385,0.1567491111172107
814,0.02668673700450987,0.3659138667918636,0.20467214421497543
815,0.030884929434674083,0.42863564415887534,0.14193360840973654
816,0.03538252602419557,0.4653991905789808,0.2943646596308703
817,0.030018879462771042,0.4079039723152763,0.20552281242175274
818,0.02288969463977866,0.3248373515526806,0.07927744330758554
819,0.026473321028950322,0.38175942444853983,0.13545911656799214
820,0.02561412595684803,0.3698048253029863,0.18898269669645654
821,0.02365759395425092,0.33764980667884475,0.19316697143486647
822,0.025162081081367537,0.36570610611982596,0.1411239735502581
823,0.02534744860152965,0.3738328654248,0.04114828228604855
824,0.0262421859243388,0.3896869905394643,0.21223781463250738
825,0.024661928201370864,0.36772324477304535,0.2557987141276275
826,0.025479871713858047,0.35870776868860965,0.2885564093491543
827,0.02358915763237746,0.3345629127951179,0.19047069777993478
828,0.025949999275029317,0.3762128757321128,0.34155864672735164
829,0.025755966152984196,0.3914905796776023,0.23842469897114404
830,0.02764838614090559,0.43363864882388986,0.19296592129908166
831,0.023945399160951116,0.3517384064849624,0.19711045254257487
832,0.02712392630157268,0.4336948463042439,0.2764721186113351
833,0.022498590634121792,0.32019151216054015,0.16183771047324474
834,0.0238683451090468,0.33874715337326183,0.16260604064523998
835,0.022592454679242188,0.32240568808667885,0.126555919348363
836,0.02788668960805879,0.4506330670884546,0.3926713276000363
837,0.02436875673448163,0.3668198172559161,0.15679712481871697
838,0.023024822798992414,0.310235933914795,0.20271083152579938
839,0.0246322122769216,0.33012896964971694,0.3021948877836683
840,0.024870909349630734,0.35290638640800315,0.3394482820507193
841,0.02436768425396974,0.3438751307076656,0.20093619746669522
842,0.024430769518094864,0.3175719062614339,0.2311425581101009
843,0.026152593231332538,0.37015903946876044,0.2396875171731496
844,0.03405615408805552,0.45578172726195315,0.11769538331470752
845,0.030005511322040945,0.36630858760205054,0.06544090976456722
846,0.030641689302074736,0.38462893492393874,0.0848473323783796
847,0.02525665916464627,0.34617904754111,0.04563004684702047
848,0.0294213533198036,0.4525158665769669,0.26811493887637894
849,0.025391451139134928,0.3535790072085658,0.14648089258338634
850,0.027191939912378043,0.38475853526086706,0.2020439589313996
851,0.025501853293387142,0.3773912944903669,0.2274922356486383
852,0.024355185462653153,0.34667984554207115,0.21265394681839897
853,0.026810401849510054,0.3973129117232561,0.17301496379599532
854,0.026762933489049245,0.39274110691533726,0.18766936215345947
855,0.025684390736948386,0.39263168390442466,0.1972396000872944
856,0.024939863740130748,0.3330093472281684,0.2138655592478002
857,0.029615797749212976,0.44920158776567926,0.19590873395727554
858,0.026932339219358326,0.3815417634416642,0.15944348708920258
859,0.027205856627112245,0.399437888897899,0.2318949450636462
860,0.02703966557417121,0.3883150832620161,0.19744880452687563
861,0.022600953797507737,0.31606976857141605,0.16087092241186726
862,0.02724530909695799,0.40249330893804036,0.38425956487097446
863,0.027255211431496368,0.39657802349588217,0.3180349667699281
864,0.02464079797286048,0.33890906699320755,0.07882738770269074
865,0.028183229500360413,0.419228401522501,0.17711626463260233
866,0.027127345288283086,0.39863376730997657,0.15971782649696142
867,0.024559029663073165,0.34329545130145994,0.09109474408575204
868,0.025046747869831465,0.3735086631331443,0.2508144442007534
869,0.02288979020376388,0.3284693843480701,0.19277244325093873
870,0.02524941884916075,0.39305744599194764,0.2797630001024013
871,0.022466154855242827,0.3189390424417585,0.19083570329063917
872,0.02588984643657589,0.39669019977824205,0.20747274468668792
873,0.024967762299473475,0.37420755697956326,0.2451292977778845
874,0.023515955067831596,0.35239002776451883,0.2200461808237244
875,0.02571377585985692,0.4009867575414608,0.3181184445814069
876,0.024595925215151113,0.3640014498340241,0.22056750604099068
877,0.025390723671468978,0.4028293869209998,0.18702624761137412
878,0.022599801362002396,0.32731329959195904,0.14797951652396638
879,0.024231672822470244,0.35752522100487416,0.1416508721520166
880,0.027040478816461815,0.40431197477849773,0.4664192703278355
881,0.026113833392661805,0.3973751307917323,0.22019205752270973
882,0.024487649489168126,0.3659802054755709,0.08067344216217377
883,0.024329954402837695,0.34749746625014705,0.40227438587534464
884,0.02530594813118589,0.3729602251115104,0.10897921255873352
885,0.02865934575220226,0.4220235130631188,0.3987550898450187
886,0.025675324470324043,0.35821104590298813,0.09112914278716047
887,0.026806302897042222,0.3827406750979682,0.28439749405832454
888,0.0293294411468308,0.4484167514181263,0.21124967098080438
889,0.026020614895927982,0.3818131626498171,0.10706135378513733
890,0.027988492566536856,0.4219286004015706,0.19598034898893976
891,0.02675863819693741,0.3913477104094773,0.11104638231975786
892,0.027908368718611822,0.4119634521994475,0.2201370004855733
893,0.025068043695212372,0.36122316304004254,0.08686240852540209
894,0.023229555302166086,0.33800141653802346,0.06408847334883194
895,0.02485036453078837,0.33790621838849666,0.0900613698246464
896,0.022771589038708785,0.32106155142280607,0.14403930608467094
897,0.027980282689321262,0.4518989099635135,0.3044200337156884
898,0.024024294380118282,0.35280230148395214,0.1960902102725344
899,0.0239463802050212,0.32139548166441856,0.1170468848840106
900,0.022932306309263382,0.33960544724962893,0.30435081164359745
901,0.024995867926947555,0.37778112176860085,0.19096265515110422
902,0.025039194461374606,0.39423677859451456,0.21627950214179006
903,0.025262757217477148,0.38583129785432935,0.1251627374053419
904,0.025818826880032918,0.40665562540062344,0.28114984387223174
905,0.025230624039619304,0.38312317022550396,0.18365406052625655
906,0.023575862480601232,0.33883093302438444,0.08497461208760984
907,0.023846241335837952,0.35925203665445804,0.25779412121497036
908,0.02425966303819224,0.35338784641941523,0.14263200457053063
909,0.023239544249539404,0.3426116980051471,0.09938700658372723
910,0.02377304485744236,0.3538428817333919,0.10550212234439062
911,0.02670855714948732,0.4074991930023185,0.2910325722261509
912,0.025179965098409137,0.3532499338368867,0.1395844431890581
913,0.024266803154598105,0.3383327735307136,0.3282453861796642
914,0.029365907651643607,0.4663325550558723,0.3376997906201446
915,0.02313710685454168,0.3099412170375835,0.2272847315597657
916,0.024873462609493965,0.3751321512729689,0.11783061973561594
917,0.02473359305729243,0.3583418653822557,0.3496041470487971
918,0.02623408765488025,0.3903905141687541,0.3365977002867204
919,0.026125373249225876,0.3827324868254486,0.16747036337351523
920,0.02435474644157788,0.36554744745742623,0.22706007836306558
921,0.02542181926802924,0.39242889411899723,0.1918659247819777
922,0.025879990143234756,0.40884973027114674,0.14176894647267835
923,0.025185730634794477,0.38358411317009183,0.12811669869173065
924,0.024978944133934124,0.3904401030696369,0.19870188388680912
925,0.02308682965465379,0.35095265339612697,0.17170279180886086
926,0.02421321522058805,0.3587800513518037,0.2671925055008616
927,0.027389783020533076,0.4347396687599635,0.2106053568025802
928,0.023178172394835724,0.3316076509661838,0.16184576159331668
929,0.02750297483680719,0.44260638483807324,0.25381171818305337
930,0.0227780838409961,0.33203608676736135,0.24191900331307764
931,0.02398978488920043,0.35589556262226807,0.2940236344362787
932,0.026665383527326746,0.4257917377311718,0.17579980294422556
933,0.023944896335506536,0.3637070410995497,0.12279046182484674
934,0.022622193559427427,0.30482529830449495,0.1394113608503187
935,0.029372880922403196,0.45489678842758263,0.2843570011568716
936,0.024030490811820945,0.34436296622893836,0.19240525657716903
937,0.025846987330725397,0.37407882442974044,0.18056610602982043
938,0.024744561328159716,0.3611355308915525,0.11773765863183475
939,0.02336047542661437,0.34212977939049416,0.1887424763198718
940,0.025477276811666175,0.3989617017550018,0.11587119081299384
941,0.024991622680033083,0.39844906954833337,0.1407503191124021
942,0.024454843556096117,0.37736068245008625,0.1874560589000105
943,0.025704550115160863,0.40511547579529816,0.3057748855177239
944,0.02186984752722938,0.3125934000065508,0.11504612992174246
945,0.026313545564143156,0.39912996911567206,0.2713389739733903
946,0.02328784123358952,0.34229161093037586,0.17173602159435292
947,0.024609294581078738,0.36543512845304393,0.268848966058958
948,0.023060121321364015,0.333651164768539,0.12918390205592137
949,0.0249203621796579,0.3825969438691586,0.29792846518309973
950,0.02436380226719744,0.376211700919155,0.20136961482996857
951,0.02607211396755103,0.4128880074327518,0.1464957681523058
952,0.023254150302639588,0.3377861306194701,0.12973657713319772
953,0.023744846938646414,0.3469359900997896,0.11805227594710344
954,0.023444579106607202,0.3483929757940829,0.16018047336117533
955,0.024821813724097867,0.3662877377493227,0.2643998456043988
956,0.026527088897296536,0.40835665990670095,0.2166929234721459
957,0.02439507485078072,0.32058123499370345,0.2026128045549732
958,0.024577824045077704,0.3371562772166728,0.11274409564429586
959,0.0251127733462609,0.36261226392972606,0.10709639820579614
960,0.024992549576695014,0.3577168160375267,0.26427234658694154
961,0.024903003060057025,0.38004615227817323,0.18779716810402455
962,0.024362692436776516,0.34733641875472043,0.22257379868198762
963,0.025193456406980577,0.38246698650838545,0.2191818970426104
964,0.024953495877710393,0.3855593255166499,0.19936075155588567
965,0.025946898778803833,0.3945987101330234,0.13766190089728675
966,0.025236600071047013,0.34624882542539515,0.2176320563275689
967,0.023597859743353534,0.3323938551554188,0.2703360656491951
968,0.026196477660639685,0.41045332610681196,0.2822461968810267
969,0.022778478998657124,0.3269282406981619,0.1566344637672298
970,0.02518388402630286,0.4005969909480534,0.29036052820896874
971,0.0227769357000145,0.34269149029694446,0.22546340720528188
972,0.02493787943356035,0.3929438938206279,0.23613655216657076
973,0.025420343547837832,0.40148884335164137,0.2107285597674784
974,0.023574884641302432,0.3654817371298606,0.19631068955284897
975,0.025691794421806913,0.41673527072863253,0.2120647340947258
976,0.023577171486504348,0.3615065085784986,0.16006551641390757
977,0.02225676184447173,0.3087843405987767,0.2869912368819901
978,0.028823868618651053,0.4653158626238786,0.2615690877068758
979,0.023082988207126065,0.32467378999684304,0.13183558797932418
980,0.02788161920495028,0.44797735321125387,0.22031114770411603
981,0.023832304393948702,0.3417010855222383,0.15209241238245186
982,0.024121674161779003,0.3347290763517244,0.3203561606357271
983,0.028140603893317608,0.43536023826547815,0.2747182985109007
984,0.024902661211675656,0.35227485421547383,0.13828256712279036
985,0.0229246003206778,0.3159844817576821,0.17924151219611265
986,0.025042876910566742,0.34285286319406993,0.40369271549091795
987,0.0257631689291993,0.37683389307114484,0.2927716641187088
988,0.024468961184079818,0.3549989376489902,0.11174172823592046
989,0.023851176278518387,0.33130273762250595,0.3060614564210103
990,0.02297290625822555,0.3196949293221007,0.15331932471371398
991,0.030373626275910844,0.4918685395251775,0.2258693270435119
992,0.0227980016300852,0.3105284188424633,0.1103426681660653
993,0.02357808161144493,0.33047373686156456,0.4823279144318387
994,0.02532193675659666,0.3759564975123356,0.19868756098857532
995,0.02466358733844837,0.37314241958469996,0.12788031906950845
996,0.024586071105749608,0.36746923914600527,0.128708310085655
997,0.025732879352259038,0.389042586632815,0.3340620172880861
998,0.022880304591136207,0.3253861760848049,0.16262109521512527
999,0.02315443755659161,0.30977334059974543,0.26221573777739526
1000,0.025919124361405435,0.3528372171128865,0.21179061695167956
1001,0.028041476568762474,0.427879938812962,0.23649888187245616
1002,0.02369517068918675,0.3164442579027473,0.143075443319341
1003,0.026192366493052333,0.3729917571687524,0.11619828373858657
1004,0.028032817908071783,0.38812080889893014,0.15122606024723645
1005,0.02482006025772268,0.3611552837466408,0.2492562056128099
1006,0.02467133945247018,0.3717695142319692,0.25241990511536044
1007,0.025779513906137985,0.379791521302501,0.22223058703130855
1008,0.027735659673453397,0.42365964012775537,0.15401966932298863
1009,0.025876807261635174,0.3672939297380652,0.2729938632430482
1010,0.024199532426645683,0.345786344897385,0.11406511116744758
1011,0.029575797048734344,0.42244019636277097,0.20355078732309503
1012,0.02293302631084904,0.32653012499200534,0.036889482341559456
1013,0.024629336440793827,0.32952748370117557,0.24336995767723457
1014,0.026669633145967837,0.3768012639248567,0.3167688701763089
1015,0.024261396629778637,0.34419416523881646,0.17538206856334654
1016,0.02818323858350688,0.45350849875053284,0.15735408746097618
1017,0.024401873295523072,0.3372792338587272,0.23488597808940084
1018,0.024641544107915837,0.35151973364094946,0.1520280420069225
1019,0.025789155324067812,0.367407937503259,0.3042543040444861
1020,0.02639356752345852,0.3887682447012401,0.21265415795151343
1021,0.027351584895291936,0.4344637429622,0.15920249004343145
1022,0.023922870868648943,0.3422045376677446,0.2455671722080736
1023,0.027239277822061835,0.4081511144631396,0.14912240125558815
1024,0.02488794681621101,0.3685989911276637,0.1606687494051806
1025,0.026239757689509,0.4069318152074131,0.1646679812498892
1026,0.02515184134323248,0.36889901388525015,0.23669385802615597
1027,0.027851323565681582,0.43817143977300327,0.31544300683610454
1028,0.02387422447183299,0.3361228856353074,0.20889686746414055
1029,0.027993961600299537,0.44922686747022517,0.24859657580272426
1030,0.023369443121097434,0.345800953408859,0.19926425610491255
1031,0.025259284083246285,0.3848076956816614,0.21279603127029403
1032,0.02441491564066725,0.35061878259633544,0.23023051065564012
1033,0.025053652490705722,0.384240304367877,0.3074197536136017
1034,0.024413878636712082,0.3711035854607708,0.19207719746729218
1035,0.0250701894869077,0.3733806594846563,0.23488965226595618
1036,0.023832592717418097,0.33515122915774453,0.10767149503269072
1037,0.027489405493927664,0.4262682841806525,0.2638388398177817
1038,0.025253857536743637,0.3805003913038081,0.2026171861989946
1039,0.027911262319119702,0.4313879861072144,0.13234819770866216
1040,0.026013107727851818,0.3871410091606282,0.19244161038127633
1041,0.030122735086410442,0.44709960757824696,0.09103156320371326
1042,0.028916124249076938,0.3975492953386905,0.24844608242792077
1043,0.027481420453914825,0.38872050593180923,0.15164489648705468
1044,0.026749524794108078,0.37102007294186645,0.24874903033788973
1045,0.02687635730282782,0.36809254029254346,0.21315364205861964
1046,0.023886630416483957,0.31640031638170896,0.1288587495699147
1047,0.02749255412573481,0.3854940369433806,0.4522857877595782
1048,0.03071350915335795,0.4773072637138305,0.2622457037480864
1049,0.02552722069065784,0.36297993260872813,0.05636510427766467
1050,0.024761050718165315,0.347123094407912,0.19348055632770977
1051,0.02478189155853594,0.34954450248931085,0.35688755981212533
1052,0.02650002062792246,0.38355659553918686,0.06631997326088689
1053,0.027021626802356414,0.3884803197154688,0.3006745048023532
1054,0.026476409039882316,0.3924770695077689,0.3635920037938308
1055,0.02408059972210958,0.3362530800333201,0.22110594682481272
1056,0.025397837122622564,0.3605443268955323,0.22091131381039755
1057,0.025354353933382257,0.37322982100565405,0.16569956763116334
1058,0.026914320576671785,0.4248031767470127,0.19655525850163866
1059,0.0235508754783367,0.3531205245347586,0.14693642538110727
1060,0.02664333015389065,0.4235975500032602,0.19972047933433454
1061,0.02649524917796654,0.39968334509203157,0.18461805498790032
1062,0.026244066739536467,0.38795731557604085,0.11920530137526023
1063,0.022639771594118382,0.32850084201424623,0.08077106192614134
1064,0.02620702721576931,0.3982809495502547,0.264590331450146
1065,0.02434109939381746,0.3691034377641239,0.16526205555670634
1066,0.026876654217312213,0.4010259804602033,0.21774143462652504
1067,0.023978007102901246,0.34109213617097994,0.17727214606686595
1068,0.027527573533211374,0.4345574143207569,0.27508586134569757
1069,0.02325688773731974,0.3408971357346351,0.1770203177947168
1070,0.02730009579399901,0.44311724374446604,0.2932167313011518
1071,0.023041117736264265,0.34221004585429077,0.11692029723444221
1072,0.026931592525644265,0.4174682618731526,0.15495997437833475
1073,0.026076137565523263,0.3926392378395012,0.17246492543083278
1074,0.026658882360463227,0.41236472245906214,0.2114138163402663
1075,0.024664642601835044,0.37272375491447723,0.15584686316279894
1076,0.02807780345039937,0.45219773413239545,0.1799913294788846
1077,0.02351480515748976,0.3317323566774724,0.24067795486086402
1078,0.023103930237155654,0.3168342304073053,0.451923652083685
1079,0.024614748344590227,0.36192705713666956,0.2793593308804478
1080,0.02483353222157221,0.36759360239344235,0.192179041081638
1081,0.026427679429847042,0.3656118504101137,0.25090295189119693
1082,0.02843455993997841,0.39893158064965223,0.2869573963890433
1083,0.027650794376169425,0.41163454340334443,0.18161542854988716
1084,0.022508782139083732,0.31476577256824917,0.0876116643979261
1085,0.02193181893153579,0.3147938623253167,0.004849270122466385
1086,0.027470080574605208,0.4329491283972142,0.4293598492702499
1087,0.023736174303496567,0.36398497063226964,0.13353927123571804
1088,0.02550625331257509,0.4092345930047406,0.19981980598911284
1089,0.023185347436863752,0.3559434741496217,0.21454895034305624
1090,0.025216582411044842,0.3809646902326526,0.22693209558652067
1091,0.028075136010559797,0.4196934267395582,0.25050158247156207
1092,0.02349355954935885,0.31765758945904543,0.12569439339147054
1093,0.030466967260761552,0.48651557478398416,0.35356548582311415
1094,0.02376153814186194,0.32897468372359945,0.2815279246524571
1095,0.024479880080889648,0.36234553822755816,0.24759693237063743
1096,0.02648125701447686,0.40815047024309203,0.1641106836438629
1097,0.02515103537176046,0.38647145581324094,0.14253762954754065
1098,0.02380860216259274,0.3343422884322751,0.18563115793259888
1099,0.02953581465058036,0.439163037747548,0.4200845547979698
1100,0.02429226605334057,0.3359925283621219,0.13063493188452338
1101,0.023895107512141352,0.3446298971076332,0.23552366628293928
1102,0.02481691857237256,0.32935899822968484,0.5303549313244726
1103,0.02655353776673654,0.4106849504877254,0.22896231439588194
1104,0.023050799383316913,0.3353875815739589,0.21605505847198186
1105,0.025458268174521532,0.39485378765272533,0.1618823774048599
1106,0.024556400401641785,0.36605086114435703,0.23046686630434574
1107,0.02442340438326591,0.36070973815221824,0.16146029866298658
1108,0.021265499885076807,0.29319476051079146,0.3172869811192032
1109,0.03165125412265985,0.53854493963637,0.28077884785784496
1110,0.022143403337589688,0.31060186658607714,0.17207621397628592
1111,0.02322405162972284,0.33262319104525734,0.2177479327282005
1112,0.02140463644229187,0.3024027350975726,0.3522917593913971
1113,0.024810619733032682,0.3666787235974665,0.3516804614120797
1114,0.024129919254895743,0.3456846863730271,0.31346181699398623
1115,0.023289298908030436,0.3237852231793914,0.1824163209850748
1116,0.02683592479067292,0.4057769886164541,0.3433607872534551
1117,0.02860447563162216,0.44184937936593965,0.17427629252235421
1118,0.0240853931429867,0.3457996795209681,0.23363785453102925
1119,0.029964033663867448,0.42578678133534326,0.206768621376242
1120,0.029209541437073945,0.4331786909543596,0.15024688863052096
1121,0.028426304165748807,0.4086096531016581,0.26832170866533606
1122,0.023667511901660093,0.33093849247134244,0.10628095006462332
1123,0.02625375046056177,0.373214285179075,0.194077267042574
1124,0.034217164225390964,0.4515935062059507,0.09148865473082728
1125,0.025051529216472686,0.3527753382877611,0.08629448496431219
1126,0.024559286926100408,0.3712805438550392,0.12721858710584977
1127,0.025562761460002824,0.4000637298314445,0.248455208628489
1128,0.02235444632731473,0.3282313397424289,0.2116399107118869
1129,0.023241180462040302,0.32799617268880377,0.2036609876671066
1130,0.025216503221096864,0.3751875049002141,0.2805781561844381
1131,0.02928567843444095,0.4586391141165734,0.08334437703324485
1132,0.024753419203402977,0.35574315558041486,0.21109046277170512
1133,0.02424993883862677,0.35800741853783236,0.14499599855874254
1134,0.023043951004287647,0.3263064549139328,0.29448870290075285
1135,0.02287105695809661,0.32084999833027744,0.1938884884538928
1136,0.023674742966526947,0.34038789947507314,0.2279532066296506
1137,0.022745993905847754,0.30675362464745776,0.07811325607267497
1138,0.025675769998493525,0.3559583140946697,0.14239788132962855
1139,0.0282110959085133,0.42401855568377544,0.117467146623127
1140,0.028167704264705364,0.4086652451899169,0.20692162634370664
1141,0.025752007041674446,0.3810563675740776,0.2224808632973687
1142,0.023313602469881164,0.3272694148248938,0.10756067188157743
1143,0.023704857668509795,0.3534954064958713,0.34879351164717504
1144,0.022590029355269936,0.32885221670634374,0.2066686162901153
1145,0.02531657422876602,0.3777812356116367,0.35173944162144044
1146,0.02405403479103627,0.3538636742189838,0.19249374910268058
1147,0.027149790366683715,0.4416438657781161,0.2292759549211329
1148,0.022292035548874697,0.3225049353328651,0.20584796702907207
1149,0.026962804036559575,0.40288607909048885,0.3221879813094667
1150,0.02417408011388293,0.3461684966357682,0.1174638582801901
1151,0.02501948130092467,0.35864769359791854,0.2129133997583255
1152,0.02568225391173778,0.37784437062734655,0.23936084287316972
1153,0.02569604533756583,0.38812481273697447,0.19629225828535227
1154,0.024422197557106073,0.3590513767122865,0.23740652411010874
1155,0.02614556543971644,0.3970302934269208,0.2397762249361836
1156,0.027451687556349462,0.4053116669151873,0.18420667822194917
1157,0.023601480557966355,0.32651727909432415,0.13088666087267992
1158,0.028176663494012804,0.4444879220523804,0.2006625862673644
1159,0.023270021569189534,0.3465090270510584,0.17257265551005646
1160,0.027428201934320513,0.4448865607727868,0.2864887356588946
1161,0.023413794228875916,0.35328328027714584,0.1747634651304136
1162,0.023891679669732685,0.3512196168762734,0.2586610793987879
1163,0.02460789335015714,0.3788095475066287,0.21623636162074758
1164,0.022804277030721187,0.34625146502576437,0.25719946078870803
1165,0.0255080765029285,0.3947396361143504,0.1419198828809267
1166,0.027631693449336154,0.42817048068675223,0.2741112120627129
1167,0.022654829289993957,0.33369499018168247,0.2017450538570242
1168,0.023502474621346,0.3463649410922064,0.15156884354147382
1169,0.023562107542608346,0.3507258600686776,0.12799468635837466
1170,0.02202593650669746,0.3186289452046775,0.17467251189206331
1171,0.025032383445805627,0.38641827729559497,0.37344011974021807
1172,0.022993326322439302,0.3239429109268736,0.19153144334031258
1173,0.026494344821943683,0.37546493725607494,0.24817036596853048
1174,0.02339844645965833,0.3402163176829075,0.08914549968522066
1175,0.024138552474283037,0.3653525796695341,0.13868600631895128
1176,0.025259260641427486,0.3745042788368935,0.2819252215207795
1177,0.021499217097480778,0.31512593694709135,0.16566200059890157
1178,0.02522212366070339,0.3756880125976039,0.3566654722321137
1179,0.024240571982720335,0.36482963267346585,0.16731619876943857
1180,0.023708932406630502,0.35052570678674416,0.19254932001012828
1181,0.023105443980329696,0.3294784557021208,0.38327366581060884
1182,0.023217002298308243,0.3265795703158825,0.24627805918511994
1183,0.02570536342464661,0.4078579258826287,0.23850677180102628
1184,0.024351421003117157,0.38026686892458983,0.15021651146894513
1185,0.022714242050626453,0.3348289826514711,0.21967156093036053
1186,0.02615281696253812,0.415171412591206,0.21104365841697187
1187,0.023378385971467793,0.34473766708917813,0.2006751733624261
1188,0.025531515248108344,0.3893994194500636,0.2910991285954288
1189,0.024733414615391656,0.37584558221012926,0.09964293553569341
1190,0.02293406081909086,0.33067753374091974,0.101276780336921
1191,0.0252978978977207,0.35143932167843356,0.2216592077152437
1192,0.027950069396615037,0.4314346788753299,0.2877274903836937
1193,0.025013976892544434,0.36672097743532206,0.13108006598401836
1194,0.027304059492361168,0.42571835106783845,0.21394342732689162
1195,0.024109921414131822,0.3576616898008875,0.1633771611059788
1196,0.0252716001879378,0.38269644202620395,0.22073013960616153
1197,0.022299444732805655,0.31468297219182156,0.11207688974979406
1198,0.022640572168273844,0.3337268116293109,0.3426734338841833
1199,0.023769482006011564,0.34494735685680006,0.3055117749849402
1200,0.026782425914811756,0.4235584080530501,0.19465333280930192
1201,0.025515387032598088,0.41177817407191436,0.11882607738036646
1202,0.026841560179761383,0.4075506548018265,0.21769482477049365
1203,0.02578208931350349,0.4053694495132712,0.0900184492879581
1204,0.025128706751368645,0.3790845639744841,0.19406435651081946
1205,0.02372117019096537,0.35867907792800147,0.11685224809784973
1206,0.025318722177264046,0.410923249219462,0.12109497454489629
1207,0.02291245597894469,0.3337492823888432,0.10472414662288992
1208,0.025850361426265123,0.3955336495469817,0.2396262159691355
1209,0.021268628445827973,0.2984693637351079,0.128482452773297
1210,0.0261661052879746,0.41502404118137404,0.3921048126182766
1211,0.023761153932417355,0.3294381952170169,0.0949390022652598
1212,0.028717167611330165,0.41542357871264424,0.40443853339589203
1213,0.024788142483200996,0.35182188430853484,0.1816495225381777
1214,0.023330942680910554,0.33758999464856493,0.05035287927557382
1215,0.024223594437473895,0.39037764619166426,0.15729167390948176
1216,0.02457273779559258,0.38665675307787717,0.1932625612494752
1217,0.026130369066138942,0.4043693002707633,0.10792076633652622
1218,0.024352989132349703,0.36089136454078263,0.1896309628444693
1219,0.024339198866108896,0.35652819284504245,0.32227560322837234
1220,0.027672425838015696,0.4339375582234565,0.152418698474023
1221,0.023982464825459442,0.3641934769452438,0.2027578269032931
1222,0.02491978447060545,0.3773899890325613,0.40004178776285876
1223,0.025323500776788084,0.38847282140651535,0.25377517982676207
1224,0.0246861545470398,0.38308692378296116,0.22819922242388654
1225,0.024121097030477327,0.3698670888751106,0.17823970109144904
1226,0.02308869534673734,0.3133409731379751,0.14263211474312928
1227,0.02204755210113801,0.32372740287307167,0.18945968401061208
1228,0.024991977816371788,0.3808282831301696,0.3132708761172718
1229,0.023947560802101694,0.37780764989782584,0.14059571158380374
1230,0.023659324041414003,0.35155153079734897,0.17972173144336395
1231,0.023866850487292705,0.3801621713573554,0.22182342475179126
1232,0.02433207720157688,0.3894312053085955,0.15552741710027584
1233,0.024171815169626052,0.378461366289896,0.1502237382909655
1234,0.02495987771269573,0.40406177223941847,0.26726553888167653
1235,0.02416984249353023,0.3866064593916542,0.19025860368564232
1236,0.025186773093333035,0.41125424530089144,0.160286524183628
1237,0.024070206334915564,0.3654730142040438,0.14000137701327667
1238,0.027298642833096746,0.42658006428730305,0.2024633854634891
1239,0.02409409613224804,0.3534068383229006,0.15183997307160355
1240,0.023641690774825853,0.3505278040517634,0.13172341359987627
1241,0.02418158126628632,0.3490039182245368,0.15884177369060987
1242,0.024431851916283987,0.3581212688521033,0.12023189001021965
1243,0.026183259559338895,0.4024234122836188,0.2550880751620516
1244,0.023958241656222477,0.36157705052087846,0.19306199422234172
1245,0.02513586441567122,0.35478273281874323,0.21241486941412555
1246,0.026544461948192617,0.3937894174931918,0.18573002891949922
1247,0.023811185007438045,0.32766734505901196,0.18870288809243016
1248,0.027261621294517,0.4241803172125776,0.3489499643831876
1249,0.02365875995699306,0.34563165014534514,0.1258970073789171
1250,0.026581907016115215,0.41569852652226297,0.24228395879185682
1251,0.026235867244280352,0.41083243733586744,0.12006849857936316
1252,0.024388671865576826,0.36555582441616224,0.1481395865017382
1253,0.02470708759463181,0.37835439948418936,0.15317957086365913
1254,0.025636298118656288,0.3586853985799092,0.13378800687153786
1255,0.025095293786954673,0.37381874913474333,0.16123307861484382
1256,0.026369941680264183,0.41248831299472916,0.20572178366444027
1257,0.022218926858739524,0.32648218153817193,0.14943479233780912
1258,0.028524641666767037,0.479968116114064,0.14480859530092483
1259,0.022719846345380018,0.3371402871588465,0.14079063831138924
1260,0.022934445693246954,0.3201703192348505,0.2167087992263597
1261,0.02790692439686296,0.4422814360285828,0.3412178271812869
1262,0.021686992537646933,0.3095563106303197,0.11129831274200958
1263,0.02818916241248667,0.45301431195434877,0.2841681855518346
1264,0.026613154489329428,0.4025372289023872,0.23372153320160777
1265,0.026073915416206593,0.4022624335318317,0.1466336039240089
1266,0.025469779097758327,0.4035891626433155,0.14640988864174687
1267,0.024031838713578627,0.3723301730762408,0.1695287565545728
1268,0.023502658610767495,0.3770418107495446,0.2529543666421888
1269,0.023259436605423896,0.36167081425143394,0.16085701563958973
1270,0.02521052549425163,0.39399045326738086,0.23678716267023336
1271,0.023546586871714466,0.36671722948200525,0.1283235037450527
1272,0.025300587285239644,0.41877664834159223,0.1267263718653353
1273,0.02196125115226669,0.3314011228655221,0.1995464095356047
1274,0.02694447187693808,0.43242120120153044,0.2581390399213684
1275,0.023414724266278084,0.3442319414592816,0.15431458833415865
1276,0.027568973203888195,0.43842571655350754,0.18095978261953274
1277,0.024409766151723012,0.3811451163574501,0.14767675583297735
1278,0.0246033717153604,0.3727207285659795,0.24670520620517425
1279,0.02560102320223621,0.33726011312202775,0.07975710910189678
1280,0.029565039101795556,0.4158949237003284,0.25983042326184275
1281,0.026838637816239665,0.3982745448084251,0.1362471077039591
1282,0.025449038509012915,0.3660080674620747,0.15390254401508693
1283,0.02396224577216187,0.35340223036595736,0.24521328380229102
1284,0.024804722529457448,0.3749090201514637,0.17117709669526995
1285,0.02615613131947959,0.396692355410452,0.30709571469773134
1286,0.022614337322245024,0.3301070082966438,0.12244604458867756
1287,0.025851562811777945,0.4131569197572179,0.17835697996389938
1288,0.024351789006321622,0.3796805300519843,0.16443138097200707
1289,0.024363989508497826,0.37261347277906803,0.10331559537233795
1290,0.025471246096304336,0.40392030765549314,0.19697932862774287
1291,0.024824701459170588,0.38912564936010746,0.13003606252242245
1292,0.02297324555330515,0.3281095296831804,0.19106983617463102
1293,0.02299916486634874,0.3258281201787771,0.4428341896908802
1294,0.02631359254299138,0.4175021130764748,0.2237189483174147
1295,0.023754121091298066,0.3500585935464151,0.29940011530114147
1296,0.025850395556628034,0.42452205347338007,0.16992134068160808
1297,0.022021602778001442,0.33661178066035435,0.1688844596797066
1298,0.025032717755752318,0.40967526833431844,0.17782909782182818
1299,0.023966646789479674,0.3880882493128014,0.2038138074449744
1300,0.0234157910931417,0.3783265806572221,0.1401348917584889
1301,0.02541256401599543,0.41679566488404507,0.2891930722412306
1302,0.022544492952164232,0.3567510050098109,0.1393269967576112
1303,0.02346179485570214,0.3539943549011415,0.2543768023695314
1304,0.028522520851584205,0.46846745588566285,0.19507044877775032
1305,0.021557508695007915,0.30512790423346753,0.1652620978449858
1306,0.027681620150442728,0.4499115192647626,0.3669054991941865
1307,0.023690602977845043,0.35510564867623823,0.12890839754920724
1308,0.025022551879323486,0.4026580146292495,0.1552835509782753
1309,0.023475532477374488,0.3582380145836401,0.2383120660491812
1310,0.023707107579028275,0.36015283919055874,0.24384772181719658
1311,0.02310533574509705,0.3487721379890136,0.1381075750806841
1312,0.023257560075093508,0.3380284694060986,0.24125005239652075
1313,0.02495402315534497,0.3711236416376151,0.16077760041472045
1314,0.027763506515209393,0.38250388937531304,0.46390792038454776
1315,0.029711599799084075,0.4129067524540054,0.1524680809478293
1316,0.02596471491347686,0.37441965485205886,0.050493755991549115
1317,0.024562639343852707,0.3390826527331994,0.17758401452471556
1318,0.03132688035486848,0.4804094184624947,0.220444328318138
1319,0.02420954277885228,0.3238810029457638,0.11761716487593271
1320,0.025510732892831452,0.3644021200150765,0.1898647273943242
1321,0.026761182181715085,0.3851034276728056,0.22843222405027616
1322,0.028124295098776876,0.41645777914447624,0.23811571680692753
1323,0.028896474396754652,0.4229263784397232,0.14953343507915628
1324,0.029368904438117446,0.41946135679317365,0.19246110788249846
1325,0.02636614921630032,0.37983150286462514,0.16209198711761147
1326,0.026697831268161477,0.3582852830251712,0.3210216432067124
1327,0.023596936236901248,0.3181835483531062,0.20237717874866296
1328,0.02517691094932308,0.38064879146783964,0.3148421972041246
1329,0.026104435143636143,0.3862952143605611,0.14181151078100152
1330,0.026692073007456824,0.4045689496380424,0.21502896504543423
1331,0.0250488814333968,0.3700575889993137,0.20104548435240596
1332,0.028228850918463572,0.43788288211859316,0.21375536134883738
1333,0.027780599046024108,0.41509368905693045,0.010238421645635093
1334,0.022480804531152435,0.3197240498704367,0.1371793051438039
1335,0.026615485231261917,0.3760882390622223,0.2940994013346857
1336,0.02616751332894858,0.3876540982152824,0.26595392605513873
1337,0.022282261655969846,0.31470102996296456,0.0934830559059891
1338,0.024120214401287282,0.35595066559323024,0.22301081578267706
1339,0.023767129879814632,0.35285996081714227,0.3545737053386091
1340,0.025381808474016408,0.39111936041719786,0.2657012688477874
1341,0.024457107860328044,0.3671628373336428,0.16891554762944327
1342,0.02410223529270761,0.3751349013327934,0.16497302208501022
1343,0.022624950269963705,0.32244436277336963,0.14602714505546774
1344,0.022068031918149978,0.3054477856503104,0.25088387737384393
1345,0.027798635909933308,0.43468055428421304,0.1248503303865308
1346,0.0225145377346534,0.32624871964400076,0.13043864513977216
1347,0.028326041776001024,0.4532750305078288,0.13679041496014382
1348,0.023097633441202876,0.3364753948429065,0.14139831983557583
1349,0.024128341475526713,0.34640764803474455,0.21212264319607288
1350,0.023987359195174567,0.3347514041161561,0.15262422088629823
1351,0.02343720987358603,0.32515838960033955,0.4647151556470248
1352,0.025124322795125744,0.3725067122622688,0.3382385357932936
1353,0.028899351735793707,0.4673308768825594,0.13697132265590262
1354,0.023620517954638234,0.3339867787242676,0.16262150344651924
1355,0.02730296526519101,0.42605296394642705,0.23188494749536312
1356,0.022671496232257077,0.3163943506844088,0.24355535273709353
1357,0.022780685426114423,0.3061275987419131,0.48987977331691424
1358,0.026298861287388543,0.34884879195549656,0.28698798152461513
1359,0.025973554108779218,0.3650893711691289,0.1852471623937986
1360,0.02480251134846061,0.32752078266225043,0.23173895518677864
1361,0.028395951187735836,0.4240792346239861,0.17364473241105016
1362,0.026348449923715943,0.3591187682318358,0.07185217983399603
1363,0.02689982902807627,0.3752454784663932,0.23172925105496794
1364,0.0255939866258053,0.3449960653415438,0.27110894016288883
1365,0.027549837191583628,0.40961498041217576,0.14875207911687754
1366,0.02494229271960895,0.3438231622696544,0.23908672065904474
1367,0.02653453949211657,0.3431918518624516,0.24863612439929242
1368,0.029716134791198546,0.4105538735308037,0.5433991225406011
1369,0.02623174294518508,0.3443118978888238,0.12803013092658477
1370,0.024851722401281678,0.33700773964444247,0.2866259630295215
1371,0.027360891921700003,0.37080482789818864,0.31402072627020744
1372,0.02944103895857863,0.36968881199129217,0.18625293146076993
1373,0.027876264681479683,0.3664351980335663,0.27634987517234805
1374,0.029804284563293565,0.41953768479429493,0.1254704945046259
1375,0.025601453098302435,0.37074911213934664,0.12755547906232154
1376,0.02506476835675995,0.3624710594803548,0.19880910583369307
1377,0.023871692248234516,0.34284647485604003,0.12497376551609352
1378,0.02740575381505641,0.3829928800825003,0.39880187902370967
1379,0.02355065685982556,0.31652799988414787,0.24256113530735274
1380,0.025792424904169158,0.36610800153600204,0.3026051695355401
1381,0.028140830514621667,0.41373493307712533,0.1448967086714209
1382,0.02436032392173987,0.340624534428786,0.12009300923971701
1383,0.024858935107959605,0.3404855074567348,0.1559933476351585
1384,0.024190128924299607,0.32453025909903704,0.2833831024885172
1385,0.02658278257455,0.38498698848718543,0.17409544340289212
1386,0.024705259428801505,0.3624023915824251,0.05645698719301341
1387,0.023888458128648784,0.32984364887914475,0.28694262728092074
1388,0.024646493407213393,0.3634414599561788,0.25896964458407123
1389,0.026982135071642748,0.4231654665041454,0.17797199470054986
1390,0.02710233152907624,0.3887148931422202,0.18985441439816508
1391,0.023936851868213538,0.32699858023555145,0.11307621562979109
1392,0.025960018551661912,0.35240134978689525,0.14092669331422097
1393,0.025926394814012592,0.33702966447635707,0.11873785812700204
1394,0.025091687255372606,0.3707064149172412,0.22098735845074172
1395,0.026930304691505848,0.42242019242322776,0.18360984466973548
1396,0.024354624208567217,0.3647413950747168,0.1403764286002939
1397,0.024423380452888877,0.3688876764381087,0.2262577937965166
1398,0.02516545294015668,0.3925645838811915,0.20567131103822697
1399,0.022826099690505704,0.32097796567820075,0.32254898890144584
1400,0.024980048027843496,0.37752991838356653,0.2577980414052025
1401,0.024638905118911467,0.3554845915791507,0.3669840228455327
1402,0.026280973179124662,0.3884887862995783,0.18315671532664543
1403,0.022694263169299716,0.32797145090501045,0.14534529217306025
1404,0.023841517417976764,0.35177281817358236,0.26059670825338893
1405,0.024075504982344818,0.35336816491663947,0.23804346360862927
1406,0.023467615673525843,0.34356454071053344,0.24592163419761248
1407,0.02291843143195083,0.3275998122155206,0.3869371864893261
1408,0.0245297898742185,0.36672875622686996,0.09368220974290357
1409,0.024316310249555603,0.3532266844117008,0.24321315818706513
1410,0.022171780218646055,0.31746119015725793,0.11325809439275879
1411,0.02545302803107621,0.3775082288624902,0.29767399886040097
1412,0.0233566554649099,0.3369152522766818,0.10338715874125336
1413,0.02561981485614445,0.39132490525519936,0.3007141242658279
1414,0.023229951542946728,0.3363916663923506,0.18437506643519122
1415,0.025475983850241104,0.3867049785675425,0.23527259966407735
1416,0.025325491029709615,0.36026814059865225,0.22270085028740302
1417,0.02765374325100427,0.4031568792018042,0.15192433786244663
1418,0.02628466533649209,0.3930000534264977,0.1769814631091745
1419,0.029003802878846994,0.45636063478692995,0.07597622381707568
1420,0.027262910847061998,0.3988151959645657,0.1602890855553726
1421,0.02296730928306008,0.32116727219578917,0.11756577309479807
1422,0.031747843464369006,0.5268402787845703,0.21248517387685542
1423,0.023005570345222152,0.3155595337807692,0.16260592478361727
1424,0.03048814592876742,0.4840096087465166,0.4121352425211075
1425,0.02398973132308247,0.3430659417346601,0.11656985956089967
1426,0.028812966450828904,0.44347307274719716,0.009284042536757157
1427,0.026004223036245517,0.3717212839649299,0.15914908964763222
1428,0.025543324964119925,0.39400862780186313,0.20853463381387696
1429,0.026472093816025194,0.3848219288521123,0.17042210360131266
1430,0.024284505382864526,0.35771134148591965,0.09216346226639874
1431,0.02365530332524609,0.34512693423028684,0.06268563263804554
1432,0.02715714422042815,0.41713267628249434,0.4444419959624672
1433,0.02656313860208924,0.40366502248344904,0.11372334975708422
1434,0.022270007864317314,0.3230324027855865,0.05504861628879277
1435,0.02552264209177328,0.380035465109004,0.3141982147825794
1436,0.02492668613257568,0.37234515118474437,0.1600299814688113
1437,0.02237358090358314,0.3121934489666635,0.19169763923270702
1438,0.023966659648186565,0.35227100854051924,0.34890283682307033
1439,0.026334444295102302,0.41738269033625564,0.22875142070160479
1440,0.022687050610921557,0.3238714776244106,0.11656026378448164
1441,0.024816940347884897,0.35529296402678706,0.3998955905413871
1442,0.02418501763627607,0.31559495150201283,0.3599168874066585
1443,0.025632879184915427,0.3780692725183587,0.539769491326168
1444,0.025593667377851608,0.350868836243369,0.320252525570372
1445,0.028523479976570523,0.45085435993315726,0.21766511022287025
1446,0.02375765183058628,0.329766664786708,0.22859487968657158
1447,0.029193162317761645,0.46401601703301426,0.21151138691579635
1448,0.021970326916468136,0.30973025644529584,0.08950741313790549
1449,0.028446061061830338,0.46070785269982256,0.21118307728350902
1450,0.02375968052366815,0.3387152358589438,0.17834490637549158
1451,0.028868385340436807,0.4363348950365799,0.2794811808590137
1452,0.027219511051015728,0.3513406881786008,0.08218601279832924
1453,0.029846585220500377,0.4547943510358212,0.14609952978385238
1454,0.02684787284183936,0.39395586040979164,0.24125794170006873
1455,0.022969231107123123,0.3371271883515052,0.14229559947047232
1456,0.027534503539810875,0.44463167415915783,0.17536786744087543
1457,0.023999846236466043,0.36437895038194595,0.21025458745709982
1458,0.025698436187944516,0.40261184253447607,0.22292669654607322
1459,0.02318166550359259,0.3288280998057617,0.2144763001628871
1460,0.027985671658863835,0.44796158498603195,0.31911697710969517
1461,0.0238533300596535,0.3408283745787778,0.18012294433324816
1462,0.024179710758677624,0.3799286323921943,0.2252274218802675
1463,0.02278060438697566,0.33527423830934444,0.1810884473870019
1464,0.027095675014284303,0.39320798469224116,0.18058629149818503
1465,0.02482950075919759,0.35517442738521393,0.24987645657309013
1466,0.02988524926216628,0.4469737356915469,0.23322202358384128
1467,0.02600502865324771,0.3643652288193268,0.20542038301838655
1468,0.029587083284176256,0.461098835982647,0.18493463198153595
1469,0.023447728980285434,0.3385733463389112,0.06793737190307038
1470,0.024841643816767723,0.3302814694435723,0.2025239350422307
1471,0.0332992043626118,0.5156406106359721,0.22275882578799508
1472,0.025110342685504015,0.32012822475384284,0.19923249145365127
1473,0.026573291648662185,0.3839542647333623,0.22905059096273403
1474,0.025568489146660663,0.37902490652016624,0.15581175188535507
1475,0.025060909223075287,0.3680074799237391,0.11239790975077936
1476,0.022161649592171588,0.31674587410915034,0.1373837949039122
1477,0.023427313574385968,0.31905998351549053,0.3876244186321259
1478,0.028563178302955804,0.4143261388627918,0.18140767084161893
1479,0.028374626366461677,0.43057626570993995,0.1805910452531229
1480,0.024298303263618388,0.36442093129580755,0.09016762060635262
1481,0.024719050858029668,0.3672840835837871,0.23559930376657337
1482,0.02362101180706297,0.3559195193998987,0.21715189258015197
1483,0.02627324899559625,0.4023941865867117,0.2800065371466562
1484,0.02369197678666594,0.3277705715559031,0.27741995725935265
1485,0.02372549195018383,0.33094689979613906,0.2674119982429419
1486,0.02588986759126624,0.38375971075318743,0.2540274437539857
1487,0.026265609159633854,0.4041953656289886,0.26898170463989
1488,0.0242235789080832,0.3506176431999738,0.197329809987826
1489,0.025929263228491782,0.3850575911028446,0.2578902491436864
1490,0.02372738376602589,0.3392045016634778,0.06374919279069079
1491,0.026402084922908735,0.3985027650720782,0.32869243974180085
1492,0.024177968211292006,0.36023979752239227,0.16777204224115597
1493,0.028010381794049858,0.4452291532364495,0.26369659353241337
1494,0.022563427460233435,0.31935885959344373,0.0748383900161453
1495,0.031637611848393705,0.5090801295622193,0.4534871781617324
1496,0.02373177941587685,0.3391637994080592,0.04803572379565907
1497,0.025648381656338794,0.37663918583574235,0.18345002719146
1498,0.028138318929522475,0.43716211406270716,0.30296613351980356
1499,0.023726510174951494,0.3493437586776856,0.16091204544779714
1500,0.029278356475955284,0.471044296693683,0.16798664878430794
1501,0.022451315375098525,0.32888754634631634,0.12416856075526868
1502,0.027502430634912867,0.4448617371138795,0.15227846208169504
1503,0.02284172095330913,0.32200600753594033,0.14606050673256912
1504,0.023794209728445835,0.35217868434656435,0.31022138085546463
1505,0.025411659363627267,0.3719447758718346,0.35357576385489903
1506,0.025930780584393374,0.39844375143715366,0.22722561994621351
1507,0.022339915738808027,0.3059798988581261,0.23441140792371834
1508,0.02951825805888748,0.46958838875027203,0.3632766493066518
1509,0.02305359488156575,0.32949490901738165,0.14574909229312233
1510,0.025366366079718223,0.3909452284676998,0.3003592864716705
1511,0.023792255545485214,0.34870707239379206,0.13328339731416392
1512,0.027081805879430352,0.4151150587136397,0.17060396810844206
1513,0.02353262462582255,0.3127286156691965,0.1769851603769374
1514,0.029043447883748217,0.4470907915540617,0.26928639141014443
1515,0.024184662135641296,0.32890537421266386,0.14856441879313942
1516,0.028311583501689618,0.4369675650745799,0.16723151068216308
1517,0.02269879187862447,0.3191158174315511,0.10867855913833076
1518,0.022537174858793474,0.32364565071063517,0.2956338534053417
1519,0.024908266056224305,0.3596011870072576,0.2875193012833312
1520,0.022033972532802718,0.3092390930895724,0.12388119243091988
1521,0.022562907736791152,0.30601196475517384,0.5841010607704032
1522,0.030692221983760093,0.502897951515716,0.3821714129587254
1523,0.022699447376814307,0.32262820541325476,0.17326139783272604
1524,0.02542710775470838,0.3699323031389422,0.1937426250401
1525,0.02636633142109637,0.37018985550510464,0.2732383820741824
1526,0.02430076680476168,0.34730897034055774,0.06069898710645261
1527,0.024578620907884468,0.3454360133347582,0.23852279556554185
1528,0.03364703006287876,0.5276034601577013,0.15256508677000405
1529,0.025072007236683458,0.32884366089123335,0.11304818985510053
1530,0.027211506276920972,0.39464503144833896,0.08180274096912737
1531,0.023883715743016502,0.3281519600415141,0.09954044875363731
1532,0.02536826862755694,0.3664613309020475,0.3338495609740345
1533,0.025671221107489112,0.39076530683092264,0.21035908834142045
1534,0.02407391467616323,0.3537977130896507,0.21895099154008432
1535,0.024193095689854126,0.36321136608326254,0.13137254210780563
1536,0.024684322851126685,0.37221810944632805,0.27462062037568036
1537,0.027072915657740403,0.4449078751859426,0.19252002397532414
1538,0.022870457362903506,0.3376086135571601,0.1383303846321302
1539,0.025130174445212074,0.3677668882641229,0.24978775801703365
1540,0.02351597309717093,0.3387372773645231,0.3231733629362919
1541,0.025083162210092692,0.36846991477585517,0.14985205918623118
1542,0.027200816984748286,0.40934699625389365,0.2923483350688974
1543,0.022679764817894615,0.3081293431343903,0.17774375095264064
1544,0.023771792870834498,0.3271593749806669,0.2638577554637345
1545,0.026905713401663152,0.36832423902085554,0.5777309492603847
1546,0.028219106287207904,0.3827640337548238,0.269602612522441
1547,0.02772476071299016,0.37838664012701984,0.16934575357825932
1548,0.029037840720658892,0.4132184772772255,0.2049600881853383
1549,0.027523520708410226,0.3970653221127362,0.1926124410322503
1550,0.028571778903710227,0.4255934940950981,0.26202058178851584
1551,0.028087992661421066,0.3766836494928811,0.1532276484034106
1552,0.025935044539348397,0.3554346342584759,0.1503550999526998
1553,0.028369834920539048,0.40824903016992115,0.315689781628996
1554,0.02896423652106508,0.41645071367112974,0.1613128217351677
1555,0.027482932440418516,0.37054062099920726,0.18140940646776257
1556,0.025200146983105104,0.33673922132325707,0.06651662531012005
1557,0.025451525290584868,0.33777727547838104,0.2540287352333116
1558,0.02739942379432915,0.3784350945451439,0.3155875817779577
1559,0.024770238104343447,0.3583101163749836,0.14825664095945956
1560,0.02938227544996305,0.4622448195561129,0.2919891524502282
1561,0.02389486772436864,0.3415951673573728,0.10423511489080645
1562,0.026706968071785846,0.3795225866766043,0.10412847748039895
1563,0.027592564571908167,0.3852999868712273,0.3121151781936288
1564,0.02346952566422452,0.338153199741289,0.11847988063816829
1565,0.025567650491711412,0.39033064793643485,0.1602347548962118
1566,0.025234158451071166,0.35127967839905694,0.11731667706221655
1567,0.030689792085227843,0.4557734186928149,0.2213962764039323
1568,0.026633594792347632,0.3719772421631825,0.1037710852074973
1569,0.031078961478673915,0.4693654875027345,0.12711042917278845
1570,0.026920697190075584,0.3933844880569806,0.1691153563167571
1571,0.02902793826720297,0.43920654032075573,0.12438152066583055
1572,0.025534710847799055,0.3739706788582579,0.17759356786579678
1573,0.02509930900946562,0.3603813248866699,0.17938982841648687
1574,0.028141166803219986,0.41076159773943066,0.36640477273129685
1575,0.026267001947062014,0.38354192621121913,0.26465824179725767
1576,0.02713809027001509,0.3699374687004264,0.47612211897853335
1577,0.030078998279355056,0.47181585188934116,0.20063033792150997
1578,0.022769941305430745,0.31446940154196446,0.07549591105408057
1579,0.022781925302710365,0.3183033852162838,0.28546066259142505
1580,0.02626070830676258,0.418610250319431,0.20486791188136125
1581,0.024923519231988475,0.379553666749871,0.14682807487786392
1582,0.02323837033424647,0.34089323089554435,0.17667142808707728
1583,0.02543990930027724,0.4054488892514448,0.2464297139685707
1584,0.02423556742918771,0.3934949799699861,0.004801758892943237
1585,0.023282881675771964,0.3563487727533088,0.13891903719029067
1586,0.026103692339646947,0.41959152374094333,0.16965864408875933
1587,0.022763102680988103,0.3485665010205404,0.1728113028177311
1588,0.023392411400233917,0.34869613357931317,0.11117460221132618
1589,0.027484683255615663,0.4528991270473537,0.21361005911613454
1590,0.02249920766193473,0.34035324352412244,0.11794208276083454
1591,0.025367936270736458,0.3960905099086919,0.261974991443259
1592,0.022774023825320764,0.3286304990429443,0.16069860824589027
1593,0.026926457077443487,0.4203056634836337,0.2570988425458423
1594,0.02341443842605232,0.33080612198833864,0.15632096731409983
1595,0.025536396403361774,0.3877888098838891,0.31544557049595867
1596,0.025680733597122838,0.39254506989397314,0.23703166750470278
1597,0.025392752280806667,0.40487466170864644,0.1305183787037387
1598,0.024170879635390358,0.3780356536548902,0.1676470485108172
1599,0.0253716726002336,0.4148631109271116,0.20636209224496915
1600,0.023741979832242077,0.36464139482890523,0.20904562023760115
1601,0.0275672500222202,0.4615489631346313,0.15940823907819446
1602,0.02290851326292095,0.34790363326636314,0.11279441016025976
1603,0.02542115898794199,0.38814982210766547,0.2326210180367774
1604,0.023044192742471475,0.3306530033024084,0.32366334927729284
1605,0.02380526118299625,0.3485668744016309,0.19704385849843328
1606,0.02508259578734845,0.34105673615123705,0.29453769410394726
1607,0.025474589518797813,0.3305211960539605,0.25901477682049845
1608,0.023828419733797658,0.33087029654459427,0.2785569979889912
1609,0.025767110195289333,0.4114186964889551,0.24985684990335622
1610,0.02346982259795353,0.35785271357936504,0.14311006981380897
1611,0.021720630327448406,0.30019256293600427,0.29458068945946175
1612,0.023018513676265947,0.3458569741420626,0.3843608115666593
1613,0.025388213180165584,0.4023270823836319,0.24867734799406382
1614,0.023440954813467342,0.35243786481776995,0.16782433494808424
1615,0.02485782834359624,0.37043047519419114,0.10420194764679348
1616,0.02420574084001142,0.33197085281591227,0.2764555259640631
1617,0.02909551131040244,0.46100093873508696,0.38716771725922267
1618,0.024738530883517268,0.37242237860773053,0.19025079116204655
1619,0.023187126810763025,0.33851998962673,0.1112189195862708
1620,0.02363279031722159,0.3554475726716151,0.30942366856500525
1621,0.026538352402612337,0.4331691004876918,0.2239808457321287
1622,0.024853555480405343,0.3914160504590946,0.15091048219390177
1623,0.0237654373590229,0.36263904627983984,0.2788343207588443
1624,0.023963371389074447,0.3643515327994472,0.3306603394028678
1625,0.022865285288303273,0.3372892286955372,0.2794764768234819
1626,0.024946181829906468,0.39908926452218135,0.18209989266461737
1627,0.024262101031602538,0.3771226446175789,0.21610828551020192
1628,0.023285981769825808,0.3544327957594442,0.24226681759008575
1629,0.023760036733096585,0.37179762281881285,0.2756305274939676
1630,0.024182461298280354,0.3596927968407722,0.08921322114134454
1631,0.02779044903654758,0.428271687870787,0.2275946357001507
1632,0.020923319723102473,0.29746124030576226,0.142916057421354
1633,0.024070257741031255,0.3484445164170339,0.30933773824877275
1634,0.024757025639545703,0.3895158431682756,0.16050543671381615
1635,0.02704647997870071,0.3928356436391928,0.09320317313323734
1636,0.025569735428677118,0.3725268713762069,0.21990157701459995
1637,0.025643487707936934,0.39362746151885075,0.2095471400031183
1638,0.02804632735575362,0.4321977724519504,0.11370924450002501
1639,0.02382224194499262,0.32081120149073394,0.23215006502358085
1640,0.025617780468981582,0.3674376072173302,0.2678538613283559
1641,0.0239904699526929,0.339572199508812,0.13694846970458113
1642,0.025246989347166765,0.3560567788770408,0.3478266450106076
1643,0.023365831716359434,0.3254238536992323,0.15667178077136035
1644,0.027001728636459485,0.4275816377122201,0.26151517340540525
1645,0.023315240947924698,0.3477940668034015,0.21652374211039008
1646,0.0250506944208353,0.4067563285023757,0.17836452400485056
1647,0.02369683934628145,0.3691150547551249,0.1684962847493905
1648,0.022914242372359922,0.3268497876129537,0.23802975737197923
1649,0.022608500717943524,0.33408878400448483,0.11733270505343622
1650,0.025285033465825918,0.3895708799783646,0.2886774487345618
1651,0.02495060369805722,0.39789381133153506,0.13551019988810406
1652,0.024843646983550266,0.38585066055940964,0.17386124620049548
1653,0.024499167954884788,0.38579579216014664,0.17357984065069104
1654,0.026058347611658636,0.4033422733558458,0.17868349925491056
1655,0.023521625186094585,0.345366397999051,0.29940908036829944
1656,0.026862042581079534,0.40587145249942386,0.17801093321242578
1657,0.02510876474902863,0.3597459086513948,0.36530243452452654
1658,0.026792919328634868,0.40181279366764483,0.3235891899341408
1659,0.024645296215311436,0.33700126201957536,0.2596402524218063
1660,0.026259631333094766,0.3590032167809892,0.21501217244914966
1661,0.02746107297409841,0.4249337266519662,0.16202142267168973
1662,0.025883660892306284,0.38306583680604533,0.1101217577644837
1663,0.027789945418513685,0.45716368181832234,0.1371759584217184
1664,0.021691076171237063,0.31424234099978915,0.14236706046155229
1665,0.024431478839227902,0.3763369339839993,0.1298174778965396
1666,0.024599431394766707,0.39443073265019857,0.12927509609502463
1667,0.02402729452306822,0.3791928611890446,0.166954296310467
1668,0.021634515513286556,0.3055842546571795,0.22394599850746807
1669,0.02826171917008329,0.4476739116374347,0.3314643736115101
1670,0.023614722917293326,0.3470159368067723,0.21310619248531265
1671,0.026847853282163055,0.40884153427211867,0.252582353241058
1672,0.024824070440037177,0.3827599610633902,0.1356541058391023
1673,0.023484919702964936,0.32809918576893976,0.13944582577843287
1674,0.023631019768207875,0.34718116887518946,0.0746691743978697
1675,0.02779635916765383,0.4336522674440616,0.19890440929870978
1676,0.02375907284400072,0.3320672746578886,0.23717442160757038
1677,0.0252347169830025,0.35901776296654747,0.19333042270680326
1678,0.022263693874440178,0.32045318269721457,0.21302402565632844
1679,0.028010352811779052,0.45417903488587535,0.3061315041938642
1680,0.023295538614238734,0.345498509077987,0.13474540226643678
1681,0.025245807969421056,0.37815426004992053,0.11270577018887566
1682,0.023093451996237586,0.33428400739963493,0.20387566929056297
1683,0.025797455285278693,0.3870159995420686,0.32044065931748444
1684,0.023935356347090733,0.3626544147821535,0.1078389811182907
1685,0.02437121301625829,0.3483045209397597,0.28854923571357327
1686,0.023545170178451716,0.3348029230934301,0.3976961313386134
1687,0.02558819240773058,0.389134994357666,0.2747569857614267
1688,0.023155086802248214,0.3375644150998517,0.21050588820740543
1689,0.02169937121077422,0.2997665965636033,0.2715816248058439
1690,0.028797841974780435,0.4449425729248076,0.4068699181707498
1691,0.023966506731008936,0.3586094894020316,0.10881585568669588
1692,0.02351704851910055,0.35059653605136293,0.2480733650356416
1693,0.02174397838835472,0.31541085609446873,0.24537210843927193
1694,0.029624821503881647,0.4795046425031883,0.2512134498258698
1695,0.02371797602427696,0.3455663489266109,0.1761902999686852
1696,0.029285951568320326,0.4757968339020973,0.24988405835244132
1697,0.023377758403743454,0.3427105038870704,0.1421311999888994
1698,0.025238801567608167,0.397262926588367,0.27240787892743273
1699,0.022301505764481807,0.3286747750401331,0.2303225275438065
1700,0.026793334204292713,0.4382976109513111,0.21679664918195438
1701,0.023623527695567994,0.3529149622678682,0.11124179828364897
1702,0.02312281478809816,0.32504080343615865,0.12902559809370276
1703,0.022791015797557698,0.32998471478794317,0.27839225707548465
1704,0.026586568034350333,0.4018270127545563,0.2164885412750633
1705,0.023583464628343462,0.3285000320664667,0.20054511362730376
1706,0.02434515683193356,0.3237925067146265,0.2996470831204065
1707,0.029262482858873645,0.44037154802626577,0.34036375382035505
1708,0.0245002683192768,0.3601268265032334,0.09605534906973297
1709,0.024828347172658055,0.35580766554163445,0.009410181485573502
1710,0.02805682731077275,0.4353751554533322,0.22020004587768388
1711,0.024520254118361413,0.34018884321518583,0.20731308279202748
1712,0.024688980157038364,0.3428330624550066,0.13083961656101326
1713,0.027558754898896327,0.42168753107538554,0.2673019490318676
1714,0.02620849772696985,0.3842076755688846,0.1675309555412749
1715,0.027820581465927665,0.4204235733014024,0.2100191926113692
1716,0.025468660997706987,0.3820086746468365,0.14326247165790187
1717,0.025332859459854643,0.3413987176181179,0.20987300176368157
1718,0.031256597828965074,0.4665274270290836,0.2207269568063376
1719,0.027504530255082676,0.38535052044286566,0.1817978826637151
1720,0.031581061281857066,0.47643832553814924,0.1687855261333729
1721,0.024842175327615304,0.33176739212388306,0.21082696198969975
1722,0.02693422084726661,0.398546982379907,0.2594641063316897
1723,0.02487431880228482,0.3350235852501318,0.21448681264770425
1724,0.03024008643603291,0.45284826050848687,0.2461560466967094
1725,0.024975833631794567,0.32190287017101415,0.07543315707508529
1726,0.02628554094250267,0.3587560993328437,0.11889813940080947
1727,0.025283128181498072,0.3487516246186764,0.18105641161149183
1728,0.02361222029634702,0.310904245310061,0.3943101708993102
1729,0.023515397050908174,0.32216602544087813,0.2051851518615249
1730,0.024522901595128543,0.326529806104443,0.24851300854862757
1731,0.028637806244160416,0.45059413024372563,0.1726503253719077
1732,0.02316401263898215,0.31793768396865385,0.08863779075551821
1733,0.024087948968852115,0.3532549090242599,0.26188623306739034
1734,0.024297985020824885,0.3538267953389931,0.428480225380028
1735,0.025197182651828756,0.3770946360303957,0.3142906297428608
1736,0.024755518368161266,0.3746542504295582,0.18122909280447375
1737,0.02572241141853745,0.39079464973525324,0.13663179505584844
1738,0.027225938805390593,0.42768850718698803,0.1858008008757416
1739,0.023600098560379288,0.3481880941222928,0.19024397454898576
1740,0.024857269168866693,0.3576009547094884,0.25903984211451564
1741,0.024647545256830137,0.34013731118277785,0.013621115886281251
1742,0.023312327240688897,0.33297468156840854,0.13743434059307497
1743,0.02407323828165314,0.33763862460913147,0.13137334538076323
1744,0.02712880714506445,0.4129928879862377,0.3785065971421558
1745,0.02375746819550088,0.3500866345336411,0.12630741745940313
1746,0.025001281681446105,0.3662396530487659,0.12366590627438244
1747,0.02183790479234561,0.29672269631475934,0.06074783652356277
1748,0.029090969898285076,0.4701104786341198,0.11503359299650888
1749,0.02424319862761959,0.3396205520901273,0.12290248115961742
1750,0.02566262561535536,0.3391083656479927,0.45803735025681686
1751,0.02445178158752068,0.3252682791117036,0.17058567226272356
1752,0.033729286998268056,0.5327654039955754,0.2540586972493485
1753,0.02424389118699561,0.34968911461375485,0.18546337187840908
1754,0.02610430443580742,0.3929410924458501,0.3387078973266856
1755,0.023001351725378965,0.3258132555403532,0.21420672885820954
1756,0.02345030939624872,0.3159125632607821,0.5446619366537269
1757,0.024619866134363098,0.3414189852487816,0.20802546432890973
1758,0.023618131549411496,0.3210427328184913,0.14249486578635104
1759,0.027328045193649862,0.4026420195134964,0.2265737422172518
1760,0.023452296194615502,0.33067939245369043,0.2032299956181568
1761,0.02325845412288207,0.3317845817230994,0.1876761517171941
1762,0.024989930807319306,0.3634564072076149,0.2730242440930123
1763,0.0269596420563888,0.40435553418097764,0.1846596741220021
1764,0.025964049017889037,0.38698403798990877,0.16454099060136548
1765,0.02537686982874951,0.37383263047395354,0.14450275977916585
1766,0.02538217831080075,0.37995478091514556,0.19507380779665764
1767,0.028140552227412782,0.44654324488643954,0.2535318973988955
1768,0.024685992669529686,0.373509555626727,0.15679615956998844
1769,0.02454107341447209,0.34739580979408374,0.12216578785272883
1770,0.022553799115853427,0.3130888829246719,0.18141319643521087
1771,0.03044149014719088,0.48175564597228926,0.23958709047440577
1772,0.022727270745898337,0.3182083275356121,0.09854781484409417
1773,0.024488609715915568,0.35873725716950067,0.12572658030280703
1774,0.02731383275771141,0.40422474907883904,0.11662102916048396
1775,0.027349698881955972,0.40708176732451057,0.06905503269873936
1776,0.025372060516719783,0.3727607385337644,0.14821858253464118
1777,0.025052982543605603,0.36748904691154227,0.2774742247010515
1778,0.025472820909510665,0.38139238414360194,0.2888411003615264
1779,0.026475112729204747,0.4076808465482308,0.15780584773933604
1780,0.022511618197530087,0.322457554535368,0.12411496476819354
1781,0.02392508427243008,0.35182999598438286,0.27405611592931384
1782,0.02575127549625232,0.40318521879431835,0.16686175223720953
1783,0.024352083327189283,0.32714720534274855,0.21183891986612727
1784,0.023664736581969128,0.3480562401796007,0.2589216353900761
1785,0.028287223544529432,0.4535995935052237,0.2360332892350466
1786,0.02502168398486207,0.36392080446791225,0.1609684477256006
1787,0.02506458139417297,0.34515893508859347,0.1761420396662865
1788,0.028107297501784284,0.42415877440990457,0.13057869663842347
1789,0.024371653401405395,0.34097776933478446,0.21028786457755497
1790,0.02309668744196696,0.3127994060791536,0.2894535479558622
1791,0.024418728022895183,0.3171856945035886,0.40160823849915045
1792,0.02506679540481681,0.36965646385730055,0.15795419537828673
1793,0.024897657255849755,0.37020196880273015,0.12848195741707358
1794,0.028063856974456076,0.43593789485583506,0.17161838211421446
1795,0.022579223152749975,0.3146076678731223,0.06334940425677302
1796,0.026240081146897968,0.3969756438448118,0.34639337831320655
1797,0.024877528076705208,0.3755504005440807,0.13235445580783659
1798,0.025835314520340682,0.39599510743974303,0.1399816122977549
1799,0.02541511105233737,0.39548701458658414,0.17994658701638533
1800,0.02476012012890399,0.3676126612555062,0.24194220322416332
1801,0.026322104145191278,0.41496279024170296,0.14182524299236887
1802,0.02435503778824534,0.36574336342998554,0.1427415505047806
1803,0.027676977439674406,0.4345739805741538,0.2552244143520632
1804,0.025511368336982473,0.3880674683694281,0.15549690010473502
1805,0.022669061562495367,0.34154632614502956,0.06439428550794277
1806,0.025314955970354477,0.3979069607350921,0.3579121665047313
1807,0.025792724188294005,0.41115001726744904,0.17854550032466918
1808,0.025266127206188326,0.3607459096884834,0.1863716748067651
1809,0.025767932864498595,0.37420920052706036,0.1855206138009032
1810,0.023030107874941797,0.32228160332952754,0.13198411181234027
1811,0.022345098047976138,0.3150310809746992,0.15308486647403496
1812,0.02442636727078673,0.36999364396617074,0.20814605066189096
1813,0.026474691755700747,0.37814318191020135,0.1474257931282966
1814,0.026029957403121924,0.351334373833761,0.25907952243979
1815,0.026936500285594314,0.4071248832196518,0.3125220593581167
1816,0.023736773658407002,0.3239494892319525,0.27210340870141975
1817,0.02405312521727937,0.3336848453602683,0.5362696697102824
1818,0.029583952053517097,0.4349709925124096,0.22708096374334852
1819,0.024530769770766347,0.3364067710403733,0.17928676008632494
1820,0.02595275980848783,0.36687478122109873,0.14267933196592011
1821,0.027695553458130438,0.41531284595495216,0.21583487153518344
1822,0.02627387612389283,0.37486236189594513,0.1261658789136927
1823,0.02976933763490204,0.4492768667675772,0.16870323245084373
1824,0.02709120361246816,0.38686201226898836,0.19629168541058
1825,0.025783226629858876,0.3536620041379927,0.10122895585925715
1826,0.026607598391009468,0.35203569785417427,0.5178853837465545
1827,0.0277186430549002,0.40396527089565754,0.3504891350502543
1828,0.025053182704827263,0.3319553011984539,0.13088328182415118
1829,0.039134928988964736,0.5932175476059811,0.13637389248922552
1830,0.028389903538086073,0.39171952594353104,0.10009729257527133
1831,0.02831969655860486,0.37228622469713746,0.1603443525255027
1832,0.028178714155951082,0.44083780242098713,0.038387045773745104
1833,0.024249276561487062,0.3408274109603816,0.23686910108688614
1834,0.02342012875133641,0.3365850581773877,0.0046568345167387675
1835,0.025804942468151945,0.3988063311913421,0.2485253324430474
1836,0.023347949068787555,0.3444257306737573,0.22561894376644906
1837,0.016452287722062232,0.20869904947208986,0.00013528599669093046
1838,0.02050441314275531,0.34062706473184834,0.23330945687049767
1839,0.01681389913281043,0.2122536569634976,0.14082215303268383
1840,0.01885492113700139,0.28811583758627934,0.22536232467358921
1841,0.0178918592045074,0.24211017174463884,0.1411820595535485
1842,0.015428209341485574,0.1364812813229647,0.21908991667468117
1843,0.02234643054042332,0.384982136983461,0.2068910073865595
1844,0.015511252662754537,0.14313079630788325,0.19612548322401974
1845,0.021860059053831715,0.36986698318929023,0.27787779434182197
1846,0.016956156536762593,0.22249868226006267,0.09775573911956285
1847,0.016617966369460828,0.22719033532656255,0.2838447129669372
1848,0.02011495858166359,0.33664721874518944,0.17528676414004837
1849,0.015673193416422263,0.20408438814187366,0.20993229821371934
1850,0.0205996369036978,0.353866436315719,0.29837596448624976
1851,0.014864334192408953,0.15504156714145242,0.12005435755708418
1852,0.020160735526847256,0.3308804689326065,0.22767574917788394
1853,0.01721955990294484,0.24080453964879092,0.21167690826972732
1854,0.018149546106906948,0.24502071119419033,0.08742701261251644
1855,0.01744135833023163,0.23621752363253637,0.16329892563002227
1856,0.017712243308043177,0.2252775257479867,0.1649611194559206
1857,0.019450522765452144,0.29060991499780625,0.2879353389761135
1858,0.015842099599714447,0.17827504963368218,0.16885137246864815
1859,0.020250424596334787,0.3465258595757963,0.20843034266952762
1860,0.016274140198123215,0.20856317321550305,0.12251752883427244
1861,0.017812658922308537,0.2405319751002801,0.20159463315795942
1862,0.016967148887117395,0.20990259650497617,0.24558811523141724
1863,0.018488446462841385,0.27556132626917834,0.24402552807646635
1864,0.017220536770937614,0.23837641577835583,0.1295248772145475
1865,0.020551649577636413,0.3323859392368295,0.20036114052565684
1866,0.01933491534793626,0.2957863646767371,0.1238753257955336
1867,0.018043373530762824,0.25697396281333423,0.2607434867444596
1868,0.016192330438128903,0.20518501840161876,0.1369482582232743
1869,0.015596251284899852,0.1776265807009274,0.23142709153984625
1870,0.015470076434818247,0.186721998970912,0.42404887380715967
1871,0.015961111791197254,0.19400775006551899,0.4069584334631436
1872,0.01593286738359689,0.21017884537301873,0.2665045798024404
1873,0.01644416626401075,0.21378507722791368,0.3042871202097431
1874,0.01784458048591873,0.26366211387942057,0.22918625934953685
1875,0.020239669405405968,0.33213572366770155,0.30846627615942585
1876,0.018704909852449016,0.24690227428472947,0.06282556793304456
1877,0.0195589589179051,0.29941546714615846,0.2197127178125599
1878,0.01780319720766804,0.24487879341788935,0.24505212092193654
1879,0.01672719606129592,0.21551497921958868,0.13775579036238722
1880,0.02155279950995894,0.3678303127229137,0.28804612071298286
1881,0.015921356524788956,0.18838843261434307,0.10615762036819099
1882,0.016586313823063355,0.21941113153514458,0.33101269259896443
1883,0.01748442695344188,0.2623563242323377,0.2051549595081595
1884,0.018059428425888806,0.2933278214452093,0.17318963138682503
1885,0.017469109111583104,0.22470873952329093,0.23558289914911032
1886,0.017432041883542217,0.22865860388209366,0.09662916795910592
1887,0.018196733956185596,0.267668749670238,0.19587276962117442
1888,0.01719100422377076,0.2271489023862753,0.1488314358169942
1889,0.020659721584268792,0.3433500358534948,0.25284776012714644
1890,0.014321020259492574,0.11382156491592677,0.10372335117178527
1891,0.01958357515615397,0.2839086677648647,0.09192803268879379
1892,0.020273938974207092,0.30940727981446764,0.17421233584405502
1893,0.01779523597700233,0.22856662538594896,0.2268641408216132
1894,0.021224882569086063,0.3377789043161457,0.2762716350073591
1895,0.017696453599923244,0.21844023524967052,0.23385039592869203
1896,0.017713013027790946,0.23622761087364977,0.12226172250232463
1897,0.017151069274701468,0.22047643567610764,0.18433367902210396
1898,0.018829820275515007,0.263455645462673,0.2084416445113531
1899,0.017043131471023786,0.20553849486399794,0.09881580623673163
1900,0.016872024577195742,0.1863307370262789,0.3532034167657153
1901,0.017885792369602742,0.2423778961946269,0.17124737751351143
1902,0.020099751699094667,0.31679127772809196,0.18316520217205676
1903,0.016393994001768265,0.17302319839844527,0.09237889337983654
1904,0.01752296776539363,0.2534755825941549,0.14547272119904783
1905,0.018355255869059933,0.27715308307143466,0.19399719879999075
1906,0.01757970415527636,0.27262484361031764,0.16010620750489388
1907,0.016891611664816977,0.2372644217826343,0.19380579730977968
1908,0.017385456260952597,0.28407552497738753,0.12583922250004137
1909,0.016247127872192676,0.19161326051136457,0.10056909962282819
1910,0.01790792691705832,0.24394886117602674,0.3757448294974209
1911,0.016067402012441948,0.18960355276687751,0.279484608573646
1912,0.01960457893147631,0.3098920866319998,0.18853160295289365
1913,0.018836711401786947,0.27417198340805893,0.1443627551593903
1914,0.017767163947487286,0.25743823724647474,0.25843499879942106
1915,0.02008184667633918,0.3397223875565155,0.12109771985985955
1916,0.014713852468941566,0.1577296873108927,0.07557295715566857
1917,0.020276923400356608,0.353216327182362,0.1747602567997009
1918,0.016090550683156846,0.21663601025647305,0.1688822136962031
1919,0.017839924213058078,0.281692481912409,0.17652836721353318
1920,0.014577970185062388,0.1273214668240775,0.16119836529002934
1921,0.02084177610442055,0.3449029241874563,0.3297250435467398
1922,0.016100068876536883,0.21559677033614214,0.262822317786432
1923,0.017771122563033422,0.268213524098968,0.31188102692811076
1924,0.016379454657141045,0.2291089898360047,0.15713304264204195
1925,0.01614482408362534,0.2008122672643929,0.32355319967841145
1926,0.016809668132675957,0.2345177964952644,0.17261451703622213
1927,0.01559217646259279,0.18078205082956503,0.11011884387658849
1928,0.017185783384573928,0.21408624866772716,0.10992964531347059
1929,0.021204426937915213,0.34925234885572093,0.3719713546005941
1930,0.01711020860546174,0.23347165793916758,0.1678486129964045
1931,0.02220088481136007,0.342001983031404,0.23510130583414393
1932,0.016285835581386146,0.16033974656484198,0.16710346955414146
1933,0.020144304599152518,0.3110641258137384,0.23905114588881868
1934,0.015828100666099514,0.17968341381044953,0.11139566301930683
1935,0.01892087147147185,0.27612571244837203,0.25652289114281934
1936,0.015231437135667665,0.1690768169930707,0.20627125825202286
1937,0.01876680850754073,0.30723665698298364,0.12012948116700803
1938,0.016030903404481236,0.17065839633417484,0.09267399519748515
1939,0.016260410266430884,0.16183350490228537,0.13903752437775538
1940,0.01511428141641951,0.104928829471726,0.2797201359899982
1941,0.017701535865682412,0.20161114425363436,0.11093612364896922
1942,0.021201122575315368,0.31225158469809233,0.29304232551761966
1943,0.019592874412355656,0.2716279014724397,0.15669113987193642
1944,0.019071571851050545,0.24603077517258676,0.12296652041699599
1945,0.018572756651174662,0.2520532498415849,0.1364619212749679
1946,0.0159873883542671,0.17753675017338902,0.2123184773787271
1947,0.016119145306205302,0.1961212237254513,0.09818423606752143
1948,0.0143039097170045,0.11564938006893827,0.31231868137553137
1949,0.018613131616075296,0.30139123520686956,0.2492291110348768
1950,0.016119786621520506,0.1903475726349619,0.28938638110584614
1951,0.01792627780261908,0.29114377221421966,0.20407876778728357
1952,0.01598532015194292,0.2085364380237656,0.19155271456850914
1953,0.018858797150030103,0.3150250457195742,0.32363020901406914
1954,0.016695334912678897,0.24263394065476596,0.12032026010596725
1955,0.016323943466371144,0.2205755811188675,0.17861858696058053
1956,0.017979983044341643,0.2928131762454634,0.2788233836187652
1957,0.016615239276994556,0.2561889349029459,0.194931308875794
1958,0.01709973254225995,0.2758367605100563,0.2335416554132827
1959,0.016437866149473738,0.230820141093337,0.2521356456698165
1960,0.01559700870213228,0.17234270774887472,0.3239139490879658
1961,0.020639724637625742,0.3699964259175025,0.22573918210338884
1962,0.015082028358700157,0.16116827273701137,0.1609230359783817
1963,0.02263783288834214,0.41208809898026166,0.191814589937496
1964,0.020808418340291766,0.34070663979185367,0.07048162347742991
1965,0.016497523087066257,0.2076922829405802,0.17302203074532327
1966,0.021785503127683282,0.3857930462671968,0.1948152523459953
1967,0.014988516226025574,0.12040573419017847,0.09694648402141363
1968,0.01752672710241139,0.222498218959656,0.4129904203042253
1969,0.01889236445276185,0.24860322883032976,0.26498129018154404
1970,0.02005483387746771,0.2891642823861619,0.1425052336517248
1971,0.017572035265341082,0.2107692354087069,0.1925638856078349
1972,0.01581811306875225,0.18320001392465213,0.13272266593641946
1973,0.017814608437000057,0.2672402076165654,0.20841625967775976
1974,0.017149097532857323,0.22988373926487188,0.1678943119365256
1975,0.01644713203960873,0.17220618400454585,0.23295465874960494
1976,0.01808582009360103,0.2539610297539673,0.106050919579864
1977,0.01902230845489135,0.27375095818921147,0.3459383389634798
1978,0.01776438135139282,0.2233928793934667,0.11590159959556728
1979,0.017320331891559248,0.17241551223140197,0.5556310827008846
1980,0.020624915631183627,0.309623952211728,0.07249244502595585
1981,0.019044210123765802,0.24286742249408397,0.21213155449691934
1982,0.024877361383651236,0.4212819143535417,0.20172719573976172
1983,0.017380472563842394,0.1704957179694263,0.11299886520602921
1984,0.019453935422504582,0.25736666487095256,0.2897586888662656
1985,0.01672347065558083,0.17696534518870402,0.16056599906061542
1986,0.017262952161156583,0.22647324462492585,0.22406580649862876
1987,0.017448932861920063,0.25180739898006704,0.2178955185256569
1988,0.01667609943597191,0.23180834554961133,0.24552878141239678
1989,0.017569746491610062,0.25389038655188845,0.1469912417584359
1990,0.017318552462081506,0.27813729986741675,0.13024754466098712
1991,0.015312816557730336,0.19872941045134282,0.22942951465097816
1992,0.018606588895696392,0.31765546268300376,0.21855170099155782
1993,0.015380083842714337,0.21009628659024815,0.11075510869465986
1994,0.018226650379940583,0.310938677722579,0.1920250002736266
1995,0.015614331029714679,0.22818781841436692,0.18181781202589134
1996,0.017668128275747007,0.29245703650781407,0.24588649868080606
1997,0.014838282330430604,0.18223919444500944,0.15982506470533114
1998,0.015141112417081177,0.17023459647028283,0.009990454542611106
1999,0.019359065682139555,0.26580482031973357,0.22074807702231958
2000,0.0223160013585514,0.32556241433585253,0.23594804685413562
2001,0.018534190558390035,0.2387345556154488,0.16414955023539124
2002,0.023450078733897074,0.34655365339866895,0.2305459837868228
2003,0.01928288923786332,0.25972814266770616,0.09713730276537001
2004,0.017836070330740278,0.22937164905214194,0.13009937071857708
2005,0.01653645565684422,0.20510543553958574,0.1254195189639478
2006,0.017933877843199827,0.23914776326881618,0.10443101523138745
2007,0.015488823532436016,0.13907214377479837,0.19934654482736341
2008,0.021353530323951424,0.3632322312175715,0.21166271548793703
2009,0.015528948307317469,0.1666352951389569,0.13978191031179452
2010,0.01829353443007652,0.23541688140098022,0.2954522316960195
2011,0.01637118822812846,0.18207410667976687,0.2631946461732492
2012,0.018720550106700963,0.23314550777297757,0.3577052576880816
2013,0.018715816988772414,0.2689079693677186,0.17550473597265903
2014,0.016094438407210976,0.1665910853287265,0.12658785382794926
2015,0.019359314478586062,0.2893568018824694,0.17542681828962364
2016,0.02093132512942798,0.33077781785576665,0.23809315716020618
2017,0.014534194851179034,0.10679334867158997,0.18113318969665676
2018,0.02254327276181727,0.3864531566766133,0.26944831423310206
2019,0.01582575599752917,0.17068728880146794,0.08589104399150506
2020,0.020742717809936907,0.34025456614805216,0.29508691429841066
2021,0.01683042907126762,0.2295756416214807,0.14747032451406508
2022,0.0155904765613376,0.13802336349699793,0.0999720796361076
2023,0.015829657752465965,0.15925975644259746,0.14459591670530872
2024,0.017370189524097013,0.20015683963799136,0.3573234877549043
2025,0.017383482744573235,0.2289611406230928,0.26816491541390103
2026,0.01651239177458026,0.16524700770340278,0.28244848855937704
2027,0.01964850998971034,0.24362712772003117,0.34416701894824864
2028,0.019132350951360514,0.20213224937354893,0.1488935740257459
2029,0.019139700313887696,0.24953422023801702,0.22945956286026947
2030,0.020982916813740825,0.2942984676329219,0.3628838994804443
2031,0.022135031182830597,0.35257057615350795,0.11674890223154862
2032,0.01702193006773013,0.16667859144278455,0.14469210197262622
2033,0.02114460661076409,0.2810646903826658,0.19387093374524642
2034,0.022627387558509418,0.35840890918254276,0.18371271480130413
2035,0.020175045560136138,0.25471863501817515,0.26661945985124297
2036,0.022594640667933114,0.3422623937302549,0.3300145113400028
2037,0.01517719278604249,0.12511098583508887,0.08171703647095598
2038,0.024493406979942824,0.42326400672080355,0.6920279681983361
2039,0.016131843463167702,0.14882171288707485,0.15673160226269875
2040,0.019899508602340236,0.33139216508780145,0.13352694119161682
2041,0.016003270565306166,0.18094731950947524,0.09815041232199646
2042,0.01856314587914543,0.25361766410431286,0.2525116660795722
2043,0.016828065434627757,0.18976460099048195,0.16504015022464139
2044,0.020649011049634354,0.3138440183922265,0.24411015052027388
2045,0.017249823774439288,0.18920546490099022,0.2312140942866908
2046,0.02041489803815511,0.33006875550775205,0.1499776540538712
2047,0.016911313340343567,0.2017941304357095,0.19160404916637463
2048,0.017705636773670475,0.24863340220030664,0.21049322749042065
2049,0.016539116151988727,0.20613510213415803,0.15481550610682177
2050,0.018282496175748175,0.2587525764300588,0.3357802124547928
2051,0.017277409943556362,0.2354898924514176,0.16344086888426376
2052,0.01836874889004414,0.27118152648292804,0.25903163343353364
2053,0.01784200636668801,0.23346316544097986,0.23598769144297954
2054,0.018642328528706786,0.25546914804133186,0.27722937959151883
2055,0.01689459970193129,0.16773921675328377,0.14846984188491427
2056,0.01685815998548378,0.16883646515201237,0.4156717493315601
2057,0.018987805577881094,0.29361778635226676,0.22169400577027773
2058,0.020340056997865594,0.3045141647727394,0.10721452935043023
2059,0.02032274695264308,0.2906636984507991,0.17080432082000277
2060,0.01834793635997232,0.23606908783633804,0.20540148811019673
2061,0.01657306336348189,0.20291232042730614,0.09480810578138556
2062,0.02110638981305372,0.3420432905324281,0.265119839143789
2063,0.01570554725061795,0.18346576458478409,0.14930303138766132
2064,0.023551351838641845,0.4165960609429334,0.08913477571034953
2065,0.014851917418007033,0.14056894525922897,0.05297559888074203
2066,0.022993192699455982,0.41056723625547714,0.22666238865706015
2067,0.014913896896213764,0.14295154341017685,0.09989168074323333
2068,0.016748874390166844,0.189851178887619,0.11229808167819558
2069,0.021180176134404864,0.34776898112030297,0.19103134729669732
2070,0.01629304116678203,0.1939816180176299,0.09936071658375602
2071,0.019180351701121832,0.2959132840493536,0.14468867945421046
2072,0.017156295384803143,0.18845113724660267,0.17340575743605718
2073,0.019156332020616514,0.24468386484969246,0.32602032699881744
2074,0.0187169556749857,0.22844792999404662,0.18343818464856418
2075,0.02207835822550082,0.3543726817471524,0.2520498679096224
2076,0.015554858193996667,0.12597234146094283,0.10922135475228362
2077,0.022548483783127675,0.36364336471580855,0.43038846221406396
2078,0.016052732598207598,0.1645899045429753,0.1794576175080002
2079,0.01759781733464862,0.22761372083806575,0.19286274644069107
2080,0.016033611363342526,0.15611752368384893,0.09841722451092676
2081,0.015043171378994398,0.12002376171900622,0.15283813564986315
2082,0.01800529913170969,0.23759695774553263,0.3807547632907688
2083,0.016522933980312546,0.15417974777441848,0.21705907735471777
2084,0.01744201466561949,0.22465617970804475,0.2399986742959344
2085,0.0188239137557341,0.2724983631301703,0.13039772445780584
2086,0.017502617877205934,0.21784160919426132,0.21999887871363955
2087,0.020792908166059602,0.3113150535485981,0.28003731234746715
2088,0.019406033081023625,0.2782436976106985,0.14139523494509934
2089,0.019883810638604074,0.31107260700416833,0.21487042747271998
2090,0.01658584247243376,0.18561452048646174,0.08945800342011224
2091,0.025747073516155336,0.45478800736509395,0.27636823188964393
2092,0.017370485502122078,0.23229334606688243,0.18487967696862243
2093,0.017986476423631294,0.22262498183012783,0.207355023933605
2094,0.01528882985780505,0.13373656872578218,0.13195840329338712
2095,0.019363720984230583,0.30240796078071075,0.29298654459810664
2096,0.016817490215426875,0.21051212230637462,0.19990414010910051
2097,0.01841894676223373,0.25076357184317283,0.11792175127812099
2098,0.01946022281071675,0.28158169810558875,0.23909269172568495
2099,0.01714136685004502,0.20470509373869641,0.17976045409902994
2100,0.022449102035315176,0.35625517101115817,0.33802472625753804
2101,0.01706832455577478,0.1791269697432461,0.09712232190147485
2102,0.016774803746907607,0.1787080476812317,0.15787434457440963
2103,0.019261157974670633,0.2564666288000332,0.2404630364323208
2104,0.021919418808696387,0.35768118008167105,0.1778763131919564
2105,0.015134261183024512,0.12365455680681041,0.09042383373096205
2106,0.018313320322796364,0.276940577185897,0.25074289114435405
2107,0.017633369138396734,0.19964243022472491,0.18257751752187384
2108,0.015459617795430522,0.12089113842587766,0.13128421682853508
2109,0.01982564067872758,0.21774176537260398,0.35354728332744734
2110,0.021966617662297426,0.32777659389143404,0.1450777204298522
2111,0.02050197180472659,0.32339508566438663,0.16773443600165713
2112,0.015752904065592162,0.14441025972494265,0.18367329071580496
2113,0.01911100833778822,0.29786697196999123,0.2539564543926816
2114,0.01652383165838577,0.20733237670988683,0.2202546224562438
2115,0.01993398855695341,0.3088682850778039,0.23031266480948115
2116,0.018191615440375015,0.20174272045030264,0.07606412513223303
2117,0.02465870396725451,0.40278556193684656,0.3057003513410673
2118,0.018330834542273595,0.20317116781229722,0.10884783718379044
2119,0.018674201339835803,0.21825135848958033,0.3450479439724274
2120,0.018097666694883826,0.25808217223013724,0.11849932094984922
2121,0.023062485509903027,0.39903876719081116,0.2081185087294778
2122,0.01553633744170547,0.15208133784201622,0.1731796636429105
2123,0.019007665963621977,0.3014921117185382,0.27638851109771484
2124,0.015732720604599532,0.1937781388939984,0.10373467808188379
2125,0.02048488048808914,0.3404762202325526,0.21573916822212846
2126,0.01586380133126524,0.19753654820788497,0.13358479470054896
2127,0.01981464268270846,0.33881652014062774,0.13831723178634786
2128,0.01780344219353318,0.2594216254862032,0.17579231798749884
2129,0.015615097479866322,0.17215529904580654,0.11668773111893556
2130,0.01889022321135544,0.3050613037602693,0.25294124423991904
2131,0.016690409049743733,0.1937392935086167,0.17127385626532016
2132,0.017683620756875986,0.2288310717574609,0.19977432390720207
2133,0.01882345237781204,0.24481680890062693,0.22121356309490917
2134,0.020782834640393533,0.34371160126203176,0.22677807616964835
2135,0.015948478492457147,0.14536804152776928,0.10087244497796917
2136,0.017165283774569065,0.22323616160480245,0.39341727175179664
2137,0.018150767831870123,0.24950203803822327,0.18768717842033517
2138,0.018050295410735263,0.20805205130058319,0.23065812456298065
2139,0.022884341704171637,0.33446656918809753,0.07724807578415349
2140,0.015774948521430403,0.13035386328064638,0.09286387231652306
2141,0.017208149422307254,0.17788394026993706,0.46390889784699924
2142,0.01946298396022556,0.2695454805402455,0.15781699398558482
2143,0.016664204178960737,0.17280805235936603,0.1356899894185088
2144,0.017504983198739107,0.2190198138852443,0.33419237265345
2145,0.018557538922445254,0.27498872367769917,0.1987446871376272
2146,0.015740856952790927,0.14292947157235789,0.07808492659599109
2147,0.020271489974322723,0.3250210894001906,0.29531543262291676
2148,0.015074215888646568,0.1553212062974818,0.15633997234625444
2149,0.02379438280166812,0.41011619152924184,0.19089911848614408
2150,0.015831751488627876,0.17603865070321695,0.11298925394967463
2151,0.018256884697859403,0.25875263704085333,0.19638521535022738
2152,0.016650967536541956,0.1659022726888003,0.2791248296720701
2153,0.022275761787672342,0.35585331020242544,0.2583700411224023
2154,0.018560409425356503,0.23167419708527295,0.16212606640986793
2155,0.01870294945922077,0.24055188907539232,0.38561737425826054
2156,0.01827195378678658,0.23610559729138905,0.260819913781017
2157,0.016456551800600152,0.1646920328434195,0.07499054871252418
2158,0.017688489653390607,0.198103058483544,0.1415809054857014
2159,0.021434399993142932,0.3376362190671251,0.32675289664766194
2160,0.01657591487812719,0.15140422129274597,0.10504046400186547
2161,0.022244335882733435,0.36376157058668596,0.3404285491404469
2162,0.017306599416109757,0.18653353146351617,0.2206334184274664
2163,0.021701492099586626,0.34298226971908163,0.18735505432775254
2164,0.017648760598389802,0.21833340444463303,0.1563706767330252
2165,0.01709525612985234,0.20534621102610887,0.13577710817170172
2166,0.01854610793030959,0.20685941928407692,0.2194895341634339
2167,0.0290610329669586,0.5026395388082471,0.24895600732181156
2168,0.017273766477812605,0.16821073606785664,0.1446498943285554
2169,0.021883895705301745,0.31608867251256867,0.37088342655527623
2170,0.01617874074983835,0.14726365830973914,0.17149890167325244
2171,0.021249259271349148,0.3270507578200865,0.2927180543960999
2172,0.015794973649418027,0.16675517872307669,0.14998145452852843
2173,0.017422266871619102,0.20823135907307036,0.2761377298195688
2174,0.022288134765477665,0.3787156407314911,0.195827185688891
2175,0.014849535572711741,0.10371176443112629,0.14866704974362957
2176,0.017159049820350485,0.19361213516042516,0.2259498124114924
2177,0.0196352062940431,0.266101697578505,0.21663263949015757
2178,0.024017518215694346,0.3961971286575376,0.2815067828862767
2179,0.01784771681684059,0.21794936652335373,0.13855819205628847
2180,0.024659610503971027,0.41550883071393735,0.24080432529668044
2181,0.018493252520874,0.22317071762593435,0.21419893748794658
2182,0.02336316510274834,0.38318304966029504,0.2114130373696212
2183,0.015858340268639793,0.14368480193119354,0.0867748292237611
2184,0.017242005394992394,0.17443067068814105,0.4009145002750938
2185,0.019396692580079335,0.28322869826343433,0.1342505270695037
2186,0.017627759610571277,0.22827768149729571,0.12513441552903812
2187,0.02467048929830337,0.37406032869712763,0.24800930056467121
2188,0.01728905939236615,0.21258378373376402,0.05379967246024064
2189,0.017520706716263348,0.22850847666436078,0.252689875464899
2190,0.01902205833546613,0.20885114392390083,0.19012738118444478
2191,0.02010345239789916,0.2700582841764375,0.3286454552953744
2192,0.020295584456024307,0.2996463856145534,0.16494677227244509
2193,0.01919819649004866,0.23804546354698478,0.2573110434625602
2194,0.01683027621227452,0.1815653060746146,0.0954144105655247
2195,0.017472945912131905,0.19761943336035973,0.21098292455420467
2196,0.020416427178150436,0.3014677081884391,0.255368931312769
2197,0.024152078052054476,0.39756361092036063,0.08431436935853427
2198,0.01663827911292262,0.1865915244212048,0.14752469609227437
2199,0.019575132378820224,0.27790110530739204,0.40832166997708563
2200,0.015478986981637155,0.1528458458652455,0.1004472979105912
2201,0.01813206419109254,0.22017971541084783,0.2208633792769556
2202,0.022606584539146903,0.3563104269236627,0.2506479732648013
2203,0.017601345699001226,0.1819627636328463,0.09294065419044534
2204,0.017122529472455777,0.17856112632328133,0.23787680315519413
2205,0.01858858304861533,0.22405216749922563,0.41865447950044665
2206,0.01842543335186777,0.2551160952981971,0.1550893779098881
2207,0.01865033635475449,0.2792856009222093,0.14359824700003518
2208,0.01710047358243779,0.22519255204537042,0.2493248857851899
2209,0.021773710955884585,0.3599247129368397,0.2652052771645966
2210,0.01685563810295542,0.2014480044283944,0.15387561539156955
2211,0.023426114968611415,0.3786499191234595,0.2600750582914445
2212,0.018400064793171488,0.21345357437849752,0.16800474380132338
2213,0.01640605814833788,0.16201519951389315,0.19450970807874135
2214,0.016423619961465526,0.18844039421761655,0.31201980088005654
2215,0.017655760893237987,0.19003633637097164,0.2859841209211397
2216,0.01785003639663448,0.19436018436047664,0.1302352041665714
2217,0.02505907635748495,0.4297246080365882,0.2299356147922877
2218,0.016856829995049477,0.1697708272141138,0.1077205169412627
2219,0.01661968862750918,0.17329823322080432,0.16898923790376424
2220,0.020041840120344056,0.3169423320785187,0.28040290111904564
2221,0.016905694825422115,0.18292318973147573,0.22857547761636338
2222,0.017849493675253417,0.2260726450295138,0.20849064280983876
2223,0.018085416647796546,0.25375194368462267,0.2799745931970721
2224,0.017479571360678712,0.22053916680560245,0.21875864817735668
2225,0.01632965597059645,0.1889480267472626,0.21283315884988915
2226,0.02131878861308308,0.29456939225918605,0.14400391925411615
2227,0.019297066965354413,0.23403487770066184,0.177398631930792
2228,0.022400596807112816,0.3394780553815919,0.14401830314446665
2229,0.020980695402207577,0.2836834536799416,0.2788991111896558
2230,0.019482859840120624,0.249859272734317,0.11454910464209571
2231,0.020931951500070163,0.27634350508238575,0.19550296943316428
2232,0.019668998326639618,0.2458624416524882,0.19681993701271586
2233,0.02093608146325965,0.29658819222383204,0.24573083755492472
2234,0.017749359917936743,0.19472302041271441,0.19761749518140728
2235,0.01515145697311574,0.16025028400727673,0.06312541370290425
2236,0.01569024976339524,0.12278358853121214,0.1703083309384456
2237,0.01804038804857981,0.2018666018854726,0.4137301378472822
2238,0.01862112017981214,0.24245666568427363,0.18984652347915498
2239,0.017911444677993566,0.13872899938521882,0.17184253970426888
2240,0.02579385922109051,0.4047448524495677,0.21217256867539777
2241,0.021629714441441277,0.26606126859991736,0.12790149244718285
2242,0.02166915617773169,0.2798078593219494,0.23828825773214815
2243,0.017022355430699434,0.18906839954325416,0.0682403820629711
2244,0.019553583519875566,0.24115282018552794,0.06957570216121399
2245,0.023091977036159745,0.3388593127078639,0.2588500843168735
2246,0.01903900104117127,0.21383742043860493,0.18303742716844262
2247,0.017945367863183643,0.16407640971020668,0.21662068647723143
2248,0.024405659698093083,0.3703788246156416,0.21049125058770726
2249,0.01923246401708731,0.232406167847662,0.05227868775638693
2250,0.02121274457462579,0.3153412402888553,0.15536321467488542
2251,0.016251376713570593,0.15585666333339726,0.07348916120645244
2252,0.02160846807333704,0.3350852209244403,0.29655152414517516
2253,0.018974398242341168,0.20163317003495407,0.37634752432745394
2254,0.024359050408167368,0.3881604109623006,0.21623425430579404
2255,0.023556589256972828,0.3229001446545889,0.14344483704519917
2256,0.02139992966279267,0.30782151958309617,0.2380980002503975
2257,0.01965772969117268,0.2616859587566758,0.21178842511913396
2258,0.023257205186769016,0.3400780977193688,0.22233119597068446
2259,0.01876503910725062,0.20931933883842124,0.1960920449013039
2260,0.01999489085941921,0.2386670429729414,0.17031654708144636
2261,0.01953666207103928,0.2525058288478637,0.10681393945226679
2262,0.020485149572452406,0.2759950456772534,0.09654199011056863
2263,0.0215169859422201,0.31842166277799866,0.14957394370182261
2264,0.017854895929286213,0.23514622124737175,0.10502872724730254
2265,0.016976776745144168,0.22199886114308848,0.187570375973596
2266,0.017936684403160916,0.23432038338616146,0.1294777111012121
2267,0.019702092484034074,0.2856792234051171,0.24122306721735698
2268,0.017783088022497645,0.2433889507518407,0.21269293854669508
2269,0.020756989710158793,0.3333229338702172,0.2718730811006677
2270,0.01822099728190399,0.2529707352375325,0.1434686429898126
2271,0.017129088762807,0.21175350863355588,0.16004509996791982
2272,0.017701563272230065,0.24578091284412257,0.3042354762101694
2273,0.018966963214894585,0.2865534550098235,0.1740200182080331
2274,0.01857484665592059,0.1996204794830601,0.3163524055239059
2275,0.01692485324230368,0.19687773973981443,0.21621132368898915
2276,0.015745454192469328,0.16548862744297588,0.30621259691500463
2277,0.018695960484157843,0.26310871089475385,0.2771866634182004
2278,0.018818567196088223,0.27520841568932414,0.16168890650519493
2279,0.01994653363814655,0.31588640706319643,0.14601671863784052
2280,0.0161748197818326,0.15264710950127247,0.14576338880771159
2281,0.02029512022226509,0.3304402681349892,0.16540214762197972
2282,0.016170887126873597,0.18113683510132775,0.19356128486670232
2283,0.01957024175267002,0.2763005096100901,0.31070338847004203
2284,0.019002344090227465,0.22988444566276642,0.2477966720633653
2285,0.018320961124673546,0.22454815946643206,0.0047041955263702915
2286,0.017962272591890958,0.28967537417976624,0.13732191899894958
2287,0.016203712885718848,0.20405402646078358,0.18928208969615196
2288,0.01948038728082422,0.3069911235573383,0.1915475202889931
2289,0.017238905951341272,0.23397849316178257,0.10589804697337583
2290,0.016761377368845806,0.2511955457799114,0.12454117019775914
2291,0.017219532290638984,0.2601632434103273,0.22286084309976179
2292,0.015875855091862418,0.19861081273351125,0.2763656565256561
2293,0.017046550240651097,0.25490417385674047,0.18486086152913597
2294,0.015827429830157017,0.20241170313989296,0.11463563299494997
2295,0.020671478750850746,0.3241296105206067,0.37720628842390413
2296,0.016358484810483735,0.22319706808010156,0.1594653046486112
2297,0.018197782136432413,0.28381503397972935,0.16843494693203073
2298,0.015954338942234962,0.20689369244661795,0.15225259281027417
2299,0.017694273734386094,0.22485788718412225,0.2434900611042819
2300,0.016349780047136723,0.17504648214760563,0.20527481291883104
2301,0.018000779013087116,0.21548174201242878,0.44747082919522446
2302,0.01955750434880931,0.30160914145729667,0.1907903945241044
2303,0.016384944584680795,0.2024102693661097,0.14846992055092859
2304,0.017280848530173226,0.19451857383970214,0.11029716016718853
2305,0.01897470075123248,0.29356737160436525,0.2891642245379359
2306,0.016538248742763575,0.22651656384814095,0.17724882858619104
2307,0.015917292022177003,0.21066345797833227,0.18579086493210864
2308,0.01761045506992377,0.2602077801509433,0.27115796611291937
2309,0.016070371114852076,0.20382075671548985,0.1027686600897008
2310,0.01814143115642354,0.26611856105106285,0.2898231073709803
2311,0.018257866446732607,0.2821610469445044,0.19429228905865806
2312,0.018727018296835932,0.28791214678564153,0.17845765912735004
2313,0.01694529698243286,0.24409182953981914,0.16340791324255544
2314,0.019204430266664862,0.2861218547317667,0.297994881527047
2315,0.016666907404997013,0.22361090692589222,0.1959483055326101
2316,0.016459631786998764,0.23895452372663517,0.15782774074902298
2317,0.018223420546660467,0.3012115687139307,0.18416749927154047
2318,0.01756346179456428,0.27627390839734756,0.14051744281865244
2319,0.015571352085762201,0.16034909167216968,0.18211229331164352
2320,0.017841686148489067,0.25091705706731815,0.35210677506839144
2321,0.016608977341352794,0.20757926817540745,0.1862771317904867
2322,0.018757949274141643,0.31464037510730447,0.15369799467481537
2323,0.015757941002955498,0.17968549045056473,0.13901644901726656
2324,0.019020714435600505,0.2956454091983821,0.3285971723973283
2325,0.017961080433016564,0.2559849145805165,0.17087163671705102
2326,0.017375281372455594,0.21095139120758086,0.15910105988310053
2327,0.020711643478253286,0.2840367505913507,0.28980474997061817
2328,0.016663367543270656,0.16642863964381688,0.1574734985360436
2329,0.023643433857523405,0.395212027985523,0.37236010477421344
2330,0.01720990930498314,0.21210733058008313,0.11146497169723464
2331,0.014830346766744046,0.1451101812223595,0.22471606943743358
2332,0.01973369560420984,0.3173432597905644,0.21977082329688455
2333,0.015434104475574468,0.18125813492446075,0.22485427834561808
2334,0.01686145749722455,0.20964376537069684,0.2531222083129817
2335,0.015688635839685532,0.12414539236854047,0.3274314328692162
2336,0.02379651188864937,0.37351592925901594,0.2568170816729589
2337,0.018135491098861683,0.21856753715685664,0.14274690453737582
2338,0.0194121653938017,0.287985741927021,0.2709934337930145
2339,0.019607964744939733,0.2960948664627196,0.20040978537025234
2340,0.016576815583234542,0.1890644254108693,0.2352324149084982
2341,0.016377285384308913,0.17585032010022442,0.17571784175756547
2342,0.021596031833990118,0.35527378748594196,0.19065130608009562
2343,0.015566438395259615,0.14880589666721125,0.10089601459257741
2344,0.01925927807319538,0.2027640993079533,0.3137332548944077
2345,0.01856484951465757,0.17745811539182382,0.34411511402521205
2346,0.02122082820294705,0.30254676774133815,0.12357422009902459
2347,0.020093319611572274,0.2655204273425685,0.2107341514421358
2348,0.019724033903108465,0.27154777383694706,0.1527367095828766
2349,0.020240906032059067,0.27086335230331093,0.33087474743855905
2350,0.018293155785148386,0.19480403065392796,0.18574055629173644
2351,0.021259128079635783,0.29604047923462884,0.2587160012260387
2352,0.021422865233953002,0.3127428350604126,0.1478488319156455
2353,0.01731608297559706,0.15962492866633166,0.18225267737052048
2354,0.023438843440052853,0.35704796300033115,0.20041517907181242
2355,0.01834598700839524,0.20278308839972486,0.06393066739506163
2356,0.015064489581469217,0.1524558695326804,0.19519145922586106
2357,0.020535589496198967,0.3282110447730655,0.17406915199160203
2358,0.017793600249539115,0.23648659503105568,0.13578265455831964
2359,0.01719028193418089,0.24594510520986726,0.20417065882517893
2360,0.017254035184320123,0.24883106088521392,0.15298630667198915
2361,0.015311084471054101,0.1247537863507315,0.19922652885731826
2362,0.015130561912568978,0.153826691972965,0.22246824007144814
2363,0.019029913976116676,0.29317866268695447,0.4117664068621569
2364,0.016735359327515163,0.18293318885800014,0.2278051644829473
2365,0.020305789695306733,0.33461214529436145,0.20993918839218384
2366,0.017962089302947685,0.25816176412680253,0.17472116147610095
2367,0.020794032452737157,0.3488478314322157,0.24062709992684345
2368,0.015108374455933372,0.11833401282334638,0.17689357548965223
2369,0.016595629347051787,0.19259019044889344,0.16799544667467384
2370,0.01583117986691465,0.137881806667962,0.31867772136334116
2371,0.01731332022356883,0.20654270994510376,0.3966272007801474
2372,0.01904363776811369,0.23169518376886608,0.16058513791661252
2373,0.015308713533604296,0.12407835111454743,0.03517671870624574
2374,0.01833032661391193,0.24640117292305763,0.11805288999021593
2375,0.01906501265854151,0.28792525797095586,0.16973296989571193
2376,0.016482231447450233,0.18899175230704301,0.19228461590388632
2377,0.020821401050032367,0.2886002387127862,0.3844428593103085
2378,0.01587532044032828,0.17363473798008505,0.13444588609744051
2379,0.015859502897193452,0.1730851541579205,0.17115802112882308
2380,0.020873487929543248,0.3587919670303773,0.19670658024301257
2381,0.01752745138105658,0.23815205255236047,0.11164177469552249
2382,0.0162510025466982,0.19708383323451373,0.2906911160018628
2383,0.018075374628828387,0.26708896176684976,0.3279463521373524
2384,0.016678136159459633,0.18552428067563972,0.33876401629199526
2385,0.02126847251633943,0.3453973431548451,0.2720656471311483
2386,0.016208128184959713,0.20758462830468402,0.15733708707149477
2387,0.0191676614440126,0.3198711961813517,0.26729087345090585
2388,0.015106134411113482,0.14546920160536242,0.14924834965247835
2389,0.01713438364523843,0.2118901508538365,0.3494209842711798
2390,0.019847177775441142,0.3244768713427796,0.2345488435187732
2391,0.015396808818296243,0.17319023194552446,0.15725153795080177
2392,0.01816690968126096,0.27339858001900513,0.18400544189713075
2393,0.020085427357645676,0.3100872671176303,0.15035210097691049
2394,0.017973493141195198,0.26607819511017283,0.17841837343216177
2395,0.020106029621885152,0.3060716115965946,0.29762588921662675
2396,0.017849989763213992,0.22423712018060657,0.20641045845581218
2397,0.01830596559524863,0.26428354244521,0.16673367704512687
2398,0.01749862748163662,0.24301189634660383,0.12238399391553738
2399,0.01783815227192831,0.24342260957931397,0.20829717583213325
2400,0.0157289126785677,0.11931340437038708,0.28107422705234675
2401,0.02282691106898487,0.3845162252520729,0.2603262815872331
2402,0.016093488898353787,0.17160590486157196,0.17206625065110984
2403,0.021261850549908087,0.33925903908512356,0.28647060642512984
2404,0.016085018909631103,0.17759249166691746,0.15321751698053077
2405,0.016382133156962256,0.1657756965201898,0.18739990462772765
2406,0.016482086760201284,0.15820698274281433,0.21707175294346048
2407,0.018142033508883118,0.23775723096563783,0.2854048956418704
2408,0.02072091094473613,0.31150611028159764,0.20231762496314926
2409,0.01760358860154233,0.21489798216515463,0.21534957476293956
2410,0.019415973396569287,0.2909268924938812,0.1918619061613469
2411,0.01959422891596742,0.30166207794875977,0.1859750236697759
2412,0.019142761277786816,0.27508350032350826,0.3090033285508233
2413,0.017704973374459233,0.23287531572951922,0.26377124966940935
2414,0.017652358269149425,0.2654178462250285,0.16789495043768246
2415,0.02187007538040416,0.33246373367087195,0.30405084458752807
2416,0.017512456147676457,0.22971265834120427,0.11740325407300957
2417,0.017309643356324275,0.2364910593131367,0.1812430950514306
2418,0.019041837585526758,0.29419799231619725,0.26050180728267025
2419,0.017396528556380346,0.24056627813947482,0.18596512468609483
2420,0.01861637696138904,0.2621197213226297,0.20763278136075122
2421,0.01820333812307145,0.25537593083224697,0.07776609878568307
2422,0.015455647680550558,0.1663172917585542,0.15083666051532385
2423,0.014773455899587193,0.16238302618839826,0.2787272717248806
2424,0.016994378758888824,0.2338330849626845,0.2215930529652239
2425,0.020182926677709406,0.3261118489283151,0.26825316035882685
2426,0.016224774680484735,0.2019941954371497,0.1909079248213849
2427,0.017243210474538105,0.18818089570554156,0.4724258433776597
2428,0.02168270905325753,0.367790815444208,0.2506090209421118
2429,0.015314567972731336,0.1642298187646605,0.09627804490695457
2430,0.01971801678045377,0.3266433042922332,0.2199145408297183
2431,0.0146392762478407,0.09590828924417154,0.04959691950522275
2432,0.022036886503514146,0.38034942823005863,0.32823592796970547
2433,0.016327343042993093,0.2038184744801727,0.15595730419726606
2434,0.01699750599089717,0.2365176948017776,0.17195973704162826
2435,0.017099344948398536,0.23929279916996746,0.25437340572920947
2436,0.02440318310382519,0.37878703510516404,0.15039130756932373
2437,0.019173033341225852,0.2175556346290716,0.2048395778496977
2438,0.01629071853396502,0.23327240333986995,0.04869869691226113
2439,0.01681357499368273,0.2095507709327681,0.24707754575142143
2440,0.020246623771362007,0.34784666699807576,0.30446682968557764
2441,0.016172228004365075,0.21422565992764533,0.13243703677792562
2442,0.016171169498709538,0.2094336697504107,0.29029975384637496
2443,0.017571958119249387,0.2618192331470695,0.19901796502820182
2444,0.015185027454460874,0.16598680385597236,0.22367365276737933
2445,0.017239307963834785,0.2257460983941896,0.17338056270020247
2446,0.019942308118680262,0.3303683601593439,0.1461290418491238
2447,0.016702194340177143,0.20371253865126177,0.24645110692786995
2448,0.01678001224772758,0.18473218236293254,0.29023935718190447
2449,0.015830395566398873,0.14024772215734646,0.4119741920314221
2450,0.02332418600852811,0.4181049663301163,0.21793071405267325
2451,0.01640772172879854,0.18353760306515937,0.162737361299548
2452,0.017196793772157014,0.24673196910008557,0.08075132109550474
2453,0.014952510238073155,0.13443885230129882,0.062363924569064526
2454,0.01649615129928188,0.17346886708927292,0.39852052607920874
2455,0.016946137503404013,0.16851746641905063,0.21447264554189902
2456,0.01893271595009623,0.2609863460334653,0.20248727038668143
2457,0.017826615700482395,0.2139812413417886,0.25378293002428715
2458,0.0182369799438777,0.21394819715448107,0.11332566660341858
2459,0.018752510867485545,0.2817312630919431,0.24616090388991907
2460,0.01992933200426447,0.31047792354532733,0.18043967699799565
2461,0.013816953167181834,0.09640751093847733,0.09248264314145432
2462,0.01876116044931674,0.29636440011685944,0.25104898071152865
2463,0.017957940152777768,0.2751232362676256,0.12887384837354846
2464,0.018352275785107158,0.28166088637645753,0.24493737007616675
2465,0.01715645077696095,0.23491608452464008,0.2192239150717516
2466,0.017532869241946386,0.24049845738981362,0.2618963392931768
2467,0.015206018943049116,0.12996029081003949,0.1305679751288825
2468,0.015284849471440739,0.20193145714775454,0.42848507217933174
2469,0.01852156931595171,0.2978120507156686,0.18847695089726954
2470,0.017392328790411426,0.2617419710741879,0.11524617745168803
2471,0.01858974790144125,0.2545265042799727,0.12087492681747428
2472,0.019494331686133008,0.26757491280592777,0.363853727897463
2473,0.0196614358191992,0.30535273457395334,0.17674703759205407
2474,0.01859822660811174,0.24928356694092024,0.19308771389866933
2475,0.019747025665417868,0.3155754916898685,0.1839733137475589
2476,0.01881165217148712,0.2610642064557085,0.29605790094175033
2477,0.019030191955683944,0.28544178440713763,0.20327704338694483
2478,0.01546857267783437,0.1860128504323039,0.09604356482672928
2479,0.018938262040133498,0.31046831907332434,0.1280127580067647
2480,0.013712127970223576,0.11726837968113431,0.12711082516396968
2481,0.01547098605888904,0.16893182932370995,0.1733469132560524
2482,0.017869535418239938,0.2547482479593564,0.2950365214829183
2483,0.01590381348291573,0.17981483357256217,0.16020609139453656
2484,0.021274977950968967,0.34840820836371345,0.08914253258925824
2485,0.015824299597184618,0.17019514911499073,0.10399506983533942
2486,0.016209143050152305,0.1828577903867439,0.22628769620286757
2487,0.0174332239219394,0.24145485627824936,0.15728654542823697
2488,0.02034202978118444,0.307478304595294,0.20818510805621285
2489,0.019719765148578462,0.3039094424370663,0.16486682340068676
2490,0.018817859367692005,0.25182260574009313,0.18665910227207796
2491,0.01872860496632266,0.2794195072033794,0.19391921191162195
2492,0.015993691052383782,0.18208613072427243,0.1213451953841593
2493,0.01885654188286804,0.2756345478512382,0.1347679556830827
2494,0.017646884481320232,0.18878231766962694,0.2902098613677859
2495,0.018752054758996085,0.2784483978432127,0.22179524266271142
2496,0.017610728407994117,0.23513068018461306,0.21104725110274702
2497,0.017497181925355314,0.22733631335437138,0.0942836663570234
2498,0.018461123362120958,0.2673391966028869,0.19910089658298263
2499,0.01837134524207862,0.2819425012955753,0.11824542185604658
2500,0.017156228235509687,0.21737953743827182,0.2051097891070113
2501,0.01924711600833598,0.30745544976419886,0.2547833378603553
2502,0.017003043313839165,0.2429349828355332,0.11071631632646664
2503,0.015467443634849731,0.19413325568660245,0.22801049617554983
2504,0.017684897453645387,0.28021845911169685,0.19271153669950095
2505,0.017893454354767618,0.23547137234451504,0.11205887813287406
2506,0.017483310295979205,0.2775608138484462,0.07417159021845035
2507,0.016220023961911724,0.22493565376348595,0.28998263622414683
2508,0.014029061641370381,0.09346833977628244,0.2013776542450881
2509,0.019092162459284755,0.22221116721881928,0.2639520181917962
2510,0.023947456099035345,0.3461003966753118,0.2196680723926021
2511,0.01924778676718711,0.21958754813062836,0.18986747704815063
2512,0.019135871913817753,0.21152689196257557,0.1538193118697161
2513,0.024192406049107627,0.38180138108861866,0.26913872764058755
2514,0.02006611397391849,0.2327855682523583,0.21934121052484856
2515,0.027842628250893117,0.4686705260616733,0.20903025226944758
2516,0.014500000321641235,0.10027247417274571,0.06053042038970336
2517,0.0227032532792895,0.36465464529517366,0.11759428586191514
2518,0.018835845234416667,0.2083798369021205,0.21466915223197688
2519,0.01952630032375387,0.27004051494562253,0.1122586177049338
2520,0.018600676495620017,0.2593702490186737,0.1270618039668888
2521,0.020017317566881885,0.3110086993604085,0.1478915659817757
2522,0.01926986061903215,0.29704076395032636,0.18138968206482256
2523,0.02002540724343758,0.307676553050752,0.22909239198024037
2524,0.01900578223104898,0.29466726771087404,0.1995688520147232
2525,0.015860481971757667,0.20304588534861726,0.12408568076735126
2526,0.01888957668557489,0.29097897497045677,0.23394856346632667
2527,0.016040146020603857,0.21776269733036122,0.13304069660200318
2528,0.017319389039012978,0.25964073566581636,0.2803448156234027
2529,0.016212941981706683,0.2151323022762175,0.199372305586048
2530,0.017765739133865165,0.26737749755328927,0.26484443518475553
2531,0.017697674233865306,0.22278275754974206,0.37864989245396796
2532,0.01821564249907052,0.268525553814662,0.24574641257089339
2533,0.014243712262513307,0.10564636672720175,0.216864916047953
2534,0.022617286433359536,0.4044696593346167,0.21777504260537417
2535,0.015342505140816526,0.1529948027148888,0.22879204904599373
2536,0.022859948485484578,0.4022876336087314,0.17630116906196797
2537,0.015615931777907472,0.14723255164071394,0.14941286230189257
2538,0.016229611587815312,0.1648985322249297,0.29002116904291747
2539,0.019211875850810366,0.2912111581287703,0.18739673062667114
2540,0.017507934211895237,0.22615850519522857,0.15443641929484395
2541,0.01734945701103447,0.23659979176212534,0.17214246397525432
2542,0.01581612182820983,0.15679161996073676,0.1641024968059069
2543,0.016852603462217737,0.19700633972181783,0.2671486989174101
2544,0.018131664623600594,0.24803271213743808,0.13834303694533837
2545,0.021824651032723685,0.35386381150313023,0.2051375878784513
2546,0.015390430484191295,0.18764766002953137,0.14212072356686495
2547,0.01653656826303763,0.2227430512585961,0.09831755184888752
2548,0.015463866333689631,0.1917540478737148,0.10239159431375884
2549,0.020869693099931582,0.3552364300591257,0.2014216942230442
2550,0.016168049341804047,0.151725243715345,0.10530493353991256
2551,0.020833745631132442,0.31071014129158775,0.31212699574227887
2552,0.022197520232591323,0.308290282098137,0.3714670625952652
2553,0.018186360477191355,0.2300616641773159,0.15593628092450038
2554,0.021019458267192877,0.297944900864214,0.29798363288863505
2555,0.016541309741409008,0.16276626653742626,0.16338146047885244
2556,0.02072254315718129,0.24842193047878464,0.17198297875833787
2557,0.022565733611718437,0.3180069739023081,0.22086678789812633
2558,0.01779848651841324,0.20172143358499076,0.15855797629687426
2559,0.01768552486011639,0.17885187881216819,0.41791034814274214
2560,0.022754514050086324,0.33644183277669,0.16520601475379004
2561,0.020747234863523083,0.29692808490719047,0.11518757963786014
2562,0.01722276413097175,0.21940514894715424,0.10820119359318191
2563,0.0163936037597756,0.2093518660613484,0.06571093396129028
2564,0.016895753963873585,0.24212686230621608,0.13384160987389948
2565,0.014735645365716475,0.14785776593726072,0.1124428860194884
2566,0.01780109034295606,0.2500022230350637,0.3733743320438872
2567,0.01909784013282417,0.30295612468536254,0.17354326261170752
2568,0.01692424189041202,0.21531478877278368,0.2273030317351678
2569,0.020325434047799282,0.32766885180718325,0.17278060605752213
2570,0.01744854391974568,0.23218689332048084,0.14507241505366078
2571,0.02016721840316269,0.32195528124123834,0.28149153584796155
2572,0.01585872532352021,0.1919250384866539,0.13573683328048353
2573,0.015296961877736642,0.15243919832568686,0.40604926674169683
2574,0.01652516026359163,0.15829643906917676,0.4833207816523909
2575,0.019865077572572592,0.27820019650808314,0.1665418161724804
2576,0.01970933770941834,0.28199428510171454,0.4479596839330825
2577,0.019547111649114313,0.3247771707134474,0.26826382649254454
2578,0.01595292613325364,0.1973941555566292,0.1670684105262937
2579,0.01876426898918186,0.29835665289707586,0.20353003769432457
2580,0.017535903942534813,0.24838542171535025,0.1932650280832975
2581,0.019086382035529835,0.3207598801194804,0.14917197655254713
2582,0.01676073098527268,0.21018147465991147,0.2012350226005826
2583,0.017354075672814835,0.26294845702203745,0.27104858776591934
2584,0.016628671081824368,0.2286978454289661,0.22652727242557263
2585,0.01466766549648855,0.1312584546879334,0.18186777674027033
2586,0.016062143523929453,0.15482551040955506,0.30955130949317944
2587,0.0194041916616414,0.2724744186111746,0.3788641804476849
2588,0.015242737486132774,0.13589734031488285,0.152404055090355
2589,0.014088357201697514,0.10522039886768325,0.31936931294229576
2590,0.017487047051988024,0.19496776628419282,0.30382674138920196
2591,0.018266446084766207,0.21180052012355832,0.2610713232853472
2592,0.023322987744332207,0.3942019346714193,0.19925054064078035
2593,0.022132237933886315,0.3517925032252006,0.09608365861239562
2594,0.01635108694182005,0.17321866227538738,0.08614993296879253
2595,0.022682517840532032,0.37838982049827924,0.35749160953081743
2596,0.015717449171312035,0.15949017894605708,0.09953906044229084
2597,0.02264170637319778,0.3646797954488923,0.31636254142738074
2598,0.01988540956425332,0.32006619072049475,0.16512003804503544
2599,0.01769311090012616,0.2385090743654239,0.18113692488519187
2600,0.01742278267110097,0.24658752953510735,0.2674186099557894
2601,0.017435786747825158,0.2517239411685565,0.2000229835069787
2602,0.017076817587673772,0.22355851708951113,0.26032424439267104
2603,0.017407330401779813,0.22353015936201698,0.15173445809035865
2604,0.017503626438594877,0.1976424900359739,0.31062193403929195
2605,0.016587765757510566,0.19866459296332625,0.24434228682759365
2606,0.018486346475614097,0.2574900909070873,0.16016358536558453
2607,0.019137583047601978,0.2764821995821562,0.17196140983995353
2608,0.018357088681173864,0.2768554769755785,0.19861528846447069
2609,0.01584559147272955,0.18029993113372678,0.11831329432156241
2610,0.01692154948423921,0.22645391267723117,0.19864195459753442
2611,0.017617058324150302,0.25242596257083544,0.14324802277976448
2612,0.017332808394439608,0.23339894208197925,0.238522889552253
2613,0.01855992482240882,0.26294555590733504,0.23976838356385238
2614,0.01827178968157956,0.26632311175444245,0.15507562069640726
2615,0.019159576946324156,0.30158803408951057,0.2249673584161835
2616,0.01771077036007285,0.255201063573217,0.15903045805755095
2617,0.020124159775963966,0.3230135952180728,0.28065516746505315
2618,0.016419934955911843,0.2097050274384831,0.10828767811120399
2619,0.021737850351029223,0.3705980752562235,0.2646540459836979
2620,0.016423005330510415,0.1991685276031677,0.15169539113391187
2621,0.01835075828646721,0.2643245710941441,0.16784645867766917
2622,0.0203982534733029,0.34865520978837394,0.23250810893403717
2623,0.015301042112871263,0.15508868220922245,0.1577051349441388
2624,0.017914487551683768,0.22453122734038727,0.22273145649426376
2625,0.018159488394270586,0.22693528177240746,0.17318611933910655
2626,0.017735392113801245,0.20890624772200617,0.03243223121692992
2627,0.020624202228228333,0.29456340290887784,0.24020700642823753
2628,0.017761279992946667,0.22352741336729068,0.1913341090252945
2629,0.022899824528740856,0.39641652102177843,0.2403589281466014
2630,0.01867121058445363,0.26539978181277957,0.14892414430601605
2631,0.015286102468889522,0.12983877009535363,0.2277908498938079
2632,0.01578225019789398,0.17877188823766127,0.09522142839103609
2633,0.020802945485699262,0.34210965714184877,0.47454265760482045
2634,0.015529118001190256,0.14947400571339675,0.19446004333173272
2635,0.016356889629766763,0.18398425002000707,0.2579699771076557
2636,0.01604422569089413,0.1694031182212202,0.2277050537576077
2637,0.017575882362799576,0.2302001462743477,0.3041976751885777
2638,0.018493654843146218,0.2765831204843753,0.17730327304397367
2639,0.017108841118523177,0.22297026961509697,0.15677318231524973
2640,0.016073640427582685,0.18203302935672866,0.2150094951887697
2641,0.01640432395198146,0.19372602687170096,0.1774875276652789
2642,0.018751384342227444,0.31231206480437806,0.3098065078295181
2643,0.016211162173300906,0.22963256962710132,0.1491206683469368
2644,0.018995927409429368,0.30724598293080746,0.2031872187680399
2645,0.01759393506738643,0.2584498388058274,0.18155032073586416
2646,0.015708091143974985,0.15463566941227744,0.2012049913976932
2647,0.01750488774282902,0.2246942412046369,0.2763322964884466
2648,0.018057015851981335,0.25490461309545503,0.17514077915252627
2649,0.016711312801361247,0.203078056109055,0.14298390342671022
2650,0.018374690540218345,0.28752077130925097,0.16187641916199005
2651,0.017153924518339008,0.24571034571772798,0.1355994493364128
2652,0.01973318775215591,0.32907881661815985,0.16820636833809977
2653,0.01780203495804449,0.2503199196199566,0.2821421167797539
2654,0.02161369657479303,0.36272023252146895,0.18313419929866467
2655,0.014265261432464765,0.1172073391321763,0.05339925444933425
2656,0.01670077711433364,0.22433698202538357,0.22862430563603023
2657,0.016900897796346674,0.23080646417707273,0.24737237094623066
2658,0.01848866990139734,0.28208178416432966,0.15338336630715668
2659,0.014765333124053034,0.13827028308669734,0.10891698050791937
2660,0.0209472699482021,0.3607537433777549,0.2565322843571108
2661,0.019292132279299896,0.311081188336591,0.12705952281668692
2662,0.019726154280135143,0.33549208599384794,0.16489482564893362
2663,0.01603718665965081,0.23006603664284303,0.14541893496965813
2664,0.016323565046284783,0.17441580160288897,0.3658049937549877
2665,0.01822806789848522,0.2365987267360093,0.13553779144709652
2666,0.019250307983239102,0.24433645568227533,0.24595104011329533
2667,0.014980937060840043,0.12956640027382457,0.11650668712344209
2668,0.022330300432039193,0.38404391630364193,0.29119602316400844
2669,0.01565030368651944,0.16026724581474414,0.1555822520324674
2670,0.019786449885610062,0.289330226492649,0.24602451918005
2671,0.016392458865839753,0.18706800446867486,0.12783824069958788
2672,0.020344583402436195,0.34226460412930393,0.29596964208468657
2673,0.015527244608749543,0.1597694396104502,0.1188205159471354
2674,0.019092684196727567,0.29270698535410716,0.21655503747749333
2675,0.016762004130079746,0.20558729612861273,0.2185952057859
2676,0.019998547692765715,0.28621098160267555,0.09921393344858535
2677,0.018534144220986568,0.25485226009738376,0.3140420431311626
2678,0.016097465087067744,0.18704871217240607,0.14701966422906682
2679,0.02012130481608276,0.29942102082455485,0.3243142856162804
2680,0.01932339727147548,0.30652136647389716,0.11014621219245928
2681,0.017177160194574402,0.1917524362462441,0.26300866545452417
2682,0.01779731030694427,0.2609119378209923,0.2538512611591984
2683,0.018504596834274207,0.30388484196057725,0.13461251474417144
2684,0.02371694080644851,0.43592650939642275,0.019511045582528707
2685,0.01446747026868874,0.11808969682838077,0.123837231204995
2686,0.01856753005752404,0.23055991881533008,0.2895802516039052
2687,0.020017750602291624,0.29368145888349645,0.24777681915322058
2688,0.019055680555762906,0.2839110742086059,0.16814960075670737
2689,0.019463303602982554,0.27485678570903943,0.19710105214720597
2690,0.019660725641724205,0.2823260736321218,0.19144534461251425
2691,0.020831091887978468,0.3266210654061456,0.2095976995349568
2692,0.015910296975330657,0.14465015304104234,0.13428985727243836
2693,0.02033993292683875,0.2943069605404161,0.35748097405156315
2694,0.018415247502450667,0.2611187195659857,0.12163921946937775
2695,0.016849601579195208,0.22427077309382878,0.17174730572673955
2696,0.01775866878359964,0.27256119874003176,0.2160186673459622
2697,0.017972611873914367,0.27597526556369445,0.27184976022594426
2698,0.015839985518662242,0.17430856378049592,0.11838236838896102
2699,0.016128714899896965,0.1646903748818278,0.21033131963153873
2700,0.01637603274840517,0.21316515317003415,0.5658806036571883
2701,0.015139199746897924,0.13945591839961252,0.1211398192384214
2702,0.019843610269006245,0.31713645019847037,0.3330002795729813
2703,0.018044413637986628,0.2627722031906375,0.28776160448491755
2704,0.01659735106679425,0.2039110990808367,0.09707719801637231
2705,0.021443140148196285,0.37502396085467476,0.34985651019854014
2706,0.014591234207503367,0.16032870189469345,0.11337438899481872
2707,0.020034078944167658,0.34051388773320024,0.18854505453310613
2708,0.0166666533074869,0.23162862646325524,0.1669905959849241
2709,0.020191795085283504,0.3483517306510863,0.24166310517865222
2710,0.017665835175064645,0.256235945728594,0.2224436821893025
2711,0.01801949087815465,0.2753879916157005,0.12820836215952364
2712,0.017971552743951114,0.2785104350039348,0.19664699547737532
2713,0.01872851389713601,0.2727524959893577,0.09984387435189154
2714,0.016854134485354385,0.22090700151197384,0.11431670526905797
2715,0.01970898965226832,0.2938351697541187,0.1827248206303518
2716,0.018205439002930687,0.23722551562080113,0.2147922359468532
2717,0.018820670607435638,0.22031610469216847,0.13178445923739399
2718,0.015560314446452592,0.13018587585101793,0.1296251106360634
2719,0.019133826005576785,0.27445251328873466,0.5269021481744465
2720,0.019519826094328643,0.2561967374701801,0.10448128505930228
2721,0.01848282890503557,0.22878361211141524,0.19766514939765195
2722,0.018850043835714002,0.2238704011502362,0.2802564257203611
2723,0.018284837142890118,0.22326449858001712,0.1457458003222358
2724,0.019496722451324486,0.28171764684788453,0.29410185163189356
2725,0.019587390718698163,0.2777735636910042,0.18175776155551132
2726,0.015393978963917178,0.1537734523193883,0.09200856530220106
2727,0.020123215832668125,0.31653425934700624,0.3061509304200774
2728,0.017534051929304368,0.20844409911657563,0.08572646229025756
2729,0.01878878019527181,0.30009365403559846,0.10714362426438323
2730,0.01701380712480987,0.23404517266180802,0.14536001613662755
2731,0.01664493786814226,0.19830632721413163,0.2672845210725225
2732,0.01583658300582934,0.17784143819618742,0.20847854593406087
2733,0.014610849829475333,0.1363211999922961,0.1708610074651262
2734,0.018349868733512666,0.29648238121461773,0.39698377525768297
2735,0.01768896000323267,0.259339655321742,0.18058058012912942
2736,0.01678039787785445,0.2262516089197915,0.18959801472777812
2737,0.015557497968820007,0.17322015610442754,0.267513364813221
2738,0.017004365227884153,0.26125124072357353,0.3428819635548138
2739,0.01623473979932881,0.23833808257678535,0.14725940801207513
2740,0.019260154883228266,0.3141563742364948,0.07898109260561688
2741,0.016425325523452477,0.21240263559144512,0.10786461005079928
2742,0.018497314724243936,0.2863629567423167,0.32726872856619044
2743,0.017014617613753474,0.2468874538278236,0.1830103563362306
2744,0.017475817851390175,0.24583951001229415,0.3219193568089949
2745,0.019216066489293956,0.3193893265172373,0.1699322090308344
2746,0.01713509972381198,0.2435153751687587,0.08711252346095943
2747,0.016736861643612686,0.20603892517772393,0.19393502203194493
2748,0.017893965029096424,0.22702109955887342,0.42283942490721
2749,0.01838174230473507,0.274456780088884,0.18152310791138604
2750,0.020532057214027854,0.3361578971837087,0.22171158814272449
2751,0.01489659180777327,0.14127949680918883,0.085729540134011
2752,0.015499839668518759,0.17772603233758652,0.14272508876861206
2753,0.015881720977693706,0.17405516507427565,0.15194055876318258
2754,0.015270645439338891,0.1601782369215935,0.24539047613802475
2755,0.018884206936955042,0.29480425462223875,0.19196197898642517
2756,0.015616374351997081,0.16634958159269267,0.1529610507276109
2757,0.020199791163391406,0.33629891787309835,0.13981358173577324
2758,0.019220180748873605,0.28062205262605394,0.10969421578418083
2759,0.015547366047992277,0.1714608187592216,0.09688144473031365
2760,0.019067858648964774,0.30594072308165754,0.25150705280847474
2761,0.017112214066471315,0.2333450288816771,0.19454824503208193
2762,0.019472879765328927,0.30499589935129906,0.12193121225999434
2763,0.015896265682186907,0.16718207911616767,0.1975393324569856
2764,0.020151328396537705,0.33711968803933967,0.1825644614497188
2765,0.01578964300452372,0.18210823529578896,0.18503906356158872
2766,0.020962801954049,0.3637409993024695,0.2333059452593017
2767,0.017043969756000765,0.23267630096689534,0.21478308414729014
2768,0.014042954802401359,0.10358689513631977,0.12561672564332027
2769,0.026890181157126932,0.48736927572570804,0.3540211825011601
2770,0.017406629121327878,0.22060525862581265,0.08428348785564423
2771,0.023163743708447242,0.4053337275213616,0.1815969979422194
2772,0.01780503426474321,0.2005580608790612,0.05963774083542994
2773,0.016722521434920472,0.19084785775335394,0.15702389051856638
2774,0.02046588266476306,0.3119195901471197,0.32644993901034747
2775,0.018903030089290767,0.2437707932735684,0.24294064628234366
2776,0.019678473473015257,0.27866034216563895,0.26015060026422504
2777,0.018327284036420734,0.2522749443532992,0.18846743970219898
2778,0.020009932475991882,0.279640874327958,0.22251118978516446
2779,0.01666042497322446,0.20472543153972583,0.0794149202521624
2780,0.018715021871888067,0.28573628936516066,0.28967449240949156
2781,0.01563884212103812,0.18904176079266774,0.2451631490011118
2782,0.017142807243480974,0.20928371767658382,0.46567956995423887
2783,0.015451867647097365,0.1524108818349649,0.15315368878349753
2784,0.015505656759445437,0.17574110835228002,0.10379357568056133
2785,0.01530388464828891,0.12528491770899008,0.14331545210835753
2786,0.015533798757200212,0.11968948335660504,0.1023003925673681
2787,0.021387485146873008,0.2998646242991563,0.14179835153178535
2788,0.014819771153723377,0.13585040626038303,0.10092026006339228
2789,0.016700085645936825,0.197168010720769,0.1544533554008455
2790,0.016929637821189274,0.2155519727042007,0.3011413000867976
2791,0.01826785728539702,0.27248920151169376,0.19406459331384193
2792,0.01785745751192973,0.2603005339545722,0.185890755233384
2793,0.018297500169059372,0.2782977902283662,0.21574572442774154
2794,0.017596575580295298,0.23427909396112473,0.2100976820077647
2795,0.017777753594492046,0.22398496947208418,0.253046244010837
2796,0.017406835933910864,0.23682976977901285,0.3055712369513589
2797,0.017084776941868905,0.18070069882464904,0.11241385022636698
2798,0.017785902859486755,0.21505249143817828,0.3391269662045281
2799,0.018589111354667374,0.2789060655851881,0.2433170004879996
2800,0.01566505188063447,0.15641298492017747,0.1182820416240045
2801,0.02425802829807732,0.4234428763779657,0.27269691111559474
2802,0.015878772209482896,0.19189113551511716,0.07197701377634108
2803,0.01859493795859738,0.2743613401446877,0.29841392466398253
2804,0.01525360595796842,0.14511565741488655,0.21117897241394998
2805,0.017034985694004936,0.25563225198892237,0.22716469640935588
2806,0.017428913591822432,0.2588446833967385,0.2113974983076671
2807,0.016064577068805458,0.22154282216169466,0.16795185259647474
2808,0.02247339608551218,0.3812661460717042,0.19815805402708087
2809,0.0165811985711418,0.2110986609587846,0.1431612370116314
2810,0.01802233989017132,0.22009870066160972,0.3576112935387405
2811,0.021859101174817687,0.3252531116481583,0.1969010174638331
2812,0.02214169851357105,0.3265517930331391,0.20924337827318518
2813,0.016776622430325794,0.20281599991413962,0.11732442526587195
2814,0.019863939360946988,0.29958744143337046,0.11905930332855029
2815,0.01745499488468734,0.235743618132704,0.2535901252727218
2816,0.017512291306162362,0.21572906485803378,0.16868701399322517
2817,0.023995654828201,0.3865741424958383,0.32502107515040596
2818,0.018010484878638433,0.23368400936877165,0.09661776332287927
2819,0.016114595005197397,0.18372694072227705,0.1800984854762831
2820,0.017855854309017732,0.23750714776306103,0.1438833325744538
2821,0.01793825043768771,0.2200485530802393,0.2666981395294952
2822,0.022989025898679134,0.3998612759030907,0.19151772260764718
2823,0.016893185177052454,0.22007831451653204,0.1841142775197643
2824,0.021536744288880253,0.39216393851123166,0.12233784413229455
2825,0.01635572937403391,0.2352867839351597,0.14290923914966489
2826,0.017556951392423623,0.2647536713392845,0.3618245994329181
2827,0.017215891527529566,0.2637424420696384,0.11902697988770927
2828,0.017624874513486204,0.22251328368700837,0.1217636075863902
2829,0.014693526736920334,0.13926675363893654,0.1075374037067594
2830,0.022876138396125872,0.4146610606145845,0.23045515928695015
2831,0.015510542338498285,0.17781280752567583,0.18988519811972812
2832,0.019584699577676147,0.31034109129915904,0.2708527406265833
2833,0.017609535306517814,0.24112680428540179,0.18198731968277596
2834,0.02156510158801516,0.3645415195725588,0.28135361844188134
2835,0.015671705712345527,0.18181028816745123,0.16023084841451318
2836,0.01852100488671852,0.274048005943578,0.1918435848432401
2837,0.01595881715047877,0.21397873581755006,0.16365932695915944
2838,0.015205176614157984,0.13572631016789174,0.3378136820799789
2839,0.017242833184205577,0.21141499505973957,0.17316602035117784
2840,0.0185932402267239,0.23003515050494283,0.16354483787547605
2841,0.01843781276486083,0.24041510011777767,0.14293042233618955
2842,0.020398164287583603,0.32604786223939086,0.323443186752284
2843,0.020927322393858076,0.2740537888475632,0.22917177891395976
2844,0.019597974278151686,0.2609727426840099,0.19123128803426603
2845,0.01748595051593651,0.2321141714032615,0.09902201500694245
2846,0.01618765304239715,0.17808781580522365,0.24562580223808358
2847,0.01834401717037206,0.2708891497514231,0.21573379307976442
2848,0.01857349951740233,0.21813297862635259,0.454923579591137
2849,0.01814476980277622,0.25921929674833427,0.23106094091043283
2850,0.017010793598343028,0.2142733146926771,0.09884371005073565
2851,0.019803364297981938,0.32078785998914155,0.33346534533752265
2852,0.01708516955825624,0.2256326218543135,0.18673919513693021
2853,0.016131001150242432,0.182776914637903,0.2555580021524861
2854,0.016191512712465262,0.14268945890298304,0.2544962594313431
2855,0.01720659003723569,0.18401354679289858,0.2763797299149175
2856,0.021710894848562125,0.3335380819633158,0.3628359317706205
2857,0.016634855367878284,0.1720118684928949,0.1037393261064473
2858,0.015732611444510033,0.19989975474419022,0.11184413374800568
2859,0.017825197096389883,0.2543473274373369,0.22219937755106367
2860,0.016467310871113965,0.22485882894206266,0.207279116792097
2861,0.016859894920925825,0.2169881220321634,0.1884398984331105
2862,0.017508569697338126,0.1952692843673853,0.17059317568062454
2863,0.033293345423371,0.5815896214711818,0.3569295379547485
2864,0.015376287974497966,0.17422660708759416,0.05314107318671697
2865,0.019232451590620533,0.3184652113268372,0.1978663575325212
2866,0.017487545192577038,0.17222693541147352,0.06448737318353973
2867,0.02544615827231997,0.4136463115047978,0.34803479729646364
2868,0.017619034892566277,0.20709308192109693,0.21325338095839133
2869,0.01883268220991457,0.23201029103273427,0.2783355893327843
2870,0.01801996248596523,0.2334170155903283,0.16449243175766406
2871,0.018200232980744642,0.20843165005107692,0.29364915723950075
2872,0.018626134427319745,0.24144181815965324,0.22559210790419865
2873,0.017539029585452212,0.2060360069088862,0.26211220433507443
2874,0.02134972710256957,0.36096626636124285,0.2170867817759389
2875,0.01596581345475962,0.12744340672496318,0.08494917738485486
2876,0.014749634727955504,0.13799238871241676,0.1199644439606769
2877,0.016772756814326793,0.2542174115409787,0.2231581983124696
2878,0.01711528271191504,0.2515953074224025,0.28644031052505214
2879,0.015474234319561636,0.14796210129363083,0.21815888954043014
2880,0.01550738702868303,0.16655635286369985,0.28229911065688096
2881,0.02012560710276134,0.33923660857322635,0.2837861507875444
2882,0.014939470251363315,0.1577504072623627,0.15579962243493592
2883,0.01587409900884093,0.15375733903969166,0.4975338731467848
2884,0.018567667802871946,0.3024447978698279,0.22469086705897476
2885,0.017425694099358024,0.25765017414097413,0.18428858327805925
2886,0.015891300459278678,0.205510228862557,0.1553299709657361
2887,0.019506932931108143,0.3237753284433441,0.34338324697933764
2888,0.017284083943057846,0.24995906592635214,0.12477292914474977
2889,0.017464938306798607,0.2407709886871959,0.28793160882687774
2890,0.01782723641915379,0.20017927171459377,0.2235350932444823
2891,0.02195182816283552,0.32655716890456715,0.3513608351624296
2892,0.01969164033324694,0.28195645960217447,0.14477995757643225
2893,0.01687445987531719,0.1763995447891005,0.15405973940374923
2894,0.018029875839386162,0.19230417099340183,0.10962126043956984
2895,0.021433202388143096,0.3148661877423653,0.2531979739584758
2896,0.018200039912578635,0.22778284246745306,0.1641150626185244
2897,0.018794492887760902,0.27167709437985155,0.21995691578909812
2898,0.01839740770028646,0.24385324266953037,0.21558662009492738
2899,0.01780646543932366,0.22070430663863763,0.07094362456326243
2900,0.01953581306954001,0.24527001802951287,0.2527664784022363
2901,0.019704086248341156,0.3006183372871414,0.2838370253612368
2902,0.017456584123647166,0.24795516637042084,0.09212114224152577
2903,0.0164480697428018,0.18298131487737324,0.1520754620147294
2904,0.01702135925851018,0.19878569603518068,0.35271732411570494
2905,0.020540641359238217,0.3160294981910541,0.19302601566851313
2906,0.020628552355446868,0.2980210539804488,0.1776107933216979
2907,0.015221758833883412,0.14983563599039784,0.10548765690689348
2908,0.017612976667751103,0.2386483422344427,0.2179969295603301
2909,0.02029008167283017,0.3335915170008634,0.19678373287762496
2910,0.016969098599913544,0.2344832559399634,0.16763655939438968
2911,0.019494259859676125,0.31698941529582947,0.3242725171940713
2912,0.01480094906235175,0.15010414111916365,0.08545180161946357
2913,0.016854063630592317,0.25198271457235977,0.4449766489050336
2914,0.01806904742783904,0.28506671151166274,0.1999581708727017
2915,0.01587836128436404,0.2114490851473017,0.18960111053257028
2916,0.01807656196505746,0.2926427194569422,0.15055856528112138
2917,0.015870971013422212,0.2072940449966721,0.19533362780470576
2918,0.017111022805251175,0.2577975308397236,0.16625917922640251
2919,0.017494721218431743,0.2657260395202424,0.19728814489546914
2920,0.017111329343001205,0.24373334858841433,0.2056170908084842
2921,0.01815695564341228,0.27775772022683687,0.1935042592085685
2922,0.016171353686802042,0.1974521871227445,0.27381583459295006
2923,0.016082478155217957,0.18997890212310398,0.24499716209299005
2924,0.01765842368209087,0.2585356235094863,0.26116107598804916
2925,0.015946892824061275,0.15012939702427816,0.21772562882131222
2926,0.021007226593464996,0.3578862948675963,0.3303279469377779
2927,0.015923183909657013,0.19246155008632299,0.16000305646843171
2928,0.018385041737213018,0.28123072646381464,0.24730462288171298
2929,0.015266075492123318,0.16157906789678872,0.20955700028209773
2930,0.019722102707827552,0.32519204151921666,0.24773296774373382
2931,0.014283403934530696,0.12541111146346975,0.20985323695557906
2932,0.01780315070362043,0.23555672432204122,0.1561161481477849
2933,0.02028368666092475,0.30743925791219084,0.23585262361439374
2934,0.014800629015610009,0.12777862221994393,0.06403810993073611
2935,0.018291307610305063,0.26631656839374857,0.19143681151227138
2936,0.018158633648663134,0.25570516167810176,0.2243281265422903
2937,0.018029564133538324,0.1917440568926539,0.0741105581813925
2938,0.019121863372381705,0.2716242753595298,0.119830666678382
2939,0.016477728462166583,0.22594897600659442,0.16026205214813852
2940,0.01828002780720785,0.29837748718105567,0.17794857888593615
2941,0.017233159197322264,0.26139141506109415,0.1358811481432633
2942,0.017466940253153807,0.27109492577312666,0.230372490197976
2943,0.017334643307929165,0.25755777146326386,0.19629621180117207
2944,0.015145915021387268,0.15224619529971303,0.2393738342988878
2945,0.018704622355468242,0.29573516286547363,0.27212119946589686
2946,0.014661406001522161,0.14849047927642578,0.15591139934147705
2947,0.01747287649154317,0.2253082006374548,0.2665872120817549
2948,0.013955682546174077,0.09805404721214472,0.21284339999575377
2949,0.016722835646350045,0.21228868675661333,0.15697491651414042
2950,0.014986443037875266,0.15570671990926835,0.11885960940721019
2951,0.01578864507686346,0.19851757974907347,0.14460015579378763
2952,0.019721326510371163,0.2747211784622413,0.255948169833352
2953,0.01561267164947772,0.15691915213110316,0.16095183211449987
2954,0.015331205785872336,0.1711905788166141,0.15522397308123487
2955,0.022148426120551706,0.3687577922014593,0.49960706591170884
2956,0.01766520214402325,0.2678359402688781,0.06309659939341158
2957,0.01479845871371036,0.18559221461705452,0.20791909911239495
2958,0.015201563246336793,0.14432773842001353,0.21614620281090074
2959,0.02048252403409706,0.3461114876891315,0.2836278977023404
2960,0.015550822924643194,0.2018471427308093,0.07907593147959195
2961,0.015147016886094534,0.15005616295439064,0.2654308284178605
2962,0.02031933080592135,0.32454808376163957,0.2441954128796809
2963,0.016262813611952087,0.19193919962784067,0.13305457900353812
2964,0.018553479256934156,0.27251727540493625,0.23555417805300166
2965,0.02019478171305019,0.32441443770179174,0.1960425503143375
2966,0.017191160221765294,0.21403421923799598,0.2189124765724933
2967,0.01986020809793793,0.25415981843825414,0.10440588594274812
2968,0.02401001019325757,0.39306523783689773,0.17032018215653807
2969,0.016166725946034438,0.15210351993524626,0.12593526534199542
2970,0.022889164296245667,0.37052912992599507,0.21135863702162408
2971,0.016528448760980738,0.16703392759668695,0.15997660604887443
2972,0.021919549902742096,0.3540272903233885,0.2409615607019674
2973,0.017205332528144292,0.19518631143438847,0.19505036563408285
2974,0.01642120959784447,0.16888424770264282,0.28331591289243596
2975,0.02486877020360381,0.42970034988557215,0.3166793031593575
2976,0.018495610417179863,0.2527415977115896,0.12940760918062116
2977,0.016364059204175968,0.18512933197493295,0.21151295549667656
2978,0.016805808166308122,0.14701560570303812,0.13665357616701287
2979,0.014704340972256992,0.10800484997470448,0.2406045317432627
2980,0.019568956811899577,0.29556496059074694,0.33141338171918416
2981,0.018037451767683562,0.26240187460021597,0.049252382718699146
2982,0.017586179470258513,0.2529253572788856,0.21467845643382635
2983,0.016018490355194794,0.16812889863722735,0.22895531548744294
2984,0.0167592504255412,0.21702337597925792,0.40182273526251205
2985,0.01753522020724686,0.18066033827910274,0.18459928291467928
2986,0.021135904809065558,0.32604898694034795,0.24252994060498614
2987,0.019351819376761444,0.25181267248855854,0.11842200831431039
2988,0.01847462969413455,0.2000111784114794,0.23556748154679327
2989,0.018141704062154696,0.22430261758624498,0.10251660117314298
2990,0.0214984602330475,0.36555197356666097,0.3396569511990584
2991,0.01585230694528871,0.19882848948849147,0.08612449877222787
2992,0.0166691811999881,0.22779870869927446,0.24318578054226053
2993,0.020817946827965447,0.34031891158807837,0.3055289784787831
2994,0.01438014794611376,0.14057769037899048,0.14858483094316402
2995,0.020650292488121016,0.3500596255397219,0.21616400410674927
2996,0.014004957710509984,0.11979122784033797,0.1579101150869447
2997,0.018595670260694922,0.25936400027708334,0.3290446936763551
2998,0.018409764250391914,0.2378242340027409,0.15738526885820664
2999,0.018931475067329694,0.1986977553795309,0.22560323958063666
3000,0.021812232780651253,0.28274161988861146,0.5944835499406367
3001,0.018422022394041226,0.2327067572208198,0.1203740524113824
3002,0.017027731357306692,0.16036068353465652,0.1834396429415414
3003,0.023242465850915276,0.35737510090900615,0.4207743837696838
3004,0.020105533033096847,0.22433566405332406,0.12996693396450662
3005,0.02767468414358936,0.3194551718903563,0.03273544356664757
3006,0.017913585117588476,0.19945150712456686,0.08540615020406653
3007,0.018697831308965237,0.17138181321750398,0.5856021139399604
3008,0.020151247783031154,0.21619309186793653,0.3222039236105187
3009,0.01974558254759245,0.23100525668542446,0.09191219978992146
3010,0.019081273018889795,0.22950451512094946,0.1399623358026086
3011,0.027537522298685967,0.4722369409364415,0.538905849909542
3012,0.01858051202861942,0.2145040365622106,0.13488487307050126
3013,0.01903621061478638,0.2327008433265249,0.17442241817491397
3014,0.021374235326641237,0.3102696801769686,0.174296266229865
3015,0.018554869374144738,0.2415105137504243,0.09817062163821086
3016,0.015513007939749572,0.14748454002224354,0.12033568405362799
3017,0.018695493948982445,0.21289851641667745,0.42835344443249435
3018,0.017194481070068462,0.17130710652604908,0.13296615747416154
3019,0.019687404986424066,0.272668966196833,0.3032235247610273
3020,0.016000947545138665,0.1442217039336359,0.05228133800175771
3021,0.01653312588288802,0.19577286259445095,0.22681430253064147
3022,0.018712298408527766,0.24944246234087708,0.10955424014570626
3023,0.01745644304368532,0.22253753186225858,0.1541700312905186
3024,0.01655154026778608,0.208631392431718,0.11532912260181181
3025,0.02586838557876293,0.4778513983764871,0.2686108391221652
3026,0.014005187267271301,0.09689176981335651,0.12470897487576167
3027,0.017284202343292712,0.24188536318866555,0.2530222626447389
3028,0.016692951642421343,0.17468697476176037,0.1659654872082593
3029,0.01758013296384993,0.24260712916024876,0.38788172206446336
3030,0.01821563373435259,0.24730962910288262,0.18278679565908845
3031,0.015030178929541943,0.14247840777808993,0.1594565817101956
3032,0.019063096642759587,0.29956292832747605,0.3556845705181479
3033,0.015349015506934804,0.1637221867437898,0.15482930571314418
3034,0.016123013748259023,0.17755239457960506,0.3226824946885624
3035,0.018839200354038684,0.2913558262177738,0.2835395441806743
3036,0.01602390732535182,0.19287953990276635,0.2362943712485997
3037,0.020537395447635127,0.32430055292467175,0.38162061776348805
3038,0.017025278127461876,0.22522828095973021,0.11483689640663725
3039,0.01781517153546695,0.2845171771057182,0.17159376314551025
3040,0.016356147552525905,0.22059031706834878,0.1553900388789922
3041,0.01919895275689828,0.31359231758002265,0.3238530879238819
3042,0.015658509715678098,0.18920740533810204,0.16144918751552528
3043,0.014984373221736217,0.18513031030874244,0.2549916370438377
3044,0.01659890488669106,0.23541657477589362,0.16888954862172928
3045,0.019813371026140825,0.31456128783996323,0.18289173633276154
3046,0.016766304139819478,0.20168906379248078,0.1368423524042293
3047,0.016203051756687112,0.15735142928191628,0.3632637676640475
3048,0.021580537470909315,0.35779240079055424,0.20141220957073697
3049,0.01697271440944171,0.2198993665353417,0.1523989620461937
3050,0.019106323097913186,0.27339340570284265,0.158689553309119
3051,0.018540331375136023,0.2763099312305661,0.16635382905283658
3052,0.017797350037332727,0.258178033710034,0.22135114473300943
3053,0.014677924773491209,0.13474776692613136,0.1614195191936925
3054,0.019951971149481,0.33789536206849174,0.3082968151055512
3055,0.014606969811091343,0.1336932509448959,0.11853971077381002
3056,0.01814074627066985,0.2603214343264524,0.49692637064541445
3057,0.01896036366750002,0.2765360002330273,0.14565785390186217
3058,0.016683673931312277,0.20060830307307595,0.20980309492680424
3059,0.017434107117421865,0.21870524134129188,0.1971325375473521
3060,0.020641059648619377,0.2877695943603741,0.22410390691714466
3061,0.01564377063556263,0.1647614697627835,0.12739127257948626
3062,0.017683379253104578,0.23155154579601575,0.3455028279157887
3063,0.018388092184622368,0.20668898099123845,0.13408977959282053
3064,0.01992238505898503,0.3040780021595984,0.20474545458759846
3065,0.015581544150097954,0.17348497830981852,0.13941931087320478
3066,0.019092545191845042,0.28430777499362114,0.14177124455753023
3067,0.02049081751505819,0.3354869724906333,0.2546071433169163
3068,0.014537590080821375,0.12367713016905554,0.08442940987368891
3069,0.015183254058418996,0.146847216093582,0.34706112633899006
3070,0.018223194292361175,0.2690841706411757,0.05771456032461558
3071,0.014614967971470237,0.14342591575096056,0.09849480032707467
3072,0.01719361121881051,0.24097322387405018,0.25761656151937395
3073,0.01694006543064017,0.1835762664471762,0.2880460132414729
3074,0.02083063576670149,0.33422488131092426,0.223380162334624
3075,0.01602500234313686,0.1624583008677052,0.23921375850445378
3076,0.023544558024584508,0.3886307155821579,0.283738807555874
3077,0.01772900004817327,0.20983873398508612,0.1302310673403709
3078,0.0173047653556727,0.24901928274667812,0.23327874447816624
3079,0.01834034886264774,0.2732379345140352,0.2786404986120754
3080,0.019422918667244347,0.32018563254250126,0.16198708142308077
3081,0.018377535299669883,0.29439823888912164,0.15232769700457957
3082,0.016840983744199612,0.2280131578387994,0.17711200308228361
3083,0.018443623178405224,0.2959714110556647,0.2041091659110112
3084,0.017863953747092477,0.28629779860488497,0.15719083041894677
3085,0.01956978016264231,0.2950993902251684,0.1165535096496659
3086,0.0199294306221939,0.3039006626858469,0.0822936935593556
3087,0.015996446756185775,0.18600745065754942,0.09905928562306128
3088,0.017619557318226012,0.2378422684712387,0.14100205665688154
3089,0.01946917458206512,0.2797242789000498,0.2647498535275553
3090,0.017640770373803558,0.24232943094169093,0.21443069125034497
3091,0.020347335940439734,0.33602089942228536,0.2577184911938575
3092,0.016033852368188224,0.1654391448630199,0.10593958941462756
3093,0.015037761265033115,0.12930475723118065,0.13016260021382675
3094,0.02249307586258061,0.3963016682334024,0.2121275203702956
3095,0.017459155160015834,0.21739440075704566,0.1612131846559914
3096,0.018383298168446482,0.2734678397723316,0.1880881690074781
3097,0.01838246612855365,0.2660450948786729,0.39031603894637945
3098,0.018301129551741725,0.27225870907684213,0.1748307728785609
3099,0.0173601488033707,0.186944169860061,0.16056289704978424
3100,0.016899899465634215,0.22720574259792375,0.2690388353233994
3101,0.017421301729499135,0.23579393015833988,0.17210068008478066
3102,0.016601344339956043,0.19891556168992067,0.21539109340232745
3103,0.01885062329576188,0.2680394064974738,0.11292797210684358
3104,0.016817983387390958,0.19299724275572497,0.07984715396264591
3105,0.017600842420498412,0.22456095023733658,0.28029291901297987
3106,0.017786593779271078,0.21400655596769846,0.18556136381987254
3107,0.016543446528842126,0.20264601546487934,0.1170225602346056
3108,0.016685489739684315,0.17923772770567017,0.29929446329436
3109,0.01815112912380085,0.250744439935976,0.15699815170158313
3110,0.01896136569869035,0.25444868038953583,0.2682900607844581
3111,0.01857220193222122,0.27937862829140925,0.26643446509888896
3112,0.01769988988552058,0.26889491658695347,0.21585002584343813
3113,0.01579002480861437,0.19681111681585903,0.28918838150019205
3114,0.017167591425589143,0.24121206734167022,0.1754582719102268
3115,0.0177196385427592,0.25510999995148814,0.3453673789916372
3116,0.01786258924027305,0.2751621866744548,0.2822863932636961
3117,0.014601859361374231,0.13628607441283522,0.22439983860519414
3118,0.017741608247450753,0.2685762616419113,0.1987799335179119
3119,0.016084375371917623,0.19477577522614453,0.2427889051764662
3120,0.019978448070222986,0.34574392388475983,0.23278052387326234
3121,0.016319895570939512,0.21811576738902555,0.13290633011776704
3122,0.018366107658619204,0.25551239250996416,0.1106612529641314
3123,0.01602474350311006,0.21448538778845844,0.22693911695571584
3124,0.017753365205549796,0.27466037135706534,0.2011960126560691
3125,0.015431700152352143,0.15555068574803102,0.1158429581242345
3126,0.018862576038486824,0.2455190821117602,0.3654838974840563
3127,0.017182241282622013,0.19256491862385927,0.3877653161000814
3128,0.02114770531480664,0.3196791207324588,0.3392736757341689
3129,0.021216110938189533,0.30354925410321154,0.010617070502144372
3130,0.016736051677484137,0.19388317707106087,0.10656594056633416
3131,0.01792621227093251,0.2435236241510877,0.2318205197263139
3132,0.019788984828542078,0.29361511665011214,0.20686123848877183
3133,0.015808276106313714,0.1459434821488685,0.11007216093543551
3134,0.01636718592874381,0.1497219280189568,0.2349015470891627
3135,0.01913825910299531,0.23512934325828974,0.40399134769624045
3136,0.020642559630867696,0.3060326357899857,0.22100170166817315
3137,0.0191749752439194,0.2443574581943057,0.20915267021957357
3138,0.018784078420688997,0.26044712727911445,0.19630736675447713
3139,0.020640043991128988,0.28821255900775067,0.2911693348493581
3140,0.018216199129135874,0.22206566312782458,0.23975285452923276
3141,0.017896613961248146,0.1690087920483585,0.08638652648145233
3142,0.019131326140168554,0.19971248844171588,0.3213954406196716
3143,0.01794454116808926,0.17430498738502218,0.12901656761130556
3144,0.01940365198248613,0.296082137776549,0.14258573089873122
3145,0.017382968657451845,0.18756465447786375,0.21461172349276028
3146,0.020270973742358842,0.19683581568132932,0.019887699191400075
3147,0.016016505983196115,0.14292922721406504,0.1289006442267492
3148,0.01788084713019284,0.23720758536491215,0.18866143759567708
3149,0.016160018617834688,0.1718804909873416,0.1541464539887729
3150,0.018102028950948715,0.22420989257779433,0.21792078531758094
3151,0.019055416611571303,0.24673271715337441,0.18721123117806668
3152,0.018145983587297097,0.24199726603677696,0.21028776788492323
3153,0.02134157910991021,0.35943863620140587,0.1189683063813358
3154,0.01690849270917635,0.22100980917090812,0.15442544646241918
3155,0.018688316949748,0.3006362201285899,0.25512138941223056
3156,0.020577894538188708,0.3202093790141824,0.103996172890711
3157,0.017899615801295364,0.20716353858445613,0.09549269934032868
3158,0.020548464609895883,0.30331882493514595,0.2846239399810038
3159,0.019586891408619873,0.2998547138692413,0.15528709627639958
3160,0.021340598045975524,0.314338358849406,0.2798805903150144
3161,0.019755573774319076,0.25833659697495487,0.12697844050205587
3162,0.01862307917581924,0.2264832881606537,0.22467261968394792
3163,0.021838662924355243,0.3131826294837413,0.4702790143508236
3164,0.019760131223889272,0.21413361655347632,0.26918952749001057
3165,0.019389637039893194,0.2289163087023627,0.20741933584219516
3166,0.020119547109788378,0.2078371009780835,0.30576714846303177
3167,0.018440473933902145,0.20401165986675113,0.2213605419995041
3168,0.019873409570815896,0.25627557705204823,0.20032769610145457
3169,0.016287317116386247,0.13203676876929604,0.0666723894288031
3170,0.021047246268949826,0.30199427833951104,0.17712752063860726
3171,0.0201640975888201,0.27185652240425034,0.317377457288345
3172,0.018872694050265548,0.24327826821604098,0.24191087291541757
3173,0.019994340055449526,0.26973294902318845,0.15466682767404838
3174,0.018363017702201594,0.21818654358145684,0.23972739699420698
3175,0.023953251193688907,0.34458269130863345,0.1882688334923189
3176,0.023431509380393522,0.3018387296943943,0.15237138578407355
3177,0.02354438716846715,0.32435912111468634,0.22393289211276202
3178,0.023946693716455244,0.30923353440700724,0.28271815091806757
3179,0.021716477739688045,0.26142905074811756,0.1365594624297439
3180,0.02221149664636991,0.26051050726924346,0.17791986620242997
3181,0.022620922302989226,0.30027272865562304,0.09909031698188575
3182,0.024501869460962267,0.29640235845746016,0.1512037652368697
3183,0.01927136903155676,0.20094777768721717,0.11752454757278334
3184,0.02148462901328802,0.28011296392519114,0.3778488220956191
3185,0.023308235915594566,0.35062214096409683,0.09564737671463786
3186,0.0233582807278097,0.32807823826917476,0.2490765359210283
3187,0.024794069579916127,0.36986879063617,0.1661921445879217
3188,0.020282335050557043,0.24927199723741988,0.1998924666380138
3189,0.024898347128601728,0.3981799105018649,0.3051709512301928
3190,0.015830142863875168,0.14697297939483708,0.08863054252689803
3191,0.018023842898540587,0.25266810818294644,0.21616154549603914
3192,0.01968752918189934,0.3044272692001287,0.13150159820519555
3193,0.016097256510897825,0.17447439411441856,0.17244309211569142
3194,0.02095358385665851,0.3477072976915555,0.1802843016897617
3195,0.016192157330241867,0.1775828385538211,0.15263686354623293
3196,0.020874315936460962,0.31128339456797216,0.25827582605084587
3197,0.016324565831574975,0.15003069227963328,0.09990701072206233
3198,0.02264938168810103,0.36949046630959587,0.302097140154843
3199,0.01773690722056804,0.22284492627622599,0.25281116064793185
3200,0.01716401518466101,0.22231641334326172,0.2533077744600826
3201,0.018585944614939114,0.27016713498615724,0.0983249178665048
3202,0.017252970102478258,0.22088600694379656,0.31576334282550755
3203,0.021511114531271393,0.3731807920826873,0.21973437269417134
3204,0.01608942596103698,0.18200706128162672,0.12820116204340418
3205,0.0200487434358756,0.31801654086333864,0.17500530601593936
3206,0.018364455659261408,0.2511027837954773,0.11771402348376772
3207,0.019164823229928955,0.21899819144195662,0.19414488508087988
3208,0.02283277653635534,0.34520819381790163,0.19443119315091728
3209,0.0202801981747744,0.251481204227327,0.11988432404868073
3210,0.021973959748900533,0.2863663729723402,0.24461606606607472
3211,0.023798851103414436,0.3459014731975326,0.1134163901605533
3212,0.018216674942477733,0.169738831315471,0.16308964352834143
3213,0.02096782370430027,0.2982587247529395,0.26250193609981287
3214,0.018058632379878932,0.18296728569868273,0.21152518073337445
3215,0.02095065175053186,0.27048654875196754,0.3733816697297488
3216,0.02005748593767813,0.2317495303905343,0.13863722205911627
3217,0.020445827490171858,0.3154211094201299,0.07932407189031085
3218,0.017686951321595777,0.22182499337643258,0.12216916798451975
3219,0.019815128798716445,0.27767891570274456,0.2741961508172642
3220,0.018183789718136594,0.21710607060628373,0.12230909812807449
3221,0.016660481363527106,0.17571970167000886,0.07200756150267845
3222,0.01960292917438145,0.2985037015273046,0.11731617232842789
3223,0.01856410286122576,0.25244974443011753,0.13640503624445469
3224,0.0195416765837115,0.24124017463672826,0.3028617379357419
3225,0.020308466901542536,0.23623655563571355,0.17903268129049799
3226,0.02115617191511968,0.24821125428800755,0.12090744345904955
3227,0.016272521272360094,0.12507741189899918,0.05097685216900254
3228,0.019342559351138666,0.27829325748935213,0.46436846126402853
3229,0.017665315781277904,0.18764570479028012,0.25412688808233147
3230,0.01658455403259589,0.13227642326796574,0.15031270469972252
3231,0.01565565547185374,0.11740729933412072,0.21321926942858316
3232,0.019170503802233663,0.2727157660142194,0.28647044615735373
3233,0.016552134116899837,0.17779522865103733,0.17009240217993535
3234,0.01918923428531969,0.2762784213727375,0.15264784161287032
3235,0.01725563107077287,0.2211148686925899,0.1485486965821669
3236,0.01598427738906863,0.17767897417702078,0.1530669867226761
3237,0.018008260198369274,0.23711825338956197,0.5630025784881395
3238,0.021094081952159702,0.3296641727114869,0.2270023206836797
3239,0.015968918343485506,0.15272487769463272,0.07672934758450906
3240,0.01742093928045919,0.22437430469860123,0.08433152550375735
3241,0.019716736268483866,0.24393206976536277,0.34829023428724065
3242,0.019227160078970327,0.2719163787328972,0.24142167241373705
3243,0.01880532079748119,0.29754060372915625,0.18772605811683343
3244,0.016244132727387832,0.21272346513583493,0.1730858789363612
3245,0.01868542043430521,0.310621979149473,0.20439910958720692
3246,0.016586452305032463,0.22563832892247393,0.14780320830721017
3247,0.017411190976105054,0.25091029336779513,0.1737992478157074
3248,0.01784871097238732,0.22734275164912893,0.1380122079034423
3249,0.020695480716765323,0.2839302807758836,0.4340311872117818
3250,0.017238505268770278,0.17312596330259056,0.1831006386056585
3251,0.027905986867315137,0.47816258511586945,0.2781625580905141
3252,0.017212138317438473,0.1670096462107592,0.12023266208626382
3253,0.022934084714558264,0.36723709261337645,0.2203116793791179
3254,0.015310765176931968,0.130149538616023,0.12374391711233368
3255,0.01995244227654748,0.2869522941843713,0.1252174279164923
3256,0.019930968261909116,0.2842220098070524,0.20967822139442296
3257,0.021231366225376136,0.34005631219665217,0.16158946934506485
3258,0.018602571387903076,0.2530353717495604,0.14499884942221578
3259,0.019210580129781878,0.2953274545197388,0.04922610689683847
3260,0.016054408680627182,0.18490826103052013,0.1788641591601025
3261,0.015559306285825733,0.16713790187667737,0.18261738996157195
3262,0.01641823288662065,0.18666497879648347,0.29425521153250633
3263,0.017327735358753305,0.1672742348152339,0.1939582551629814
3264,0.018187178779597215,0.21686998381292436,0.31058032844861055
3265,0.018515322461290545,0.2536801105867317,0.29128253432226614
3266,0.017665940936323614,0.2202013054942101,0.19757939481450096
3267,0.018119697693428,0.2382184181731188,0.26641283725455095
3268,0.01817916228768925,0.22336156286076095,0.22380292125234139
3269,0.02044746843422059,0.2985574374423277,0.2611545510559168
3270,0.017575060285922393,0.2077765103800705,0.128499834723997
3271,0.021069481697800548,0.3278307201876414,0.15124614876755485
3272,0.01794572156618104,0.2180787167982843,0.20774167781126465
3273,0.016527094056950492,0.1590146573291867,0.13698939513313937
3274,0.025933045056080628,0.44874742364855774,0.19873620963063152
3275,0.016391499192169517,0.17518785630577086,0.09457878771019859
3276,0.021314389167585827,0.3361035850129205,0.2034739120046411
3277,0.019262736954522904,0.2784066970691456,0.211444922126634
3278,0.015901909203394942,0.13308201233812425,0.30325064712426497
3279,0.01772757476981533,0.20944959774784214,0.2723573966620681
3280,0.018007152451339836,0.2633104166852091,0.15728574964966383
3281,0.01697056668653392,0.23151655021058745,0.15844953867265282
3282,0.01637248547774315,0.20118580078446743,0.10807951679960144
3283,0.020925605210403098,0.33689934187843446,0.27880364571609784
3284,0.017689689304154703,0.24422402648475253,0.15924775713966832
3285,0.0185067204849495,0.2648148539032992,0.32699388482996994
3286,0.01864871947097694,0.279079934875639,0.27155829113249036
3287,0.019203232449982958,0.28415571925762145,0.207282736512762
3288,0.018389844806180035,0.2711879487864325,0.21212277848799715
3289,0.018533795437480852,0.2759382572891757,0.21043534454044036
3290,0.01815893577215337,0.264112732294357,0.11516361540192695
3291,0.01901401730722523,0.27438592550947916,0.22805362069835644
3292,0.01673442009012629,0.17892580437036035,0.2034181766887257
3293,0.019720050003370224,0.29348624556378167,0.31912385832678564
3294,0.01776796556691388,0.23612841971588155,0.15461061402526274
3295,0.017581669697650362,0.26101568186168517,0.17883318376450716
3296,0.01770790600602038,0.2461389981276072,0.13199812661909563
3297,0.01748079083739484,0.2052094898729527,0.1387665072013334
3298,0.018472112453887565,0.2086647561234896,0.1445216427657316
3299,0.01674886131106985,0.18563335146258222,0.09941002943884696
3300,0.01981110604749868,0.3165914890740062,0.258534414999283
3301,0.015081795438973863,0.12828450239382966,0.10746199917571803
3302,0.018297657928248688,0.29627592392759056,0.29577889795270756
3303,0.017429019143990327,0.265811384142745,0.2069399683969773
3304,0.01581427097833844,0.18729308112803875,0.15997106577953782
3305,0.017022015539602413,0.16844122068887832,0.1374060618218129
3306,0.019751332776803698,0.2549479828212004,0.42221334684897927
3307,0.01877789419968763,0.23362517231165914,0.2907606243608786
3308,0.017438488330735087,0.18642098676028301,0.2333857293721489
3309,0.017631726622519137,0.23931358973940936,0.2745044791618217
3310,0.019262825723391733,0.2827143822525606,0.21852149047423078
3311,0.017099422132974114,0.17509778070138765,0.056422258288859134
3312,0.017747298973887625,0.21283629280889757,0.3722663822185463
3313,0.016933328205205878,0.15506792931800864,0.15880053609171205
3314,0.022323456865496524,0.3471943846443014,0.19082188779045647
3315,0.015678506348574685,0.1426677686093933,0.12311925422262102
3316,0.02038186761399494,0.3144883942273479,0.3529254286753143
3317,0.016295200936815333,0.18070458850830387,0.12251093403277687
3318,0.020109161185738265,0.34338413482879065,0.15948617971517592
3319,0.017475312188047917,0.24702385676658592,0.143144408828784
3320,0.017549625982238293,0.24196377706694658,0.2422138609352225
3321,0.01955464600524863,0.3014065565935834,0.1561754375785155
3322,0.019230599469430832,0.29072291215882484,0.16681881033618465
3323,0.0183118451863043,0.27657352215690845,0.1521008932548279
3324,0.019156781126704173,0.2953933747552471,0.17176475339504496
3325,0.01816663387993492,0.27363243655503044,0.15316832867097568
3326,0.01772963980413002,0.2529973400200089,0.1953529465183334
3327,0.018204359988027646,0.2889816114724551,0.15126710692405798
3328,0.016541075553760297,0.21875627146714566,0.1976085163926287
3329,0.016301447718885417,0.17598167303555462,0.3016875003859908
3330,0.01936167201985652,0.20887953255904196,0.07708027038243483
3331,0.015849107116770483,0.1356828817790258,0.07368446371094876
3332,0.019254385454385976,0.244024060657264,0.20530833137078244
3333,0.01880206371996851,0.21516097195950895,0.07888508328061354
3334,0.02176564516150579,0.3319294261261761,0.2576894890552648
3335,0.018904973591450026,0.2344947448390642,0.20179284948936096
3336,0.01848911923709346,0.24708433245892575,0.2270596859030689
3337,0.017263545827532922,0.21112056010010438,0.07988708899622615
3338,0.022018450000856636,0.34260739423311787,0.20362661946313831
3339,0.017935855683134938,0.21848481561055294,0.20321801408221335
3340,0.018068622064096356,0.1907914051015971,0.13248541740416725
3341,0.019901387689057738,0.23673640745134428,0.30844021740140537
3342,0.024297768939315605,0.4048640221175133,0.2569610199979965
3343,0.016625431500130506,0.14916141707158048,0.14993833845422136
3344,0.020778823685838232,0.2969743639252378,0.41031718602927897
3345,0.01793965084190527,0.18740926759026016,0.16313178413844173
3346,0.01851721233118737,0.21546519296208783,0.12445663723338472
3347,0.017255069814891548,0.18321069221962186,0.20825218952663171
3348,0.022960268890358917,0.35801004534012,0.28759404209937905
3349,0.02375989940380113,0.388009959552005,0.17856174995165508
3350,0.017788432288762583,0.25086389227282774,0.0885812364004127
3351,0.015603918728363565,0.1723729040530384,0.13992747589030652
3352,0.0189672232705427,0.26067259954986705,0.21847149403950455
3353,0.01763280672904859,0.17637066705914756,0.1272224283543154
3354,0.021917423016780034,0.30467722351738186,0.48834482930647416
3355,0.01945666893967908,0.24662232426869643,0.17559521704702205
3356,0.018830985887302483,0.21606789363992418,0.3562696814914954
3357,0.019564200730398853,0.26753699784463114,0.22031630251313575
3358,0.020085496065176855,0.30351953063192205,0.15950074244855697
3359,0.017464340315566516,0.21328827136173253,0.1323501943348746
3360,0.019341977182939087,0.28015537924939937,0.12308547547198959
3361,0.01526679676521209,0.1546047528425056,0.06537563363155703
3362,0.02524831459069348,0.4426582638936868,0.21054755413262316
3363,0.016153464840192668,0.1329229882350875,0.09698666926496634
3364,0.021125446053022006,0.35033748258785247,0.2725430021878979
3365,0.017674154597578203,0.25271217659630624,0.172821190467125
3366,0.01820945672646328,0.2681949723643955,0.21213996206431082
3367,0.018927166919084634,0.2703008267895348,0.24523502003090655
3368,0.019144758981197125,0.28416525263544695,0.2710074918191152
3369,0.018372377712795665,0.26213113328399607,0.13979097068071714
3370,0.017787198788392702,0.25962502228559525,0.30167107445781177
3371,0.017860463771034344,0.2488510030688218,0.2472227824643275
3372,0.016163715337426346,0.1377949435034189,0.3469051799482688
3373,0.023571617701179312,0.3844541378974222,0.19281687278786752
3374,0.018373099963597275,0.24264584204215356,0.12677661352665595
3375,0.018780376465915426,0.28688976059340193,0.21428479933493902
3376,0.018385749053574985,0.2771634174316923,0.1866848800176425
3377,0.017049401681543043,0.23284972446075963,0.2931458810596726
3378,0.0173307293365422,0.19167714071756997,0.17789121447426645
3379,0.017487506053466804,0.18578397590744558,0.42061428508791243
3380,0.02687049327249275,0.4117731322933549,0.125782050918789
3381,0.016576742381928914,0.1527193101281634,0.06652594706925036
3382,0.019428881165440434,0.23810016056498123,0.3799438457786856
3383,0.017078693085677076,0.17538767263474128,0.30099681073409273
3384,0.01701494194054858,0.21455300191119805,0.06526613187157529
3385,0.018872438699424614,0.26054796453844203,0.3647646562585714
3386,0.018695222486107308,0.2474865088715114,0.17500173902960636
3387,0.017465080825049117,0.21832562249280438,0.09993829633656422
3388,0.016897162017750135,0.20446872144860545,0.1365989096054162
3389,0.017105492695877182,0.21658259034085234,0.2309075995305522
3390,0.0213000398986375,0.3622375007657022,0.19446818207350333
3391,0.0179762459673795,0.2578259240931064,0.18206582634571045
3392,0.018602548199189224,0.23732696146324642,0.12469104368356372
3393,0.018813795519515394,0.27350847698447056,0.15329831065433028
3394,0.017443746517653083,0.1888303086623145,0.23017756456938332
3395,0.019029704058094603,0.2863783683397026,0.24743622236602805
3396,0.017302336442647885,0.16316280646435233,0.27066085177189253
3397,0.025640047940955493,0.3844030489301076,0.21051946130076032
3398,0.01992576079636227,0.23126497881779146,0.21313506901730278
3399,0.018013076773636595,0.24047862024300654,0.21879449549046415
3400,0.020391923217028367,0.3358971340717103,0.159745052889786
3401,0.017328053887642535,0.21845854106492096,0.10531300526504381
3402,0.017928569554760205,0.1764759007325122,0.2806088525318616
3403,0.01956254660623658,0.2516144558027894,0.10061725902272237
3404,0.01690382566457372,0.17723456012176872,0.12381132800347487
3405,0.01767534678905113,0.20751458612978022,0.3581374223212911
3406,0.018313371054513937,0.2314031052270227,0.267124619486117
3407,0.01993932970310975,0.29790088399089903,0.1875475662304118
3408,0.01694487561760547,0.21069610391107935,0.18467037635381853
3409,0.018082532097918633,0.26266382166246455,0.22467543912661847
3410,0.017518432038883553,0.25014128474875114,0.17053297960973807
3411,0.018470048276917676,0.281254469465497,0.16798187278948085
3412,0.016886933393316806,0.22848809687487073,0.21423404041025157
3413,0.02037967275041982,0.3451603338523145,0.18212146146676145
3414,0.017283568450859824,0.2447684893599881,0.19064326255228742
3415,0.018099122136274858,0.2753063905685626,0.19643896306018604
3416,0.017187390570544345,0.23069899701019234,0.17358139844405643
3417,0.01676689684943142,0.2000019743730808,0.2199720435956795
3418,0.018557806402292553,0.2506705609922788,0.3414654856086612
3419,0.018427947114264764,0.25887840775609494,0.21557046562922427
3420,0.016093423300263063,0.16341419144138034,0.11043089248985644
3421,0.017350679135623832,0.16206710230025062,0.39526325553118097
3422,0.021522817862754097,0.32913835274272674,0.3088220389307021
3423,0.016597919566476767,0.16062652625537938,0.1428858434981495
3424,0.02028327070979631,0.31056594409449734,0.26017867607023915
3425,0.01866431839072714,0.23246691074107656,0.36607286737191214
3426,0.018387477191886367,0.19612378380039652,0.21345698814648847
3427,0.022105328170688644,0.30464066259137057,0.20632546527973147
3428,0.020454719040066294,0.2532217086621634,0.2728666277735897
3429,0.01864783149335239,0.23707767007911154,0.18413200558864132
3430,0.019944834203734604,0.29062992474808214,0.20756567279350924
3431,0.01798633013186747,0.2170980502517678,0.25868807188067533
3432,0.016021436404745498,0.17404426983497653,0.18404898939919884
3433,0.01967419062943133,0.29521458797152544,0.23667362298188796
3434,0.02000902191183198,0.3169490793303601,0.10896151207967832
3435,0.017468398384346596,0.16922214500225002,0.304102886755419
3436,0.01967304717693034,0.29564618065717846,0.2479871947224821
3437,0.01640344117617499,0.1809101649490459,0.24900667616564803
3438,0.017455431057228212,0.16647857158684537,0.0894144122215846
3439,0.021445263008239634,0.31246049927223496,0.4669994341700556
3440,0.015871066979317908,0.14719160713605817,0.09304161263328599
3441,0.015823414326574477,0.13278340660432894,0.09621916379130162
3442,0.01847724344837805,0.2237780504174706,0.3842704967712844
3443,0.01770754055012234,0.2437643056192854,0.14757771103852663
3444,0.018345101545122536,0.2852332848027237,0.26738191738254097
3445,0.01769183473857673,0.24686081673475985,0.16152512203730077
3446,0.018735033313958146,0.28789026698081227,0.1515995371319683
3447,0.02149860595479877,0.3149909841440628,0.24774921613653408
3448,0.019609487552585486,0.2292477763476595,0.11242590404446384
3449,0.017330462258769767,0.17620715535639245,0.3315665352786543
3450,0.015358358042754443,0.134334096620147,0.2715540518723214
3451,0.01704000428871214,0.1962810269919224,0.3203407012278094
3452,0.016677930159574583,0.19303556564053817,0.4575232609421378
3453,0.020541693657021125,0.31400155291526616,0.18236743949507705
3454,0.01948744455776153,0.25186559388416513,0.23737663185678856
3455,0.017125536539565705,0.20465910240199733,0.2608740433561642
3456,0.016874604577074882,0.20982046612676208,0.08731102073473271
3457,0.016078753710800548,0.19053316306716553,0.18664068679758128
3458,0.02057842486538515,0.322715086910629,0.21208665484010314
3459,0.01828110467997026,0.23783881531320958,0.16696174345726483
3460,0.020526231262487062,0.3246538368385487,0.20322305723061185
3461,0.015168970611329304,0.11875543660759891,0.13616296108929626
3462,0.019388140690367144,0.322381134415933,0.24572848814715723
3463,0.016541677440959565,0.21003541130960754,0.22055270059143456
3464,0.02014269568572598,0.31312943550032424,0.2789252453833455
3465,0.01793491662706292,0.25410232701179314,0.11016489041067452
3466,0.01885214012967063,0.2939689393309831,0.18757411279916078
3467,0.017520287568864736,0.24423451774325014,0.1936776806041412
3468,0.01676950789740897,0.1807412014404664,0.09158209305360072
3469,0.018863569855868907,0.2807558586801925,0.18013836296133798
3470,0.01964626276705672,0.2922780134025311,0.1642565999779585
3471,0.015408268746604392,0.149122785262454,0.29301313066986384
3472,0.020650413794459952,0.3323483399344887,0.2852626775126818
3473,0.016320399884799976,0.18774196096759924,0.14189746449737858
3474,0.016920908226175424,0.22037582402483463,0.20063634452684653
3475,0.016432211760231834,0.20918203198723906,0.2765031601386264
3476,0.017768359915093002,0.1992023435170134,0.11986599632522124
3477,0.017909450642122723,0.1973824776436409,0.2466694231889888
3478,0.015639172576222632,0.13776927880236856,0.20664787144910837
3479,0.019684255563027907,0.24734723580133872,0.0860752114964984
3480,0.016919737260149625,0.18218001612378854,0.16797155391402432
3481,0.020234958736488614,0.30760732736138313,0.13964761327688227
3482,0.018328860975195073,0.22309909213894202,0.173856314620153
3483,0.022783873115825217,0.3297657609787716,0.2298453617771313
3484,0.02129496539924446,0.281603805076643,0.24703215538608353
3485,0.021433951239795187,0.31489257557260736,0.13940458763656677
3486,0.015829207668921257,0.14830985931779678,0.08180853117801923
3487,0.017039932816055592,0.22601993008597246,0.2124249095201885
3488,0.019009390965417844,0.3129994662426221,0.1764783727024427
3489,0.017161925846011006,0.21378423369799354,0.10115361527893685
3490,0.02148337114699871,0.25789036820154854,0.20018929243812164
3491,0.024381418965096466,0.36956227397432595,0.3502897467646973
3492,0.020125120557523073,0.24393229637698913,0.0904655694100946
3493,0.01864587560185258,0.26758300272917784,0.32520000090617435
3494,0.020509445513373158,0.30269513656091096,0.2100837433974014
3495,0.018875420615954576,0.2268478519459329,0.200404047441811
3496,0.017714732012736507,0.2112075909029444,0.07830817386136751
3497,0.01508717905145119,0.1140174170243492,0.12954225957475993
3498,0.019521851428057707,0.2946030348607943,0.09912169163825602
3499,0.018276060229452176,0.22326262987102682,0.20669528046363783
3500,0.016019547254229327,0.16628217991388583,0.28282553415487705
3501,0.018041640359587663,0.21194155669556056,0.3010080754722746
3502,0.020291001199037186,0.3155171097108063,0.11731072306636132
3503,0.016590213700397947,0.1955561078813619,0.17178335925047705
3504,0.015437567079077369,0.14335898863040283,0.33485883519445825
3505,0.022109782339371158,0.3723537957741991,0.34447644457194454
3506,0.01835631680624991,0.24048781454702517,0.18393308007780457
3507,0.01769625908286538,0.14952924241511664,0.16011526033039042
3508,0.026541273161451304,0.41895183340645503,0.18762382101718084
3509,0.021323960789786933,0.25825180192110697,0.18686298324182993
3510,0.020352617670477854,0.2744886752484937,0.27616137726286943
3511,0.01974572201285454,0.22081184154278766,0.3167778108846281
3512,0.020750944311994625,0.23644440247387732,0.2683381396568581
3513,0.017159389302665588,0.1455392984233269,0.29100742663359985
3514,0.02064167474563086,0.2522074889395254,0.24370260774548516
3515,0.021456492457108588,0.2947021826920919,0.3321116253362501
3516,0.01789849505263442,0.16819635335450328,0.24885385607919155
3517,0.019636701888541438,0.2692758587329837,0.1579979194465865
3518,0.02300786850042059,0.3589382396665581,0.2607154196359897
3519,0.016866809473797463,0.1838773053175802,0.18670136403999704
3520,0.017415858171901208,0.21173657915365438,0.17878985529622546
3521,0.022145707481444815,0.3591465336273812,0.2022487712654204
3522,0.017452776066578225,0.22351124730245558,0.17326598575436425
3523,0.016800050810982042,0.16861830242539222,0.17691031074979263
3524,0.01998909802527849,0.3169374373533287,0.21278211457980065
3525,0.018178154466314,0.2499370095815387,0.1712094159330591
3526,0.015980245468172706,0.12034624086322979,0.2668432854200333
3527,0.021688710792448728,0.34960234924687866,0.39613019871852084
3528,0.01806963244319373,0.23685024457143983,0.16051355960929561
3529,0.021276519895314937,0.3385523792409073,0.22669072716245015
3530,0.018511999903082058,0.26033769826895364,0.11210709178548661
3531,0.018259869640622456,0.25119312403665295,0.26353688845481354
3532,0.01853251717413383,0.23358241506931704,0.14392614973070497
3533,0.017809365204642418,0.19751132819319278,0.14586967413326365
3534,0.020844442754275695,0.28038810632158656,0.331296722279447
3535,0.022556717032027017,0.33157019085890055,0.18935534979250143
3536,0.01810344241587071,0.19593109665275757,0.15878967893376725
3537,0.017897449776476504,0.22357243740517357,0.3009370191040808
3538,0.02027720224913101,0.3072438779784787,0.21935550528726203
3539,0.01769532945089147,0.19749322128131727,0.2215944933020264
3540,0.023851711901406728,0.3878629162141735,0.16978477768556627
3541,0.019250173617289687,0.2234597276002563,0.15982911037193373
3542,0.02185276774425441,0.34686768551027025,0.21223806213565385
3543,0.020151377591822412,0.2964852730465289,0.15740695383133563
3544,0.016069565721058367,0.1622249996915727,0.1674340074862419
3545,0.01688431336124874,0.17057387410349037,0.48098623189727185
3546,0.02057620145027106,0.31060064550828914,0.18928625898701146
3547,0.017308765396389546,0.13976246425995803,0.09776285229125482
3548,0.01706255650655464,0.17529031615641666,0.5385556592084157
3549,0.018401694101601227,0.2672469504745336,0.16251632157315454
3550,0.016969166009210574,0.22897521299083526,0.22664438922447544
3551,0.019354992840979728,0.31026282659804616,0.2025291319327665
3552,0.017195489009492963,0.1601954758742436,0.07699394127224712
3553,0.01922262427201366,0.27741142801632895,0.3032425893553697
3554,0.020658132071179284,0.3230544113660167,0.0993007729630784
3555,0.01708350293869793,0.2251067223742903,0.16930661215218132
3556,0.020030531224125007,0.2855113455468354,0.2793063072358211
3557,0.018980536163185024,0.24764616965491915,0.140286467807172
3558,0.017107961839577517,0.15931105112166075,0.36838056182000306
3559,0.019433239947252247,0.24547139208664187,0.5484375468524393
3560,0.018636549843446544,0.22259036143197775,0.14095887073865337
3561,0.019652071598519907,0.30354275057439795,0.2866209036063338
3562,0.01774673786782666,0.24920428881730655,0.1581780342200135
3563,0.02328196328777055,0.3734238093016684,0.19961254563131942
3564,0.020117265456543243,0.2806526704069132,0.21040446244244848
3565,0.019814199491217366,0.28357672894655944,0.14914793320463102
3566,0.019020416773191863,0.28986103465725327,0.1685002659278574
3567,0.016730935104866246,0.20856484083470087,0.16007437938929003
3568,0.019228702325479283,0.31336963427557746,0.23836876376719426
3569,0.014764539483118363,0.11519314307191912,0.057472703572348675
3570,0.019816846651448342,0.3343616917814277,0.13517747397207575
3571,0.017217315343698025,0.1758268055048119,0.12843832356124602
3572,0.017351710318798046,0.18254475918711158,0.2961337962967208
3573,0.021826035952855295,0.36254477101634724,0.3354605513291827
3574,0.018403842313314465,0.2435546172044987,0.18858136102859313
3575,0.016149864573999154,0.20520943290236657,0.11476944337620046
3576,0.017943655276406137,0.26332408072339564,0.27332838898790246
3577,0.018950087818215847,0.3053337965810611,0.17690827741812076
3578,0.01614661492205588,0.21296623599110145,0.1313446789354944
3579,0.017360667422621892,0.24181059578202221,0.24844456998192657
3580,0.01777457338705774,0.23522311060044995,0.2476920259511809
3581,0.018847986011672924,0.27165694140941016,0.2302778554502595
3582,0.020708708359559104,0.31608055411892416,0.21287224626620893
3583,0.02392141608940903,0.38173905874588204,0.12027335990780795
3584,0.022376684240701838,0.36761654620917394,0.004720622567615257
3585,0.015681582120183057,0.17299866462020339,0.09344393224005995
3586,0.019007834270195114,0.28114153061368446,0.11745878415407847
3587,0.01778778148213275,0.2082833109462176,0.25082128088467126
3588,0.019048964755939896,0.2510336145391783,0.1702197369418825
3589,0.015604330168206818,0.1365056780352004,0.1824065573428661
3590,0.017120213593343155,0.1808108700118649,0.23465639111250589
3591,0.02093772409999123,0.3079721099482505,0.38463744443834275
3592,0.016332478134627085,0.1492084557994733,0.11305783113477325
3593,0.01875967923659379,0.25968781530190255,0.14407207174457598
3594,0.016271591139656674,0.19096749923318398,0.13320598076901038
3595,0.01710926698651043,0.19520784765450952,0.2035023254828769
3596,0.022778472999745926,0.3323935185876019,0.2462119737834344
3597,0.018962650048188485,0.2646753040063018,0.16863648941325382
3598,0.020713216122380532,0.31410083344605927,0.2075179587096485
3599,0.017589671665469247,0.21757051786267942,0.12389860017892672
3600,0.019761170334241594,0.30821828992805783,0.1380809578812127
3601,0.019106633821937637,0.2926879743574621,0.1718114365995962
3602,0.021625107845994303,0.3070058854885961,0.22363571338532948
3603,0.017610168461095678,0.19196693527930261,0.12240423906897852
3604,0.02094488756212403,0.31435154534220655,0.2504283571393026
3605,0.019623328966453534,0.2879233508892731,0.17158050602009603
3606,0.016339228589320583,0.1605315130651663,0.12924636127726646
3607,0.02369273777575322,0.39745070707819763,0.270375707116916
3608,0.01663160916732023,0.17933091344908586,0.10308131751166569
3609,0.01642476913364251,0.21187381896168409,0.1751386959026838
3610,0.017374198208308437,0.20643591770298403,0.3127309881856198
3611,0.0158994021162059,0.1867344318656898,0.19564179113514393
3612,0.016782805972309727,0.18413997774842344,0.2699817665157923
3613,0.017442517365690524,0.25928918171784654,0.23095750565610978
3614,0.017068429219130297,0.21744175245468206,0.11617781415392359
3615,0.019550066360120348,0.2735916297939919,0.22777633075261258
3616,0.018063958063858496,0.2570878180182914,0.14770953322630936
3617,0.01906013875768704,0.27021879048870495,0.31296863659788315
3618,0.018137591965777855,0.23373682437960072,0.0957854768793542
3619,0.015768263238271952,0.17759765454899504,0.20377877518645102
3620,0.017090957830560458,0.25688518119836257,0.2385073217951336
3621,0.016421579880839775,0.20533275128056752,0.2549258821437819
3622,0.016715526231691657,0.24191171532758912,0.23439665958276135
3623,0.01712433207852974,0.23041715937884805,0.11805020987116478
3624,0.01668079911730777,0.19933862381960013,0.36672798900418097
3625,0.017114213255026538,0.23421750063201588,0.21426302972187514
3626,0.01904053823555772,0.3067474748006902,0.15218554267990847
3627,0.016395632146649346,0.2261529849753103,0.0917632428746775
3628,0.018510508819928197,0.29578530519343704,0.1866882646739243
3629,0.016660545592857737,0.22908268226107503,0.29591580815925883
3630,0.01763314189873323,0.2585270625532219,0.2798055734738389
3631,0.015422306524739103,0.1963582338031613,0.12373994158952441
3632,0.016831663293783026,0.23086909060933972,0.2286698084399541
3633,0.01620577730192657,0.2012826210965054,0.30082248587740296
3634,0.02090454950056988,0.3061203324301955,0.07928819257434132
3635,0.020032527769157277,0.27763288339091985,0.2591494573338767
3636,0.017108440803405612,0.16741978732532856,0.21226527710540655
3637,0.021521953760807323,0.3158984322030701,0.12161761040817727
3638,0.0191006906103066,0.24768879033763044,0.23703114168037884
3639,0.019814048067079502,0.2567164917553646,0.15857534558261804
3640,0.021095056052042628,0.3043808892277285,0.2129859818013582
3641,0.018311004691812557,0.2416662534870897,0.11868970607491983
3642,0.015291270398788269,0.14612915512635283,0.18002243648836586
3643,0.017550842607278527,0.2522420776385884,0.24003535700437065
3644,0.018750417450657073,0.29816738858614045,0.27086029240825105
3645,0.017005030260603918,0.25630814994009826,0.16584484029612545
3646,0.0169824021862727,0.255004214989028,0.16903176330902892
3647,0.018270131421649575,0.26094516555177105,0.11263261194566833
3648,0.014443142283788877,0.16008219613561764,0.09666690433736973
3649,0.01662961773876465,0.1546045098026342,0.1063649024507998
3650,0.02280906913231468,0.40326216027553025,0.21153769720493934
3651,0.015513917487407155,0.17479643327425975,0.1468202403630341
3652,0.016925051118348064,0.240399376470722,0.13902021189629998
3653,0.01748365503581688,0.2559205517838644,0.13778173345240735
3654,0.018880556663070744,0.2633089097252354,0.25086748988429336
3655,0.01801652001422584,0.25845843883110536,0.17940666297570151
3656,0.018109628677866547,0.25824804144575936,0.13154446098461522
3657,0.017043683652895755,0.24441697744404636,0.19325831535710872
3658,0.015150191015203662,0.11545777397019341,0.2995687651938604
3659,0.016512890350313014,0.18500150120172507,0.4435793960700616
3660,0.017789311176563252,0.24789998316090367,0.17174915353096573
3661,0.015636236385087536,0.16728920062804623,0.22467184932063555
3662,0.01699674596414959,0.19993763981557683,0.2156838219716141
3663,0.01641545297052607,0.18788802641305155,0.11956626166976796
3664,0.018350005652120104,0.17628673475909842,0.4487673664842588
3665,0.02255812881991137,0.3842973822330287,0.21692569745115797
3666,0.015933121215870327,0.1889118247956093,0.07524507838580952
3667,0.018181719759152743,0.27256880045662807,0.36601066089156353
3668,0.018428927802958284,0.26288271471591473,0.17006595023782275
3669,0.01502571399247179,0.1595955383463655,0.17679316444035476
3670,0.015137173266763341,0.1116690494013175,0.44533551373029134
3671,0.017191352935688336,0.21811439850389058,0.37400887662908455
3672,0.018429771772267983,0.26882132053465846,0.20152133402440334
3673,0.014612045697767076,0.11386178563144254,0.1442166107926795
3674,0.017010821463989315,0.22068250846974105,0.19723216490564538
3675,0.01703424665659973,0.2417626093585049,0.2026011425415524
3676,0.018275175795948208,0.275643987181406,0.1435338794083703
3677,0.0180826390373766,0.26615072175359344,0.15710833301675398
3678,0.01888393404338469,0.2825693947124043,0.4597819921521066
3679,0.019269661393810433,0.29992567913000784,0.14785596644713866
3680,0.01832538306462148,0.263797049536264,0.29737108020590486
3681,0.014468752899441824,0.13243259524242015,0.14988005391048692
3682,0.01784620045040354,0.26858461134296635,0.2999312082890624
3683,0.015866260051184487,0.18502923114056363,0.2088187657336214
3684,0.015657047607012854,0.1486231066984005,0.25337544483425806
3685,0.017065345567097698,0.16812906974950045,0.24399747199035116
3686,0.017670683852077856,0.21399060598065522,0.22201158507143195
3687,0.019780192156859874,0.2931315450750383,0.28084516190512776
3688,0.016429794571387147,0.21174395055037729,0.16520300540944716
3689,0.017309235665486113,0.24519174625475762,0.16160011807042737
3690,0.020278769778151743,0.3275966476998036,0.19643226910918699
3691,0.01710360695702051,0.20544347403815091,0.19500545251788207
3692,0.01998948339735427,0.33754104051065725,0.22028368765779877
3693,0.015627559518629423,0.13631704920583987,0.29133883771503505
3694,0.019141390775841146,0.3043684742452747,0.13007447111254758
3695,0.01653935479466363,0.14746553794769293,0.22781367062414773
3696,0.01786850710121658,0.247395971152306,0.3111893354573181
3697,0.015892638287923682,0.15330629552239716,0.18466770867055088
3698,0.027769261709313764,0.5013730962174557,0.0961446158392206
3699,0.015393430504473393,0.12541944863297688,0.1241573693866915
3700,0.015577877158083852,0.19142544738662615,0.05629081916629804
3701,0.018566608283337133,0.28654628116091957,0.12814414147363748
3702,0.017063422781905112,0.24379865174543025,0.2435270690691972
3703,0.017819107549804983,0.2746815569841808,0.3203575587002898
3704,0.016412593255269996,0.14241137798624814,0.14086763497311164
3705,0.015945497709290428,0.14202512617942303,0.4606227548424604
3706,0.018390822438964404,0.2668763930058305,0.1922856672826633
3707,0.017546285891803032,0.19685384031520442,0.23006502652773866
3708,0.019151136602880925,0.297943499937854,0.24810264195145865
3709,0.014169999512507027,0.09471999197852238,0.041297641658383726
3710,0.02564630705955804,0.45297792899360695,0.43019370101887305
3711,0.015674612982651954,0.14804007068289537,0.16481320225912824
3712,0.018573045490793385,0.29936355924296626,0.4226128816959611
3713,0.016616750867605695,0.2198821533371637,0.1780503522123282
3714,0.01782714756925698,0.26314219444353926,0.17616712141079374
3715,0.017799905385237045,0.28351668778541417,0.16913674883469534
3716,0.01751746966436096,0.2252123842147685,0.13608027045435617
3717,0.027391461443900204,0.4848599646119294,0.2521689186639589
3718,0.0167689567682437,0.19050624264102187,0.12037984328931255
3719,0.018580254217489427,0.27120185306334804,0.27881836952072947
3720,0.018615840620467672,0.29716258617719987,0.18702443713459088
3721,0.015308328626287867,0.19687116456358575,0.12105661579781142
3722,0.017363442988765864,0.2376387237208406,0.2013699880531574
3723,0.019897862802601408,0.34375572298102863,0.23555116918367405
3724,0.015625588751576307,0.18013613083020982,0.20136548182473551
3725,0.015518659295474394,0.17323011091719398,0.2336709785855144
3726,0.016700886523397306,0.20092538423672032,0.22812149243582547
3727,0.0194083389686899,0.30801754490923455,0.1329752264934786
3728,0.016105692918846132,0.187403938079074,0.13894722319852246
3729,0.01849715106644722,0.291019599640145,0.25069985029339564
3730,0.015055621473837452,0.16088334517614106,0.11043015597580937
3731,0.018070223316759476,0.24567148339730116,0.39325309976060674
3732,0.017968284740017566,0.2669539492995671,0.1530378521714105
3733,0.01734073841056459,0.26145365927190894,0.16480675108117468
3734,0.01468954389002481,0.12799029363877595,0.3597556739889759
3735,0.016212653604266724,0.16472199874658994,0.4823716919049856
3736,0.020039540533066662,0.32499450714600187,0.19529634756948244
3737,0.015440153663634174,0.18619274821712192,0.15511624394381512
3738,0.014535025507457965,0.10875599477931444,0.18704024975874914
3739,0.016680517857242602,0.2257942805560636,0.2001228674394642
3740,0.017522595546415262,0.24168326656665062,0.2659966178419271
3741,0.018413124552695285,0.2806117723784177,0.17844888440061735
3742,0.017806066012510127,0.27128437809148026,0.11907806386229286
3743,0.018988790528115154,0.2960135413583549,0.15979371054281535
3744,0.017613159170022166,0.2268941088462335,0.21118836079327824
3745,0.01802034025611003,0.2672482111896778,0.17931337956205184
3746,0.01675541247422703,0.2221071574524822,0.1535350429061291
3747,0.01921368418139344,0.33599351715796943,0.20610522909545534
3748,0.016565799297421087,0.2349384157196864,0.11905314865095246
3749,0.014856452530302922,0.11432574312020398,0.2663646617431887
3750,0.01595578163797029,0.17702508909691195,0.19395308927381716
3751,0.01913663154215283,0.2938489387485885,0.2736016200608337
3752,0.01647920786678255,0.1970571842245955,0.3461766627393832
3753,0.016488840699769334,0.17642349713097438,0.35811316263086423
3754,0.016251305773878347,0.16674114165250195,0.22451389154610446
3755,0.016717424258908542,0.19654702706107177,0.19737880790925888
3756,0.01817437252635021,0.2425042384211847,0.2926383575626216
3757,0.016889561477561772,0.2267175665074291,0.21973208901063096
3758,0.02067196688784034,0.35237035620646184,0.15260836507165954
3759,0.01647298116940959,0.19954235559283898,0.07954721070089488
3760,0.015578673651285947,0.17117984524178673,0.2689282522611983
3761,0.01785060367298256,0.2840616519742739,0.19408562916170707
3762,0.014771335751988713,0.15576985651885353,0.2579208549439199
3763,0.018142965508497658,0.2801571211456366,0.33989536766398737
3764,0.01564271856951749,0.18384211963107658,0.15587810290421486
3765,0.01445426809715942,0.10014527289861343,0.24685861794012615
3766,0.020753252161451564,0.27086990382871895,0.20874227090601286
3767,0.02516232900007965,0.4079541251045599,0.15625654396688843
3768,0.019672636023883066,0.2770073287003364,0.12056940771363173
3769,0.014706896352501081,0.14887470629888377,0.0698608714828221
3770,0.017567168750534382,0.24899878076859075,0.2611677141640686
3771,0.021064981603913464,0.35721737713540913,0.25769565367205366
3772,0.01551649425214278,0.1628782287944051,0.14245020186950919
3773,0.016757169167305817,0.2061571589951807,0.2287302953718984
3774,0.01886689509524386,0.2939773056245281,0.24616326758159057
3775,0.016127028756914318,0.2170723920263412,0.20003819221341151
3776,0.017106216825107896,0.20191526267941298,0.46884033940676817
3777,0.015545158380601474,0.1475844841479556,0.2853349499084567
3778,0.01769962042808085,0.23017029199254727,0.16776122229169252
3779,0.01817291513990173,0.2520091816090583,0.23185663582679295
3780,0.01533797241223329,0.15940029706987116,0.2559943726203772
3781,0.016304582339575862,0.14949335373201897,0.12899707052697454
3782,0.01690459045615221,0.20879685259493672,0.1987085206353759
3783,0.016789031623515468,0.215585402875708,0.18347887385331593
3784,0.018373435871950203,0.2715084712884723,0.20405205669365048
3785,0.017720939343975443,0.2671423375987246,0.20443229978123792
3786,0.015569611001402762,0.1857350265983093,0.2191990998505661
3787,0.01992076016222208,0.31756129661113586,0.28978509037531247
3788,0.01680951868465368,0.21104100033003886,0.1845241975547246
3789,0.015931586844852356,0.1802338621675488,0.26613371204656056
3790,0.015873798477718075,0.1588057416272316,0.27095636453715694
3791,0.02238411521725351,0.3762415109142672,0.35715908574857747
3792,0.01679867630330075,0.19697631392633347,0.17576683156370174
3793,0.018469543272889185,0.2262624649521026,0.11194107195194858
3794,0.026945284713726574,0.46938089863666976,0.244829733669436
3795,0.01687417641939231,0.17807552399833895,0.12715336492423562
3796,0.02524045065101041,0.44686205733749207,0.18437374957822952
3797,0.01801157540577601,0.23060225852663102,0.14986507421609557
3798,0.01673712104998504,0.15765525185603216,0.22115407085558092
3799,0.02077196884123156,0.317739547811311,0.2361845717839688
3800,0.01724054344469855,0.22093143723658912,0.18674628579911615
3801,0.02026471932431966,0.2923938906969211,0.31407275646678257
3802,0.016392831893657298,0.16729721471938436,0.09750492062229477
3803,0.017613667136303815,0.22584689232558663,0.32103406072304164
3804,0.018332518680812933,0.25842182351220977,0.1621810228386908
3805,0.018442995106309347,0.22345599292814688,0.2728730561544275
3806,0.015204010141337876,0.14418315101407306,0.09030727539564054
3807,0.02758623340585278,0.5169013049527431,0.25989390144537083
3808,0.013733711833507434,0.10017768447193409,0.12097707367209544
3809,0.01643756051581343,0.15056771570572608,0.5452105346041876
3810,0.018828245929236615,0.2513219702383533,0.3438166974011512
3811,0.017012680508668335,0.22967896291512138,0.24309569056241667
3812,0.015340634672185294,0.14595037865642943,0.2595356662149423
3813,0.021443802892152156,0.37111820668670825,0.2556997392280214
3814,0.015016142796359532,0.14175451896865193,0.12449981009325904
3815,0.015445957745640154,0.14197607965918246,0.1923443209781222
3816,0.01720450228225749,0.2215147550313144,0.36439448567689786
3817,0.019556850831561015,0.2668815969864785,0.2539626414994834
3818,0.014562895263980573,0.11209335301230154,0.15661976421103904
3819,0.01796733806405265,0.2424754956958283,0.2177201275158681
3820,0.019432048754415954,0.21621938730865228,0.15920720238891717
3821,0.02207561854330737,0.3424113638367563,0.2260144637063294
3822,0.015047220252768384,0.14353495352656237,0.10035410353696331
3823,0.01960047788513333,0.33255334253421726,0.251597281957431
3824,0.015010381279920161,0.1414627991168369,0.10549657745521254
3825,0.02138779913498418,0.3764181759590975,0.13875755980469331
3826,0.015318226274371589,0.17237852247181243,0.1463174977775254
3827,0.020032491438679693,0.31130738631527777,0.33005016559913236
3828,0.015755209562931045,0.13250448489293726,0.1530925093287574
3829,0.0189395432865016,0.19410129099309253,0.42768111631936384
3830,0.02487531710012149,0.3941872997487496,0.22447111008384427
3831,0.022270131189228427,0.33094371546177936,0.1606619567562265
3832,0.017327009311693023,0.179165732441972,0.1864681245624108
3833,0.018861018093869447,0.27194156873764214,0.21013845854263458
3834,0.018934002607056175,0.2595758538727952,0.23700622144137629
3835,0.016027197561522957,0.17160142391804248,0.2189539162984752
3836,0.024051983016439397,0.39527951180573034,0.07450630975814343
3837,0.01698616708137009,0.17452251447011843,0.09417737966359677
3838,0.022580541263256863,0.33586797479439456,0.15475029658637005
3839,0.016200362832636164,0.14629659329604763,0.09282772998541665
3840,0.021125197897973968,0.32160434401261834,0.43862088508628544
3841,0.017696148613065326,0.23755393089687163,0.12149026888678087
3842,0.01782998684820767,0.26404546830152625,0.17285554870486514
3843,0.016464547154254546,0.16660896360227279,0.12599907324224516
3844,0.019061920802140978,0.25282580195903065,0.437639840298898
3845,0.019557879916118563,0.31161358243586973,0.22213436253882346
3846,0.01857826598640111,0.21327735925033187,0.4136166360270388
3847,0.025353714258342867,0.4099261935017357,0.3527577337238987
3848,0.01749127784781065,0.19743957929471675,0.1339921843694209
3849,0.01679778877071748,0.17463889072410488,0.08248336074068857
3850,0.02163791407846011,0.356016229504539,0.26601438655968673
3851,0.016577940037347732,0.22004970969503038,0.09875683479549342
3852,0.015241455780608974,0.14601599324688525,0.057123318800201106
3853,0.016458867899126213,0.19627427159087166,0.3059934357699782
3854,0.01863081891541484,0.27784996344512,0.24265147701024434
3855,0.017043145810371866,0.1868962979701671,0.14336506436141025
3856,0.023041466732499936,0.38031341814406633,0.2704631401343995
3857,0.016734223717993314,0.17249959135810353,0.1870836588588693
3858,0.016853046707077473,0.2027842563218865,0.094096418473884
3859,0.019203078063427654,0.30517934487968856,0.21234948725071864
3860,0.016695554223403693,0.20129645609021682,0.24028015253686275
3861,0.016229156556983124,0.17586649398414186,0.16337803865369924
3862,0.019869835985521434,0.3050614664457644,0.2988068027546001
3863,0.017730908223655837,0.2353769770503127,0.26054379428610996
3864,0.026535217825720436,0.4810943579522739,0.2414822459701682
3865,0.01607352882825802,0.1667457311779142,0.08415304169079461
3866,0.01958015276449745,0.31962402450608424,0.2071715188695421
3867,0.017551540893095022,0.2428404785653764,0.16759031579421813
3868,0.019318441529431258,0.3047277524821102,0.19634320630386565
3869,0.015135602471469469,0.13467850567923578,0.28114266435775104
3870,0.015837158526959653,0.18517391141474707,0.15527632849970532
3871,0.019617835082772848,0.2958714831005444,0.2724149046691935
3872,0.015285787541841582,0.18210991292513376,0.2528710813447729
3873,0.014886369389936031,0.11925041936883728,0.19288915427037776
3874,0.01779415928942866,0.1865351284713508,0.565357396677787
3875,0.01637828934578358,0.19639650656155894,0.33712186288455365
3876,0.019543949955659366,0.3013614629077843,0.17105028071670123
3877,0.016456352832467047,0.18029184162624579,0.2104865754152178
3878,0.0213144828961466,0.362971556899983,0.14606736689539543
3879,0.016475207502153793,0.21112230295616297,0.13041358688377075
3880,0.017530156652155394,0.23365111098115768,0.34515567472784014
3881,0.017351973023299487,0.23090383202706505,0.2740178680062262
3882,0.020784420802070578,0.34301934157082037,0.23127867569928998
3883,0.016250382412592083,0.18152281317811486,0.06929571534309034
3884,0.018776979590405626,0.274665103802868,0.24165068001153836
3885,0.02209551265467856,0.37501208322161506,0.21538127238375582
3886,0.01715130052912539,0.19504516906800312,0.2028374270515712
3887,0.01862030494259535,0.29502549466817624,0.3178742388208246
3888,0.017565746372724175,0.2303446246286363,0.11533350686869409
3889,0.021772981242492197,0.369974203249041,0.20547539034833112
3890,0.020174413161465763,0.31438951695407386,0.008822261653926937
3891,0.01732025795004131,0.2297312743514427,0.10537326395088248
3892,0.015626346135477125,0.16644933817163743,0.2422755576688201
3893,0.019284311779571055,0.2929554622560177,0.23751856654473769
3894,0.01784637448739632,0.23795529317800856,0.2746603429652713
3895,0.01809308746037544,0.21906666022993923,0.2630125104942234
3896,0.01694175152047374,0.1700186883307709,0.2695312873287492
3897,0.02301936030464945,0.3670233144229815,0.35163782675778027
3898,0.01851242689275612,0.21948229686964235,0.20435236443271482
3899,0.01990497390270792,0.2557184926245125,0.1292003368515796
3900,0.022401996010818128,0.30546086081143486,0.3709724493396654
3901,0.018413078743532173,0.20209165899360912,0.21554811166315022
3902,0.017978215920545885,0.2413997585144273,0.046644032362248775
3903,0.02053920892579075,0.329490343899716,0.21773840275183715
3904,0.016042869606362316,0.19255565858673404,0.13260017016420275
3905,0.018150062851163325,0.2178788323979549,0.187243650197658
3906,0.019201031021029522,0.2868550102909858,0.25565047776473837
3907,0.01741740368524537,0.20617680589132276,0.21572533915024467
3908,0.02276959573209693,0.3816622969486523,0.20410781170367528
3909,0.018588697983888507,0.2841775180789161,0.13735257412427948
3910,0.019496934465023187,0.28494681282410267,0.29930727210730423
3911,0.020307498767266428,0.3216616511165376,0.16363456865070905
3912,0.018471523920863705,0.24732562823797904,0.13144599615607755
3913,0.02096541473798993,0.3262716041485208,0.2759923923505725
3914,0.01709128315975943,0.17879038464586688,0.1046437603987499
3915,0.016860985805873217,0.20343859620613106,0.06372200130526266
3916,0.02166998013011556,0.3061492446317222,0.023226340365312452
3917,0.018908989571337877,0.22575639147222612,0.24398154551824863
3918,0.021203789334737964,0.3065465084353609,0.21871540553606653
3919,0.019449480854877233,0.23852174261623482,0.18926644276883672
3920,0.015417113632839164,0.12856441359944762,0.1640043249929076
3921,0.022646189931539523,0.3833125913609764,0.29878575119760936
3922,0.017029619930282344,0.20268715942152435,0.15907748480187586
3923,0.018185983296501937,0.2593525717256011,0.11777801208481029
3924,0.019199710502934637,0.2993468270584294,0.22063592216991335
3925,0.017582928638179084,0.26082239772590293,0.1609093634192198
3926,0.015593043336590024,0.18129017413838133,0.1103265999676701
3927,0.02089242415005184,0.347817285805089,0.16173273159239104
3928,0.014003126744607285,0.09574289236239143,0.14068953372505633
3929,0.017664146663717475,0.22523437066762778,0.30446133285648197
3930,0.020131381091649556,0.30592754571524206,0.1642968679393333
3931,0.018969786870060186,0.2511517691226886,0.2736617341627408
3932,0.018502959843451187,0.2315100110061623,0.1718829289217785
3933,0.01962705748724482,0.30946300368804575,0.12569032925523974
3934,0.016090024111493906,0.13723428448284064,0.06511547281569774
3935,0.023049662297846506,0.3769381041046384,0.17918427344677945
3936,0.015542636549756024,0.15544059852132694,0.13560732723711857
3937,0.016192135252963657,0.1436936037294809,0.046583658231060615
3938,0.02064887708136369,0.3181446080627226,0.4069390976248795
3939,0.01636322035405916,0.15397644715911146,0.13699166604500937
3940,0.02224776201059452,0.32442483468775674,0.20108123866269714
3941,0.01562174719752354,0.10985682256156022,0.1046459296287149
3942,0.020158770203514274,0.28323855775015944,0.35588045037531635
3943,0.020892070567805676,0.2963232479573422,0.20669625351751694
3944,0.017939644585912202,0.21033537278480138,0.1852330041055696
3945,0.019519876495751317,0.27581463993017,0.15592466843300046
3946,0.016048015188153315,0.17187406424721197,0.239728055859796
3947,0.018345363990543737,0.23735183732616394,0.2587845128707013
3948,0.019109272655216572,0.22350472607981156,0.09527592307488034
3949,0.01754490556278716,0.22086243509146525,0.1308708768235972
3950,0.01642595110306753,0.17837228734766117,0.21367972400009874
3951,0.017966482360198373,0.2450455375046371,0.20968605289876346
3952,0.018932316048858526,0.297623835774331,0.13796804669044438
3953,0.01605571978198031,0.18551209133494223,0.16083430036741336
3954,0.016474825171035844,0.1629724671849421,0.30154713401441113
3955,0.017613652942182947,0.2585632226569328,0.230098889940856
3956,0.017807860853138204,0.21753961221982138,0.24853929461339663
3957,0.019237603685438736,0.28368084243829544,0.18119392411184299
3958,0.015772201082863035,0.13070576641258477,0.22516228759336276
3959,0.017178048709113925,0.21435567951071838,0.09955410045134026
3960,0.018964510944308864,0.26127003730228016,0.2979814909719024
3961,0.018293571874504165,0.2264740323874599,0.11265171718772303
3962,0.017733917476529106,0.21241363425904566,0.06482171743063825
3963,0.0168018030366959,0.22801042350763173,0.08725539000692643
3964,0.0160817219991486,0.15490257046842024,0.14183044910399784
3965,0.01871873123360563,0.23188743437129805,0.548916532111287
3966,0.01815423130503097,0.233806703639259,0.16331080709331575
3967,0.015976623948625566,0.18577374350668988,0.2967903738550695
3968,0.0184235008262449,0.2298686730439484,0.4599286245248736
3969,0.020860585631259688,0.29646508466735666,0.2897066032406049
3970,0.01577634371675441,0.1411107564387072,0.18991607534496235
3971,0.020116151900494813,0.2906368238085059,0.16313440704447854
3972,0.018796750691514052,0.2595056331119308,0.17455806616433997
3973,0.016491329841603463,0.1919145629515796,0.10869120924911105
3974,0.017601483808292448,0.2173941289352043,0.21818357228981528
3975,0.01833017990561565,0.2160843833034148,0.23824304082244335
3976,0.016726793248306962,0.13320583015486617,0.26364805047346923
3977,0.01581923405080225,0.13297548134450113,0.3649437412699578
3978,0.017781460807264126,0.23531699274515597,0.298866365082475
3979,0.01698673052195623,0.2024088813722873,0.26753540042164287
3980,0.015547322888798978,0.12894904867047866,0.30633494374959
3981,0.01756873687043029,0.16567740148559687,0.3474538016937511
3982,0.019758670732657236,0.2795013132820825,0.31424018336812887
3983,0.016453259015634047,0.16020099565161897,0.19785993680951686
3984,0.017529194729005305,0.24356678826789804,0.15554803336278036
3985,0.015431333353210043,0.14686373283700152,0.2941671350307311
3986,0.017745407148481048,0.22525169270415762,0.3730137508524438
3987,0.019446329104193416,0.2808760662824971,0.15939707176022788
3988,0.017624815878889945,0.22634784505291233,0.23854712431106379
3989,0.019024350369167674,0.27110274655183475,0.16816616191179132
3990,0.01754728108948036,0.2336025083308942,0.16789872408655152
3991,0.016945048940200252,0.17702380597742898,0.33277140540960465
3992,0.018551500511924772,0.1961028334971894,0.17098356889209715
3993,0.020250527651991087,0.3144368848082289,0.3251912772571728
3994,0.017343665607018464,0.19080653624294602,0.10237995794365183
3995,0.0214944591797387,0.35859990040105255,0.18263142722275497
3996,0.016781524598646482,0.20640601454790142,0.13923040376160395
3997,0.019421951350212734,0.2827160494901305,0.2422324342693557
3998,0.01976884500141328,0.32783540504314806,0.16843315575239365
3999,0.016785941600296846,0.2252070446946532,0.16260722036718606
4000,0.019266829837039152,0.31533139182550207,0.216536414140199
4001,0.01676333071210319,0.1991534674535243,0.27762120467126283
4002,0.01671438971881427,0.21203536788258737,0.11681239908145241
4003,0.015584284501798678,0.14865104470260515,0.1456000724615874
4004,0.017393371224809214,0.20127753758985129,0.36529394486270045
4005,0.01845179761532475,0.2432453976251957,0.2039099732035311
4006,0.024207269692431373,0.40515946010669796,0.4167547183563233
4007,0.01752207721069154,0.17391101042385532,0.19699483068284912
4008,0.020486396898982524,0.3306481519367162,0.22072084057067734
4009,0.017174629561767137,0.23859147764566768,0.11008423216516662
4010,0.017817369913235487,0.26318188768222994,0.15954227896158876
4011,0.015486810634653634,0.12903880077116123,0.25210418862126505
4012,0.01820586281003632,0.2522436298438224,0.311799363244699
4013,0.019068242655872328,0.2584408496637877,0.26701990840977496
4014,0.01974606137473481,0.3005630165621466,0.1384144125716132
4015,0.018185927290244906,0.2497084466948455,0.21091746371831002
4016,0.020348113196950644,0.3276425554773041,0.13507498998324138
4017,0.01749136089480351,0.1856412803445073,0.2017331325334091
4018,0.025205160657959746,0.4345640232406644,0.25726675452408415
4019,0.015508179326975909,0.12594766957950976,0.14000548863435774
4020,0.02165198701774029,0.3411578330746057,0.3099721715026541
4021,0.017908106343090913,0.23742991303227542,0.17090444088561554
4022,0.01905918654438884,0.29621644772809846,0.11807939329382573
4023,0.017209395155222445,0.22682190973287594,0.15016656417387314
4024,0.01631120091555195,0.16185527311858122,0.2305609807928204
4025,0.01824685581535653,0.22558322436147038,0.3508244749868038
4026,0.018083690072684986,0.20589711213385847,0.34580433444287056
4027,0.01859407776685371,0.2611301016098937,0.11870420747741227
4028,0.015435594571073493,0.1268816761526495,0.19217087651682965
4029,0.017136784757609907,0.19381261351219875,0.5766828336210696
4030,0.019394394169778804,0.28206868005634683,0.19088566876824697
4031,0.016962365835968732,0.1995032256670682,0.17654199773360268
4032,0.01847353694385182,0.259323674431073,0.2233851667571158
4033,0.016944689218601115,0.2075359382293003,0.24167137085092483
4034,0.018203115645565676,0.2401454665647848,0.20754157544666837
4035,0.01680990318253463,0.17476986054663626,0.5689088256420142
4036,0.018605349452105326,0.23073452041421216,0.2023797460756016
4037,0.02261884643203891,0.33933782791311273,0.18357445529545702
4038,0.020030880811692946,0.27816426447937614,0.16081911433713095
4039,0.01659461566233526,0.19606544499657597,0.13642167075897638
4040,0.020718903602887723,0.3326157160221002,0.33159181911118346
4041,0.01731433943103001,0.23223611149798098,0.16023431614519884
4042,0.017773246900574226,0.22303057818459524,0.26714163803306795
4043,0.018274202887683853,0.2627185873700368,0.2819271946127828
4044,0.018330220161595034,0.27017701797015653,0.20336341523674695
4045,0.01731332829668927,0.22119783378414107,0.18597426570847958
4046,0.0180167090214733,0.265428556343349,0.15252758859266516
4047,0.01858823971818824,0.28947082861982126,0.18854291730955333
4048,0.016264566768817948,0.1912045243816296,0.25277948858872734
4049,0.020780722565943828,0.32884218964457096,0.1717585718928737
4050,0.01683860335717186,0.23666964829771406,0.11058470709985174
4051,0.018651758713735433,0.23988522246542326,0.1700211144245941
4052,0.018809078304817272,0.2178845823673415,0.28389573532425744
4053,0.021465265593305367,0.33880441459040606,0.17870728029133975
4054,0.017258831008195953,0.1652048790500175,0.21328930329174767
4055,0.018123441871380156,0.22698933454301287,0.13547406835793624
4056,0.016437852209402477,0.19341716439205045,0.12105293381461987
4057,0.020315280762008087,0.2892879584143591,0.28875544827408617
4058,0.01800419705157834,0.23623203171267593,0.18955808321100986
4059,0.017496158999948302,0.25480853727799024,0.18469294158996058
4060,0.01801258596500739,0.17502978801623473,0.15762815793932544
4061,0.01821019840164453,0.20350457434637012,0.2946350478250934
4062,0.019968128170053088,0.25472378139054935,0.2620000086853934
4063,0.01678118872705485,0.15933053062088284,0.1196363922688467
4064,0.02107001761752935,0.27987327253532646,0.26062794747732126
4065,0.01585987320049303,0.13725840394843694,0.16191561428530932
4066,0.023432653903141712,0.4142004513276419,0.1890126998380659
4067,0.015241533959273057,0.12116089800746253,0.08693123958287503
4068,0.018678448787997383,0.1726098930574408,0.41200640225732454
4069,0.01987908310541791,0.2379253554532948,0.25893345442333154
4070,0.01743388143068498,0.17814032031167137,0.318289162971632
4071,0.02128606221317844,0.31053299829241654,0.30078233772053503
4072,0.01635146093919448,0.15403721097631884,0.1593757552940499
4073,0.019275156378273758,0.26280711148337554,0.24978902194692187
4074,0.01751544903969761,0.24077914655403151,0.14425587268469886
4075,0.018331911170524975,0.2588287804748049,0.2519213881495454
4076,0.016695843198383603,0.21880260368856652,0.2944427543002175
4077,0.0197817023334872,0.30397394489741414,0.26134974346138634
4078,0.015288757941948632,0.16315593394431224,0.26337318938205023
4079,0.016397838060305647,0.1498958181171821,0.3069567707733241
4080,0.018500521492060936,0.1957044669727097,0.36120285717992834
4081,0.019890841247151642,0.29290837827387367,0.17867676488469328
4082,0.01696319459124119,0.19299849620958423,0.21759328242039122
4083,0.01863666756730308,0.2433523831648331,0.24035149537512926
4084,0.019937563960571038,0.2803761249624164,0.20569824554641686
4085,0.01811553331571586,0.24624258081983005,0.29297367786139805
4086,0.01780787261355141,0.23479656293241416,0.2057648076928396
4087,0.019790792639642958,0.2497289835917398,0.18758964170656114
4088,0.01955954078448563,0.2727110764723608,0.29645560121401726
4089,0.020860187101441555,0.3103269479647629,0.15151659175107302
4090,0.019044939977323903,0.2557926974353924,0.14378456921453425
4091,0.020882646275872722,0.3168232937589515,0.18951476753455668
4092,0.01886402989157458,0.24499712392777961,0.19144024098714693
4093,0.021693220178081556,0.34017751143750097,0.1601475719250367
4094,0.015370145026194328,0.14902940080684066,0.11795874203056088
4095,0.01689221281633619,0.17138303491519688,0.23842451162240924
4096,0.019966968989194298,0.29823376001574375,0.1754075158532325
4097,0.019116936098947067,0.22394785402533837,0.15474829949126354
4098,0.023170489580782636,0.3645028911414774,0.18239235401554044
4099,0.01608719071341052,0.14624834324197547,0.13605314440109495
4100,0.016386712077528974,0.1818860200070385,0.18762604752429354
4101,0.016906632130468915,0.2123759766417561,0.2384628741515595
4102,0.018339724435168885,0.25121403337992854,0.1613390852703398
4103,0.019283663384529,0.20382944958155252,0.18283641693639338
4104,0.017484610420086307,0.19631656260817315,0.17790118509167094
4105,0.018605921969946995,0.2185096484064587,0.13643546817533797
4106,0.022722942112789298,0.3350484191514588,0.20219466001018857
4107,0.020592895574566682,0.2700630087110039,0.10253608543381698
4108,0.017734754666546698,0.18285058809354146,0.10330239745221474
4109,0.02114017276877786,0.30385706895394987,0.22025244358799248
4110,0.01872814728072909,0.244574536551339,0.21693874573942537
4111,0.018699011257159358,0.25177616399981945,0.20390041310344587
4112,0.02011455059421382,0.30418317751537405,0.08732090099218157
4113,0.018691083320179217,0.23031561775707252,0.15209214732268664
4114,0.023360427800516108,0.3582882964950428,0.21428775263403774
4115,0.0179141418950467,0.19094527191206048,0.2286924019877754
4116,0.021373552151698994,0.20809788622352257,0.2935201179143813
4117,0.0210485241173896,0.20890315015402278,0.25203824142740233
4118,0.021199155441657312,0.24077131062414525,0.34729948000357275
4119,0.021609959251264695,0.26106838933902354,0.143927423151709
4120,0.0227369635020382,0.26742564184261497,0.25058272442605883
4121,0.022462995053149467,0.26354263680967555,0.22124835114779504
4122,0.02197777858811477,0.2576664498731652,0.32674372007643504
4123,0.016572233413416328,0.13851593529020742,0.12588437148034645
4124,0.019028536577251128,0.23331441838569061,0.3338505057705644
4125,0.017443733722038682,0.18742378090763082,0.3220837675331431
4126,0.019726765348216282,0.2810147537850052,0.24530303478260373
4127,0.018535150972648795,0.2121572933671648,0.24735571963431213
4128,0.023720142101875022,0.3775891993112062,0.11107526750466655
4129,0.01702091561587565,0.17152587706616648,0.13451684896207242
4130,0.017167615374759665,0.17137189014371673,0.4208384483916754
4131,0.016542141046445344,0.1404703285375079,0.18675558608266343
4132,0.017932246829391124,0.20417236130955932,0.23829821236206317
4133,0.023107021942136947,0.3524846468567658,0.325784039007693
4134,0.017418725612724423,0.17904035509306346,0.14766643027478996
4135,0.019013963732447292,0.18390947107207292,0.329398211935848
4136,0.029480066285504168,0.4907659127787608,0.32293403743594273
4137,0.01913176136100612,0.20350145167089118,0.11812587807452381
4138,0.016698446192750502,0.2105509523066786,0.07868915892668439
4139,0.016580815580246724,0.19330521639222067,0.2632190362235152
4140,0.021300673306413165,0.36388118094263316,0.17103546871200564
4141,0.017351635020879767,0.23485238446690096,0.17866215990837955
4142,0.020328391373256306,0.3084216935400067,0.1863004176354324
4143,0.017358003072777437,0.19735873471112048,0.1768756553479705
4144,0.01961422930599419,0.2728213255647471,0.2164382639897245
4145,0.02104323230757815,0.32357737272109555,0.22028225441985083
4146,0.01691303869520719,0.16943985032744494,0.15350137327508617
4147,0.017915088071129306,0.25412763203430205,0.14012212559645074
4148,0.019778712263291996,0.328600846588845,0.18067125579351268
4149,0.01729840416913573,0.19691417358573543,0.2201332468176496
4150,0.019332807926682315,0.2852632661576625,0.1554919314430218
4151,0.016288718706799172,0.19555986632551,0.10829845318127636
4152,0.019835519684325877,0.333683219578575,0.2801474958319764
4153,0.016835635408096076,0.22493497183562053,0.18048897358532595
4154,0.017292775894718213,0.2455375984228037,0.20591306517942717
4155,0.018972713167245445,0.3084547489092349,0.23213819320123724
4156,0.018020243958838236,0.27216655731171197,0.22231862037307046
4157,0.025854143090150345,0.45215743102946915,0.19196762593196087
4158,0.01587050442691751,0.1428520125601449,0.1055049992523986
4159,0.01634914688880942,0.15933568289569583,0.39471019636705956
4160,0.018737459677739522,0.2494620523318824,0.46993968529555985
4161,0.017454079645025686,0.22142932490800651,0.19583056016225778
4162,0.019773403890285972,0.28933031399190123,0.24084110912846832
4163,0.018681329076680176,0.22229465570092127,0.2329125971369195
4164,0.017945450424796377,0.20332691518103618,0.18828786215980714
4165,0.01614583125218338,0.18913591069810348,0.2727505765166349
4166,0.018320375678141706,0.29223722174527184,0.18225404062192418
4167,0.017736123456920872,0.189749552259897,0.5753527209065973
4168,0.01868121107143909,0.2663474994370646,0.3257373928220835
4169,0.01987959124972863,0.2729008959176114,0.22935294414116011
4170,0.017297480243999935,0.18160800886011283,0.28287075833244446
4171,0.019337389037439562,0.2902251267567082,0.16405985879792423
4172,0.017493026674111213,0.22412284485568934,0.19732639313061273
4173,0.01750611653012822,0.18424904604191586,0.33803961971157465
4174,0.01726056927091315,0.2080198378030012,0.21695869186039882
4175,0.018379915990525072,0.2371826689064566,0.20117135346606219
4176,0.01705820586112127,0.20598876769466545,0.2290203217283093
4177,0.0171935690602817,0.17423732292938884,0.14022771984732887
4178,0.01767881927434779,0.186280482560291,0.2853559150024478
4179,0.019716906741290674,0.27575194853606244,0.27655896598956975
4180,0.020396460903037577,0.2875263310053018,0.12171859872602786
4181,0.020825230249104407,0.29440152439731415,0.22559153246067343
4182,0.020943249684303063,0.26925340544088155,0.1843893845776924
4183,0.018723702641829622,0.22612054966934317,0.16005485284920193
4184,0.021207844352588153,0.31878494343280067,0.14260518327293398
4185,0.016266445928100344,0.14076351503168516,0.19625690692385506
4186,0.018642396009852,0.27800472466101367,0.23560856197752558
4187,0.016066547961341576,0.1726032163888956,0.20297907757351008
4188,0.016397650247604686,0.1787675767420829,0.17817568599084632
4189,0.017947567591350806,0.22728230001166408,0.3484440286204399
4190,0.01758296055157157,0.24546433841631124,0.19072687874718883
4191,0.016703888398146544,0.15621676904578718,0.3836566512206128
4192,0.02436382139573916,0.3978571817187276,0.14398948181583027
4193,0.019439685697628203,0.23199730692561413,0.19945255386619068
4194,0.017214694320201743,0.21198379051560487,0.21035142739129656
4195,0.01944483637930538,0.3081060574858423,0.19646675082751694
4196,0.018058388950276272,0.26809426006443965,0.1374569093304657
4197,0.016358160483242228,0.20844500680433334,0.10425185111657106
4198,0.018983050879209006,0.30899245483225385,0.3319469007374456
4199,0.018833003640966937,0.3046071347731305,0.12920152915801186
4200,0.015301441068987249,0.1275177324979984,0.3485676704980695
4201,0.016162164668683834,0.13081704499605537,0.6987730753317317
4202,0.01920956080089079,0.269324861129888,0.32801264439266004
4203,0.017378929710809538,0.20931928985467035,0.1600859973125218
4204,0.017855569516962048,0.2414331827501368,0.18234632136371748
4205,0.017964153415788636,0.20472356474932926,0.2593914995012923
4206,0.01809034157164796,0.2500458755053301,0.1024563585339051
4207,0.01932454960404683,0.2750722853539263,0.2563822930798805
4208,0.017550645549649937,0.2201074261386287,0.24781379068261003
4209,0.02075025581698122,0.3334381240594,0.18149796078961677
4210,0.02141993498597802,0.31215233959074656,0.1750754708405723
4211,0.018378098601211403,0.22455912679826373,0.12183293746463952
4212,0.024438912326621404,0.3324232892477274,0.10632281302068557
4213,0.017494500641600973,0.2017229258880876,0.10190577738771125
4214,0.018342102278862838,0.22939207483111815,0.12726580536684565
4215,0.01628933551114899,0.18581774902951484,0.14554418352601958
4216,0.016795519755079306,0.20584234544653773,0.2751402210421976
4217,0.017674162555887826,0.2323272644151543,0.27299092806386194
4218,0.017549127102976493,0.2455782847805744,0.14708648102369898
4219,0.017950204071786824,0.22740286792832787,0.11567005336397954
4220,0.02415203261441068,0.39921742179738084,0.35905422182826074
4221,0.017131251062146694,0.1870585292671302,0.16501994759398236
4222,0.019256549958252003,0.31361747875554424,0.1835478645854574
4223,0.017401309166376076,0.22471860544854796,0.15112538904950504
4224,0.018537916717730245,0.2702923767993695,0.20753952151017124
4225,0.018419566169479432,0.2825275842085912,0.24230795405896505
4226,0.014310548747746954,0.10272621877128138,0.15527010474295622
4227,0.025616140250865657,0.4606324762373936,0.23446439120824064
4228,0.014490786687778891,0.10013191844110131,0.09327644073498886
4229,0.018464001012039707,0.26407197993691517,0.2150281107205349
4230,0.017200255347921734,0.25411573184968717,0.19799553501355568
4231,0.018750731228920035,0.28589600345499916,0.16341696901726924
4232,0.017718568738326283,0.21690787580371698,0.2344519841521671
4233,0.017614913249420203,0.22788349066655494,0.25627652388470185
4234,0.017338604556407684,0.2192035622304312,0.17921992824107985
4235,0.01626776513635806,0.19723853124466822,0.2001420172249333
4236,0.017703939395007275,0.23412833362116922,0.23637748475694928
4237,0.019115711552549222,0.29796829486232057,0.08365672855111983
4238,0.01658257205018257,0.1902917081517724,0.155912301582752
4239,0.016676888141214794,0.1609138192520055,0.3376807832612047
4240,0.018126640177743732,0.23281082986325533,0.28010094590323525
4241,0.018812963933737624,0.22428482672858313,0.4228242931589903
4242,0.016964643289697212,0.18933229080304603,0.1664515310917731
4243,0.019986050779401673,0.29899878969999977,0.39456648593463195
4244,0.016546926106119648,0.20663651834697103,0.08643665604484221
4245,0.01782247422121011,0.22928404123948784,0.27248457870967896
4246,0.017049134686693508,0.1555801247477044,0.21327070117279992
4247,0.02066863166939764,0.3105268375774706,0.2420014177463511
4248,0.0159026984151532,0.14673389603827436,0.11144574287141086
4249,0.01795722724953568,0.21770352427947587,0.369746272043463
4250,0.017240891645100575,0.2070914021842497,0.258858752190707
4251,0.020142867029836628,0.3015739584350246,0.2138181808910726
4252,0.016673019315628864,0.15664245630841536,0.15637812307083174
4253,0.01901783378763961,0.23752538426974323,0.18619461334063986
4254,0.01673557420050129,0.20846871674580758,0.185020000634738
4255,0.020907468329808263,0.3520941570406362,0.2070547866956299
4256,0.015668502928222545,0.16129247230034768,0.04724030559692071
4257,0.019337650377823108,0.2783222222641388,0.4710102593092625
4258,0.015439750750474782,0.1283577927999389,0.15105129193979283
4259,0.019533757276268583,0.2727266201141972,0.37368589423305687
4260,0.019332788509677106,0.28646523978328425,0.14394185034100623
4261,0.016814574784572624,0.17968788581828166,0.23495977110437385
4262,0.021470026628349334,0.3354663120715364,0.32981621003989575
4263,0.019310705869734896,0.2716396057199952,0.16278391958523533
4264,0.019654080936822912,0.2678176311263258,0.23783897157447953
4265,0.01714313319617299,0.21714771965555188,0.15636087616443706
4266,0.018315113127479486,0.2864707480526954,0.23864072988332302
4267,0.018748501416136844,0.2820089099670059,0.17082183645487953
4268,0.015675235335262157,0.14724331694676618,0.2687173180074285
4269,0.017801877946048268,0.19074661454554026,0.13203911433415744
4270,0.01721662735021624,0.1918205584579958,0.004605237382427122
4271,0.02264672452650037,0.3336480113531626,0.2164286837899561
4272,0.020755723143311356,0.2838241681261113,0.14346297484455062
4273,0.016709358226266298,0.1837763060757217,0.07835121377765364
4274,0.01752131405859735,0.2042687732830507,0.40287136637674387
4275,0.022154741994505164,0.3434848507795027,0.2005659677263938
4276,0.017124110271913195,0.21176172336500307,0.15941945557952397
4277,0.016953239936094516,0.18441067078716755,0.3205754221696236
4278,0.018059405592763755,0.22934641900912373,0.2692029666110609
4279,0.01560454317450562,0.1884036579107237,0.2257543060008028
4280,0.015686661823017065,0.18494538831176133,0.26051513160381123
4281,0.021108080406562577,0.3527762747535165,0.23258925018971682
4282,0.01633106086299932,0.2149752511743431,0.19813727168190942
4283,0.015494692922993714,0.19787203482890367,0.12795597996642635
4284,0.017597682457066846,0.263861314418695,0.14768888224009435
4285,0.01598358752390477,0.2147882042339939,0.22266755339180275
4286,0.018241859696826374,0.29524991153386354,0.15860471393623213
4287,0.01646009486904203,0.1962178877267611,0.28898353600421767
4288,0.01847606706637335,0.2726368300550281,0.22034236471297955
4289,0.015777032262862943,0.1955635350853451,0.2336693823966675
4290,0.017344823578064297,0.18582686731749942,0.14202491705937706
4291,0.018777044851752297,0.27004538435385794,0.3656376249761074
4292,0.01568860222310204,0.16408688969111626,0.1519685171442413
4293,0.015809032129434453,0.1325301607611158,0.23711501747563324
4294,0.022826097979300613,0.3105366353946199,0.0007606592617091761
4295,0.022261871211007107,0.314489637576166,0.2600600950413053
4296,0.027259026457519563,0.4288655335561629,0.15112437659916872
4297,0.02325931828210631,0.34106618255150695,0.16074357131193248
4298,0.0224168491971555,0.3090482147508427,0.1094209765151306
4299,0.030846244860826696,0.504579100222131,0.2399625292175065
4300,0.023396647315966437,0.3250925911639117,0.1446924759476564
4301,0.026600385881409894,0.41730538913652554,0.13767179872162807
4302,0.025682640044038325,0.40161963317795046,0.17582783954455905
4303,0.026008741281402667,0.40021278000990357,0.010048350512846266
4304,0.026220085535904585,0.3470035909561468,0.06974109539703817
4305,0.03493009863745298,0.5140532245434821,0.23159395625104662
4306,0.027670400873252465,0.3654219766820252,0.15040417991906183
4307,0.02862951619390077,0.3985958303566433,0.14588072283365586
4308,0.027362391802466572,0.38740889853062394,0.19928985265846025
4309,0.024469328898270516,0.34309250846260714,0.19380316920806792
4310,0.027871509504751608,0.4209412451028888,0.284566250026635
4311,0.024188307715162942,0.34995662967328645,0.1843967465546637
4312,0.02599653841306899,0.3477995082018194,0.4448924847259287
4313,0.026756928250336386,0.3890698186564722,0.26292923439054666
4314,0.02242786660297499,0.30379017741559355,0.1232717199652313
4315,0.026219068638578102,0.395927275376486,0.31264485073536236
4316,0.023580178707209642,0.34946284808406775,0.06845465948383679
4317,0.02258908831033221,0.32740488476118895,0.3590176808861611
4318,0.02665071605069654,0.39452206202726503,0.1307776897437139
4319,0.026853254995157595,0.4027605303665973,0.1678911391500112
4320,0.026599399253378453,0.40673677606513436,0.21656380422405275
4321,0.023625486653518366,0.31984182718099197,0.2491812655536976
4322,0.023235263678208724,0.34641883465053314,0.20665586910525893
4323,0.026458512953496188,0.42327891661220374,0.2644805997133085
4324,0.02334826790362337,0.3370220226457738,0.2377970593546434
4325,0.0276013561548631,0.4355712902211296,0.17600626613656348
4326,0.02428785577592873,0.3301060888107125,0.32751282649689684
4327,0.029353175895108212,0.45090766841119095,0.16339630417128145
4328,0.025680277555373894,0.36615043851693846,0.1509370593476625
4329,0.02370749351140944,0.35267592503821943,0.2237073200652455
4330,0.02475122510992584,0.36367259523272005,0.26430901064277496
4331,0.026585978552685418,0.42719781657271644,0.22845600393860138
4332,0.02288659016980309,0.3276398726653558,0.1342781455748642
4333,0.026204966555574315,0.3921426597200745,0.323510790899856
4334,0.025174145204848983,0.36631998959573725,0.28820734715816876
4335,0.02533965883286413,0.3645806351721505,0.11639453261212294
4336,0.027053313721061175,0.41808789705027166,0.20145227073290856
4337,0.027459192530483994,0.4273965376329959,0.1503541657152943
4338,0.02371824699152973,0.3312282200058235,0.0883712864479605
4339,0.029283214417140643,0.4559502048060434,0.4849398928706283
4340,0.0247188120572244,0.35460440757253714,0.1266604756824588
4341,0.02853539864579257,0.4547569528625911,0.14495714424444692
4342,0.02252775981603032,0.31155958421988866,0.13392227747028665
4343,0.02374525643450019,0.3422843244829525,0.4809253376340145
4344,0.02394861013894782,0.35989615611931897,0.3710405633989798
4345,0.028336338952942092,0.4545585763897431,0.1919394386619397
4346,0.024014567734632748,0.3602558349749179,0.13449880935023262
4347,0.02806680436540602,0.44968290842775543,0.16221336304427308
4348,0.024885287043504286,0.35803684823923587,0.08004933592067136
4349,0.028892018039603205,0.44864321119127276,0.38366613189113796
4350,0.024987883556598308,0.37258169515281175,0.08894587281214546
4351,0.027023607085745666,0.40453996180605944,0.23976292755873205
4352,0.025156630760775803,0.3704539023059658,0.2379951385168632
4353,0.023977424403146097,0.35340382770228446,0.10085115051206367
4354,0.025614655557298062,0.4137473157968381,0.19888632354673969
4355,0.02250611612380622,0.3428300797243077,0.09253814650489768
4356,0.025492603376171652,0.395242927935109,0.2776636985719767
4357,0.02352408740422703,0.34337334594527824,0.25525746667601007
4358,0.024866434453641187,0.3573438077785173,0.20999755745497892
4359,0.0270056052756362,0.4161274959862748,0.18252147556895856
4360,0.02309756947348254,0.33179648387382943,0.11872599643430494
4361,0.025539313975358805,0.3859662907814182,0.289672131565256
4362,0.025460230003311903,0.38882344091659365,0.2461112743936722
4363,0.02478786076656985,0.36425233112758,0.18788411975153055
4364,0.025384128485954557,0.37864875375501683,0.22873242222018272
4365,0.027168899471266873,0.42965339834387123,0.14127153741185525
4366,0.02591060356719037,0.3665485809086444,0.23999403817528686
4367,0.030537241590018586,0.468102113471132,0.29534485631294327
4368,0.02325587474157103,0.3258124196437037,0.18291097283745053
4369,0.028056596703456484,0.43044820251366817,0.2688765075874747
4370,0.024477083947144002,0.3351925270394274,0.18240670890497312
4371,0.02530548029919868,0.37512164226648764,0.20364383151839163
4372,0.02456778173114666,0.3312702450097123,0.45333687825606
4373,0.024742250480277925,0.351061029997622,0.19094397318422715
4374,0.022821039907625528,0.31903149462129804,0.11669104161373721
4375,0.023974616304484022,0.33345326912246964,0.2732001880445283
4376,0.02506524280555218,0.36121949351654303,0.37812989169550104
4377,0.02375137979473147,0.33655441319981527,0.24787890893423858
4378,0.023422090064976822,0.3261260217279459,0.07637122770633549
4379,0.025801165872861798,0.3777213302957534,0.2816253736512342
4380,0.024279305113506042,0.36352225902401886,0.1940901820328798
4381,0.02445827167456918,0.337004525332661,0.08337705268987222
4382,0.022647849205312463,0.33636881493526866,0.06305937274466691
4383,0.02684890882180429,0.4271498741014828,0.1980403130717675
4384,0.02417341142437308,0.36767316825514634,0.1397254846440267
4385,0.02535470490480119,0.4020113146471234,0.21209777175517064
4386,0.023582570138562724,0.3527290573494939,0.20794631599774638
4387,0.022564041448247914,0.3196865899463039,0.29093151247467763
4388,0.025054880036240543,0.3781897485854298,0.548761629695099
4389,0.024604616256440594,0.361010679951895,0.137523536192696
4390,0.024875957968505485,0.380166856703085,0.19285675529655377
4391,0.0253090005562575,0.3685121359164333,0.15607148453764735
4392,0.02383641342595162,0.3283841590553592,0.14395900101816073
4393,0.026843314877739676,0.3924708326837485,0.2681769319204349
4394,0.024653969548961367,0.36227424844245426,0.22430122267962976
4395,0.024968291692117905,0.3796916057347067,0.12987222189114445
4396,0.02460082896749236,0.36193791672047154,0.18927812485465761
4397,0.02325658534513433,0.31885041022836047,0.1698805515860375
4398,0.026161872590067692,0.3919731017908667,0.35701325830586345
4399,0.026183868806667576,0.4066242858812505,0.2188100831674557
4400,0.02422040060277026,0.3693143276711302,0.14577046235645783
4401,0.024331349155352327,0.3781708144130187,0.19889928321435135
4402,0.02761179690751075,0.4334171519699908,0.20291937503027985
4403,0.023633542699145284,0.35383396664804817,0.17796101375125087
4404,0.026806957864968745,0.423310678386571,0.19112903454026758
4405,0.024947801974814457,0.3560902225153345,0.24003805636274098
4406,0.02233961742150661,0.3210391767078776,0.1702088683623804
4407,0.026957183072509282,0.4214353078364097,0.280019231031804
4408,0.022135786791720312,0.30803723122792215,0.17167212932875447
4409,0.025481702785660813,0.38126513686592123,0.17367368535720665
4410,0.026747238039513004,0.40720875921414357,0.213033150680238
4411,0.02831663241131673,0.455509428652513,0.07324584828655333
4412,0.02308410717988131,0.33128874640495387,0.17161864737989882
4413,0.024110859295307083,0.3518080344503328,0.07962088986446121
4414,0.024794669932182697,0.3635555819291089,0.21123861410278372
4415,0.023540459193044875,0.33106969576593204,0.17772585513485537
4416,0.02730588110677801,0.43020489866188677,0.10203762903077795
4417,0.02351100617250324,0.3368512634190233,0.12284737023209087
4418,0.023634762416277676,0.3471360953052162,0.2918970948249135
4419,0.0239404175882905,0.32808200251959013,0.14159664857725932
4420,0.024740827799167097,0.335454855473227,0.1086514757433998
4421,0.02488799118512775,0.3580230167608777,0.2056883986630346
4422,0.024759199668698693,0.3618071178514942,0.22924665066837624
4423,0.026486105310420227,0.4212944109509792,0.1581255439294118
4424,0.02319258317668253,0.3365342867596904,0.15821658461544374
4425,0.026492886931959805,0.4032342722310774,0.21167525777602728
4426,0.02402115727209125,0.34122485274110903,0.2469633276719289
4427,0.024873832781244252,0.3709474560138105,0.17006754663832876
4428,0.024530978623838483,0.3601501684933978,0.1341940393121511
4429,0.024938916652950265,0.3755109578094583,0.21675464565975824
4430,0.02503332931686871,0.3576802135708806,0.25657909349617875
4431,0.02403123532912427,0.36232118204508745,0.1601223345898869
4432,0.024786539587743822,0.37352699004553813,0.12595439473529707
4433,0.023633848968504373,0.33202641008834255,0.15997546237665947
4434,0.026797164516268502,0.41171422691222603,0.238437419389321
4435,0.02286719665014927,0.30825083823904,0.21907687376405557
4436,0.024269019661601554,0.3457862115985949,0.35657631589183925
4437,0.025877727423636334,0.3863899070216814,0.24138794249480003
4438,0.024268057686994512,0.3330931353349267,0.2697869273322887
4439,0.027546725781471867,0.4004499330287409,0.2862319795221284
4440,0.025895918858314784,0.38065468313961626,0.06003475955225042
4441,0.024385582091099794,0.3572513736437984,0.1768679705433283
4442,0.025457614061434375,0.38296322523128484,0.2825513719145465
4443,0.027665975469588485,0.4363135097985306,0.1170993131492204
4444,0.025201227944033105,0.3704902578208218,0.24638313374880935
4445,0.02430700992641481,0.35747259081425714,0.1058734531963247
4446,0.0263576827415156,0.4157100062576285,0.2111811814555833
4447,0.02402219740425639,0.3592302110062745,0.2146419678269232
4448,0.02982640561934978,0.4735990733179248,0.23412204591301813
4449,0.024170254078911334,0.34305221668550395,0.19541315901003814
4450,0.022067430127014755,0.30057358159756054,0.22368216920244766
4451,0.02681751877075036,0.40042278585003943,0.12970633115127542
4452,0.027484490930543785,0.4092164616856709,0.2258834950287442
4453,0.022408135226640237,0.3053450547145273,0.15434724441500938
4454,0.02792718981464501,0.41477399876270077,0.2862878767773718
4455,0.02580992353658163,0.3699113628147164,0.16735568824047475
4456,0.024748899153656693,0.3418126914938914,0.21679720406428216
4457,0.024829138442292523,0.34030014507606726,0.05582816415314139
4458,0.03296728682040796,0.5177408383282933,0.2553253707111477
4459,0.02699074774473066,0.3842584699190072,0.15591913048439704
4460,0.025725243730141536,0.3792033961022804,0.06286991580036712
4461,0.028101116886463284,0.4235177865594086,0.2701947959572022
4462,0.022569087337526085,0.31587091081734225,0.18929021205598953
4463,0.025535164542796106,0.36919282867175335,0.5491262724736968
4464,0.02482044468302479,0.3642323321063328,0.26953143501740073
4465,0.026102986991672027,0.41463190817233336,0.14301652781060012
4466,0.023555732479269842,0.3512108238763015,0.1702750712545375
4467,0.026118217974160276,0.37449836593165525,0.16446494453788257
4468,0.03340919532912482,0.5277827044070728,0.24932351995081908
4469,0.025004309163339407,0.355644832962807,0.10539961340035726
4470,0.02499515366310959,0.39244012710546017,0.15261220041244478
4471,0.02517284551344087,0.38628313582918006,0.17705200443127417
4472,0.023642969814765755,0.36751484855663097,0.1575102109524309
4473,0.025073345207987707,0.39381039041746835,0.2715054748307319
4474,0.023649299276174766,0.3535728440377858,0.26233788914394945
4475,0.025593126273468197,0.3725889627662296,0.15361057683278723
4476,0.02417676025808912,0.33311232419289366,0.267267729215247
4477,0.026156357123482105,0.39078309813303697,0.29488381711202416
4478,0.023621502013243135,0.3437030323534683,0.10813205686576943
4479,0.023222203719155177,0.33630231438911246,0.278805709965982
4480,0.023223628870408648,0.32612516547640447,0.2891919542478707
4481,0.024616186037472135,0.3748694534254979,0.23894060571994927
4482,0.0225630117131424,0.3355455737355666,0.23038439846267408
4483,0.0251166900178233,0.38777707360636066,0.21796238717954472
4484,0.027414249538612386,0.45108784850687905,0.21429366557994498
4485,0.0233695500281416,0.3359870007352498,0.1451909045142983
4486,0.027572219124526176,0.42276432229265665,0.29664572182039745
4487,0.025493870737647258,0.3540134339309315,0.10621009875264886
4488,0.025830454035665487,0.37223431916118715,0.09175920405147857
4489,0.023917406216544684,0.33862507253127183,0.13319498974253233
4490,0.025362067477418277,0.3802255706770998,0.20378743598432408
4491,0.02425359081558267,0.3834144096178895,0.08877218519596203
4492,0.02446581321078897,0.39211427105682356,0.14535632331829884
4493,0.025853415517329604,0.4061026256753761,0.3103782715850982
4494,0.02239420888480868,0.3119540548850567,0.1411281991740689
4495,0.03048984538453495,0.4893110958305641,0.22309761547223855
4496,0.024876041732112233,0.35394477625946646,0.21283756436786574
4497,0.028287468516810372,0.42639758270862693,0.1993583746021155
4498,0.023460082465361874,0.34959549027447046,0.15302176203346585
4499,0.026192143430118157,0.39202983359995436,0.22248041312759925
4500,0.027496757729477263,0.41827193210876557,0.16344188156020098
4501,0.02628288210717823,0.3788666309812524,0.25061722624072014
4502,0.024545703922550306,0.34827226662089894,0.1287403902758776
4503,0.027959287230814315,0.4027110872764617,0.3721205439285744
4504,0.027849760730611586,0.42632925536622046,0.13117146337197322
4505,0.025984732383424015,0.39400545317531527,0.138868382120735
4506,0.02435518309537327,0.33109201210640526,0.2356829303323603
4507,0.027760391110861597,0.4271711233745389,0.22317822280650906
4508,0.025085191162503597,0.37414840146264605,0.13224947755114894
4509,0.023590777962174524,0.3300384972296551,0.06896100076881476
4510,0.026423207914310347,0.3574176136942483,0.34780045816219435
4511,0.024129199653209126,0.34344019536730097,0.3880603483313994
4512,0.026986923693784432,0.39177822216269514,0.352361642792525
4513,0.026367921253735525,0.37715122508395205,0.26846887898492355
4514,0.023831804072748302,0.32710458519438995,0.24991260685797403
4515,0.028598568302487908,0.45055123676745923,0.19959714678297433
4516,0.02250496905075994,0.31121180132738924,0.1657939597740987
4517,0.029268990012546087,0.47011075297260013,0.19193675600343751
4518,0.02321189812316191,0.3374431645406027,0.15387487040365008
4519,0.02586748684309484,0.37781309379028005,0.20081541085030905
4520,0.02593768746609976,0.37322690288955634,0.20538363864269019
4521,0.02738654220601113,0.4137513532836018,0.21520909798495966
4522,0.024622227409073463,0.356511726980978,0.15573012631113894
4523,0.026888045530334647,0.4023036965359387,0.14770263886201346
4524,0.02496836209755372,0.355964353816856,0.29486165690473676
4525,0.02285870091641994,0.3160538707955606,0.30948658579376076
4526,0.02533170187281024,0.3706955245046578,0.20405942910833105
4527,0.025943903561852034,0.3812094071902664,0.3287582613157966
4528,0.026347711162200912,0.363018840772134,0.15402275921973
4529,0.027130034517592893,0.4225157483339633,0.22040209839556363
4530,0.02304409215994466,0.33623204751318625,0.13353770570917822
4531,0.025690652312852075,0.3893254061149584,0.25602198527828407
4532,0.02436647198045049,0.3593847298133223,0.19862693079713892
4533,0.024618292660544945,0.3533915226116047,0.18810989443984613
4534,0.02191402262397172,0.3038108769197947,0.23202892843956902
4535,0.02935888052660754,0.46659902115544444,0.23795048648662465
4536,0.023341619970867124,0.3312388381898136,0.17210550401043023
4537,0.02594702912503192,0.38402083417714034,0.10815686112336743
4538,0.02151422462760002,0.29925497400647993,0.0486397658551572
4539,0.023016865308199776,0.31347333491455465,0.38154187005947054
4540,0.026558762847939864,0.4349425245094363,0.18093455520351873
4541,0.024155980173213888,0.3589763286637396,0.13026466405180445
4542,0.024870371734020822,0.36424489299072466,0.3138270634170871
4543,0.023638742068673124,0.3551421062132791,0.1357794220061505
4544,0.02479381787431267,0.3554131781832233,0.18318087565267577
4545,0.027298082952677237,0.4059395023191064,0.3247750398665384
4546,0.02192632906751877,0.3106212795698956,0.1469220585904621
4547,0.02820944179021722,0.4452223646062946,0.35562612918835484
4548,0.02425779763850057,0.3670804679036509,0.12530221604847555
4549,0.025977525125458863,0.41018275030470536,0.17755336413354375
4550,0.0238764628704735,0.3592009305659102,0.16931592681796723
4551,0.025288299912543815,0.3833431665073129,0.16655494736238305
4552,0.026024098186686172,0.3907231289985167,0.15082558108214447
4553,0.022773344798077664,0.3179908795542322,0.17538737697262102
4554,0.028947916637819298,0.451557942849493,0.3183228858350053
4555,0.02297615628921828,0.32491341987439043,0.13008358238139514
4556,0.02648820755582939,0.3828253272406487,0.22466035787150992
4557,0.027902593307821962,0.40889655820291254,0.2746457140290655
4558,0.023802823610161422,0.3334720477986259,0.11525441032916571
4559,0.023615036151233556,0.3429089894990519,0.08832855200843993
4560,0.026545323549160886,0.39038043628209657,0.23603731897022656
4561,0.024085829528379905,0.3494942984501425,0.15845015702886742
4562,0.02455643457214648,0.36587914539144983,0.33342025498261485
4563,0.02535595838269024,0.37536132827693003,0.2776190323967466
4564,0.02707567970276506,0.4095727531348681,0.14681774984224277
4565,0.024631507666811672,0.3332396226723717,0.39496798259302773
4566,0.024063486556363027,0.32518356229773443,0.25766903723616197
4567,0.025839008766338274,0.4041692182800363,0.22393781913391625
4568,0.025874920771522664,0.40808687241605257,0.1726588890020699
4569,0.023171817069319145,0.3476331320840028,0.18548784868503024
4570,0.02606763507711561,0.418045648344613,0.18566566800330142
4571,0.023648492233217973,0.35701145445483734,0.19870220707976713
4572,0.023782789071694264,0.35591014470347165,0.23305204306639932
4573,0.023884028522684484,0.3404631833293246,0.18912174995048148
4574,0.02382502609059028,0.3488143820185795,0.15067401025121116
4575,0.025130949863320363,0.37746335066342784,0.09958947739634408
4576,0.02362542253098362,0.34258789657109573,0.1770908196090199
4577,0.02478928756483868,0.352480151715256,0.2881446653894617
4578,0.02435569639469193,0.3354344920516115,0.19650554380187682
4579,0.02707091199053254,0.39660846373802994,0.16564461500711425
4580,0.02389415034647373,0.33533563023151486,0.15069577561406022
4581,0.02658293482984182,0.41623422886283096,0.24744035553794452
4582,0.02309011999805798,0.3231391321701936,0.069296189982766
4583,0.02509618347501664,0.38067371364933905,0.3718907006029794
4584,0.02382774479138905,0.3689457069166414,0.19636017877732467
4585,0.024686508369759035,0.3974575327409076,0.21255029310986398
4586,0.023895852821103795,0.36868122053791724,0.1678966876016584
4587,0.024252067788796808,0.38813780160161554,0.19736628041274001
4588,0.023623032628709767,0.36307283099438964,0.1970442324375705
4589,0.025794186984084862,0.41237976655109887,0.193299679328084
4590,0.023734747217235407,0.3502067269694924,0.1970713884707787
4591,0.025742027890789963,0.37747860524602334,0.22759611266958718
4592,0.024019868680684026,0.3356972783493611,0.18485799862430244
4593,0.023031780223028667,0.3130357627971624,0.14162700786545548
4594,0.02430570325456003,0.36106187523783073,0.23911100642624342
4595,0.024424151456483852,0.35773056058892017,0.20913801467092946
4596,0.028505189611285682,0.4430742738212753,0.3934526867961816
4597,0.02342333519020533,0.33176053080786067,0.1889712303195309
4598,0.02609323345218877,0.395697947272703,0.21645659155298744
4599,0.02261047515085181,0.32478037557879613,0.10951215124714452
4600,0.025846515513516466,0.3817682507625158,0.19871946604321578
4601,0.028599926756909366,0.43733424357818385,0.18988137753130732
4602,0.023665179974481258,0.34096578236844904,0.12935985736613068
4603,0.02452674309147148,0.36415320424890246,0.304152078145884
4604,0.02438019603041099,0.3701536592108395,0.15904316958481327
4605,0.024434456386178197,0.3670478943923453,0.22840810747660073
4606,0.02536502400005275,0.36440732726274344,0.28489905022085216
4607,0.0265545844656919,0.3899175173171787,0.2775190572883853
4608,0.024363297571526558,0.33893499742414773,0.08651371856690845
4609,0.02408252642232601,0.3177080156922995,0.10973840790005053
4610,0.02467149249722727,0.340751328615484,0.3174867930878139
4611,0.022747874025871386,0.3123569112873833,0.25910366166728804
4612,0.027790628239065165,0.4395387926196102,0.2943001793847708
4613,0.023563424730166815,0.3258939452806093,0.11435536375066328
4614,0.024810233320167623,0.3445833648208471,0.4158394384233284
4615,0.02433042042662595,0.348005004074518,0.15466907554507378
4616,0.025538627278490135,0.35297905215732794,0.25637528825145894
4617,0.027250402581664192,0.3958455336876855,0.2690804304525325
4618,0.02680463354961882,0.3903679567340225,0.13490437385881565
4619,0.023730389970932166,0.33411145931291003,0.13859994444700577
4620,0.026115177849218466,0.3938839232319578,0.3290894371028704
4621,0.023847946838090356,0.34400021019587407,0.24124530504556443
4622,0.02618418986882113,0.40460625342236667,0.22193432017882767
4623,0.02820445490918907,0.44992473057916427,0.1699760685316286
4624,0.02238331547363136,0.3140851134416396,0.12170913409125397
4625,0.0237615275703364,0.35514103122065305,0.329761518452732
4626,0.023554735061958994,0.3307673407409809,0.2325157133970567
4627,0.02629053796691397,0.40800377869487564,0.15906147360704784
4628,0.02458292175943925,0.37051552377296254,0.12845698578497794
4629,0.024339094549292815,0.36968857418886947,0.21343243681452237
4630,0.023898366553802376,0.3235442819490767,0.1524566800652173
4631,0.026995567811090394,0.3784354983890242,0.36920356566146445
4632,0.031231536129629266,0.4823472580890754,0.1767201015461877
4633,0.025073285627735826,0.34452936380021804,0.22374170278931593
4634,0.025895385167146918,0.3835527123320416,0.275709828111905
4635,0.024229685672619444,0.3642785018236419,0.11377491709029497
4636,0.02617781710842274,0.40464219702644955,0.2681351036592738
4637,0.024575616600601608,0.36846960775014653,0.19470802195654696
4638,0.02472883827480091,0.3708724096288773,0.3544927243840655
4639,0.02670974400906852,0.40939250954616285,0.18945265082373736
4640,0.024515299852933516,0.36148998821840955,0.3289889368342369
4641,0.023268567889948452,0.3398641457299857,0.17575736777449422
4642,0.024283489817595247,0.36032840138498995,0.18460869363956214
4643,0.03077632660424167,0.49849805355167814,0.13754343156008758
4644,0.023594377316827293,0.33593668796530457,0.0805163070288058
4645,0.025751516897593602,0.39458921276503117,0.24009433235143726
4646,0.023792659928654543,0.3361988052874282,0.12999304993042138
4647,0.023818503542388316,0.3363771152680193,0.13668923523805857
4648,0.026924536590693368,0.39633983699157427,0.0650102765401499
4649,0.027400348574678327,0.40038387300277983,0.15535084856021183
4650,0.024041340972552647,0.3612060852685034,0.1669939840159318
4651,0.024209391670432227,0.32816931733999316,0.27387344457903373
4652,0.026594844953730767,0.40785197673713514,0.182265239679992
4653,0.022917783615205904,0.31674374128922633,0.20629343017003746
4654,0.02376924312826201,0.3409728610135093,0.24701695836807663
4655,0.027404667522156513,0.4419190253923496,0.252185990669626
4656,0.02401581560683577,0.3612182658680804,0.20806656419484607
4657,0.023106088171740542,0.32718858063285244,0.2865900722444472
4658,0.029073969011578757,0.44030498863970013,0.23168274713753353
4659,0.02411415360176433,0.32490847810137596,0.21976833256386738
4660,0.024396012632876614,0.32383463463454926,0.31563192858001027
4661,0.02531042293259316,0.3933928249259168,0.14793827359570533
4662,0.02435233866624552,0.3636935810052703,0.17295082433863684
4663,0.02280348734488496,0.3184526411719354,0.19820428692359462
4664,0.025211748285874115,0.36152215039550034,0.21763402888982586
4665,0.027692588225247096,0.42171928191021635,0.3492316522921439
4666,0.026365298994536338,0.39631157700618935,0.10012403535070834
4667,0.027202453445415914,0.41846414335185034,0.19293589057179747
4668,0.024186014789863302,0.3286381658433968,0.14955713386967479
4669,0.0293696886712305,0.46245982276990477,0.28746427870206803
4670,0.02659117779844612,0.40245649489358937,0.1487727707226323
4671,0.028787016867461733,0.422088632915634,0.21706447326491032
4672,0.025596757774635603,0.3498292493338983,0.12736558071132595
4673,0.02640180120074027,0.4062563557143533,0.12713251450570093
4674,0.024623494068951604,0.35913821281262753,0.20121377730568882
4675,0.022710931788046746,0.3284881617927213,0.1404233468163144
4676,0.023468904630328843,0.336802849153592,0.2541775349745289
4677,0.025631049452689,0.3851832339295591,0.33504509350182904
4678,0.024324578558248,0.3721638442050793,0.14769184098674606
4679,0.024267381621530325,0.36198736422787187,0.2731612448864903
4680,0.02616636100132207,0.4080848036029,0.2175529340426856
4681,0.02317425646515851,0.32382264743354305,0.05740061116740318
4682,0.025407261085788817,0.356653573303649,0.2463803135015031
4683,0.024352119508979225,0.3436630238599367,0.22072997709834952
4684,0.027044981204314627,0.397017610264241,0.313858149592589
4685,0.024431043896445605,0.3270136167215798,0.19796403817284247
4686,0.024349580115591206,0.34101582029191846,0.11976983833172691
4687,0.027512285841560496,0.41860851165066554,0.20904733649098262
4688,0.026270080379304846,0.36146264791560817,0.06886891309330194
4689,0.024811400610808415,0.3596641911212158,0.06750175627195455
4690,0.026310480406716,0.39724339973282624,0.2704785626945878
4691,0.023472941953755357,0.3434857762826501,0.15764380684683918
4692,0.024314533542554778,0.3419862285972563,0.130110231318047
4693,0.027298503913036933,0.40713032295392504,0.45058014091061926
4694,0.026294254020029648,0.3881020729352351,0.14783135754558852
4695,0.0247723984787624,0.3703656479690667,0.190848537013405
4696,0.023694548428420503,0.3438589606184429,0.25529541127409305
4697,0.024307170724284264,0.34140602333694786,0.16571368079143595
4698,0.025650597987279634,0.3738563678935047,0.23096746198857565
4699,0.0268780778577254,0.40020195497981936,0.1384319489163473
4700,0.024900686716108476,0.34103627009304166,0.16398005972674298
4701,0.025333434499947387,0.36114109272322503,0.2577867509205788
4702,0.027869268447931323,0.4192880436830454,0.17709962961465578
4703,0.02632788020926288,0.37612093798596546,0.0793124168332057
4704,0.0238708180547915,0.3501132873376094,0.09176330777635297
4705,0.024836688616148486,0.36544306024779566,0.3182182725182263
4706,0.024638235966177903,0.35624832897977665,0.3366843447057178
4707,0.025732432007426333,0.36956799459271195,0.0779786741937785
4708,0.022354738630741864,0.3058576493478479,0.3578494098887952
4709,0.028523445334894933,0.44098708652448976,0.32815567112880323
4710,0.02370453405621927,0.3214982491634331,0.07421802885236985
4711,0.025646705329208683,0.38645943012316425,0.16977903035329112
4712,0.025478660498433673,0.3826411877467026,0.3004735621424093
4713,0.025911561761841572,0.4068559782176528,0.20782224899792914
4714,0.024900622830228206,0.3585000293893363,0.21861729658329643
4715,0.02768615898207828,0.43851476801739137,0.26222102035695194
4716,0.02601076882708467,0.37695698693923435,0.07787033079147315
4717,0.02577797840819188,0.3610228501978545,0.19364654873694198
4718,0.03079086729642614,0.4834134963952183,0.2318851546651088
4719,0.022856652800165283,0.3204045441771211,0.15077935278170165
4720,0.02327439908423748,0.3468706058491313,0.1794562590843445
4721,0.02588964616689819,0.3977314781594814,0.24033855845947413
4722,0.02294055082788266,0.33640829327478394,0.1470151193089349
4723,0.025134445419603024,0.3642521323347075,0.1034783624904759
4724,0.024101671028598597,0.3329784710375906,0.2950570128419251
4725,0.02462274118243326,0.36815232589252905,0.1062129017034713
4726,0.024424038211101933,0.35779833456843424,0.1574761821480903
4727,0.026347742871685637,0.40606590236023626,0.21525719188171108
4728,0.023292476593734433,0.34776314380598494,0.19621630149118469
4729,0.025819507448856784,0.3842233084619355,0.22930666686498835
4730,0.026633910976235617,0.4127762946478512,0.2142195190200231
4731,0.025641125991201785,0.39773695771664486,0.16817309840987438
4732,0.024688907289758408,0.38503423468845216,0.2638724417672398
4733,0.02309183240088912,0.3370708805146546,0.19641337869989176
4734,0.02418518815934207,0.3613703269790689,0.19523210879520148
4735,0.025176482000087413,0.39025751584504165,0.1807480813633433
4736,0.02504201774279784,0.3924366827515256,0.20133951472527922
4737,0.025874886402885513,0.3934046450269451,0.18230347028500354
4738,0.026763381221115056,0.38346197103704727,0.3293870776427228
4739,0.024764472186537413,0.35183335401256083,0.24185739062386416
4740,0.02851562667349173,0.45024851495333884,0.21001784926229936
4741,0.024563602080906303,0.3544756988197772,0.14845331679509297
4742,0.02912184345199722,0.4680246941547254,0.2145630832233271
4743,0.023783470971883894,0.3419345725746867,0.23757207804417954
4744,0.028231533671541013,0.4446064331664653,0.3124223681377528
4745,0.02437640122892693,0.357948310533472,0.15518631946609315
4746,0.025011616428744523,0.36882012075758014,0.1640197129348862
4747,0.025293649018988985,0.3991319097286891,0.14815079875711465
4748,0.024098909091061046,0.3711914012510175,0.20595669223142196
4749,0.026489875453532274,0.41475669939955195,0.15303795594633374
4750,0.025171287103174914,0.38662728166727,0.24319713667518444
4751,0.023607353468518135,0.3574044326895038,0.1864475056597726
4752,0.024488682085784138,0.3801016387342966,0.38413938359525995
4753,0.025825067316127593,0.41137016007153526,0.18787744105337395
4754,0.023713516124164297,0.3635133821538395,0.14906752045155228
4755,0.026444458374604796,0.4278710564752784,0.19919454336704456
4756,0.02268342084579948,0.33628798893639694,0.14771052510493393
4757,0.024572645280021194,0.38341596121825006,0.10994117649550332
4758,0.02519296840066903,0.3929720999959287,0.169314829341557
4759,0.023530515133245358,0.35544097221731835,0.1830902834513162
4760,0.02252230144169675,0.3427333919099926,0.0047164779024170414
4761,0.02493911136198979,0.4048769054837894,0.14035996953421273
4762,0.02363204642965446,0.3436174362306569,0.12196086782155299
4763,0.029131905136861487,0.485624302488407,0.2044872963060567
4764,0.02292199321741424,0.34455959585435464,0.09426775616803651
4765,0.02553339357380697,0.372909995184112,0.4592783878725188
4766,0.025235476776020376,0.37922666203863736,0.22603202011085308
4767,0.025767194865088213,0.3977578918770044,0.22884410187280885
4768,0.025439427487742246,0.39833599023224325,0.16284713941887088
4769,0.023451704358771443,0.35685737578360816,0.1324158064644067
4770,0.02506122159697808,0.40918501590751444,0.19518362057002864
4771,0.024393611776823296,0.36398361451785816,0.13642805810506362
4772,0.023747905834079052,0.3364788898732068,0.13436813459254493
4773,0.026101191384878642,0.4006218072010559,0.505120049637304
4774,0.026288362468235738,0.3600636226235154,0.12651399900604846
4775,0.022465260456104193,0.32407649180175835,0.03958970006009905
4776,0.024232898400822,0.3524488181899339,0.37199313238271337
4777,0.022876120691967438,0.3147317689892021,0.13933184797573037
4778,0.02411015423883126,0.3534107263488334,0.39055578868316765
4779,0.02547355469762913,0.37808002418407477,0.29721942555198094
4780,0.024904785616681475,0.369574516733023,0.24953683173159039
4781,0.02531751867360911,0.36741844943023133,0.1947143651985479
4782,0.024062322967039664,0.34136473315063637,0.1306016785384814
4783,0.026965674811476884,0.3921780206264994,0.4474150873588393
4784,0.023566278028263436,0.34870273336178004,0.09529602840373795
4785,0.024301798186713235,0.3645490845623522,0.26004266529811004
4786,0.024990723265126434,0.345049833411919,0.3908872159211974
4787,0.024452018130717384,0.37395492153551063,0.15431103181786215
4788,0.02677459791655035,0.4259919839080179,0.12065291047973457
4789,0.023893491048224216,0.362293089172883,0.18506945521861026
4790,0.024542013486963533,0.37671968305682046,0.28219096830597373
4791,0.022738295593571593,0.3371683697230071,0.12269137991633602
4792,0.025453473773447487,0.38883681715263835,0.17549308449550075
4793,0.022717025426134286,0.3216611640467228,0.1409736800408501
4794,0.026280197829752074,0.4025209694088878,0.14147283377869713
4795,0.026433047238651846,0.40769525071265,0.17786755349000197
4796,0.0259564712203476,0.4065126723209237,0.14581460142654365
4797,0.0237639607701941,0.3423131242498867,0.20264322996135126
4798,0.027531412944303724,0.4298110463808984,0.26219269210394397
4799,0.022341126158623714,0.30973004162066237,0.08207627038609892
4800,0.02637421719507802,0.3991316812979064,0.29422051368737784
4801,0.025676308166011474,0.3666310369269692,0.13271562542394266
4802,0.029119559590113798,0.4288708960439446,0.22955963630874182
4803,0.0245750640249747,0.36255681894710295,0.12535098774754616
4804,0.026690773013535014,0.4182377143979445,0.3134113320444701
4805,0.025018616658014067,0.38622003402496247,0.151396401496345
4806,0.026087919991593836,0.3946295225397775,0.133450661496037
4807,0.02560546348340001,0.3743619355369119,0.21043452220311873
4808,0.02944296941645108,0.4080814874759965,0.10367069173897903
4809,0.03092373923839017,0.4032661153328025,0.22597895724471834
4810,0.02875456120151804,0.3865657109352353,0.2347794598844068
4811,0.02941545152886356,0.4504888495043969,0.22813016823686275
4812,0.02221902670796307,0.3177982799117814,0.11711864718519101
4813,0.02729087215735387,0.416672014935833,0.12519081303179427
4814,0.023763205653310596,0.3443141546371797,0.15671052978155886
4815,0.027781243616959408,0.41731959321666534,0.3511038672773843
4816,0.025784473118167707,0.36572959664723137,0.2698764898247897
4817,0.026261111843559008,0.383570518091731,0.1331356802251925
4818,0.024577436399159713,0.3590862656722609,0.22933689703479818
4819,0.024493044967209252,0.3894850027208929,0.21646147019297143
4820,0.023757540228443924,0.3706559573033735,0.1839559552962749
4821,0.024989253091388577,0.40997742115671687,0.19125877102682254
4822,0.025413824390448116,0.40134231849645335,0.21486292628666856
4823,0.02300480017734129,0.3437280115978688,0.1974121091344905
4824,0.02410136774017552,0.3581806540807349,0.3235207622673201
4825,0.02906750393303636,0.4644236616161533,0.211617444277676
4826,0.024378345705873012,0.3644587670043681,0.12721302087712044
4827,0.024352209833418525,0.36862201450364984,0.2016863759402181
4828,0.024515647791359323,0.37988176024454295,0.1521730122170359
4829,0.02385922086412189,0.35020816159223755,0.16956882317399777
4830,0.025549197358520556,0.3982818152214774,0.24496217607937198
4831,0.023957332086901928,0.3555646318879487,0.26546565739598094
4832,0.024553606377748147,0.38629501777345754,0.16562604494704286
4833,0.02513794396303267,0.4075893002250975,0.2357960934898604
4834,0.022419183513548865,0.32240205190040366,0.25241491332264265
4835,0.030720465331177112,0.508774421905237,0.2408479763668987
4836,0.022613671034467323,0.3230340065522619,0.10512661802089537
4837,0.02799047502088946,0.3873561374087228,0.08821621661224675
4838,0.03391517428532302,0.5083086749634858,0.3715700584672853
4839,0.026834403946684064,0.3559821959218643,0.11835791538186617
4840,0.03163584877431557,0.477881839681227,0.19789736879142955
4841,0.02623701800132392,0.35487142926069676,0.13605363913968924
4842,0.030829148118675542,0.4692192229989977,0.19100364277598275
4843,0.025247890023316615,0.3450343572375907,0.19186122645509096
4844,0.02489172411651904,0.346819345284604,0.21231131987514806
4845,0.021788188041837936,0.3064369463202828,0.08870694595858167
4846,0.024906878345721688,0.3894709726519155,0.30567772804076326
4847,0.024343842274918683,0.3823567839804004,0.17020584147516835
4848,0.025237054549020862,0.3822392044087225,0.20491397734830247
4849,0.022000050286342006,0.30788697426849454,0.11999726979231189
4850,0.028483242221743206,0.4644474064274948,0.3694957692873976
4851,0.024105721725087757,0.36677206407828616,0.1725702971670333
4852,0.027039023903455292,0.4431939106378816,0.212127558073977
4853,0.02271142235893568,0.32349579097756337,0.23613076626463905
4854,0.022533875169616104,0.32130458393057737,0.24685521757291418
4855,0.02207490209608771,0.30627556885527407,0.08474531967424945
4856,0.025413677748853676,0.37115776641467746,0.5808634372382213
4857,0.0224279877722747,0.3132365311369608,0.24353739786461526
4858,0.02607559546116334,0.41688545336016186,0.2616971474040791
4859,0.023753625014504117,0.3442376557312907,0.23469318261070182
4860,0.022693279118715017,0.3063088054786531,0.29923073746518974
4861,0.02418198772326464,0.3556639584001552,0.26166898439956354
4862,0.022895232506582507,0.33194951837693504,0.12055215528731662
4863,0.027557006640637684,0.44645587224135735,0.3254796944530532
4864,0.022713628231065583,0.33577622019093195,0.18125923020198115
4865,0.02761299014182447,0.4484668134168927,0.1397528399200526
4866,0.024235434618881977,0.35672267609033925,0.16301710419194557
4867,0.02596890745639859,0.39956549913965234,0.16393607196617618
4868,0.026232213014323144,0.3984979472043358,0.16200020249902206
4869,0.023438848881620906,0.3317157799195265,0.21166350729862754
4870,0.028699863097168654,0.45627652966537163,0.3293470184468712
4871,0.022528308606773986,0.31549837788859353,0.07823578209934313
4872,0.022645697028836766,0.33376577237913474,0.25615828338854113
4873,0.024709016248745625,0.35817324791930605,0.2001356236655667
4874,0.02613552232628931,0.3525138790229559,0.22789835302916028
4875,0.03170404154633929,0.4751909664675217,0.19123712635631288
4876,0.02615533603190635,0.3612880072353143,0.28524295548407186
4877,0.02914019255595042,0.4509934834850078,0.3379165992986194
4878,0.024056439789849168,0.33907147035511037,0.13213702380726644
4879,0.02586009092256889,0.3665228243730187,0.44600907838462406
4880,0.027204979665679006,0.40943119057773253,0.14765396399286054
4881,0.028077492533484696,0.43402627211054123,0.07792973647958683
4882,0.02394473617875573,0.35127656679902897,0.19961947236473052
4883,0.026075895855046265,0.392967676889969,0.34740842810063777
4884,0.023486288276550294,0.3474901184829534,0.14769039889245844
4885,0.026216758722878777,0.4237571418446784,0.1887326245390534
4886,0.023352951985513917,0.36259155653776104,0.17382135200802817
4887,0.026302257758349545,0.4225999807504479,0.2894122608314304
4888,0.0227751482109741,0.34699638882678313,0.2662634606098085
4889,0.02297645622333538,0.34392804514117264,0.3587740529977901
4890,0.024751933198789766,0.3940845272274331,0.28323004978565597
4891,0.024024618627327295,0.35568055574114393,0.11504014629071391
4892,0.024610785700370078,0.3785322450266229,0.18513590256714188
4893,0.02577789461843664,0.41516893965643886,0.19124851887855698
4894,0.02367035845965801,0.34139304351656713,0.16060674524479235
4895,0.02788305827869528,0.41860416926324423,0.3108057108977071
4896,0.023592326808636762,0.3490700738653532,0.2048936368547756
4897,0.023026655284884255,0.3573928836962413,0.17975194610876566
4898,0.022730630951700772,0.30635187249809986,0.009530589935775682
4899,0.023357272235637033,0.32195421273803676,0.2603948864815419
4900,0.02302507864893788,0.3110773121451317,0.1536420619902541
4901,0.022730981547369057,0.3236674424746861,0.29288897643625394
4902,0.02572664320181762,0.38453646209340836,0.19121055405827642
4903,0.02530338004311305,0.380402403618981,0.2170631335057624
4904,0.023218653396384042,0.32454345215116365,0.26975349022070083
4905,0.022591387310524513,0.3250851016158228,0.1265423549980534
4906,0.027430655662957364,0.4415264870663694,0.2656595419507291
4907,0.02387847555650858,0.3647964862749618,0.1191408860576459
4908,0.024868332977295883,0.3614176388508175,0.2766510715162905
4909,0.026725022008917857,0.4129592467305236,0.2754716470794952
4910,0.02510337956800891,0.37922204407636173,0.16306605759481135
4911,0.026240689642406983,0.3928728057041719,0.2071134836094486
4912,0.02625210191743247,0.38570573803739355,0.2716598740360397
4913,0.023091595449494406,0.3234649628316995,0.13174469332243297
4914,0.02345517953797565,0.3372466667003597,0.33331614986516805
4915,0.02216505106260608,0.30648594947065977,0.22483550050624126
4916,0.02417690818309721,0.35632729598420804,0.26257613583442657
4917,0.024588204784573367,0.37254644332013387,0.11835987837657051
4918,0.023986011694187386,0.37134881556333615,0.2677509723465033
4919,0.024286647553996153,0.3719668685464715,0.24015013422309303
4920,0.025128698403947932,0.38507808551827993,0.1382957309439341
4921,0.02542724228108304,0.3889143452576613,0.16050305388405234
4922,0.0260489127227795,0.42317191594189013,0.20444662829944973
4923,0.024636923803650734,0.3820491857077414,0.14844554906582771
4924,0.023128380882744555,0.3320709690082264,0.21213546558912882
4925,0.02257519553943941,0.31221931631663813,0.2940585285843126
4926,0.025451041659369827,0.3777024852608126,0.49836429340684735
4927,0.023681941661116927,0.334524893673616,0.10561013241593528
4928,0.02189592041754153,0.30847691290564166,0.18875813718371395
4929,0.02403254840170262,0.3680455080646756,0.16147251995958437
4930,0.025615324875229085,0.41105471897272583,0.25619837910938636
4931,0.023978356661229164,0.3517433223985815,0.1178292956025696
4932,0.02384184210117655,0.33384786567139507,0.3686060024401937
4933,0.024615054402713422,0.3618670943760149,0.5017305979674304
4934,0.022464295243801297,0.3196831294039852,0.13856181269067158
4935,0.02520788933228791,0.38952959512094665,0.36126442393554964
4936,0.02478472079603257,0.3903125270116221,0.1801518882022115
4937,0.0232037044738906,0.3331791032097712,0.1899629338200841
4938,0.02366494421152999,0.3383005550186231,0.5460286358402897
4939,0.02870952993149089,0.44237792623778516,0.10702167519432955
4940,0.024509833811667613,0.3342836962764495,0.3188784178018932
4941,0.028368192011831724,0.44064825858195433,0.24467581282496045
4942,0.02278785744866987,0.3207167799516051,0.09974919522638401
4943,0.02879901102986997,0.45990155489350926,0.37492921492754344
4944,0.023880860460859334,0.35301997727449447,0.11623324325206866
4945,0.026573267752164332,0.4286428354463654,0.15435556306330273
4946,0.026029287870687257,0.4114195537715802,0.15347663179374388
4947,0.023096209549500937,0.32621578816782687,0.10445227616886185
4948,0.02649058104408016,0.39819901789884654,0.35059675342757707
4949,0.02563875098931951,0.39130789932360815,0.15525465044395617
4950,0.02646749599129141,0.38191760852876994,0.12453654541303526
4951,0.023546237816002572,0.32277075098979763,0.16625165516944831
4952,0.02613892507316025,0.37932769993837795,0.284350147994174
4953,0.025901303324229918,0.38724487875431873,0.28328126011100013
4954,0.025722792300459416,0.3904956501941089,0.14213125909524205
4955,0.024779134436069054,0.3450857447785814,0.5115792363644222
4956,0.025542226471497405,0.3626401952885376,0.1560058322342828
4957,0.028309181950459516,0.4173342846208305,0.30470503801264337
4958,0.026046262538712204,0.3988622244281299,0.19651848035020425
4959,0.02703437569392344,0.4196647256851427,0.15170274130236758
4960,0.026705147967824482,0.41111927359860223,0.14335119432814986
4961,0.024331840918883227,0.36851675348623225,0.15522730867292722
4962,0.026617392619290657,0.4251660195521515,0.22303224686782436
4963,0.023234257905837198,0.3402819136741486,0.24466998198559253
4964,0.025476104701521587,0.40882424510406984,0.3040979768605358
4965,0.02319558386872855,0.338293236374592,0.175905303095637
4966,0.026297297236791792,0.4202860956745624,0.21020633289712132
4967,0.023098709529721925,0.3537584934882018,0.14101719800267823
4968,0.02348943840818049,0.35142144263217456,0.3533613863916218
4969,0.0274905098629426,0.4435786714332267,0.17018103580511934
4970,0.022226796933310235,0.32704832769466285,0.164855890194366
4971,0.022458096093951236,0.32019686083194926,0.34331083586523836
4972,0.024629944077149853,0.38129592481777763,0.12922481814745013
4973,0.02525651172971465,0.34756808388930693,0.13223965993649253
4974,0.024449967997536813,0.344996298835552,0.09933077797171942
4975,0.02675461336191887,0.4265343188974059,0.1647277098418824
4976,0.024041142626268684,0.364102749202795,0.16756291621536476
4977,0.02324989215140446,0.3452815614525448,0.19805351869184684
4978,0.023463238751734956,0.34098125560749926,0.15086043059898951
4979,0.02769312281746971,0.4128716006637326,0.37558038964442136
4980,0.025673984587801478,0.39494097196328215,0.15901949219150405
4981,0.022464102669311713,0.33189165280221256,0.12921861180726157
4982,0.028332574296428832,0.4610897285790879,0.19881485571982802
4983,0.023310510223519303,0.3383407534383562,0.19959618718484473
4984,0.024935379618368156,0.398120650222155,0.2924061692519252
4985,0.023055823313848083,0.36651769184474914,0.12436630843110985
4986,0.024436356672892377,0.39718605262217455,0.30039698432747863
4987,0.022853225717459166,0.342751958987947,0.2016936948182834
4988,0.022061395086417333,0.31633643491976776,0.21346155050453156
4989,0.02447515183994703,0.3582853548609844,0.3010823890583345
4990,0.028101833017483945,0.44550666275516193,0.290078281500289
4991,0.024091756057041936,0.3517270742371907,0.16691324661578266
4992,0.024093138076878167,0.3505558977940804,0.27036949870702
4993,0.026460469385753055,0.4098787307777524,0.23290770030822477
4994,0.02283786622757112,0.31257299778175485,0.33292544259628093
4995,0.02456807186557004,0.36956513483697984,0.2725549342957589
4996,0.025750273546697507,0.3978486571381426,0.3319018306231638
4997,0.023178671837953253,0.350536501218036,0.11779728255968293
4998,0.02350551701573887,0.35572935915029463,0.32555318714215764
4999,0.023929144996020165,0.35811691912892,0.22585268274727344
5000,0.025073482718192125,0.36697277827905606,0.21557530187027263
5001,0.024522102543031315,0.36317922198263153,0.19681442631568266
5002,0.02580549019206429,0.35083686792412916,0.3868191703273899
5003,0.028682688177319643,0.4337039480144203,0.24940410109287658
5004,0.023383920379833625,0.3266580893010486,0.10300864823750906
5005,0.02530529380307012,0.39869896931312837,0.21042548820183146
5006,0.025114902663410335,0.3361934421512845,0.4069481671070547
5007,0.02415347800227551,0.34191440156551917,0.21983927080859178
5008,0.023374015348741797,0.32537130644816004,0.07210238917291177
5009,0.027469817580787113,0.38557290682042095,0.14577773769841615
5010,0.024831496030505103,0.3436733013032032,0.22446595243195805
5011,0.027219620068038453,0.4351795460234608,0.30007959065811973
5012,0.024064686541634937,0.33368032292252925,0.09669806487705691
5013,0.02368650323091519,0.3305346348266896,0.1744769411037565
5014,0.02412474756111648,0.3372688024007586,0.34787621626754084
5015,0.023663998382338524,0.3442658811688012,0.21637841065140972
5016,0.02635135547974799,0.4265440779563724,0.13676058152919854
5017,0.023580525369319476,0.3567822339631545,0.18283826672926518
5018,0.024256927987726263,0.38942636753467547,0.1925489655511715
5019,0.022647452056656674,0.3401030488965699,0.1589094622114854
5020,0.024326748805202164,0.34986881193435637,0.47489776035373127
5021,0.02605266666343622,0.4051292239221837,0.17310898492738627
5022,0.02194321506140461,0.3194204635910634,0.21050122936843726
5023,0.02740016042384007,0.4403820016394187,0.22888166390571463
5024,0.025983536060072605,0.414264149239485,0.08654079667511941
5025,0.022568555440276482,0.33928514022720435,0.1737279115890235
5026,0.026001016806212706,0.41823799200636463,0.17569494507568134
5027,0.023287612181485937,0.34170623361226155,0.20130517836230935
5028,0.02721031446481854,0.4362832667076264,0.34010035810642797
5029,0.02257423662440144,0.33509514814386315,0.1481229501646093
5030,0.02394922779070252,0.3429899486440626,0.16311869191937492
5031,0.0262325776887386,0.38878429847781243,0.07656368069137649
5032,0.02415212550773596,0.33754644626849034,0.1517083929018688
5033,0.023013443591461846,0.32437962343011933,0.1285398147637337
5034,0.03289150150283048,0.49367214205565363,0.4536590225808838
5035,0.0265332542591261,0.37190911162610923,0.21747086444736483
5036,0.028192966738908552,0.4414230894646868,0.16371107256858275
5037,0.023927839004537835,0.34692227834813943,0.12677978056025427
5038,0.025646970448574856,0.3777706016181061,0.522580063610979
5039,0.026693943447659012,0.42838567505741176,0.19438090127357582
5040,0.023591470801551218,0.36688357596592786,0.08897105966787215
5041,0.024242619258154897,0.37896142312501413,0.24484564302790243
5042,0.02428740560193177,0.36375079180988473,0.2249016310538015
5043,0.023807411492610564,0.32539879484529655,0.19315704032967848
5044,0.03265735841179869,0.5306578443157924,0.19471309688794766
5045,0.02377162443416648,0.35465753259827215,0.09280734480681398
5046,0.02305275724829583,0.34262955532563505,0.07156848400440513
5047,0.025091388391419472,0.3595011815242995,0.3435854091531309
5048,0.02891278362585451,0.4495940116046589,0.248416084457909
5049,0.023401375205370365,0.32878224488286584,0.18408071433525053
5050,0.02808752184519967,0.43678035272886756,0.1660322145866055
5051,0.026322147826787847,0.3967467953106921,0.17444068780400063
5052,0.027011642824708273,0.4127459443475662,0.18698006397090905
5053,0.02303707972951165,0.3238576033522835,0.1198469927968063
5054,0.023547853636834974,0.32580053575319434,0.00948572339068297
5055,0.02732794434661966,0.42693439616229545,0.20446422693493274
5056,0.023281812706471783,0.3280118084610478,0.17313278327100573
5057,0.02405326099013549,0.33720310882965016,0.48608345686312965
5058,0.025956148287904806,0.3810106298763095,0.17418489657423636
5059,0.027117366183000455,0.412397007226328,0.19801469070663474
5060,0.025669882414452373,0.38306850419912425,0.16138749484372616
5061,0.027030464148924276,0.40315274917263383,0.28536238596903674
5062,0.027635830672494872,0.4162379230988984,0.09909771335850548
5063,0.025350360297625333,0.37367652126004625,0.16095736087238868
5064,0.02401196720701863,0.3505761952681959,0.15749560199304563
5065,0.023951473840176235,0.3465771961128366,0.3153301811550685
5066,0.025686608749488842,0.3630325889809765,0.2895850091245992
5067,0.029734993852540106,0.47685285279231,0.13997198708495837
5068,0.025242092960313458,0.346169942847808,0.14097272655401258
5069,0.02735581201710366,0.42308657829515905,0.2122061267742489
5070,0.02452540621366944,0.36008380118434086,0.13425788449779996
5071,0.02365200303490116,0.3403929543160887,0.22039497949588904
5072,0.023788111135847084,0.336912410870928,0.09375357414494084
5073,0.02404166305993523,0.3161055068895167,0.2936265926215369
5074,0.024221494307984908,0.34349610313296436,0.28326559906352844
5075,0.025316462293821215,0.377101615048217,0.2752530362389598
5076,0.028022659178692115,0.4489153442187165,0.23619862127269137
5077,0.02309273238527663,0.3321511956336162,0.10362478218636095
5078,0.025211683688872808,0.38397959405421006,0.12518450676464365
5079,0.024279214526748565,0.3291771773713345,0.17200199971784705
5080,0.024474959945733614,0.3499431194479262,0.16863742479612664
5081,0.025377018507254316,0.38321654429714025,0.18576977572954878
5082,0.024464441089655863,0.3669348197053454,0.23539041320252133
5083,0.024976240770074872,0.3635647684885308,0.29445851956180485
5084,0.023742607476211024,0.3361494050339068,0.1306678112930363
5085,0.023421218373141445,0.3403538353373983,0.10674435085077655
5086,0.024542573211381306,0.3346974320332234,0.23055286287825302
5087,0.02421791182115932,0.3193823589218114,0.10612080867760877
5088,0.03333595006419182,0.527852816086966,0.29544396563374464
5089,0.023920855344582968,0.319614793595248,0.16909875757199558
5090,0.02521476375692084,0.3749049105353402,0.17440522478654535
5091,0.02353560120830693,0.33020962173007756,0.16774214087376965
5092,0.028524029494173785,0.45001914267431453,0.188462459811971
5093,0.022403334675644416,0.30582236522568823,0.09252598301543201
5094,0.027915862167049697,0.42087456735369094,0.3247926986291004
5095,0.028345402393656054,0.4196729438740861,0.2380983274795588
5096,0.027767637024909406,0.41884007717443217,0.004778420434268007
5097,0.02315290148187823,0.32161717275963025,0.10714130123142475
5098,0.02709218787433077,0.4010252973286455,0.14070333162816698
5099,0.026557421943587897,0.3678500760273989,0.19543901180028944
5100,0.030284658903683568,0.4713594277363718,0.1533455966066889
5101,0.026275660880866088,0.36716503246224663,0.19223969763386264
5102,0.023399269756734824,0.32692293645439163,0.13713882925680565
5103,0.025399427047588696,0.3909399849445012,0.14092132769616297
5104,0.025355804806227938,0.3878158857406871,0.2583219272299145
5105,0.022415977843907153,0.32473478166048364,0.14162505888547927
5106,0.02280447982413521,0.33794830908557627,0.16987568852295012
5107,0.02769001631336965,0.44837345436109993,0.3718521127190047
5108,0.027807232455860826,0.41507293656869254,0.052649288266780954
5109,0.026896037772338104,0.4020817595164298,0.21901358047115596
5110,0.02669956595765568,0.40769368902052067,0.18066617743677083
5111,0.02497467148258367,0.3439921455168331,0.15735423060805973
5112,0.030084410257054755,0.45478797930893905,0.26616096127815864
5113,0.02335084661391632,0.31568483373333256,0.1476566855517139
5114,0.025235563157675365,0.37588281781550487,0.04479150061911591
5115,0.026617036890338928,0.4272905300384062,0.14708326431669164
5116,0.02445999116244216,0.37917141287276945,0.1474438689075006
5117,0.02689322293685225,0.4114003459785572,0.19681374542106847
5118,0.027611875322341845,0.3972346671757134,0.2907818892768177
5119,0.021533275134374766,0.31901466261518824,0.11539882402402074
5120,0.023352991570348817,0.33296265808674336,0.2562227283709428
5121,0.02303728984624259,0.30944977300139476,0.3657019008670979
5122,0.021811625729136107,0.3072949368638806,0.3667820064621644
5123,0.022942980121698115,0.3118202843406344,0.34727692369316987
5124,0.02489599663206286,0.3526980382535112,0.3875927493144485
5125,0.022552323589291535,0.31751344936687526,0.26973530139520335
5126,0.025733195433638695,0.40707936522850063,0.3144735108884764
5127,0.02380454765953464,0.3658785518866069,0.14862199892091044
5128,0.024406381499638093,0.3810276994776008,0.15618589097556101
5129,0.021476314412034753,0.2994132222775254,0.2492688599945801
5130,0.027197022392971497,0.45113704208747174,0.22071700155080307
5131,0.021965391268609375,0.3141716354162623,0.1690140718213562
5132,0.02527529696545503,0.388812788022127,0.43348586363605357
5133,0.024403372541260557,0.39087793854371433,0.17707879986375794
5134,0.025124163312805498,0.3999281647395923,0.2170958627932805
5135,0.024498284543491032,0.3890107650156896,0.16148401465868575
5136,0.02439402734708133,0.38122951799118865,0.20230012205509662
5137,0.025866979267626385,0.40542607824527116,0.2098255622512405
5138,0.02387162218514298,0.37313386146299055,0.16170282412170345
5139,0.024418045486442937,0.3960470732076628,0.2142912933530063
5140,0.02186777048566898,0.31413000596693874,0.2652943294893893
5141,0.027025823625764507,0.41627186250113335,0.2134569588228846
5142,0.024784445596938195,0.36181559409491576,0.178095157145208
5143,0.024067640621535717,0.3183211765171324,0.2567864722256621
5144,0.024503294336041044,0.3466363768813895,0.17398352057422398
5145,0.030067116153340047,0.49089276952900046,0.1764451547611651
5146,0.023047502847347287,0.34060109968377295,0.08129069937554007
5147,0.023098369923065458,0.3442180732485893,0.26456644497704085
5148,0.02500696462640363,0.3717631314981129,0.2354834497923064
5149,0.025273231917558522,0.3580181928247339,0.08161395783981928
5150,0.027557957309919792,0.40303591189675425,0.23890087992913736
5151,0.023513990555505824,0.33998940491567164,0.14893454991515462
5152,0.028014462678930204,0.44446420508908613,0.23376800555884375
5153,0.024736667932565216,0.37184971127781113,0.15716717980954178
5154,0.026448676419683344,0.4133254290446802,0.24267267495143202
5155,0.02597850234312346,0.3948939485432286,0.18616158560858218
5156,0.02364281518469958,0.34764249873069764,0.16743951757597464
5157,0.023095306690038647,0.3219630719666065,0.21121699746283432
5158,0.022885498696565438,0.3319556741669644,0.17512624375768257
5159,0.025947873015164227,0.34575475723080806,0.1306743223968258
5160,0.027102173373356523,0.3939755171352411,0.1264006369333591
5161,0.02441117831692507,0.32143303376751087,0.2658967245044627
5162,0.02755588061561267,0.39715747158166687,0.17024624088623402
5163,0.023745986009759093,0.32112505213717796,0.1375528102359474
5164,0.02813712267231939,0.43561430326700634,0.1317068559126494
5165,0.025641259637214153,0.375853249076987,0.2136115317021279
5166,0.022617731755215253,0.32273616861086557,0.11665623238876846
5167,0.022274799101249042,0.30722779527538,0.25111627333197345
5168,0.02745780115480982,0.4332792010791946,0.3164131871059227
5169,0.023705508202876414,0.3488680049897714,0.08801724182658507
5170,0.02629568506966897,0.4277046742519605,0.29081686466332085
5171,0.024557709889004395,0.3686294026433145,0.12413570711654505
5172,0.02510049587925851,0.38091020555093386,0.31686523523642024
5173,0.02698972739740886,0.4262351386492651,0.23651731636123277
5174,0.022635687257190375,0.3163847070557489,0.2626212313475566
5175,0.02713134276050044,0.42418672332430174,0.2273712058170242
5176,0.024693992006001576,0.3593565631002363,0.15733871236210162
5177,0.02266977422989369,0.31647217725046456,0.24345048816626716
5178,0.023229900552735484,0.3557217373136429,0.2899748263538609
5179,0.022396466472232174,0.3072379151637489,0.19119144583796546
5180,0.025407038058237453,0.39416691290653283,0.3212903566848133
5181,0.027250263969444386,0.43676751565615435,0.15501879713706684
5182,0.022556451180818417,0.3254845485471485,0.21278324161494577
5183,0.024121251654961217,0.36532351830746695,0.34001643289078515
5184,0.027475142258007946,0.39685882953447593,0.17915810584734096
5185,0.0280789630213269,0.39592738181811515,0.23511194196065288
5186,0.025773656776930002,0.35000983221495896,0.15697554582883758
5187,0.03178196693003819,0.47920226107681463,0.20234201627059986
5188,0.022533496117165843,0.3152709477112732,0.1353781500038732
5189,0.027366633703392235,0.42340227488400733,0.33545199278118304
5190,0.025944230894878233,0.38541852047862696,0.11708823220999576
5191,0.0248679413728186,0.38211590821311275,0.10310000559734388
5192,0.024230623060685356,0.3486702431068989,0.3525438906739759
5193,0.030327674508151613,0.4742488710792932,0.2519638232375308
5194,0.023963193841487564,0.3409894772375501,0.08778275009908652
5195,0.02961634363832892,0.47819010254071465,0.16828258205806296
5196,0.023609126871496987,0.329773666028439,0.10333747594670029
5197,0.02416518404223049,0.33337438624816756,0.3159470819428425
5198,0.02465631985468104,0.35989665944790283,0.19811971273183382
5199,0.023346299110736084,0.32413429360753454,0.1387535187230658
5200,0.023692422042231685,0.32994981117656863,0.3163846601135623
5201,0.03189144802858182,0.5119240484400408,0.2849131630186565
5202,0.02228527721608131,0.3025002597271056,0.13845122229994508
5203,0.027030575312366453,0.39889821057662644,0.29383823884232585
5204,0.02485007747358539,0.3543795631557363,0.13465025772549502
5205,0.030412634273428475,0.47620468118713466,0.1807426672848366
5206,0.022313308356789695,0.30454546103698155,0.13900358251743253
5207,0.025902482011570225,0.38257494184831875,0.26693274412440526
5208,0.023273515552583526,0.3351259070827556,0.10397871479920598
5209,0.026285390139399446,0.4077800746755779,0.17184531647930443
5210,0.022481593579357473,0.31473249899334504,0.12673515063148055
5211,0.028387114115757364,0.43568995899600604,0.38389639773572043
5212,0.0238401905691357,0.3375678207962279,0.218606777139012
5213,0.024085452170316456,0.357750011868794,0.2678517800036729
5214,0.0254688941616682,0.3932679229146745,0.2563887314990681
5215,0.023103030862550476,0.35111458816513313,0.13420312150203442
5216,0.0269456809287312,0.44533335342688085,0.25731711851182687
5217,0.022848449130838343,0.3498005371470072,0.24927074446767924
5218,0.024527907042089705,0.3555331687181639,0.15764582083427844
5219,0.02536434696297812,0.3776696559869024,0.09155985079935769
5220,0.02305000214171344,0.3402067501812864,0.12622883593390866
5221,0.026677864229946145,0.4164747360945377,0.2287559075767711
5222,0.024111500261762148,0.3754404354330432,0.14488364810233795
5223,0.02236270078401875,0.3112371512171215,0.26683957820671417
5224,0.022438734741996456,0.3040104008073784,0.40328049669439725
5225,0.030447232616170553,0.4681915015780337,0.2418334883806048
5226,0.02248736732421308,0.31510458106166445,0.09829207449298451
5227,0.025113589704411406,0.389722689399105,0.08904335892616487
5228,0.025079830362979578,0.39971905691742005,0.13873525124145508
5229,0.024710648482180717,0.3526050915440175,0.14100875576624475
5230,0.02234241019781681,0.3256635463662998,0.093752908798569
5231,0.02352338142767816,0.35784978919991184,0.1668660049474329
5232,0.022926587590425908,0.34220830320838513,0.17701072607372303
5233,0.025815431317342454,0.40666104910414497,0.16294271845993055
5234,0.02372691285261726,0.35392420163265637,0.2515872090357709
5235,0.025591203846104405,0.3752740917148552,0.10317319654133346
5236,0.029815938926816398,0.48022918015915395,0.18973041386825962
5237,0.023524515716376294,0.3475528709771822,0.1355624308041132
5238,0.02800381627089384,0.42760011478108584,0.17797058523208373
5239,0.02530037812441422,0.37926331030193955,0.1622692821139858
5240,0.023246071786470337,0.32910515545426616,0.14216159184634267
5241,0.030387832625445452,0.4743984412567994,0.15632795126997936
5242,0.02621900861740859,0.35797157192876944,0.20751252877836196
5243,0.026413527835776534,0.38921432599117933,0.30086373613574063
5244,0.02540200552836031,0.3804667735381422,0.23774237081260507
5245,0.025156825873153172,0.3841474825658253,0.2315462566783198
5246,0.022777122280621665,0.31288531184995627,0.046722338453677674
5247,0.02538135929100147,0.3678915780003677,0.1207631895809148
5248,0.02432005947188618,0.34751147423699874,0.40969523754915355
5249,0.025916776574445622,0.39184081236506946,0.1997579322407422
5250,0.023916884560749484,0.36190480928910346,0.19077174991179446
5251,0.02553597357262433,0.3903615205192156,0.26687146479591495
5252,0.02371320206422441,0.3537610530601299,0.13445788122959873
5253,0.028742660912410966,0.45378566490369704,0.2105237361853197
5254,0.023393097029004363,0.3521479584675555,0.17274759043906254
5255,0.021648344775674774,0.30426316813954035,0.16446161337761553
5256,0.0274879504260472,0.4402666958880698,0.4456509153565445
5257,0.024413994463644426,0.3484073793957028,0.09342001140080711
5258,0.02304403530165961,0.33706063597351316,0.12647304832034634
5259,0.02471537744808438,0.3908942355445315,0.14685628227410724
5260,0.022374871904977608,0.3218858612398494,0.277588492644349
5261,0.02332586711164254,0.33920968513291394,0.13738875831378194
5262,0.024578256123779587,0.36603892294699636,0.3545574546827085
5263,0.022660811161475253,0.33611191814883135,0.10323800422759727
5264,0.02382413042288235,0.34518975096322435,0.42552673658779927
5265,0.0225965956189411,0.31710240851025573,0.35382005585380455
5266,0.022979901287551455,0.34415240102561395,0.20052451404871668
5267,0.024524141402303534,0.37395918906357745,0.2322855182467057
5268,0.027276095954615876,0.42253637995317694,0.1615675180801966
5269,0.02493104310167439,0.35982387430365975,0.2102664708313376
5270,0.0249550399410438,0.3521960207421489,0.009782876132991053
5271,0.02532511998902415,0.37499490355404047,0.27315516979828713
5272,0.025280336416387023,0.3446266110962531,0.46013406980264476
5273,0.0265365991228984,0.39828409256416974,0.27701434416227816
5274,0.02607721332632489,0.3819199303304067,0.15676159069470022
5275,0.026232363882429895,0.3838161189499731,0.20492359304976443
5276,0.02300233804144636,0.3295426715224447,0.1547848622801628
5277,0.029580763082585216,0.48088484547724386,0.2952498218651611
5278,0.02271168528030501,0.3178336880050586,0.21472147929458368
5279,0.025975495180283765,0.4028320832927111,0.2558000680737684
5280,0.023916368398924213,0.3608702635553078,0.12822769444318036
5281,0.025599696861349375,0.36095677438957646,0.2890086868049834
5282,0.02873838090973838,0.3789635656599848,0.21441447273180964
5283,0.0295051291602857,0.41711647904837423,0.3526130104039229
5284,0.027110969785934913,0.3887117898208717,0.1644123312317603
5285,0.026026956228354055,0.3476591263103436,0.12191546908349389
5286,0.02763635935062448,0.37329458051484987,0.2670818272341139
5287,0.028654627767689345,0.3773511116920194,0.07479426633420129
5288,0.029203625313514,0.4053323837409371,0.24038264398841358
5289,0.02403710064496231,0.32023960336251156,0.10864934620681184
5290,0.027932518959438112,0.4315904128518227,0.19851714130653472
5291,0.026228790913283055,0.3909885336663409,0.10116505897695832
5292,0.02464747600028533,0.35912039236446225,0.13979934344266284
5293,0.025533526096965437,0.3808295890517311,0.19526524218886648
5294,0.02584393769581404,0.3940613203606937,0.17229564391693666
5295,0.0238849154416869,0.35144585178321364,0.1056887222186978
5296,0.027678536347747633,0.4243170536601404,0.3531425168610201
5297,0.025583895781615042,0.3758231435749662,0.10294840961081517
5298,0.026951747047555537,0.40219541271163733,0.2553232899906105
5299,0.025592525336532806,0.3801379447086215,0.2353404031331749
5300,0.026596982800986813,0.39373770886881887,0.3199230581446067
5301,0.024069269051843145,0.34790868806986974,0.21919180679340208
5302,0.02774362101295479,0.42198365663647275,0.19671358541872108
5303,0.02253512234247267,0.3188370096200057,0.1130350898922969
5304,0.026636698217782914,0.4100541581790083,0.4430606096143906
5305,0.02347716049039398,0.3389020299681293,0.20525371922025426
5306,0.023142695431150658,0.31540123007596216,0.19892958690822848
5307,0.03064523649005102,0.4643494736913452,0.18348877282899578
5308,0.02570545685945446,0.3713062354143674,0.06877604128776216
5309,0.023213201995506114,0.3104599759464716,0.30241655508228626
5310,0.02545647961973773,0.33479846003956054,0.30522216207086833
5311,0.030489808921693333,0.46259168497045283,0.24231808438637223
5312,0.024979708125175294,0.3459724944907059,0.23716254196761152
5313,0.0299971533375485,0.47068830475792833,0.21099288882416029
5314,0.025367752982709185,0.34651736314951215,0.143793965267622
5315,0.024897901068372866,0.33145895705863526,0.3299840314603666
5316,0.028257172327387954,0.406733671186769,0.20477253339925813
5317,0.02618527548652576,0.3483923404120393,0.18026994465414606
5318,0.028616969778880334,0.43299496049928043,0.18474673296811334
5319,0.02560789714253261,0.36694080327518375,0.11992334220549672
5320,0.02637518410785281,0.3992245944862959,0.13368133642704397
5321,0.023918483333553738,0.3523554746594143,0.1851327267749054
5322,0.02479980154856566,0.35932776013322376,0.2831358771764588
5323,0.02625327965338489,0.3649035974295366,0.09127732674038137
5324,0.023964985701129447,0.3462613161160623,0.09073748068222573
5325,0.024930647595997796,0.3358257044237662,0.32047354551097096
5326,0.027612528826578095,0.42053298788140775,0.16908881142371496
5327,0.024521729150726097,0.3483924406913634,0.11804903711118946
5328,0.0288529831116745,0.45305580898095266,0.1055357394174025
5329,0.02427021345170188,0.3442344443991614,0.13291852326949083
5330,0.02413692260285834,0.35171760792923856,0.247962743063408
5331,0.02506599085328266,0.3784573996298621,0.17175233355974215
5332,0.023977885988062858,0.3426461124363745,0.13857962488501405
5333,0.028603012954519134,0.42880071897179883,0.2097230896004003
5334,0.02381018579050694,0.3207907141372281,0.043203200748431696
5335,0.025593803128035147,0.38280893730242366,0.12174977381318967
5336,0.02732643146284728,0.422364947651019,0.1678923045958214
5337,0.02630116227502276,0.38310585586086343,0.2668464796922139
5338,0.02738936119669635,0.4133578859503834,0.18228272022806394
5339,0.024091728737667954,0.34436853807908835,0.11359041153009995
5340,0.025942580104280483,0.40338799238627454,0.24144240157417787
5341,0.023359499567429224,0.3521195784677839,0.21189929985142336
5342,0.025695398459459638,0.3994545909534992,0.22232444719500755
5343,0.02279560778189185,0.33326762845380375,0.21223951922762785
5344,0.022890176264683336,0.33487866667847405,0.2438844109648419
5345,0.02393975570594785,0.3339040492543847,0.17178432826375672
5346,0.023734424186547698,0.35316974966586484,0.18355428421005965
5347,0.026060405921266475,0.40659602513773874,0.27326244592122617
5348,0.023437101348563597,0.34226993070676315,0.22711716791638548
5349,0.024614038029975253,0.36719624017832214,0.1289392258634265
5350,0.025580223496607,0.3854491386944824,0.23575217199514897
5351,0.028848755992444935,0.4333885027794432,0.15439643264012096
5352,0.02491309276100567,0.38916477751105255,0.10258871319036487
5353,0.02268668421421212,0.3082037833189067,0.08550413563388559
5354,0.026127394469328078,0.34817249157937263,0.3256671137280385
5355,0.028102890599619686,0.43020951775556976,0.22161412924779875
5356,0.02446939220536643,0.3356769361927888,0.13648816331617883
5357,0.025673915231390447,0.3276173407177352,0.2345070123212704
5358,0.02298416538725805,0.32922979003930364,0.09825006680598895
5359,0.02532525052805718,0.39292689507713996,0.23771083437488993
5360,0.024919202981751213,0.36176026787534044,0.1697740797422266
5361,0.02392031187856127,0.3467664326588642,0.12990100441964103
5362,0.026672519952688326,0.4000492077438001,0.0967634755433847
5363,0.02536423212156048,0.3629733186034135,0.14567557112646795
5364,0.027678356037260824,0.43650924813644887,0.17111604372740946
5365,0.025173422432894763,0.37328819076883063,0.14352627339637541
5366,0.02658242718771025,0.40586129121476267,0.24565883285875748
5367,0.026067560962143316,0.36324516513937466,0.20303902332894178
5368,0.027979861472614394,0.40761664654288465,0.22966836296850104
5369,0.02775286159343198,0.4083167361897331,0.19899652907645135
5370,0.023737798178984026,0.33411166976319706,0.11243930321158958
5371,0.027784313229286223,0.4495097949874674,0.1634107304716968
5372,0.02404837229984467,0.3515316723355282,0.13885655529171514
5373,0.02743675548004269,0.4295558254549011,0.15709330699192733
5374,0.023940716391328814,0.33843823075231444,0.13966836386531897
5375,0.02415054443354114,0.3693161904339119,0.10515216329050085
5376,0.02443018767334815,0.3788019027148854,0.20443108574213975
5377,0.02529529751217238,0.3957065468288085,0.1671332577342361
5378,0.025866624942054068,0.4032755260649972,0.19394690106168613
5379,0.023846573733153832,0.35994004103382027,0.15629999150507717
5380,0.024332537223300754,0.33828188857618874,0.26073772209351365
5381,0.02392818426055428,0.3325829168207161,0.10384481760403655
5382,0.029885994685928226,0.460747138370635,0.2478786857827079
5383,0.02406504020729827,0.3458331112351899,0.1820379051130779
5384,0.029882442792487137,0.4673954013933943,0.34278525600113086
5385,0.023721113200268852,0.3294715843516474,0.09227889205092138
5386,0.028954372895764503,0.4529932566278336,0.5576798298274115
5387,0.024680565805546024,0.35939000316219233,0.11600397198590912
5388,0.026459870912824382,0.3864150419446006,0.32288348177044934
5389,0.024168042971139565,0.35139393360355053,0.18252405391947418
5390,0.025813399955422506,0.3802936209323497,0.29775645116941596
5391,0.023681567199307706,0.3086573786273412,0.17543364541897802
5392,0.02501041403370903,0.34839832486663097,0.2074077137579957
5393,0.026402295538438085,0.3714749299555208,0.14276303541262148
5394,0.024620465555584815,0.34476515445378486,0.09839940393777369
5395,0.026386086365011645,0.3972972031252354,0.18864020198386908
5396,0.022941995530028354,0.32454291360240356,0.10278264430677057
5397,0.024590858735881807,0.3562585743305896,0.14116928751742172
5398,0.028374008701812708,0.40387692383254375,0.2628336031054355
5399,0.027879396485695155,0.4197360338561577,0.16502646814318395
5400,0.02280210638449174,0.3139826654752746,0.14601991130052205
5401,0.02594174694286413,0.3458910457456472,0.26642961459461034
5402,0.026811451763347358,0.3736493503971885,0.1941295155167332
5403,0.02595670223874611,0.3539795477155054,0.11198867812379172
5404,0.02657881947640383,0.38136792909855743,0.32007798939933924
5405,0.022337523575381428,0.3060989003430529,0.14240287798569912
5406,0.026363499284037552,0.37158263038739275,0.3384638445869701
5407,0.025503268533234303,0.370960735386053,0.1741462048137971
5408,0.02526368809089751,0.3704540589445747,0.18011475691467282
5409,0.02751136945586518,0.41324448265762126,0.32559955405060725
5410,0.026422529519770095,0.3956812371902131,0.13909867455287203
5411,0.02633328183537727,0.3900182472845325,0.21980564108051953
5412,0.02427633462918701,0.3444306227119166,0.12231358694994049
5413,0.02707241465908279,0.4150673845390117,0.2477364059912881
5414,0.024670922243792238,0.36871228805933876,0.14456643283509588
5415,0.02504560759596041,0.35216573480797997,0.36361562223373417
5416,0.02511441624823862,0.36033948327304294,0.16647935392983712
5417,0.02788299088980093,0.42442394910672876,0.2235277511247432
5418,0.025272220688468787,0.3627992713838095,0.19389759769918563
5419,0.02214857130717312,0.31194322423270326,0.046235520955862655
5420,0.02352566853809055,0.3314689931934165,0.3284800263110986
5421,0.025980867572573056,0.3947410549746523,0.2322154570511107
5422,0.023912455652748358,0.3449370800850905,0.2781908627231774
5423,0.02736607417922701,0.42662344926892715,0.19387893546611779
5424,0.02351545634280298,0.32940215574183185,0.09491445888549166
5425,0.024227059430648182,0.34795132231002396,0.14056946672958034
5426,0.023596109373082836,0.33303948140923645,0.13513009883979882
5427,0.02390904715005759,0.3431702768995932,0.1598437698007721
5428,0.02382036482581525,0.30729365956914173,0.39144116496268766
5429,0.024992433676424074,0.3390609756283164,0.11720088219664294
5430,0.031232686600851534,0.4868968268525671,0.3519480386270277
5431,0.02669312181570923,0.3461432070730531,0.0993686960512964
5432,0.030353357565492196,0.4391164797538428,0.12364801868825703
5433,0.02873289393525311,0.3900480656069919,0.2832006445117354
5434,0.03044930136924885,0.45136522955466957,0.1968279150598783
5435,0.02774927957250573,0.39959631644609134,0.16749885603606218
5436,0.02834030447229205,0.42620094997984326,0.2347052318308909
5437,0.026969402906596773,0.3774082214099015,0.08712548246946884
5438,0.02615216035081381,0.3503519122797339,0.20307444765358432
5439,0.02646042706212262,0.363130119455178,0.5562934422801475
5440,0.026225642638020994,0.3593840829838168,0.11988001236355703
5441,0.025750695367215252,0.34113414265314457,0.15045813898459898
5442,0.025700937198167573,0.3589562312039504,0.15247830690153025
5443,0.025846922498679467,0.35104209239275885,0.0789765119778939
5444,0.025126012144719517,0.3508458342743745,0.12812805652514192
5445,0.026220127588497677,0.3567581434347913,0.34905327524841717
5446,0.033210223984669794,0.5249422723437508,0.28171514686000204
5447,0.025094555874903276,0.332311366839826,0.1922081264525171
5448,0.02827021408770063,0.4342378629789202,0.3425771555646709
5449,0.02686002349672232,0.40118557416064965,0.19643731372347692
5450,0.024973265192659983,0.3668867567396838,0.1927339361307103
5451,0.029032418781795005,0.4274769304254159,0.14167766380337654
5452,0.02654324990273031,0.35983195697744813,0.2017822187664631
5453,0.02910094128025209,0.4273856313964789,0.22058262400715578
5454,0.026293093119307637,0.36119549770300785,0.2122381231617371
5455,0.026289825559148758,0.3808150767710397,0.06665831921330223
5456,0.02502619234719881,0.3726563222362662,0.14159861637008161
5457,0.023818696587471135,0.33531441086510744,0.11745592639261895
5458,0.024400947866656635,0.35973589943597317,0.11232336138550582
5459,0.02295405036179538,0.323743498655599,0.15451756595877436
5460,0.024574734458074773,0.3679419896774632,0.16801177473997692
5461,0.02342717146083271,0.34716148397203217,0.15756175071599918
5462,0.026072582169282515,0.41251386326655065,0.21639364638431038
5463,0.02485335034778432,0.3852246243577896,0.21883305621442464
5464,0.02448583077811145,0.36760217245233384,0.21000087787024074
5465,0.025762419663610522,0.37747095377620243,0.23479082297085926
5466,0.02394169403038534,0.3425436118375052,0.19543847307303672
5467,0.02832434071305201,0.4447417124564716,0.27826083678652097
5468,0.024604821082337292,0.36096046521250325,0.08724493071465367
5469,0.027527016631945084,0.42945782089885365,0.21736560017919468
5470,0.0247480251982733,0.34356154821127627,0.1737217579744734
5471,0.02388746851911629,0.3375947840593249,0.1291720389691973
5472,0.025375261012787427,0.3566829941275666,0.2746439010416022
5473,0.026365021256892992,0.36284953523317287,0.2583788587955792
5474,0.026473625993619486,0.37270506114908725,0.23674350521295087
5475,0.026418796040381498,0.39582794318395564,0.21913455486941413
5476,0.022769580749827316,0.3107281542882143,0.2100148236738543
5477,0.027531825330663156,0.38525751232504213,0.29082047994685445
5478,0.027326576809651833,0.37667562912683356,0.2565603160735065
5479,0.025691655511246303,0.3462916171995967,0.10867594918344002
5480,0.023590838568341554,0.3199079344376458,0.12843335284661764
5481,0.02723140833104118,0.41350915181296993,0.22929789083030908
5482,0.023145297809506797,0.30718953726511844,0.18138256691267607
5483,0.029014127127931204,0.4332635633917862,0.34229619398647554
5484,0.02426612336797841,0.3585273027077919,0.12957700755437568
5485,0.024997461443886433,0.367956238837475,0.2486756638032724
5486,0.02627753463245791,0.4092220459319576,0.15730777591440004
5487,0.024415268173529688,0.37417698546573525,0.10786758061110581
5488,0.026238385421191272,0.40320036985692503,0.09648305024333666
5489,0.02651988207827696,0.39231327280154127,0.17493585534452624
5490,0.025256793377829857,0.36918559926006617,0.189846428754647
5491,0.02194572704501497,0.315006524253597,0.10744083315572575
5492,0.026390265591436392,0.397246757392663,0.228277363731919
5493,0.02416017498255126,0.3669990550140555,0.18156110608366247
5494,0.02689287951513881,0.4255543137037809,0.24966973569755962
5495,0.024826382827995694,0.3811812847639351,0.15458317217623213
5496,0.024189062656657892,0.3691082429067883,0.1518659790216877
5497,0.02367351858446474,0.34561507301543104,0.43607492330209213
5498,0.026355124491518854,0.39593805285946304,0.126689843142049
5499,0.025662001192935994,0.39478546679573395,0.15413513328473985
5500,0.02534334408365018,0.3957629867916681,0.14384184790696947
5501,0.02333565981326174,0.3284180319412398,0.07089505245623874
5502,0.026680425437324733,0.3954694247955496,0.17803346086335672
5503,0.025101846215331333,0.36934904126745205,0.19164861377333667
5504,0.02559125428328396,0.38144845771189123,0.22468031541889572
5505,0.02497344813340178,0.373766408915449,0.09352583845150851
5506,0.025488120134386102,0.3945388431694755,0.1996047210678573
5507,0.025592442461378012,0.377537164525689,0.1820387663886824
5508,0.02703696944364829,0.41978821356577045,0.2329702700515157
5509,0.025549118831115346,0.3856108302153414,0.14299915462695048
5510,0.025847437592698565,0.3342989730933996,0.23305116594031539
5511,0.024245182150393157,0.34356044517520506,0.27323105216311744
5512,0.02399944832580037,0.34525160555487255,0.1124139350424992
5513,0.02326703957785329,0.3416834527443933,0.1511403240806189
5514,0.023479745192428122,0.3482866053619027,0.15569516897204552
5515,0.02560060098642765,0.34134740554554266,0.09578187975822143
5516,0.025582300719680866,0.34504203118884147,0.258771948278594
5517,0.026638879772182208,0.37450215585668006,0.36588649507237997
5518,0.026409189158475083,0.3798043230677745,0.24623418661753535
5519,0.022852109410825966,0.31523612932980144,0.12781152472931087
5520,0.030547054002348223,0.5074203968761604,0.28757723994138984
5521,0.021479571038408394,0.3035111836905847,0.13075150513479808
5522,0.023362321654829578,0.3386969712649906,0.1717039926469716
5523,0.024109941216035817,0.3607873051629517,0.16602784487038957
5524,0.027274797573459318,0.4359773912756207,0.2119724332127624
5525,0.024392948929883106,0.36225979716871715,0.15982407464467396
5526,0.02513387877404454,0.3582058160728044,0.2340025917687603
5527,0.03105126674514826,0.5000865491013758,0.20212708379554598
5528,0.022421160076215113,0.30929794602155586,0.11534824916248256
5529,0.02640757768482516,0.3932584422780373,0.33851634764490673
5530,0.025391499632948577,0.3745805525743774,0.1565235677216177
5531,0.02599776831045766,0.333122471029604,0.3650650093145234
5532,0.026043225642705493,0.380326165917543,0.1283299784561929
5533,0.023270229092190352,0.316422202404167,0.17372984177255207
5534,0.027655358153316493,0.44072339194624177,0.327883168675523
5535,0.023596009816659925,0.34141090311276545,0.11217706371744571
5536,0.022717061341302393,0.31921698761641987,0.12443833735060952
5537,0.024175119448624854,0.32569004664781304,0.3677783622353758
5538,0.02649546032485364,0.4026738105616191,0.3449253523082792
5539,0.024460829299729692,0.3506488609504472,0.1421018504446109
5540,0.026645583707901068,0.4145939312569216,0.1911690288839086
5541,0.02338849541807246,0.3511094919163698,0.09326540094185579
5542,0.027754877319092847,0.45224092531876153,0.2060130973350686
5543,0.022318002759435174,0.3192378492698874,0.13490049810263025
5544,0.023286273406619,0.32430746662527454,0.2209475896310013
5545,0.025348238867901506,0.35146523020233755,0.38261705837600113
5546,0.025337774326708664,0.3215052750203055,0.13536114877500044
5547,0.034158367108948186,0.5088465731316841,0.2749556836801102
5548,0.023350113212282104,0.31976245446263146,0.1011764539910737
5549,0.025338892197730348,0.3477909444747487,0.19978401785309843
5550,0.026724844169373464,0.3874924374390464,0.2512559638973675
5551,0.0283671037125336,0.40892361611038835,0.31469079306101844
5552,0.02557400896919171,0.3424287050448101,0.17822178777366562
5553,0.02419993562501608,0.336722591554768,0.13755140881957267
5554,0.032460197565434244,0.5329880050715334,0.2546683651009506
5555,0.022694015392077622,0.3021444714566205,0.13666781950360968
5556,0.026524502584836646,0.3545567557450332,0.25783585899981654
5557,0.027618323950212537,0.35238535913557234,0.2431381522478298
5558,0.03179094617296669,0.44149378218309404,0.34452775266545155
5559,0.025694674937309432,0.3320962018325325,0.15589599995038952
5560,0.023776549368754486,0.3371286165649319,0.18280571251543326
5561,0.027973395295724637,0.4393852839552784,0.23148609255438454
5562,0.023578174331287425,0.33232923843734025,0.1567721340494282
5563,0.02532822455156646,0.3609244938181585,0.19920412263114298
5564,0.02671852160569034,0.37728996177567004,0.09316285258775958
5565,0.027841011931609757,0.4061840257337784,0.20520420358500824
5566,0.024836488876680995,0.34226990125734336,0.13159400055394616
5567,0.0327770332192811,0.5149627785253365,0.20294726486804224
5568,0.023649346967122724,0.32301398301786927,0.15311331176379256
5569,0.025688151786327783,0.3666780490670254,0.24758224426664538
5570,0.026595739044715547,0.4008355142302039,0.26307018147544003
5571,0.023213005682944116,0.3285285534175881,0.17186064003140156
5572,0.030285910952289715,0.48613212004453754,0.19371847786102456
5573,0.02350396761463928,0.3411669078991065,0.12946103147174282
5574,0.025196135887536133,0.38962627089689916,0.1978730400690141
5575,0.024725054568956985,0.37574343023149465,0.21228192406490878
5576,0.025185767126600134,0.3872404372313602,0.264770295538755
5577,0.024789460494414238,0.36636657544167606,0.22248593773253236
5578,0.02362837651372363,0.32381228059890055,0.5301293623384826
5579,0.02908324320781611,0.4554925639106645,0.2803439097680609
5580,0.023841286431824274,0.3132849564837981,0.22541340104538446
5581,0.028959773485069326,0.4460229761626007,0.33579402595009944
5582,0.022936228519902815,0.31977525431025194,0.22033042509324685
5583,0.023577946688869502,0.3153886847446535,0.15249928770517565
5584,0.02972754817886669,0.47531805756930906,0.22674045258146208
5585,0.023376702624305298,0.3426473014882529,0.1151645377070672
5586,0.02588688482737347,0.3823909526535323,0.410303442550395
5587,0.0239292690474551,0.3544547679298377,0.16318682355080083
5588,0.0269099485819973,0.4193690852658111,0.1595175136716222
5589,0.025455859598261344,0.3836844990471097,0.2185439167668757
5590,0.023805375510469417,0.3266956820259365,0.38449140697566414
5591,0.02336579408410205,0.33180478325252405,0.25019460780442837
5592,0.02503609529401069,0.38034017478430054,0.2062067297933731
5593,0.02495318673823873,0.36329997064347325,0.1787339651768254
5594,0.027026741986092652,0.4264254680716437,0.22399989902054676
5595,0.023256692609194614,0.3323462461964627,0.10390642098719662
5596,0.024615757362424967,0.3183223838579922,0.34379606584614325
5597,0.027594963449053184,0.35704708545155694,0.2209077817956954
5598,0.030078927231456255,0.431621431442063,0.28187646513306397
5599,0.027605513212301022,0.38434459460816905,0.1864241587766627
5600,0.02860218327396871,0.411793196915128,0.15254423703972367
5601,0.024382756625074067,0.33448245571106755,0.11098704291763672
5602,0.030834665266719522,0.4793911669471417,0.18778703622004037
5603,0.022350773285446945,0.31481354868044015,0.0834484586933382
5604,0.02773311897354879,0.4426451085821387,0.12724695989718476
5605,0.023113212893060276,0.32359795486401494,0.11447246688733531
5606,0.025309366331574015,0.3676278185261149,0.27705477708611226
5607,0.024861966912202018,0.32105909550649786,0.3091779446561985
5608,0.024353908606234948,0.32832687393456,0.11751434714552113
5609,0.02327947890898239,0.318138795411614,0.3466147019106526
5610,0.026215776010671616,0.39173614026834264,0.32215977689632697
5611,0.026022316497211782,0.3895079414363571,0.13840839326789267
5612,0.023013275508414473,0.30460147644496627,0.45414983022372674
5613,0.029818719892650655,0.47450971003714126,0.2635898297600465
5614,0.023108382608953836,0.3208328540984332,0.02757120789004107
5615,0.02514318458290582,0.3630847306895671,0.13531499593506763
5616,0.022248167259598245,0.3064852097201489,0.06895513687356229
5617,0.027070058170317792,0.42414486071807617,0.2329881312395167
5618,0.024656058938675215,0.3696210027139221,0.17303019576169837
5619,0.02551194629761728,0.38601663564720845,0.23491640659131868
5620,0.025102630371513238,0.3470760966469197,0.11056601352732816
5621,0.025718768349625196,0.3477203517084329,0.1427859672641903
5622,0.030405231247673505,0.4560266098576814,0.5186155723076707
5623,0.024397724766453847,0.33965549791430344,0.03859383755197489
5624,0.022909338122366993,0.31190410541028135,0.4756744641641115
5625,0.026980330115276483,0.3984133442207851,0.32391325541533056
5626,0.0246361332962631,0.3677485106574691,0.15656876038255532
5627,0.02278398283533826,0.3144401746584728,0.2907580226498176
5628,0.026940047028473604,0.3862601836326435,0.17882910008413985
5629,0.025804505317949603,0.3445021559394189,0.21405029025147398
5630,0.027782354808977297,0.4188315142063128,0.298845372316195
5631,0.026289631766524272,0.38816704139339087,0.24296542866492626
5632,0.027691296596628827,0.4342116300552643,0.1162558113699144
5633,0.02407916169602317,0.33429858383351185,0.12578386208294295
5634,0.02494079931861412,0.3478813106281385,0.3391132606188882
5635,0.02388763492917423,0.3420978637143136,0.15839733163131722
5636,0.026317081096708172,0.3901752278581856,0.2805383993315184
5637,0.02464478917777068,0.36377871409414425,0.1597156572371454
5638,0.025267040047091224,0.35554761925849504,0.18729499147028655
5639,0.025394688739592424,0.348269596268528,0.44236062086276884
5640,0.026509156260499097,0.38363535327058634,0.21643225876083105
5641,0.025815983270836968,0.36222862731421435,0.2814906218144521
5642,0.02658885400427042,0.388335694323832,0.17004141836871034
5643,0.02730346472500977,0.4054694332989507,0.1460487261257809
5644,0.025959787351157306,0.3875057191245118,0.22843012773410148
5645,0.025129867274069052,0.37421522151175823,0.1867815336549958
5646,0.023101199194678353,0.32827021502438003,0.1835258572552795
5647,0.025710446964182437,0.39551343166634095,0.46101942422733294
5648,0.02389097749121397,0.3303348291202142,0.2560990899495782
5649,0.025022196776850015,0.3941179960422582,0.22229265637274068
5650,0.024460554962241598,0.3901376054388488,0.14966933924936054
5651,0.023796070565095313,0.3582754269405886,0.1832796387733998
5652,0.026041666715902415,0.4168923385492108,0.17768289376457777
5653,0.023883699514916767,0.36157336973262205,0.21918746213921866
5654,0.025364661138073633,0.3834573664096192,0.18715905979923853
5655,0.023084745512954277,0.34104747791369283,0.1134132521275429
5656,0.025153186552837374,0.3891396313217247,0.23236531299912
5657,0.026536384134636666,0.39058815021001797,0.13001725078506138
5658,0.02255235852168167,0.33081747501980646,0.05122760705303469
5659,0.025615298321084393,0.4040410968013453,0.3483497559727342
5660,0.023632657438458472,0.33410255397345345,0.18435565269217058
5661,0.025459167994208543,0.3732922340003149,0.2405274299985344
5662,0.028021267981621755,0.43716172061017916,0.15316601475607655
5663,0.026605398439737898,0.383758081587309,0.17379411881431664
5664,0.02415691058240478,0.33501227601870076,0.2067568129957256
5665,0.0299796333409028,0.48354562940033563,0.18120207341817474
5666,0.023934944993776207,0.34006011158869254,0.17935926430226407
5667,0.023251761634382206,0.3099225278395121,0.3187491187764445
5668,0.024544525079760793,0.3537013036294309,0.3786916409760492
5669,0.024020756213964774,0.3532090288130895,0.22185711117090812
5670,0.023794829524104763,0.32679004898845104,0.2526472778771193
5671,0.025540454746678414,0.38683626095405554,0.15367732706502454
5672,0.025051727619980233,0.37656880067504356,0.3191290260491016
5673,0.027784170113081135,0.4009108029614534,0.10884837900243172
5674,0.02586551346127222,0.3746498896964878,0.1319532770807719
5675,0.027123764609441773,0.41690945835669213,0.1521535620421258
5676,0.02486519635757133,0.353255592655573,0.14344337776131605
5677,0.02902020181285754,0.43561248005419584,0.1593363370735845
5678,0.02426604383193191,0.3350329632807772,0.14450202002163892
5679,0.02987235015162797,0.44147972526040025,0.30916068422429094
5680,0.025445589113944088,0.3411799553225608,0.1771810172331724
5681,0.028006851023946903,0.40333514020647804,0.24532339260671251
5682,0.023083072457121292,0.3374908488096471,0.051879984196481
5683,0.02302222313643714,0.3375833757758949,0.3978886213226613
5684,0.02597304610465891,0.36696690832064716,0.1372940201341404
5685,0.02783488105532216,0.37911887725404503,0.04426904774016593
5686,0.022821077662064884,0.33567510224066693,0.058844575750271445
5687,0.02603111033901156,0.40149886912658966,0.24264333085308737
5688,0.024108149116473434,0.34800185784927745,0.2669998967640136
5689,0.023198609382813946,0.3219443758576289,0.11582912925029082
5690,0.02527141631538516,0.3619474935049433,0.2126043417603705
5691,0.02565514661163777,0.37169536421753063,0.30883958894884916
5692,0.023518089355213788,0.3258166144846191,0.2942028711215995
5693,0.026516201880694232,0.41221779419200366,0.19924890627521907
5694,0.02607487089544175,0.3966969598841371,0.12503434381636613
5695,0.025468716387288818,0.39135663932846537,0.12800881413427523
5696,0.0238487335422386,0.3394672543893515,0.1535187333294387
5697,0.02747182125979536,0.4405839914207183,0.20157358926347793
5698,0.025657811924770305,0.3867003019245241,0.1773909438711586
5699,0.02462067141906769,0.37099472520400545,0.11294930006553244
5700,0.02250867265093241,0.3242191367190343,0.13364300369242338
5701,0.023087920945292304,0.319366548031605,0.3992826198273115
5702,0.023913535171559534,0.32714396880791313,0.32712152500960795
5703,0.028552849061847806,0.4368088268595148,0.4210792190682571
5704,0.024741475917304127,0.348246316129359,0.2065764332747535
5705,0.027610762460588557,0.38209908564072487,0.2689281213595856
5706,0.02662227668192425,0.3837171802664694,0.09985373525123695
5707,0.02451970271126762,0.3607703169676916,0.32544757885880127
5708,0.02697535002688657,0.42842022019073195,0.19933209453535175
5709,0.021131414926911316,0.29382108418340824,0.058026328377577284
5710,0.027264763331115834,0.4265243976655155,0.2475373979016301
5711,0.02255146778089906,0.321212856422273,0.21006158158253815
5712,0.02990483374201448,0.4887672083315449,0.33098808593978934
5713,0.025628315474535944,0.383797243461261,0.07896957635678253
5714,0.026569627101866725,0.36842475960118537,0.45385502603608274
5715,0.026823926479648843,0.40711700815123525,0.25321642952160484
5716,0.02499841661016322,0.35232471607049703,0.1558411460612821
5717,0.026894496423632654,0.39460260703900824,0.2959379381412154
5718,0.02596938891336894,0.37059381247988155,0.1423592031338909
5719,0.024406983401739073,0.3378618245188052,0.1937284886493662
5720,0.024194935349924913,0.32671251801842666,0.1462409157999668
5721,0.029481267475049762,0.45382512305870815,0.1485452050444537
5722,0.025698234764366553,0.38161952989007886,0.23330545708166456
5723,0.02584820613395848,0.3897005551534844,0.18668217806175796
5724,0.02607477812363757,0.3998097863865425,0.1629899104216323
5725,0.02473417934323951,0.36819908154961145,0.22005121542334716
5726,0.024541261546854754,0.33186631264808314,0.3279412330503491
5727,0.02894517878165613,0.3847506853431667,0.13346227997924934
5728,0.028341982939868043,0.3946592601959309,0.3691373926069601
5729,0.026520788064046744,0.3857595127423317,0.334109047794117
5730,0.028282545821942957,0.4253967079789904,0.16591788993017909
5731,0.026918468790568927,0.36772017564008136,0.22004153465955648
5732,0.02447295707197809,0.365425458768463,0.12927209651312813
5733,0.027574245609910685,0.42901751925782494,0.22144396702758037
5734,0.024520704363869224,0.35973200971681557,0.15360769364867807
5735,0.023259340686221135,0.3330230124790675,0.2395782698395942
5736,0.026787241438795708,0.40879988422472247,0.3213776647241289
5737,0.024922032682706513,0.35675626783193987,0.29510357258959835
5738,0.026252967364098125,0.38748906415054774,0.16020434102617084
5739,0.02555862631539253,0.34675623902500724,0.09506334838767197
5740,0.024709373634450124,0.336768366817031,0.10304721017630014
5741,0.03403574735879145,0.5408941411431918,0.3549054451970531
5742,0.024516517405128623,0.3333820208777065,0.16783383639129626
5743,0.026323886175890925,0.37565592073050985,0.26428475037536586
5744,0.02899601466440776,0.411410583128912,0.09290503595544186
5745,0.022831897295183926,0.30558456077966145,0.0981896755277429
5746,0.024890292573905636,0.3858921418386857,0.25932880991630397
5747,0.02578430156206347,0.39429169202900555,0.20588747850602493
5748,0.022335150589518734,0.30881402365847,0.22910808455461487
5749,0.02408153445121148,0.3359571101362822,0.2160068282170373
5750,0.02431714522306077,0.3327516474551795,0.2253399195780345
5751,0.027097360458970075,0.4188035859539132,0.19480988911076835
5752,0.02248587691579478,0.32114380671928583,0.18533902408341668
5753,0.026458704775568363,0.39665245886219874,0.23287280262101107
5754,0.024175638289475786,0.3452716025843742,0.14155172989218334
5755,0.02541338154114552,0.37943860282329706,0.39011568836644545
5756,0.027608729510937527,0.42995983035890073,0.2575212259056257
5757,0.025129903622665647,0.32552055745706376,0.10412364385556923
5758,0.03431537488187702,0.5368231120477246,0.4457198520841721
5759,0.024507864771840342,0.3343044942754748,0.15448990601794224
5760,0.026671593012621928,0.39886790250590093,0.2514195028091562
5761,0.024726964626758222,0.34487733780533736,0.1557941532364055
5762,0.025362582897201523,0.3529484896005036,0.08487403583398151
5763,0.02331328517779875,0.3184637470227286,0.11165083006209944
5764,0.024349272989219177,0.3519957735046505,0.2642814562295788
5765,0.024097676068827782,0.34389080707340197,0.15050942880120813
5766,0.025178176303851618,0.3633540214879264,0.18966596304886457
5767,0.024203881497450553,0.3276066136597202,0.0965309093566511
5768,0.03038247400378503,0.4879561312554756,0.23777605001907456
5769,0.025390004346566138,0.37148688899222776,0.14345773151610763
5770,0.02640528921145696,0.3654541120602157,0.3568347422053564
5771,0.023092429241738432,0.31018669703621204,0.14313114444437197
5772,0.02972513158161761,0.4442228585892671,0.27611662916707824
5773,0.024453761607990496,0.3499053425942548,0.1415023477613798
5774,0.02351398523603919,0.32390698599360906,0.3000166866104444
5775,0.03055330912030356,0.4753945676204971,0.4302644814805105
5776,0.023448529241773458,0.33264774534348285,0.1163383315512794
5777,0.02695618085701623,0.428195093245485,0.3002663392210697
5778,0.02313797282560915,0.3261921884019596,0.21535836348132986
5779,0.026306055947705728,0.4021285644290222,0.2483176169062487
5780,0.023427760922664187,0.3333594799858623,0.15490479594691212
5781,0.024835894567935658,0.37033836764791045,0.4474533389535653
5782,0.02349490229261264,0.33647785887900844,0.2061530865577104
5783,0.02735734182665449,0.43915617102573445,0.21016934688538322
5784,0.024188716218190857,0.3368487136647662,0.16314720824952392
5785,0.024317489030054245,0.32886614462297764,0.4417681981451202
5786,0.03167978779094448,0.5053528321518869,0.17368022157411778
5787,0.023574107637845468,0.3135746998204257,0.11508859683799341
5788,0.024819749957909597,0.37469537879046344,0.09594853107994458
5789,0.02406466505975872,0.34159891354871613,0.1939314253298178
5790,0.026534328893654424,0.41119852345068925,0.19186011771063352
5791,0.025378993747759013,0.39986019105811754,0.2282677894882195
5792,0.026139328842781296,0.40987213851667065,0.16193298441648063
5793,0.02415457938392029,0.37583959634453806,0.13974430258220671
5794,0.025019858969596617,0.35405352618284364,0.19608017475495776
5795,0.027545695134526718,0.42012048196621476,0.21702614440940188
5796,0.025510907026382493,0.3633134368977553,0.20796098718844946
5797,0.02570704919752329,0.3718892983296631,0.27717061448521124
5798,0.023760267377612214,0.32538931208545774,0.2308568977367723
5799,0.02925595840751933,0.45620179034486785,0.14589826806909262
5800,0.025388688330510563,0.3571686846085063,0.24932530809230924
5801,0.025224416836095064,0.3550576000591576,0.13701419001506923
5802,0.024857645874925168,0.3536774653611373,0.06413193698400532
5803,0.025654545151564293,0.3598901376028993,0.23113638574465376
5804,0.027245774159598772,0.41345580420362843,0.15057313433080402
5805,0.024797599428798868,0.35264743775212437,0.12952409177178803
5806,0.027592184825589547,0.4204382283102864,0.25885504117310465
5807,0.023256024148010125,0.31919127931256386,0.12790538151458608
5808,0.022624736764041763,0.32591246966429327,0.08266545840745337
5809,0.022915834239127086,0.3192793987082346,0.44210978272730034
5810,0.02503349890758374,0.3809102894767283,0.18886732217126742
5811,0.024919027472114236,0.37859664368610796,0.15617571462432397
5812,0.023668553114219344,0.3445970382752573,0.14710000333556508
5813,0.02647417200063604,0.4127563061032864,0.3082755801985124
5814,0.025979341567604775,0.40203434963730883,0.1711666667561451
5815,0.024460357237034058,0.3644308174244076,0.3725977935389673
5816,0.026432802616680993,0.4237186371969511,0.15724976783349026
5817,0.023334432562575676,0.33999466694433056,0.20422154173472287
5818,0.027742682032499282,0.4485018562795989,0.24257170339196402
5819,0.024023351473193306,0.364375598732024,0.15725274257360555
5820,0.026086009845960108,0.4002401149269638,0.20552731956316297
5821,0.02406309305608902,0.3451683410796386,0.1593141576092498
5822,0.028566129541553915,0.44612554168094276,0.23712883252887132
5823,0.02192051554161866,0.31071564235768717,0.10905350450841776
5824,0.027048235076282866,0.43796378451511087,0.23110774599203193
5825,0.023467157019119427,0.34812303884149765,0.202901438118971
5826,0.02598514252080126,0.3785369458912869,0.133866800781641
5827,0.030275941933710533,0.4500131471458946,0.33140258299239045
5828,0.025694140983743174,0.36261094040053143,0.19993873143662313
5829,0.025926563386015008,0.3637932662944575,0.3470355844243462
5830,0.027615666945879407,0.3803735916605352,0.24344025774521771
5831,0.025562538701894167,0.36381535949795407,0.10717550201895315
5832,0.0244364939117746,0.3621391705110552,0.26037496713740593
5833,0.02707386928344366,0.42214750330372236,0.20262436185628407
5834,0.025649943219140495,0.3955664790463018,0.16807314389737346
5835,0.024045822402143677,0.3385543061027822,0.19488570467125568
5836,0.025814656819093965,0.37988118225308404,0.1056266137752115
5837,0.030168242733959683,0.48087436911478615,0.28907863632663366
5838,0.02136511092439817,0.2991394761038439,0.07218754267723722
5839,0.02521098844361527,0.35503034478567425,0.2293688594752152
5840,0.022757312142679252,0.32428901356621564,0.061866412476963034
5841,0.02626274812833563,0.4170898971455948,0.15370645067595004
5842,0.024230332633283277,0.3600962999554495,0.13881747086635723
5843,0.024244713123564812,0.32111584531091625,0.23174688607818802
5844,0.027045946664641937,0.38467437956696654,0.38218920231786857
5845,0.023592014042868665,0.3389746244786186,0.17543210308950888
5846,0.025388724647205894,0.3663068468765728,0.17033831860881
5847,0.02859666442425232,0.44656885275018526,0.1873179011489398
5848,0.026083057202453543,0.3753247145037468,0.22741179979597137
5849,0.022934067676217043,0.3164276287577256,0.28561159560490273
5850,0.0288146463344334,0.4324407899983825,0.24878470810348977
5851,0.02463786425925455,0.32213444093177773,0.30166951075285997
5852,0.028279162948852736,0.3905605419844755,0.29772704669031247
5853,0.02553251301460945,0.3499302044969221,0.12194110299686653
5854,0.02836989398800664,0.4172213550386904,0.13250550244678183
5855,0.027191087542320514,0.3947870947503774,0.10591983545897662
5856,0.02770820731604252,0.416742870592861,0.14953115796559027
5857,0.025647677987792102,0.35363916830378483,0.2125505947459605
5858,0.025687365094476118,0.37106839273639125,0.11697947782604312
5859,0.026800008624524835,0.3722912064952515,0.3029304428375399
5860,0.0284384518211557,0.41153334361741767,0.1408027797437197
5861,0.022365822636277868,0.2984779832217461,0.10354689305569023
5862,0.025433177290877292,0.38179113955453425,0.4671780555310829
5863,0.025595232117527966,0.3848547138093413,0.14696826453147635
5864,0.026539318562864896,0.4235804164716228,0.12124424825062549
5865,0.02382167774590442,0.3553634559298437,0.1518537236103055
5866,0.025600439672124102,0.3971087912821045,0.29129481300620347
5867,0.025304332419917024,0.38761548584800853,0.1822384686125552
5868,0.023617462904684933,0.34176036120852754,0.14458435206417936
5869,0.026024939125688783,0.38443787145742725,0.24568124506605002
5870,0.02597850636383798,0.3792013707174518,0.2719070229538643
5871,0.024848521198810536,0.33632030734464013,0.06868895161651954
5872,0.025762618426538462,0.34283453545051734,0.518120511089622
5873,0.02563160763000289,0.35585526743565155,0.3198150356284524
5874,0.02674489580562524,0.37094987594709206,0.25996444381486083
5875,0.025812935218681422,0.34157947793540844,0.501735523213767
5876,0.02924279572165618,0.4270651918141855,0.21489090732713997
5877,0.02735213363294062,0.38135477143845686,0.18401572168443892
5878,0.029605264339782673,0.44110741520835434,0.21046891871943121
5879,0.02700738276777493,0.37242450267988364,0.22366467462030953
5880,0.02469216652243731,0.33952974901749383,0.1216453708936117
5881,0.02647071244671688,0.381589205543165,0.27897558398788974
5882,0.028454678284475073,0.4264322931073509,0.10373037280270082
5883,0.025373792948383874,0.36736393681891094,0.17023692740514668
5884,0.02657773272695015,0.39559897940025,0.22495704513440254
5885,0.029130671562871475,0.4323569237721013,0.18814940488503915
5886,0.023664231930072686,0.3162355887925435,0.09044134485096547
5887,0.026692888317035195,0.3722599028343063,0.23309511923008758
5888,0.027896729591150807,0.42586650664222264,0.2285193409849245
5889,0.027257771322977464,0.37515854980095736,0.10780967157082604
5890,0.026602986240355994,0.3514785492450676,0.46230702454493594
5891,0.023123968174486146,0.32322104214368214,0.09226020653047294
5892,0.028055188925375764,0.4595292388038536,0.15739301405928072
5893,0.022163526286609163,0.2979399249067703,0.18692593963114543
5894,0.027626592832019427,0.43486359365533545,0.5608907585958047
5895,0.023119415457742116,0.31639125754073794,0.1945418308082545
5896,0.02534757073764122,0.3868630991062725,0.25418928944550023
5897,0.02473732838663199,0.3653469742859197,0.20212319418480698
5898,0.024185272089111285,0.3655272038469181,0.19972414836711552
5899,0.025401641434055273,0.38662824646965505,0.23628482261579942
5900,0.024878422263753832,0.3606882796703543,0.11371710460124555
5901,0.02454252878235337,0.3240156227467954,0.20533281247450236
5902,0.03302985275683489,0.5218384062687061,0.21918691500605417
5903,0.0244193999385284,0.34216494409124526,0.09600600475811132
5904,0.02484495960621382,0.3429623294447112,0.06212435717589497
5905,0.022634445212715376,0.30917535329698126,0.2472543025762909
5906,0.025757231882337698,0.3851553069818134,0.41858957666168306
5907,0.023821030119301777,0.3387237118847227,0.12043602036553833
5908,0.03098174261695644,0.4893111001325804,0.2962917270648237
5909,0.023611591702738927,0.3377398573275443,0.1183185348155028
5910,0.024372580085610253,0.385987931959701,0.21332104207390412
5911,0.024414333613745783,0.37842075482016757,0.2870544128331148
5912,0.027102220215737535,0.4326378330283365,0.30373034044034203
5913,0.022795812038683597,0.3321561767082464,0.17359339909305638
5914,0.027149694075612442,0.43916328482010863,0.13538609020338807
5915,0.023725258324473954,0.3523331630012807,0.1354908092834047
5916,0.02602256806425095,0.4100362733505248,0.1508778480850791
5917,0.025425044915648322,0.38797528942510423,0.1791232827848094
5918,0.023013696085698167,0.3336937509631606,0.25235337581964523
5919,0.023942697141084372,0.3624873054114933,0.18759523876661877
5920,0.023075088348446026,0.3336808566728016,0.24185690480984312
5921,0.023189241409345515,0.3411095659504008,0.211408370513091
5922,0.02656541901178363,0.41302612915032877,0.3247287494168757
5923,0.024225237113358677,0.3571263592051472,0.16899775841389883
5924,0.026023855454760766,0.3923230890937642,0.3403742603297254
5925,0.023859291488110272,0.34260243403617835,0.11541436561276912
5926,0.023487284016330594,0.3274292487636819,0.09700364817350965
5927,0.03179017658762335,0.5145043572943812,0.12270544607123425
5928,0.023608111215855633,0.3353132416872568,0.13456744449215371
5929,0.02794052672750549,0.4315190943236369,0.3255108912157845
5930,0.023522000333519155,0.32889502361928336,0.10465534124843358
5931,0.024315257915012194,0.3562873593875408,0.19148336000241367
5932,0.0226333875256876,0.3093473397469955,0.3180664742828861
5933,0.0260909616785364,0.3996492173995878,0.3847570819977293
5934,0.023753590739106344,0.33684145663149034,0.16399457744060858
5935,0.022831578344306828,0.32871470616729226,0.29882046404749707
5936,0.023583916221447492,0.33894232216419506,0.25917360082446983
5937,0.02391443559073457,0.35765166175748647,0.27969568919910326
5938,0.024507751946758853,0.3637254134229713,0.1706902177773899
5939,0.028301614163486557,0.45152615144867386,0.18714060332293025
5940,0.023175004921882892,0.33924207414970037,0.16303317946281434
5941,0.025970194959189813,0.39639066559461494,0.21423597430649627
5942,0.022807215586930638,0.32728086814094376,0.21938294047723056
5943,0.025250040826616287,0.33302411448031577,0.15626736429651464
5944,0.030911532919298438,0.4666251679168607,0.2406252647167071
5945,0.023627120434860534,0.3178424209174876,0.10013826216266701
5946,0.02528938291225333,0.3574725286465264,0.23732844368764705
5947,0.022294245357894284,0.31027107174429575,0.10815510555040442
5948,0.028183279930536688,0.43015257935498064,0.3236392037187728
5949,0.0225071013564658,0.31559246214147996,0.21528493770087587
5950,0.026605073952306917,0.4012531240744082,0.1581859716588836
5951,0.025706574274936684,0.39554199452486993,0.21143725384964243
5952,0.026720739687362438,0.41506986567555426,0.2007144864496603
5953,0.02683021835751734,0.41571684183833074,0.1730621098345666
5954,0.027164029754352663,0.40966997331691474,0.18223370275113326
5955,0.026683668429938807,0.4096500545373831,0.17337283170916368
5956,0.02452399986512857,0.3643943305878721,0.07095251895881531
5957,0.02393852580477905,0.35314578097638044,0.18334866629543664
5958,0.026349502290592342,0.41411706709280405,0.15167802046663612
5959,0.023112476999905696,0.33900897433234045,0.10064022925104345
5960,0.023445260994534877,0.33239658883882156,0.133826070822046
5961,0.022108149973929177,0.3120486717296631,0.2604131929566084
5962,0.026422671559835964,0.408381496605898,0.368409873131542
5963,0.022805866964098195,0.3254253877337317,0.19308606423184116
5964,0.027729388083928358,0.43197799158800715,0.12851957053274035
5965,0.02359241636047969,0.3471470224778347,0.13589985015536368
5966,0.0234373412078773,0.34149094129971036,0.2909847707560227
5967,0.02426659425207681,0.3517048774057954,0.45186741248642137
5968,0.02403253611860409,0.36584109834137835,0.18486245843837346
5969,0.02358180343100039,0.35555340710910716,0.2594631502490082
5970,0.026063746819018248,0.37687081501879044,0.12504952341016215
5971,0.024813153625870263,0.3402023116066995,0.1712403532555975
5972,0.02566615916920264,0.36417216161636395,0.38391535793091297
5973,0.028351630525805818,0.4260992588644239,0.24981338165862865
5974,0.024160156258093337,0.3319940670173726,0.13084774381302178
5975,0.024677461694220675,0.35947054112955695,0.1828378074442571
5976,0.0245865058724618,0.37968012557725583,0.12532289664545745
5977,0.025573796699643176,0.3466167855542465,0.2560001599073559
5978,0.02642336568873444,0.38513684677024507,0.21562772132771113
5979,0.029974336529473535,0.46780363835388383,0.16585439662449208
5980,0.023589269420175273,0.34565644967630743,0.11823543453912688
5981,0.0271692708607369,0.40075906879115875,0.14945996701328018
5982,0.02524543337171168,0.34221690113866216,0.1686536595210439
5983,0.027247872765520157,0.4038920682620154,0.4447311822702974
5984,0.023199106842044497,0.31910729626006573,0.19558679383176308
5985,0.02462560327080457,0.32929196675250316,0.46349769481041736
5986,0.02438874719238363,0.3454018691968824,0.03887758346751837
5987,0.029379869853525614,0.4569842985373569,0.2912981451052606
5988,0.02541442903914674,0.3754515539385622,0.16946112815459582
5989,0.02445517354063688,0.3407865595526823,0.14186196634131787
5990,0.025066726384753955,0.37753991408346593,0.3158929606599866
5991,0.02709665304878722,0.41655774071435736,0.082326735353506
5992,0.02834122791991856,0.4332705221475097,0.1958499379967989
5993,0.021966157735821425,0.3088109621069297,0.11520282366299313
5994,0.023412974711333,0.33854308013383716,0.2543767543868746
5995,0.023403069195969333,0.34445866588620944,0.3562370069359216
5996,0.02798312547057104,0.43292496555417526,0.1257608866123345
5997,0.021944058163154746,0.29988443210443705,0.08065617682801182
5998,0.02590127412224436,0.40626393301095093,0.16799592618495657
5999,0.023818543956363483,0.3565359178847703,0.2206790250958565
6000,0.024614728456110412,0.37226404086837817,0.31067099901532264
6001,0.023718353489482865,0.352942804627069,0.23362056738558004
6002,0.023608311653478778,0.3588477973285539,0.14192948179591647
6003,0.02297427545565571,0.31382833988640474,0.3168965758627198
6004,0.027899893581592845,0.44432779585951443,0.30543308215976994
6005,0.02410866247731676,0.3640875869777178,0.1881321472214225
6006,0.026039854288386382,0.4149413333071148,0.16383628480729268
6007,0.023004701936634998,0.3384794009742007,0.17637778563902093
6008,0.025242081438106103,0.3662701834162862,0.11175334789036195
6009,0.024870810959218226,0.37218331444672775,0.18155394110901413
6010,0.026999446997271245,0.4324399883991816,0.2103061991156836
6011,0.02341724251916099,0.3490183612627113,0.15645715069374452
6012,0.027143835045087154,0.4404321841058253,0.20652247631262302
6013,0.022764579744264612,0.3221528834121551,0.2533406875233087
6014,0.02733525317081735,0.417810562906584,0.28625288690404715
6015,0.02737523483294457,0.44470651540113604,0.18657904659941763
6016,0.022153664388168348,0.32926373569187384,0.08532415049273583
6017,0.027333425400464847,0.43852057563464786,0.18333467958289038
6018,0.022337746386470143,0.32373393014104074,0.1506551787389924
6019,0.02566352594769995,0.3997986009546513,0.2738559388609434
6020,0.028319697908550597,0.4428810458547413,0.11823058467159595
6021,0.025006702228532216,0.3677911447467987,0.1853210484144495
6022,0.026875880549150553,0.40723806518083927,0.16979452156655736
6023,0.02527078783251598,0.37985482744221877,0.15999603860173253
6024,0.022007621898934432,0.3073806796786561,0.30688347536972016
6025,0.0264104756705654,0.3880798580177768,0.12092927077678747
6026,0.026135937084684435,0.37244311105947037,0.4052552010910972
6027,0.03011292079949903,0.4563369730998193,0.13147531902085036
6028,0.027911289045218925,0.38444537379873506,0.25607740012018876
6029,0.030669090228011328,0.46024030612723116,0.33067013593523803
6030,0.028495185434554513,0.4107391353029079,0.13730012627089086
6031,0.02382634024684446,0.3287696993832872,0.10732024879987066
6032,0.02971963458369315,0.4809591115428886,0.24238968873741706
6033,0.02263069087007098,0.33109810135163426,0.1630581149570267
6034,0.028311293538847652,0.4596055676569197,0.1559101869513432
6035,0.023174570693220816,0.34965139179226334,0.13440987871498744
6036,0.02416047435488941,0.35440411770627794,0.24636115877977327
6037,0.02661096153392539,0.42436666434067094,0.24347261281591928
6038,0.02354024841109759,0.3635543571528667,0.1837737890328294
6039,0.02325640724429519,0.33899935328853903,0.2705456204212025
6040,0.027119598554102616,0.41977417623480623,0.20495255749028313
6041,0.022140235012767465,0.316529115911457,0.07039073019939482
6042,0.024310374766277933,0.34110141587197257,0.326022793039794
6043,0.026401301241230822,0.3906966016241521,0.1448144696861486
6044,0.02733626287879041,0.4190060336375936,0.2687216803009458
6045,0.025071686987547002,0.3814967438827867,0.1840639333246703
6046,0.02642582403008377,0.4054823700797335,0.13824401935747718
6047,0.023881698367109766,0.32165715023250413,0.2466987980820173
6048,0.027012303341478423,0.3882905113034141,0.26322813755896307
6049,0.023898342215190993,0.3412494187864774,0.11272857727354355
6050,0.02633634284200022,0.3843955421971071,0.27708232303385627
6051,0.025206547803482894,0.3661196070915797,0.22724942286088148
6052,0.02758931990527798,0.40187836409030936,0.10471056767457966
6053,0.024835959944362673,0.3474161238843046,0.2071281958184999
6054,0.023800395390944216,0.3342489348245345,0.14741976751071212
6055,0.026088882246718816,0.38185591880195224,0.2454063738402704
6056,0.025125761517314212,0.3661715538407399,0.12583611157413305
6057,0.023219653049277297,0.33697666683394983,0.10573523920287246
6058,0.022767279023509883,0.3205530547454736,0.26114951573090084
6059,0.02913950752398784,0.4658203559797603,0.21168233244034038
6060,0.02298117490287289,0.3317770241698488,0.17141994814201644
6061,0.022089121473742906,0.3022377740151413,0.2936563929134214
6062,0.024367246631319898,0.34868761883296107,0.07664323802048864
6063,0.02729352600831692,0.40042346446854243,0.22734939280038965
6064,0.02584501041113466,0.3745761393644559,0.1851100116091074
6065,0.024827530170954636,0.33911583783705584,0.05425801906718801
6066,0.022511375567031918,0.31153388062794596,0.10797537435664856
6067,0.025745884969798502,0.34527658362497565,0.2841991370061243
6068,0.023253541147327514,0.3391507987615236,0.2721423581523346
6069,0.026752921323463266,0.4180829203381013,0.29284977953018265
6070,0.024007280772021126,0.3418962227804807,0.15252194908257274
6071,0.024680599788206237,0.3645249862660276,0.13807995131350675
6072,0.026598137548689327,0.42620473384272745,0.17534710816976318
6073,0.023271436344341142,0.34983145162197476,0.1586043202662651
6074,0.026539388795930714,0.4125165009169867,0.20485531721414638
6075,0.02787542957599122,0.4170147721086996,0.18374141408821776
6076,0.024085993607547294,0.3434428493161511,0.15732189352358122
6077,0.02701923589672917,0.42593435545975894,0.2794823028934387
6078,0.02390909190073791,0.34198329342280365,0.20860639935965045
6079,0.027301553081771086,0.4239830657226085,0.29305263366360607
6080,0.024992938333058358,0.3698290892151429,0.30383887184511105
6081,0.024072122705761197,0.3360717749797847,0.12274702341554994
6082,0.028635931200719618,0.44923131358547147,0.3131447806442404
6083,0.027219332921040014,0.3890602007900064,0.3428533421214995
6084,0.025013268134116983,0.3285332979046468,0.20477348482312902
6085,0.02906133980463041,0.45380817787590805,0.1635025484154287
6086,0.0240718211213991,0.3338615949680745,0.10301447857473871
6087,0.026872950376692073,0.3828218121753652,0.17129347384086435
6088,0.026526623140983797,0.35659892229569956,0.2787922169254463
6089,0.02490686923455125,0.3611005621563199,0.18329492728473293
6090,0.02584104683721425,0.37438716478874823,0.23926753588990954
6091,0.023132787707410393,0.31246659799513504,0.08301662092089244
6092,0.025751711597085124,0.37449013326338837,0.3625038411220408
6093,0.02353267058028127,0.34400244711889194,0.3271183500588511
6094,0.02773625752776442,0.44413659895810276,0.2695216163897101
6095,0.02274851898347452,0.31590512301675466,0.37712157748814806
6096,0.025502437643386732,0.37695534434090194,0.2370950468099767
6097,0.022658999281798375,0.3127263811795566,0.25800832747820873
6098,0.027835576428201333,0.4425318129043294,0.3572013334660588
6099,0.02318649931516922,0.32208940001759095,0.0994008198005962
6100,0.025335409509280513,0.3262986154400319,0.5058077742334123
6101,0.028188740898024995,0.403523968590964,0.31220197389085635
6102,0.024002205040031487,0.32575973753283705,0.2311574194564701
6103,0.023144269146902197,0.3181868737989502,0.11199569557349608
6104,0.023327453705091244,0.3117980225377789,0.3648057591124334
6105,0.025092096488098896,0.33777956320093666,0.6330423711732507
6106,0.026639368006175272,0.34787785690145756,0.16688097556808848
6107,0.03320127512739541,0.4790285784250432,0.3288280580853687
6108,0.023356289276579772,0.32283451286766346,0.06869667218932317
6109,0.03169412151828387,0.5097436396291254,0.1158144435422783
6110,0.02373776064715691,0.32836903605662615,0.1851437204390758
6111,0.028486269973986917,0.4430612695538375,0.1914826446089033
6112,0.02499306811721425,0.3327273447589315,0.2928266326164179
6113,0.025127137580184193,0.358769505754864,0.3470599805118753
6114,0.024763002823697124,0.339736406982342,0.2783046953296328
6115,0.025456408931932222,0.3481912054355902,0.3118612019637596
6116,0.029223157882206047,0.43667418936709834,0.21240543493604602
6117,0.024700700739993673,0.34165832219548575,0.19345303269090958
6118,0.027603342235197566,0.4179634550295327,0.16909596369387225
6119,0.02729504139193561,0.42867787985940675,0.11634508609925437
6120,0.0236279386411189,0.3463473825730958,0.12531781958049287
6121,0.02520160525957257,0.3903221107303707,0.1709439122529046
6122,0.023528040267586134,0.32757268414329765,0.2780148563198584
6123,0.02598329398940365,0.3983981205479911,0.24816570761348888
6124,0.02951403171865456,0.4721446762470427,0.21508952889652241
6125,0.023577249388907293,0.3442229241998669,0.14082571108826322
6126,0.026083157042020345,0.40016375616529226,0.24459622899074365
6127,0.025540994915727127,0.3831982531931108,0.20243208625803402
6128,0.03140532961295664,0.49116863811599454,0.016268911533934755
6129,0.02512938103549882,0.3433201311852002,0.12055174733018628
6130,0.023895520236530077,0.34897204033091245,0.06634007067760156
6131,0.02830029733389436,0.4552939416168044,0.18232631115589085
6132,0.02327935105346053,0.34513682050733346,0.15852319633638573
6133,0.025216142563513698,0.3862644290546809,0.3720414949573695
6134,0.024189745351331275,0.3679097240855857,0.16851406059356913
6135,0.023414452373290238,0.35132983742121554,0.3678815206570603
6136,0.026156444220062743,0.39714098241316415,0.24842926092663367
6137,0.023511758218343247,0.34853925338708286,0.22679275649578176
6138,0.026215273556168813,0.3999824147125606,0.30411354854108447
6139,0.025132131048264388,0.38030226123936,0.15995486555566668
6140,0.02667216324640837,0.4020850723232179,0.26505553777769225
6141,0.023518005149732468,0.32684405653290177,0.26862446588517164
6142,0.025100106001684316,0.37592424645787287,0.36346013253487525
6143,0.02393949831642327,0.345956590086497,0.24426720909045796
6144,0.0268795784014645,0.4213503938202996,0.2541505368862666
6145,0.022986502161978593,0.3336463164701997,0.12816968785723598
6146,0.025097180248400183,0.37153618518356357,0.22917767372859255
6147,0.02459731381949127,0.33602020222590384,0.11482049248883754
6148,0.02386849153068222,0.3365679801650529,0.14014016280012057
6149,0.026711997843321296,0.404647869894228,0.2029718716237564
6150,0.0226713419684511,0.3045688097002639,0.19628286018869778
6151,0.02948036574010791,0.45154855870553395,0.28699799665730846
6152,0.024440562311470054,0.3427631564390954,0.23282871351171758
6153,0.025598710498455125,0.3707279665292697,0.34397209933893247
6154,0.02468664201575129,0.3658460649790537,0.12911777317287648
6155,0.02372327509190174,0.33705211118889217,0.2767135727210745
6156,0.025125380280409632,0.3869247921857119,0.21392463099241138
6157,0.026160366914947573,0.41555207041698583,0.2031107585951396
6158,0.02256325310402714,0.3215600456172725,0.17311582314586355
6159,0.026575286990545042,0.39800855287646225,0.26197733568194054
6160,0.025672424727443476,0.3623196073004733,0.18962689082368908
6161,0.028671542202553843,0.44156016853148455,0.21722459399567795
6162,0.02355050166136024,0.3303623432764153,0.09935452848177884
6163,0.025847152694622354,0.36010516059224945,0.5029655783530008
6164,0.02522371028947222,0.35734834598682125,0.004894960343347327
6165,0.02415549686873523,0.33265247009507815,0.18759286844361187
6166,0.026162433617702895,0.37593193081557164,0.3941071362990901
6167,0.023802635730119835,0.3237637921631336,0.19253823470347056
6168,0.025416604429498356,0.3534632392932103,0.361721871727974
6169,0.028443519701057168,0.4257225388177358,0.20268983343551514
6170,0.02464017296903046,0.343291020548072,0.10147642811165723
6171,0.024522429678904344,0.35069599910618054,0.4533338851159894
6172,0.027469224536800396,0.4313537076622572,0.2093848055654028
6173,0.023429773161825325,0.33329413049549717,0.09761559206910096
6174,0.029996746080576203,0.4799281489660699,0.33655035269156286
6175,0.023384417937984764,0.3587427453531093,0.09811717780627421
6176,0.023374120432888935,0.3446591287768106,0.14317164015239758
6177,0.025309008329725113,0.4082926089839636,0.4163082563683071
6178,0.0241433585667528,0.3872815050575133,0.1471929531642093
6179,0.025203552955571196,0.4110703145740815,0.19735654034087924
6180,0.02417817136446071,0.3848308832467145,0.12358868381961023
6181,0.022707808162914008,0.3308719996003547,0.265178004106178
6182,0.025668358618618332,0.3971925735526761,0.22182558826643833
6183,0.024402006709574233,0.3751147968147009,0.10957922338528255
6184,0.025019166908733664,0.40909716786260036,0.15701340687291684
6185,0.02440699284126079,0.3968951749525962,0.10435110037018876
6186,0.021585496965035332,0.3162474948886389,0.2618747859456278
6187,0.0256499127113373,0.4089607333164038,0.2917336810176756
6188,0.025592437979442984,0.4145554145905682,0.16725117845853502
6189,0.025566241582464844,0.38177375778837647,0.17065474775193987
6190,0.024150437146602637,0.34239459670546724,0.1500916720153101
6191,0.027185267885629597,0.42509462997029834,0.24511609766273174
6192,0.024471462118159783,0.3503200420283638,0.34042731267038856
6193,0.026656878207546964,0.4223036829184058,0.23696553923370264
6194,0.023640855721410843,0.3446864894577874,0.12745239646722917
6195,0.02668504052459562,0.4192664354370234,0.2649350708806191
6196,0.02425563443221516,0.35336847301242547,0.15168075751912702
6197,0.02442346521870765,0.3595984206552233,0.068704682549473
6198,0.024325658560544822,0.3834318786978373,0.19717590101835966
6199,0.025248977186109172,0.39885001863766517,0.15105017004337798
6200,0.023624549600094896,0.34951621478936323,0.17567164080122893
6201,0.02415026629110982,0.37831716373493685,0.24895762352321715
6202,0.022517914106377046,0.33483001445102495,0.14057956418471024
6203,0.024983763786123728,0.3608095737609332,0.23455611496563203
6204,0.02647028934402683,0.3878076315865371,0.3175889801147875
6205,0.01946299622190382,0.26844921934247223,0.00013519360708433826
6206,0.017379806352346035,0.22631944372023766,0.15417082989255768
6207,0.018775328136909474,0.2569614573793972,0.26728167761004706
6208,0.01659732062372653,0.22893704395126346,0.2649846596446473
6209,0.015409921615234539,0.16866199409811022,0.20908673622557541
6210,0.02086292175821407,0.3386238352168058,0.22272881028494956
6211,0.016842880376989864,0.2410372429268404,0.11856634129449267
6212,0.019439707107809404,0.29064248322441605,0.16780412716839851
6213,0.01898816425523975,0.25623807823342964,0.253618137946647
6214,0.015633141959671196,0.21028155988142427,0.12212817065250986
6215,0.019106905241865847,0.3299360584338064,0.19578897135621678
6216,0.015262533991276968,0.19670249975521972,0.15846579323464813
6217,0.02078683976630351,0.3745843088209745,0.4481754450127041
6218,0.014561199655684653,0.1498092616697945,0.10590589118650158
6219,0.016658710050618697,0.19727212778711734,0.15549023423107192
6220,0.01984153649255221,0.29795856318090963,0.36864205297984304
6221,0.017698541948898434,0.2523301739190222,0.1541792483905123
6222,0.018710956043404097,0.2627817190816951,0.26080910259401524
6223,0.01812795761770765,0.22756715587625592,0.25889636669822125
6224,0.021314706796221623,0.3567644988112693,0.30297722791446
6225,0.017095126180306227,0.21276626502015838,0.14518256833831447
6226,0.021172878909757734,0.3402104597373333,0.22562679793112456
6227,0.017537650964457606,0.2482206330508818,0.19208365292737242
6228,0.019006539330146708,0.29943137751243765,0.20530722129793655
6229,0.015838480553928173,0.18103109699149286,0.17518363234942233
6230,0.020817566163643587,0.3395375378221274,0.21196249891552935
6231,0.016199970350284334,0.1696293845416547,0.18053132445263462
6232,0.021968607895607357,0.37575729894531296,0.33454213682960326
6233,0.014193754471282674,0.10573455887882187,0.07326174297329359
6234,0.020880770702878648,0.3476569447696447,0.22171942838079603
6235,0.015222830322265912,0.1736838435614736,0.11460409732869462
6236,0.018683593836905935,0.270014222326042,0.11799095354406224
6237,0.017660083599852633,0.27726190508755005,0.20272600388404052
6238,0.0161069958955242,0.2134567634794026,0.20432471891742637
6239,0.017173430518098626,0.2438838625040122,0.30209810598141645
6240,0.01668049183372221,0.19189389489837186,0.18596136242324213
6241,0.016358637003773276,0.24131653833733474,0.17130687976697587
6242,0.018214629036083084,0.3007699514077,0.12939915857388068
6243,0.016673766751929237,0.22089131303198425,0.167318450198774
6244,0.013959734276966987,0.09199652259342231,0.18051499022787207
6245,0.018514055627183282,0.29406231873547645,0.18398868357579715
6246,0.01828836732640681,0.2853978812127298,0.18640048958953515
6247,0.017799411727655437,0.27162889802631646,0.10080339881023981
6248,0.015713933823181807,0.15491715051887953,0.1896666051479562
6249,0.01925005231860486,0.3191808811570317,0.40429106799045045
6250,0.015172857364918989,0.14084962336277768,0.16974878600499244
6251,0.016951688140845283,0.1978311018515088,0.27811509070036233
6252,0.017605260627841294,0.2299614156651948,0.20685115425850883
6253,0.01928814857302208,0.24215214091073992,0.29757595612444265
6254,0.015222552013984246,0.1419432519037602,0.20269843931928438
6255,0.020035101735837012,0.32602723172087755,0.2701184387690618
6256,0.01618729052935877,0.1922761053839029,0.1085984581988251
6257,0.01841774377507445,0.24825166349853817,0.452899697769129
6258,0.015957460045937663,0.18267353800266706,0.1757143905773992
6259,0.016271886879529112,0.16992890009284484,0.009976282836463119
6260,0.021147429133993038,0.3501493372007336,0.27135887705436607
6261,0.022135686712079595,0.3046356275311974,0.15185967533709585
6262,0.02201817730523707,0.2872287064052564,0.20056518731511389
6263,0.02267921227564383,0.3269060736057588,0.16861001724107347
6264,0.020791575804387685,0.2549061436546996,0.16322213212679093
6265,0.022365695025916225,0.3189115287514337,0.17858466205888054
6266,0.019053182943321322,0.17086303087442845,0.20613861076153395
6267,0.018223178339011645,0.2287514462988059,0.2108492447776489
6268,0.020363968335893188,0.3149806482862007,0.1926841848077101
6269,0.0161813082076268,0.17905124820738288,0.11971902897745118
6270,0.01933914603152656,0.22621207256776008,0.07887105147351803
6271,0.01961752455025109,0.23145236369456315,0.35159991244356936
6272,0.02331196858324605,0.34620142458169895,0.22532088857204746
6273,0.02054828784885708,0.2409750973774042,0.148136449390387
6274,0.021195346155287967,0.30941208548217247,0.22813399772775633
6275,0.01767855005305546,0.19467590874813007,0.15686185461965457
6276,0.020225527791686397,0.2411950574784998,0.19512824486980687
6277,0.018805675475864803,0.2431879582929336,0.16343493610604465
6278,0.02031260577706755,0.3023135890324576,0.20525937100106323
6279,0.017631759131173295,0.17424408786765072,0.15110162180965933
6280,0.023106521404086384,0.38070312357899744,0.2846732596980537
6281,0.01618445437255925,0.1448041931535726,0.09244975134607587
6282,0.018558069331530366,0.22933943897854508,0.30264466429355796
6283,0.018574626503706483,0.24622881285501147,0.15860988214295624
6284,0.017010048401767505,0.14510091124772972,0.08777904063693262
6285,0.024884057975480864,0.41706405608143443,0.4481406299986701
6286,0.018735828602310108,0.2061062131987302,0.12443350707618739
6287,0.018860840062753632,0.24475016037719438,0.33103699614747156
6288,0.01713231716801782,0.19113857493940747,0.28913627220813204
6289,0.02160711934827721,0.34517629304247266,0.11604414534618374
6290,0.018168097764364996,0.20763440220538462,0.1285427620495836
6291,0.022372402005147077,0.3509005236521637,0.17859036832633848
6292,0.01702185067129029,0.1550933655359095,0.26077585455403285
6293,0.016856616788464503,0.17134249654135097,0.15967893810984618
6294,0.017172846474334195,0.18545348630722264,0.1787642672262841
6295,0.017970812262151813,0.16885698377886438,0.20233637675870697
6296,0.02160610977054448,0.3175680116836623,0.33821843010940456
6297,0.018307113513662546,0.1970187099911488,0.2617033880229835
6298,0.01947823502344976,0.29111510556206344,0.1253410884945034
6299,0.01815069279513925,0.2600748764010285,0.17330344081887875
6300,0.019726290191870312,0.3094488088417634,0.14475483390033644
6301,0.01696887055511615,0.24492630621995823,0.13848549691984927
6302,0.017787986009137172,0.2755028275152147,0.19749789823881764
6303,0.016442328723960644,0.18786728961517993,0.13222618132984196
6304,0.02220545419597709,0.3583697680809708,0.25377997142208014
6305,0.016908729243050563,0.21965292336612444,0.15027191523651504
6306,0.019056776697521607,0.2748124471062431,0.2801121551268004
6307,0.018536247486162217,0.23296464830857322,0.14329509848684355
6308,0.016625237762544282,0.1945130129295926,0.16527163817229046
6309,0.017948272747134945,0.24756905682802943,0.2811788796828763
6310,0.01725725595140115,0.2269463407119296,0.18413146122049118
6311,0.015110723354519549,0.13826814083731961,0.24965996984734115
6312,0.016809598185359913,0.2140238102528253,0.31494206040666395
6313,0.01811555579837124,0.26408974951996433,0.2183596796885268
6314,0.016721199065078973,0.2252345841961863,0.19593073766691804
6315,0.0196232818383315,0.3138310696558796,0.16035365086813316
6316,0.01654901386620888,0.22167165244045503,0.14131848121874982
6317,0.021511991987647472,0.3559114858017307,0.2078280253933051
6318,0.016287846331754122,0.1879135645765481,0.17212633963945484
6319,0.01590589935092219,0.1555633016055588,0.34336315637278214
6320,0.021795156406057222,0.3705927161326121,0.25200941749081995
6321,0.017023054427333328,0.2238356037390234,0.1245398712987057
6322,0.018897014694828313,0.2943756759289333,0.268091954160943
6323,0.014564222082935053,0.09725235851464561,0.18219567169101317
6324,0.015935494107536308,0.15021780050779235,0.32102293926194236
6325,0.019280475138512724,0.2949665435778886,0.2708130440453509
6326,0.016566572911498986,0.18968406381647096,0.1257788449119507
6327,0.019367699949740115,0.288552545007916,0.16707522482336146
6328,0.02372898700704182,0.3547425779254874,0.22325057973225862
6329,0.019548622414341955,0.2433302455512626,0.12944806845572554
6330,0.02353679946146739,0.3281023901282952,0.24839876997057664
6331,0.020560081080448572,0.27628996190735844,0.19644707125841782
6332,0.020765214090769295,0.30237543489423385,0.21498014730863702
6333,0.017442605280562667,0.22426389741904365,0.1840952071269071
6334,0.017046467293424676,0.20662110796780103,0.2931455724942212
6335,0.019304342095250643,0.252356843960965,0.13443633939591004
6336,0.021400668145567733,0.32759852089712815,0.19001346341293
6337,0.016004586565959125,0.18527077151142768,0.07968995194880693
6338,0.02156425465682316,0.3550278332313522,0.22549694087815883
6339,0.016101105174646118,0.14842884458026778,0.1258244060839378
6340,0.019228005204823772,0.20520322304287228,0.22023715959588255
6341,0.021501140300727244,0.2520387236729263,0.354962666307371
6342,0.016322310738980158,0.1800136674125544,0.10897142494979929
6343,0.016263277447256964,0.16449282209952368,0.15809653910926627
6344,0.017468223456269347,0.22104709988502688,0.21815539442881654
6345,0.02037304615593734,0.30524549243186827,0.21673558368710227
6346,0.01635350643106048,0.15226689800862916,0.16862002675352528
6347,0.01608636073604541,0.1587135162481104,0.12460747793303671
6348,0.02217981993097573,0.3586962416309979,0.1797894482692457
6349,0.01579032065851938,0.14606926382685947,0.11368990334942808
6350,0.01813974205522076,0.24401113289799992,0.15550868849617236
6351,0.017031633200645477,0.16465171307967602,0.3455368661422933
6352,0.017718968721669524,0.20986295115816764,0.28315205697118473
6353,0.02388821989334167,0.39800150200300427,0.20960757112058134
6354,0.017348263306050854,0.20225341477605502,0.14104968293074935
6355,0.020721683630513202,0.3180498372236252,0.2748094925398247
6356,0.01777312973800706,0.1726329406265065,0.11607320950990593
6357,0.027325263510301297,0.45416355371380634,0.22141267345790275
6358,0.016796253902695825,0.16882984396302028,0.12480768060843235
6359,0.016991038880204704,0.16529193326434252,0.22738648432584188
6360,0.022685072890549777,0.36666436428097154,0.19279524635375692
6361,0.018483564068209526,0.24976083133442406,0.19924229618365227
6362,0.018487867959998378,0.2356273678278523,0.3096595541271006
6363,0.015933292011289436,0.14561738070609095,0.10692718956664664
6364,0.0213510854098594,0.2760769641638208,0.2880714040857357
6365,0.01959433540679965,0.28398615787496095,0.1749655937779898
6366,0.016956575274048424,0.19899617986300303,0.135333308626768
6367,0.01978020568862507,0.2563503641935798,0.22616801362779365
6368,0.015105211352949113,0.15286007261027212,0.055252489132081965
6369,0.019319190974114664,0.30063351590048115,0.4573795695221125
6370,0.015589567208462133,0.16047181509116842,0.21573719740507766
6371,0.016113280321584288,0.17554620654349168,0.36260450439114306
6372,0.016805796002204082,0.21643874444676897,0.20373306546088155
6373,0.018298751494717488,0.2779071419592708,0.12147113457588748
6374,0.016377049494700122,0.21828643835474507,0.2534118554922012
6375,0.017933927281319345,0.29367716074547934,0.25405042521497395
6376,0.01664015345080324,0.23791346258203583,0.16962105396495314
6377,0.017552022475762836,0.23925671687882633,0.14586336207175063
6378,0.017063235701360046,0.24041328111194937,0.170169412426419
6379,0.016774377075638836,0.22016434699168122,0.1254356420987921
6380,0.01952995055653387,0.3258886403675335,0.12104219225328572
6381,0.016363513225758936,0.20103922887437636,0.15410160564479017
6382,0.01962815336524735,0.32040786990082354,0.17105688833082403
6383,0.017117032551449148,0.24175552956427115,0.13301752406374537
6384,0.016249293827549763,0.16286700486607747,0.2908325109970839
6385,0.020051083100715756,0.32012514917036367,0.2873874178664262
6386,0.018643033598284002,0.2944130640635459,0.004578264801782417
6387,0.018237385493544294,0.2583124079269108,0.16566245110955402
6388,0.016315154222413284,0.20432791998417313,0.06232906007365477
6389,0.016854413751497998,0.16487074269882074,0.4098296180857343
6390,0.0182324719273823,0.2699058605395874,0.23077405700272197
6391,0.017303996418314063,0.2509889640355973,0.198269119899356
6392,0.018320619359679328,0.2926352213242806,0.24275596847953487
6393,0.01643655769854991,0.24056233791043685,0.14686080366764181
6394,0.01833394398787395,0.2875637706979733,0.2536627845225108
6395,0.015648665328487778,0.21385008362011623,0.1540909703161723
6396,0.017835641047129015,0.25996650419443873,0.36592178833343886
6397,0.016527582797083946,0.2169886214838143,0.14860266269703687
6398,0.02428798774021403,0.4058082192090366,0.08442215010202113
6399,0.015631818375497892,0.17360696288617655,0.13838022102780287
6400,0.015973521373470124,0.20505689281836936,0.1260811181405167
6401,0.017896636252519076,0.2548642279158777,0.25880522605262746
6402,0.018788111191032082,0.3000029198108525,0.2376075021694023
6403,0.014983872666351821,0.17126598774778629,0.2652491860102258
6404,0.016477739788051525,0.24305328993796024,0.14481497800589307
6405,0.016399689651317013,0.22173727880230915,0.2582544558546507
6406,0.01916691183344722,0.33543228167633493,0.14779634037256603
6407,0.015905539822980663,0.2133299668068789,0.13135960266204216
6408,0.017707254684614458,0.28334172980583894,0.2547746149239217
6409,0.016442568062614522,0.22462449274117263,0.25923296777906424
6410,0.015690724841297358,0.1976077210376079,0.25551090281038774
6411,0.0175563852711225,0.26603273062911703,0.2602197475518335
6412,0.01943908148924872,0.3352960295051976,0.18334087542447644
6413,0.015079371929188555,0.15554954766844103,0.20438404438357333
6414,0.014908208766177988,0.12983260192752696,0.2545659776357584
6415,0.016257652222153657,0.2134160439987068,0.2947597052342738
6416,0.01837890165319789,0.2689551197773089,0.17687238978711814
6417,0.018043948589741093,0.2777151480222819,0.16300182355096987
6418,0.015373064708951986,0.1619559659543263,0.18309270033931377
6419,0.015015783237511675,0.17568683960616074,0.20595310088033697
6420,0.019320809020877606,0.32823264071369956,0.18647207206367816
6421,0.015354578407376931,0.1910580845418832,0.28455707906243216
6422,0.016003712381252658,0.1510228394589046,0.4623844070896317
6423,0.018677224094910252,0.2888952451527183,0.08587019960076472
6424,0.01723803632843422,0.22594924086282983,0.17815783984081174
6425,0.02167898854053115,0.36050770940073307,0.20125401973444967
6426,0.017929432648642083,0.24588362248428675,0.23831319153735614
6427,0.018253365025701965,0.2542297528814538,0.3021452968957674
6428,0.016785700936487295,0.1777939373085568,0.07637301375643729
6429,0.015526911484975337,0.1593629763508714,0.14041505599330698
6430,0.01807414569793962,0.2736345931500767,0.20069270488586222
6431,0.01774082404326968,0.27135168340095367,0.1978682700251493
6432,0.017222220057792014,0.2470493084592325,0.15320113477839228
6433,0.01662203265174627,0.17764879942793127,0.2373724711049089
6434,0.01712586700662937,0.22522836374163657,0.19394068534530343
6435,0.019191001194638638,0.3122449320252154,0.2140268403828926
6436,0.016595376130687827,0.2336408374112449,0.16933776711269993
6437,0.018662218529515613,0.2807270370174691,0.21305830894280472
6438,0.017415555059085815,0.25423483726197926,0.17812614049309705
6439,0.018884952917148447,0.30428563585763113,0.16025883781499248
6440,0.01793720384850441,0.26987694933165196,0.1824169875790945
6441,0.01853415283812603,0.2798456667535859,0.0998241818999343
6442,0.015736503007521798,0.1411149199349784,0.05868699751436064
6443,0.015749048105747752,0.16712729200789697,0.16509387880484766
6444,0.01771232616904371,0.24798174917124613,0.3088738669970523
6445,0.01729128971626457,0.2571749743624518,0.23534751201413728
6446,0.017819265496795418,0.26582169549636436,0.2691104511559844
6447,0.016626337575530167,0.2331997676443341,0.17742152294038796
6448,0.01704757738956138,0.2405864056609248,0.15955545951264388
6449,0.017100385431681,0.245097064640289,0.14242496639719965
6450,0.017287153410209814,0.22277607540484948,0.1830206591301181
6451,0.018483493346811392,0.2694186205498035,0.13331974497813456
6452,0.014467192891472228,0.12692286488895893,0.35649187921993797
6453,0.016178188818223065,0.15198398642703054,0.2980480779158242
6454,0.017713577234543827,0.24123050834254292,0.27854309641617725
6455,0.02110562174250902,0.35488813533931407,0.14393352890665376
6456,0.014441351964366281,0.1318701423841365,0.08923843490184641
6457,0.018953833364321254,0.31239102262062,0.2701309776032362
6458,0.015159278801277237,0.12523775468627182,0.1434553107949121
6459,0.016757242873485914,0.1923874487220417,0.11853494618776307
6460,0.020574392941812635,0.30898447486040975,0.39474072849883707
6461,0.017447521619095806,0.2647410558892085,0.16967549433048765
6462,0.017271922763411263,0.21553823438152234,0.17908805238730663
6463,0.02075116656125684,0.2994405137627438,0.3337825523102196
6464,0.01778223447784263,0.25420266083737864,0.09049263129881513
6465,0.019749253674169194,0.3116354487202038,0.12870082501061875
6466,0.017613079586313533,0.24092604612623825,0.133714133714013
6467,0.020647254123320403,0.306613526149125,0.07189854850921688
6468,0.015455498961367626,0.13035021334464225,0.07142562398237055
6469,0.017660337993600277,0.19883616878508573,0.3675274616698573
6470,0.015545532616289198,0.15726364299532436,0.11208426251347675
6471,0.02144316245369634,0.3490626275031206,0.3738305328820387
6472,0.019844862463876022,0.3068700950433244,0.15701025175119843
6473,0.015687686805108507,0.17250644688702696,0.16576087043310733
6474,0.016398413078559215,0.19497978094670868,0.26179054219617504
6475,0.018869872350808108,0.29425617332334053,0.23109160040191049
6476,0.018072745649377844,0.21747451847906077,0.17384701253320867
6477,0.016441935048712837,0.20651274634904845,0.11785591928613948
6478,0.020870036400770155,0.3557040134208026,0.15979238469551793
6479,0.017147661597085254,0.23698812492878318,0.14588792712291926
6480,0.01759548299070743,0.18956450312565862,0.06976713140187871
6481,0.0237460154078394,0.3884234389636841,0.3243361626296532
6482,0.019043050860265472,0.26963677095653477,0.12666597889294623
6483,0.019643292022908855,0.30384373387614333,0.16978210734442556
6484,0.01660094014189239,0.1708844869778689,0.1959381501375732
6485,0.018882217741617593,0.2594246610062433,0.28082720873359557
6486,0.018222716852215257,0.21655936864722997,0.24799811192526533
6487,0.01897504269172686,0.25316384038875256,0.11850236851312686
6488,0.01957537586063101,0.2792266726903989,0.1687339757171003
6489,0.019424663997851206,0.25139479660538594,0.17558398729886382
6490,0.018874657986608475,0.264861114647024,0.14706252830627398
6491,0.019958938276633028,0.28571770842042626,0.2682274466531741
6492,0.019796930600533977,0.28124112517862176,0.10755860346091493
6493,0.02127017050863722,0.28999258684855217,0.18736321262894584
6494,0.01667441270536202,0.15071228406244,0.19220673799383114
6495,0.023159080671289464,0.3649152733284462,0.4509891140263809
6496,0.016488944480763806,0.1608977995903026,0.15153914230084242
6497,0.021622114927457678,0.3222631332559028,0.26995270185242665
6498,0.019267375140531284,0.21504570829970945,0.07026375889858656
6499,0.02475350477421894,0.34443475565924037,0.19447058350919538
6500,0.021080632076280446,0.2393868711345454,0.1257842253957394
6501,0.017354479179083136,0.15490354297881992,0.12211819784428295
6502,0.01897425005518727,0.22406398409540282,0.4471903226226942
6503,0.02117822374147342,0.3046598465741398,0.19726677622976854
6504,0.019144278726155775,0.23775579850460493,0.17250571317301513
6505,0.02104493150524637,0.2749876605083392,0.13220985618449294
6506,0.021886156018014444,0.2788979413169231,0.3282795830303457
6507,0.02198458705251352,0.3008381199629039,0.22347256135375698
6508,0.022740493720743535,0.31789369465980827,0.18545012602501812
6509,0.020876050574909537,0.2671493638423596,0.14197440683649273
6510,0.019764186339597287,0.25980666057255497,0.13542010288423031
6511,0.02247288663639491,0.36009436628418945,0.14544315661731883
6512,0.01912597770340609,0.22203104762529782,0.18870306741128404
6513,0.018813618217452966,0.30480715968595357,0.044184144325199445
6514,0.01929837779104186,0.2639019537102133,0.1671961196124626
6515,0.016373447398514648,0.20026231134835373,0.21259779291166975
6516,0.018623566197244097,0.26381480370679256,0.19151690893301598
6517,0.018749753115673708,0.23885759579183596,0.22536046592698566
6518,0.01798278837510815,0.23760226308113014,0.19690381299841167
6519,0.016322503884715865,0.18504839782953278,0.15574583400850564
6520,0.017426108727958075,0.18585397526055386,0.39261816650172804
6521,0.01596286093825206,0.13761416539852842,0.3985998931709102
6522,0.0179917661830874,0.24407071735685845,0.22716765161850813
6523,0.01725381962262362,0.1995085497513124,0.4299177156868021
6524,0.01705513442963814,0.22411735215131703,0.18194623235569501
6525,0.015485575777216978,0.17214386100477205,0.1584265108964006
6526,0.01668701007431504,0.20300050942436726,0.15131566383786063
6527,0.01983369904543772,0.3290371720455361,0.30182685325625125
6528,0.015360475299935126,0.16029116987968453,0.1743919225165014
6529,0.01619818304265126,0.14148917381723175,0.11036122737172208
6530,0.02485034137674363,0.38587755808108803,0.23748625989729344
6531,0.019468566526005683,0.23773477972037904,0.35834249563988696
6532,0.021001008116184834,0.2929086037386564,0.3688454211676061
6533,0.020443256990416193,0.2658910889311352,0.270714971404792
6534,0.014708092487569178,0.11140274273480658,0.12162141743330515
6535,0.016618867976451027,0.19659830676817944,0.33745103929745196
6536,0.021001861786551532,0.3514208873976974,0.15219747759902363
6537,0.016718003652867658,0.19572351559405946,0.1922602882358225
6538,0.0181860835073799,0.2469007264948835,0.18553548781053883
6539,0.016096514651343458,0.15462314572726402,0.11024272518766136
6540,0.016072581732174192,0.1610859896644659,0.28772050220183343
6541,0.018771914524804506,0.2780570121996701,0.08015823876891245
6542,0.01804613415640879,0.24415050892873452,0.18442585727450225
6543,0.01587122130694343,0.16400099580552657,0.26207804232149057
6544,0.017497967741292194,0.17057990629863412,0.14816664721133482
6545,0.026248781423310392,0.44430292084648815,0.26061777436630207
6546,0.018018509792712033,0.18209804724809966,0.16102625086007974
6547,0.023757074239003573,0.3895490892683462,0.2881476602972031
6548,0.019022263123904082,0.23346967476141878,0.17487402580482242
6549,0.01747249188251386,0.1864457148837238,0.18096476071998113
6550,0.02659191656880001,0.450353920527394,0.3692843835736047
6551,0.01588444153175473,0.14287091690500023,0.08230175053047979
6552,0.01802977814775423,0.24323041016945385,0.19679590993838111
6553,0.016354661391980708,0.19331086073316436,0.13147342203678536
6554,0.01791308371709349,0.2548230262782139,0.20811078801049138
6555,0.017267832759824752,0.24081273052328553,0.18683540794335865
6556,0.01573078541004842,0.18392933307397719,0.19374541568273138
6557,0.016741325448225822,0.24204668576371602,0.21953113799276486
6558,0.017298726979299187,0.23956533294328927,0.39750524210059895
6559,0.017615003280003372,0.24292240618423583,0.22816681181567777
6560,0.0177779397075412,0.2699989654716385,0.2452960214898673
6561,0.018033950102416558,0.24626474038990012,0.1706949436215186
6562,0.0179183579362,0.21594748699594585,0.17544832549010636
6563,0.020788307783987235,0.31680169372598777,0.15803747348272784
6564,0.017217808042089836,0.22330715568439113,0.20046348951619739
6565,0.020519430714115057,0.3307030491009364,0.272597061966867
6566,0.018216866006958668,0.24278953047776514,0.22630022041447376
6567,0.020623340649578107,0.33251712806605327,0.23942230216374033
6568,0.016255154458282045,0.18822026256593907,0.26590559785142276
6569,0.02222446780593545,0.3753670353009343,0.26486146310781167
6570,0.01830068175537426,0.25010679351983334,0.10678361614450199
6571,0.018222448411839155,0.19845812602994983,0.27147797053143685
6572,0.020303258922705198,0.3072286500663364,0.2819130761653982
6573,0.01634655583608642,0.1536452815007467,0.15145697201134548
6574,0.01685137936523862,0.18163412891132577,0.27836833452579063
6575,0.017949370488610877,0.2112315105171051,0.26796370260279634
6576,0.015714422253623503,0.1651329850134184,0.08220289737326103
6577,0.015583802919438556,0.17019134172251443,0.24762621308332958
6578,0.015657521554280882,0.12694828925568402,0.2430421974124705
6579,0.022559946155256465,0.40386062235650094,0.2535493168568956
6580,0.015202602136415633,0.12108148209083985,0.12747898826556378
6581,0.01975954612954888,0.28355509107377763,0.4260975709500234
6582,0.01959677499824903,0.28902668863331166,0.17241167472881794
6583,0.017133595797567965,0.2320480155438704,0.173811281856869
6584,0.01685519189611932,0.2173546695998782,0.20889842908941295
6585,0.01690670922991709,0.20102057787527505,0.11971531856727918
6586,0.017194918673906042,0.21028273673387216,0.46522918425694626
6587,0.018336199356852503,0.26175332745904994,0.22003286031837
6588,0.017428013957623625,0.2512256977374251,0.1294323833858078
6589,0.01506177509760415,0.13396027377052222,0.20549767806657684
6590,0.018733876519350778,0.2851388719420757,0.4128742085143516
6591,0.016079176254473068,0.18637706994322067,0.14059582969531287
6592,0.018869380172165426,0.3020824675367853,0.26966977792455193
6593,0.015829631611964972,0.20695676200914276,0.1978669602088698
6594,0.017172453203689812,0.257476032922407,0.27508132249932293
6595,0.015476881788366184,0.19677741281378713,0.11283619042649856
6596,0.02082160324147069,0.36790539107363507,0.1477084907971969
6597,0.01563776291771518,0.2010824783860367,0.1343094752849309
6598,0.016391634316362143,0.21621405264330693,0.10186844031022983
6599,0.017144856114650935,0.2517484597197386,0.16217548974560653
6600,0.018707153735563687,0.30072125737972316,0.19993412983033815
6601,0.017446603896951383,0.258778081663532,0.1683411509501376
6602,0.01632545293999339,0.2265310546990068,0.20305725418776394
6603,0.020327367349027313,0.34466070616627137,0.19775772648285356
6604,0.014047959301171968,0.11572374508864218,0.14085038642135464
6605,0.019723781278799687,0.31895451496616295,0.25136087996866235
6606,0.017107588784050234,0.26089058704210216,0.17185900740869614
6607,0.01729113725618859,0.2619497671551731,0.2346085156281494
6608,0.018964989480632327,0.2897755646577683,0.21895665908748088
6609,0.01468785934507212,0.15439985428293537,0.18110589769812732
6610,0.016370156157962185,0.20780836400530533,0.37810547068635403
6611,0.02086173250208401,0.35823913302165555,0.335600395765653
6612,0.01537508824740803,0.1814085612247072,0.1677435610245495
6613,0.016134571569489876,0.17892436294378636,0.15013840758190375
6614,0.01570662937684791,0.16559278204182465,0.37633113317127387
6615,0.014847271019188691,0.1519952535479278,0.19524348254379537
6616,0.0215369951700611,0.36712230683411,0.35456388220319274
6617,0.016225927942277018,0.19420849321661324,0.1420207031510052
6618,0.019601627215022475,0.3250309098923325,0.2729057174310958
6619,0.015722055131351675,0.17959685073923465,0.17515357281142444
6620,0.018604381745599082,0.2939660606928937,0.21267771175735165
6621,0.016578447041238977,0.22441327582117657,0.12280961914383982
6622,0.016887099368352275,0.23103529842151233,0.2245650998576978
6623,0.01830554782649429,0.2901826780946962,0.14947816538688727
6624,0.017113301777521572,0.2629176697771886,0.18411598272009866
6625,0.015938655595999156,0.16089707860643337,0.15323056466696508
6626,0.015984568504992795,0.2041762496534298,0.09524931910861208
6627,0.01870248967102453,0.31692751139853137,0.2727247053085278
6628,0.016074871129415448,0.20600865826634904,0.2010297078348535
6629,0.019035597392532588,0.32479899020805225,0.28871971803319213
6630,0.015690105532918722,0.1960992582778362,0.1412102467957185
6631,0.016002584504416804,0.16786676076665252,0.19910200298761205
6632,0.020907127202714995,0.3275476648648332,0.23157165338104072
6633,0.016132402997836782,0.16587668560851104,0.14747576569772455
6634,0.019584779920829958,0.3168166631337505,0.24738704921147092
6635,0.01552470672127815,0.14304402319930776,0.07384946818290306
6636,0.0183688160876261,0.26907301872034983,0.4564128455559246
6637,0.015476393023413422,0.14224169675019438,0.1478647315048439
6638,0.021561085909193384,0.31669564539016215,0.2625123290922864
6639,0.01782827868626109,0.2075128063702091,0.20269246842202884
6640,0.019933167106227678,0.2909350575981902,0.3457536251336915
6641,0.018849958119477834,0.22357438923697764,0.24864167851468932
6642,0.01639709143180999,0.21354345954755882,0.12308486094609408
6643,0.01672900032176155,0.24730112891285724,0.1881234629185158
6644,0.017825783747338286,0.25610189048618426,0.1724404003298968
6645,0.01945418119985754,0.3145119097064512,0.2448866896370759
6646,0.01696992427978464,0.23896645851975995,0.1690766337994522
6647,0.016884795674060378,0.23323766808225554,0.11580218443149908
6648,0.016471423474901773,0.17189687686122926,0.35630300774039536
6649,0.02152764348073492,0.34938304888993693,0.21557495392402548
6650,0.01734302585708985,0.2316202040584613,0.15453901845242043
6651,0.019121160905117895,0.3081380165600861,0.19683824970745673
6652,0.01747150151762033,0.23571297993424048,0.24360638699090867
6653,0.0167806910052469,0.23327263117626673,0.17340852902858397
6654,0.017309922187819994,0.24836393826052147,0.34395723059837735
6655,0.014986050804149222,0.16897557281014117,0.2733176414828919
6656,0.02011573297756423,0.35043535287361627,0.2934942286997973
6657,0.014828028837428136,0.15061640809731258,0.11175402524143654
6658,0.018667394208577784,0.24625898989475467,0.2404646730904029
6659,0.02091799758651622,0.3258673619503992,0.1743371444490626
6660,0.017217906543155647,0.22157754419283898,0.13104164791684772
6661,0.01924762790303938,0.3008500299316673,0.21444964597684657
6662,0.017136712338867818,0.209081954114967,0.1322633335301292
6663,0.019934105587663224,0.2825972525218579,0.16243319569091325
6664,0.01830857487825199,0.2695611301486449,0.152059516104548
6665,0.015343964038963416,0.13915210865280633,0.06864287872386834
6666,0.014471111106208719,0.11728730911513868,0.16796100216955392
6667,0.02140638165635893,0.3623402616268892,0.14800313383119268
6668,0.0171230199838091,0.20195108773353249,0.1468316394703974
6669,0.015535102339632872,0.1830490618365135,0.19117608281433074
6670,0.018173336031180945,0.2648722981449472,0.2044487689098873
6671,0.01898152811501841,0.31342672681715683,0.1698032532077378
6672,0.016656784963246688,0.2543809145409883,0.1439046950441931
6673,0.016380771698018968,0.21706064153648028,0.1842555926737544
6674,0.01836082436458547,0.24380839025936385,0.09513055995805299
6675,0.019676861477349757,0.2650470549820643,0.36451807567073496
6676,0.01969634718160876,0.2943469471702121,0.20155867049887707
6677,0.018081705875429108,0.2357069071055873,0.19509741682977394
6678,0.018480177761327717,0.2821655696936123,0.15727565708076147
6679,0.01566401460054315,0.2100526757653122,0.18581148855118895
6680,0.01648478152413131,0.21298416306714324,0.20861722182881284
6681,0.018933498734934866,0.29508748849493843,0.18628525689746883
6682,0.017384205810070656,0.2554121759642845,0.14838917823131179
6683,0.015559380127129534,0.1942559445170355,0.2982585570683056
6684,0.020186083025518768,0.3472026386731023,0.18239482624843506
6685,0.016335050005288343,0.21541582725716113,0.1969083677082439
6686,0.016085832676995895,0.169166096876279,0.22544393566855364
6687,0.023813819984461238,0.4157416097693423,0.31089680221275207
6688,0.01694165589532585,0.2048971461470739,0.17462245109556243
6689,0.018727227140564746,0.3032294094897467,0.16949466276290706
6690,0.017416930487799537,0.2589691743467451,0.18842794274141433
6691,0.015856483686711057,0.12062501580383188,0.2445706260736202
6692,0.01788584346888702,0.21860896674145633,0.24498346919404768
6693,0.015388935838059453,0.15973605377122999,0.1831423173677858
6694,0.018998892784670134,0.2884442884380231,0.28696704963060365
6695,0.01981170541809836,0.32262990210388165,0.260361875373918
6696,0.015472506442506943,0.1675824137008913,0.09734556850503612
6697,0.01714706978855759,0.25244809775569044,0.1910238224615319
6698,0.015419676727497736,0.18794373410074927,0.27239567069281445
6699,0.018549581115068426,0.2928011336114036,0.18995284953230493
6700,0.016726766984947447,0.19273671850237195,0.1236016233858318
6701,0.02062035934804236,0.33668395045287386,0.29347089127903864
6702,0.018197561112843604,0.26940132790027094,0.24525646174430243
6703,0.01576637821638007,0.20515455266941943,0.11546274685669945
6704,0.017617340062177918,0.27970234716225434,0.29634505677198925
6705,0.016601537273196493,0.2257319663539033,0.278628140593481
6706,0.01649775566614355,0.21244587754208077,0.39402548480917166
6707,0.018028929001631732,0.2565670451166983,0.27656547996276526
6708,0.017307675561374584,0.23777920481487663,0.15687733374465446
6709,0.01808913073512373,0.2850177194900577,0.1293245813158448
6710,0.017696338867486745,0.22053058916111712,0.2312056377868533
6711,0.016399041234374582,0.15641035761552258,0.3416845524346578
6712,0.022825657604909382,0.37679491708047713,0.28308053545761014
6713,0.01763659213683541,0.2313950359885,0.11793781931629821
6714,0.016403415882909528,0.21043265178548165,0.1423103355698391
6715,0.014640977318827318,0.11376767878325328,0.2727421834172144
6716,0.019918810192512522,0.3408112459562683,0.2372139283212082
6717,0.017923475647826113,0.23931681645196726,0.23215157911980094
6718,0.019317050963356182,0.27593119731307914,0.2567002265438279
6719,0.014891667277026769,0.12923358315820713,0.149149096851699
6720,0.020096283110276173,0.3046556487721909,0.437233267273536
6721,0.016526312459814164,0.20364052929242113,0.10906200039200185
6722,0.017920271851081915,0.24069751019863514,0.13489767768722688
6723,0.020205897887387372,0.3381410672718471,0.15679095532613005
6724,0.015482967153683221,0.15242723125178476,0.1745020795799186
6725,0.019338114589246325,0.24632459869619297,0.08727727726537209
6726,0.027878204622906955,0.44587726350114854,0.24759327737656653
6727,0.020046058947467225,0.2805145719091985,0.17616718289833957
6728,0.01470887186266616,0.14225080360015563,0.0869228067203945
6729,0.020362636133425274,0.3270023777624865,0.2990002658954059
6730,0.014472314102326567,0.11207074223164193,0.2547656481280229
6731,0.017508634582238527,0.2600330637833754,0.22945049812190843
6732,0.017807345962415892,0.2513540413036782,0.2671605717666487
6733,0.018019619887703325,0.27680021985199255,0.13386496360930972
6734,0.017924733342566206,0.281577131858021,0.2462951441156436
6735,0.01713408228560561,0.2696270609352546,0.22890651623124217
6736,0.016772600727236558,0.2382711320237883,0.16801708282092204
6737,0.014690508440005471,0.14616082164006008,0.22685221903974673
6738,0.014925232611180582,0.13827859850604915,0.20735751999607024
6739,0.020187270615149727,0.3440451703569704,0.2761367155826966
6740,0.018013660082774916,0.25434336517158707,0.15208258677949812
6741,0.01986414198781243,0.30141634638891135,0.17068354672797412
6742,0.016898514671583535,0.2134650639019137,0.21161752670228454
6743,0.022965503949294253,0.31203954262049755,0.16766539315651044
6744,0.01986383553598299,0.24819439136268864,0.16661677244403794
6745,0.023001696482612966,0.35154704585100366,0.11577712928664785
6746,0.019982737981599354,0.26870428479642855,0.1173258127586532
6747,0.02168737776764224,0.3253368700555922,0.23215272747924998
6748,0.019707035793400326,0.27755906704114225,0.11316050948399566
6749,0.01925522980861158,0.23718881755165275,0.16663287072576413
6750,0.02118976825099757,0.32804858126555053,0.17079883893638986
6751,0.018163043750473295,0.23946545869325006,0.13152525100188173
6752,0.01796137408321425,0.19552101692323293,0.3401677192255908
6753,0.02039504932130801,0.21063144360824626,0.24637544550843646
6754,0.01898484367987563,0.21696819131472264,0.16471238906089372
6755,0.01685423483511878,0.22896250942732915,0.14300895226367283
6756,0.019673117502848364,0.28037126446538496,0.4126246175816006
6757,0.021300605470233745,0.3514708858617887,0.07992731350310783
6758,0.015051055477742641,0.17353604699394498,0.07890493594001857
6759,0.018584307161327633,0.3083327964008422,0.2456210905729292
6760,0.0161275012815531,0.20052019127265167,0.17379514808714772
6761,0.016684015885503077,0.18614054481194095,0.3109481396529305
6762,0.01920762909437344,0.28110469523095305,0.1204254194093823
6763,0.018647958168096664,0.26378464137911717,0.2026994519815332
6764,0.016724104478878142,0.21664813434828162,0.13823791575521116
6765,0.018231500042009897,0.24073261316502118,0.253366411879932
6766,0.021856437821669312,0.31868709678510554,0.07130834757844881
6767,0.017155230797708775,0.15602189796495,0.20866784803140032
6768,0.019247958057502092,0.29941476464558087,0.3045930741809452
6769,0.01778493089393521,0.2592841547911594,0.18909992505571727
6770,0.01787182863464856,0.25692614108108014,0.23107197131563845
6771,0.020683365408070413,0.34380237718371665,0.21090227334074887
6772,0.018968483931618006,0.1944508859093359,0.0669459710932378
6773,0.022979986312568094,0.31944730073680144,0.5296523761533861
6774,0.019380942902580186,0.2161211540853228,0.2738811695566266
6775,0.019337254348628086,0.2276142942736134,0.5723462829336634
6776,0.019244590016282318,0.23692018676501111,0.20097569705354973
6777,0.022226712459891877,0.28003983511113933,0.1956981452760714
6778,0.019673428133459084,0.22444340191551854,0.19586803819508258
6779,0.022841205863087292,0.3176496491966384,0.17744179431790194
6780,0.021201934234551804,0.25738126503526226,0.2086160763905644
6781,0.022481621899044194,0.30184775083443305,0.21000612867436608
6782,0.016284476411988276,0.14225181156265598,0.10726944473220457
6783,0.023463543635620032,0.37770697308700857,0.36793714697655455
6784,0.017203786545874202,0.20102114206998467,0.2166556366635289
6785,0.018103546126904867,0.17607021755258834,0.2679820427866228
6786,0.01952109111159173,0.25330925427043693,0.21031868721469624
6787,0.016265794995502337,0.12899547448703577,0.0437169944703237
6788,0.01990111523733535,0.28920914339205667,0.3879870356522819
6789,0.02394798765042718,0.4034638234789979,0.19773915741484824
6790,0.01504686280252438,0.13829991982513784,0.15529802388104702
6791,0.019203500796633906,0.2933923983793917,0.27611146743193304
6792,0.017794968833551833,0.2538766165557589,0.2696576959528207
6793,0.021182080901832465,0.30105405343845426,0.14069811432725504
6794,0.018597769469394013,0.23064182019466037,0.12725314065965437
6795,0.017482673851129303,0.2113284403061655,0.14814946735319176
6796,0.01568683585684154,0.1620749417948614,0.13918252158412867
6797,0.017768459985170872,0.24286615997737832,0.12322296664601538
6798,0.016811470219727846,0.18807040306273626,0.36384007137019136
6799,0.01599394645015402,0.19032665724404385,0.14396234908420394
6800,0.020751168724026534,0.3196285482938152,0.2414803921935486
6801,0.017448271889353478,0.22163175734804186,0.2163710083106763
6802,0.0184721770921899,0.27024432649567776,0.2608036179411358
6803,0.018520337411432067,0.27968170649297547,0.12850619983029288
6804,0.015550755732545517,0.15338556644233817,0.05933057728103555
6805,0.01781648722954973,0.24318810283201364,0.07928467067443105
6806,0.014409766659056645,0.13695928206562785,0.23074653275676954
6807,0.017409896485407157,0.22583278429571313,0.22861370037785322
6808,0.01806227231628827,0.2239720715741227,0.16023113007577988
6809,0.0177480593276666,0.25233898859833387,0.20156856762363118
6810,0.019295301984129484,0.2967616530445494,0.319813532219599
6811,0.015707506493708633,0.19718018054560585,0.1949939343877538
6812,0.01938680654982327,0.3301139262234086,0.16460665120085827
6813,0.01651623486811184,0.2109466176372693,0.2625416498789063
6814,0.015863591498333707,0.17873839034983846,0.12768619159830227
6815,0.016571670447139048,0.21064278889512825,0.2576269876521681
6816,0.016695671828734486,0.22784309034284178,0.1418405859984538
6817,0.01702921386828865,0.20490922893079744,0.3051412878078328
6818,0.015255189470983173,0.11083771798423939,0.18099464982364843
6819,0.023242063742076078,0.3730831005906063,0.3871088415292367
6820,0.018122680209799062,0.20911075451443045,0.1393262047296492
6821,0.021430782938724784,0.34538187029239986,0.1982045121732981
6822,0.016038917931567986,0.1544381972005772,0.14890120079437041
6823,0.024495665904890156,0.41653702083584326,0.296372328763129
6824,0.015910915660047063,0.16045190807065732,0.10655835947722946
6825,0.019617878187446394,0.2985726012517358,0.4913716151381083
6826,0.015106689117982028,0.1450816162387399,0.1597788689672819
6827,0.018043751911507876,0.251773546031123,0.2916502573183223
6828,0.01704482986612119,0.21003630344480223,0.11802591136887214
6829,0.017663983120468466,0.24099783174435607,0.2878318162514318
6830,0.017316672229484163,0.24070236626248173,0.20439261683530965
6831,0.018230968823545902,0.23921164534292863,0.06938257274413351
6832,0.01926314170740201,0.2954162322887896,0.13090993257820263
6833,0.017805345422852593,0.2641973670145654,0.15782273429924695
6834,0.015879776173113938,0.1858938635297255,0.15601104650481915
6835,0.020933623491853882,0.3527678824689551,0.18392402812189695
6836,0.013953803531459762,0.11200545607036082,0.1399428409837403
6837,0.02131664387810102,0.3762338276204881,0.19892226921216608
6838,0.015529149592482345,0.1981016252501454,0.13167761455752883
6839,0.017928998632916096,0.29474083380801536,0.1632290783401557
6840,0.015942943513350696,0.22364441423378756,0.14934678511831936
6841,0.016224604289443566,0.22025602106134018,0.12951644375243526
6842,0.016846534212327555,0.19322570832534244,0.10929120173493935
6843,0.02195252937882362,0.3752124916563367,0.28123938814298427
6844,0.014615795058318096,0.13356399753364576,0.10199965162846869
6845,0.01642630404666453,0.19308789381427358,0.42339647511261497
6846,0.020618200009637107,0.3116335317584748,0.11475665238800875
6847,0.01708274715196972,0.20907910712693864,0.2957309414665299
6848,0.015168234060265027,0.15470024570609187,0.21016643139887867
6849,0.018630808906622384,0.2772138344096787,0.3079227199468341
6850,0.01718516345041882,0.2461804124580454,0.14271119929602286
6851,0.016371263619946036,0.16941865210385088,0.3979951101067368
6852,0.01830016939716063,0.2580079195216748,0.20987983466296536
6853,0.01636773245466641,0.2083581628664546,0.1644124304487753
6854,0.022134938398730042,0.34445278978260163,0.2002626470345177
6855,0.018558985702680816,0.22256819422068524,0.3128824161306968
6856,0.01976994446162223,0.2817103011367258,0.3129194405515838
6857,0.015308693433022161,0.15545964738643084,0.09473585552200174
6858,0.01788616590067554,0.23826435555012826,0.18650321397790243
6859,0.01854240883526242,0.2795184861200465,0.1685710431774977
6860,0.019006361137738542,0.2917904076016148,0.15178255116901457
6861,0.018125769543534637,0.25354378972439745,0.22083977661857793
6862,0.018263946762307966,0.2716829698117691,0.1822302521982006
6863,0.015635717484005093,0.1481472155648483,0.2393028643643562
6864,0.017759990209966416,0.2751503828095746,0.31374758669230557
6865,0.017469351148243314,0.20099739404664002,0.1174826421261716
6866,0.019866260583214935,0.31592466310154393,0.1862679863296408
6867,0.015631946862354223,0.17443992578520368,0.1531281291099637
6868,0.015662606732886192,0.15235039295313463,0.21147434390072112
6869,0.02413877467028964,0.4183749555755716,0.31323153567895434
6870,0.014793867191858514,0.1193123884721379,0.10902461163474343
6871,0.018045261116960715,0.28867326009913385,0.3120358643185323
6872,0.017238676214565173,0.2382973632937861,0.11371267354474593
6873,0.015856732473496258,0.1361410917400394,0.2646816515191348
6874,0.017744438056394068,0.20607095149305316,0.3814537485792861
6875,0.0197185712294525,0.28816696945141995,0.1286977870164384
6876,0.017264422951631674,0.19494104724056685,0.18300959132403738
6877,0.017719614447113185,0.2095288905093216,0.19982847935463588
6878,0.01751981647285598,0.2261245053145792,0.16022374485044505
6879,0.01722302510625446,0.2380122964637636,0.23875030189536955
6880,0.017108277256986295,0.24613768661094723,0.1807976714458811
6881,0.01888305283373683,0.3051856344702654,0.20202506174362259
6882,0.01719620016629668,0.24964284760074074,0.1349211805283087
6883,0.018463342202831443,0.2997371805994905,0.21318576234193196
6884,0.01582732345554819,0.20633868714251055,0.14805510707647662
6885,0.017674348262283188,0.26291103761266893,0.3070328868070533
6886,0.015604906979543377,0.15326868274918742,0.09648336770850047
6887,0.017397475417616406,0.2410129599017043,0.31962064080974706
6888,0.01769060066529133,0.2553417232897025,0.15526404973347976
6889,0.01864176487285896,0.2642676279342761,0.13450674874892876
6890,0.01923734427766222,0.2819285866931834,0.21805408426874984
6891,0.019757115794990787,0.3150442682764171,0.1813043102581022
6892,0.01660238386446946,0.22429961276411303,0.1468872326575464
6893,0.020155558160101544,0.34436592522320736,0.15797804130464926
6894,0.015659881855122616,0.19544058669199918,0.11477336122507097
6895,0.0184807979541872,0.31271355585285004,0.2971587122725578
6896,0.017609283526945175,0.2657402853920973,0.18417829284436807
6897,0.01796914838733696,0.2876106411371386,0.15591864739528138
6898,0.016551294732686694,0.17530838726177245,0.1096628062966916
6899,0.019342785319342408,0.30033999251874055,0.23374364819978033
6900,0.01646157674841002,0.15267163243862436,0.1527142831294064
6901,0.023701100373493964,0.40258995705968426,0.17534845857255232
6902,0.017891447233182072,0.23188589274631644,0.12755213676415025
6903,0.01591341562507818,0.19573017119053665,0.16827188764171566
6904,0.017491670494765608,0.24380974496640836,0.20907449112681223
6905,0.018062430644169063,0.26850804353962976,0.18707046610432365
6906,0.015968244793020888,0.21420797195288302,0.10221410273793674
6907,0.016946511967726074,0.20087129228952685,0.1641901815353371
6908,0.01665198434116269,0.202434451457584,0.41898883184372887
6909,0.019417056281721853,0.31838132862742635,0.2162737552946166
6910,0.016374553946472283,0.20828594880028656,0.2145279091540985
6911,0.018233991014503088,0.2192970467151999,0.09384702833616622
6912,0.018458324836954285,0.2104084384936383,0.009615852925651511
6913,0.024339589099639188,0.3911294641343061,0.3048477851439926
6914,0.017791342111527247,0.17522374709838337,0.11130038065774266
6915,0.017245393516864438,0.2270946526250109,0.09624236197775257
6916,0.017845473829976026,0.2592292305640251,0.23292551102416373
6917,0.017867693278260058,0.17493547832052367,0.061933311316077176
6918,0.023119620117924778,0.33109111943160313,0.3758216801351219
6919,0.020318184884343577,0.28110730358670705,0.2390244299126403
6920,0.02052758104273082,0.28498916884225944,0.2765209563606565
6921,0.018568492010034857,0.25340150308068227,0.18105935248193405
6922,0.021649904050275837,0.34812039092933267,0.22959729829758885
6923,0.01962421906652741,0.2816217618591133,0.11226953850812463
6924,0.019888323948527464,0.28524480935815566,0.22591512252990192
6925,0.020690459396999414,0.20902752501451133,0.13258743738613105
6926,0.024945346513529667,0.36752955364355755,0.22584015239456445
6927,0.02015733156166857,0.2546719842756169,0.15289505746208948
6928,0.02163009938662035,0.28172651520627523,0.15501381885383483
6929,0.0224932056932901,0.29693928386651747,0.3721245745782209
6930,0.019735117618896878,0.2569450885980049,0.17344479518115957
6931,0.017019463383884662,0.17618337590444016,0.07754370549558229
6932,0.022737359263685197,0.39508850982822236,0.18486167289959235
6933,0.01546723450019116,0.13629350410622856,0.12633518217192435
6934,0.02153611034773444,0.3563964336933172,0.19334512636671797
6935,0.017468226622470932,0.22686170356756935,0.1308325392842311
6936,0.019158547639368015,0.3068132841682676,0.20948997469814593
6937,0.01702575694962289,0.22240345948834916,0.19705480422897978
6938,0.018451693358648952,0.2856397334038232,0.13233963080714023
6939,0.017841135061450332,0.22950408871571581,0.2481018650041847
6940,0.01953668333092272,0.30629825293350316,0.19721603003151297
6941,0.018184712271844983,0.2284443620512259,0.368955421975661
6942,0.018890796334656727,0.2423794064419712,0.21346076292809726
6943,0.01844810140145577,0.25985001882770664,0.11430521623001316
6944,0.01755455250953141,0.21657551593464525,0.2434259952148394
6945,0.018794914349585076,0.24885674774262803,0.10929806825679433
6946,0.017512373976533668,0.21710597072220683,0.2879880597613596
6947,0.015409363623257195,0.16043149287636094,0.19396872439487017
6948,0.020168126481346152,0.3094944572493777,0.2637133562713099
6949,0.020916922747369043,0.3593100917994997,0.12149771330014485
6950,0.016324666073117076,0.17637315841382528,0.13551228798738346
6951,0.02069997414852181,0.3100925244313973,0.24636338076227904
6952,0.01887481128742833,0.2790106622398451,0.28354893894695415
6953,0.017583088494816292,0.2479334952549674,0.13920453872007674
6954,0.01841420452699498,0.25813279722149673,0.21209521976179335
6955,0.017736233093076603,0.19961822646478253,0.13771626075015236
6956,0.01770417593952025,0.20506994291214783,0.2173079411042021
6957,0.0192989680144035,0.2911559639957758,0.25091491345440986
6958,0.018325622679534984,0.2802082449765984,0.13499900356306208
6959,0.015072211782286817,0.1178503790751953,0.11078890019980674
6960,0.019229931703146158,0.2880648928701324,0.5730843402411315
6961,0.016759148557027717,0.19178384520176583,0.23162809835812598
6962,0.017619731974755904,0.23163205753093874,0.1503862033017376
6963,0.021458611676836353,0.35652705214658664,0.1651658128374351
6964,0.017153340735980443,0.19341325037160922,0.10353687924353923
6965,0.018242258408842412,0.2341954752679028,0.34829785854764306
6966,0.017433167396841153,0.22708076176642777,0.2511886829651665
6967,0.01710120583426107,0.23203967893377106,0.13555826240799088
6968,0.019329813665230712,0.2973261121819857,0.2337148599620079
6969,0.017463427378403874,0.25517930443950715,0.1982290508602239
6970,0.01803020197696822,0.2563072852414214,0.18382092323104482
6971,0.018453486877194215,0.2755566916348998,0.22022221360092084
6972,0.016058350670502923,0.1775973951805013,0.1754303488478288
6973,0.020311510316559547,0.3243739265655352,0.1182392630764707
6974,0.023123749618094,0.36958321810504857,0.31807347669601604
6975,0.015585469134704403,0.14807136558437883,0.09582988406716281
6976,0.018364856610290914,0.28639799182717524,0.3614612793338714
6977,0.01752629724407797,0.2618308081721779,0.15418538640253235
6978,0.017914551064722638,0.2810250598820706,0.15328456722023953
6979,0.017708769164581254,0.24555817768147956,0.23950361796117253
6980,0.01843938171798287,0.23417630250963414,0.2719670275616386
6981,0.01837049272001899,0.26990407251192244,0.09645510291815175
6982,0.01590417660951429,0.16557345074851695,0.1372113252743001
6983,0.018524131907216267,0.23622224166251865,0.15391338734144921
6984,0.016851086826361977,0.2475652400746233,0.11782229936290071
6985,0.019082013133279563,0.29699841213428063,0.19282890443848905
6986,0.01829366987874023,0.2469013693830365,0.26742181111071806
6987,0.018943873004231015,0.2694781832042504,0.20407914463277388
6988,0.01669510924995873,0.19086956264970106,0.24840491756985217
6989,0.021073727087444184,0.3373328834415589,0.17920579284147126
6990,0.017663245766369847,0.23216058511981044,0.189583258265733
6991,0.018956266545456915,0.2641021205658226,0.11425496137504565
6992,0.019816388676091444,0.2834788753417641,0.24138837431044455
6993,0.01885851535774741,0.2493656374128819,0.2112533578958893
6994,0.018761790182870188,0.258098886837678,0.2001985919332671
6995,0.019535948511602612,0.29969048735747805,0.17649438485878713
6996,0.01579278517735906,0.15101991774656431,0.17819262720367463
6997,0.01843186836185517,0.27314555288924314,0.27486372357615213
6998,0.016115773897103322,0.17970845183722137,0.15307162420135365
6999,0.01972665174532262,0.29415320163278813,0.2313598056959577
7000,0.019805230599504765,0.30433404305388045,0.14379898222491524
7001,0.01956978323262218,0.2835687294255946,0.12811745394539467
7002,0.018573726333705843,0.20139411833031554,0.1793186701889166
7003,0.02003671711404241,0.26213334304425817,0.3747160770755058
7004,0.01947052949526407,0.22118079389905115,0.10502960809387087
7005,0.016783669739805416,0.13031291211229135,0.3695102095045475
7006,0.01760605551535752,0.20634392401795598,0.30566490705055166
7007,0.020149420058408966,0.25980384980873866,0.11972850120745573
7008,0.021806184160684142,0.3351687551730796,0.23978385382338055
7009,0.015355898477475592,0.14056958022031002,0.09235317814310444
7010,0.019939372854189993,0.2800228783436987,0.5546082012824615
7011,0.01920940397272394,0.2599956295100978,0.22297783459906237
7012,0.017594330953308982,0.22021699351884189,0.2313552326008944
7013,0.018056126995083074,0.25266776802429836,0.16942074995678147
7014,0.01716773537781557,0.19636836002193098,0.14615565288152582
7015,0.018494622181330675,0.2295724662223684,0.21766217200348764
7016,0.02354099978973555,0.4082314789379649,0.27786434823937756
7017,0.014809787639933299,0.11902738291412376,0.11015770669594545
7018,0.017243959990288372,0.21564011144567813,0.26053011500348955
7019,0.015402857719660483,0.11721269487537468,0.16438390062530084
7020,0.01939053725860387,0.300530288506401,0.35551589502979875
7021,0.016238945749701153,0.15934523614350316,0.10797377860996187
7022,0.019719943463652086,0.29595950789546405,0.20469975742688906
7023,0.02334231394783689,0.3925601249924551,0.23070490981863334
7024,0.016061200919233614,0.15938601515168097,0.058947486410332685
7025,0.017544221352248954,0.19801280036026586,0.2620108547165996
7026,0.023113542388987805,0.38027689138313797,0.1717990213342168
7027,0.017634183132508842,0.20457169457561256,0.1250290121886919
7028,0.019679279404683555,0.29549361137453933,0.379931002372873
7029,0.017746522199641016,0.23909164245074785,0.19742398017315677
7030,0.016759139379615425,0.19370577901408934,0.18112956821328005
7031,0.018787932382251606,0.29883007429637415,0.3123952840469353
7032,0.01658276716913304,0.208252447270122,0.16114278934253887
7033,0.018811091132770765,0.29187524840551643,0.20134552234993444
7034,0.01696265038514728,0.19119454827064333,0.16960919224550905
7035,0.021888945309372316,0.3671721849754525,0.16700465398844905
7036,0.016169954765457368,0.18129247875655832,0.13088382871226134
7037,0.018627152232572042,0.2923246719865154,0.2810979737926913
7038,0.016641336542148753,0.20795845414135297,0.18668194962635945
7039,0.015595177913244255,0.15202331198965335,0.1967285079516759
7040,0.017476485132492555,0.2351520777771244,0.17357359037472928
7041,0.0172328478845054,0.20732367236682,0.2747285385272478
7042,0.01790326930542927,0.24840818134814033,0.17273885809397044
7043,0.019253151516544918,0.2651592660205812,0.10444091001097287
7044,0.018997694196256663,0.2627564213334888,0.252736952579059
7045,0.016549068331669862,0.1918402399139653,0.1287639586084921
7046,0.023300904647820517,0.4044396460384704,0.20253338659579526
7047,0.01567974637150785,0.14968859051234928,0.16975958040638262
7048,0.019393472975812863,0.28205850490051204,0.12591496632989893
7049,0.01615363155175434,0.16977306555168795,0.12698210934742918
7050,0.019759845357536162,0.3121019942811472,0.14395038012270064
7051,0.017975726165836134,0.25250779978183685,0.12555609858391248
7052,0.019247947743949122,0.30863624362132397,0.16307109985551704
7053,0.01709482526681083,0.18389034267034343,0.2049159436809837
7054,0.019984396129788334,0.29313452180743205,0.21269815815679688
7055,0.016940559185918472,0.1907736228096772,0.1427938526340223
7056,0.017848851901465262,0.24316421488271378,0.058329947472744406
7057,0.0199114401841409,0.3046749703678228,0.21696504997551655
7058,0.01583091761409658,0.17308665922033972,0.18199671941715703
7059,0.020880604309647218,0.35641188536246604,0.33287470816463577
7060,0.01709361771091801,0.2280257088312051,0.10093590570355804
7061,0.01628087908223374,0.19238441345634505,0.15726706884169633
7062,0.017676757914458757,0.25653412076645765,0.29985023710327136
7063,0.01630217406599529,0.19021445677863974,0.1673174255419926
7064,0.015817032477343406,0.1300998840301252,0.20423803006103425
7065,0.0202621028273355,0.3408898458757518,0.21399407281406566
7066,0.015505571081810042,0.16012043253281125,0.20296157035916876
7067,0.019339653601831455,0.3064111897974306,0.22223464148267044
7068,0.015778229157280887,0.16999795500268322,0.193717774325431
7069,0.019852891095518622,0.32861181989206645,0.14477424777411013
7070,0.015735288918282672,0.17675703781927574,0.10362732205787453
7071,0.016496046572244367,0.21834965664573974,0.12208175460368001
7072,0.021410556891825992,0.31114532076294116,0.31631576233333597
7073,0.020560609192048857,0.28073885882815186,0.24660855173941393
7074,0.019125112087821316,0.2557790174080576,0.2062311875948531
7075,0.02169477765104891,0.27968275550933436,0.18096635031131686
7076,0.025053984484247026,0.38560909606709315,0.10332166890999404
7077,0.018386940382890595,0.2688881973701866,0.051643301619525066
7078,0.017743414406569714,0.2555457493884624,0.15011043161237542
7079,0.01732634213868647,0.16845340001092043,0.2000493412460043
7080,0.017130827305211645,0.21428700059715683,0.19298499204236802
7081,0.01859642555072311,0.24908419750892805,0.283396521766801
7082,0.017029443709883955,0.21340072967548965,0.10324907933336815
7083,0.019695074014340345,0.30985059453782143,0.18373618375202877
7084,0.016419489688765748,0.17875114713422582,0.19733581378425294
7085,0.02073548948515252,0.3193488084350335,0.22594381250834994
7086,0.018021521462450507,0.2322101336216419,0.22198030220546894
7087,0.016502381657301217,0.15308755419847261,0.2340291248458527
7088,0.02383936930391144,0.3992632528225429,0.26724768210051236
7089,0.015544910704560927,0.12757512973310478,0.09602932385154957
7090,0.017931118675060063,0.24537935849112394,0.22959991024016205
7091,0.016129241420941808,0.16876337105348357,0.08104629394590479
7092,0.025065175025704774,0.4222592275270255,0.1887577562174956
7093,0.016890857071511296,0.1661168711158223,0.1373825618803113
7094,0.018329105618246872,0.2252365194062466,0.29970775241567976
7095,0.016651685821099133,0.18663733028294,0.19718266761520237
7096,0.01744942067446607,0.2276665364859324,0.09211246992195128
7097,0.021056286015076562,0.35116857143188973,0.1683282690635581
7098,0.017311350725599237,0.17975885888478169,0.40365229042678424
7099,0.017007077792132473,0.198472048139117,0.42697317034492144
7100,0.021329495113465855,0.3307232590162104,0.16967437726116266
7101,0.01624058128319698,0.1715065344939875,0.16323391515571714
7102,0.01943112996460852,0.2814103147417791,0.2999612296816823
7103,0.01805103215281455,0.2336080617847882,0.23602969091732787
7104,0.022288494271782696,0.3440599492318363,0.1314306163712698
7105,0.01928772051431216,0.2554655688661968,0.14126818418591047
7106,0.018673877491197657,0.20244489898824233,0.2638482156430427
7107,0.020392148807959563,0.24527614263062145,0.29584982016514577
7108,0.017587582782459997,0.18397797983761643,0.13073179765135295
7109,0.01876779722437353,0.2481986599822763,0.1267634706169651
7110,0.020994773625834292,0.3294896697883978,0.20584734449825393
7111,0.018537207422395903,0.24171167512916492,0.1352235266747137
7112,0.01756095919952135,0.23457077024418774,0.12438408765000299
7113,0.019130831011742882,0.2538278858517838,0.16013420367315181
7114,0.01985782943614718,0.2802579864316978,0.2609491025446599
7115,0.02100690974538759,0.33959086763113105,0.17994158604096303
7116,0.018240228530306286,0.2398035765006725,0.13372723421806648
7117,0.018872017267868683,0.23155968027530732,0.30010306655640573
7118,0.018850606489285757,0.2490000559203395,0.2061862803862875
7119,0.017072772737299253,0.21330527245368414,0.08953439979204314
7120,0.01991570384233059,0.32016983251736675,0.17408794994357535
7121,0.01703859845893441,0.22508626808983825,0.14828663317253118
7122,0.01744074740166835,0.195629732254739,0.3203990527320925
7123,0.018735745623005624,0.27070212999684556,0.29073684517378556
7124,0.018615057190109495,0.25441559218108356,0.1929188543603091
7125,0.018314529619662012,0.26890798850257536,0.24982853532281013
7126,0.018807555660864835,0.27789319471896945,0.199254763610829
7127,0.01657587707819722,0.17538905015325773,0.2324301410895474
7128,0.017064120992423062,0.18784693642891212,0.3076767654971496
7129,0.017090642800137418,0.19783586219898702,0.4523769746781024
7130,0.016200680183207878,0.14053883597787406,0.10713029571583366
7131,0.021308888345777568,0.35033182508324007,0.2726616236166298
7132,0.01751648989886745,0.22067844642163137,0.17383851692681088
7133,0.01646573227251192,0.17985487569009337,0.17460901923940012
7134,0.018212579016796255,0.1824655577795642,0.3830677696742209
7135,0.01950085933570662,0.2590463901220186,0.3299829953532051
7136,0.018524590261799027,0.2273976602224069,0.2301006289457195
7137,0.02048092040000167,0.2854121120209206,0.16323695741965763
7138,0.018983865587715833,0.2512858504733151,0.22821691049714518
7139,0.016397414899369793,0.1774715730372591,0.10404802104918003
7140,0.016586601373212623,0.1803688961826232,0.294142891213161
7141,0.017939814443962913,0.24587661165047076,0.21334789807215307
7142,0.017730565010027448,0.22581560804754383,0.20621283040483468
7143,0.017485554209007628,0.17473550933549864,0.5498717257771423
7144,0.019137601683382178,0.2597597714873249,0.2811489978528748
7145,0.01823070817270085,0.23485133568803807,0.13500610840529848
7146,0.017499596854385673,0.2031865624447693,0.08210891514783294
7147,0.017728308596271742,0.21726709889647958,0.33830502974968985
7148,0.021779476844723072,0.3545435846959988,0.33469664458370707
7149,0.018530804217742662,0.2385337583187497,0.1687008286890747
7150,0.017646318686828345,0.24708352231323003,0.1546652329953128
7151,0.017422081966972317,0.19788343351570198,0.21528104292474812
7152,0.01975222907231767,0.2712000487944287,0.293299298661071
7153,0.015204435898064724,0.11610735353949661,0.14584992692399118
7154,0.015717292298184814,0.15976778266376016,0.3315666573286978
7155,0.019695460009142636,0.3421238394686071,0.20476068938471054
7156,0.01669403866308485,0.24254943276253652,0.1233025626399341
7157,0.01968148630030077,0.33214194936611297,0.14472894943528958
7158,0.016296848752660204,0.2260674608179588,0.2020107302778744
7159,0.020116431827734774,0.3434552488491231,0.18717432169023784
7160,0.016096268539545985,0.2099935414508815,0.12904170004507373
7161,0.018598471691889634,0.2821327305422773,0.2366467874655256
7162,0.018678877354012063,0.27181179518205356,0.16595995352727852
7163,0.01856443447794362,0.29127560644741696,0.15541030911850096
7164,0.017447458029692133,0.21903095702895542,0.19422834922561477
7165,0.015491290561205533,0.16252756851508945,0.2037074127259975
7166,0.01856097988903237,0.2631924988330897,0.26679634720035666
7167,0.01741351346515641,0.23037263262907173,0.2355659579130705
7168,0.022253009958922845,0.3791267077825851,0.11598732843131557
7169,0.014934649279226542,0.11971038004146412,0.20397318877833204
7170,0.020113129792570572,0.3342023144949036,0.4492991137661065
7171,0.016259938483745115,0.2020895794693051,0.19057287198161893
7172,0.017045055744741255,0.24606979862230677,0.17068120579085033
7173,0.01814274325153817,0.26648142129292046,0.15229220368352386
7174,0.018159878825168903,0.26580628414087293,0.18250296805819732
7175,0.020041245134941495,0.32184918313170147,0.13897522799838674
7176,0.01710537376248843,0.2030080917890329,0.16727080330881272
7177,0.019935531234041508,0.3071298253486875,0.1436534269054304
7178,0.018443421527907282,0.2536974661301366,0.21228104974608267
7179,0.01804965062542892,0.21916275853584413,0.2808540985863828
7180,0.01704026836904837,0.19967977388260447,0.24785080513308616
7181,0.021292972419387133,0.31535216655005305,0.11214312618737633
7182,0.01851912179415126,0.21281713888997889,0.3709825392930692
7183,0.01812143990756772,0.2085252424882494,0.11965414347131714
7184,0.021135603910251516,0.3323555277540621,0.39008906713480174
7185,0.016968818025284153,0.16397876233393893,0.22250616065031856
7186,0.01944808938962334,0.232540714701881,0.49264241538852127
7187,0.02005033577122269,0.2739401154697032,0.09763646658762773
7188,0.017210252275982354,0.1772797927842725,0.13208713405133016
7189,0.020516617532756194,0.2916321871137936,0.22215276022658767
7190,0.019218492476036603,0.2685311500488245,0.14816130216196688
7191,0.015460089728580312,0.15725567225200512,0.1636581547568916
7192,0.02017438985647375,0.31823498043753295,0.17095267457252317
7193,0.016876111958756768,0.18165821962546652,0.16246503227159562
7194,0.018991899824591544,0.2922749864112214,0.2918488292574899
7195,0.01807007357097027,0.26489588719881607,0.14192574004796893
7196,0.019588648097777914,0.30472632259811466,0.18074585822157707
7197,0.017700028204264896,0.23465323335573868,0.1561055676668175
7198,0.0194666079025918,0.29957853733624634,0.1621192766211767
7199,0.017718172175917177,0.23817443458482696,0.152329922805491
7200,0.01859846429892704,0.23421344300962305,0.14045503313679242
7201,0.02084090325441396,0.30802839991112013,0.14820440174892113
7202,0.01889385072240779,0.2616530579096796,0.15151980038946317
7203,0.0148897595106783,0.11817850973004107,0.084390014400353
7204,0.02026519436029928,0.331280711222703,0.21837732697962595
7205,0.01761491813158518,0.254759128818549,0.16298925186682084
7206,0.017564384724180225,0.1981221174089415,0.2515488123752988
7207,0.01636575554554755,0.19315242061507856,0.25907052767029587
7208,0.019000291923423167,0.2339660896085846,0.14448376428090162
7209,0.02071419845492502,0.30893852580559766,0.22749666484993658
7210,0.01905414686281055,0.27898881301888123,0.16944334253220716
7211,0.0175943804116263,0.23220858831818775,0.15039159817217349
7212,0.01675116485793801,0.20543554819122328,0.16570982247275293
7213,0.02131965111288565,0.3506319720616456,0.25875763522200435
7214,0.015201465381589407,0.1432897766227157,0.09482030879997587
7215,0.0164678768685549,0.1633828613153421,0.21209277827295245
7216,0.01886139493915979,0.2351891742821606,0.4103871591596453
7217,0.017575275643131886,0.15170088734885714,0.5925833263914708
7218,0.017426845652894957,0.15776558502641122,0.42621132984145293
7219,0.019196623481475338,0.25152751747413243,0.1380447668775984
7220,0.018499450289761625,0.23719639437282977,0.18720089353900174
7221,0.018016307618127475,0.23847406859303527,0.24648781608215023
7222,0.019102584061102938,0.29107966002469743,0.15128542908732187
7223,0.018221467586949442,0.21800522828573915,0.1539154746577798
7224,0.018189246532955523,0.24558473523212693,0.1377581617041998
7225,0.018374058396303808,0.25435345530691617,0.1876154064653628
7226,0.020890837546695278,0.3413672987994748,0.16443421971279892
7227,0.017152879124234584,0.20478470689867895,0.16082669665585236
7228,0.019821914665735733,0.2947459819725095,0.23139288561402546
7229,0.01677042298138981,0.18911661803906485,0.21790933552358682
7230,0.019355136343634942,0.2384541275044285,0.1079232383704968
7231,0.01754402776729533,0.21900063551857937,0.1840058312832575
7232,0.018633053686971605,0.2796462337142816,0.21572276699362478
7233,0.01594386326417929,0.18925457199797827,0.09850722366620826
7234,0.017129112358976267,0.18693873174902426,0.21327660058078712
7235,0.0206000438138808,0.3142282069924212,0.30678525050780453
7236,0.015362631414538606,0.11967862193029757,0.043861087514233184
7237,0.021261846333565676,0.31178784659487546,0.20026278409360715
7238,0.0163248524100717,0.16744359068014314,0.08918866682990614
7239,0.017866657106698103,0.23265989616629654,0.12317950331464168
7240,0.016549020362630396,0.16192908856094101,0.10691159272752912
7241,0.02241199694296888,0.3152095235987084,0.3536522646308706
7242,0.01772832704693156,0.19128023225696844,0.14480430474886172
7243,0.02472380264488778,0.41086476112033016,0.20299010425345695
7244,0.01912153752528806,0.23943017084748733,0.19524437208080492
7245,0.019524766529484445,0.28431686366016246,0.1413185371636342
7246,0.016084906577143385,0.1619155695840683,0.12358818243470152
7247,0.015895276773923248,0.13164041777564392,0.15748144277299544
7248,0.019388242788147353,0.28512481586255484,0.3378817090106309
7249,0.017087047289362493,0.17852690502858373,0.12109761209092006
7250,0.021039302822113942,0.29237625096757086,0.35495493470789286
7251,0.020612639226488705,0.3145874637176379,0.15675100170965775
7252,0.018582527995294456,0.2628542276247828,0.21474634897036826
7253,0.02040461876498065,0.320605601755991,0.18517720298605408
7254,0.016540127305003687,0.20284782145340946,0.1660162751316294
7255,0.01732487736794425,0.19275965464684836,0.3837932910030098
7256,0.017384521222736888,0.17461474911536665,0.2886397259614482
7257,0.017768002262283818,0.214090216845892,0.29031039010785287
7258,0.01822739588703016,0.2550947670016694,0.20385298107434582
7259,0.015623105523464671,0.14673589500476894,0.12186415083926916
7260,0.017713454596883633,0.2601033002338184,0.13999205819740917
7261,0.01921691011137823,0.2729158728292069,0.234668331833055
7262,0.01744885926230659,0.24950351561175163,0.25555965537469993
7263,0.015980194690509365,0.18520366606336264,0.13785024147255867
7264,0.016386452255191745,0.1892918320179724,0.2062862688742482
7265,0.01850647437411336,0.2190611323679825,0.262066121513659
7266,0.017886252545792482,0.2334304623303617,0.10315199430409937
7267,0.017642013954510295,0.22332602154496847,0.24206616708002823
7268,0.015483291103423258,0.1680225455347862,0.1423464927375346
7269,0.02100218492300792,0.31800493237101657,0.24102108656215043
7270,0.01632245587059462,0.18086121266073674,0.16028940009209566
7271,0.02151371119784088,0.36628665613972955,0.15825905924703526
7272,0.017562692529969406,0.2474839631962318,0.18220566275006586
7273,0.016907151884190542,0.21542304196122147,0.20924888580580048
7274,0.01904003805990177,0.2980800409233598,0.22641734033033373
7275,0.016513648048236424,0.1831220534269843,0.1596449767341981
7276,0.016855455568017114,0.17905821177122566,0.06481609392647451
7277,0.019152493878505653,0.27378426417834256,0.2678036942364367
7278,0.01690050990849904,0.16148459409415078,0.28495534650901144
7279,0.021147423506213712,0.2997049996467496,0.26325280206770024
7280,0.020396542479689625,0.272044320249506,0.28241508182157304
7281,0.018385193079582078,0.2098590945592876,0.20533863392496
7282,0.02344275046077039,0.380830905891034,0.19144168512538198
7283,0.01756398189433364,0.19975709913379208,0.1357024469617299
7284,0.01605695413352858,0.1541765953478018,0.06463069784910676
7285,0.021118063013480484,0.3074253324784327,0.31147174389963317
7286,0.01734953570066003,0.19585259060925103,0.13457464471769795
7287,0.020431402203604416,0.259100811410306,0.10122560297234663
7288,0.0196108952593745,0.25238406043864486,0.21430935276817167
7289,0.020482701760044304,0.3076364641016184,0.1978887655069749
7290,0.01914785207241697,0.24709707962926097,0.211769327846111
7291,0.015802999369679986,0.16254171390995978,0.10410589406824225
7292,0.018296466534005903,0.26982302144460707,0.36821288098260696
7293,0.019010352241921727,0.24698534524126878,0.16958958731365228
7294,0.01955137131149814,0.26747548760618356,0.17887897530376243
7295,0.01808607616429851,0.23124301455828228,0.20501374927384872
7296,0.01515034861173696,0.12022041102727532,0.19053266419257497
7297,0.019572559393705176,0.2775349907907905,0.2935437419623311
7298,0.016093645765605978,0.12425110302072565,0.12462294385835819
7299,0.01960419882182513,0.28686165722355417,0.3421808312930135
7300,0.01631903787091939,0.19262832396045695,0.1863883349287993
7301,0.01898723743936117,0.2835676761670783,0.19469982915657158
7302,0.018060854762373332,0.24624835962896105,0.1253903707316207
7303,0.018239397784420568,0.2671662560330655,0.27205872489767885
7304,0.02018337063726259,0.3215968791965196,0.17489653315599007
7305,0.01648813590818685,0.1516275063891123,0.11293494945943457
7306,0.0163988738634554,0.1466338932885588,0.6767811584333202
7307,0.019938933168406277,0.3010133856778642,0.16782282721962244
7308,0.019514550944633474,0.3035427305803597,0.1080539806354166
7309,0.016670694165777135,0.20576824834518176,0.08080449757721049
7310,0.02061041751890784,0.35260511988702975,0.326167162928327
7311,0.015833003466876282,0.17678355501759574,0.13386011096478295
7312,0.02016583678019582,0.334437069130881,0.1537857482805184
7313,0.016193077817375598,0.17863495442393099,0.1531352649304896
7314,0.018677015440340478,0.2791806111909956,0.19249794971889578
7315,0.01792681410266581,0.24466694865773178,0.19585223969141585
7316,0.01979413395284009,0.3044784295629943,0.22749433840345526
7317,0.016463677159300357,0.19519994698996895,0.0941514257777553
7318,0.016171612746635144,0.14454785992043556,0.30022313931041444
7319,0.01725794826169232,0.22153991598460304,0.3646494252231837
7320,0.019229248673268556,0.30396603909842496,0.32249532153062016
7321,0.01716590353226888,0.24008635505032247,0.2080779413249242
7322,0.016325723084849784,0.1592177257449878,0.26988159710210613
7323,0.016242720402132517,0.14963744385868366,0.2756221508361916
7324,0.017374053414076697,0.22109404020088733,0.13814343189824346
7325,0.01667315261708343,0.1959146860177975,0.1114352727448988
7326,0.017235712616874007,0.19740041792904597,0.2003978668046
7327,0.02063240529199449,0.3300448306054348,0.235955994672978
7328,0.019160533614619515,0.2649928958662337,0.1349337929100177
7329,0.01972833656270305,0.28740449302207355,0.1974831585292448
7330,0.01736076264261896,0.2186373019606838,0.20696378317159606
7331,0.017837607317940506,0.20638366620572718,0.24815333844076845
7332,0.02086426421149217,0.31744412178056697,0.2455038021630308
7333,0.017080600482928834,0.19789511830402984,0.08946615984567953
7334,0.01614841631484963,0.14273175571480923,0.2430906348741187
7335,0.019020212501277462,0.2413959110411297,0.5214524279386838
7336,0.019074173987511572,0.2139466168754842,0.12032074329991663
7337,0.018569383664380622,0.23014532827420198,0.3039256042132966
7338,0.018217591857279173,0.2490077332901515,0.2322696711330963
7339,0.019270664024681698,0.285692049237528,0.123966894730358
7340,0.017035534529538345,0.21812224217275553,0.13861372078302175
7341,0.018559543484273956,0.25720807100411225,0.20328395960821988
7342,0.01657806408666148,0.17596635850105266,0.20453778829244557
7343,0.017016033235602655,0.1979518180735238,0.21143291180647641
7344,0.018085977284000077,0.2362480687662468,0.18780273213033816
7345,0.019172566521322272,0.2912058399059397,0.21432256036078953
7346,0.01803389168121543,0.24945032499910752,0.10566753211059057
7347,0.020725308587425294,0.32365354691360587,0.23296510004206428
7348,0.018487792009896056,0.2541598524867205,0.1194833115878598
7349,0.018186962930697045,0.25974382560098164,0.22353663389974518
7350,0.018772252058203966,0.2824443560992299,0.1713746171599839
7351,0.018824265026359144,0.2818965112787584,0.21212363253145133
7352,0.0192753390209826,0.26706329808622903,0.07003783397718064
7353,0.015332623060535025,0.1278784910086928,0.055421851567083236
7354,0.024106786849173358,0.4383388673839038,0.373967449962427
7355,0.01649176353692414,0.15733972304419594,0.10732676920055646
7356,0.019043189677175297,0.286104135308196,0.15761098334960905
7357,0.018837096843741064,0.2642213012282033,0.13438071322048237
7358,0.018237856555054697,0.2681398712569377,0.1805468105148367
7359,0.017000867630380376,0.1883407653045649,0.17891858583059642
7360,0.02045446378687041,0.32906294560348964,0.25404350138072285
7361,0.01690060797799182,0.1927451352673728,0.1459363203785461
7362,0.019605124093575222,0.28974715022899655,0.2036020597940162
7363,0.01559380209358553,0.1265110780593651,0.2002935095421361
7364,0.01859479976887402,0.23359269206935876,0.2290245869115507
7365,0.020465701845399274,0.30164068908834935,0.21482635199169123
7366,0.01798580609335773,0.19103471560902957,0.0992203045741273
7367,0.01990869958928607,0.29159648091827367,0.04374838587682009
7368,0.018252960447419742,0.2345972199976603,0.1860773182062682
7369,0.01996168783783916,0.28818669397540037,0.2343991474789154
7370,0.01839604382692996,0.23432367498780374,0.2204524571871746
7371,0.025289274157100902,0.36042038079889666,0.0007612816822868371
7372,0.029444361942317487,0.4602510263800988,0.1950494494591617
7373,0.023201868034199373,0.31420365838543163,0.16519231979919874
7374,0.026475014770848144,0.3760099440787549,0.25617314169446875
7375,0.024529705200025252,0.3482314189910303,0.18946033024709347
7376,0.023364749535863552,0.334046299835322,0.13646647332089762
7377,0.026217197079448838,0.40233478019902297,0.2341357931674132
7378,0.024485208252912397,0.35849870835850933,0.2075902053085871
7379,0.023193631089898945,0.3238164424080322,0.29510406352865964
7380,0.02525285850953114,0.3316860987337551,0.28815465963904113
7381,0.023892828263228763,0.3312382902203563,0.13899133235037103
7382,0.026868726303547818,0.3974720516280034,0.23371321948801052
7383,0.02778608865448661,0.4112612474469509,0.18799238213230074
7384,0.025794208310992335,0.3780141907693059,0.15287973523546955
7385,0.02521425069048323,0.3514438416189547,0.2843801289436471
7386,0.029765047439636965,0.46014444727630294,0.2813818747801035
7387,0.022837490993764264,0.31917039122691065,0.10711813029362939
7388,0.031567641378184824,0.517090939104425,0.1751914541308986
7389,0.02412907765011346,0.3379322193725558,0.14552009456423126
7390,0.024959016240625694,0.3683222255578335,0.17469609088066687
7391,0.024282683305147008,0.3471815910052522,0.10672427040464318
7392,0.026216685856824667,0.40669917189476507,0.16886806179038522
7393,0.023570213665722897,0.349804319237382,0.11797881658873426
7394,0.02698454569235597,0.43145323031710986,0.18042670834053595
7395,0.02366977657353373,0.3479453750543468,0.15150471759910172
7396,0.02194733458533468,0.31971493550477914,0.16226488529080044
7397,0.026533355046137505,0.41057979672910117,0.24341450214685703
7398,0.02221396647753891,0.32419184347422675,0.18346470450996608
7399,0.0270880893223525,0.42186232260390316,0.22895076198031172
7400,0.02304131055164608,0.33666575259667625,0.14347230098590363
7401,0.025741527643099563,0.4115740105639893,0.20737126798421496
7402,0.023013737434515204,0.33746142444794486,0.3330370929853119
7403,0.024454070367098835,0.37015433232961786,0.17105436506802288
7404,0.024087762727425157,0.36881753898383923,0.19034670866343478
7405,0.02571373711342766,0.36954538946458226,0.1504121282563445
7406,0.029952308153513213,0.45227990362512727,0.25785051669742387
7407,0.023958302631569565,0.3592269226003283,0.10442124961344187
7408,0.024249490803441583,0.35496779687421864,0.15250589535549874
7409,0.023840765556861803,0.35547005769523465,0.15389845617676653
7410,0.02524332974573095,0.3817336349224674,0.15868364683467492
7411,0.024701054998258573,0.3564575975599937,0.2972556153092005
7412,0.023568962226247398,0.34615817854800723,0.25579510864671307
7413,0.024406584207407763,0.3467007964898645,0.14408801366920013
7414,0.02881119081830748,0.4549469269415237,0.3194212356176785
7415,0.02389376151662922,0.35738930919496426,0.11348981606365172
7416,0.02520810243195207,0.3679343685680525,0.2537379899012856
7417,0.02665342765611391,0.4159587943278985,0.2883099488999169
7418,0.023628407321581172,0.3373373130228718,0.1478818088293603
7419,0.02357968579686405,0.332252517033454,0.32784032231868115
7420,0.022078153833859516,0.30689107312256814,0.1940310795015128
7421,0.024525900586557733,0.35499678649650523,0.3385013646632849
7422,0.028297229181535846,0.4438014201696311,0.419849886549443
7423,0.02384653225952195,0.32806567723040214,0.1437917983218527
7424,0.02509078511269875,0.3557666320686551,0.3159709809804465
7425,0.02709854439431213,0.3962113682160707,0.2162308872169579
7426,0.02710396825644002,0.39774747864220056,0.15994620997690198
7427,0.02653939061113877,0.4009354486195233,0.14669622807678973
7428,0.02585037106999252,0.39635457353936443,0.18856819223676013
7429,0.024654296987672897,0.37846864969709776,0.1468108919912881
7430,0.024550694285987724,0.34577289439128145,0.28429673076353584
7431,0.022218581680321876,0.3049468457482878,0.2626706504578845
7432,0.021972306555651917,0.3087416646826442,0.2691293261921544
7433,0.02787630306057691,0.4554018682726055,0.3966635827030546
7434,0.022760674648609237,0.336410463756289,0.13915313411249688
7435,0.026119599352889017,0.4146755085099133,0.2775655052035991
7436,0.024108493036110394,0.3664799834067456,0.14923005162775957
7437,0.024589363317390926,0.3887465411690717,0.20322195668607446
7438,0.024811050701858645,0.37937529550602556,0.2152164820564245
7439,0.02440619910411633,0.37369599996198416,0.119532849126132
7440,0.023978703300850553,0.3382890339500295,0.32519985630908704
7441,0.02771910691212239,0.43532395721012634,0.2131811493752018
7442,0.024231581519006954,0.34706039796387445,0.15295577860740692
7443,0.024663530672892908,0.36784362189711284,0.11334925305987491
7444,0.024512350604042832,0.3656917603456189,0.1810182241019767
7445,0.023864161460701954,0.33616734841471574,0.32000007665664415
7446,0.02465655387563917,0.3342509695989879,0.27289828506784347
7447,0.03187318918774244,0.48007723916701367,0.2202558760012924
7448,0.023085830440222516,0.3198099298539775,0.12083987136543366
7449,0.02680575517830316,0.38972879036668556,0.37352790257909835
7450,0.023838552174034768,0.33843585630521766,0.18013947323616597
7451,0.026229725276977027,0.3931434808370558,0.3220498104364095
7452,0.025454603310566367,0.3880535103229305,0.10663967867617018
7453,0.027445634928159567,0.43126297101058425,0.19403401001758122
7454,0.02116253571345804,0.2923986330961922,0.13138013029672893
7455,0.025481138712851816,0.414047038947553,0.41403232669080164
7456,0.024713910731567652,0.3813998318564843,0.1589428824329997
7457,0.024403372934210903,0.3716403769086771,0.15689377019807885
7458,0.0260726294148292,0.3950948685499227,0.19450417086350627
7459,0.02722283163223568,0.4322212621246225,0.20979676948494666
7460,0.025737359751710008,0.3880979449562608,0.18909542870271975
7461,0.027094121467884376,0.41981982004137086,0.1984508453590932
7462,0.02276049823714256,0.31463378368702916,0.1490836127001909
7463,0.028231121437682312,0.45761473356815696,0.4700733299604901
7464,0.02305331920037202,0.3235701752277083,0.12969199340132687
7465,0.026996777310420775,0.3670525767335547,0.4056574640449099
7466,0.024270194652739923,0.3316615264311116,0.30685550824812363
7467,0.029623541838357782,0.4416826344020984,0.27168735306656694
7468,0.02892237789876831,0.4430291870640318,0.16072551927686216
7469,0.029067670618010424,0.4459947791506613,0.2061191324882546
7470,0.022581297054253636,0.32437547400404665,0.09532595511330783
7471,0.02439736574373539,0.35528573994267926,0.3012335504500719
7472,0.023064592819796743,0.3426261795842171,0.19352516463786104
7473,0.02344932860700183,0.3362820037380345,0.34994957457048154
7474,0.023066893138228423,0.3301729463818069,0.3105624207609173
7475,0.02665888624677615,0.4120960414443675,0.27060362746220135
7476,0.022294496882332288,0.32364035982295186,0.15710327183410813
7477,0.025693748203898203,0.3774759390606891,0.2525344776691715
7478,0.02698636293282636,0.4052236812100686,0.2073526457138404
7479,0.0228065513017295,0.32026866529552533,0.17391128910114756
7480,0.028843108702451322,0.4541450367199729,0.2177340239841912
7481,0.026506845448260825,0.3767346277927632,0.25021448471910207
7482,0.029700324324471367,0.4492796832775757,0.15053630433876658
7483,0.025622250481208392,0.35698466221365055,0.12212880698859771
7484,0.02619779592847841,0.38265612259092513,0.22082843865508875
7485,0.025325998967964565,0.34704178757998005,0.1714436667159471
7486,0.027442946323632526,0.4219607744649063,0.03592787266691004
7487,0.02357817665894443,0.33289168125129315,0.1744250513887821
7488,0.02955044357239875,0.4670195392605199,0.24846780883498665
7489,0.02504662243777013,0.35743619985597475,0.15735972599356213
7490,0.026724901601892708,0.4096272431054302,0.21938745300404514
7491,0.024789804588055013,0.3621931461080047,0.17077390467784018
7492,0.026529381336050123,0.3771321701563405,0.22129328504113877
7493,0.028004349372673213,0.42743261435666047,0.2525080571676677
7494,0.0234684713976224,0.3356197215519862,0.18541961728233228
7495,0.027571574402117546,0.35668094006535145,0.3940137016065941
7496,0.022632362822985284,0.31176827132061224,0.20259428843973934
7497,0.02806885804269899,0.461422977956104,0.1887534265429503
7498,0.022543397263782645,0.3257901135659509,0.12662992825678293
7499,0.023718730359775654,0.33049808546652376,0.5459157279342659
7500,0.024871069869105953,0.36603932579857523,0.2896474046382377
7501,0.024857148229934786,0.32969828390836275,0.29452262952013386
7502,0.02532156233902126,0.3509043101355274,0.2898789871533637
7503,0.02364193064447384,0.3219815045640579,0.1781787997092725
7504,0.02525066601662745,0.37214409425672157,0.4049097749536359
7505,0.02384006955634879,0.3423250931551415,0.14806665539912078
7506,0.02463968188731141,0.3759297799597747,0.10615252664396654
7507,0.02356208885626461,0.3410671482134985,0.0732910280378427
7508,0.025366475644847515,0.3658585592447411,0.4172355704681261
7509,0.02882379797098179,0.40760281765807105,0.10503163574325648
7510,0.029206568996346046,0.4125668605028562,0.16596633635658226
7511,0.02741007746843596,0.3744990564414057,0.21510964159443005
7512,0.02480704205970223,0.33981402427813834,0.17549522320475153
7513,0.026281739449353213,0.361880366643549,0.3007181820294582
7514,0.027275208744892008,0.3773125239462298,0.28784670802922924
7515,0.024930810945281774,0.3503779576088674,0.12347486490823623
7516,0.027420318132067304,0.4032691031455613,0.32974481159900987
7517,0.026469871305049766,0.37599196837608395,0.12354610130522212
7518,0.02700319812352324,0.3928891307198223,0.25562625900419395
7519,0.022908013280655868,0.3291939086710259,0.118978133672775
7520,0.02351794886268711,0.3178450096480116,0.3028975668812798
7521,0.024582773240417206,0.37050498550770145,0.09031515155828308
7522,0.02496394866114977,0.3852847182365836,0.19716850431076524
7523,0.027232429686741305,0.39740308079635245,0.24224658745704608
7524,0.02250426914727389,0.3146233335987186,0.058529143809459554
7525,0.02816541564604929,0.4398072172571207,0.31312630636383904
7526,0.022874456115419738,0.3274004732521004,0.10238675335851186
7527,0.02573868121650924,0.3791686191280114,0.24392772241965155
7528,0.0242678115994045,0.34897252643576576,0.21161846219273234
7529,0.026496244137041675,0.33683962291636116,0.00877868826370156
7530,0.0280882097579929,0.39065871351333603,0.32254297344379107
7531,0.02990028853004341,0.44950275604480794,0.16581355046455565
7532,0.022344344088925078,0.3059039599489339,0.0592563524556665
7533,0.030036336466537906,0.4232458047372341,0.17954334348289788
7534,0.025301193772404335,0.3378297923855985,0.13427739606083067
7535,0.027866979399546524,0.3844584421883696,0.34771060717991575
7536,0.02869864604716578,0.44161463237680876,0.20236319621853058
7537,0.021887044382978865,0.3074965860134549,0.08416299578883045
7538,0.023620898988775306,0.3442775696358892,0.2973208423941856
7539,0.022860215008183755,0.31345790526213285,0.22709850076396818
7540,0.026765534825267282,0.415529632858757,0.26116878984327146
7541,0.024413088972105493,0.3441815369495268,0.1002582385434166
7542,0.02601942257112326,0.38467038064430087,0.2356316495303323
7543,0.023323343664232124,0.3411336292939289,0.20014828703200735
7544,0.02515760976791068,0.3732447573924642,0.211538138230585
7545,0.029747127613614616,0.47189638155293334,0.3164868472643058
7546,0.024644476231144553,0.35794229133096983,0.11857458655201508
7547,0.026595147019958604,0.3815110054725703,0.3701329439734258
7548,0.024529097065561032,0.36940840588429086,0.08476207793940316
7549,0.025663079651151124,0.376258868143318,0.15382153146322713
7550,0.027826452778789135,0.43034389458046063,0.18266375607601243
7551,0.02350524016766785,0.33976224138100075,0.09693418674784526
7552,0.02972361721656664,0.44811274339273394,0.2839292490755591
7553,0.02301575787338821,0.3219798301797368,0.16636221752578645
7554,0.02957070353335577,0.4588221743501569,0.2025618013060263
7555,0.02202658158150921,0.30265517500944084,0.042528457483696644
7556,0.022705339915317396,0.31514580334836806,0.2078962807822933
7557,0.027435550667554775,0.4218420552988829,0.294501741493987
7558,0.024773078402271814,0.37358269677658906,0.1637933066037854
7559,0.027245886582240673,0.4260981383896447,0.15019684929341795
7560,0.024343107012261663,0.36928633484661616,0.16498756115786425
7561,0.025902497811006366,0.4086780247571029,0.1878314159252702
7562,0.02420560743878444,0.36329625613525685,0.21661274039504708
7563,0.024298616798201174,0.3621850102711195,0.1351889617194055
7564,0.02603747859257785,0.41066266660840883,0.13849960983059478
7565,0.02437599557553363,0.3599607240466929,0.1159111392351445
7566,0.022554111316229256,0.3231197125764956,0.085374522521857
7567,0.028074457386430864,0.46346330346079834,0.25784836290105806
7568,0.022847848894215043,0.3428451846467345,0.15973888720752316
7569,0.028790185382315595,0.46150408909183166,0.2698689155321857
7570,0.02248431883819652,0.3032703245569872,0.10653506590791845
7571,0.026692609600484685,0.42007414966950435,0.3926540018341307
7572,0.024335406903612206,0.3500556640548882,0.17236000318303346
7573,0.023613671894149084,0.3403620343868234,0.27632671583132146
7574,0.02565677408793895,0.3860825414603859,0.14877654446910737
7575,0.026458402357148438,0.3403214790491265,0.2825993316660969
7576,0.03301846088188022,0.4703865751653377,0.19676954944441805
7577,0.026234931797510557,0.3514608530669552,0.1663018670043002
7578,0.023503253254491756,0.3068118826128577,0.11770137655645549
7579,0.028134868166222335,0.41639759518916564,0.1319406637362871
7580,0.02381750732456597,0.3210907416624501,0.13576534540521784
7581,0.02362324490878509,0.33488759481041447,0.09909812191409315
7582,0.024465912789547746,0.3363537037204347,0.20516465617131
7583,0.028153954774188878,0.4549315989509505,0.22225962456462275
7584,0.022504237276335565,0.31250432910066195,0.06149927838566299
7585,0.03420594064737335,0.559121611313594,0.3287188942615993
7586,0.023265912170870207,0.31442274347339555,0.1444267208770743
7587,0.02664885630027055,0.3887233384686796,0.13409233425088435
7588,0.024056945084828512,0.32508652465825744,0.08902093077762795
7589,0.0239028864091144,0.33906934216676804,0.11033783556481126
7590,0.02724670065027637,0.41439417469455914,0.2149315917910073
7591,0.02590492524164734,0.3908114054077316,0.16171751306606347
7592,0.02653954904775312,0.4002615824923145,0.16260977542114669
7593,0.026040815885564315,0.3831971289473536,0.2176363164310619
7594,0.025748786217710946,0.3885821679721526,0.23062610575806855
7595,0.027071296445369118,0.3955845169034508,0.2313303177920183
7596,0.02703140875797752,0.40192088409857624,0.21290145201403
7597,0.02601297437533423,0.3836102469442666,0.19945093590321675
7598,0.026059916633991553,0.36583654845436386,0.28295692779203857
7599,0.023312651484339926,0.31744312187927926,0.1485603587245292
7600,0.02498669774725994,0.3614531018881754,0.12505170339047678
7601,0.023816687218621947,0.34774516662249005,0.004791231162971863
7602,0.024143039030350186,0.3500171772176255,0.130923892796548
7603,0.026678721729686057,0.40919367417787145,0.2579693387874392
7604,0.024709253572186986,0.3435514393000457,0.15365126372893764
7605,0.024267802786192602,0.36056375475242103,0.1464234138798965
7606,0.025758685572419046,0.41630686099799113,0.1759728841088305
7607,0.023029415175323364,0.3261052770499612,0.23571826928949807
7608,0.024852185194890918,0.3800441628621439,0.23743775244260798
7609,0.023123760597378664,0.3481326956108485,0.2185848008911236
7610,0.02610528891151062,0.4084762124204133,0.22978044565228986
7611,0.022415852053354984,0.32374212396281227,0.17894095140386412
7612,0.024005323647401065,0.3648992916038122,0.2280564210549596
7613,0.024438325596284026,0.38784087858126376,0.21523009834130055
7614,0.024724031843963355,0.3876040398658471,0.23071687417305864
7615,0.026046744535537396,0.42045218259917505,0.2733601961943659
7616,0.023132918952560044,0.3394072234937383,0.09630555396664482
7617,0.026064297436314825,0.389269368866849,0.3190243228128779
7618,0.02299972816080452,0.3418841282982607,0.1809020952762374
7619,0.025036287998964134,0.35579339576738145,0.36088749983456275
7620,0.027599258774650724,0.44370224883995707,0.35867385905921373
7621,0.023828087816840388,0.3623200472752468,0.14106705212960682
7622,0.02632594660116782,0.4113424629969236,0.23715350256061052
7623,0.024305978646772055,0.37250307183009496,0.1530699569224252
7624,0.026604735765850845,0.41151504571681424,0.11953986889888832
7625,0.022802119858714064,0.35171314348567884,0.10427963505470962
7626,0.024423674592400767,0.3753590001711162,0.31899769531723665
7627,0.0234386721854525,0.3476496458932555,0.2694186311346725
7628,0.023077347237561493,0.3340419789946275,0.1552178443087561
7629,0.027703728080390948,0.4413369711797276,0.19881340904080477
7630,0.022841664767964953,0.3421373905259872,0.12294037105376997
7631,0.025693476134341354,0.4004101114230732,0.17841421736859228
7632,0.025044237577772816,0.39972677819869185,0.18746713183233243
7633,0.02225199794466463,0.3274340777994212,0.24047274637087238
7634,0.024836670972018724,0.37884614644803377,0.1213673625684088
7635,0.02492227257574093,0.37542992729296343,0.19778946452403035
7636,0.02469786479879245,0.3545079150235716,0.00974615600066981
7637,0.022714036392975617,0.336829516527383,0.18422057720865984
7638,0.0272647457670527,0.40885442748761763,0.18131136144105056
7639,0.025517472956295424,0.39034626041235265,0.1487002241556394
7640,0.023482008278551136,0.35128445354086,0.15229959781397823
7641,0.025166928593043657,0.39397295975898894,0.19197372548846503
7642,0.022667003912881574,0.3478890346366014,0.15642248940284462
7643,0.0247128315697338,0.362661119714909,0.13750589022144927
7644,0.027834980151591523,0.40466634943684704,0.35252799988031047
7645,0.024039140602783688,0.34262988872709005,0.18212346220760015
7646,0.025347397922477838,0.3550553340811836,0.26873914306101293
7647,0.028000500385658676,0.41889236685895165,0.18286080200880045
7648,0.0259028281591102,0.3902095631057829,0.1468730660121913
7649,0.025122516278006643,0.36932718757176597,0.16758160529990285
7650,0.02566809584817255,0.3995272736066622,0.15572363410371162
7651,0.02458042154232171,0.3847088910125468,0.15398639257957245
7652,0.025492561622390057,0.38610543514387846,0.14509296058849577
7653,0.022392883657478147,0.31695847663730176,0.16952450381248518
7654,0.023765260443552014,0.330244336647994,0.13591422751714316
7655,0.02774375101649282,0.3958981773523169,0.17345426355304616
7656,0.02987915926312372,0.4387423084776401,0.2644411600495282
7657,0.025741278817003135,0.3766333183853003,0.14270391189809367
7658,0.027359996516706078,0.41540567670945566,0.19391466435813465
7659,0.024849074442798047,0.35319531205421223,0.11995217439837175
7660,0.02835540063418535,0.41230713714701533,0.425067294414418
7661,0.026711830899057706,0.385620266763627,0.23572427212493866
7662,0.02295866785438116,0.32357474279488374,0.1343795996497232
7663,0.02682542615198338,0.40389406945629946,0.21954880275233568
7664,0.022673478143157632,0.32258924335149286,0.19024046902249797
7665,0.024642112358032847,0.3502027499715326,0.40509677702500313
7666,0.023419793488117898,0.3263725961298678,0.3628313043736812
7667,0.028626232850549226,0.46920129712865916,0.3240827760801916
7668,0.02306476610025985,0.32509144228817694,0.16952328925883556
7669,0.025611728910575653,0.3841317662368499,0.30438578143747436
7670,0.022195256799567263,0.30869877746957974,0.08813876045527333
7671,0.029241512518451435,0.4643467536442869,0.18419819431825799
7672,0.02453563045199265,0.3328752303614501,0.11271387711206432
7673,0.030487909059288745,0.475561539244779,0.33955966344397187
7674,0.02402055133849351,0.3299232233762348,0.09076325312659597
7675,0.025901491004792856,0.3513162404630382,0.40253377095763915
7676,0.02297573044031953,0.3123627574550405,0.15495857380452133
7677,0.02586023235238352,0.36769418051979497,0.13418920977140905
7678,0.02463460747080685,0.3608427668474087,0.09166353093413053
7679,0.02241379872817029,0.3110103046499958,0.3882734790729593
7680,0.025059057047380675,0.3624150959108969,0.19862830917704682
7681,0.023571854903108744,0.34111019263414144,0.10389454245377223
7682,0.033072361290313886,0.5210080215626428,0.3441994509833922
7683,0.022928215315172678,0.3129793684069333,0.07036775069308539
7684,0.024069778123942964,0.32995226139056477,0.2098103007853003
7685,0.024862806385543695,0.3624368196315481,0.11651565248099657
7686,0.024069306848151686,0.3514716132420011,0.14994419786258106
7687,0.024330796098125048,0.3336434219612924,0.17225286479453947
7688,0.025884045746022558,0.36686423197177087,0.14751712667418945
7689,0.026353904516532575,0.37128160420349215,0.3351169571809268
7690,0.02866710379723288,0.37555471462280127,0.15727423300781188
7691,0.029769605629504696,0.44234929305803256,0.09844327795822902
7692,0.027252606663489196,0.39539991866587654,0.14164622954270595
7693,0.023326211252521566,0.33669410728110954,0.1333963524005524
7694,0.025234551895158892,0.3802090809036114,0.25596596033178964
7695,0.02671650550041194,0.4234170342224724,0.2683919464626213
7696,0.02428005101850566,0.3723420748003169,0.22897616917987207
7697,0.025083708444669322,0.38762595334949007,0.3081950545143875
7698,0.025883772660938238,0.40216327135988594,0.29790004606316783
7699,0.022160311778981034,0.3192278691169947,0.14632334258695226
7700,0.02375539131677938,0.3106975633896957,0.294392654756314
7701,0.027190460081659873,0.3901494217722605,0.17535268636785137
7702,0.02494089566397648,0.3325644408234606,0.08181226424060899
7703,0.02479755480380352,0.35059908585689015,0.11345489012017339
7704,0.024279721215674125,0.36274455405089145,0.1437920068333133
7705,0.026621448516990526,0.3998400636225251,0.15641732037952702
7706,0.025654621041847996,0.388945773980771,0.18884310590315004
7707,0.026110425633164663,0.3917512441692216,0.2173496592850206
7708,0.023698416915605213,0.3601170448950474,0.152574007219534
7709,0.023839433400980374,0.33814684271504203,0.2520699298576362
7710,0.032907589841019075,0.5407138551865174,0.20676389195592007
7711,0.022194275549244195,0.3029865260392305,0.11525501635901264
7712,0.021956318683338864,0.3022094352137573,0.3550428367747591
7713,0.02681782335808919,0.4224842392772818,0.2110113490470534
7714,0.0239852178935231,0.33480517682450595,0.14751356361975734
7715,0.02749501529319998,0.423598576479162,0.3650800365521459
7716,0.02489942107816766,0.37066564541000446,0.20795004166023362
7717,0.025213385526724048,0.35130690950494114,0.08007751839270853
7718,0.02248150706199738,0.32154762852617796,0.048510520301636106
7719,0.02520281334182063,0.3696099864909521,0.10202631983652788
7720,0.025715542223149215,0.39935563457615736,0.14849626168315405
7721,0.025275841957848055,0.3906799226092813,0.23627437567752627
7722,0.025394426907302623,0.3762257671069685,0.2754795752646035
7723,0.023227740218204528,0.32592850666868955,0.2924499269966839
7724,0.02533398631645271,0.35723250070609974,0.06917298991630655
7725,0.025551371210317225,0.352968624470375,0.3687761359122624
7726,0.02273514878378562,0.3107808265198047,0.16564014310110997
7727,0.030989320130679322,0.509529330557355,0.3099631029586497
7728,0.022829582403773887,0.323898935983221,0.15978683642726726
7729,0.025218766604602996,0.398241620454797,0.33196768181148806
7730,0.02476801289298456,0.380226438380311,0.2348790029447794
7731,0.02509506194140957,0.3845250781411188,0.1539799416526696
7732,0.02450857445279341,0.3520567406848455,0.1797225499336306
7733,0.0274967496603743,0.42469489189724363,0.20321763865984555
7734,0.024726790210258892,0.36367623310210434,0.17137236606177403
7735,0.023951731872838323,0.3462024954721681,0.2742923233048133
7736,0.02631144686324015,0.40893783161337205,0.15684764633904008
7737,0.024298845460681024,0.34933550390555584,0.1461115793021301
7738,0.02702646424723269,0.40043625888573015,0.3460905181021425
7739,0.025733910014803185,0.3612760765375836,0.07939186763463184
7740,0.02770287838067372,0.4138098288868685,0.4279046297518011
7741,0.021860454939157038,0.30788638890020753,0.2506652863454348
7742,0.02498484993728202,0.3699901224707922,0.39522321016502426
7743,0.024478553408748775,0.32423246225858676,0.11591666739058382
7744,0.02490464950695713,0.3462007004426118,0.2935709939240202
7745,0.03051466682549647,0.48559678068658285,0.2927057636760528
7746,0.02471905646288178,0.3465472996172557,0.1705102634047596
7747,0.02473079830914455,0.3611574259076539,0.26293659903814925
7748,0.022417779719044243,0.31047697087050136,0.09645846269509267
7749,0.025325511024939122,0.3912168726047127,0.11365514544399885
7750,0.02462649189348299,0.3797721184092674,0.1381343546154931
7751,0.024343255223825466,0.3749278826424927,0.13084414813590203
7752,0.02264845255480578,0.33268369374149115,0.16324167876151865
7753,0.024127781233584996,0.3739278239060534,0.21429990517198347
7754,0.023762825196416076,0.3457497364062349,0.35269272100627563
7755,0.028036225297469415,0.4539051062840871,0.29223197353243213
7756,0.02198191643304678,0.3032879772591063,0.1386210241017691
7757,0.023974289686285375,0.34553528812312495,0.17457596043922
7758,0.023546255960924065,0.3331073783645116,0.1278594722915298
7759,0.0258108352505366,0.3999418253028649,0.23264469874257257
7760,0.026348914545939833,0.35522886885018684,0.06441018635439955
7761,0.03022471850982189,0.3703192049018031,0.231013079512054
7762,0.029611012157576094,0.386887338680537,0.3582279004780063
7763,0.03211443562831324,0.44576086684919203,0.2474541859581839
7764,0.02382388539283913,0.32263753297152636,0.08634878983562652
7765,0.024922513897893597,0.36328801274826494,0.13442523424518324
7766,0.026060309973855614,0.3920060254882353,0.2629767002563122
7767,0.024323119849437188,0.34742697500744757,0.2255699234162881
7768,0.028808672436708985,0.437784124714869,0.15725810467970325
7769,0.02497798576387409,0.34381350132593,0.18784348243267168
7770,0.025484626643011144,0.33597594259639646,0.3212714849936615
7771,0.025645882872353074,0.34927635308783006,0.2745433300531527
7772,0.023001509445119504,0.313645061578407,0.07442234814996584
7773,0.03189230996414982,0.5254012347127793,0.23788647511036004
7774,0.022187455460057848,0.3052738995333219,0.08675313641594463
7775,0.02417520771559004,0.3444458453903997,0.21611827099829153
7776,0.025088397216190595,0.38822520824666046,0.14202855354495347
7777,0.025274054071081242,0.348312848694099,0.21097509432631076
7778,0.02374220615302088,0.3216138940774134,0.14707645300810532
7779,0.026718007019226053,0.36162579185916527,0.11459734755517748
7780,0.0324201664472648,0.4819475353518846,0.25516379473698647
7781,0.02858815512703873,0.3982785416988708,0.13267523177185492
7782,0.029223371896385696,0.39141766867918676,0.12176525056293568
7783,0.024368654175020956,0.34023557884907657,0.10589576772280321
7784,0.026414511570661697,0.39588517843700477,0.1810558867463128
7785,0.02619780464754953,0.37299935501678044,0.38422045805809796
7786,0.029930467028389366,0.4184400817925692,0.20676851270692093
7787,0.02751928007825504,0.36023821061213046,0.23241827427923306
7788,0.02558417285834485,0.33063703376755466,0.24154863572607238
7789,0.031297597111140434,0.4671611891835927,0.32375802572793455
7790,0.034202972459867774,0.5655094492384594,0.06528030759910515
7791,0.02266193132442366,0.30500968160518116,0.09886246274312346
7792,0.02502097044196911,0.35292122562522116,0.11074795724859425
7793,0.02610068827552626,0.3784375703937932,0.3364771952532479
7794,0.02312064225405021,0.3150461005266617,0.08768662097102611
7795,0.024102533337606275,0.3233186286389802,0.29686406264425746
7796,0.030224565661039565,0.4479079152951473,0.17245014300627873
7797,0.027530587598608037,0.38310052233687264,0.18866266771987325
7798,0.027034134719192835,0.3566267298200111,0.13698233063436152
7799,0.02692480465675822,0.395839350232948,0.32934511472679173
7800,0.025224044262508415,0.3620409613483491,0.2399591125853526
7801,0.024560061435972794,0.3634860097328961,0.3050862273493406
7802,0.023644305628492554,0.34716071902885237,0.189597468907034
7803,0.02508212403948866,0.3546005366062107,0.18760097747327512
7804,0.023691845085498164,0.3249475523339387,0.12183621554413092
7805,0.027416097172989807,0.41527480710831643,0.2842995398365826
7806,0.02561787808626552,0.37944688881319527,0.2051127371331196
7807,0.024884111070947883,0.3647868884640139,0.24033778547897586
7808,0.024429403501441294,0.3605518460099911,0.19820702325708517
7809,0.026369795054937514,0.40790319261009206,0.27610563212006567
7810,0.02446345574643536,0.36042002677600454,0.16408635696796783
7811,0.025288033071848372,0.37617985600630416,0.22508166541025384
7812,0.02211743387673149,0.3109643038402884,0.2666024861587283
7813,0.028297695685953445,0.45363717273094356,0.27251240504075996
7814,0.02381931404641234,0.32824295773316686,0.18844875744657671
7815,0.023982878252190358,0.33259495402472866,0.4303412346676908
7816,0.028361313599264627,0.41090882173942633,0.15155314866603417
7817,0.024539194208048294,0.33134440598545534,0.2691694889213609
7818,0.029446212964025505,0.46456590454474134,0.27552804199591036
7819,0.026091847471278958,0.38023676962421116,0.2319863760501848
7820,0.0231989638667599,0.3189418293402002,0.11501412481767527
7821,0.022020111005930893,0.2993964257002255,0.11210052379809385
7822,0.025185103872162936,0.36385903778606177,0.245162472703123
7823,0.02394500875890925,0.36395454929047955,0.21351478811424565
7824,0.024287126160121197,0.3651322544910818,0.265180507083428
7825,0.02591773907857201,0.4088090181411414,0.2798166838171686
7826,0.024058922863071708,0.3615649105087765,0.15106760117043638
7827,0.0249117324783618,0.3628253096408171,0.09652453888650683
7828,0.023911226521431687,0.35655680968712905,0.11351380073955196
7829,0.02680228717837536,0.41974345056856915,0.18140529580297238
7830,0.02264635003092877,0.33499586198477943,0.10033109461613436
7831,0.021637497927194698,0.3205537908315105,0.004899800652681692
7832,0.02313770858933227,0.3483277668602115,0.23362501728992152
7833,0.025769929069200462,0.3941366114324734,0.2950085436396386
7834,0.02466927174601805,0.37715832751756645,0.1833969826338386
7835,0.02274312546216841,0.3344195566546872,0.24817665648994414
7836,0.024418898867248517,0.3694409597865617,0.23579301547157192
7837,0.0230283896244562,0.3357658940939144,0.28230364378970363
7838,0.025318901196034124,0.39392149547928196,0.20400525202979014
7839,0.023885588017239567,0.36287753438143777,0.29015218896904427
7840,0.02436156444737154,0.3559142904463577,0.18374101368087636
7841,0.026478661731055286,0.38852741562295273,0.3188780981092981
7842,0.026615979162173245,0.41223569872570665,0.13680520425935336
7843,0.021736697307973944,0.31289033081204454,0.10326444913948647
7844,0.025567075324690453,0.3437207011503655,0.20859415478922078
7845,0.02529769503940399,0.37455852140960355,0.26632119532840864
7846,0.025429338460391505,0.3951203424901139,0.19202620745951746
7847,0.02590482014978172,0.3876921109593287,0.1387940907587651
7848,0.02604817702917264,0.3854633415700431,0.2597548739176665
7849,0.026107685013262855,0.39562128165399857,0.15941228068990604
7850,0.023959317598776307,0.3363994871263421,0.12299570493629564
7851,0.02598963681333678,0.3946643513226184,0.2898025560252943
7852,0.024012525314230065,0.35101214337815184,0.19768559405782685
7853,0.025816851162405955,0.3952701231207915,0.18870497415236615
7854,0.022279347608331838,0.3286544458234223,0.11176767335258098
7855,0.02670786706632055,0.40998106476560997,0.3400880261224375
7856,0.026228819129090312,0.4054882489158802,0.14634482105463553
7857,0.028750024924054915,0.41595669581375216,0.37082559713972985
7858,0.0240762309281188,0.34116206175415364,0.16791823844550607
7859,0.020685418290674457,0.29835366519026935,0.008412358281131675
7860,0.027582074977413003,0.4567692814562245,0.26337356250026006
7861,0.02233799821065869,0.32909317727963006,0.19103548232716958
7862,0.024730063724379487,0.3749813290372893,0.1208287079565735
7863,0.022803362529036312,0.31283685624233376,0.3150269375037524
7864,0.024931774442755367,0.34678763663407763,0.2933924496373104
7865,0.02910155757065492,0.43813673608709075,0.3127241165980855
7866,0.02540516365283933,0.3582110391975047,0.14882841328931662
7867,0.02662663667707907,0.4086612148919184,0.18965000855991793
7868,0.024999446006091636,0.3778102690050908,0.1028509178870121
7869,0.02376236070469161,0.3251427546227776,0.27166773566872476
7870,0.022224511346248397,0.3115424369987728,0.2287163173005824
7871,0.026962286981567885,0.43667233207805883,0.27790041803489735
7872,0.025541014462957465,0.39744516566004906,0.15626366223925783
7873,0.023628093967849317,0.34099088173970726,0.12852321826071939
7874,0.028524873813687367,0.43557079505023755,0.25353405529835976
7875,0.026465903079077466,0.39623890803014133,0.19674688709207433
7876,0.02609937248003338,0.3901150107395291,0.17512966713216638
7877,0.02261265300869015,0.31997563503296095,0.21333250711334756
7878,0.024249058364891656,0.3680617922713813,0.25048387065213784
7879,0.024910185575080367,0.38388188454410693,0.2740757978429792
7880,0.025580550351013136,0.3990460502956069,0.17480268736116625
7881,0.023329325175359277,0.3227116789307236,0.16883106849362242
7882,0.02482585065051753,0.35797700012493655,0.09096184408767426
7883,0.025632751325444146,0.3637199915830113,0.4382715557389268
7884,0.0251371655597065,0.3697367331515734,0.1340930428577162
7885,0.02691612149729033,0.4011011114496789,0.22908155642776568
7886,0.02456727249760802,0.379304054886615,0.17051965337016498
7887,0.024031278248611974,0.3634738901571519,0.17411960630581727
7888,0.02408263995049365,0.3743146892004236,0.17253234859110644
7889,0.025744602391933595,0.3974924116838142,0.33386774260402496
7890,0.023565392294600255,0.3516657625358091,0.1987683742301652
7891,0.023485347492886957,0.3607382587665451,0.17179129684010333
7892,0.025627617888280187,0.41105913694312285,0.2564230292074482
7893,0.02594164369338206,0.4026246996765542,0.24944544641804262
7894,0.022690299664575864,0.32284054653574384,0.33248407786757195
7895,0.02267605296209387,0.3371561420814746,0.25535395491779317
7896,0.025901472488491787,0.4146462412486179,0.2986544385556316
7897,0.02315793128784246,0.3302699091007148,0.19940386773731367
7898,0.025159473895136494,0.35206105744801525,0.2291977511416219
7899,0.025469962987700986,0.3624581184021613,0.21015394003840784
7900,0.024771524316773055,0.3608594854753588,0.15468289410152605
7901,0.023380588562529243,0.3570218127044446,0.11705541152975822
7902,0.02353674434159137,0.3573539652136535,0.10935243072207183
7903,0.02571078924443179,0.3870796784690551,0.3721167608631779
7904,0.02346735972415616,0.3456338407851207,0.14740712605776282
7905,0.024517594833462476,0.35114397975430106,0.16767689213152978
7906,0.02653484788825731,0.4019542389440109,0.28280341155054733
7907,0.024536716701529862,0.3427044764829432,0.1764184763766381
7908,0.026565503341214266,0.3990385368370772,0.1522724138542893
7909,0.023937686647583018,0.345469343783372,0.23035562156481945
7910,0.023605931455407996,0.33586385573670413,0.2119281552964621
7911,0.02401328169183863,0.33172099383832604,0.4157418323661288
7912,0.025790966987714565,0.3490770396087034,0.13325157547343788
7913,0.027534098359166388,0.4013913681756998,0.14614254685244957
7914,0.021798359189131835,0.3120112781143098,0.18949194070032635
7915,0.0231767005100639,0.3318304643616767,0.2603722159065677
7916,0.024161196081389606,0.36122960983951985,0.18327403329020056
7917,0.025838770499638085,0.3860108071574978,0.1899441780431162
7918,0.025887102869830897,0.39750361666369394,0.17481938479255638
7919,0.022420358442881073,0.3197214889371926,0.20895439413149808
7920,0.022250930040757354,0.30494642223169255,0.3386502559291644
7921,0.023949702931037403,0.355390841613304,0.32020590393142645
7922,0.025204468494080666,0.40221504653958534,0.21362654988360263
7923,0.023661864859462534,0.36570497773146954,0.15892417605985346
7924,0.023444041332089636,0.3380064061038577,0.07359908496288836
7925,0.024015725872573945,0.33708450131275275,0.26675133140530805
7926,0.024514426746222426,0.36932219895499535,0.1053446769605038
7927,0.025157193682072507,0.38175323252798493,0.34514857139636856
7928,0.02339851926270481,0.3255543531229988,0.10190255440758603
7929,0.026970922866111673,0.39905465992038297,0.2972184174060664
7930,0.02619041051414184,0.39138294335227836,0.13688830082674588
7931,0.022234231583223886,0.3094941834525492,0.18060871588606092
7932,0.026436352987717494,0.4054342383133629,0.1878183024246337
7933,0.02382802887546148,0.35290032910380426,0.16027396719872336
7934,0.023935932566172987,0.34652691946359776,0.08687314986861802
7935,0.024401571966665106,0.370268733720462,0.1313990725476956
7936,0.025743023673805043,0.3999978772457996,0.22163649372002173
7937,0.025712837545176517,0.40519457216075294,0.13971938340264273
7938,0.023195031390528628,0.3486077731196349,0.1525659601523494
7939,0.02432933992449862,0.35624098312017116,0.20632443538417808
7940,0.02602109262514485,0.41710593805827173,0.21203073390898547
7941,0.022720077349262863,0.34056583065452883,0.13376674397966515
7942,0.02454113508037476,0.3797115716629238,0.2704525492092933
7943,0.024959608253768924,0.37502451767942574,0.304896303547611
7944,0.02414545163153247,0.3631499116255382,0.22111725098964607
7945,0.026876527228170948,0.4053152756453107,0.19908125316824202
7946,0.024075675850513515,0.3343252697246085,0.25711198715095385
7947,0.02589203301986336,0.4004677511317128,0.3119757055641161
7948,0.025596114634917448,0.3971091575106498,0.18942152094995846
7949,0.024151034280365278,0.37913129144557395,0.15622555540062522
7950,0.02233497568919758,0.31041097569088283,0.24520938706261466
7951,0.023692360350751774,0.36464013443893656,0.15080354402803572
7952,0.02729106093897657,0.4242630768231453,0.2225348733443298
7953,0.02224579815469539,0.33248182226627127,0.14042452782123568
7954,0.025469304945017205,0.39770732420673083,0.1565613606132022
7955,0.022627265196778063,0.3106290593011837,0.10816834905957906
7956,0.015616972733155245,0.13574432164716135,0.00013511973330260687
7957,0.017361790774366854,0.22663487759987816,0.1872279060430997
7958,0.01623385768475866,0.19135550359653414,0.3843423537261216
7959,0.01886443647871775,0.2830224179358516,0.26402482391321846
7960,0.017321202118122662,0.2211668940041067,0.16786796978448032
7961,0.017020566265003333,0.23665366465399043,0.16073174075686308
7962,0.017580480839465167,0.22103145442383157,0.1770773855856734
7963,0.0163214576655233,0.19039835182344222,0.1743910768647327
7964,0.016831141255196018,0.2138900020943005,0.44818130508537635
7965,0.01795761829810124,0.2470919534304789,0.2811644633625416
7966,0.01719267157431639,0.21470506428829256,0.31777735353392783
7967,0.0187833292495756,0.28072776698284413,0.20368929851318532
7968,0.016578137207094022,0.19382486066242305,0.2121973443811631
7969,0.025459882860741183,0.44452875388955865,0.2989704057956693
7970,0.016919836395422123,0.17172136790677014,0.207213828555513
7971,0.016248931650590392,0.18213416860936701,0.18567113801844712
7972,0.0175898975367034,0.23167022537300921,0.3533276939770093
7973,0.015090859914696761,0.11506602162958438,0.15058202754669786
7974,0.02599040841549626,0.46124430211223577,0.2265155599448314
7975,0.015818775587185814,0.12769587797363338,0.16379438592371745
7976,0.01825666523448118,0.23997514233056275,0.35362536673432315
7977,0.01696563574815825,0.20689658307369746,0.16192469678712912
7978,0.019310612200124803,0.30649813878089577,0.1576406011864899
7979,0.016506503904551717,0.18863677924998334,0.12520010688476202
7980,0.01968681551790835,0.2887263833998803,0.29001756163192466
7981,0.01772571720868394,0.25319010303944506,0.3017098221221364
7982,0.0164514418035296,0.20204964187476684,0.2180130610968259
7983,0.018175700189974674,0.28150792466759805,0.2291103706146614
7984,0.017206101516205448,0.2426239072596751,0.21696954122942103
7985,0.016862843675108666,0.23125665770328183,0.17536208706189496
7986,0.014536475096637542,0.13451990109770298,0.1447308897084822
7987,0.0162547681032529,0.1954660486192603,0.24892253968126096
7988,0.017245708229572426,0.21809891486294847,0.17412944901452082
7989,0.01760075914858488,0.2382531958743324,0.21213375606348261
7990,0.018295709952991894,0.271826939274268,0.25665103018936025
7991,0.01531053330256673,0.16483289211184984,0.1555235080362735
7992,0.015041780911732324,0.12821668431375827,0.30878945080103054
7993,0.019810935895530287,0.2652806960587134,0.06707597784184093
7994,0.017422941191243557,0.19661369433436182,0.22344323032255126
7995,0.020362835667562258,0.293355872026238,0.10999395881383707
7996,0.015531764999247596,0.1713806376718035,0.07494094261090695
7997,0.021050983295490315,0.3522838712658223,0.31947355575183245
7998,0.019462930435327052,0.28898188944459907,0.009824556729845045
7999,0.020409559214258723,0.3089368518273104,0.11173560763293221
8000,0.019449719775219816,0.2716116315091467,0.16597928038882032
8001,0.018756073987731287,0.25622978409480107,0.1517595377993512
8002,0.02096460882266289,0.32623053961898985,0.22970144512453206
8003,0.015802852328445884,0.13664504997846624,0.12952998489039405
8004,0.017921305516841523,0.2440921297217709,0.3773901484607476
8005,0.019853912534727153,0.3063839377897267,0.3132938955335887
8006,0.016155026180999035,0.1947754180588174,0.13579537626891233
8007,0.01830624454427692,0.2747384555125028,0.21859097874960315
8008,0.016748355974984207,0.22461990554083683,0.25097587637527685
8009,0.015823054167261486,0.1933102633121161,0.2367924362966383
8010,0.01597786816304332,0.18982577531038483,0.40832342862573545
8011,0.0200118516757242,0.34094259405045574,0.29415624763096193
8012,0.01587855607257103,0.1960558468884828,0.16061336680238664
8013,0.018353716825401958,0.2673684369379994,0.2997638548901215
8014,0.018034036792644294,0.2802260380273899,0.13240818274511346
8015,0.017974298531929084,0.23830991236764434,0.1224095766189942
8016,0.01653601768924421,0.19260640604290213,0.1705058759982453
8017,0.015032464539888624,0.1260577217376564,0.18632943581646952
8018,0.019305719836946622,0.3221964631538744,0.1590791003215049
8019,0.016437839576055376,0.22605642895594738,0.07639279061793107
8020,0.016062136879096193,0.1754364632614934,0.18964858415378918
8021,0.021500613224647386,0.36787159144075254,0.274843696014624
8022,0.015956639169861682,0.18996734588650682,0.15979174600271634
8023,0.017088261704163964,0.1455971123091906,0.17128008165625494
8024,0.017492247567931336,0.1733150484547496,0.25191813262772433
8025,0.017629639653503854,0.16279122720300945,0.429679267540407
8026,0.0239631634836284,0.4073868653767129,0.29638164591445515
8027,0.018181284482086273,0.2410930492719699,0.06996934303448045
8028,0.01447943167974789,0.11372968964535607,0.226550543162807
8029,0.02067066769262059,0.3158174361205711,0.23026775889346623
8030,0.018324735590356606,0.2316703334236843,0.14421818922534824
8031,0.01822441479851193,0.23780039452666527,0.3752466415925488
8032,0.018194218743036474,0.26091837255110967,0.18268285443352267
8033,0.015932677784554598,0.16350440113368103,0.26841292685809776
8034,0.015802549115150225,0.17224433629518066,0.17831304091328742
8035,0.015347570380201746,0.1454466239245152,0.1047503133333893
8036,0.016565393281651034,0.204684245584348,0.20465326644862475
8037,0.017142112276502672,0.19536521110739108,0.2564840273459866
8038,0.02316690559563268,0.36170820411012716,0.1844435809321518
8039,0.015974779481940184,0.12470611516602458,0.1689109306591878
8040,0.021655091817872986,0.2831502112723319,0.1939706770724741
8041,0.02238406152049949,0.31202183155166213,0.28059563610320665
8042,0.023055738731846367,0.3406806398467244,0.20914098476096424
8043,0.019832233111126613,0.21557773166010533,0.3862764901689697
8044,0.024299916108141525,0.393907477875081,0.23004991084126766
8045,0.015642258370896146,0.13109246577362058,0.12759555877760925
8046,0.017808383653430727,0.2583320453590228,0.13025703907125002
8047,0.016741787477829388,0.2169815783184523,0.38299153040966183
8048,0.018951010240141158,0.3046707668633181,0.24871888798525318
8049,0.016490955061319038,0.20490794214479405,0.14409763710244405
8050,0.01708125468615428,0.24021721672000826,0.15511880581187149
8051,0.017027102280702564,0.25027529807044036,0.21305413796904024
8052,0.019175561341411025,0.30518740092851837,0.10956579333980741
8053,0.016305825348672306,0.20939486613171604,0.14580806973020116
8054,0.01563875241656629,0.1654640358323729,0.2719780169131144
8055,0.019546871152393792,0.3301476448263518,0.22937440749446636
8056,0.016479888278970064,0.223795792163094,0.14019706006244767
8057,0.01842894096531486,0.2924634179895573,0.20573077715833699
8058,0.015400257317247621,0.1553434523485573,0.182916452214507
8059,0.017267689842192537,0.22582054421101,0.16048289337286736
8060,0.017810429829640925,0.21723904377505482,0.2060768555163194
8061,0.022082098569211048,0.3436008494220618,0.3092342943065184
8062,0.021143768542454464,0.3264807086219435,0.15029679437826085
8063,0.018056957034811433,0.22063324449772792,0.16954517649830958
8064,0.01739316859770534,0.2393329342415755,0.12431889217112448
8065,0.01725223814280792,0.21967160991344162,0.3609202228875967
8066,0.019371998295423448,0.2892075931209459,0.23044289270996166
8067,0.01725810158453146,0.23013979801226828,0.19054712835330076
8068,0.018189190779977618,0.28664500310977853,0.15649404613446613
8069,0.01586647024086309,0.18396398371827888,0.1979866180812898
8070,0.01780701127173718,0.24582065569975417,0.2313286791465952
8071,0.0193166989836678,0.29464975098088586,0.16065796848942684
8072,0.01607008953014074,0.20114109399892452,0.22542200007798222
8073,0.01931707082024042,0.32344241708840044,0.21366813804961635
8074,0.01618934532056505,0.1706167157782183,0.14643997224948033
8075,0.019657970912702143,0.30924512363224804,0.27905552728005395
8076,0.015376825960465839,0.14454541082622024,0.09753614937829076
8077,0.01937529412788308,0.3232202918590869,0.14541259730516626
8078,0.016687249642103382,0.22646972794245282,0.08886361061876248
8079,0.017896267129627406,0.19460573013684623,0.19966916162386353
8080,0.019987518104212353,0.20027840642451777,0.25863608753002615
8081,0.019858069663121536,0.2641149433833631,0.2978337997771239
8082,0.02039211934102687,0.2569061803128988,0.19575139624655297
8083,0.02011445003813071,0.22259915401481042,0.261429003367402
8084,0.02296427380975292,0.3256995737286274,0.1673026067312068
8085,0.018561220525727357,0.2001533237146772,0.17786710366204045
8086,0.020645133862110962,0.3121282662602122,0.260980733677584
8087,0.025843650902266372,0.41175396459835656,0.2590946481916589
8088,0.018492154377893543,0.2347920768227085,0.17906174903789818
8089,0.015868790152706973,0.16036765759144264,0.27759076239707964
8090,0.01823212198153247,0.1996459991129277,0.1368579697284128
8091,0.01997419398028151,0.2570533897531989,0.5001811368443467
8092,0.02074301076158873,0.2818283053150728,0.3328782223340648
8093,0.020033292188771055,0.2583522989779024,0.3003803939742738
8094,0.02115303857086582,0.29530375592435315,0.1923931564888203
8095,0.021473517540435295,0.3104043940523598,0.1572547134941617
8096,0.01999241733179211,0.2867883184612064,0.18193226733331413
8097,0.0201385182573601,0.2959996232311753,0.15758277567053194
8098,0.01987562364789815,0.2897963319274897,0.3453465521336462
8099,0.016131946792540267,0.2001545555468008,0.12718670772563917
8100,0.019148132906385798,0.28507634954328664,0.3153723231685942
8101,0.01721156972467612,0.22649112649991182,0.17235898779982653
8102,0.01504066379041866,0.12345138788938358,0.23878476158074904
8103,0.018396727423233703,0.22251569069599053,0.17908464653496417
8104,0.01910648818094604,0.2740486690934707,0.24386248957797205
8105,0.016422332156876704,0.1936288779705407,0.1570101301436676
8106,0.027768250944370042,0.4676562764380245,0.24626525268838095
8107,0.01638737976869614,0.14955618437094984,0.11405450458923803
8108,0.01951661686419551,0.29831200339433983,0.25744293230319437
8109,0.018793045265746995,0.2613071454376976,0.17378128619431632
8110,0.016636235956060126,0.1820502440372859,0.11037178251240079
8111,0.02245753484127524,0.39092977299270526,0.30203207038835567
8112,0.0146536151740797,0.11866945110363467,0.16842955007789856
8113,0.018423800038208447,0.2820754093360194,0.5263491903976345
8114,0.015509008010753432,0.13462655937563045,0.38265307388638403
8115,0.016487241343556842,0.1642756134920807,0.2367124588882312
8116,0.015811104556827146,0.1202696013309793,0.3174474945843445
8117,0.015507742359477775,0.12524975378279782,0.39411829562522965
8118,0.0171814182295626,0.2208835086522925,0.39311217520886055
8119,0.0178600554493108,0.2717918693813193,0.1668049085517062
8120,0.01792379612152044,0.26201920591574557,0.25497455700371235
8121,0.015852188366038144,0.15188752265198294,0.14441395886122374
8122,0.022831313311422623,0.3898567823718801,0.20013632684683258
8123,0.017235930356100503,0.21946540667334516,0.15504477816374165
8124,0.01849609741910411,0.28276407700741923,0.11881999978621227
8125,0.017098206738521058,0.2161423791606847,0.1590258353802285
8126,0.01874322643950576,0.30699345746147677,0.2541124898749272
8127,0.016300786826638568,0.1916698021597486,0.13549832213765187
8128,0.01973107631160918,0.2544051341586131,0.1450543467135975
8129,0.0217187764666015,0.3367037917350015,0.3024041625760946
8130,0.016316431749334535,0.14906006225135182,0.08805638771036255
8131,0.01705468102005533,0.18139592518434633,0.212065436145221
8132,0.017242825293484653,0.23625548206683256,0.08239776726429054
8133,0.019086069900683362,0.3026031949504364,0.19656448640758584
8134,0.01808304833877646,0.19177362594920197,0.11860819923270408
8135,0.01669245577022405,0.16374498977726717,0.25808969322488806
8136,0.02168537895637128,0.31898371161298805,0.32865863601980316
8137,0.017440619550413837,0.19901234009294708,0.15307606154090428
8138,0.016953448502645754,0.15771962550167387,0.24551736644421712
8139,0.019067331958369585,0.24143652194519385,0.33850543351844953
8140,0.01904075076642827,0.277629022022724,0.2183013769000902
8141,0.01733199166092899,0.23244099852401914,0.22172675636832057
8142,0.019329331149736173,0.28055104414084664,0.2254540945991458
8143,0.018757343674394345,0.23068281623169387,0.19024026391433083
8144,0.01720755731500792,0.1990080776228248,0.15038163476913202
8145,0.01689464800099101,0.17699350123827368,0.2636055758407369
8146,0.02155331969279182,0.3439773397692315,0.27023954272291867
8147,0.016575845903259334,0.15837591494351164,0.18711618210741437
8148,0.01875447256111958,0.23073275060253412,0.2686400890267845
8149,0.02147551974411017,0.3090939095256931,0.21522566729333623
8150,0.01885479116695111,0.26446381377922856,0.12209486415443305
8151,0.017929237667568737,0.22985936746990526,0.21628837514008228
8152,0.02413250404551733,0.4056470938908846,0.22845570576706506
8153,0.017325527299422612,0.19923324573872506,0.15044280637416962
8154,0.015271762501066969,0.14154588398812207,0.2688821102697424
8155,0.02005725675336443,0.32391037568409864,0.3085818948093925
8156,0.016418226176816528,0.202537808264249,0.10614108939749495
8157,0.01744802020891728,0.2511256081423268,0.3052045157679581
8158,0.017649512594730934,0.24596948629072718,0.2152980740509649
8159,0.01606094271489476,0.15626077640964203,0.22183496491500962
8160,0.015926648934245894,0.1424667114817438,0.19112983599150052
8161,0.017869903671683934,0.18590845902967654,0.2155326778125235
8162,0.01766702728040746,0.1988892296855531,0.1512024777872476
8163,0.0179719677564121,0.1802597789309163,0.19052120545430382
8164,0.02251269219394752,0.3376818703703259,0.26891334200150785
8165,0.016699749497345723,0.14805930798167702,0.1278553365572411
8166,0.020741852559977056,0.3555860644436121,0.18002461792471608
8167,0.016076818569199115,0.18592299829108722,0.20590714968354493
8168,0.01931343530809121,0.23710312299080125,0.11056137761328984
8169,0.022424826614854173,0.334186901044409,0.2238331495153303
8170,0.0172408182321351,0.1959094628012128,0.17267013862889857
8171,0.01455100977344581,0.13790647670671116,0.14488876141272675
8172,0.018845438189567937,0.31406444661535055,0.23469309039454445
8173,0.01689437751784823,0.2485769173627255,0.11898103418671728
8174,0.01685633817201792,0.24305940201945678,0.16763334061490642
8175,0.019082622973624747,0.31432835527312447,0.2952786571015735
8176,0.01692332029614402,0.16704197180046518,0.07932860161492628
8177,0.025209196804855165,0.4205794722097496,0.31468392453233274
8178,0.016878479911314456,0.17456923033889948,0.08494060478697198
8179,0.017349255049044804,0.23873733582355333,0.22608772758394513
8180,0.020651799267444884,0.3455070282963254,0.23530053560496209
8181,0.0155524047884733,0.13192555261165403,0.17113434695579582
8182,0.01911520277908004,0.26245457977675357,0.13363745760123627
8183,0.01828643733636014,0.24430105402641983,0.2540149997235638
8184,0.02054914011111719,0.32482852234846255,0.16676457346005655
8185,0.020540995316757068,0.24078135486508603,0.11285028929489237
8186,0.01998819111472251,0.290835796614734,0.1564321195503325
8187,0.01931724682105514,0.25364502700583996,0.15309555666237606
8188,0.021473442148456298,0.33878787901799984,0.17150766791810343
8189,0.017800023073587853,0.22951005994485416,0.13048927621099862
8190,0.017220347671181985,0.22052688774075196,0.10190008795636145
8191,0.016286965192995096,0.1954090245084439,0.12267072809716406
8192,0.016846058188377554,0.15026524553433981,0.19227853409775358
8193,0.019441239802757276,0.2405601587719882,0.3595565221944493
8194,0.02099457557035557,0.32891994851966583,0.42547921037321473
8195,0.01691622564623944,0.17521091521997187,0.2675837686745064
8196,0.021507287788258028,0.34434723351560953,0.2779150946828157
8197,0.01702588251087123,0.19261801701458114,0.13950388831366267
8198,0.01755053508472659,0.1804176841876381,0.13907102859182272
8199,0.02408783258923514,0.3734877342695312,0.29029237981817624
8200,0.01910800624093549,0.25014886037034473,0.2024267714469804
8201,0.017226304069882487,0.1703569196522664,0.21319875253901754
8202,0.021308079655788997,0.33407244988722157,0.34584006966583936
8203,0.01788677437430974,0.21277102524135338,0.15342863495651654
8204,0.018188905036542573,0.23808361814761142,0.3829296281129164
8205,0.022164156029971082,0.3656633655412811,0.17309768131765507
8206,0.015284083856308207,0.16104278192009489,0.12255423520009562
8207,0.017064303652220673,0.22819019040989524,0.4176559673645797
8208,0.017887474000799212,0.2654172373053139,0.1611986671916625
8209,0.017771583329530702,0.17553014103234632,0.10058039563838421
8210,0.01663252890383122,0.2141322522380629,0.09542627210077419
8211,0.019519740479757765,0.31971921817621585,0.2555092977605563
8212,0.01714567820002285,0.21920444477349255,0.10866046113242434
8213,0.01981271913497266,0.25621501796315765,0.1185645818534512
8214,0.019326151506100377,0.1874453787264355,0.300421376037016
8215,0.01682536737804025,0.20023575638941588,0.10053129173884573
8216,0.016809760799895348,0.19429452952729712,0.45156499517345683
8217,0.020922954636669204,0.33314757993367555,0.17609386492588466
8218,0.017202458796513217,0.2129673190483199,0.09239563451924447
8219,0.018744254004069576,0.29174836120571307,0.19992816134999555
8220,0.017191840670224928,0.19825826059459517,0.1639683965614482
8221,0.016564022677720742,0.19223864190271223,0.11996206199544038
8222,0.01805392213160104,0.24477053654712128,0.2541226828037195
8223,0.017300591043802986,0.18090912538421106,0.23131489975049727
8224,0.01600192495303104,0.17296497679661127,0.2228629965777755
8225,0.01702063915382485,0.2478301775168295,0.18327397752459684
8226,0.016262952462323593,0.1713395815577591,0.21379845750436205
8227,0.019906560211349147,0.31808674079508303,0.3766112987675855
8228,0.01722601975343606,0.22126379657029266,0.18611442213767948
8229,0.018058611517400572,0.25921357174537846,0.17263179527315337
8230,0.01782521814526463,0.2543410612717347,0.11842377079830312
8231,0.01924547101862821,0.3260893179611557,0.1463203206602593
8232,0.01747636347931113,0.24230967078264673,0.19715387316822752
8233,0.01931364643064357,0.28346283705059405,0.1063486327790471
8234,0.016784915010780332,0.22151752671758174,0.11597361384578556
8235,0.01669703949411643,0.21194946202658388,0.27042715285143465
8236,0.019497626523580603,0.30719188406426656,0.2243804788110868
8237,0.015297584803799266,0.15723204571702892,0.09650636967949526
8238,0.01830224390667184,0.2511144264641553,0.49425743683641205
8239,0.01606628132414819,0.15757033931475478,0.152725460858386
8240,0.016197720462272445,0.15669977644642166,0.17071256570325666
8241,0.01994361400436237,0.28872624195711105,0.21557165202223633
8242,0.019257363775685817,0.2688631072799647,0.16458193864357182
8243,0.0202746867530593,0.3141233196267194,0.2547604443517986
8244,0.016196071947882123,0.17607925315070483,0.1440222018661416
8245,0.01734437218397201,0.22527798930832088,0.20483546220008872
8246,0.018296529607458274,0.27735648545844943,0.19314496579165988
8247,0.018418474346707788,0.239464566522194,0.16781910275298004
8248,0.017883820944386942,0.18139616403004027,0.2255458556496649
8249,0.02042481342007959,0.2688054559409337,0.36402773353535167
8250,0.018435434776912264,0.24660177754528823,0.09507783578987507
8251,0.022624386073679326,0.3425769813675234,0.1605524571743949
8252,0.015611571694804751,0.11514100955962034,0.07929326035190082
8253,0.02062747457412985,0.32500154389457714,0.37048623207017917
8254,0.017439945034173322,0.24029835342698697,0.179750925045759
8255,0.016016290828347775,0.13814765939377308,0.28802506441450926
8256,0.01819648324608575,0.21600301807369093,0.38731354611202856
8257,0.02011097189897624,0.3108708836604032,0.17445522117776802
8258,0.017468788034751652,0.21865126931658063,0.2952418706116717
8259,0.018312072744843907,0.2791482020343511,0.1948999479909827
8260,0.017099024460546574,0.21202211367582824,0.23284757807373713
8261,0.017903860742840255,0.23739952493454375,0.23195439904096787
8262,0.016537565769271925,0.2048067010137957,0.13715665486605394
8263,0.01876685842289073,0.2549665434601057,0.2046817629649561
8264,0.015905303887402973,0.15649338878187347,0.1420308107076563
8265,0.025834858263055465,0.45204915888237296,0.3220352744434052
8266,0.017736238597883286,0.20628147355775425,0.13151084384125628
8267,0.014337942757940203,0.0955417559961006,0.15378918156922014
8268,0.02621346538993219,0.4770206725464321,0.291910953428443
8269,0.015050706120160748,0.12363390832725304,0.1014937114421565
8270,0.021075119364559556,0.3489809440932829,0.1755202899707756
8271,0.01758174930316141,0.20519999517715787,0.07943127307230034
8272,0.021606858682682972,0.3330402028257915,0.15277600158523527
8273,0.019432089410590155,0.2827248439726863,0.1720233091952358
8274,0.016826153154570284,0.2012740324806559,0.13347832569434023
8275,0.019557574778401383,0.3036870882096807,0.3665878591662697
8276,0.01769692152891868,0.2218467447726997,0.17675635408548304
8277,0.017791087408439415,0.2208585953619749,0.1511281920140124
8278,0.02118941491384168,0.328380246115934,0.23057275833485152
8279,0.01757409871951291,0.21474242091662288,0.13926670592296278
8280,0.018465066210788538,0.23373149722821498,0.08559417338199651
8281,0.017564313637041834,0.19130220157244984,0.465007411060137
8282,0.01934566032729936,0.19752102130923407,0.1837133015504074
8283,0.024530949073606673,0.35659990109859063,0.35640375860215545
8284,0.017529681486968544,0.173002481086562,0.08383627710557157
8285,0.020690731825429208,0.3198323311475863,0.23201514096067338
8286,0.017847123252223523,0.23223062978514458,0.14099406539219173
8287,0.017753599822580058,0.2344345559692046,0.1293899647107609
8288,0.02009676540616842,0.3188340392712242,0.23644227149353558
8289,0.01807450182994826,0.19894529204289024,0.12297963089399143
8290,0.021510209037210744,0.3383223924431008,0.1547015804609432
8291,0.020460593929233942,0.31150682779307376,0.18801564897665754
8292,0.01978455807881798,0.2892834000449813,0.20728138323136006
8293,0.015473201187661732,0.1333832179788235,0.1451452185154142
8294,0.016689461823266086,0.18883244079528402,0.339988037199253
8295,0.019994557516361814,0.31755627083188115,0.3062136833229225
8296,0.016212959345388855,0.18843971710735877,0.1493209031760167
8297,0.02022804747941545,0.28750479217496877,0.3237792900529951
8298,0.01633668619717608,0.168091142250234,0.1842882262533716
8299,0.01853934631791754,0.26452109324715894,0.1608745102420833
8300,0.017415458507736948,0.22787477462682065,0.1917056381627812
8301,0.01784404221577052,0.2314424566755267,0.27296745652438936
8302,0.017689680529438086,0.23839633000640634,0.2920532182704185
8303,0.01566661768568609,0.13947594636112576,0.2558267974188651
8304,0.01733478048765105,0.19230990391584074,0.25297588095990275
8305,0.024218658084866788,0.37612338460290945,0.23220279878819056
8306,0.019433323202689173,0.18253163031215683,0.12673471872888895
8307,0.02103780885042099,0.23075379363854165,0.08312757860316433
8308,0.024355075038551614,0.3395526614055198,0.27539821532917597
8309,0.02120899418959402,0.27254766116848456,0.15484590214558236
8310,0.019393510560266784,0.19086938718041993,0.3553974518226993
8311,0.024854724948098036,0.36468574304015783,0.42370969625940574
8312,0.01772608774192497,0.18852962585142147,0.07380538900473894
8313,0.016553033425848133,0.1820753163694237,0.13955848043688032
8314,0.01949237369206659,0.25137235617572473,0.07880706617286368
8315,0.028276856376691716,0.4608912049920162,0.21462984494917753
8316,0.017887841069927,0.1817649012512311,0.12928662123109386
8317,0.01541587224459714,0.11570982529809333,0.07924453531673084
8318,0.01723996245114205,0.17935343469596973,0.2654160161461344
8319,0.017365258571407183,0.22254394944101355,0.23041102935960672
8320,0.017528892936882996,0.22776796591973994,0.1459844685626066
8321,0.01804580679389926,0.2592979539238269,0.13371300404546696
8322,0.019038163167953964,0.3064088562042802,0.27062930215605163
8323,0.016522210999877204,0.1731958747102035,0.17775952364948955
8324,0.018880378858125678,0.26902737163338647,0.13040553649667108
8325,0.018627947805701373,0.2661380967833987,0.17412807059733593
8326,0.018430885020332934,0.2368802385914254,0.16563799797792986
8327,0.01781316055663383,0.20026551156616418,0.12888375503997082
8328,0.019528378037420146,0.2963167455606462,0.24401777078559206
8329,0.01780287974000735,0.18608544229260232,0.2393615400268126
8330,0.020413509211880454,0.30822734557904513,0.3753487175079002
8331,0.01880855551033827,0.2633823752605479,0.18283260207274954
8332,0.017033862056346025,0.21239608330824042,0.15987837114512418
8333,0.0195204479457126,0.3061822269896911,0.19514366944948414
8334,0.016963060832579247,0.21445329165592233,0.15037182982678715
8335,0.017273015161904024,0.18096731677204986,0.1278059597292189
8336,0.01930201456566613,0.2376685643433717,0.459832013096641
8337,0.018300744055856556,0.21890657031464222,0.22930762810453437
8338,0.02393315396126934,0.38550494085633896,0.2710371453518595
8339,0.01638448866257743,0.13847717521254854,0.09680942910093404
8340,0.02352895227686128,0.3849666751451217,0.13752887483303117
8341,0.014943212108071877,0.10690929583859399,0.17028778240752407
8342,0.019773167572066028,0.3015382956866351,0.26829678508229715
8343,0.019253055400498743,0.3109428572739924,0.18191268888675613
8344,0.016627360443115604,0.21007722970971685,0.18942258399616674
8345,0.018357625066196873,0.26812672761333317,0.30321357757657313
8346,0.01795320245183147,0.25861698086659024,0.2484568465953542
8347,0.01888768529090451,0.2575822283803551,0.23004855687165301
8348,0.017370752814052898,0.23136666571604703,0.1695902141699463
8349,0.016999587849620783,0.1967605989248603,0.41826819586588626
8350,0.019202362967970094,0.3079959890960683,0.3547809992385929
8351,0.016786247300925296,0.19772064898689876,0.19200479534024498
8352,0.02003848777087956,0.3028710141092043,0.2223578313767125
8353,0.01801883003372421,0.22506705833713828,0.17190007164415796
8354,0.01942104369265596,0.27404563933908804,0.128406038898994
8355,0.018334618077476206,0.24695426318413724,0.1592622082285653
8356,0.017383256379540524,0.2234111028110107,0.17846797004263315
8357,0.016286158335479,0.190629377634868,0.17147461189704258
8358,0.019534345267511716,0.31879634910439353,0.20975339829700604
8359,0.01689433818700348,0.23585883828064838,0.12646040121461033
8360,0.01768527934517873,0.26460729690118384,0.28067823588522983
8361,0.018657119212804052,0.2737857768675733,0.10950936848246862
8362,0.0188208127715252,0.2841829968414433,0.1704649590114353
8363,0.018778670949017126,0.26845000725044926,0.16068971092503584
8364,0.018151261768679657,0.2558305272450095,0.16832580712919454
8365,0.01795529746055758,0.23748383993518313,0.19199918258392595
8366,0.016307290766544785,0.13689382521344742,0.08852477806474306
8367,0.018957191342297147,0.2347909582122162,0.1554550324698087
8368,0.019380643407359656,0.22592584286229542,0.3861415443871031
8369,0.0184203164125475,0.2289097096113382,0.31504523741582147
8370,0.02293645490580202,0.37173652762734194,0.16639456530320212
8371,0.015705621166259686,0.13804938166743605,0.07505288638777904
8372,0.018534775807983295,0.2760542840522018,0.2848738757407045
8373,0.016891397792192276,0.21522027253542966,0.2586720517550613
8374,0.019532663205025516,0.32212312783824015,0.1844142930058232
8375,0.017879929105080745,0.26699793498662283,0.18397255036726515
8376,0.017005655205656292,0.23401186805237992,0.179698627164524
8377,0.020653316137431627,0.35923350355751804,0.20613563843134633
8378,0.021208732591004708,0.32202422185344004,0.10806162242067757
8379,0.02009326419805542,0.2589167968024921,0.24102404024290214
8380,0.018258029330416797,0.27553320917984997,0.13998792937061508
8381,0.0175607761358982,0.22983456409107691,0.1690245295987478
8382,0.019456925439957355,0.3094985288030837,0.1353630060610124
8383,0.016272134221777444,0.16925572286885673,0.06649149379237625
8384,0.018243907858935877,0.2673950382342642,0.17405908795826416
8385,0.01974653561382624,0.3116389838645392,0.15102057631216023
8386,0.01575620265435412,0.17305668044671224,0.10727313490371658
8387,0.017701562020550808,0.22852530296144355,0.1392636712448271
8388,0.017453416802353197,0.24675541341742685,0.1303072260154974
8389,0.016202449186347934,0.18548772445660325,0.2269619376691818
8390,0.01789538561142931,0.2747006283017475,0.2458239604499512
8391,0.016961194867104883,0.224144410273164,0.1786951920296257
8392,0.019170699884976126,0.30871484693055445,0.17442639048924985
8393,0.016772823692997426,0.2132790889225905,0.15741987552766606
8394,0.018252195609408096,0.2696495323051139,0.26488123710662914
8395,0.015570876086770302,0.16117965872237658,0.23117466100010278
8396,0.020291699783524034,0.3381686081299307,0.3343779794630891
8397,0.018351888980209487,0.24980246905902745,0.12473806339739374
8398,0.021343458339754238,0.33825676283424544,0.10551261157257531
8399,0.018005250915290583,0.2553122990353909,0.16216271547205477
8400,0.01973708537239334,0.2864540776626928,0.16806927046380746
8401,0.01867796679250082,0.20190828017288912,0.10530987088362406
8402,0.020141186916922925,0.2650018473301312,0.1975336757785452
8403,0.018942854473902683,0.2475318811243891,0.21591290696765175
8404,0.018258350420293085,0.2168269471222708,0.16371661006014224
8405,0.01967963148906807,0.2744240514882757,0.1350590169735942
8406,0.01936956204195689,0.21079890447178998,0.14269531407254046
8407,0.018585768613358415,0.20886345249746946,0.09893141822983012
8408,0.019910383784867824,0.25686621672560933,0.17006160888287802
8409,0.02477892128029761,0.38799102679695857,0.24508482602254175
8410,0.01762622466602801,0.20234113071241047,0.11265055210915752
8411,0.021502562374308205,0.3486260795600504,0.19535358331645877
8412,0.017290029068302012,0.20393965867118818,0.09930766352915052
8413,0.0167667229738325,0.1558759647389549,0.11929342799688364
8414,0.019050619939435433,0.2833504728840794,0.12925621802513662
8415,0.01867458609338199,0.2649840054176675,0.28683403923273876
8416,0.019580634640932692,0.2791607212930722,0.20887221342586837
8417,0.016966924761306644,0.19688641575956164,0.1489764799754226
8418,0.02052845605424605,0.33194857582411813,0.18022041588346496
8419,0.017220880694536804,0.2090356142412038,0.16379025093244187
8420,0.018830170038141195,0.2681977574190818,0.18969969785073176
8421,0.01841184205369173,0.27217804443933824,0.17104538805801764
8422,0.017306951449032496,0.185667882076949,0.1258609730668925
8423,0.01962453534997417,0.2828550174395027,0.16977534881001408
8424,0.019138517428801897,0.27628833111289497,0.0943999382732832
8425,0.02054239078933384,0.32268919873213703,0.20331132440303323
8426,0.018757724759444358,0.27384899272566837,0.18452647638791392
8427,0.0199422948327431,0.31089978916160893,0.1834860627460275
8428,0.01581461899565339,0.15993016031646337,0.17929069136882417
8429,0.020711837970946546,0.3405138771512403,0.18238512301564772
8430,0.015139841501844347,0.15759513528233937,0.1460802095439347
8431,0.019110592089813694,0.285750583327295,0.18166241123422736
8432,0.02106656356690243,0.33834319730397,0.19315265440968335
8433,0.015668024879102148,0.14721174975153223,0.12350359800508447
8434,0.01822360749818882,0.2199890984776526,0.24919586610397207
8435,0.02860923890940096,0.4496945681902881,0.29294251579476344
8436,0.019901542506492384,0.24981100912528018,0.12750876579061468
8437,0.02055478975173572,0.27367113988054514,0.3679634697559999
8438,0.017193332007433164,0.20613491893299174,0.23240117857891207
8439,0.01950384423198237,0.29538897270241404,0.16001476160908118
8440,0.017974365266639362,0.23774814401809824,0.12259133032244762
8441,0.018710076713676686,0.24828944553552323,0.2618903823287041
8442,0.019056028324059754,0.2973356560640457,0.28352203049886116
8443,0.01675388230071389,0.20861645279621957,0.14280529439421455
8444,0.018679086179548523,0.2107488685471103,0.15125497405882782
8445,0.018047324069799288,0.2345422212262718,0.35020166077240666
8446,0.020390989240882153,0.3020165071617547,0.23770446524732788
8447,0.01811946678758737,0.1925413416738713,0.1707472640282601
8448,0.021576279795076984,0.3370094117409746,0.09021265337461366
8449,0.015784599003623688,0.1495183836144366,0.1445533450786194
8450,0.020285182472165764,0.32712255929167094,0.2683708648332833
8451,0.015898730407484393,0.13923273331021552,0.1389239450212939
8452,0.0205748135508324,0.29047704536880947,0.255338685140403
8453,0.018541526000620596,0.21745076225038676,0.1715035148452348
8454,0.022067501654711642,0.3277323682531958,0.22181605606459845
8455,0.01912406123996812,0.21446005400767576,0.2079080200540006
8456,0.022536836259338885,0.3461703519919918,0.22106304030869112
8457,0.017858407471719708,0.1858981927729451,0.1790412465626156
8458,0.02235763647874684,0.3467976202364246,0.21045686432768873
8459,0.015827159039557035,0.13774906160991535,0.156386257475129
8460,0.023779213678327166,0.4110709433304336,0.21242231856746194
8461,0.015888537873176983,0.14769581248093583,0.14151404792580072
8462,0.01908162374465222,0.2842306047373067,0.4227599283052851
8463,0.016189227811022305,0.15968968112334764,0.1674217322642666
8464,0.019974976400034112,0.312456224107385,0.2525100506937109
8465,0.018095776704090436,0.2583166629334421,0.15539898992287607
8466,0.018195780940928788,0.26093301128185403,0.2637718721635438
8467,0.01864393966073779,0.25516606907174183,0.2113591494736877
8468,0.01602916677786353,0.17433977107993578,0.1810512477667891
8469,0.018363693712732523,0.2310859031841531,0.4020319965605405
8470,0.016725078388513226,0.1967294417415428,0.270172825848362
8471,0.018365077796872777,0.24947556630237128,0.25386980473417
8472,0.020049335441682154,0.32112975701587204,0.37000984687546756
8473,0.017290769187530912,0.2383915102757679,0.14674677234895084
8474,0.01885631455731492,0.29556993702677975,0.17172430909847666
8475,0.017476189316578804,0.23207452346865154,0.1769883845355718
8476,0.018580693675445376,0.27390557547859345,0.24998850818428217
8477,0.017500031565632696,0.22807980369660252,0.1642626074654321
8478,0.018469830201341887,0.2554905019074865,0.2869614276216443
8479,0.016225350608586386,0.12660877004578863,0.15949218135130014
8480,0.019409296086160654,0.26168198811301885,0.30298560327876173
8481,0.014981464067893621,0.1256393140789622,0.20768799844859767
8482,0.017815937858244233,0.2270583637295302,0.21327068175876965
8483,0.021282851785934736,0.3355941335616967,0.21510279968539936
8484,0.019002077257148583,0.2571016884492898,0.15948438707615403
8485,0.021923180581014043,0.326834378810224,0.23975502568489798
8486,0.01959216988761842,0.27279866813723913,0.18092971556486415
8487,0.018928709960548074,0.275477082367831,0.295467777970954
8488,0.01612657998178264,0.19102648573686773,0.09178711779195016
8489,0.015039233272537221,0.15107199341919908,0.38304399415346463
8490,0.016014893638444595,0.2075155361703297,0.2806976444689598
8491,0.01664696942673105,0.20130232851710686,0.2504887327344957
8492,0.01900875991878014,0.28278439996412835,0.31382158860258175
8493,0.016502937121471953,0.19577106495244592,0.1791271769404491
8494,0.017246776814169872,0.23056342883506312,0.3572896726493354
8495,0.014921918756569244,0.14138914723337215,0.3278731271718589
8496,0.019442190749699707,0.3028918105181783,0.3096660991516674
8497,0.014876630355287598,0.13074437424338403,0.21353848249004279
8498,0.018889025894214095,0.20252489952168323,0.20290527679997314
8499,0.023789795184359207,0.37948838639977434,0.24461060499889217
8500,0.0183680379870296,0.22337136363237753,0.13966943128966314
8501,0.022214437312026776,0.3588318909456795,0.21032500496557405
8502,0.01860325652017419,0.2152261146772015,0.15259092605875985
8503,0.023921329471906557,0.3920660170545982,0.20574933799971248
8504,0.015978195158415975,0.17581637230910022,0.11475333924193559
8505,0.017340437017227914,0.20245728123348317,0.12648312276555063
8506,0.016759437845659798,0.1652685204636167,0.20367845551468405
8507,0.020917647814011425,0.3012878130814317,0.22954025946362847
8508,0.016747081025309855,0.18802982389539177,0.1340674954439084
8509,0.018064875318862153,0.26533629911222417,0.20614262329533176
8510,0.016932707803349198,0.1651830943171845,0.25046905734817587
8511,0.018057583626012303,0.20539049138189253,0.17323685517217108
8512,0.022688686808265007,0.33341105943146787,0.45965894789211764
8513,0.016314679135250497,0.12607005978814922,0.2127220201287545
8514,0.019786138107790754,0.24976252420997413,0.48969312938993564
8515,0.016983131352361482,0.1570056464710829,0.12799486696535162
8516,0.018474337304698277,0.24910477563502287,0.27843430217894605
8517,0.019667215308794204,0.3072800439868094,0.15620155468455427
8518,0.017587619644233124,0.24266826442946465,0.10943264229546949
8519,0.01739695231997673,0.227998477706764,0.2022648904263878
8520,0.02076986654435927,0.34949641391896763,0.2298320643275602
8521,0.01744659117453266,0.16877673054138226,0.14814679135864714
8522,0.023106000688095978,0.37863222018610065,0.3160532698101178
8523,0.01821328817222509,0.23187720879543963,0.24369854039028174
8524,0.017560984010790946,0.23574123332736122,0.12626073058011367
8525,0.017258914940451932,0.19981908214141905,0.22610666689161033
8526,0.019618159965334312,0.26879739438339295,0.22880096688335602
8527,0.020886516407462478,0.3159476112231973,0.2661906163709795
8528,0.01756166718294794,0.22057609125499647,0.2356430450964998
8529,0.019921510573268023,0.2337381972070172,0.09291982204117033
8530,0.022285568342103493,0.32671909073639327,0.7435991929698761
8531,0.02026144652435049,0.27259193105555846,0.19167321013703453
8532,0.016462680817603506,0.19264670429736477,0.08627578060469922
8533,0.0177279194909425,0.21975532704565115,0.09315790982783942
8534,0.0199593062997644,0.2874626298413452,0.42297342612698585
8535,0.017291511225598268,0.21818662253726126,0.11835004359758433
8536,0.017848988337359765,0.23896015444412505,0.17651713323221432
8537,0.018411218036911498,0.2519167473202956,0.20946566661613164
8538,0.016800938941356116,0.17489894154780047,0.19289615041314637
8539,0.01946776910797384,0.2855628575348328,0.1391297524937906
8540,0.020948035803180828,0.31940500044816317,0.23661539856713903
8541,0.019014029004531162,0.2400574425317003,0.20536697734660259
8542,0.01886625720640499,0.22860531456458918,0.1868978369334931
8543,0.017421585106955795,0.19059449254902397,0.20405817901572706
8544,0.020431763303641746,0.2902359200656221,0.22802815928106157
8545,0.0179861924626176,0.20756898829993825,0.273418887294064
8546,0.019624090938465642,0.2849552347488334,0.2571464889926266
8547,0.018519703928448733,0.23638685110673338,0.21649356705432551
8548,0.01940925425309168,0.28730370480035555,0.12247365883940455
8549,0.018366875973140417,0.24149725729634267,0.2814652920736103
8550,0.02112265145048555,0.31420678593317036,0.13571812264550037
8551,0.017339476354129493,0.19660045150660715,0.2254998906824259
8552,0.020387285891804982,0.3143810253559543,0.33404809586412754
8553,0.020117075549985562,0.26102728457579283,0.12609375358606809
8554,0.022651979437559266,0.35326210188875057,0.12779533086191908
8555,0.017532760961440394,0.19917739036335488,0.16959339922864688
8556,0.01846425214292988,0.1912464858384659,0.3904338577595877
8557,0.0194869310444305,0.24759513642112052,0.23532979756251493
8558,0.01751967450152931,0.15181802004470712,0.3044609864708135
8559,0.019733067232369516,0.250346233759103,0.2886450451022739
8560,0.02179728510579599,0.3283461227526994,0.3314168717824982
8561,0.017617991941238816,0.18398226289700487,0.20351150499459392
8562,0.021712257384712257,0.3142893623048302,0.27209143771522243
8563,0.017647730253197796,0.17372831554028165,0.11732909574270281
8564,0.02008491807695154,0.29582852023979966,0.09284323759714092
8565,0.01823186726457115,0.23115920635664167,0.14808402360208367
8566,0.015500635951261329,0.13912462152915597,0.24675604139290794
8567,0.01511730530549431,0.11716606823607253,0.3808130403856776
8568,0.019689570868489954,0.28299220673538233,0.3588323982988686
8569,0.016729523377176703,0.19221291565727333,0.0709223469466107
8570,0.01725963708871745,0.19809835485680277,0.27434873101247276
8571,0.019943626955200626,0.23244873050691792,0.2123579207000306
8572,0.02266604287110352,0.3187651626980692,0.36504951558727117
8573,0.02158897640337283,0.34516635199789314,0.19019489516318452
8574,0.018912810307287992,0.24417241973474269,0.1430143493959196
8575,0.019530435377067175,0.2715727766362446,0.25680999784391395
8576,0.01868563232562001,0.254293305569097,0.26449079672951686
8577,0.016994254685675756,0.18295246590675823,0.24600708453530046
8578,0.020193139924293602,0.2917290840054466,0.09600277774550546
8579,0.019976854345963833,0.27051996982872883,0.292947822671562
8580,0.02301868683065056,0.3704640224037152,0.250277351097176
8581,0.016067998036648993,0.16382375092618912,0.1041103445827209
8582,0.01508458361078071,0.11058235683562777,0.1503217107850546
8583,0.018354048282684884,0.24124562745074207,0.33956837395048955
8584,0.01760043782112356,0.21874495590597554,0.09385370802312287
8585,0.01771258302610286,0.2019049301778567,0.2525290043920482
8586,0.01928295048789861,0.2835435417991041,0.3377586838349073
8587,0.018179830560729054,0.25483420512284377,0.21409159787956433
8588,0.018573344943819865,0.2518145063557016,0.20001344035124688
8589,0.016835665864733975,0.14308541008881925,0.23484090391159068
8590,0.017530011894327676,0.15668781125020403,0.35326748650643564
8591,0.019829103528722337,0.2722311601996574,0.30996578525430146
8592,0.020132988573075394,0.2806777873898284,0.2292465885913462
8593,0.019829317591812053,0.24076300345233514,0.2540546389074784
8594,0.018392204959975404,0.2244045472133012,0.14046962883552072
8595,0.017391105725092088,0.21553109645157587,0.2208306149543565
8596,0.018381699291823792,0.2499231492597773,0.17316878820429088
8597,0.016202361585182217,0.19177012753511435,0.11095604470746225
8598,0.018222939858336173,0.23915960930964164,0.2097642954748413
8599,0.020325807135170543,0.3062085695814269,0.20344182949116524
8600,0.015807785047322623,0.14683641876882994,0.20792334159658063
8601,0.027518331454831717,0.4961977631265483,0.3017829232998058
8602,0.015311676814208924,0.10740688610150562,0.12598161157826668
8603,0.02191250462692917,0.351667098938503,0.1652306982051608
8604,0.015871791903987784,0.16281943458594966,0.18029716191345396
8605,0.020012627553174213,0.33577496708087995,0.2724577488968389
8606,0.017062748864442315,0.19139810440554306,0.18574053116378417
8607,0.016520501823660164,0.19793256521528033,0.2587732039625083
8608,0.021386659385851093,0.3610732913001996,0.2622973072520571
8609,0.01664971679489405,0.2112785174998129,0.1627330400574145
8610,0.01990069593111616,0.32113818488263096,0.18641155636291942
8611,0.016819781691985777,0.21567977098751326,0.14412090387705492
8612,0.019860761413954757,0.31993774024138516,0.19423901371097688
8613,0.01558378057618272,0.16162015329432272,0.1905688760960713
8614,0.020099669262288337,0.3123983148834345,0.196481412539473
8615,0.01751480779985043,0.24714019961394665,0.1782883475462913
8616,0.0177285956968463,0.1906134903695053,0.11358439690420531
8617,0.015290955161052397,0.13690581800476426,0.07561626212438499
8618,0.02300615812477178,0.3949115848130746,0.2669209009643522
8619,0.01630710973862488,0.18144206032544777,0.08801597146352474
8620,0.018453778881139683,0.2382467856321926,0.37671862136192885
8621,0.020219775076684793,0.322865337225162,0.1447341311961779
8622,0.015593964402513125,0.12917810648858044,0.07871402940402665
8623,0.017518604443303432,0.1648132205777574,0.498322845181406
8624,0.017825050339184956,0.19503623913924623,0.27832538066480916
8625,0.02165740375308178,0.28918825879680027,0.13863157345132662
8626,0.02377181018209561,0.3676761944320681,0.19443239243982222
8627,0.01800263103503032,0.2092680106405575,0.2218910832397428
8628,0.01715930445330467,0.19754672477116886,0.1369533014923132
8629,0.01686325149928103,0.1983334965761519,0.19013435300263762
8630,0.016516513725144538,0.19019453545921178,0.3511790422152102
8631,0.01870782335838684,0.2808973222895119,0.18667402295940783
8632,0.0168156244995311,0.20020486646582575,0.1720807951145985
8633,0.02081935790090431,0.34677014186424493,0.2338211430298974
8634,0.018536459166010596,0.25244168681440815,0.07221901805503282
8635,0.02311483903470667,0.38451000512029654,0.24033051484899515
8636,0.01872101875553788,0.2691986131419,0.09757992952506857
8637,0.0149671627716228,0.13174248292004614,0.08587497322665244
8638,0.01958586675534296,0.2635433471320403,0.3010211123944099
8639,0.02016962056756093,0.30412692171106753,0.1268754845915616
8640,0.016678038437818125,0.18203384979429416,0.11794256659915243
8641,0.015789075987679847,0.1206911873802192,0.25322233063026917
8642,0.02530594720651111,0.407450911163357,0.28215760827548864
8643,0.019156731018220293,0.2694771716210736,0.1147304673588423
8644,0.01804906318392003,0.23369301128166134,0.23451259309683026
8645,0.016427455513744315,0.21214771961649437,0.10123403012741095
8646,0.01753852735535881,0.259191509794844,0.2906872027994747
8647,0.01651823403584532,0.18891163043762793,0.08593723948280381
8648,0.020236512191382512,0.30240061051453454,0.4117025496919785
8649,0.01746151638159995,0.2327377575642908,0.1557768190986829
8650,0.019697545857360773,0.2979272353586342,0.2159762684556602
8651,0.019828171226419538,0.28225083500751286,0.13738662101011528
8652,0.01939275379342851,0.27926500044299835,0.1944022549419795
8653,0.019502623345528467,0.2865016109297184,0.09221191386456755
8654,0.020525519342667674,0.25172258314292095,0.09216177316333794
8655,0.02106674684996914,0.2886838337300895,0.385823950490161
8656,0.021281174909224806,0.30914125621218036,0.08247457489826666
8657,0.020739855675743324,0.2712939863080372,0.29429305878207956
8658,0.017100133688644152,0.16249306216049408,0.26893300805075665
8659,0.021316999874344583,0.2950014433818136,0.15986364752456375
8660,0.0187598371815137,0.21318258291384484,0.147806858822187
8661,0.017766828189243685,0.19464829797935365,0.15880022388424117
8662,0.018273264949970263,0.22080194866555788,0.2448288432551274
8663,0.02133912241336823,0.3180723967482146,0.2366344645632235
8664,0.020366574087421374,0.2551634072616062,0.2195500832536436
8665,0.01947037737845206,0.2900779015232512,0.3267443743139443
8666,0.018575980194886554,0.26587211752884665,0.14601584682184968
8667,0.023070588154319265,0.35925245693032937,0.2506556413779394
8668,0.015527425203654173,0.14770755097136357,0.10821890539028488
8669,0.024872668227250257,0.43030280356066675,0.17246541874064414
8670,0.016091124286050827,0.16228905972434615,0.11363464006860506
8671,0.022810095562762544,0.3816885513241946,0.2733645069994303
8672,0.015336636313045656,0.14242217095092893,0.13126273608371689
8673,0.018526251963964045,0.24299736303375336,0.1737141600085656
8674,0.019655965918355885,0.2451962713574447,0.26018121660909366
8675,0.020461777124070477,0.27991084466544736,0.23835597018060836
8676,0.018148592539626633,0.23484515117274601,0.22277278135962408
8677,0.0205801923220129,0.28888606949581125,0.26748122041146927
8678,0.02027367549202606,0.29877730358149224,0.23177802220925067
8679,0.01840995586779082,0.23124411547936233,0.19131213281745407
8680,0.021138344424299408,0.32636269232282783,0.21428572923517886
8681,0.016988130334353018,0.18556075926421706,0.2819296077996575
8682,0.01536659738667782,0.1613710551436852,0.10005367695851553
8683,0.015436694197276134,0.12576077644037398,0.28505914278391037
8684,0.020190849272888455,0.3446694320121779,0.21775691673440917
8685,0.015828222365779663,0.18650611779551377,0.13066957806163138
8686,0.01715538439586046,0.21106007331266435,0.2920283048577032
8687,0.018240625389113693,0.2806215651247786,0.25360846682778465
8688,0.015143431010498887,0.12547460797540017,0.21373673488729608
8689,0.020816124678219444,0.3476040476150733,0.32909641912253657
8690,0.016843108910253486,0.21336483030937262,0.15549186211431365
8691,0.019398095343881556,0.32157510884896595,0.17804136319014177
8692,0.016504952621947754,0.16533053235291068,0.0637886148501091
8693,0.01783731245161492,0.2644483638899376,0.06973926689847403
8694,0.01830736537731193,0.27935639741662754,0.15907383384917373
8695,0.01733570660730902,0.23149134465800167,0.2208745842011913
8696,0.016757177277789494,0.20231815768402198,0.20697220999456625
8697,0.017813534385316458,0.24766650227055392,0.19035109110444193
8698,0.01713938583066399,0.2263002070576406,0.21191854112340472
8699,0.01564474155912377,0.15577730429031827,0.22897880173147983
8700,0.017768518695957095,0.2070726361576617,0.33596512637487497
8701,0.015318808611911606,0.13235819633066007,0.22282796617953687
8702,0.021050779168852583,0.3173708280994873,0.15488803243038726
8703,0.016055060639581505,0.15741384687911417,0.2073069579884135
8704,0.014376579230433362,0.09691144043003742,0.1794898954401603
8705,0.023570797681143955,0.4095435708961653,0.246486628754382
8706,0.016926942780298552,0.21500290486368334,0.11612402772532729
8707,0.01703748773660359,0.2515111414601428,0.22854802736139462
8708,0.022119715449023573,0.32618886503975014,0.12066735823456934
8709,0.022484076792942523,0.29621731842999954,0.2640571011091589
8710,0.017472845953031127,0.22557172914249554,0.0865978709134619
8711,0.019333595752796404,0.24203155628455952,0.21029546079999442
8712,0.02066155842492636,0.32838158513425775,0.21232502713271353
8713,0.017846578845992223,0.233093718314702,0.19694380435265352
8714,0.019563590700670583,0.3011742962368325,0.14955288540009562
8715,0.017430363205724053,0.24387357263728077,0.1578121383939256
8716,0.014526759626680034,0.10683350645662623,0.27036842074826567
8717,0.018138516477480448,0.2829388742447715,0.2995384574606049
8718,0.016270026864983994,0.20507344140183512,0.19520961511114102
8719,0.01900165914412851,0.2801885869500719,0.15186628851634978
8720,0.017851816042990916,0.2583867391942559,0.19209268547822606
8721,0.016076266917635258,0.16865767297056325,0.20058884327768248
8722,0.017203747660198686,0.21537708990247448,0.23013063288152108
8723,0.017993937389400937,0.21824310000152924,0.07106147288746038
8724,0.02078810585611617,0.3062264300725643,0.2445786887102215
8725,0.018117010765608236,0.25004292405379563,0.14429700649127805
8726,0.015650259635918817,0.14565474528582165,0.17913053790724934
8727,0.018645918230521495,0.2620297500491814,0.3170346144533596
8728,0.01890454461585971,0.2586824922345738,0.14577521474262034
8729,0.019300454363733656,0.27532862444681844,0.1452383253648032
8730,0.01999339187060496,0.28725738166420167,0.19498055556296595
8731,0.023245114152359688,0.33754793844585745,0.1530504433863526
8732,0.016617123189991798,0.1525533592815739,0.1710084178723982
8733,0.020437420953648026,0.2301796779508263,0.15750669581555662
8734,0.015567603042907977,0.13931272425514027,0.0755564676300252
8735,0.01655633318441577,0.15458959347401993,0.320548467461034
8736,0.019929078836106267,0.22402558110989015,0.25951550515390465
8737,0.016580028159480988,0.12369295698631128,0.17372455760357916
8738,0.015307549854069012,0.10273883079189597,0.21787167321852222
8739,0.019906080329342237,0.31500077631293,0.500555956830162
8740,0.01654482366322277,0.18275445540518093,0.06579305683530627
8741,0.017441987235925136,0.19594397210976627,0.19951900463559485
8742,0.018120845751090624,0.21297805327581934,0.37378839906119543
8743,0.024743021617689657,0.38718723884831135,0.2281550154706895
8744,0.01869745573251087,0.27933119089177866,0.09679740109467631
8745,0.020788825559940206,0.3466842248802063,0.14441310555052853
8746,0.01588921406190653,0.19826391719148823,0.1035440238426729
8747,0.019762947678959343,0.3205621022164347,0.19402904399795393
8748,0.01657190723487695,0.17505149954547514,0.20893354080503956
8749,0.015495784667453886,0.14270607184869794,0.26717390953547965
8750,0.02178211327837299,0.339015457987428,0.23442709871484924
8751,0.014752645522020519,0.1132985990041686,0.08370470054408749
8752,0.01571053859889549,0.1374195741870254,0.4291730557538877
8753,0.017060618135777958,0.19771191145591657,0.23387397337512345
8754,0.017816979672608983,0.2342109397943727,0.2773300473088461
8755,0.017508100467708673,0.2476190362471234,0.24014420750787588
8756,0.016004676195578237,0.1515907275049507,0.13362025228011531
8757,0.019316231005368695,0.29409936019274774,0.18717260922576454
8758,0.01672426985333793,0.21562760986888332,0.1477027216951356
8759,0.018597698059971857,0.26182336543786605,0.20951282286023368
8760,0.021168077965532724,0.3292866025689696,0.13810913845195824
8761,0.018728257247340317,0.2569367899206828,0.21381577564875331
8762,0.018901674173944498,0.28851903189065026,0.17051745457555537
8763,0.019728654906456755,0.2986439662267695,0.24706151566508586
8764,0.015621203716199607,0.1435350910713258,0.12749974098361205
8765,0.024865803792654524,0.4284110370360601,0.1918810050759185
8766,0.01614807639977436,0.15763021572508176,0.10919740159153117
8767,0.01777842770363948,0.25952726833411566,0.1706868555213261
8768,0.018678185811057253,0.3055090908553807,0.15473880713241955
8769,0.01703395927998785,0.23776534417557368,0.14738149623066218
8770,0.018195134178229492,0.25487216876539925,0.15305148476903235
8771,0.01962109903655573,0.28166589559118815,0.19293081327341452
8772,0.018759203425350857,0.28258804651724573,0.1996910122572385
8773,0.02017458155644365,0.30221375991893257,0.21232668965878457
8774,0.01832336912822173,0.20665288040104754,0.20692565038475252
8775,0.022468256620990973,0.3648083677815823,0.22775642308974461
8776,0.019691346369862858,0.27175110839827243,0.1320242698640651
8777,0.017931524892454503,0.2356629587777504,0.0854992602794804
8778,0.01941744371527381,0.30097270132570275,0.2658109313122225
8779,0.016641658287928275,0.21279795531835877,0.1484201949309891
8780,0.02053978553957043,0.33921258746223276,0.1835164804768084
8781,0.016930338783579673,0.22697367644155622,0.15702553237665223
8782,0.016273361436252954,0.18458242743507816,0.165904757931935
8783,0.016580077944770316,0.20366252099513138,0.3159475154600716
8784,0.016971899818570692,0.21880133021248596,0.2432435700632219
8785,0.015719994951073915,0.13967762452902283,0.19881221072495303
8786,0.01660328357237438,0.1884549366447038,0.234130101998614
8787,0.020726858575164625,0.3385739492715379,0.24959459637145062
8788,0.01729429673542435,0.23621552729589695,0.16662388238170028
8789,0.018760460396704155,0.2676696382107719,0.31053476849341677
8790,0.016715773638701248,0.14846573117099102,0.22236059605292746
8791,0.020801543729466868,0.2949739509796176,0.14565899331055338
8792,0.019997229707895876,0.2706575911440982,0.18949915484446572
8793,0.018159850771450794,0.24909538170407228,0.19896143112690973
8794,0.02006505367005907,0.3026253694251429,0.26744364596618375
8795,0.019089913599253425,0.26190652446391555,0.16856256569109285
8796,0.019924902293998795,0.28214375066715885,0.1823051103306584
8797,0.017096290227866892,0.1830153214768265,0.1778365392080219
8798,0.019170939816691098,0.22926003152322655,0.4307346524841218
8799,0.022988332086592435,0.37035887363324316,0.23734562706251924
8800,0.01754114564767689,0.19066547566501615,0.12439792664855086
8801,0.01846405057045642,0.1941949275388569,0.2203340795933645
8802,0.020080911904727827,0.22526650087342348,0.3026038685672974
8803,0.021080821576443896,0.27641944769378546,0.18213871722865094
8804,0.015792740220358484,0.1404100258147212,0.09812839848939059
8805,0.018160047613797723,0.2417961255960565,0.3760307638722363
8806,0.01837798391142151,0.23866553739664148,0.2651476684840149
8807,0.01757226991451756,0.23974611510630217,0.10857955228366711
8808,0.016689271477213746,0.18894016202892328,0.14052558266237863
8809,0.019978897973456602,0.3156873299472216,0.14355208650900317
8810,0.017196442123421408,0.2001755301477641,0.22557990653768983
8811,0.021484618994025113,0.33156556270270665,0.14416268564206272
8812,0.020378975086306983,0.29425035697896257,0.17109370096638246
8813,0.020359966965073244,0.3070636394102085,0.18263375354472727
8814,0.016006358689614173,0.1391420450683133,0.1011230827532401
8815,0.018090361017980016,0.19702163738105932,0.43005617591345024
8816,0.025947806240366543,0.4592836089449737,0.26134651855905155
8817,0.017340895433459166,0.18577299373453446,0.11331633308716074
8818,0.018848850366853014,0.2640873998221406,0.3865682591111725
8819,0.02203683211233773,0.3592217405372082,0.28827997704529557
8820,0.019206747291800035,0.27662313857913057,0.03512444249616052
8821,0.01858478749247944,0.24532814580521056,0.20177900515852704
8822,0.020181303281799873,0.2617322729023841,0.1534428027841918
8823,0.02113938707326658,0.25808931074080793,0.2993990710989786
8824,0.015716463971325503,0.1664815894247546,0.10176862532187725
8825,0.017874341405729924,0.21824177971717357,0.15924353099610208
8826,0.021978660472147356,0.3432042782232771,0.33821918118715383
8827,0.01782657809973064,0.23186550873863845,0.1350864509129029
8828,0.018780835594323215,0.2764018943894758,0.18965029765292502
8829,0.018390887681582594,0.2567545202573577,0.18195185692969076
8830,0.01923611165824947,0.29762599525877065,0.18753851090506457
8831,0.0201103679024894,0.32102794512828225,0.10222853863280522
8832,0.01980961944094629,0.3083411943516234,0.10661275048256692
8833,0.0167927981665856,0.1900065519048723,0.1354481142154855
8834,0.018677101430923996,0.25045750294660973,0.267268458911549
8835,0.017841975540600696,0.2252442183950239,0.2141690239692709
8836,0.016758674981902113,0.221634619470774,0.16394323675278227
8837,0.0172294042884144,0.2133516440328001,0.2852369289850589
8838,0.019893834872330412,0.31550832729289924,0.2593907465484894
8839,0.018604627593584895,0.27962428423975705,0.2817738011611463
8840,0.019404977683523495,0.31072593044157343,0.17232438058780153
8841,0.019308333075682346,0.2767767826381503,0.1553979842199638
8842,0.020537324973812957,0.31247330009503005,0.21228216666575386
8843,0.016079309178664396,0.2167656666123079,0.06158842993947206
8844,0.01625446236633404,0.18756062234652174,0.14253380283184142
8845,0.02090829938771851,0.3481481714183955,0.22944378465920956
8846,0.022301184602665804,0.34673835838694567,0.20731121091738355
8847,0.017243423207358256,0.1805437254857742,0.11319568514257396
8848,0.01992931337240759,0.2634114145930282,0.12937611644859998
8849,0.01711258873199907,0.16632983675868582,0.17107766675816113
8850,0.021650734168931457,0.31389560455054333,0.4161085141581448
8851,0.018925601153806197,0.2323886578773657,0.1403455453200414
8852,0.01996296812183644,0.30349737839202306,0.18997334733317356
8853,0.01909061318024668,0.269859539104608,0.11619970028149983
8854,0.02082466082052844,0.33539801070973707,0.14919817673689892
8855,0.01952820930547145,0.27139845714807576,0.22850049484817497
8856,0.01950910804421803,0.22665299432692873,0.18821911407537759
8857,0.01679872054974374,0.20722597172650692,0.13802242972278841
8858,0.01919320433268318,0.2406398589586066,0.11438673076799961
8859,0.025033460423911705,0.41069211670404415,0.3105821046876267
8860,0.017599297521163255,0.2411220825069811,0.05344510693269581
8861,0.016081823183652914,0.1830996704056805,0.252500311916892
8862,0.016985751872873076,0.18862492582154938,0.13792966983219496
8863,0.017998995106204424,0.21061729000760845,0.283806838186775
8864,0.018684025621214365,0.1734017598130475,0.34894008703983237
8865,0.022673476228619916,0.36344219051824384,0.17732657313473907
8866,0.01708413594190988,0.17540051009790034,0.1387608266243024
8867,0.020840684730136005,0.331704594630287,0.3067262397708078
8868,0.01754088648789158,0.22892161736245017,0.18601750959028315
8869,0.017725444234030052,0.20475305367817367,0.1685472290615456
8870,0.018369684404701762,0.21603558374733856,0.05225600512628763
8871,0.016472953413211255,0.18987716571972693,0.0597103974843502
8872,0.018209146697028278,0.2264197124670791,0.272726626490602
8873,0.018935920268919413,0.20818567363374904,0.18763207097540036
8874,0.01792654074687292,0.21080104453350898,0.0686792757151287
8875,0.01604426442693343,0.13534467520074053,0.32924888743139236
8876,0.02200502902931286,0.33839256877769913,0.16195149593763297
8877,0.020401904318648224,0.2399142358518891,0.2854851316658456
8878,0.02727163351418558,0.43937172245790646,0.20197240627632354
8879,0.018230216287911296,0.24280463122115575,0.06664404345833871
8880,0.016961348540710693,0.16427806822747523,0.41804444074199537
8881,0.0188001850188415,0.2590309116080695,0.15264246160429232
8882,0.018482699262216296,0.2721606083996806,0.18890745207956033
8883,0.017354660936863085,0.17884265800807528,0.24609439286854673
8884,0.0202745010430863,0.32004881700274745,0.19020959089063158
8885,0.017711105991236233,0.2267599776581425,0.1360434026128695
8886,0.015839074386860826,0.14401792860536008,0.13374211513135012
8887,0.02255839844071563,0.3355348681346565,0.5412332452925825
8888,0.018049908705333136,0.21117862138178736,0.15840019858426
8889,0.020796853358092508,0.2839643559040809,0.28363667776438994
8890,0.0195911779969105,0.27482313055081387,0.09127765778383419
8891,0.015177324523530551,0.12894510931535444,0.18443455846310156
8892,0.01572547885932654,0.17902398945679684,0.3751190413945639
8893,0.02198361923309123,0.36328111641739586,0.36376435248569816
8894,0.016152065979335647,0.18589423785959136,0.15825988742729516
8895,0.01966467880284685,0.3259332885497751,0.24556093813770094
8896,0.016461155561767957,0.1951275330998061,0.16745779762827645
8897,0.018494762606874403,0.29254455512915833,0.16423204305757455
8898,0.017049039302771966,0.1802500809846957,0.3351442010098985
8899,0.01520218926089037,0.14281334726238215,0.21918489887240503
8900,0.021898451538282206,0.3564464923013659,0.1541093744930314
8901,0.016682328685971328,0.19920177775532397,0.1736357384204459
8902,0.021832568082647226,0.38239462860088935,0.20629877014686002
8903,0.016979999907982005,0.1979890938523585,0.18513658321119023
8904,0.019059811891357605,0.2983585481674866,0.13865143704760524
8905,0.016281961114374997,0.20990503663671728,0.1592948088019967
8906,0.017755233806291123,0.26143904999442746,0.2456620477133619
8907,0.01733207441863565,0.24595962839088645,0.13881167556507673
8908,0.01632420615566724,0.1919782172760238,0.30952166949338805
8909,0.021118057859801833,0.360940680072331,0.24852074239069538
8910,0.016489272828762704,0.18391841757720265,0.20260751797980117
8911,0.01859654878172987,0.23833767922695992,0.18154551447288536
8912,0.01684246923444334,0.15777290934203642,0.16835993471502889
8913,0.016592639026352166,0.16876070219162267,0.16753071443284162
8914,0.01617047130248887,0.17581767329563794,0.17067720613505616
8915,0.019726457067053206,0.2825090188761511,0.1001749729759047
8916,0.0188509730757026,0.2669779368843648,0.362051411864495
8917,0.016937419044076057,0.2204620503573359,0.24923328487868085
8918,0.019994471822724118,0.3065377169245351,0.30009279571633557
8919,0.016871519332099683,0.2021464598503458,0.11949519529419846
8920,0.01991241949688125,0.2927645797212586,0.2308359022007122
8921,0.01711178254840783,0.2102364190045354,0.1019967061456441
8922,0.0195095916828391,0.31063459182746017,0.23187939450639763
8923,0.01701125902382465,0.19136247162622216,0.24312135254184397
8924,0.020563197505720124,0.348670124389798,0.21476703352546878
8925,0.0174921614501167,0.2331865130370753,0.140832241405963
8926,0.019113209493528387,0.26674936589217146,0.2507097762611468
8927,0.019356558601711878,0.2951092883772736,0.14611873987455629
8928,0.018611971358521964,0.2757319995367135,0.18672715806605988
8929,0.021169044689105167,0.3466669070818862,0.07465810250697304
8930,0.01473341786441052,0.12029876009994367,0.11783627541643453
8931,0.01655881817007949,0.1988816328492335,0.28634065103479445
8932,0.020987441743427614,0.3280615010420436,0.28801956279034807
8933,0.01736902750612938,0.22210251224795913,0.18365938996248804
8934,0.022725707729199508,0.32550030572420235,0.15591760871622085
8935,0.023985354401655553,0.30210691254142935,0.2618965645200386
8936,0.01958905780829556,0.2303345747992156,0.26412098515045956
8937,0.015117824549894167,0.14807318999052185,0.09727162658459224
8938,0.01806399362769655,0.2477779812867898,0.27763695998567095
8939,0.018897366626877268,0.2303315961154314,0.1630674280943605
8940,0.0170130820003134,0.21860187440999762,0.0461160375898755
8941,0.017185487615510035,0.21533796370188465,0.1665164610254005
8942,0.019126475091833614,0.26585423607053527,0.28952821983314025
8943,0.018059721551838954,0.2397853643292647,0.13131773485038697
8944,0.017156981369307163,0.1763873624449808,0.18664021174296722
8945,0.01592827171517005,0.14263267744955108,0.23575186643294382
8946,0.016550020800091866,0.1495184527332418,0.45340151744056867
8947,0.020770597984130872,0.2879762518520472,0.22826908934496368
8948,0.015058317107956277,0.11838947294616442,0.028700286548537072
8949,0.01894810808890752,0.24353910088204106,0.22013215443985024
8950,0.02039615924947801,0.2638984936204444,0.5200508854369315
8951,0.017853040332802137,0.19777990434916184,0.13349856121485118
8952,0.022291773941605655,0.35330456828365575,0.23363655867314856
8953,0.017701603095054242,0.21961276684804024,0.17904543049829463
8954,0.016866424439700264,0.2055020962305809,0.00489653113117549
8955,0.022662977934599284,0.38346848030414593,0.4313948167851834
8956,0.01736511201189611,0.20282806466315295,0.26907248927611155
8957,0.016406057405596256,0.17457823121939806,0.06344404800403868
8958,0.021743546962381934,0.3930960994923235,0.2404875134552684
8959,0.014516295561706525,0.13057232604212612,0.17791447104041205
8960,0.018140598049426755,0.25299751046654795,0.19686571578879686
8961,0.020452616875138694,0.3327366995755735,0.2126221478084748
8962,0.01899499240326855,0.28840050033165915,0.14819947876192746
8963,0.018687371576192338,0.2538669310935835,0.18757508395315145
8964,0.020463851724502175,0.3104694295211745,0.1994317113029387
8965,0.016041467397434398,0.17893423707728723,0.135504205701209
8966,0.018022730263021407,0.26925391001180804,0.24581300666705194
8967,0.01592929417205332,0.16099685679002593,0.10340525817453966
8968,0.01755430809986865,0.24211727396135221,0.27438784948007316
8969,0.019335842966123472,0.2657276749356217,0.19257599069569298
8970,0.021581886156575292,0.3436400710449512,0.16316058952654225
8971,0.018387709475068393,0.254583703811811,0.1691890905010037
8972,0.021849620972655984,0.3443923567734746,0.27687145620858034
8973,0.018139176491558686,0.2558908419901673,0.13375732954862207
8974,0.016506489076928095,0.2095582162214003,0.11223107143020913
8975,0.014759926736920347,0.11955513750154947,0.11765066758810201
8976,0.015769151952556678,0.14231032882079453,0.3840347619766062
8977,0.01600097522989008,0.18139511237833358,0.28691409371555743
8978,0.0177142207865297,0.23888417192732964,0.2682519440319972
8979,0.018456356910286822,0.22485350713073424,0.11301835538803909
8980,0.019250399814124502,0.22260056105800025,0.5054693688162317
8981,0.016521742271266043,0.20832259801749195,0.18113923931785508
8982,0.019042803575289098,0.2814504321014484,0.3188320357616285
8983,0.0168268258811951,0.21279892398397604,0.19787849988449902
8984,0.01838438406063191,0.2686530549760565,0.11772900302778715
8985,0.01837840383599567,0.23681317582323758,0.24984467007269115
8986,0.015564596804822223,0.16191279489187005,0.17857079798104422
8987,0.017435918663681233,0.21710954886218364,0.23819826956807535
8988,0.021467218185990226,0.3495959089601183,0.16561934899074565
8989,0.017303455674284752,0.19476172176428302,0.12463580427409095
8990,0.01827816082751869,0.24491740115755395,0.245715684994963
8991,0.02160858831814801,0.338304602416589,0.16372821097947995
8992,0.018348051407480918,0.24028788550616462,0.21735878419178994
8993,0.017977165046056294,0.21700817960995858,0.12288752768740718
8994,0.02351915508553057,0.40050005511028464,0.17737154108493325
8995,0.01697371841230236,0.16832705235622933,0.18795952514947956
8996,0.02635710261611941,0.4348544764304313,0.1423308151862752
8997,0.020491958970934365,0.2692049079405156,0.1503083715195337
8998,0.028694050079462963,0.49425092051708713,0.2150384818650645
8999,0.017932035870587643,0.1888399488087989,0.11114442465109793
9000,0.02339918741125355,0.3876695391662531,0.24839264520868565
9001,0.020848815126748226,0.31640304150709203,0.0981610673970395
9002,0.019025461714048977,0.27014221165131497,0.21614493141836302
9003,0.01566976708804505,0.14026570696022214,0.1949543326102965
9004,0.01761113670973576,0.2010376920002119,0.2595107864542831
9005,0.016443634799363678,0.14686996085850856,0.11169024159259913
9006,0.014754412617565865,0.10645380415416249,0.31567560287293067
9007,0.016079132821409436,0.17032922717502852,0.24396005158711123
9008,0.016169177634152404,0.17368738280000884,0.10013670443782988
9009,0.019378231473224306,0.28517749423185557,0.19187005853240727
9010,0.015879707405981297,0.1804441387316267,0.14115952386534014
9011,0.01823316885783661,0.27502874567154295,0.24988409562878366
9012,0.017903874804809906,0.2684318118033055,0.12706070474118605
9013,0.01784472624007403,0.2596342727595245,0.2139874667512667
9014,0.015613406767474589,0.17764849650248923,0.10393275275272501
9015,0.016782164676114073,0.21286044242400262,0.26305621403248336
9016,0.018112166256848812,0.2907635027831317,0.18201626218966135
9017,0.015361413033503022,0.18638946581472562,0.30345434034658975
9018,0.01737751404263018,0.2513760635099787,0.23596153147778953
9019,0.016671311897717526,0.2576443770005727,0.17906606397088318
9020,0.015358541407311653,0.13102035044855853,0.08672992184432693
9021,0.015576338563263195,0.14781874719824295,0.4020702662700816
9022,0.018899898106808283,0.3028685645687008,0.29511725557308643
9023,0.017215895256402904,0.21394338775023292,0.21606989751110556
9024,0.01646154803892643,0.1716804472787265,0.3343614681201484
9025,0.017753771378454738,0.21192512172452174,0.10235911467083171
9026,0.018663819663597665,0.18905665787538034,0.29646205071637316
9027,0.01785338975669741,0.207695635765122,0.07997849177642533
9028,0.01853457829560565,0.243529632607063,0.12165576917864275
9029,0.02187689724698635,0.35429683917639404,0.2091047025097629
9030,0.01644118328393401,0.21311573677117138,0.08936078813402715
9031,0.017291802723816682,0.21057407630702477,0.2595293171141322
9032,0.014434395133824954,0.11008008310184132,0.14290441446424781
9033,0.020113346277237498,0.314471687805676,0.4029273546624549
9034,0.01735074508958645,0.21048481735403035,0.1903686636192491
9035,0.017512487798323446,0.24186913984805736,0.18865687648030324
9036,0.015445455889937454,0.14229179749484772,0.10292738688911254
9037,0.01744651186696769,0.2287884902024363,0.3683987489605075
9038,0.018181842626807034,0.2622035238086424,0.18980722524266838
9039,0.018555929626426222,0.2879347791556149,0.15348063340240475
9040,0.014631134478690777,0.12602128029878623,0.08630262447883562
9041,0.0164114714822667,0.18975059837641056,0.0941453912712073
9042,0.015320756074550489,0.18938943029849706,0.10491328506142289
9043,0.01753462844126391,0.24458416908195252,0.3115237789010797
9044,0.016149172495887015,0.19316459268286348,0.185945780291919
9045,0.01879534958145875,0.2989584428373007,0.21394451625752423
9046,0.0149105411479952,0.15390053873331094,0.11187328004545265
9047,0.018659740730332625,0.2907629266357681,0.40126773674789645
9048,0.01692147846469661,0.26436975219501846,0.10639032626852962
9049,0.015183732285290305,0.19653813215191618,0.13990746910956361
9050,0.016330966427323273,0.2370522619571322,0.2506752329632257
9051,0.017028918074457382,0.24261754380940032,0.10310062914949217
9052,0.017090042929681457,0.24347291766822543,0.12198139516157774
9053,0.017724607049481554,0.2800219219175285,0.16530487924202178
9054,0.016847462731125428,0.24479063132802964,0.21043789789773565
9055,0.01722149156487803,0.2501027825686166,0.14997377847321217
9056,0.015081424136323763,0.19135874670938505,0.1500871359178153
9057,0.017690169371512146,0.25151281611440596,0.17990107909302147
9058,0.016184989519685486,0.2013342720193287,0.1994116844958889
9059,0.017266103644358512,0.25067511030248674,0.21377622914773323
9060,0.01490523557663789,0.16583266439869315,0.16081792570973097
9061,0.020057833504106993,0.35872602119372177,0.17624763733308405
9062,0.017019066672729843,0.20337193444001908,0.008135869238799125
9063,0.014327989348253294,0.11441798014682784,0.1522267919092907
9064,0.015130391877081163,0.11311769890730364,0.3449757689875304
9065,0.018880392797300243,0.21718805336533983,0.2332132225409416
9066,0.018087422975605404,0.24571294410483638,0.2636982499056766
9067,0.020899341951728694,0.32812660367334534,0.15817639104952094
9068,0.017489424304960886,0.20397563908269956,0.18449892089083617
9069,0.02324224139921168,0.35216636275568597,0.2089524190286869
9070,0.014292196806295931,0.09717989265566739,0.09045053402651133
9071,0.016750988313167663,0.17578409442958878,0.4430005031844157
9072,0.016947184758470207,0.17881237123359825,0.17136580960098383
9073,0.017966276245231883,0.2678122429170023,0.32781560283224676
9074,0.016337768623240132,0.20346509694620568,0.13689318423664018
9075,0.01979078619201265,0.3240637797517614,0.18730751812681393
9076,0.016749116554375713,0.2141972015461439,0.22754207013913372
9077,0.01698894331209108,0.20515219073030963,0.25027922749940845
9078,0.016219290711661626,0.1412268541522082,0.20297755358294114
9079,0.024247283467419792,0.41647629714835843,0.3843911196767801
9080,0.0165078447945067,0.1893098274967206,0.1096389290043775
9081,0.016206364702939003,0.15442325959969397,0.4384407189298443
9082,0.01871646446633888,0.2920100547113992,0.3926364409009466
9083,0.015260633021949969,0.13554884179217103,0.11823296026907142
9084,0.019028778783067104,0.29228451458657306,0.19669658252543837
9085,0.01511941253953846,0.15623275225394365,0.1863668713821579
9086,0.017788194047218445,0.22687341072581965,0.2915540993675888
9087,0.02310095514180668,0.39269939439149315,0.18880434367723387
9088,0.014751868926856787,0.15974215034158804,0.12463471706396473
9089,0.016240455683940787,0.18543268436051907,0.20882598744780104
9090,0.021677730037885447,0.37909489175396965,0.33311574011306005
9091,0.015912815457282726,0.19517263933472492,0.17989791769769167
9092,0.01852810972518628,0.2987613835380041,0.2015312373098583
9093,0.016121141391292348,0.1900055566909405,0.2457170764032278
9094,0.01535527129520131,0.1763783675400078,0.17146968421217068
9095,0.018760441833701517,0.3027871618505353,0.2330463328254189
9096,0.016630426566893484,0.2371923550670653,0.14656048891004217
9097,0.015228157447243413,0.19363320549957158,0.18342422866556574
9098,0.018674986509828653,0.3067160153308446,0.24948535414556525
9099,0.01645715966058147,0.19495496473012394,0.17664112078069874
9100,0.019677306913576834,0.3281198486074692,0.14906021934844613
9101,0.015011005790349743,0.14589931371552106,0.302346262934177
9102,0.016328318148416666,0.16227539127961169,0.44579411033766453
9103,0.016990453837749928,0.21520954405811749,0.19748360825865016
9104,0.017563247375054374,0.2549754692286815,0.18470024973028812
9105,0.017827970964608565,0.26774730927163176,0.18894022675657127
9106,0.015029533182830205,0.17762912473605189,0.23663948337404184
9107,0.01568861909519614,0.16890184286795884,0.20654015503414958
9108,0.018930721726431697,0.2853809499282346,0.28003115611443213
9109,0.015979714619367466,0.16541906453413951,0.3110963909851769
9110,0.022809864450634695,0.39540930054918694,0.2592957187261664
9111,0.015023028320928913,0.13688199012900104,0.1821040353050506
9112,0.02247559819901752,0.3998939748152359,0.39488183246589603
9113,0.015466956449047923,0.1734933834358006,0.14636970540418204
9114,0.015266966993325325,0.10731894034985526,0.2983282635455899
9115,0.019902211926880013,0.29935431842186033,0.42366211634018824
9116,0.020161990365461128,0.2583996300762734,0.08198927447606012
9117,0.01972924026124693,0.2470168997718914,0.19718068359533383
9118,0.01950585211925523,0.23031617669159235,0.15494511452869872
9119,0.020766955838203517,0.2908167098813748,0.26995444444467565
9120,0.020321710857793544,0.2552129738519648,0.21908614866950737
9121,0.021104989872848538,0.2544323019198674,0.12810234018602246
9122,0.02064485325038261,0.30027157980403524,0.11632461332470476
9123,0.021679608024052204,0.32283337938817397,0.18876698655272134
9124,0.020347042085966893,0.31594450340260116,0.13893242802212463
9125,0.01743188806130223,0.1876864170419277,0.08837601308604273
9126,0.017535180148825994,0.2228914619116343,0.19598759131159627
9127,0.017312726903181794,0.2536935903425478,0.1504360740560407
9128,0.020314787625670645,0.33591572164231454,0.2627768943206761
9129,0.015724896475097574,0.19737938588420723,0.1783410851097801
9130,0.01692306298613753,0.23986500605073985,0.18053822978173348
9131,0.018753158369421336,0.29155366932950166,0.17363806503618964
9132,0.0161296479904073,0.1627178530068949,0.1358856172807478
9133,0.016411042627777355,0.20080141395969878,0.29141390307717246
9134,0.020369953910566625,0.2812131161533154,0.08887369028249842
9135,0.029579337410379304,0.5234417718715833,0.2021379734008598
9136,0.01628082248273658,0.1512243594139702,0.14544803252394664
9137,0.02262650124021497,0.3627265500571271,0.38562816757172774
9138,0.017897477300169686,0.21721555649189997,0.15169512606023372
9139,0.017161957667680847,0.2499194006360983,0.21976737718511757
9140,0.014698797015791135,0.11751655818280476,0.3186771650945214
9141,0.01685897306059736,0.17617259635676313,0.4003256732742609
9142,0.017841389197622525,0.18586562851042476,0.5102517694276927
9143,0.017944240315845312,0.22670322824397737,0.26700506594004303
9144,0.017700595412205554,0.23613020759042846,0.14167895469875572
9145,0.018051452070491494,0.2511656394620849,0.3315399453091946
9146,0.016585352983609462,0.15071247298811236,0.07841991276321698
9147,0.016132114278770426,0.19179188753216522,0.15459239569160604
9148,0.019416644396652513,0.3127493097438687,0.2511697245813817
9149,0.0164187267364341,0.2211884699013527,0.17263773542758482
9150,0.01573220499340833,0.14342392852435792,0.27162234661253537
9151,0.016997174621675267,0.2473983309743655,0.19588783296201934
9152,0.014397360086166907,0.13512054435611637,0.26746884881597355
9153,0.016077257482520292,0.1903813906046966,0.33988844932392204
9154,0.016201610189240656,0.2069343289380695,0.3409412934038262
9155,0.016227422091518336,0.22050021097964434,0.3299340245272502
9156,0.020620589499334593,0.3628176574893781,0.1990188580988317
9157,0.015778377214066566,0.18769443332170052,0.10815549192112703
9158,0.017823751856687046,0.25784778555002363,0.2930049888199857
9159,0.01705600980173304,0.250341534247652,0.19176344965276515
9160,0.018946816222455372,0.30876053704779244,0.13844586529931144
9161,0.015987985305535506,0.1819180971979451,0.15699368683413242
9162,0.020227144428184855,0.3220410954269612,0.28349695071367065
9163,0.01632801364952315,0.19713328644047923,0.12452876891976523
9164,0.019879430910320295,0.31081749660365393,0.11725347960452467
9165,0.015280820973024611,0.1819141174360124,0.14383590216734776
9166,0.016327067520049303,0.14879722429963393,0.2633645952128966
9167,0.020369552274683254,0.28236815233904305,0.2621249755279015
9168,0.019378205113292524,0.27551043035316874,0.2360302452517666
9169,0.01725529909030802,0.23587705922367166,0.18051430989117168
9170,0.01777631652627507,0.2361758538543162,0.009471336218921208
9171,0.01757313383471378,0.21833539703426594,0.18496326373428132
9172,0.018732548475196814,0.24031519631900608,0.23278121104393765
9173,0.018880690109129485,0.2618592871329217,0.22048362441782698
9174,0.017593096677867435,0.24886614992909628,0.21791661201880647
9175,0.019512664947791487,0.2861342679536445,0.1991445287082321
9176,0.016188932861803534,0.16399835120744918,0.16882340026632917
9177,0.016587516727345743,0.16396179869323924,0.47584678881217046
9178,0.023106412992527726,0.36447986734530974,0.25446735427328515
9179,0.016691862145842916,0.1638872039970211,0.1803058081341627
9180,0.025653220040393086,0.4429168314127391,0.30127238151016095
9181,0.017094932414387396,0.1959777372085281,0.07199227483806628
9182,0.016045026993321013,0.16969355240503492,0.33260865387464444
9183,0.021759236929585014,0.35235910604453496,0.38118509998588185
9184,0.01645165029000997,0.19205753059947533,0.1319274847036155
9185,0.018127833022419663,0.23681310369472755,0.21966194515383336
9186,0.017047064580912454,0.16943665390732654,0.43340113020498466
9187,0.017083557560522027,0.2372667514215674,0.25188882613284463
9188,0.017547641984209626,0.23853732060314886,0.2332117622302053
9189,0.02295952541235045,0.4099649450275503,0.16156239937912226
9190,0.01519559038652468,0.1105493303916829,0.09824638798228512
9191,0.02536090633235769,0.4284668012864167,0.23863107449443283
9192,0.01880424408325284,0.19035096491579742,0.1655388581139393
9193,0.01801585926753088,0.173115937969029,0.31474519183199895
9194,0.024951354074015317,0.4012179914709303,0.23738424337312317
9195,0.020521599642743846,0.3008719348323779,0.11450485198158342
9196,0.02113701052507568,0.30352179265185475,0.20863457620519113
9197,0.021390412762246843,0.2854939861776405,0.2805825973623897
9198,0.016594668693495285,0.17491209302116903,0.07856620270144339
9199,0.01762868813653192,0.22626328454587466,0.25657696993645873
9200,0.01830148986279722,0.2611348777559884,0.32321040342794116
9201,0.018994752127647823,0.25503817260916933,0.14617266990231825
9202,0.019451421189130975,0.24573550291886764,0.2529835348417329
9203,0.022832997476311276,0.37048861191836563,0.14543005710001095
9204,0.025621535623976024,0.4067647484352673,0.20547549936752701
9205,0.01736468705873803,0.1949383261852673,0.12005962066270957
9206,0.016350681585782168,0.17518036042636292,0.22345152638608284
9207,0.020496495081870274,0.30520147894795735,0.2984665129456178
9208,0.01791687687647779,0.2286566924582867,0.2145489118474251
9209,0.020117919178701284,0.3112682571129412,0.22733477697720192
9210,0.01806255517705828,0.25856161836217784,0.09672586069296595
9211,0.017419863232352232,0.22596324744745597,0.1582209307638232
9212,0.016823051046520206,0.1907569441942324,0.15467035815601898
9213,0.015468052917105294,0.1269906145160371,0.2762543558548812
9214,0.022375818908137852,0.3353337873653593,0.35962760656678805
9215,0.019246063634300148,0.2554809478685991,0.24905782163216658
9216,0.01908087263260473,0.2693118152996819,0.12492133980748753
9217,0.020721940968141974,0.31280379269440345,0.17765880569428105
9218,0.01907821387946877,0.25521778831514985,0.13936524647613055
9219,0.020882731918306804,0.3065622448193479,0.28171243296822246
9220,0.01735124885345562,0.16704772888765423,0.11742681958611709
9221,0.01854366503724808,0.26656238159494866,0.15954715941298553
9222,0.01581654768291317,0.16835913761981103,0.0696209953957305
9223,0.01761619600136672,0.22246350354521677,0.40766033366893073
9224,0.016077043950256692,0.1824282079300901,0.14612485511011594
9225,0.015372071649193656,0.12541169749965428,0.4852198654239177
9226,0.017636621603128302,0.26367373511252584,0.15459580305489137
9227,0.015501629528297946,0.170518008957964,0.2796327021803744
9228,0.024843992753088524,0.44369570478557735,0.1549542733746997
9229,0.01537473690603219,0.13503589312873868,0.1892050303803206
9230,0.019716383040939704,0.3040546668665233,0.47287610947680336
9231,0.015632927375930198,0.18581931929335938,0.22581386795836175
9232,0.017395145620377188,0.24756882849999307,0.2541548647742861
9233,0.01781762679155026,0.18345910121016823,0.0381817839108215
9234,0.020463200556025848,0.27713406714653027,0.2591819485940607
9235,0.018300538265234503,0.20252192237238273,0.21576833152982883
9236,0.01865093677850709,0.27163267680505593,0.08560791862856287
9237,0.019045940266459886,0.24588044744267354,0.25601977754883964
9238,0.016615553235280987,0.17669294010307357,0.2552586415511634
9239,0.01831484230739038,0.2255789057892788,0.47558979345183805
9240,0.020310813824815005,0.2913135657299626,0.39647608874592577
9241,0.018115077753125205,0.2616858184296932,0.18606033950232825
9242,0.019437284390682933,0.28644595683314544,0.1659149800971505
9243,0.017056533303062782,0.185135375013737,0.30660665915389973
9244,0.01599790959546561,0.13760709428459217,0.31564845412601433
9245,0.019820373433330724,0.3110665965536982,0.34618850457954964
9246,0.01711208838201303,0.2197919692452909,0.0709455914304926
9247,0.017692070436093724,0.16919346758241027,0.27803837041940593
9248,0.01879066316757121,0.24693271452815205,0.22996268038590928
9249,0.015807384306403313,0.14582663992817635,0.24200281855790665
9250,0.01801390132328781,0.2512152479205231,0.32788022182974963
9251,0.018131939298426568,0.2591821339802391,0.21083786584933667
9252,0.018051897375385848,0.2560840374335032,0.18853224054751597
9253,0.01792154227518434,0.22492453588146075,0.32547450348372237
9254,0.01861917176178253,0.2722792908298296,0.1749391729359512
9255,0.017648688955808824,0.2231429874177209,0.18078616974118658
9256,0.01834870761914692,0.22563631694614836,0.2510390704467141
9257,0.019470906743104824,0.24691244360082187,0.20044020580649816
9258,0.02173945922751937,0.3080937935011421,0.1886582585819625
9259,0.01676077101985658,0.18503922929797417,0.11257974219948497
9260,0.01682085921458116,0.22846189094763014,0.20169881477518117
9261,0.016550251065701783,0.19128792298400957,0.4444290349536171
9262,0.017646346146691944,0.2249847003922847,0.22827576944397204
9263,0.018626267744784965,0.2707961310870394,0.27618615441809485
9264,0.018375854425339296,0.2619998393491272,0.1563796840770634
9265,0.01789848667141405,0.25158478352908437,0.09257988128758472
9266,0.017127557556839364,0.23839456710901422,0.2153242313486063
9267,0.0176716556330807,0.26466574214575883,0.2162045392946935
9268,0.017926799186974644,0.22952188209209487,0.17593489519454528
9269,0.017465883391731465,0.2062895213748382,0.3022543980101964
9270,0.018469011706162195,0.2644198686907042,0.3149061333398143
9271,0.016888871399895367,0.15281726361443929,0.18376780521357702
9272,0.022722292891197607,0.34943495997258567,0.4242487897566597
9273,0.01859303531447815,0.21189131263876973,0.1601135638463638
9274,0.019720677363965117,0.2742634292435031,0.19859035611248782
9275,0.015009643233050133,0.12873914686662083,0.07403229032911492
9276,0.01960150963970762,0.33079695974640083,0.3071384530688631
9277,0.015488031786082535,0.16136626764878545,0.13408231310866728
9278,0.01934378476206632,0.24536419937670131,0.42359353603615635
9279,0.016718589677373906,0.16669203546211178,0.26910752533897087
9280,0.016720270042868798,0.16011284492065336,0.25186990178017754
9281,0.017223854977907033,0.13550120940223598,0.3428632558216814
9282,0.02483651208343916,0.37704298073987164,0.1976591512341754
9283,0.018425360507478557,0.19356149792370733,0.1365270892133215
9284,0.01842988848229747,0.19912277829815037,0.1491391195090855
9285,0.021902353564937256,0.3374085022874992,0.2851411268210462
9286,0.01876434820785649,0.24017813278806538,0.11101539585408214
9287,0.018091262641509172,0.23053365663117562,0.23993664251112576
9288,0.016821398744234498,0.1575404854835717,0.2558428220000742
9289,0.01635542235232871,0.1731428385482242,0.11521126356509255
9290,0.0194228467715329,0.28646588911159565,0.340806657329409
9291,0.018353546223950752,0.264669359830676,0.004940495196335201
9292,0.018691607458625966,0.28279160720414104,0.17844979568085234
9293,0.018597140301941782,0.27685927908950864,0.15431739767075453
9294,0.018889242298325927,0.28376052954165265,0.2210222617049683
9295,0.018074717785397012,0.26440833198406466,0.18369446791617455
9296,0.018030784051116328,0.27568106480154986,0.15272928168201733
9297,0.01816765812789053,0.2551786631922533,0.2083571841116673
9298,0.016992696270408888,0.18375566594684728,0.17727840072645304
9299,0.023952539109947685,0.3548948745547323,0.12625981238606307
9300,0.018161163961467226,0.22654881596091347,0.09382606366767486
9301,0.01475859660635912,0.1355919917441501,0.03380755410365404
9302,0.015163662340977128,0.13420681545064747,0.39654907592719435
9303,0.020405080069593528,0.3125803702131837,0.3653302121837496
9304,0.018175466906361123,0.24415302912737058,0.1600830771915882
9305,0.01832018970770092,0.2739357502112102,0.1590281246859259
9306,0.015764331705480007,0.17658989925350366,0.10305478832959548
9307,0.015465858175403564,0.16211965752515087,0.323260744767608
9308,0.017273577702913125,0.2171808997362767,0.23038486549225834
9309,0.01745264444242073,0.27344303822366706,0.2892259290716587
9310,0.017531040362628945,0.2807470198015651,0.20702837101882846
9311,0.016028275183154025,0.19745183602261718,0.2107654798767194
9312,0.017948681696149046,0.26902738318197245,0.22645308925485594
9313,0.01533222561217468,0.166485342544691,0.16059829574009635
9314,0.019228539640692703,0.30005451600967276,0.21286007057215106
9315,0.01755834746218859,0.24871974824963836,0.21606302153719356
9316,0.016367296598222447,0.1757126389219693,0.2704942164082741
9317,0.01519099707908377,0.16334755829789654,0.10892177820866064
9318,0.01704748513708776,0.22194665470139952,0.29775334635387035
9319,0.017246688970738114,0.25194017937470137,0.18811874068147577
9320,0.017200940774221497,0.19629707535658222,0.09593228078552192
9321,0.01896681124985771,0.23580802720268312,0.3694883933254894
9322,0.016993726124796365,0.1678931192744732,0.2596786384400862
9323,0.01617508786213931,0.15732197014639776,0.30119503580505125
9324,0.0181980441923573,0.22975438206862153,0.2979486783407275
9325,0.020192455061225058,0.33277194466283877,0.19384034767945849
9326,0.01788991078364484,0.23585137734339803,0.20631877594469905
9327,0.017748364007900627,0.2455651906768424,0.17887253841921077
9328,0.018227762855771306,0.26923564840718595,0.2637471182371261
9329,0.014531749152335162,0.11718901915993081,0.14594125374351571
9330,0.023498909419677166,0.421308385612768,0.3204022507542681
9331,0.016067717956129674,0.2046964057970672,0.18020412918091638
9332,0.018254374966325558,0.25696662462065295,0.09738146605465796
9333,0.01613919826106981,0.18764089169060305,0.16475364223286804
9334,0.018153918293948232,0.2693247640611177,0.18054577877983008
9335,0.01905261471326087,0.2828202803959949,0.18612039323991172
9336,0.016465725294299346,0.16784866740588694,0.1198446127916258
9337,0.023987158756072702,0.3848194724708389,0.3984008445052438
9338,0.01809163610201892,0.21004020224231978,0.13387262506298386
9339,0.021461020761224067,0.3316730845941683,0.13043657528407449
9340,0.018797613380007745,0.21668015167157503,0.2835113934916715
9341,0.022292473757801648,0.34132100278413186,0.1751869250998035
9342,0.018764109724657543,0.2548035634007442,0.13115583903435887
9343,0.014077130249735881,0.10400136180237488,0.24712668398334828
9344,0.024513698519552096,0.43698292761648627,0.28395802346012955
9345,0.014828828449963468,0.1228263418512587,0.11139438112102118
9346,0.01901231801603968,0.27718839278463475,0.4029423983971457
9347,0.018799385394520723,0.26470828337261904,0.19253403698199584
9348,0.019083501710318793,0.23132114760714956,0.09932755391305725
9349,0.015820338089725015,0.18995330792056453,0.0937764903125702
9350,0.017412510147481474,0.2487365389153928,0.308681633613894
9351,0.016920933691148752,0.24710254175003835,0.1870120658893304
9352,0.015426136695803132,0.18121455598302086,0.17437909037335242
9353,0.019722574445990213,0.3274862517701346,0.3592965742884223
9354,0.0154213455220238,0.16615694939485517,0.15656077384485392
9355,0.01992791136765518,0.33912365584837006,0.33419462459439386
9356,0.01626852176002933,0.2063944760981289,0.22426011179923536
9357,0.016809282381760392,0.24809140557597453,0.28519446842094315
9358,0.015000208097959919,0.16078209267405405,0.2030784353757339
9359,0.016258368273484963,0.21530891647253503,0.3428507844373007
9360,0.014443308000290462,0.1573146576884605,0.2350059608780312
9361,0.017038552823447226,0.2438780293315136,0.5267890551959156
9362,0.016024936959360688,0.17256059484359398,0.25121687397358433
9363,0.01578624335474842,0.18658162094334263,0.1640085073585111
9364,0.0190333325943395,0.2820771454312677,0.36228872492496267
9365,0.01698168733088095,0.23477366274595773,0.12027518182837754
9366,0.016743126541382238,0.2001918160678849,0.27386740636630247
9367,0.020409942614007567,0.35331229032140954,0.15895259429608752
9368,0.016337805993519607,0.21642963906234758,0.15034112005375555
9369,0.018026230959806117,0.2869409206561054,0.29595947799879285
9370,0.01833437763491519,0.22907237427426808,0.14457585598650557
9371,0.016053165366121894,0.1627776001036282,0.18322157101553643
9372,0.023561683655959665,0.42258388987696793,0.23876558241538356
9373,0.015409082107877762,0.14076029428453732,0.11269438360289638
9374,0.015114913965903707,0.13772395463170714,0.3394402563989295
9375,0.020279958660532147,0.3354427023482427,0.36965151708358995
9376,0.01673070529292135,0.22283704080163932,0.143932449496468
9377,0.016378105780807124,0.18738450018447902,0.009377483459406406
9378,0.017056212877874,0.16734182283919896,0.20230505239928676
9379,0.021456680065434188,0.3246509783648665,0.40155802165593457
9380,0.017958980939015788,0.2026382837850879,0.09590067314817412
9381,0.017875316241099434,0.20937185976616596,0.14848931298342288
9382,0.01665280223954357,0.16601785627363622,0.18994773301060927
9383,0.020327242292504537,0.30723240359765475,0.2447896089532008
9384,0.018202427926782137,0.22890622579273662,0.21164870077264358
9385,0.024319055896277506,0.35212370574010615,0.15440336191950413
9386,0.02413621800486884,0.3511622126493763,0.1631094684032849
9387,0.014614371741829182,0.11202662093734851,0.05726569366029979
9388,0.021798206119759935,0.37659757763550583,0.19501067764172222
9389,0.016068824521254486,0.16055895563467576,0.08604546620232038
9390,0.017924068579328028,0.26623489406497797,0.12247566420911754
9391,0.016939840291702105,0.20835634790264704,0.14020738066251356
9392,0.019426555693492453,0.25218260066134496,0.44407474188685075
9393,0.016570140321873348,0.1810318777348907,0.06352778948330587
9394,0.018100547243204947,0.22730347334851003,0.08921295908031648
9395,0.018729842375826485,0.2634885717671978,0.2858629352357841
9396,0.01629799628580069,0.19450285220494926,0.25062098252371695
9397,0.01745051261332526,0.19630453168596917,0.38970637438210304
9398,0.0169192065848012,0.17526040086163852,0.25910532719158513
9399,0.016226342696712602,0.16892928336690122,0.35574115875395274
9400,0.019814710305269666,0.3117933206704209,0.37224318380972293
9401,0.01863708554198424,0.2716491935705972,0.11682946533552754
9402,0.01718354238732355,0.20718384366725381,0.16242195617773938
9403,0.016853336216224635,0.1958358069985736,0.15500801630880107
9404,0.02869534197718716,0.5124950241814541,0.2945900150822467
9405,0.015528333678661684,0.14073132979729663,0.1143572237409643
9406,0.02215991975887003,0.36012341940951786,0.15909919094814448
9407,0.019555110477608103,0.2812393629645476,0.19546734146032552
9408,0.016283307658182478,0.17441339783386844,0.09989843942462623
9409,0.018223024043668348,0.23262393878178822,0.42974636152426116
9410,0.017665516653878183,0.20970890514951854,0.10102004718592553
9411,0.016424921067239074,0.18467012941371552,0.34532494754913057
9412,0.018847588848643917,0.27677596825768314,0.255204851833497
9413,0.017144826304688828,0.20571919664388655,0.14170466588825215
9414,0.01711735186939815,0.1875628275547902,0.12560067702584687
9415,0.0202323058711537,0.29723051488323143,0.2095105155698497
9416,0.01781477710448298,0.20571570713473378,0.1972301520252334
9417,0.020591834739594556,0.33433918514255523,0.12637953552836947
9418,0.018308326982881325,0.24708518660302442,0.16831875134796262
9419,0.01741284992844584,0.22230063831406904,0.14624862200111108
9420,0.022735119241175633,0.3660356685728165,0.3726364082623596
9421,0.01638014789294787,0.18497972876423197,0.12357760668160407
9422,0.017922673906939274,0.2410368216533813,0.3302300780781383
9423,0.018638614346028138,0.26896662231570284,0.26121818743939623
9424,0.01711131672800154,0.19903185580337626,0.10157255939187475
9425,0.017326902951760897,0.2226341084795209,0.24750696459979446
9426,0.02097962716028938,0.3110208282216989,0.18896760767805953
9427,0.017439533693641,0.20125829044896515,0.19475302200931302
9428,0.02128616321477025,0.33579053190618136,0.2518635752572276
9429,0.018111603808461763,0.2229030743716963,0.17213546036697935
9430,0.016014155786535336,0.14318087932400547,0.2583495928245041
9431,0.023921168090274184,0.4055043469404556,0.350089632843583
9432,0.016523366499146964,0.1589448342882935,0.20066366845497202
9433,0.017682110306863324,0.22482501994244242,0.20382808631764235
9434,0.01778042295316646,0.19923839817898426,0.17133451512150766
9435,0.02424312184724495,0.37617531161554757,0.2595611673126711
9436,0.01826114317271693,0.19189548947783228,0.20233528168649337
9437,0.017763682461197135,0.17927699788163876,0.19579618505719004
9438,0.023797903710708602,0.35870413710010035,0.3546273392687874
9439,0.01664245939677487,0.1335187836620965,0.12323261876790291
9440,0.020872532275095668,0.3433767282972445,0.1269467884428718
9441,0.01643026303093633,0.17468488643442504,0.1554432679419464
9442,0.01753571271872822,0.21838606292821403,0.49749005011328695
9443,0.018540862105734583,0.26312891573681335,0.22120704600991858
9444,0.01681122331398195,0.21106245615012964,0.17593090344169393
9445,0.01662318080281698,0.1814219345561519,0.31636965749304935
9446,0.017852568315415582,0.21922254823516285,0.3301309975005641
9447,0.015555967617103704,0.1650898599522024,0.18302693815649182
9448,0.018323658918618608,0.2520795480370524,0.184148412481826
9449,0.01736316817440232,0.17120593359887665,0.3334301519180912
9450,0.018122951450518326,0.20677829853298543,0.18298203581446346
9451,0.0199886711135434,0.31029865733426204,0.28920582974409925
9452,0.018937260293256424,0.2780467528312155,0.1655082253711312
9453,0.020579499868791096,0.3276169404285507,0.16868346819894897
9454,0.017043889683825156,0.18894988801743975,0.06246915628028873
9455,0.018077194975959825,0.2530671059976437,0.24626858672156363
9456,0.01660707977413351,0.1841097574558543,0.07683335886135609
9457,0.017011788615326158,0.18156265737104282,0.3402391759900649
9458,0.015359006420589703,0.1539524651227008,0.19524369163758024
9459,0.019555482963794203,0.30181333697880686,0.3261855462491834
9460,0.01600354239631538,0.20022502979203297,0.2041730060642242
9461,0.01952965196357285,0.30387004386402594,0.33091171291164206
9462,0.01711870799356747,0.23523749267673713,0.1618953674300494
9463,0.018929298932600723,0.2997650951720741,0.15412128217678098
9464,0.01735649516716691,0.2589263016296255,0.1553526049323833
9465,0.01740100286256585,0.22135447531774166,0.3011093184355122
9466,0.016723330249706802,0.1809963422428724,0.16460652919071034
9467,0.01828547925224156,0.21294403704168874,0.4075889939233015
9468,0.017535523646904125,0.2276404940522679,0.1829879049783996
9469,0.01943703326149915,0.28421398309938695,0.27283760353393827
9470,0.018307925365249254,0.23668871300808594,0.24237192713680555
9471,0.019932195191871862,0.30578984125998027,0.2590020347643185
9472,0.017059814697504616,0.1991366847838753,0.13769887660934815
9473,0.020801144795013785,0.32837318234339036,0.2017776876883986
9474,0.01860384591128309,0.25160560882941174,0.21319584749311415
9475,0.019807354001231726,0.29723258815785064,0.25568558210858133
9476,0.01794593996513852,0.24453929736334784,0.17874572852002185
9477,0.019958748540549586,0.31552389013987114,0.2104960447948112
9478,0.01592646291705907,0.14682507389295466,0.14037118502579451
9479,0.02175949507276374,0.373967171755717,0.13410437388295934
9480,0.017042885699830285,0.17596456695682253,0.19100248076584259
9481,0.021120181109811603,0.31441567355164335,0.4198557189140673
9482,0.016448823228153504,0.12675454908368425,0.15229356691126472
9483,0.019724441067834254,0.3266753283237682,0.11158174409818422
9484,0.015505458869225022,0.1590747517995883,0.10866440741798386
9485,0.015847152816496745,0.13184263198696936,0.2480309847102563
9486,0.016592480615563863,0.15808723361120638,0.4191398592511751
9487,0.02316604368852662,0.38102421146448157,0.36820145384072217
9488,0.016283592151863126,0.12824697283742612,0.12103921110110848
9489,0.02529301001209729,0.3832918186524929,0.1517840081664114
9490,0.02029214469259812,0.22173076096803468,0.26537729130425486
9491,0.016734759400133914,0.18689263969634154,0.14134665405253274
9492,0.017704674630778565,0.18241635436970696,0.3313435284375895
9493,0.01516389664286271,0.14765879366723605,0.14184928353916998
9494,0.019632928899091028,0.3083451320373752,0.24768594039454472
9495,0.01558619910187736,0.18201103049275247,0.1654318115145074
9496,0.016202716418558468,0.17519452213076744,0.17646301555500477
9497,0.020241316381574743,0.31495526543863367,0.25105522794559243
9498,0.017020428467934934,0.23079061135294784,0.16409704516553844
9499,0.01868072635731325,0.29111671416312906,0.3100253211545623
9500,0.018210173567224184,0.25079291419657634,0.0837115757920206
9501,0.018249976130936107,0.2614101284080055,0.23914668895994887
9502,0.018325442122339844,0.2532159995149119,0.09984830356876456
9503,0.016987905944321306,0.19971149114219272,0.30753451649446606
9504,0.018268862347933443,0.23761208885151652,0.14740194923741456
9505,0.014838566280871532,0.14157768776723328,0.150964687185707
9506,0.016075405540855448,0.16249326010738271,0.20826656592427517
9507,0.020172563910631564,0.2652564112029739,0.17362699424540098
9508,0.020752544984516525,0.26652376935765376,0.46185228660165184
9509,0.01869232118469157,0.25403519213011877,0.15920579063354992
9510,0.019695252230048324,0.2931407734133403,0.19778464583047628
9511,0.01894612837678862,0.25025619176488056,0.2745337133478659
9512,0.016104647819684667,0.16708213719070428,0.06160795429120347
9513,0.018829737235833102,0.2729558341171769,0.1830581066504523
9514,0.018867677648910963,0.23117083863735882,0.2678104195028249
9515,0.0246378125416236,0.4220202974508352,0.1183771295423841
9516,0.016002803172477785,0.1492639924360783,0.09993844828086941
9517,0.02152652072334237,0.3502880694098806,0.1817743992693688
9518,0.017035850355534423,0.1749784922873071,0.21373120406786317
9519,0.01844917924041527,0.22061189171756188,0.13327146721546823
9520,0.021759511704379075,0.287489605832959,0.010211559655775469
9521,0.022134342838414398,0.33794306575346766,0.224599325210217
9522,0.018009100677097344,0.2507575776035666,0.24621917260791965
9523,0.01621562110560188,0.17450991273256913,0.10278659928011415
9524,0.016672594109014418,0.1821715790736401,0.11022348540881956
9525,0.019322852074086915,0.25659501883151736,0.19526946368958137
9526,0.018066946812313578,0.2588266956290728,0.18961189683003693
9527,0.017552832277892786,0.22947204141688715,0.22926479068699154
9528,0.016313177607167644,0.19034720853036077,0.1549760117255832
9529,0.01788398939036493,0.2266456863838402,0.16151174715131444
9530,0.01809108752713912,0.23671975991140864,0.24785700374922803
9531,0.01832110356788725,0.2387940132076371,0.1306707664679693
9532,0.016667120369662128,0.14412478932291548,0.4264254607451974
9533,0.019359355639023253,0.2533803747846837,0.2642285993409334
9534,0.016213275855765742,0.1619100419678485,0.09417886165129774
9535,0.017211397341697028,0.22831730933657757,0.16149130147671356
9536,0.01706033550752292,0.24884950665076633,0.1537264297568881
9537,0.01729981620415335,0.2346843566939445,0.15443013149449344
9538,0.01814202890375233,0.22560315632612674,0.2777626491039203
9539,0.01845439686491744,0.22420466132229047,0.20167918624447223
9540,0.024078646752557838,0.4011009547280782,0.32183747194354995
9541,0.01901285504184692,0.17392670785655176,0.10307968757781906
9542,0.019578938572588554,0.179011868151996,0.3042269863611808
9543,0.02561541479059834,0.3760153905008025,0.5231789782644237
9544,0.01668581186553872,0.13688002771226962,0.1613386033466009
9545,0.023036278726228057,0.2725920663115185,0.28850059713236254
9546,0.024673286524474956,0.32278709224865265,0.27964466405931865
9547,0.020641557958778797,0.200182659091611,0.11817021401496366
9548,0.01967613640829336,0.22910819607520774,0.07971574318788303
9549,0.018592283904459043,0.19491646405612983,0.1710922768871751
9550,0.01849747528204516,0.19629543331809812,0.2054829914972098
9551,0.01894874281944398,0.18675652662812112,0.5562494470456782
9552,0.01958748563648468,0.20263638005719817,0.15520069056697253
9553,0.02126149283271396,0.318073181356633,0.24298192445684033
9554,0.018362597674526332,0.20518130342514979,0.13398605299097097
9555,0.015775969443899168,0.16970498077186358,0.11535011951923359
9556,0.020667072255774795,0.3473578215137745,0.23545524398993622
9557,0.017181083084301836,0.22827016145862444,0.21221728305112833
9558,0.016019083312293285,0.13990496646740305,0.17609068358873553
9559,0.019088103797594905,0.2722454995907253,0.2878334137772764
9560,0.017292653452842182,0.2134296486979933,0.16330559573847273
9561,0.015340694268857414,0.13078895426408857,0.15459161218162354
9562,0.018690350665944978,0.254902846100356,0.35157880979899614
9563,0.018447336338052022,0.2701527157397528,0.14526317486285628
9564,0.017470293861040632,0.17215674629765734,0.05919245047881221
9565,0.025930031012445547,0.39593683985091827,0.341199334374338
9566,0.024217289907055798,0.34762669884897784,0.22416413852435482
9567,0.01867709242462047,0.20333603514394308,0.11760122306836794
9568,0.027583492510810208,0.48372806014981246,0.30559193948272767
9569,0.01629650093081713,0.14445179891079007,0.09083653439552089
9570,0.016879451025744806,0.15015712349236748,0.2269489771371906
9571,0.02038786437332437,0.28113988494670894,0.2738295574988507
9572,0.01511522123566004,0.14224501591792063,0.17496116536701933
9573,0.01912887643524075,0.27909391994125027,0.26479279704566105
9574,0.01778021719795712,0.20023695036597028,0.13206952620990742
9575,0.016203606400337866,0.16057212809511134,0.06920369841264372
9576,0.019595452395015773,0.28656448039459315,0.30342641746717586
9577,0.019325223917977568,0.29345695356422397,0.19342189402929003
9578,0.015382065247191065,0.11736625142377065,0.1719904031217484
9579,0.021813901648620303,0.31406435253381026,0.10456135986928433
9580,0.024258602561324796,0.38070058206213675,0.28505192564999776
9581,0.019864695848027854,0.2651931047798327,0.1785028274355124
9582,0.015390081744815988,0.13404666271823729,0.12289456597719291
9583,0.01764524775882801,0.2195589329076542,0.24372868536093165
9584,0.016962552275073987,0.2435372268503758,0.14243216036446782
9585,0.015746952052320556,0.19222694036530924,0.2376362491718829
9586,0.019312297680342712,0.3136902821991123,0.14044914560131594
9587,0.018177365264461315,0.2386971905648237,0.08489571985727734
9588,0.015642640086862704,0.1647480041878015,0.06172628857940118
9589,0.017350445621571033,0.24159847590876368,0.1561816447111553
9590,0.018312867684947227,0.2762643728650484,0.23381847051220966
9591,0.017473498584100147,0.25358337383810353,0.16414594934609783
9592,0.016639668820563766,0.22462000597847057,0.2039187185637032
9593,0.018002857349772437,0.27722043914585043,0.28182676877163454
9594,0.01721762962433005,0.24872259505840616,0.21607379452016703
9595,0.01969727513468173,0.32433018393532026,0.2681239354622684
9596,0.016686417747570417,0.21811566346127093,0.2804367536517902
9597,0.016063435992517347,0.13816602257680619,0.2564135064680398
9598,0.019033334544448943,0.27345307519656764,0.29462052842287284
9599,0.019368348854904995,0.27106037962106666,0.3074951588890968
9600,0.01965446305672043,0.2941640263606734,0.1316151634353675
9601,0.019546586178981445,0.286732822881594,0.21549803765598202
9602,0.016872568152584907,0.18911108317683262,0.20326022231404675
9603,0.01927650725907027,0.29235591660149,0.16845201930577325
9604,0.016835637342095644,0.23048323847602928,0.14411907494115409
9605,0.018553846298021433,0.26510964270149595,0.21830518522269965
9606,0.02050793704709364,0.3186407095661035,0.30203278483248847
9607,0.016387402427724483,0.19208671115697964,0.07744700111866658
9608,0.019491252380306752,0.2746381414164308,0.22196025605490807
9609,0.016990452498126814,0.2177774614323534,0.12719910609814403
9610,0.017222381678511436,0.18418783562323385,0.31977232585007703
9611,0.019570886751568203,0.2775070486524578,0.16110581641376912
9612,0.017482758339332084,0.22974723007970194,0.13105248370195619
9613,0.021159767044331913,0.36210123070077643,0.23788902270899312
9614,0.016486867751270923,0.1697958229298108,0.3259307185963961
9615,0.017495488819751524,0.20147863450295775,0.1966806429923286
9616,0.016649413604793516,0.17246431332538872,0.35924909004431915
9617,0.01907293973161697,0.23663989228872953,0.18211709389307673
9618,0.02022164540140016,0.247822607697859,0.45297423382115914
9619,0.021221017475517193,0.3235708425144914,0.10635771902555773
9620,0.018651416347426925,0.223494062271379,0.29128109587066336
9621,0.022750408616043247,0.34338234326081724,0.22491792225275187
9622,0.02006507820969882,0.30693297386130736,0.16835974398594772
9623,0.01781815722506997,0.19165830744786008,0.30391152685255113
9624,0.01825873298880852,0.21174194547395078,0.23225108789702767
9625,0.01845964892407917,0.23813255348063425,0.24154901783386284
9626,0.020511027650952307,0.2986576698962625,0.21122169540625643
9627,0.01817514792377248,0.23938876186068053,0.13646188110755278
9628,0.018984447002618973,0.23746852336481555,0.16937216188265677
9629,0.015562023599492686,0.13293305584263704,0.0874566938196465
9630,0.017147063830871837,0.23544232687690217,0.22506834726303332
9631,0.01745948236472147,0.2701965169040834,0.18679241069788483
9632,0.01680015903920592,0.21896122205894747,0.2555591360182656
9633,0.016147889965453868,0.20522672516591745,0.1875875838398789
9634,0.0163263618046449,0.19177279126927774,0.20901869534725334
9635,0.01696083054624601,0.22303015580313404,0.20290023821186393
9636,0.01859571056239654,0.24237362072719143,0.15310292277662568
9637,0.02063135038662554,0.31385995902801483,0.1340064197945889
9638,0.02016646291206674,0.2628468916721967,0.1768603037784412
9639,0.018223991459782145,0.25554166373246373,0.12788769832053887
9640,0.01724081496971722,0.21864746957430786,0.29618117959348517
9641,0.016624231904219886,0.20288742320675696,0.21530927376816072
9642,0.019492627987265556,0.3062898303249254,0.14374737862984102
9643,0.017263980352135094,0.21817860895450628,0.19576370965056697
9644,0.017572828052275266,0.21465951060892347,0.2541864095326926
9645,0.016768654965652535,0.19897587212075155,0.18566933226959606
9646,0.020376814185704046,0.32259570959196865,0.2455669580846328
9647,0.017329237014713065,0.2284890292152438,0.16134510280076378
9648,0.018659748278667895,0.2905593335881179,0.23021422315636017
9649,0.018065669006420666,0.26921516896997827,0.13619803838695374
9650,0.016652554618116402,0.2076500187627022,0.08915819562912455
9651,0.01957889097929018,0.32232850560164944,0.1351613428849372
9652,0.016987126766712386,0.22411112701379768,0.1794458987093249
9653,0.018730821949811474,0.26119022754840415,0.1557018806923447
9654,0.01727370633076342,0.21819147376937315,0.2345505005907943
9655,0.01706832921157334,0.20423306086924403,0.14516051238841296
9656,0.01696922392505114,0.17322681480137034,0.1397440365990552
9657,0.02066448785020862,0.30396853934378093,0.39352935279256784
9658,0.01578651348438149,0.1294261433618249,0.12494732539999688
9659,0.02028487262345043,0.3055970150516618,0.4293565356015037
9660,0.01749554527973713,0.2281442367731766,0.10813190647060787
9661,0.021309619253479604,0.3578760955853631,0.13779012132525043
9662,0.01534975427309293,0.11834865533825255,0.09312226141160512
9663,0.01681259981018796,0.15402891807501978,0.42438940620591864
9664,0.01943988687146728,0.32421657301078666,0.17122590800652654
9665,0.01559550706483558,0.15825023141111957,0.19947717091065886
9666,0.017814903677882663,0.2092616088259444,0.19904385619382642
9667,0.020422776949653325,0.31365484436293384,0.14198763643439788
9668,0.016688277658205297,0.1868297679852891,0.19677579890979416
9669,0.02004094429032778,0.32052160114808304,0.1886903425487622
9670,0.015279083044332948,0.14686001390251188,0.23998367396732914
9671,0.02138083428816934,0.36627744548680835,0.35180603392209986
9672,0.016479550824342517,0.17345003998188732,0.16672797398155298
9673,0.021947749858530534,0.3878932163161559,0.2433494645956131
9674,0.01920003549635062,0.2592499327859877,0.1881455649985608
9675,0.022146484968033536,0.31571027710705113,0.34949581562118937
9676,0.01721161328549105,0.17634845316469117,0.12669813474364208
9677,0.023030503300694394,0.3753131471564491,0.1635449752204515
9678,0.017142926213265425,0.20771486234985523,0.12471403049381641
9679,0.019153674654678012,0.2795129533068944,0.25328312303598294
9680,0.018161306887456017,0.24694721406945674,0.18247386302333354
9681,0.019204164876613694,0.2592257341028143,0.09001277345084113
9682,0.025910980308670773,0.4279836204539368,0.40962181946723275
9683,0.018049384487583114,0.20304985016428162,0.13674871829716015
9684,0.01937481665635175,0.2637369647926057,0.08714577564548415
9685,0.015078650679168392,0.12237475890139717,0.11446687809047172
9686,0.017128093391423616,0.20803496105646663,0.33474936799334193
9687,0.018789861552378426,0.28792022821821706,0.2025563717423325
9688,0.015139603970599474,0.12021205782012556,0.1468158073084063
9689,0.018292510484596076,0.2290587577360944,0.26254757387909755
9690,0.01823716290526099,0.24519773706136444,0.15491954660655002
9691,0.017071488394883618,0.20512835495476237,0.10760813226231218
9692,0.017184525225310106,0.17153257879156927,0.21819417313604292
9693,0.01593437374172406,0.13225523855443266,0.22224499220368374
9694,0.021123019470118635,0.3347401979876454,0.1480156874391662
9695,0.01607697243895498,0.17580125019834467,0.16770067602385338
9696,0.0193287153218691,0.27973793512801715,0.18955039936296258
9697,0.015439812462822715,0.17316230667844956,0.09313318731936227
9698,0.017235828151478744,0.22055035066851258,0.22479830441675255
9699,0.015472501969038667,0.12816578761802958,0.28862886579638225
9700,0.021071763515410916,0.3358389519586199,0.2465582315858492
9701,0.016847560261112657,0.21115166306690103,0.20759643717313161
9702,0.01877238363090858,0.26776896238297826,0.1501320424984311
9703,0.015028302425124842,0.11786853180453159,0.06001638230695485
9704,0.02329262205708717,0.40906353766143844,0.1977698884685048
9705,0.015478057139725387,0.15789761949735556,0.11102146529554378
9706,0.01836578209293295,0.28240799676789,0.39228601893425763
9707,0.01719990751824589,0.23873836446858732,0.20048195884352213
9708,0.018232662064507188,0.22176371095583935,0.1071317034941157
9709,0.01915741176241262,0.26957375716494447,0.21789582405416935
9710,0.019775679361592677,0.3036376804456201,0.201872339219693
9711,0.01900285067618956,0.26754164922329116,0.2047074868522919
9712,0.019828035555499536,0.27005258800664594,0.09522914195374696
9713,0.016483271452274163,0.15138263668641236,0.24957119672659356
9714,0.022534890223067944,0.36056719073027277,0.2173699375656748
9715,0.018660340673384148,0.20706740227425385,0.2392024008130543
9716,0.01990792635999304,0.27071035055721837,0.25425289912573223
9717,0.019225092826683984,0.2698041723243605,0.1406229788912302
9718,0.019633650336705118,0.29321019504636003,0.10773259407786816
9719,0.01739888678911278,0.18421890827653087,0.15706140130262805
9720,0.016338262679938154,0.16140706666781807,0.1622102054424556
9721,0.019987821418183813,0.31135863160155086,0.2917785114761602
9722,0.017715900770489602,0.2456809318868988,0.12261993194417342
9723,0.016028315416581475,0.16947291834933387,0.2612160682760006
9724,0.018664828700314735,0.2628015315893696,0.2621829478286695
9725,0.01955744274169748,0.30766341012473064,0.27331485568593067
9726,0.017239533357414398,0.20353714655883917,0.13935291511484227
9727,0.01709307684673617,0.2223473143727751,0.06706797920950439
9728,0.020962504740717803,0.3251710633361496,0.3015559438517317
9729,0.020061127337799935,0.3038164719469196,0.151344299141982
9730,0.01936683858389506,0.24901969724654033,0.09961326531377725
9731,0.02004812269578212,0.27794644111784395,0.18721376105455306
9732,0.02037839016875866,0.2736395495140041,0.1451319590640696
9733,0.02057529942629777,0.2910105365745497,0.09266767918840854
9734,0.021243410671679213,0.32661418870913284,0.21497496208030062
9735,0.015954344776149293,0.13913568053081074,0.1881179984331787
9736,0.022932686365171897,0.38216952456233166,0.1961312061743595
9737,0.016971367024712136,0.19565234785566302,0.15411226793615249
9738,0.020663563318099487,0.3244631951516493,0.27196029205040445
9739,0.015772380546324245,0.15732125189330487,0.08416066423902743
9740,0.02103357408796044,0.2995343094571594,0.37631022473583786
9741,0.017374987110166,0.1762426657867045,0.11971577187832771
9742,0.017199013943156934,0.19262996190976323,0.16136573606263582
9743,0.01574185931077284,0.17675853113025675,0.11716386061617297
9744,0.020435261835691745,0.32223172932461536,0.16480582124409365
9745,0.01737200825400634,0.18975315185603434,0.1797449636019237
9746,0.0197556370845747,0.2531056604160362,0.26438980753012686
9747,0.0208501606976857,0.2929851200948463,0.1714920338203371
9748,0.02003632543389497,0.27217555091640777,0.2259546530666233
9749,0.016772366502863,0.20691853764732235,0.15174919808466428
9750,0.01693562082976749,0.23125009580126127,0.3865654703782186
9751,0.017990969061521603,0.24538136580441589,0.3063823886459714
9752,0.017151802474696946,0.23176415466198771,0.1613551382287594
9753,0.019736370701011495,0.3208375450343755,0.09591277778235859
9754,0.01711963232332306,0.2363137723685018,0.1730918967645858
9755,0.021283514646114735,0.3368333498698578,0.16390575430962676
9756,0.01626457956181703,0.15223179754553853,0.06023721640071766
9757,0.015549965059550298,0.14260452357275266,0.005068366514924544
9758,0.019749040843359725,0.28889688353668347,0.3054935607839038
9759,0.020448884870108736,0.22119653259958735,0.054793358572957994
9760,0.024658035605587884,0.32738791936212136,0.2907694106855111
9761,0.020494009216121076,0.23791127997575898,0.16485185008854814
9762,0.017456121952997363,0.21184386083153633,0.019199413316756904
9763,0.01821855724053788,0.2451510119829114,0.13253804058462876
9764,0.021098237555093848,0.3454059690806653,0.27117943114590093
9765,0.015043821656808502,0.1626364540215836,0.0721913525956249
9766,0.01793025617427858,0.2636793670403227,0.21807534964102035
9767,0.018466265440136444,0.25746693989411007,0.21633629216417366
9768,0.015096814439240018,0.13901570321684173,0.20618172014641464
9769,0.0180520005819513,0.24035420618487083,0.1451024540790879
9770,0.01857708226363136,0.2873978841173752,0.19424445698459547
9771,0.01796547635769417,0.19254092751874116,0.09095456606858918
9772,0.018114350810818823,0.25795895274014485,0.13853582641689705
9773,0.017921665323333873,0.25563363544558604,0.2511184455124495
9774,0.01997683680312675,0.325505860429864,0.15304416396174403
9775,0.015229311844378514,0.17088461694707788,0.07825487777989557
9776,0.016563660438061595,0.22122956622190396,0.39042577660607164
9777,0.019925741527892483,0.3454918139569199,0.17275593474169215
9778,0.015595409743158678,0.1995875189712613,0.15927558875411207
9779,0.01753432416496356,0.2831447530992017,0.17631025482663734
9780,0.016804760048714087,0.25979897849356554,0.18389474484883125
9781,0.015857275165591714,0.1987685397841324,0.1563869756550556
9782,0.01938084921835592,0.3168121671026008,0.15771203062709327
9783,0.017379774152690392,0.21221607949466087,0.19679331044650278
9784,0.01695149003010988,0.1681700708409878,0.4170602132313725
9785,0.017770301471618698,0.22229764118357395,0.23787857887114913
9786,0.01823563904233286,0.25207091711109136,0.2743450369077862
9787,0.016587295545938505,0.18007318382208604,0.4019130251060214
9788,0.015940509804244274,0.1548659890761205,0.22571357772531753
9789,0.02283406746522991,0.39034964230104613,0.25706777993568275
9790,0.017498325635843814,0.2166548001489839,0.10128237980362184
9791,0.01912134034319901,0.29592169357959597,0.18159342532902822
9792,0.014760239849985278,0.1286726172638139,0.1242585279093015
9793,0.023022349068080022,0.42067458646899003,0.4054567997937932
9794,0.015504573721404541,0.15865143510379487,0.1273890503393183
9795,0.015786880378643314,0.203069711765286,0.22388774635023562
9796,0.017203275633813592,0.2645786012582658,0.2064320914689694
9797,0.015395244646694289,0.158078870964475,0.11682855011255452
9798,0.02176421343225688,0.3582973288532645,0.29595241562013913
9799,0.017415607584276863,0.218611826192967,0.20959490648047163
9800,0.022603512415376198,0.3898949378338281,0.22862803996285253
9801,0.017307020491190407,0.2407418304235162,0.17325858520511925
9802,0.02359791367214077,0.4096917490810698,0.24340689064392565
9803,0.017082387396407675,0.21490937263514742,0.12481009283292688
9804,0.017774762032462886,0.21933605286664418,0.27775454030310653
9805,0.015861693412657574,0.16341684257734343,0.13957261649697794
9806,0.01727176197751652,0.23346550869479182,0.12540301629888173
9807,0.014568457401249657,0.12727926112317872,0.04594907633985418
9808,0.017621887734208013,0.18999346934708675,0.2805701863748838
9809,0.017939025567297585,0.2578815771542059,0.1482771803942581
9810,0.01665894341692556,0.19324431380237875,0.08840644323560082
9811,0.01644968366574252,0.16749665353062848,0.009057228275511565
9812,0.021189627690798494,0.31427571624549694,0.40699968417752247
9813,0.018339040328408367,0.24779275006297366,0.23373544995127746
9814,0.0185839136978316,0.2439718442503681,0.2936267591407916
9815,0.01756056500032556,0.22869721851827932,0.10149546041687156
9816,0.018679775784876416,0.2784078343880287,0.14050308381809104
9817,0.01679138361898164,0.21710148017516642,0.20919696369060742
9818,0.018100211123382698,0.2634254626881076,0.1935994171824502
9819,0.017685409959329493,0.2260656494865422,0.18879063867039608
9820,0.019896453294182864,0.29831500609743233,0.2715466378184072
9821,0.018057303361469372,0.23036992412403695,0.21633333996086712
9822,0.020944573727250178,0.29790371158108875,0.2135343863486466
9823,0.016854291289183206,0.17430130216691,0.05639792838774325
9824,0.0190881587663104,0.21363307373612156,0.29665820036395835
9825,0.019297968265236505,0.2177034137354403,0.11967038072236295
9826,0.02007281933611342,0.29948589119920044,0.28055911555413426
9827,0.01591891591032626,0.1742346619722631,0.07961292337683978
9828,0.01656665463754383,0.19623487223952005,0.297602405611434
9829,0.01792615467119666,0.2607509612601,0.19439538647453336
9830,0.016276092137339278,0.20566552393163653,0.1548766082092612
9831,0.016430345183696914,0.1868332052454819,0.1919084563672911
9832,0.01572022680679455,0.14521468656858097,0.3766961021047549
9833,0.021229225828752477,0.3679430120423691,0.34280456637384776
9834,0.01701159405570256,0.2350680742222653,0.16796388458420025
9835,0.017036303414294587,0.20988415472435476,0.13509980370386476
9836,0.017112644953382505,0.20821214172722685,0.1590248912054773
9837,0.01821075743418444,0.2213715487729649,0.18293691052346936
9838,0.019162074540097437,0.29267797112095917,0.2611179583797446
9839,0.01842956259153812,0.256904831910431,0.20424255796952132
9840,0.0169889725526977,0.21286746160742742,0.17536688049560994
9841,0.017555093506337945,0.21612775639375745,0.1310067800259444
9842,0.022430168766001325,0.3589864613724049,0.4272566109594745
9843,0.018047175842477853,0.22644883304183272,0.18568829017344368
9844,0.01824172803492706,0.19768157808448922,0.28549550596838175
9845,0.025060139890209547,0.3669512765720684,0.23473471300352303
9846,0.025915974316177277,0.3818422204370192,0.162320639283082
9847,0.02025989205574592,0.2374761080294198,0.1530857772004703
9848,0.02176864144434332,0.31610350529639675,0.14741367350300372
9849,0.01923849284154372,0.240619510328875,0.17722466936017794
9850,0.016455807725949356,0.19015848647517794,0.08014606581106559
9851,0.018878855327262023,0.28912400277882433,0.23314504636205644
9852,0.0154909548364469,0.14511581889305591,0.25334254171805226
9853,0.01706172931283704,0.1878081452693478,0.27677555158275613
9854,0.020348918756916006,0.29424140876399907,0.1812378452453931
9855,0.018672866965676875,0.21403645905712498,0.13961786040297014
9856,0.019178085975069713,0.20146950280978299,0.20335024230519225
9857,0.02219221845328257,0.2850670432909181,0.19401266657963165
9858,0.02258416016800677,0.31281162826433906,0.28061254031021904
9859,0.023509420038747952,0.32378955972799706,0.1759722357680215
9860,0.021283745099702215,0.2786641657408068,0.15860063457965193
9861,0.019783980851061318,0.2556243893667944,0.21136706241735198
9862,0.01683902132884631,0.16479699122172559,0.1196188173658253
9863,0.01939133567989096,0.2601622731604365,0.24510318230023798
9864,0.020706535844746167,0.3001103709352204,0.26171781656539345
9865,0.01748484812361645,0.2240699048165973,0.15400450292520723
9866,0.01604611160220816,0.1673356298708366,0.24437327268508624
9867,0.01561443399918564,0.15246721618611814,0.13071322606651548
9868,0.022762079197694587,0.36527889904078037,0.30409896403211634
9869,0.018216915154726333,0.24351595498831796,0.15155405835807056
9870,0.01542520766609079,0.1626410821255424,0.10576857746236135
9871,0.016538652229091125,0.166141538381621,0.2366031022349254
9872,0.019008992588374986,0.22203943100725493,0.2902128316914574
9873,0.017777262655447042,0.24643473317767114,0.21214960855778717
9874,0.017397257793079008,0.24964103761439366,0.21344962214723434
9875,0.015823110073961914,0.18071297438297648,0.19160074618791859
9876,0.022058107057308412,0.3847636268963925,0.28316499641783865
9877,0.016077191104474028,0.20141487589729978,0.1283638213486535
9878,0.017409213901311435,0.2524320419437835,0.16567365622540733
9879,0.016331970954211166,0.20075735480558643,0.2677635099135977
9880,0.019295625262253473,0.317425487671963,0.2752623474487116
9881,0.01612107770056419,0.17047266117903917,0.13093861299439422
9882,0.016017526895543494,0.17689926636869382,0.14586688594447286
9883,0.01895774375929667,0.3048570352304835,0.21818440281450913
9884,0.014945013750518979,0.14721920305052788,0.21760422627512924
9885,0.016606009304506807,0.19794227992540206,0.23346272897905865
9886,0.019102909315443922,0.28312809111453136,0.23662753694807578
9887,0.017285761404574947,0.16243717700805177,0.15414229629806347
9888,0.017983959813438467,0.23022217112277965,0.07923281773779604
9889,0.01699907040608757,0.2100833675075885,0.08312352692663423
9890,0.017742930009183252,0.24197269862418233,0.20689175308907828
9891,0.016966733441816435,0.18030989062777775,0.10509045343764489
9892,0.016105216671111245,0.15206875614934054,0.1821897121687116
9893,0.021228418782829245,0.3286333297567127,0.25886640757916735
9894,0.017974592978669938,0.2297100655177063,0.16760490908744968
9895,0.019135507606458085,0.25690603420469843,0.14015802548593326
9896,0.022652561267677847,0.3656771832509846,0.160335409475133
9897,0.01999802268773055,0.27932828813473176,0.08919775783042484
9898,0.01972662807287905,0.281989101590157,0.22994292942289093
9899,0.017555029367698934,0.18831172284707903,0.14446361778351466
9900,0.019371972527586094,0.24435856093431682,0.40277027158263884
9901,0.016785714306377778,0.14343512403534994,0.14645547408373438
9902,0.01986225758402603,0.2826989835984259,0.2446151503913883
9903,0.016680412400430465,0.1547054454969617,0.20817478301655393
9904,0.025294714038739934,0.4357520881653797,0.4000553501304065
9905,0.016718639109875363,0.18031198499233514,0.142913096422492
9906,0.016796485154940935,0.18226180967540484,0.13513344707039412
9907,0.015264160682403764,0.12708083939619721,0.2550806427355095
9908,0.015226540232047933,0.14767812310211922,0.20021382473728627
9909,0.016565917344709625,0.20819842760952062,0.18057329606175282
9910,0.01741492366603156,0.2535765195817689,0.13920428278398422
9911,0.017802328115366573,0.2529489567855757,0.10580722014045457
9912,0.018376418366207233,0.21553648134051018,0.1420600450417576
9913,0.019404843528624812,0.2701439934595384,0.1577349287545036
9914,0.018132891068387717,0.2318990703324797,0.22721016642479677
9915,0.016643661701237274,0.12564792391608826,0.3307760312161002
9916,0.01993680428328597,0.2754033341510196,0.2738274233174733
9917,0.01613487441949256,0.12271398793227131,0.05303935689435294
9918,0.021179219816953313,0.3130571134886022,0.2673612169359282
9919,0.023584515623376132,0.3836073247175341,0.18421895619545706
9920,0.016552390797330927,0.15414020781759732,0.09702114864580033
9921,0.02051423000616728,0.30001284605028977,0.18417093439164495
9922,0.019918072269261768,0.2949801873135179,0.17884483908892726
9923,0.01832694768601041,0.225656462855841,0.23021390914101927
9924,0.016985881446941093,0.1915796944561868,0.25204409219735807
9925,0.019311483934298802,0.2429324107535403,0.26459440094877634
9926,0.0171656544727329,0.21463760826974726,0.14443326043248467
9927,0.02085943254805267,0.3064250734902522,0.16866815650942885
9928,0.015946186847235217,0.18380733475690217,0.13676372055967045
9929,0.015554554851842916,0.1284493774379104,0.1650407878848861
9930,0.017767201963737485,0.2495336679983896,0.2364508049581076
9931,0.01898959580143812,0.2936329607612763,0.17283842488362514
9932,0.01842844264657422,0.2638118533515446,0.16862776842967445
9933,0.01918998472855778,0.2946647508034926,0.15938698810639534
9934,0.018084547292475172,0.2612290802522017,0.24152753144074804
9935,0.01883896701485888,0.2842833270608733,0.18420673210163607
9936,0.01641327864342786,0.18471853777767178,0.3411336661014315
9937,0.02108288254378064,0.3321872638948866,0.22324899328848524
9938,0.016907476047476794,0.1981274745799164,0.17214695998825455
9939,0.018659780368638242,0.24026785131145892,0.35794946771954556
9940,0.01849803816060787,0.2758337978634653,0.25010508378088425
9941,0.018205914687667184,0.269910286488592,0.22035111687317163
9942,0.017132726875275325,0.23640300043420243,0.20344939617559402
9943,0.017254772008470913,0.21319051410977252,0.16584483290024532
9944,0.0186371885959876,0.25600519431492663,0.10378706493604457
9945,0.019207051875650097,0.274650110262786,0.14072497479196047
9946,0.015558787746260924,0.13432187809371549,0.1936896250969142
9947,0.02023705536403972,0.32532356562929454,0.20816928794646125
9948,0.015808015864396015,0.19712934408686164,0.15457537568643792
9949,0.01886765020391976,0.2868489693172206,0.2936043055884972
9950,0.016978096262528008,0.21829762917428788,0.21266192674866174
9951,0.018371465656382657,0.2690214886166634,0.3106904069772239
9952,0.017830530089922136,0.2512768224422487,0.22706936881911374
9953,0.0175600221907807,0.26130937665480597,0.28308694140233276
9954,0.01715414075285504,0.24212157554455335,0.20972270175524954
9955,0.017549558952326173,0.23049330107793653,0.2379172045348003
9956,0.017663999818525455,0.26122232689643843,0.15756923068397874
9957,0.02012348843312448,0.3181125975941785,0.1748364823973395
9958,0.01815418853250314,0.2487434632774444,0.2005137059666314
9959,0.018850620034830772,0.29524250759149123,0.17826811144885932
9960,0.01785649047000693,0.24926541649563233,0.21165559234209536
9961,0.019652360730186554,0.3176713171461567,0.14680292152042218
9962,0.018184253854172674,0.2578299225435372,0.1732758930798746
9963,0.016662549524764134,0.22682304636853115,0.2228401654943963
9964,0.01777401075883259,0.25020866821052934,0.2618153911158841
9965,0.01928461361152609,0.3033912688027343,0.10749194750524099
9966,0.01828303609672105,0.2524245069486398,0.19079769571008665
9967,0.015579916644055641,0.1719419317920905,0.11458082809066436
9968,0.01986345528625305,0.33041316777128193,0.14028628184942588
9969,0.01616097662426013,0.1843281090821811,0.21671966916522595
9970,0.019956518099321478,0.30568701753138744,0.13877005878287801
9971,0.01627808198200252,0.17466700866715698,0.1507334593368459
9972,0.02122757808552292,0.3523596864920715,0.2600428590630298
9973,0.016690699842591444,0.19740485429436241,0.14735303167653102
9974,0.017954344374011895,0.23774133942820447,0.1947628261365228
9975,0.02141576354776007,0.3340439679969451,0.3103731261666885
9976,0.017299152836395826,0.21520947979289,0.1643449833153711
9977,0.01555708659174239,0.15096524457972432,0.28468516354473933
9978,0.019264331471061866,0.3153420577130509,0.3058534480601309
9979,0.017169120706298065,0.23159632564411087,0.16424611467772096
9980,0.01717047923822733,0.1861260880390996,0.1013524251350768
9981,0.019804255920172886,0.2805937366145545,0.17631380501860203
9982,0.01690543558601502,0.21086661809851234,0.08572905313904292
9983,0.01860018933747918,0.2720292931184487,0.25634293960610555
9984,0.018287669818539534,0.2749403961513628,0.14444899917035608
9985,0.016842605523172155,0.21197219060189687,0.1382934457002655
9986,0.017600789613823047,0.2133654467797146,0.09960275111785968
9987,0.020495116816437817,0.3091363761578191,0.19719101880108342
9988,0.01854211906180221,0.26259378779059583,0.1798849101388596
9989,0.01732814043806654,0.20114138837024334,0.19414539177214102
9990,0.02224233053530288,0.30665072787525405,0.27517906140184933
9991,0.015662995941013495,0.13966517836369027,0.11824627254359778
9992,0.019189220023578823,0.29776536990380925,0.26616250505628475
9993,0.01629306745938223,0.19163665235284477,0.22212055624509294
9994,0.02112739054833584,0.35746103037406657,0.2900957942270441
9995,0.015173449336995213,0.13783709491479837,0.18145458370727688
9996,0.020140003821186026,0.3424659979773472,0.24367105748512694
9997,0.01773175892637298,0.25731743281733416,0.16200148623625915
9998,0.017535221511978533,0.22483275002651623,0.21841384974887335
9999,0.018180279255730722,0.26772988475647863,0.21955359655498663
