iteration,loss,gradient_norm,learning_rate
0,51.300520289131015,10.241445151858008,0.00019463811048411281
1,51.27635036794739,10.235379946242944,0.00020927643825533566
2,51.247152694464596,10.223352795447022,0.00016331607929415327
3,51.218634758996124,10.213250812676357,0.00019496236264265583
4,51.19750622965315,10.204638897719782,0.00012770324982275044
5,51.18180757616194,10.199372835064665,0.00011116235361814779
6,51.15714734027884,10.189786382832553,0.00015037696243881476
7,51.14174764982147,10.183353709679386,0.00010046921649653969
8,51.12544262248979,10.178595083570276,0.0001298711100714741
9,51.11379504211419,10.182788120350091,0.00020084232041287693
10,51.105264222745646,10.18928028033541,0.00017634916642003285
11,51.08471277910529,10.185008871455953,0.0001547196946060632
12,51.06112678880996,10.182574023367247,0.00020616460430639296
13,51.050877108468555,10.184587017257362,0.00013925499168878554
14,51.039161325011335,10.183043036600525,9.910861827532932e-05
15,51.017230631798135,10.174011569538347,0.00012213907975849248
16,50.99885881771364,10.173947236578378,0.00018420032577474106
17,50.97981670233311,10.166590700774302,0.0001166786293073029
18,50.94962014377726,10.15626413766806,0.0002081528158051949
19,50.92723790047717,10.149609172572884,0.00014255772156173725
20,50.91399601575245,10.152954507474359,0.00019214751148474772
21,50.89386946981013,10.153482074703065,0.00022283194251812984
22,50.87754757758785,10.157709048194578,0.00024477569987990834
23,50.86931937584012,10.16043802402559,0.00012752487719389115
24,50.85209869366681,10.15769214975048,0.0001708437115602896
25,50.82607782247708,10.150752399780503,0.00021017401457803183
26,50.81434322351546,10.147139639717945,8.233894274520318e-05
27,50.80677302812792,10.151701242227386,0.0001575661209284444
28,50.77991921528824,10.144571518287345,0.00022050272607278523
29,50.76723476509307,10.14256334144942,0.00012489523171204157
30,50.76397190841985,10.14720033495799,0.00011161180488947141
31,50.7592024088953,10.15014459958242,0.00011087767683103415
32,50.75457468119594,10.157786108380321,0.0001585139887115489
33,50.737585039474155,10.155892112207578,0.0001444279039268826
34,50.73309942206555,10.162742890180452,0.00015734756461372604
35,50.71688356792063,10.161084345237343,0.00015155784836961062
36,50.7072642157996,10.16747959823619,0.0002115847577805508
37,50.700142653094744,10.171864572980263,0.00013073905916714888
38,50.67134824986623,10.1607463207302,0.00017962413585666804
39,50.656752297737086,10.158208808222092,0.00012907243789397497
40,50.6389137994819,10.159787559418778,0.00020971183742837142
41,50.627819818658296,10.163418768972818,0.00016138697554445226
42,50.61845910416815,10.169253378268055,0.00017340943270683374
43,50.618000628837265,10.176976700206179,0.00012350145845652986
44,50.60148522644086,10.171516681082476,0.00010527390118880513
45,50.587575957383955,10.17338356453012,0.00017100109163853319
46,50.57438747855443,10.17067291301101,0.00010647342364847983
47,50.555663852449435,10.166687204478235,0.00017124420993664706
48,50.53793675974431,10.168618261003148,0.0002223437748354712
49,50.51149869569132,10.157807110714188,0.00014865561881025475
50,50.50454362651971,10.164815603121598,0.0001641220972829337
51,50.50093967012727,10.173991778364087,0.00017787023757600192
52,50.495997327869034,10.177584421301077,9.971408269112074e-05
53,50.49363840862737,10.184217401869764,0.00012481038164063036
54,50.46568562131617,10.172314157498507,0.00014987454850844332
55,50.465473210687016,10.180283918091755,0.00013768978123991204
56,50.45496788750234,10.18086291337122,0.00011341496858955305
57,50.44296050058133,10.18315348500945,0.00014477586926985446
58,50.41985830842543,10.176811845492216,0.00018516361082666672
59,50.39797226374048,10.170975571799897,0.0001799888418943519
60,50.36535763723938,10.157732213391261,0.00020172632179734046
61,50.336119207908915,10.145494595513354,0.00016805129227268707
62,50.318411367198145,10.149220865656769,0.0002446650291973688
63,50.308354317256274,10.150917506572377,0.00012195644410258265
64,50.30556297218847,10.155775537623958,0.0001020488593570306
65,50.30303418836357,10.16118275126169,0.00011566352439657425
66,50.280336806034185,10.151095690264713,0.00012719156209513684
67,50.25200302369398,10.141832404873002,0.0002150299529135712
68,50.23164195010561,10.135543284971348,0.00016308229521017377
69,50.21989347457572,10.135365273882648,0.00011460630000493267
70,50.21672821180263,10.141749628452178,0.00013477809082819797
71,50.202567875065284,10.137970430525414,0.0001211647853139219
72,50.18000223526317,10.131062660401312,0.0001771778816046738
73,50.1733137589351,10.137544662266766,0.0001523564902541521
74,50.1546165896864,10.132910754646117,0.000170905726672597
75,50.140949382153174,10.127643411865426,8.139718745555618e-05
76,50.12809946481526,10.131451605231828,0.00018473680189834348
77,50.10089257621749,10.121339469932801,0.00018611721508232542
78,50.08828561134957,10.124266753173629,0.00017667332263524306
79,50.07214747899284,10.12832819202425,0.00024180291732196123
80,50.05439684019581,10.12656854902223,0.00016114568903471472
81,50.04333817849388,10.12322955763252,8.430263019057746e-05
82,50.018251820286494,10.111560586488219,0.00012483764260224833
83,49.998154767656104,10.105092462485526,0.00015254910245086298
84,49.98421887713217,10.109242608147408,0.000213878556048063
85,49.973717138559635,10.110585455754158,0.00011915638948609981
86,49.94517918120101,10.101415888900462,0.00021791046200414157
87,49.93291494094239,10.101354102153161,0.00013236968517533123
88,49.90993406841255,10.098594446961414,0.00021527754690095095
89,49.88331491442726,10.087536001580842,0.00015870294323715064
90,49.85819077640107,10.077597946869227,0.00015319128138140885
91,49.8494402530095,10.079333535743771,0.00010504326998652638
92,49.83668987663806,10.080529880301334,0.00015803986030205833
93,49.81727140114897,10.080894172815174,0.00021739388658050855
94,49.81237615097585,10.085174954007353,0.00010880444922259937
95,49.79434915655323,10.08399029769979,0.00017390109214422865
96,49.78858141706621,10.087617183260821,0.00011140139012403209
97,49.77477937822991,10.087848519144902,0.00015072752918253776
98,49.75502767522819,10.079508869367233,0.00011331377430895917
99,49.730670053145296,10.07202399337482,0.00020679027773537603
100,49.7066046195022,10.06502217810668,0.00021012225335508773
101,49.70287733091352,10.070141838813214,0.00011748088707235831
102,49.697693887824286,10.075911437162794,0.00014297493279232754
103,49.69729801190931,10.083737803087436,0.00011407536423542313
104,49.68094011498555,10.084348398725258,0.0001672716555333709
105,49.65646921707317,10.073460523455843,0.0001356685664858076
106,49.63608174045959,10.06789506918327,0.00017066727541215326
107,49.635742566916726,10.075329887832329,0.00012068654668906541
108,49.63033532901474,10.079644980407105,0.00011442833879993423
109,49.606693327212554,10.072439477977664,0.0002008484772014138
110,49.596636309405994,10.075272390875382,0.00014829786962694682
111,49.57264362554968,10.066966437353186,0.00018419355873954644
112,49.548726120815324,10.056472235271643,0.00013893068847910803
113,49.54143408715961,10.058388828095978,0.00011144721366869169
114,49.54055126149694,10.065731639378985,0.00012680385131977166
115,49.538024005870966,10.074029127173748,0.00014607353468468342
116,49.536695761015515,10.079078237022587,8.006667150681333e-05
117,49.529733841670264,10.086065937948296,0.0001828672154399964
118,49.513803417358936,10.081402365264637,0.00013418068587943283
119,49.49334184068529,10.074444179947161,0.00016044910133121112
120,49.474269162341216,10.066034741837463,0.0001183885907269396
121,49.46496576287818,10.074434705867406,0.0002311000181931404
122,49.45921345824163,10.079021883242918,0.00012597366825348614
123,49.43083180889539,10.067853650592568,0.0001928903076007608
124,49.41443858727891,10.070902678222053,0.00022581724054300726
125,49.401705882161295,10.076168717986315,0.00022777959627525777
126,49.39368015788254,10.077724382930004,0.00011432067908057872
127,49.3855794446576,10.081311084206202,0.0001539644143141084
128,49.35459294925483,10.067845928911389,0.00016934650635299302
129,49.35403265245994,10.077957516323245,0.00015665853317834092
130,49.35237332887952,10.084004964696348,0.00011005114794291201
131,49.33451679202457,10.083727194151745,0.00020088521491647634
132,49.30732930182345,10.071985818901462,0.0001574956711266039
133,49.276045422946,10.060473359975502,0.0002289957019279341
134,49.2651850238784,10.059221228501693,9.175362797333583e-05
135,49.23776549203841,10.047961831416025,0.00018418229876426457
136,49.21703082418035,10.045110067290379,0.0001974688583614625
137,49.19113942333828,10.034465046443286,0.0001463383268698319
138,49.1678999564903,10.0279691160182,0.000190247504195951
139,49.16105002909732,10.033311572333337,0.000160939856556367
140,49.15860344985955,10.042901237639414,0.00017298879897050166
141,49.15791097624199,10.047555232969062,6.67218014105595e-05
142,49.14609245329971,10.047319319584766,0.00012180232256583602
143,49.11396277237105,10.03531679006079,0.00022671036810100392
144,49.10466221462184,10.03906077744275,0.00016553475274480443
145,49.082585121630345,10.032551477393843,0.0002001593852776001
146,49.08014995582162,10.038068748447438,0.00011303485469473538
147,49.06936814749571,10.037992192793526,0.00011072170552340382
148,49.06480871716397,10.043150050182135,0.00011971111490919539
149,49.05667380679103,10.049978847118886,0.00018483758229143431
150,49.04573604147919,10.053906874825579,0.00015327429196324051
151,49.04191562108709,10.062636299240197,0.00016358419237379754
152,49.023632840255324,10.059318174954806,0.00017877111289099572
153,48.99716821397089,10.047062936917587,0.00014303803026640538
154,48.98562843057414,10.049959234139099,0.00016929925796806063
155,48.96388307798548,10.043563474859994,0.00015255785494403088
156,48.954505882145185,10.048801695611617,0.00016837341121750887
157,48.946695422796786,10.056326981037724,0.00020115976130543185
158,48.916795520647746,10.043139081166528,0.00017099695978093827
159,48.90525178138265,10.04862606844017,0.00021507917850069984
160,48.88780414307396,10.041687285560304,0.00012179260267852376
161,48.88540565050786,10.047265214204815,0.00011023721738100878
162,48.85765537427025,10.037276720722437,0.00021278606555084046
163,48.85240965314476,10.039546228950051,8.487344341078785e-05
164,48.84367144397727,10.044283703552697,0.00015615765080851854
165,48.8205602294591,10.036483817742598,0.00017470056620422835
166,48.814695486602915,10.034954154297578,3.717692684943535e-05
167,48.79938613058035,10.036510510983799,0.00018854330063523643
168,48.77116447206938,10.02598778882281,0.00020853266835358237
169,48.74377909505766,10.016172141628427,0.00019752176191812577
170,48.718493161060124,10.006685023615633,0.0001778384703931346
171,48.69175300672622,9.995664344074578,0.0001578284404189667
172,48.66929485866822,9.987514250429285,0.00017511544653927045
173,48.66121068858735,9.992798534293831,0.0001651422844914989
174,48.64737435037335,9.995095524697684,0.0001695811997758258
175,48.62458258153351,9.98708483796385,0.00017795041772946423
176,48.61268683245635,9.989998038486831,0.00016685543633601784
177,48.60122598880086,9.994587423282509,0.00018830406788131413
178,48.59802155589791,10.0003188925148,0.00014764248854698167
179,48.58371602589166,10.001166046465254,0.00015841542346032387
180,48.56688308380438,9.999529083470218,0.00015224865135827234
181,48.540429942723144,9.990809253607075,0.00019568978171160886
182,48.52086214097613,9.98492231092142,0.0001618826024597211
183,48.51539506645759,9.993591205799985,0.0001908053193197943
184,48.505326959759344,10.000146653278362,0.00021028403261570352
185,48.47601363925109,9.988594462882286,0.00020529742004813685
186,48.465638042596595,9.989861382978226,0.0001251625784700772
187,48.44850513331933,9.990841720589875,0.00018882224732687293
188,48.44800424513389,9.999330632304124,0.00012926690719407516
189,48.42714043289917,9.994144939167395,0.0001562857990562371
190,48.3957316309329,9.980711011600087,0.00019243282553952457
191,48.38506310928157,9.98640756124315,0.00018594876983079876
192,48.357606628269835,9.976556521115022,0.00021475815896581954
193,48.335138191555416,9.969576437873494,0.00020333595370906012
194,48.31117201942924,9.961895671445102,0.00021113214672635058
195,48.306165143470864,9.965317008435354,8.66593094814302e-05
196,48.291534404111076,9.960178138227782,0.0001236131238040777
197,48.27037861672625,9.959275174351609,0.00023254705859656005
198,48.256725473243065,9.962357769586804,0.00020265735759454907
199,48.234123009537356,9.95537008617992,0.00020129771343634233
200,48.21583206480889,9.959710070682965,0.0002865390276853046
201,48.208098316520356,9.966872167910925,0.00020191150583834822
202,48.19178341049602,9.970768503707582,0.0002536683252730024
203,48.17738728495796,9.965217221088366,8.246278597761379e-05
204,48.16136339904863,9.969602854609262,0.00026089177859782995
205,48.137830725604,9.958689856774555,0.00012922001122005566
206,48.11956438872798,9.957449279233346,0.00021428494601941086
207,48.11203843771657,9.963617739543974,0.0001842289207442322
208,48.10742883930483,9.971919434513039,0.0001782896663208741
209,48.093994286852315,9.977194568603474,0.00023720822931868777
210,48.08769927712173,9.984709680820295,0.0001736310637016298
211,48.07807922474311,9.989400942803982,0.00017973388224461185
212,48.06083129349362,9.985870658624059,0.00013998868865619908
213,48.04259816129454,9.986987104933883,0.00023476288385960008
214,48.03717257806932,9.990627301084466,0.00011628456476296068
215,48.03337545017581,9.99468117714523,9.867956380235742e-05
216,48.02431360459326,9.99561386882351,8.22091061375943e-05
217,48.012991730969084,9.997642315413064,0.00012937111203189258
218,48.001363245646566,9.995370018278969,7.150993258797453e-05
219,48.00670142951438,10.009710436901464,0.00014436181209617744
220,47.98672501780537,10.00868318551745,0.00020972783680089864
221,47.963776945238536,10.002045527223025,0.00020206286627955227
222,47.93962606469294,9.993424535384706,0.00019567386760888328
223,47.94141859671032,10.006622089393076,0.00016966304505910593
224,47.918913393637055,10.000089387609119,0.00019863636745341064
225,47.912425586487885,10.009432505330064,0.00022642441960605116
226,47.890269904816634,10.001796864813986,0.0001747897436149132
227,47.87665252678687,10.000381028191992,0.00012258719285880774
228,47.85768613092392,9.992055392532064,0.0001227389794836207
229,47.83018741987458,9.982791897535021,0.00024145024981947878
230,47.814614719350374,9.980203161440645,0.00018498759377884278
231,47.787612255969385,9.970616776606033,0.00020360682506898208
232,47.78305866752034,9.97559861968118,0.00012249165372344012
233,47.765336760058766,9.971419593558332,0.00013765781176153363
234,47.74622637606746,9.965507029532642,0.00017487223435070935
235,47.71957705622191,9.951902807960785,0.0001085356806245314
236,47.699181226549776,9.941826243220738,0.00010118585763840203
237,47.67158829103292,9.929559450644227,0.00017828563021763863
238,47.66329660016228,9.931683128594665,0.00010980637104797628
239,47.66090605189344,9.938791209611939,0.00013249528391089439
240,47.634770714938355,9.927817003226082,0.0001463837094893456
241,47.62109751134094,9.922769160183504,0.00011151128353609168
242,47.61472656325306,9.924438985248429,8.387624123379742e-05
243,47.591964220179555,9.91667153070854,0.00019927923082005303
244,47.57049206718668,9.90887367961515,0.00013362634879404757
245,47.55638008546141,9.915216997800952,0.0002705797283543504
246,47.5362698169701,9.910724612713684,0.00020717370714805718
247,47.518766624460376,9.907577364032893,0.00018785972322706801
248,47.50879731965454,9.908543982053047,0.00011745934196267741
249,47.49421433038122,9.910518771813452,0.00019848301745550704
250,47.472215001479114,9.91154001012022,0.00028181681683296135
251,47.4538873074746,9.91071146289677,0.00017996192102636338
252,47.43517968901354,9.906766482157696,0.00018608867484233815
253,47.42682632095671,9.907988193609507,0.00011498926499900274
254,47.39768280877402,9.895224452916153,0.00016981643509092318
255,47.38291248377575,9.895586287909142,0.00017078387124643406
256,47.36115124742531,9.888724643115138,0.00020330034765346768
257,47.355234315148444,9.896520814466262,0.0001797600209649942
258,47.34217583958845,9.896179744093969,0.00014618941776647164
259,47.32341262698927,9.891798806881301,0.00019063106571132093
260,47.32081863348034,9.901150734999534,0.00018538226711880363
261,47.31116318506317,9.904763358840349,0.00015249365459303366
262,47.30258331731475,9.90647998102067,0.00010824658414511678
263,47.287543048318305,9.90840943180627,0.00019742454827509535
264,47.28252049976942,9.90883405297058,2.786873548698414e-05
265,47.270262398080874,9.907879159759696,0.00016484579423849328
266,47.260752489281046,9.91164440370245,0.00015022799569784902
267,47.23221428417814,9.896888239583445,0.00012837760382044142
268,47.221769027599336,9.897445787204171,0.00011730993639086053
269,47.221041867692236,9.90744569564165,0.0001415774445241477
270,47.197738194941955,9.900051749988338,0.0002173719414167786
271,47.17937080423199,9.894410750793401,0.00016222751379438397
272,47.146930184398286,9.880502808772125,0.00021227485748477064
273,47.13284987715623,9.882523305025977,0.00018012410126027971
274,47.121826182141824,9.890716294761303,0.00026506591742021763
275,47.09362681916072,9.877011559327087,0.0001438863923953128
276,47.077596640591615,9.873790781038144,0.0001837098071629146
277,47.056138114604295,9.867747381683538,0.00021669030544144995
278,47.0411369853813,9.864852537584552,0.00017233542295010213
279,47.01994781928398,9.854553215381344,9.945827947234155e-05
280,46.99082789462552,9.840440301674368,0.00014794023634022725
281,46.97610643175711,9.839145333933338,0.0001461256899363774
282,46.95018338860123,9.82729490123594,0.00014234127841583678
283,46.933422965771335,9.818984614832136,6.607402699799903e-05
284,46.91158191167392,9.815336446330752,0.00019846586349428895
285,46.9030284860487,9.82157638382993,0.00020102839230696438
286,46.873967391838654,9.808181569321095,0.00015657674294881064
287,46.866288244503494,9.811325701501016,0.00013751469252745694
288,46.86386433156583,9.82087985748111,0.00019285852304775554
289,46.846817670763684,9.817238196019986,0.0001926451345237601
290,46.83243336259325,9.814988604286523,0.0001343666801184286
291,46.809806043552804,9.804497701840132,0.00013047121958818174
292,46.79678444906665,9.802351786545417,9.989225476003139e-05
293,46.784458215673844,9.80677055969303,0.0002324819277048625
294,46.76361605045014,9.800471637680891,0.00021078957264181381
295,46.76328348162585,9.807353785490836,0.000128165074620754
296,46.755068493530565,9.808592854631192,0.00010508347168611402
297,46.756846891415336,9.817788999922158,0.00011050704847070509
298,46.74051385327448,9.815909372885315,0.00014864264128925436
299,46.73483807791451,9.81825349163543,8.998561522232408e-05
300,46.71965352563389,9.812025957540262,9.776605813436696e-05
301,46.69634735981363,9.800861845689003,0.00010948915006527258
302,46.67736264948424,9.798083032480783,0.0001681484117054997
303,46.66498724761629,9.804831115403367,0.00025241819571095164
304,46.63553516855564,9.793318770685012,0.0002155949892490517
305,46.6163108686727,9.792409145943472,0.00022234170875551392
306,46.59837903464583,9.792833037644378,0.00023944290064768068
307,46.577330303812886,9.786098277605554,0.0001888906174475515
308,46.55078355766259,9.774525396215651,0.00016241041558100056
309,46.53716820479681,9.776237847938429,0.00018872751330558776
310,46.5197067978914,9.772719508612436,0.00018581456507415098
311,46.5072193290701,9.766450171132416,4.963492232969957e-05
312,46.481081184167095,9.755592003135153,0.00018502975870505223
313,46.474669418404055,9.763286120521629,0.00019933369560104969
314,46.44741146620553,9.752644607299157,0.00020166773857729052
315,46.44616191820756,9.758417221848081,0.00010244146979351562
316,46.43236726613098,9.760837171382239,0.00020489255968381517
317,46.413886527547334,9.755725588846852,0.00018972036723318507
318,46.399614712585404,9.751167182292027,0.00012819474393254023
319,46.37986813118185,9.746980082764397,0.00020386743920921256
320,46.36082571159211,9.742406034171985,0.00021579166276020146
321,46.33918492548859,9.732740806153776,0.0001101702132553142
322,46.32199209694735,9.727904575515185,0.00013021762797395297
323,46.30368369017984,9.722370380322024,0.0001721172593671141
324,46.28760278451581,9.718178949849175,0.00011812608717389035
325,46.27089774946905,9.71362499272061,0.00012100803973074101
326,46.270844138101815,9.722352479809478,0.000146098337359019
327,46.253038047794796,9.719269233877544,0.00019882070589454962
328,46.25330425805418,9.726797741388625,0.00011381371362415628
329,46.2444036682633,9.729288353624355,0.00013649848185809125
330,46.22464507789582,9.723385223044943,0.00017150094454834811
331,46.22601072580655,9.731596158580636,0.00011729050673579734
332,46.21502942344663,9.7286198120032,9.586226789448714e-05
333,46.199397315295634,9.725432012076773,0.000184071927859699
334,46.19601377006817,9.731875647064935,0.00016591266201785188
335,46.18199969101995,9.73457899863553,0.0002372003199781746
336,46.160190663067006,9.731414031608503,0.00021043937199344783
337,46.1538638954821,9.736228996019282,0.00013246462259731593
338,46.14742558571531,9.743738313307107,0.00018338395689799377
339,46.13230520144248,9.744690621609037,0.000196342088523419
340,46.10486236755905,9.73395120489023,0.00019919123701233005
341,46.091731837682325,9.733064117041941,0.00018975127020487656
342,46.06839031320872,9.724318386296082,0.0001637867920821715
343,46.06721154059408,9.72991054629542,0.00011368056570435702
344,46.055865634894545,9.73012192912971,0.0001737950753553538
345,46.05579331700729,9.740663131531946,0.0001693556121692826
346,46.0309099106629,9.730660455056373,0.00016562418144170903
347,46.02117557666333,9.734958748772453,0.0001884832204037026
348,46.00565413029871,9.72939138009615,0.00013231159184826037
349,45.99483858178559,9.726804624982925,0.00010513353354416355
350,45.972290011044315,9.721131103231178,0.00017390959080335985
351,45.962973003037206,9.72707396247572,0.00019957726380940853
352,45.9603389268546,9.736647300526828,0.00017584107356654596
353,45.93314330636423,9.723659797677852,0.0001447410670348818
354,45.91883766640306,9.724316212636305,0.00017539581184556832
355,45.90243905812972,9.722382777846603,0.0002176106285939846
356,45.90151498024247,9.729569512523312,0.00014076568534920086
357,45.896515672496044,9.737583992252672,0.00017237347993234815
358,45.86730415354974,9.724946278264575,0.00018709136615159197
359,45.84166588045594,9.71300572931443,0.0001271018774974955
360,45.82349120099388,9.70703315419949,0.00010122947105471408
361,45.80473211379835,9.705805260049948,0.00017905312546547626
362,45.792933528188456,9.705797099554294,0.0001783144743561754
363,45.77148368479091,9.695545521012074,0.00010759553468422874
364,45.756658721287614,9.690375770810252,0.00012789186380939916
365,45.73690420722477,9.680939325333116,9.992957915977385e-05
366,45.734946229026455,9.688626827914376,0.0001492090882134766
367,45.7196834678871,9.687000241337293,0.0002097863633031233
368,45.712679340107115,9.690056438889426,0.00014749365345077833
369,45.69427458321429,9.690600453169896,0.00023859180225522603
370,45.68786636329777,9.692801621633459,6.474834514222715e-05
371,45.66002562140541,9.680029241357362,0.00015968252993497586
372,45.64441659162904,9.677449603552924,0.00019392874190394258
373,45.63330776609803,9.675657466795743,8.175718511349888e-05
374,45.62375572108673,9.675823165262877,0.00010192388555541573
375,45.60714537563827,9.679986344218563,0.00029694522730010984
376,45.58309871940108,9.673110194626448,0.00023189364947541957
377,45.57534094364581,9.67460377201188,0.0001033154634981808
378,45.55955587280062,9.669729402159884,0.00010193704408844302
379,45.555139818545534,9.677395014376497,0.00020513408257756376
380,45.53376886142064,9.670762114740938,0.00020525020211346168
381,45.515073801346645,9.665402604494446,0.00012654263644103464
382,45.50338148655179,9.663169088598558,7.70968153906845e-05
383,45.50235385459037,9.67205714729283,0.00016078963122840456
384,45.48823698963016,9.66790669202404,8.286209223601691e-05
385,45.48029905863537,9.67170190703745,0.00015729958646410434
386,45.46758787603803,9.6760528077574,0.0002479341001626925
387,45.441073705990206,9.666514795016665,0.00021580315392193174
388,45.436187867950444,9.6674904001098,6.352018361267303e-05
389,45.42134145747443,9.662572840035232,0.00011272992378909653
390,45.40996932127547,9.666345315883516,0.00020948727652590909
391,45.390835209082645,9.661965549642808,0.00021535697380498605
392,45.37245976065715,9.660676065156439,0.0001914111786790738
393,45.35537801686098,9.66037973821977,0.00023632594947453067
394,45.33079591011542,9.651352609118481,0.000169303009355531
395,45.33035299251608,9.659264256142187,0.00012176030310432925
396,45.31623862372128,9.664250307470176,0.0002771027780392863
397,45.29750759765498,9.66332142454384,0.0002410518282397723
398,45.291772612765335,9.666944370565396,0.00013479780001808344
399,45.28272506188877,9.66800021326558,0.00016679009740219687
400,45.26121558233719,9.662548525199444,0.00022549091499284192
401,45.23357977838391,9.649132040270166,0.00013912548742869233
402,45.2099800720282,9.640144907170324,0.00015700615618421208
403,45.197431146449425,9.64330528488466,0.00021713763250207077
404,45.1760174724604,9.633640723852453,0.00011128582175459918
405,45.170703712721505,9.640615132000432,0.00016902452517668031
406,45.16529047726721,9.64808589614015,0.0002135900898289993
407,45.14682915030704,9.645555628808657,0.00024849933996052117
408,45.12338858124644,9.635071098425916,0.00012476036129494117
409,45.115332147034295,9.642475738267985,0.00024371645274442623
410,45.11455494981883,9.651746249881224,0.00017338617144928411
411,45.09346314202752,9.64386533602113,0.00012177787178422697
412,45.06843996494752,9.63491192180378,0.00019103160846469072
413,45.045266885081595,9.623995582468593,0.00011811151369046989
414,45.03016923191825,9.626716066400201,0.0002553319362199601
415,45.02103691500344,9.63175805957974,0.00019454136645058562
416,45.00304320880041,9.626536413015927,0.00012373605332560803
417,44.99311808191998,9.627038581110138,0.0001485408137219935
418,44.98312020877079,9.631943711205098,0.00020440362071195463
419,44.971656857541504,9.631228360077866,0.00011809471011822999
420,44.95352074416761,9.628681915185734,0.00024313210566108051
421,44.941841035366465,9.629655263868116,0.00019038693785939262
422,44.930371751519004,9.63424911187672,0.00022857686793202063
423,44.925393243636705,9.642244910280025,0.00020524744924017477
424,44.901938205961756,9.637490761677581,0.00021554124362781432
425,44.89367696413489,9.644321326607542,0.0002266949646989042
426,44.88665617050746,9.64768976346165,0.00015608814351242563
427,44.87582092329408,9.650499323451694,0.00021605189802203375
428,44.8651466119629,9.657248224352989,0.0002607876270429454
429,44.85311646018589,9.657026014535326,0.00020032307741805339
430,44.82654041189051,9.645894320171214,0.00019070135533040918
431,44.82299311717024,9.655649772973689,0.0002398137162054387
432,44.792473240370306,9.643733415686656,0.0002326198904435257
433,44.771019836684054,9.636306747883586,0.00017347474646825492
434,44.7613007177047,9.64064164582365,0.00022038045108116764
435,44.75373420261393,9.642901934447758,0.0001718730148326734
436,44.72772321749239,9.630185215952812,0.0001415842150864433
437,44.713159597383914,9.62430153650285,7.664541163975526e-05
438,44.704379741212215,9.629674427309254,0.000221053932579503
439,44.6882545086998,9.6284342725069,0.00024043936028866322
440,44.67982691206615,9.631041899607942,0.000159019185626694
441,44.65770512267882,9.623711528704227,0.00020918626609968454
442,44.63794768482185,9.618455703379446,0.00013863975407324802
443,44.62017962303519,9.613936692318733,0.0002023077574083694
444,44.605774439629066,9.613718388919713,0.0002198864553511089
445,44.59376463453089,9.616243462795518,0.00018992796890104384
446,44.57585191607033,9.613141741999373,0.00021583141812540573
447,44.55186259070093,9.604955672170313,0.00014818541168551714
448,44.530902733138724,9.596198349532488,0.00013253656249836065
449,44.51218560797795,9.590421835029082,0.00019341382956680628
450,44.50329835646348,9.591227462351346,0.0001301670439571181
451,44.4903774070034,9.58788282809453,7.310064229992424e-05
452,44.482586361001786,9.591357255829479,0.00015566903543902383
453,44.456421143090566,9.581495705729283,0.00019018720497175352
454,44.43401620537282,9.574860096374158,0.00017228418214179
455,44.41529792933015,9.57183607392405,0.000236236424786967
456,44.41302254442959,9.57732470143816,0.00012928168764002684
457,44.40488960226451,9.578896721468015,0.00013982159362448482
458,44.38767777594966,9.570596681638305,6.571187750661011e-05
459,44.37634829321094,9.574623214069817,0.0002281844788498859
460,44.36942086585853,9.57885360756782,0.00019854058765005173
461,44.355289810884464,9.577582419194913,0.00013510167430996986
462,44.34626461202736,9.581889632603657,0.00018016618579574397
463,44.338407290854555,9.58525967189379,0.0001914198165191022
464,44.32247401545676,9.588225360312414,0.00029175572711088733
465,44.305411196053484,9.587172551545516,0.00019166146052891346
466,44.29148814220783,9.58348723576825,0.00011938091666610625
467,44.27540124280272,9.583995783160551,0.0002566981149915662
468,44.251558356920846,9.57586065782432,0.00020806315046411407
469,44.24235532457175,9.575535151347925,0.0001120431124027541
470,44.2284364464443,9.575203328525657,0.00021583746926617464
471,44.20252318648997,9.564273041280734,0.00013124525238356177
472,44.185741516612275,9.563332971162644,0.0002553476182434242
473,44.173277885098884,9.56546675268904,0.00020467872693770748
474,44.15814412868246,9.561701372315184,0.0001291040505506586
475,44.15540951945018,9.564100897981291,6.330270547015952e-05
476,44.1354574207961,9.560130737419165,0.00024207823560817442
477,44.11892471547205,9.559063356521396,0.0002617208881932641
478,44.105836142318864,9.560601417198727,0.000255032257625393
479,44.10117015928288,9.567619679791335,0.00017710990923124992
480,44.075953410644026,9.556749603873204,0.00015063258817384244
481,44.06865709483237,9.560930849157486,0.00021745924724157035
482,44.04664520958968,9.555903370133912,0.0002560796532782149
483,44.028077155800695,9.552376245547375,0.00017181863873228965
484,44.00428785133649,9.543365823273946,0.00013808559897327552
485,43.9894916555571,9.542327961948931,0.00018939794794530177
486,43.979055295698025,9.54128821167069,9.242168265768436e-05
487,43.96234267588703,9.539994693178317,0.00022759927859703592
488,43.939136222457485,9.53615893830829,0.0002708389292055416
489,43.92855196913838,9.542082614031662,0.0002612850928584653
490,43.904025761233996,9.532363428978996,0.00015739239648549934
491,43.8998569449093,9.536098801531768,0.0001106361498516439
492,43.88677886190524,9.537463221598623,0.00025966376265930933
493,43.87465165068034,9.534298473343826,7.500844148338536e-05
494,43.86290005392991,9.535846758803803,0.00022293694408085719
495,43.842322533226245,9.527522852485484,0.00011851170025033583
496,43.82797766656882,9.524918518928114,0.0001640415595624078
497,43.81577947624897,9.525055181334027,0.00022391001966354197
498,43.804612105632415,9.524402477474194,0.00015848631339627307
499,43.79179221303656,9.525365039202978,0.00023769470527710459
500,43.78739169808484,9.531958945727085,0.00020296385207056896
501,43.78325549805069,9.5327158178395,5.949963996144545e-05
502,43.76828531575849,9.529798072357742,0.00017264240990006897
503,43.75294384699417,9.533587102838382,0.00031764575763655454
504,43.75059060989574,9.536437662735255,6.546800615337083e-05
505,43.72856486082294,9.533924065990988,0.000273588054093952
506,43.7234944053555,9.535714287411778,0.00010241960420814094
507,43.71598077928379,9.5342568365978,4.690912426066063e-05
508,43.689724479268016,9.523408056773548,0.00011731811792641458
509,43.67712317608143,9.519825644460736,0.00013767240639885235
510,43.66924650426081,9.523946996588661,0.00022829061226402756
511,43.65507195148153,9.523422064532355,0.0001506876126158735
512,43.632691589175465,9.517233096808559,0.00022314383904664523
513,43.62574754353395,9.523189035801286,0.00019580893318167783
514,43.6032053222707,9.515637258762462,0.00020666307544040633
515,43.59453882182409,9.522981578002993,0.00026440298801759147
516,43.59393572792524,9.530635636640442,0.00018354993718069804
517,43.574020408777805,9.527168840100405,0.0002645793336112187
518,43.56623348333858,9.531438901068299,0.0002138655088601478
519,43.55146878631801,9.528918578256011,0.00015918892505393815
520,43.54119653447433,9.532475969017323,0.0002516001430614487
521,43.53493752943448,9.539869184381025,0.00026502962610812917
522,43.50935796700165,9.530498020164677,0.00016472203078485938
523,43.50061494311803,9.531583629439547,7.1550677435449e-05
524,43.47601445054446,9.520194268980323,0.00014692035095940616
525,43.47215660681347,9.525978767809818,0.00012801015318698267
526,43.452250235492194,9.517262454378336,0.00010948560102592048
527,43.431711142180006,9.509771808240425,0.00011882443074529126
528,43.42428061277028,9.510101401300888,9.308357945050524e-05
529,43.40963851159208,9.506207278021508,0.0001088287467561012
530,43.39779453243441,9.503316063808505,0.00014519710442365867
531,43.387775239798344,9.506555088985769,0.00020970308391372465
532,43.3673980105138,9.501450495232584,0.0001753544294201996
533,43.351447714607644,9.501533771251893,0.00024149736421186154
534,43.34387617162228,9.508005607315296,0.0002594467967336612
535,43.337188954061524,9.50992160255062,0.00010903487230639995
536,43.311562100505654,9.497920291603181,0.00013346636692787505
537,43.301635312554815,9.498285901349524,8.107537430315728e-05
538,43.2883516726097,9.499801102562294,0.0002826252538063223
539,43.27773384252745,9.50528176136462,0.0002814558962330561
540,43.26692872249325,9.507539690252074,0.00021461199019227312
541,43.24734908652033,9.501438560067646,0.00020348027876990283
542,43.23687664700614,9.505234039183842,0.00026012036370540143
543,43.22646651575867,9.508575642812108,0.00023265369342831088
544,43.221592551400995,9.513401530938312,0.0001369338809710395
545,43.20375430640618,9.506676076608882,0.00010730008398862905
546,43.18682728364381,9.503883504429481,0.00020270405894616672
547,43.17412011847726,9.506435547395846,0.0002682796748657907
548,43.15541944025279,9.503250754075903,0.00018350195937040636
549,43.14078322463573,9.499144466505939,0.00010793335936947986
550,43.126673712379116,9.500353820774162,0.00021331997201819243
551,43.122368568474606,9.50514422563411,0.00013717185512748884
552,43.102662022650776,9.50043836321588,0.00016715449848547808
553,43.094342191805396,9.508300321724448,0.0002715408758438678
554,43.08273909185251,9.510614893365148,0.00023699627972940027
555,43.07671420967079,9.516589264186965,0.00017361507077299324
556,43.057927851407484,9.510705184178388,0.00015896119777848632
557,43.04047682926121,9.503527606691405,0.00010322881127601419
558,43.0362872076564,9.509899272741825,0.00020124128788419585
559,43.01413366252622,9.50288396239457,0.00021860556984828217
560,42.99768021402236,9.500129234478237,0.0001678784701319869
561,42.9757468489712,9.490631741779296,0.00011146282952304137
562,42.97465926924768,9.497787235232387,0.00012423173350797887
563,42.961570402002565,9.498455513413374,0.000233724676708501
564,42.954061983249915,9.505762481833731,0.00025139026094138286
565,42.94767960751542,9.507520621078013,0.00015211656277714045
566,42.94872975219754,9.517847408894442,0.00020064904188590114
567,42.945110600308276,9.524814457873038,0.0002056414061806903
568,42.917212103892126,9.51313703327029,0.00019685267470181597
569,42.89668636559,9.508644362993603,0.00019563833632231205
570,42.88449172683263,9.507069811430178,7.619937602063163e-05
571,42.87339024501939,9.50432087377044,0.0001462623003776945
572,42.86344885863202,9.50692022942738,0.00024910242740744864
573,42.86200607365825,9.513346936435903,0.00014826366048743396
574,42.85352424256424,9.51467695983988,0.00016071605192858145
575,42.843144152097246,9.512949013356812,2.8334221309266076e-05
576,42.814255803219936,9.500108418646718,0.0001708428726548969
577,42.80557236721465,9.504326983050197,0.00021253621756514256
578,42.79940119778075,9.511189606626212,0.0002196482392177739
579,42.78573493879064,9.514744759933148,0.0003017595503977106
580,42.785873113241344,9.5230249554144,0.00017657984372521505
581,42.78133971153302,9.526478487389094,0.00010274453044596332
582,42.780772558655485,9.533608278628142,0.0001485431251545444
583,42.765010727515566,9.531633825947033,0.00014734738221727957
584,42.74437732743523,9.52233765728294,0.00010574400601995714
585,42.73419895588219,9.524864461814134,0.0001827363625977136
586,42.70928937802403,9.512299311633928,0.00010785616273099725
587,42.70294481545542,9.520653070173603,0.00028134051126597545
588,42.69489506754097,9.523363665470146,0.00023869034811596434
589,42.67209261278162,9.514515792435631,0.00020143858671895558
590,42.653162097858676,9.510728691298986,0.0001898403409032189
591,42.64647326292821,9.514840069378737,0.00024084442053027262
592,42.63837490584367,9.514624329080895,0.00013260046499082788
593,42.61327545309968,9.503500091664325,0.00013059754690389629
594,42.60641304558648,9.503500428612039,7.25162423246364e-05
595,42.602202542855636,9.506982416904778,0.00012731545916605977
596,42.5780433264714,9.498755666907302,0.00016874853282141205
597,42.57484263751021,9.500032752927176,5.521716456031385e-05
598,42.54640344261329,9.486457847290632,0.00016046481730331422
599,42.52758487494844,9.480982576580693,0.00016946941116169657
600,42.5200640790101,9.480339807264915,0.00010728478370137518
601,42.493386832076276,9.466513425212478,0.00012773292241476195
602,42.48823775966361,9.468784229460644,0.0001181389199979852
603,42.4691363384882,9.464303276653332,0.00024801341830899405
604,42.46579476401573,9.471241049008771,0.00022693283067986309
605,42.44613328499042,9.465712757596934,0.0002119044424681882
606,42.43806555619146,9.468337255442771,0.00019096256536840143
607,42.42753180596349,9.466613402412552,0.00012432624027180645
608,42.41288625554612,9.465211406108969,0.00021607053457247356
609,42.394842011429574,9.457262201767115,7.23423287924172e-05
610,42.38475994167533,9.461364054931408,0.000261953399522344
611,42.36915627368417,9.464842775581051,0.00033580534272845575
612,42.36201223657685,9.466907047039916,0.00011633758811118469
613,42.35747165726522,9.47576212623858,0.00024890638041285147
614,42.348311660207614,9.474627337337237,9.179539346643605e-05
615,42.32574467672692,9.466626430149493,0.00018911565897793635
616,42.32146257694975,9.471869172291381,0.00012793733191021736
617,42.310666618105095,9.469537749714629,0.0001120016660035875
618,42.29237268716527,9.466456457722826,0.00017700436012394607
619,42.269982476972345,9.461645516607975,0.0002468745475774397
620,42.255872381807535,9.4584247915195,7.84328648539541e-05
621,42.23552476075573,9.452366764150938,0.00016058652290411616
622,42.22621907629475,9.45375884805911,8.22738247413666e-05
623,42.21362262713024,9.452809219414803,0.00014095146877828287
624,42.202007928677205,9.451913684456008,0.00016474448318672932
625,42.19350672125774,9.455083250411326,0.00021937058786840726
626,42.19470743400588,9.466307398198342,0.00019407089448901133
627,42.16667478625531,9.453721763176489,0.00016373377938942247
628,42.15638114638238,9.450025559580304,5.251931238916297e-05
629,42.1496740518134,9.458412635634346,0.00026247620974797543
630,42.13804155281096,9.459476346291153,0.00024309946290150883
631,42.126240642430645,9.45825541970819,0.00014007841577350617
632,42.098656136632954,9.449530621670245,0.00021756414042429424
633,42.069953418353144,9.43577171882553,0.0001578355915569057
634,42.04855141481982,9.43024407741756,0.00024790893798188875
635,42.028228662670756,9.42550914815735,0.0002547805681021848
636,42.01708556223622,9.424649600914094,0.00012244055215520895
637,41.99575632347,9.414633457005635,0.0001084040274433221
638,41.98933813876792,9.42094361683655,0.0002524160832679212
639,41.984640422872296,9.427487584421483,0.00021338061917465861
640,41.9663168800126,9.421386260486223,0.00011609732990962631
641,41.96478380775877,9.428677231245475,0.00013020640463155665
642,41.96228591396378,9.433730816493476,0.0001353846702791045
643,41.95187828384169,9.432495511349874,0.00011320546032867145
644,41.93998404024344,9.42924697426083,8.473176358142404e-05
645,41.934638482716174,9.434696251532174,0.0001741487924878189
646,41.92593830029716,9.434788966286881,0.0001328375717873066
647,41.91239879216634,9.43336608534341,0.0001972960359984363
648,41.902929296584674,9.437610416107567,0.00026149761734290967
649,41.89183087600467,9.438906809379834,0.00015629260769605476
650,41.89274461554697,9.44979665902686,0.00019187149004040943
651,41.864007059178476,9.437808410185314,0.00017925424557724395
652,41.860348439101024,9.444084082399108,0.00014708018515494482
653,41.85938754225237,9.453741506776579,0.00020578221554420296
654,41.82779975140619,9.437107796397154,0.0001458687848248206
655,41.81024885754279,9.43047162791325,8.526690361920106e-05
656,41.79229307217839,9.422992349685243,9.530951276478436e-05
657,41.782486646547326,9.428848975240092,0.0002662965012455907
658,41.77232165182895,9.430779761535392,0.000266098401915222
659,41.74751688218173,9.418362905582141,0.0001301427799520627
660,41.73860604664456,9.418369348084758,0.00013794661001927032
661,41.73185195970905,9.423241263583023,0.00021349894422918308
662,41.73447352747643,9.435568052531215,0.0001706927710586185
663,41.71170788040617,9.426422304802342,0.0001396423067817559
664,41.70317796225608,9.427802666060224,7.605092181259814e-05
665,41.69517445028967,9.428263996805693,0.00013876109129946752
666,41.68960892290581,9.434366326709824,0.00021701930862607532
667,41.67859700805524,9.432293647071202,8.269665378882051e-05
668,41.67601860830279,9.436247982186908,9.880440443056361e-05
669,41.66832205640636,9.440991456224925,0.0001889212015318209
670,41.665857424283665,9.447408172425723,0.0002001780033478508
671,41.64430281459724,9.438517152106233,0.00012075528524149337
672,41.64551057233264,9.450438741188691,0.0001805825303979673
673,41.64083040115819,9.456153156313235,0.0002051749295561714
674,41.615152871785774,9.443281919599467,7.799769443090965e-05
675,41.59454825053453,9.435442891874155,0.00013216912230606058
676,41.58290966980565,9.436567035062572,0.0002428634258409841
677,41.57905249186584,9.44551320924195,0.00023786372378916665
678,41.5582397459654,9.441458909386151,0.00022518667437973608
679,41.54542920889357,9.43666788269185,0.00012177698585929959
680,41.54318215049479,9.44496670071733,0.0001844076746077547
681,41.53127077307339,9.442204260555943,8.931752205900162e-05
682,41.50916941191799,9.43536188363368,0.000216096751591499
683,41.48722091805501,9.423298827379798,6.140888629235868e-05
684,41.489513047759196,9.436986931142469,0.0002534070019551611
685,41.461847067304106,9.424898252971849,0.0001650587110610241
686,41.450857976435636,9.42822900688539,0.0002393245203310725
687,41.429197831251116,9.418216299896814,9.515464043162125e-05
688,41.408329120093796,9.411665489034382,0.0002334091373464424
689,41.39386049010445,9.408204244092811,0.00010728771653603872
690,41.36401551387149,9.394378183434451,0.00018469519230204705
691,41.33935384248821,9.382757390051504,0.00014561921549135812
692,41.32151018640173,9.37928230560913,0.0001812228630808171
693,41.318179167591616,9.383125770857665,9.107585632292233e-05
694,41.313393071669,9.388094123751676,0.00021701606966915377
695,41.304690534501916,9.391618241466187,0.0002250696428257714
696,41.27650015943383,9.376442265793814,0.0001446625715950024
697,41.26887143071679,9.380111510994956,0.00021543580121696795
698,41.26665147942586,9.390799947107197,0.0002785804125755214
699,41.241796153504936,9.381299805301495,0.00025496003344997867
700,41.238979721011226,9.388336604147288,0.00015427452030790162
701,41.2176231838622,9.378917335182633,9.679589935855529e-05
702,41.21273406490975,9.386247143590358,0.00022296736560471365
703,41.20936141187514,9.39051276179664,0.000150062857248802
704,41.18699554076813,9.381755256475824,0.00012169168399323645
705,41.18982466967386,9.394006599462283,0.00020543467049600182
706,41.18248697230214,9.39619593065094,0.00012636071590230492
707,41.17847358181872,9.401017037245461,0.00012627681965024623
708,41.15644466078317,9.392918105745187,0.0001125172913653494
709,41.144698501597226,9.393026298680487,0.00017530853428567307
710,41.13245891774055,9.392501490321699,0.00020489694998437565
711,41.12592713140968,9.393656354494434,0.00011988683205755285
712,41.10087425658943,9.385547321178988,0.00019401679649072887
713,41.08304767060061,9.380914962275007,0.00025914264125127275
714,41.07735271571108,9.39090979862396,0.00031843591179887403
715,41.07768180660575,9.401615327531134,0.0002437364686759889
716,41.068030603218794,9.403210797110235,0.00022994812384209215
717,41.04825788469928,9.399024192470174,0.00025138275768457884
718,41.033208692002724,9.39238431700701,0.00014402550551051988
719,41.032947909835556,9.399604833190413,0.00010568966457140313
720,41.03440579907251,9.410028270712202,0.00014855925468188968
721,41.026697306228776,9.412445080783103,0.00021919900540177755
722,40.99385388832246,9.394529427577679,0.00015495905789234554
723,40.98520014852559,9.39600927488808,0.00019776395310738378
724,40.96604352593308,9.391832516564078,0.00017831962969599568
725,40.940047072132714,9.384909281659152,0.00024931694090941264
726,40.941138867044224,9.393556939132576,0.00014089357179310414
727,40.90808351663256,9.375971161117736,0.00017495310967370912
728,40.8966358969241,9.376566402301796,0.0002447057988189834
729,40.888594842709146,9.382601549633746,0.0002714961877417907
730,40.86430176602516,9.371092726004914,0.0001124829170301807
731,40.866942867023994,9.38194345104906,0.00014328308592274108
732,40.85321060654971,9.379240113740293,7.48531721218377e-05
733,40.830029430279744,9.368977671717374,0.00011265729522477598
734,40.797387918936685,9.350548771402188,0.00013673126342991906
735,40.78392528838088,9.347936351299953,8.270965271971069e-05
736,40.76986757121197,9.347777166949243,0.00026664125574720664
737,40.76249491822332,9.354403443882003,0.0001965791381873932
738,40.744113999413194,9.349238630755776,0.00016820462672325996
739,40.733204289769674,9.348986244036606,0.00010840792589502931
740,40.70319322930687,9.332153516108708,0.00015096114756698567
741,40.699263702416395,9.341557830827165,0.00028519983860082174
742,40.69115087543404,9.341542103266544,8.951368536148648e-05
743,40.67773666701729,9.339130223460238,0.00011441471912212436
744,40.67919047098106,9.351180957405957,0.0002672820182288093
745,40.683101105663845,9.365003531713933,0.00020477488609595468
746,40.662979636765954,9.356801421214652,0.0001766101720117373
747,40.64611054305507,9.34862615990096,0.0001103957377610186
748,40.64221950971547,9.358386755696419,0.00029261001178107336
749,40.61025544676878,9.340882754203687,0.0001584532127765764
750,40.60042346173925,9.341877723420728,0.00011800363323760096
751,40.605479758691224,9.3556794473897,0.00015651584735072778
752,40.59666244355334,9.358206762171557,0.00012386611487381853
753,40.58226106899033,9.355693414790206,0.00023753986107322638
754,40.57456080524072,9.364091134519157,0.0003282729485387594
755,40.540182850880946,9.345430796811018,0.0001749823139635725
756,40.527384946900966,9.343087191397135,0.0002535284286737353
757,40.51712344057715,9.34466336877232,0.00021108001880926658
758,40.50873716841957,9.351816087398952,0.0003159525247446732
759,40.500261893689625,9.351363825659458,9.763809926706073e-05
760,40.49604576957573,9.359770451263751,0.00023015088228657739
761,40.483761052742295,9.35852188609127,0.00013769156869206358
762,40.48158936519912,9.36817121526984,0.00019491181106164778
763,40.452568530376716,9.353682899291835,0.00014496470715767912
764,40.4339164409776,9.346079063820413,0.00020292395261335043
765,40.42879193986551,9.356331386320685,0.00033254799733317545
766,40.4126296520794,9.350672913313609,0.00012123844928123463
767,40.40070354296844,9.350403018965247,0.0002540804207661028
768,40.39391839794843,9.354294781725615,0.00017610449844913085
769,40.380331804695786,9.35177644438581,0.0002714944002765008
770,40.36693684340638,9.353649996504418,0.00025353482589588584
771,40.35656238090466,9.354226150527465,0.00012285155738283912
772,40.34573240361806,9.35288260578384,6.219850522052617e-05
773,40.33887585238022,9.35984789014118,0.0001843998168271269
774,40.307749522426825,9.34131253256826,0.00011256441981018137
775,40.28457951634363,9.336057082817963,0.00024951559810824426
776,40.28425422418973,9.348398499564373,0.00025518598847454625
777,40.269049804364656,9.345226626749753,9.151196086741653e-05
778,40.25700081675859,9.34419146653305,0.00021267881393510145
779,40.24751250240801,9.34474123630731,0.00010672045128290348
780,40.24258395217816,9.350849614746782,0.00019866096678309807
781,40.208326541270154,9.33138806278004,0.0001620953604340168
782,40.198035906147055,9.332313884469812,8.258642522192215e-05
783,40.18615215960769,9.3303999835936,0.0001868995538616989
784,40.158425558583446,9.314666550581014,0.00013141436392254607
785,40.15681701558299,9.322950456249972,0.0001552000933659515
786,40.13592763882311,9.319285470662397,0.000271583112372725
787,40.126925187999674,9.319414918768052,6.494483104097202e-05
788,40.11695963132177,9.32174134958432,0.0002112644424855927
789,40.11696779130728,9.329885386975647,0.00016385911147346325
790,40.11733206842802,9.337736295240934,9.976397613523521e-05
791,40.12067581039691,9.352789401923445,0.000268320530260034
792,40.105546951766804,9.350005661832691,0.00026708428043877524
793,40.09336233540828,9.3522633477874,0.00019624720882904833
794,40.09239670103585,9.363432556405973,0.0002577543506282965
795,40.09106362081923,9.372114938030288,0.0001460862954416077
796,40.07260575568856,9.365462268700105,0.00014375898476994158
797,40.0675134655667,9.371838127191047,0.00022081781772548604
798,40.04956603842065,9.367557974235798,0.00015209119440510758
799,40.02861780615722,9.361455607034031,0.0001550495639675054
800,40.006475520603466,9.353969643548815,0.0001543922399057186
801,39.99053974396496,9.35521753658987,0.0002805028782120749
802,39.9677882848608,9.343038440758008,0.0002098079623516809
803,39.95363364191566,9.345676189592478,0.00027257744337067197
804,39.95930557381326,9.359836791146778,0.0001320480625114778
805,39.94326960674527,9.355299511790486,0.0002309089413978469
806,39.9330685639893,9.354775193866894,0.00010670614702886385
807,39.93782967810491,9.369303248154324,0.00022407110581253417
808,39.9360855721451,9.378491264639843,0.00014228466500541695
809,39.916003375759765,9.371033104993892,0.00011005045016921491
810,39.88536810950594,9.351828653497051,0.00014602173932377834
811,39.870226527253116,9.347390200739413,0.00024733232033470295
812,39.84435377774676,9.33173248220658,0.00011910368576520955
813,39.83891377476023,9.341567592585346,0.00033718140424131933
814,39.833165193858264,9.34654595552362,0.000147284486894034
815,39.809922083926025,9.336534484428165,0.0001755476892888761
816,39.794324319391436,9.336091069185674,0.00020025600858132977
817,39.76877839003242,9.32285289241841,0.00016904562876643754
818,39.74794536810879,9.315613323167934,0.0002696340593086561
819,39.73968465173471,9.320772432595877,0.0002445758260449767
820,39.722999362124156,9.31544545026245,0.0001292597847544406
821,39.71386835344457,9.315629822707667,0.00018416473242584963
822,39.70415486222663,9.315671827479044,0.0002026239078406291
823,39.692183419036034,9.311527365620679,1.7898533195754195e-05
824,39.66697402642502,9.29771387174757,0.00021306848015980803
825,39.63784885483428,9.282888397270014,0.00023596849294701063
826,39.60806051227539,9.267628129556371,0.00023288681398554972
827,39.58677917580038,9.258353534436125,0.00014764015509732283
828,39.57606944691096,9.25825453861662,0.00022498220575875995
829,39.5724098601597,9.26336080888064,0.00010249463254252338
830,39.554536176522745,9.252883656176396,4.414304334606356e-05
831,39.541632280355834,9.252350097783756,9.921052358754865e-05
832,39.52890431978986,9.250278643477372,0.0002207272390039827
833,39.51638369486971,9.251220014321047,0.00018071683116626432
834,39.49870532277347,9.249932649163085,0.00025823126135609257
835,39.49164472374157,9.25118108618107,0.00016429803105731943
836,39.47464317544764,9.246257674336483,0.00015101072403787393
837,39.459757972764464,9.247101042880946,0.00020532661177679606
838,39.42710890225825,9.229429457980167,0.00017523738108454306
839,39.41446210997323,9.231651723964397,0.00028652290568590214
840,39.40119167682831,9.229422109630264,0.00020184861440709028
841,39.38860952427436,9.231099121816406,0.00021414081796315593
842,39.37670261579498,9.230062462010114,8.428313725493144e-05
843,39.359911099570894,9.224656698784447,0.0002093304040236501
844,39.34710519648057,9.222184714295024,7.321384469820071e-05
845,39.340717053003516,9.228215295521881,0.0001417783777558491
846,39.32842921994057,9.230014414349187,0.00026604944377836564
847,39.31814705094332,9.228842969817991,0.0001413187298157633
848,39.31745762723962,9.236200738876185,0.00010415549512494916
849,39.30721646036991,9.236054958001908,9.496784278544907e-05
850,39.29649058024887,9.232930233636868,0.00010895903139104208
851,39.277598340991304,9.227330697839148,0.0002652624805920613
852,39.247623839650444,9.210336670281263,0.00014020092822964538
853,39.22377389619283,9.198104189402672,0.00018377736324333833
854,39.19563342023922,9.183245661887321,0.0001139752965342643
855,39.17213592306262,9.171574172544299,0.00021811434043951668
856,39.16640182530783,9.180222044549797,0.0003255874080054104
857,39.151590099351075,9.177691137074131,0.00022878490724713522
858,39.1387778590294,9.171911249882546,0.00015032425318508834
859,39.12719438955637,9.174685792209479,0.0002469613888587592
860,39.11539707992447,9.174130972013138,0.000212933073628411
861,39.10327629847605,9.172575915229029,0.0002171316774626648
862,39.08190560851088,9.16528559451601,0.00027075305563905493
863,39.06903559881252,9.159791023889206,0.0001496613405029538
864,39.0656952306246,9.168848238754963,0.00030655402278427317
865,39.06812066762263,9.18151844587159,0.00022047426610110913
866,39.057859485679,9.184852567505725,0.00022829480276591473
867,39.04818341994535,9.18569215289967,0.0002245098194157712
868,39.03198734273085,9.184700250957674,0.00020830244069230442
869,39.02848086425373,9.194191028809481,0.00028570930069615405
870,39.004938202985755,9.182403174261456,0.00023233157523009845
871,38.98972178043543,9.178946378035056,0.0001951619531868901
872,38.99304846278303,9.192224408480804,0.00026376932111279956
873,38.971163524455925,9.179887657044715,6.290506474649749e-05
874,38.95668382659962,9.17765712869215,0.00024427017659858866
875,38.93525153274146,9.171286774922507,0.0002215057804265147
876,38.92810701684304,9.174151186824048,8.593667696245259e-05
877,38.92397202294781,9.179294315551646,0.0002178184093220017
878,38.896385610815194,9.164822944923335,0.00011642725312012762
879,38.887244859149696,9.167811425285443,0.00024193650587295694
880,38.87659316761947,9.170818985332701,0.0002937611387955801
881,38.85000824443177,9.15728952305059,0.0001316053923872323
882,38.84637602389991,9.162999810403852,0.0002138118585473563
883,38.83506291076816,9.165640807730819,0.000238644318830035
884,38.81636240129065,9.15748127489184,0.00010175633882515992
885,38.79345650502118,9.149820431558261,0.00016022323729132914
886,38.79585667939331,9.161510361443069,0.00017471270292421248
887,38.771014860033134,9.147088928712112,0.00012216238830817233
888,38.77162274453267,9.158301856271445,0.0002450254946389518
889,38.76722969038061,9.160559191346547,0.00012411939876310165
890,38.757398079724794,9.162145916148965,0.00022208888699072146
891,38.74435937418796,9.16098157290625,0.00020128002678590013
892,38.72999791577165,9.158700487848098,0.0002192855497689194
893,38.709234693418715,9.148753842711535,0.00022057325437198865
894,38.70888087128521,9.153922704001623,6.0578171653607285e-05
895,38.694176312414825,9.151570743496254,0.0002449134795562989
896,38.669931242976865,9.141226283610811,0.00024371884985089127
897,38.664508630840174,9.147623985290547,0.00031224726125499375
898,38.661275894420264,9.155378987484813,0.00021351238007250302
899,38.64119570342042,9.146995315398396,0.00017638761944069198
900,38.62192505468416,9.138814846630481,7.15651184325958e-05
901,38.60900883909802,9.135177407713861,9.528166053921871e-05
902,38.60126568551296,9.13664822081878,0.00021273256242451504
903,38.588381833547245,9.135510470247416,0.00021503783862517295
904,38.578496320409805,9.13733976826139,0.0002729262717306982
905,38.56396624981568,9.132625693475282,9.900626495545346e-05
906,38.540668078200824,9.121147884807778,0.00013115684535429194
907,38.51664981555383,9.111050064881034,0.0002479846606926698
908,38.514481264518096,9.120626664845595,0.00025700905610123975
909,38.5043360918764,9.121264850732212,0.00023164623579484915
910,38.493255305092454,9.123403732452982,0.0001980759530810255
911,38.47314963884935,9.116778974929208,0.00016976086102223165
912,38.47022094727089,9.125526303469027,0.00021875566464546204
913,38.46325961734082,9.130023704723682,0.00024699067608609373
914,38.45827245329738,9.13442904433399,0.00023190182851602547
915,38.45145103982792,9.136223595887264,0.00016018934041080657
916,38.4500484403794,9.146516298815499,0.00024624308739746437
917,38.4506915424056,9.15826612440522,0.00021901075140191064
918,38.44985141153714,9.16799575932375,0.00022404542394365332
919,38.444625016461515,9.17196659821471,0.00013587038116246323
920,38.436448478650725,9.173874710687894,0.0002143141743207463
921,38.430226068872265,9.178854402269012,0.0002549349912587935
922,38.40421425287138,9.16683112563102,0.0002052604190269815
923,38.4053371930844,9.176710800051355,0.00015122208220205314
924,38.39811672201225,9.179525861515192,0.000253554627858426
925,38.390716248013184,9.182829441576205,0.00025787245364472777
926,38.383841480408854,9.188234760523306,0.00022272734824998688
927,38.38310588426489,9.199622443093398,0.0003233994922089135
928,38.367702209289774,9.197212155373647,0.0002844601495523741
929,38.34654975116082,9.187323419256913,8.11178889632228e-05
930,38.33923878267457,9.187276297937728,0.00011434869424919974
931,38.30796364415266,9.170196979347372,0.00017991993912999232
932,38.29845746449234,9.17214707226577,0.0002845118424099563
933,38.29107521138087,9.176310034899524,0.0002746199490557239
934,38.28316685259216,9.18180869871614,0.00033894883541454553
935,38.279070102711756,9.190652354107225,0.0003195065074732636
936,38.26979933916334,9.193555900286176,0.00016308041302208834
937,38.25008266443161,9.184566888386271,0.00022223649180431703
938,38.24563586254977,9.190653040575176,0.000263569566697248
939,38.23590388848597,9.188513090726444,0.00011961679508209161
940,38.230848277268436,9.193707650188276,0.00022548555007803183
941,38.22628128111049,9.197417024602968,0.00011446417874097719
942,38.21333072879073,9.197944633728914,0.00029863140579436664
943,38.21651670617381,9.208465907117656,0.00015029486401659596
944,38.20869028491109,9.215912717920734,0.0003011955397490704
945,38.20624950568521,9.223689641547798,0.00020997405892398714
946,38.18592803110841,9.214461120979532,0.0002139077221344933
947,38.18768880303931,9.227948886297494,0.00030731020424920493
948,38.17986623197134,9.23176142626048,0.00028667109207951053
949,38.16214152411596,9.226843999901877,0.00020593470538527925
950,38.16069004615577,9.236971950880296,0.00021987624963979308
951,38.14048991354698,9.229100664333926,0.00019378714897347045
952,38.12109072054682,9.221246605101504,0.0002294855863454512
953,38.1238295843967,9.234360078524698,0.0003390195040098214
954,38.113291854584475,9.232407982873083,0.0001124591007585192
955,38.080504496665796,9.214659322661173,0.0001767848511562689
956,38.06194268804164,9.207916139876563,0.0001419672847838095
957,38.05909156595857,9.215536213054188,0.000232288858881227
958,38.038254132388836,9.20531673187656,0.00016439160135276086
959,38.0254935119648,9.203881735193617,0.00020607023618191974
960,38.024983378578575,9.211503418774663,0.00012766960305445453
961,38.00625104362125,9.206023545277302,0.0001584196420017577
962,37.984812591248144,9.194189367259549,7.483278699716528e-05
963,37.97271343142352,9.191991006323596,8.929716308445075e-05
964,37.94696227436212,9.178190751201571,0.00012785953839523304
965,37.942765143768725,9.184673960657276,0.00023555721792491667
966,37.93321753185583,9.184308265864965,0.00015657037958930015
967,37.92460853762321,9.186281564713877,0.00022220436312581557
968,37.897557626737594,9.17516977147118,0.00024680544152009805
969,37.87413858670687,9.164645959058694,0.0001615162722723255
970,37.87738778406083,9.174152430916068,0.00017775715651548385
971,37.87528116055885,9.185358231591792,0.00028998934567668144
972,37.86804056035953,9.18544596597934,0.00014258328503511533
973,37.85115275621449,9.180840530727547,0.00019982225187949466
974,37.828681138403184,9.173252783699862,0.0002800967781337481
975,37.80233422875628,9.159148673762209,0.0001262454508248517
976,37.78196186376982,9.149217511162604,7.637526805125522e-05
977,37.76183790788552,9.138849550117971,9.413736465413837e-05
978,37.74622127647125,9.132799808670036,0.00024252527763563754
979,37.72693713288505,9.124177535443888,9.999968319610437e-05
980,37.7089516502773,9.11813541929054,0.00019759212010315487
981,37.70855509370327,9.12602542784266,0.00027526797838641924
982,37.68956031438978,9.119068845019653,0.00027374121144175975
983,37.67092107610347,9.115132147760283,0.0003371339242540377
984,37.64939979712368,9.10792533100926,0.00020478305876623325
985,37.65086704440738,9.116705487940418,0.00019391451208189037
986,37.642969632050864,9.122807602019394,0.0003854142744148645
987,37.635137023719714,9.124119023836665,0.0001934789000412944
988,37.608606134499084,9.109258637301915,0.00012518916938325498
989,37.57885737702359,9.096184632268459,0.00019668906563643333
990,37.55156724575857,9.082003576976081,0.000151962738913248
991,37.538853855651276,9.082134029365829,0.0002501048639937383
992,37.53787349519356,9.091703486666834,0.00024235055226548647
993,37.528049892000745,9.08856774735324,0.00016482684332091787
994,37.52011117664052,9.09350849745846,0.0003285219083933316
995,37.512802146828086,9.098461986275765,0.00023956573034137843
996,37.50221564214715,9.09739949798277,0.00012502481135927713
997,37.50341326304266,9.108281913062694,0.00020825364765044078
998,37.477466782091895,9.097476974188671,0.00017096687940910504
999,37.45048960983092,9.084628244169794,0.00018539216716498519
1000,37.426534479871265,9.071809091201638,9.738697096609285e-05
1001,37.417205839178386,9.073803636126245,0.0002676582499339595
1002,37.39511604470937,9.064519783184661,0.00012234427745131806
1003,37.37142369484012,9.054773819054162,0.00013227011346785854
1004,37.3617456213348,9.054171851600614,0.0001312780881137026
1005,37.356893035764884,9.06260326935823,0.0003597670192670305
1006,37.34205795709289,9.059963751362247,7.298258545177198e-05
1007,37.31870419161297,9.048309546636569,0.0001371268655294547
1008,37.29131803924305,9.037997286781255,0.00016975487357299174
1009,37.28773514361337,9.044934412435671,0.00030677237432064146
1010,37.259351732295904,9.031424743613075,0.0001696995381859708
1011,37.253569668609515,9.037443578907766,0.00030036226452914613
1012,37.23592120039069,9.03006037663866,0.0002106574326045479
1013,37.23717145196643,9.040561253291996,0.00023017585211540607
1014,37.23044867285727,9.043420007535726,0.00018568956698511888
1015,37.223012798161264,9.045722030000793,0.0002541893611037123
1016,37.223606489182494,9.05548828179953,0.0002149104827850397
1017,37.2064287504182,9.049283364039791,0.00016195112230330574
1018,37.19474953519919,9.046884179681589,5.971148540082881e-05
1019,37.178351211486984,9.04344655792117,0.00019731833748308774
1020,37.15527404905521,9.032316665520938,0.00010163332289429247
1021,37.13793845252445,9.029085346043681,0.00029193224434362065
1022,37.113601855138334,9.018706150954863,0.0001546856663335264
1023,37.09605283195488,9.012770653462734,0.00010523354724408153
1024,37.0854710445095,9.01152692084524,0.0003107943452603256
1025,37.07164852718744,9.009767695435542,7.623204737922513e-05
1026,37.06084544005667,9.011397079965993,0.00032203615663796594
1027,37.04953343356,9.011871183170475,5.851759553089005e-05
1028,37.03284168580318,9.007265183831079,0.0002534703017730613
1029,37.02431196081366,9.00491551977108,4.479877461957073e-05
1030,37.023523851593815,9.01389574731896,0.00021565181806182588
1031,36.998914455274054,9.002778072365622,0.00011344884205284134
1032,36.981139833678604,8.998463052937597,0.0001299300624839222
1033,36.97952627020548,9.001435652407478,7.410684087291818e-05
1034,36.954352688014,8.990339813703786,0.00013981254873169017
1035,36.92489938140172,8.976307514505118,0.00011434406817034705
1036,36.90954602463823,8.973092234921557,0.00019357579976754665
1037,36.89438267079706,8.969120604586653,0.00010291794733663361
1038,36.882987025177016,8.971373833888396,0.0003217014636199452
1039,36.875262426337045,8.972390151983012,0.00022288456091397495
1040,36.85665684017319,8.967834749918797,0.00018261349943614715
1041,36.83856969611394,8.960386668003622,9.052124989138576e-05
1042,36.823014147653765,8.958045218766134,0.00014258650227801136
1043,36.80938242330986,8.955800263202008,0.00015603581485671995
1044,36.80722460828905,8.964683171648904,0.0002345329519603834
1045,36.79855039439392,8.963228883845447,0.00013801662291957267
1046,36.79536683077174,8.969245880853183,0.0001653122844032258
1047,36.792785550885256,8.978613954905327,0.00031296097299112516
1048,36.781300877791516,8.973373066668767,3.388812752879447e-05
1049,36.773839186239435,8.97692119677859,0.00026302035935511813
1050,36.77175038225032,8.983871225063922,0.0001943266991715989
1051,36.74923910945374,8.974902121505023,0.0001622826660155791
1052,36.73443236778491,8.968217783895177,9.91685756019426e-05
1053,36.73386520621143,8.977561364688524,0.00024359677148401264
1054,36.71777461438761,8.97288692683582,0.00025910404292809523
1055,36.70991729506462,8.975881310567686,0.0002048087372307783
1056,36.68966844096891,8.967141766687778,5.851977563293896e-05
1057,36.67060460211792,8.96072123446829,0.00020867563812839498
1058,36.66339178510747,8.96017590639661,0.0001493225245436675
1059,36.65398819958916,8.959751258369158,0.00011804890194832922
1060,36.64978056431252,8.965278524207367,0.00022916380879342945
1061,36.64640235621387,8.971727044523576,0.0002478155433532487
1062,36.642712953994746,8.980156034528434,0.00028962160563672593
1063,36.642908834957524,8.988677122473058,0.00020404547955443978
1064,36.63900139731518,8.996315580551194,0.00027347641954243636
1065,36.620635357186565,8.99245114675588,0.0003016861921049483
1066,36.61565128434044,8.997187729804107,0.0002166236120717194
1067,36.61471658624995,9.005991029250357,0.0002454744755451662
1068,36.61657406651447,9.015747581462335,0.0002918842006831644
1069,36.59048218713146,9.002854198617662,0.00011834894869829597
1070,36.58972211312804,9.012924340136045,0.0002809083872689258
1071,36.58308644434304,9.013297097582685,9.945437139060021e-05
1072,36.56338304173954,9.00266262296926,0.00014579072889549108
1073,36.54592851206475,8.99516094370881,0.00010191502145959638
1074,36.546554649133945,9.00364643836452,0.00023673520841961993
1075,36.52203606320126,8.99288679347987,0.00014619623626439332
1076,36.505076269599655,8.986703433312716,0.00022400262218699772
1077,36.493961426210994,8.986281569198756,0.0003041148773566539
1078,36.478826495269594,8.983372477341216,0.00019194863834140835
1079,36.456727509543896,8.974390257833601,0.00017481356568377926
1080,36.45449865968884,8.976878215530997,8.12670364430332e-05
1081,36.44579328243125,8.978802537958002,6.826063525838549e-05
1082,36.43047319015712,8.973123129802769,7.180334267404268e-05
1083,36.42612209456109,8.977128495658283,0.00022561870100155557
1084,36.41069724727909,8.970166571935343,8.833938642243181e-05
1085,36.394414195258484,8.966653151349902,7.011134362265765e-05
1086,36.38757688988462,8.972410448471466,0.0003113521006208269
1087,36.38293158619684,8.978051522858603,0.0002791370880833341
1088,36.380796988865065,8.987948796289745,0.0003059063433242729
1089,36.37074877176226,8.98541504976884,0.00013705749975683813
1090,36.34847177281519,8.974185033493841,0.00015990927585699173
1091,36.334366318474224,8.97201636219803,0.00020377664521438463
1092,36.31545929594639,8.96320202155788,0.00015437286849312912
1093,36.2864442815713,8.948300299564858,0.00014866297176725155
1094,36.28293160300137,8.956065125421787,0.00027429825919748826
1095,36.28183316739729,8.964968406957384,0.00023040573612991092
1096,36.279532658990874,8.973109491300578,0.00024052639006207706
1097,36.26333879291095,8.971136232208197,0.00019877724566438177
1098,36.23639176450659,8.957384906223094,0.00016894704571072377
1099,36.235060660504544,8.965457093964815,0.0002743753348108142
1100,36.233706573590815,8.970188328470124,0.00022013335585774547
1101,36.22237677663864,8.968392392493381,0.00017020938643851261
1102,36.2194772972864,8.975743355068243,0.00025017877787692367
1103,36.19163895880592,8.962439819483,0.0001790754252286182
1104,36.16628533160725,8.950621708178225,0.00018411368680299668
1105,36.15793085380784,8.94885521143818,0.00016335118610668367
1106,36.157671720006434,8.957860960295418,0.0002489084689233957
1107,36.151027313024116,8.96365509982886,0.0003465233962259875
1108,36.140644865042184,8.964930805352243,7.593700694607077e-05
1109,36.139191280322784,8.974450631289763,0.00025160622369565963
1110,36.138398922055394,8.982581816995573,0.00016346764430916772
1111,36.111738981398226,8.969989046557552,0.0001627428203893113
1112,36.109892376133956,8.976740190341983,0.00021790636524341548
1113,36.08337085687802,8.962039813254002,7.958261189944817e-05
1114,36.058782326268364,8.948460337188843,0.00011015770639277764
1115,36.04057534922988,8.944443382821943,0.0001855973430462723
1116,36.02237208966646,8.936169076022384,0.00020659468624108674
1117,36.02427971350006,8.947452888126048,0.00024287963825859028
1118,36.0116354398549,8.94655577258975,0.00015172564752203557
1119,35.990333269745136,8.935917833386005,6.367110409380497e-05
1120,35.98189310342672,8.939196799628029,0.00031580428815301196
1121,35.97886421501918,8.943431670182347,0.00020742429438440116
1122,35.96381286543329,8.941394477012262,0.00015785763958246855
1123,35.951359406010056,8.939362341293695,0.00012121061556185305
1124,35.922334611107836,8.923462041302242,0.00010592665301549038
1125,35.910217697061135,8.922920701566483,0.00017137655477516729
1126,35.896175173049684,8.921852415209685,7.732712000020541e-05
1127,35.88075862920335,8.918441868398233,0.00015321034755106817
1128,35.8565575050994,8.908697735800652,0.00022454165308927437
1129,35.84031396165908,8.905757191840493,0.0002634623470438278
1130,35.83294003979898,8.903236825886585,4.1398793819766606e-05
1131,35.82847685660591,8.906074218243248,6.962633956284384e-05
1132,35.83277272037735,8.9188941457687,0.00031250943481841883
1133,35.82605995025307,8.918855159859907,0.00010617411198352317
1134,35.82390074012092,8.926863998687793,0.0002525771842935143
1135,35.822910833219225,8.935519491399148,0.0002638159853957134
1136,35.79515387047583,8.921017901400022,0.0001753812815318623
1137,35.79625307930029,8.931037060904227,0.00023583865040385565
1138,35.79533395300314,8.940107232372762,0.0002731159096228738
1139,35.79639521040255,8.94904118668371,0.000248256520074725
1140,35.78237986252404,8.948071234922715,0.00017547390159770745
1141,35.77470502678545,8.951876001512645,0.0003260037642997274
1142,35.74734090605417,8.937914789252961,0.00014279639572233692
1143,35.744313893738656,8.946813753197809,0.0003271638001034892
1144,35.736891707106906,8.95027847579864,0.0002676483913779522
1145,35.724317376754165,8.950382749428206,0.00021882350909629338
1146,35.697426757532156,8.939060850370177,0.0002146478509660039
1147,35.686049731069005,8.93996906182897,0.0002185767338729427
1148,35.69090684036573,8.952163728363333,0.00024185954000667837
1149,35.66768004024045,8.943521844680497,0.000202874613976457
1150,35.66175233499556,8.943339712883095,6.770226236474744e-05
1151,35.66217695004159,8.950489560521417,0.00015038113916968546
1152,35.64304892431859,8.943163557009884,0.00024429389324665066
1153,35.61677702367346,8.929294099812541,0.00011043224344672148
1154,35.61601289581713,8.937148765904793,0.0003135002380378755
1155,35.61504121540855,8.944278058420977,0.00015419350286992464
1156,35.58500426181145,8.928137025485958,0.00013756044246641328
1157,35.55956985196198,8.916077528285406,0.00015339854088533184
1158,35.55347636684409,8.91837318851232,0.00011069526963964934
1159,35.540144500828944,8.915737809657445,0.00020549548707199527
1160,35.540131276385154,8.926170101859684,0.00023407337116024786
1161,35.54136885430644,8.936709036353573,0.0002753102955350305
1162,35.52916719402817,8.933470565493298,9.575379273882793e-05
1163,35.53034409797375,8.94423751872709,0.00029215487140764394
1164,35.506280955921795,8.932535090622768,0.0001461255885615423
1165,35.495589849883316,8.929814770510882,0.00012756717157822497
1166,35.49672971655982,8.93880557591095,0.00023887363615200004
1167,35.49186535445096,8.94476760594378,0.00035945122767064405
1168,35.4688453534427,8.933555134236938,0.00014251389006670449
1169,35.46382172795466,8.939509796920252,0.00026519992826901177
1170,35.46604470864071,8.949806437791135,0.0002651401741959814
1171,35.469119264816385,8.962277463699584,0.00025236959390201075
1172,35.46842444985655,8.970933920771024,0.00031140773578195813
1173,35.44626117302009,8.960008577441691,0.0001394109158748573
1174,35.42994592824965,8.955307692563114,0.00019588208443025527
1175,35.430242505804934,8.966618461345051,0.00031559327338305775
1176,35.42548897598487,8.972788796443817,0.00030190368499236243
1177,35.42990011607176,8.986296442708115,0.00029538209885364663
1178,35.403790740626484,8.973506276587402,0.0002343974535748765
1179,35.390426169843025,8.972027603008494,0.00018516121449492652
1180,35.38724789965685,8.97763067307377,0.0002150814718490481
1181,35.35959094737096,8.963593702630403,0.00014839897667229325
1182,35.35229691280883,8.965455451412826,0.00021304652896799375
1183,35.326711372469404,8.95476268158146,0.00018394268474868607
1184,35.32873065540344,8.967364948884155,0.000277060033167324
1185,35.30849531160214,8.959591864714943,0.00017542058230029712
1186,35.28646195458625,8.94751091000741,0.00017474034227721677
1187,35.270871462783084,8.940246633828336,0.00010363298841285712
1188,35.25876017310521,8.940198741732903,0.00023539369704214834
1189,35.250783752293096,8.940626442099383,0.00017374204827878275
1190,35.245909402849016,8.946725737363682,0.00033094321123854103
1191,35.2265270476128,8.940043815082305,0.00022605109651816416
1192,35.213550402739315,8.936380438715858,7.416484553694488e-05
1193,35.21519168267717,8.947340152992798,0.0002707399954028515
1194,35.215100309318856,8.953056720630148,0.0002449504346806033
1195,35.21437300176485,8.961751732977536,0.0002497670945937368
1196,35.1946802124377,8.951570585674693,0.00022806770171908517
1197,35.18599744779438,8.954747095182707,0.000201912143997323
1198,35.17846984417708,8.954517492911272,0.00016377468184615123
1199,35.16327081312021,8.951537147267578,8.016260877764042e-05
1200,35.15060662458213,8.949622137985541,0.00023161183660294038
1201,35.142323263874104,8.95098837730246,0.0002597039253678074
1202,35.143780775899764,8.96057287764382,0.00023338075993303029
1203,35.13337086099163,8.960101794853621,0.0001599952274080791
1204,35.113968250136345,8.950174682275932,0.00013616805259469958
1205,35.0973843617052,8.942878135978455,0.0001823754307529062
1206,35.09229900003216,8.94757663500933,0.00035307288346879515
1207,35.093690520288604,8.959233539599994,0.0002816608642255143
1208,35.08451726989158,8.960527055172093,0.0002922849192354885
1209,35.08241609740025,8.962991442735419,6.372405580533518e-05
1210,35.086579148244425,8.976853847176974,0.00026409695161529314
1211,35.06874855792476,8.970276993255391,0.0001875930818460749
1212,35.048142208730816,8.961284165958535,0.00014666469156806943
1213,35.05572707995531,8.976804575177129,0.00028322463854196507
1214,35.03469221908273,8.968352643265193,0.000235092791595331
1215,35.030893335354094,8.971984392064686,0.00029028937201396
1216,35.0286797863938,8.978357839496375,0.00021726567088165707
1217,35.00372801273801,8.964698740603263,0.00011289778554077593
1218,34.9854712168675,8.957348679712544,0.0002055753077522272
1219,34.95994862883114,8.944729242673521,0.00012323619686311144
1220,34.947566890639415,8.943434847403562,0.00019741245391603196
1221,34.93930624521761,8.944099570403756,0.00019140636248315079
1222,34.920816776662626,8.936914923256719,0.00021096212533597766
1223,34.911838148162936,8.936970435825328,0.00021062091082228024
1224,34.89753637535321,8.930045772872845,4.5006161302702765e-05
1225,34.87103598557404,8.917882584772848,0.00012490626949491533
1226,34.852704711267485,8.910867958548685,0.00021938995043924273
1227,34.82386667240554,8.896329159369811,0.00016718997335507743
1228,34.82026823974003,8.900294076262991,0.00017851616186758431
1229,34.797134355022024,8.889541666915912,0.00018102724794285323
1230,34.77569860882863,8.880043522758209,0.00026425119569779067
1231,34.75657548227297,8.874738257412869,0.000229779708531229
1232,34.73807174804154,8.868264530882353,0.0002225144913617479
1233,34.72966014687232,8.870274752508136,0.0002646658741032457
1234,34.71418076937209,8.864497387370392,0.0001969751167935876
1235,34.717531250440096,8.876626432352678,0.00028522778232661407
1236,34.71613174964025,8.887040585606988,0.0003296826156590903
1237,34.69583825524995,8.876133075893913,0.00017037327629794858
1238,34.700258328674494,8.888307495345916,0.0003129419482053598
1239,34.67238491517599,8.876133558904261,0.0002573558481536051
1240,34.65321642054694,8.866093518640488,0.0001083447767983115
1241,34.648693348552115,8.869944157226122,0.0002511535423709024
1242,34.64633030611234,8.875185081355966,0.0001751060219144121
1243,34.63666003445443,8.876320188165561,0.0002059384686939418
1244,34.60999415294479,8.865048449176259,0.00020200001435207194
1245,34.601954863419856,8.864912267849947,0.00020743917862376827
1246,34.605121459223156,8.876040977265589,0.00024125595087186931
1247,34.58504903167438,8.868286587999894,0.00016133242298632344
1248,34.5874182426568,8.87927812326587,0.000224000207645559
1249,34.58353411035147,8.886372005819199,0.0003072414716411197
1250,34.582624123931964,8.89270867398385,0.0001987952738773466
1251,34.58285572559399,8.897619030333345,0.00020429035398686975
1252,34.56473070575184,8.888513017323653,4.188396376013203e-05
1253,34.55284547138696,8.887989301950126,0.00020826713003452025
1254,34.55445818504541,8.89857001579844,0.0002571897411361605
1255,34.549692086117474,8.904902264887435,0.00031680090433819895
1256,34.549756460722946,8.914815484612644,0.0003344129668935303
1257,34.54201756505839,8.919043777617565,0.00028095522992782824
1258,34.540810351544074,8.926771021862628,0.0002783144049979438
1259,34.53979504960225,8.932647751329483,0.000277583217953671
1260,34.51575527761341,8.921602241722645,0.0001795909144197479
1261,34.51428032208678,8.92939628110906,0.00024132675367865766
1262,34.50695002028681,8.929117747041145,0.000212907077218233
1263,34.487363979821474,8.918841123695458,0.00012660115171378938
1264,34.47524532581978,8.916503360332234,0.0001259469896709577
1265,34.468387740296784,8.917736588433913,0.00014431450661006235
1266,34.46350026864801,8.918353447338557,0.00018125266980979245
1267,34.464868504540526,8.929589844947502,0.0003515379195465126
1268,34.47107669457137,8.942621761670601,0.00029919546501833903
1269,34.45822428228102,8.941776544084862,1.9060214792521518e-05
1270,34.438434572019794,8.93306155382816,0.0001351220680529679
1271,34.42255088980968,8.927104250803428,0.0002967808480083741
1272,34.405879664262486,8.922647292799429,0.00026250912028140313
1273,34.383873103989075,8.914235125097512,0.00016884461327134514
1274,34.38683111182202,8.924741012674097,0.00021725625830972464
1275,34.38020953370135,8.927073578651312,0.00026465807191095215
1276,34.3880044329373,8.941426878574383,0.00026408032215240824
1277,34.39028588068094,8.95365344135929,0.0003028573840686872
1278,34.394562977660634,8.968048954246193,0.0002495882729266862
1279,34.38826529180528,8.973907472611712,0.0002170312924931038
1280,34.36590068205254,8.964585159175277,0.00024661362044177415
1281,34.36341425529924,8.972128551378761,0.00025207768878581573
1282,34.35021368661366,8.97044378351843,0.00017875746529915604
1283,34.359069026170445,8.987187511728639,0.00029015116781103026
1284,34.357639708005884,8.993881423637543,0.0003549166451135908
1285,34.363589863016706,9.00756030098011,0.00027022895731677784
1286,34.341799462406655,8.996928577422596,0.00027577028309470295
1287,34.32196039095772,8.986289333191372,3.958535233519834e-05
1288,34.31813621581406,8.99421284898377,0.0004066651933864896
1289,34.29476388251354,8.979682861083715,0.00014601514900849865
1290,34.29593725732644,8.989411050750698,0.00022806047313085926
1291,34.29477983082647,8.998048678102894,0.0003114592771749192
1292,34.27635526944957,8.989450531201534,0.0002618083313270765
1293,34.25435348825958,8.979107357766871,0.00016924040662505524
1294,34.235547096139406,8.971530174285208,0.00016600346538134166
1295,34.23803282469602,8.981795059012804,0.0002737060412344987
1296,34.23016166687195,8.985225042683929,0.00027487151931831463
1297,34.23355581676085,8.997745972379116,0.0003135500509159463
1298,34.203636543628186,8.981822036352055,0.00010520614243808986
1299,34.19263127657595,8.982204016058743,4.8148830139936325e-05
1300,34.16137139372916,8.963416472370676,9.1457133920942e-05
1301,34.15314047940613,8.964197916750221,0.00023803031178676185
1302,34.158039568201936,8.977440393491054,0.0003015571161025247
1303,34.13631208655867,8.968008916531202,0.0001434917578851388
1304,34.110846289950686,8.957214020190406,0.00016840831461174867
1305,34.10323572291021,8.9621960369892,7.601422780046178e-05
1306,34.08563872353734,8.955978247641063,0.00023389260198234408
1307,34.09261504196926,8.971164144444556,0.0002717238500107064
1308,34.06817182248041,8.95819278940678,9.232698592616297e-05
1309,34.0511260087105,8.952225964780656,0.0001612894661778632
1310,34.052854480567994,8.962100608968594,0.00025508301886192463
1311,34.058927187991976,8.976640141511409,0.00038660061446025055
1312,34.04012073114369,8.967897834331078,5.9922896186164314e-05
1313,34.022777005306814,8.961482169401497,0.00024581807569361037
1314,34.02180457315414,8.97039038167602,0.0002663176661688167
1315,33.995869430779365,8.955515032062353,0.0001500736317685485
1316,33.97280087091807,8.943940655763193,6.134530229272882e-05
1317,33.95568958759191,8.9352752297973,0.0001993548797725678
1318,33.956845502204125,8.943385552042313,0.00028342804272307715
1319,33.9232866610959,8.923523863106421,0.00011786124906067263
1320,33.91605383293546,8.92214510206255,0.00017552457355836474
1321,33.91509793616266,8.928869913795966,0.00017160745393122589
1322,33.91990862801163,8.937186494376975,0.00023231627077534246
1323,33.92327653695525,8.948418481491675,0.00026692068868043313
1324,33.89685244962367,8.93572701903063,0.0001624245637700096
1325,33.89783965359996,8.94414207674255,0.00038950215579185355
1326,33.86711039477771,8.927206598861641,0.00019217432673429108
1327,33.83322507436197,8.908436117594704,0.00019004075453145315
1328,33.80027588529596,8.890295334454963,0.00018543771094096373
1329,33.803038840588954,8.901311794134191,0.0002960114745066719
1330,33.790280162644905,8.89789225907236,0.00012349918607943138
1331,33.77307609315192,8.89071669841892,0.00016903494502823954
1332,33.75605797792569,8.885441986390308,0.0001458945544275513
1333,33.74886197784479,8.888287697317239,0.0002136178088110937
1334,33.737169565931644,8.884134629949855,0.0001310284895651241
1335,33.70638602086852,8.8675815553678,0.00019890890784268625
1336,33.703920269877244,8.875027079530424,0.00030176815554635797
1337,33.70860583353669,8.887374544065493,0.00022650878717765037
1338,33.70952840779871,8.896935585604691,0.0003391457728446327
1339,33.6935317252788,8.893433728864894,7.77316190093485e-05
1340,33.70134083110596,8.908670470480095,0.00026317927691679857
1341,33.68271264188913,8.902251641715544,0.00016704776237050402
1342,33.66462645907599,8.894106299783308,0.00028652090409791314
1343,33.66891287761289,8.907078404507486,0.00033346999025135165
1344,33.63970909289044,8.891488547200325,9.173793619034375e-05
1345,33.62028703722109,8.883723336158887,0.0002446096713236778
1346,33.59953952597405,8.872698303466521,0.00013284980343754502
1347,33.60112760106147,8.883662853378807,0.00026845354161801475
1348,33.5739903809463,8.867338234007331,0.00011061502150966345
1349,33.54629608797856,8.852838141152029,0.0001605180465649009
1350,33.5510971948428,8.863621125595387,0.00028813836290174653
1351,33.52408028773755,8.84738236212385,0.0001685478529025862
1352,33.5080616715025,8.843032895921475,0.0002652858548362821
1353,33.478582378181976,8.827458315618355,0.00015325212648035287
1354,33.45880663481958,8.816764790980844,0.00012907642284080178
1355,33.46010387830062,8.824819316902191,0.00020637655126583298
1356,33.46475987913249,8.837913911446122,0.00032034962630290634
1357,33.46408282805283,8.846711877593627,0.00030357205080172497
1358,33.46601638029367,8.859125307418354,0.00031989724158733995
1359,33.46451182469832,8.867647629767841,0.00027902726562660404
1360,33.45162484394245,8.86507992594398,0.00012228360344977365
1361,33.45293870298659,8.876716150478634,0.0002761406580994393
1362,33.443919337520725,8.879416044518504,0.000301885641456602
1363,33.4278749998477,8.872066229014907,0.0003160459023101948
1364,33.41274783775338,8.866016251791592,0.0001625118843789401
1365,33.40373233778812,8.870344858754477,7.252122829457604e-05
1366,33.394044123275776,8.870171349386258,0.00020725541683717526
1367,33.388644716253175,8.874638787602699,0.000285216243080983
1368,33.36521322732777,8.862820233221518,0.00010006276194515513
1369,33.3388495809263,8.84930252999072,0.00018200757044190902
1370,33.32439990149925,8.845755856324189,0.0002465192955550201
1371,33.323485427280644,8.854528817319983,0.00026749585630497476
1372,33.32541186103422,8.86766311199251,0.00032099859405235957
1373,33.30906288882893,8.861784606301292,0.00012771488311732356
1374,33.3052755114278,8.867539776336642,0.00023363025759454896
1375,33.27970152142129,8.85566538324988,0.00019203687336364004
1376,33.26600835406125,8.854547120003843,1.8376367804406748e-05
1377,33.251904966630406,8.85410899853234,7.329945097653284e-05
1378,33.24633972552391,8.854420048354957,0.00015876294779375581
1379,33.25228810076792,8.86911484719103,0.0002885811494130642
1380,33.245625988571824,8.869159590193053,8.727539386030997e-05
1381,33.251326356324505,8.884332664199016,0.00031020340276249306
1382,33.234922875258675,8.8760030812386,0.00017417482224107276
1383,33.21985778484197,8.874342880282354,0.00023088737124170693
1384,33.21476051583824,8.875916585400512,0.00017651904557351304
1385,33.21548464734148,8.885488728629054,0.0003125621601687146
1386,33.21044372421993,8.88917519069206,0.00032181308219701537
1387,33.20504136813232,8.889438754633407,0.00013312864954696346
1388,33.20622445772359,8.89950001682195,0.0003138926494632554
1389,33.189993295253615,8.89351129074796,0.00017387566005923433
1390,33.185373645846866,8.898897832780191,0.00027719899568983444
1391,33.15184771056116,8.879627725177011,0.00018231732882255028
1392,33.147000228817326,8.88464875980984,0.00023309335616911368
1393,33.13333184356396,8.87898511346655,0.00027965875104038934
1394,33.12093482898456,8.878626236978675,0.0002525090996317632
1395,33.12208154825687,8.886901986875872,0.00030166662400901955
1396,33.09063473515588,8.869573504996389,8.200192101426295e-05
1397,33.079054116647384,8.867225733726086,0.00010888958710755285
1398,33.06011153384648,8.85828020194975,6.344634847224333e-05
1399,33.02684167425788,8.83966097554771,0.0001759685965796377
1400,33.01063494161754,8.83374645836624,0.0001109694636264841
1401,33.01624592532617,8.845235375717442,0.0002701417467795147
1402,33.02420050655326,8.861142194166458,0.00032949201183625
1403,33.00756090051137,8.855956616861848,0.00022534458635118727
1404,33.007226767706854,8.866887992926126,0.00033258713370566147
1405,32.99814402767078,8.866534611241486,0.00019394202000988641
1406,32.99359846666113,8.871514971686443,0.00022870812143729272
1407,33.00392504424027,8.889987236283266,0.00024604308019898465
1408,33.00026920204419,8.89495907788114,0.0001833151328368134
1409,32.99362532069129,8.899886374394447,0.0004307205077375411
1410,33.000031614098035,8.913031922533532,0.0002483688655031025
1411,32.986750336571795,8.909611002485677,0.00012141750761494265
1412,32.998737152509044,8.927880426463709,0.0003207565658243271
1413,32.98325471840356,8.918793467981759,0.00019201694192748155
1414,32.98052301858328,8.9237989432394,0.00027898694382827633
1415,32.96005491305632,8.91479167794396,0.00013848957584968477
1416,32.94473708386318,8.910769107026772,0.00015050809107970296
1417,32.95005187154433,8.924795250981923,0.0003707666085307519
1418,32.930608735483055,8.914285448806769,7.601239749352586e-05
1419,32.92988119201647,8.921882625366434,0.0003712483165295836
1420,32.90694707116682,8.909919897304512,0.0001743367220236949
1421,32.918237917218356,8.928626031955806,0.0002803124977271426
1422,32.905123153815985,8.928534229947495,2.078160817287126e-05
1423,32.89072905396756,8.926704677072339,0.000280389288162254
1424,32.87654926908106,8.925298976209096,7.921240796526408e-05
1425,32.8400565451006,8.90422543967729,0.00011788883370767803
1426,32.81322446339363,8.889562802833519,0.00021778298579982146
1427,32.81610578987914,8.899607697332852,0.00029336383845348046
1428,32.788407859117335,8.886244735875648,0.00011681675837994127
1429,32.77415046086602,8.881611300745716,0.00014243258120984952
1430,32.7751528012048,8.892010904362458,0.00025186595763638343
1431,32.75639484218372,8.883357627954226,0.0003142535895101023
1432,32.75544896573075,8.888481141810413,0.000270828372794296
1433,32.75550276296713,8.898020371998662,0.0003714728091312965
1434,32.74961537689255,8.901330861524798,0.00031953508015880556
1435,32.75652744655471,8.916306024790355,0.00034828114290212024
1436,32.76764438599539,8.934609704443158,0.00029235799252404763
1437,32.766387595541815,8.941780478565876,0.00025317383409202454
1438,32.74943317113021,8.932855712198723,0.00022380670197257534
1439,32.7470184379174,8.938805926851563,0.00029867855080948594
1440,32.724474264858316,8.92966180737296,0.0001667787008986839
1441,32.72979795702723,8.944239444390824,0.0003143670855746719
1442,32.735159809533975,8.95626943507579,0.00039261067281540934
1443,32.723534235027756,8.955267705941194,0.00021285858631331147
1444,32.701008905258135,8.942034183154966,0.00013865502398201628
1445,32.69048068920167,8.943444273232684,0.0003345136676051713
1446,32.69272677818654,8.954323710671984,0.0002857397613536438
1447,32.69821142106863,8.96866485942053,0.0003030450615088496
1448,32.70103568318889,8.977896896741612,0.0003572216511507428
1449,32.67745683472163,8.966804346758654,0.00023219440506313437
1450,32.662997147355306,8.961464091259032,0.00026586488512945724
1451,32.65951970657033,8.968191026437994,0.00028751761995740414
1452,32.64872601925459,8.964144174592533,0.00035782818785620317
1453,32.647772584898085,8.972604333545197,0.00034555600331505934
1454,32.65123136754345,8.983565087040889,0.00023554525951030076
1455,32.62711232412166,8.970260169968643,8.972943015346674e-05
1456,32.61915707082065,8.973947990241314,0.00039481827116406176
1457,32.62717524931835,8.987148361270618,0.0002969549379491902
1458,32.6334251542124,9.000968732673465,0.0003298680602017778
1459,32.63947280560131,9.01320214119445,0.00032531300095418295
1460,32.62757557088152,9.01292841612902,0.00018969360112284066
1461,32.63384929471327,9.026732419861439,0.00036316104337432483
1462,32.603557802678374,9.009636747071259,0.00014486653836848839
1463,32.57233596845658,8.993318171405441,0.000194306177199847
1464,32.54574393461564,8.978306674436393,9.962162222522825e-05
1465,32.518334461142835,8.961998098353165,0.00011057752464382153
1466,32.52162752951594,8.972706733269202,0.00026186944201087785
1467,32.49598124315607,8.958799890719563,0.00017061042547573255
1468,32.50047785849643,8.970680233341511,0.0004537363379178775
1469,32.467424540796664,8.953740552251245,0.00012197028001853723
1470,32.43250783658754,8.93330052125545,0.00011175856353227408
1471,32.434752938164564,8.941704041758383,0.0003154919670018009
1472,32.43778055573476,8.952799405513748,0.0003439751798816891
1473,32.427892778449326,8.953111948102055,0.00021672615486297727
1474,32.43244841564591,8.966311654165905,0.00035690422716336934
1475,32.39985621664123,8.948666524605573,0.00015201063926102042
1476,32.38489560829721,8.94677734977452,7.667049487430493e-05
1477,32.37143577046995,8.945140149325077,0.0002673708482725468
1478,32.381706489508375,8.962643191314768,0.0002962027069125466
1479,32.34144464376117,8.938980009576607,0.00011542426927860375
1480,32.32609479282063,8.935095557659265,0.000203228380593765
1481,32.29555715444558,8.919379600576821,0.00014265100585941808
1482,32.287314214349486,8.919321847438326,8.599103221320046e-05
1483,32.26257028539881,8.906866761913944,0.00032304063356761295
1484,32.24837438107532,8.901490820346675,0.00017216011983768684
1485,32.25445610655084,8.917556152346604,0.00030943617876863115
1486,32.24618669734653,8.923115282260202,5.9080964396872606e-05
1487,32.253573995298545,8.940026146690958,0.00038739166492994553
1488,32.23260563649621,8.930994357341165,0.00021306200986761034
1489,32.223824678831946,8.931859304920737,0.00022977950300651198
1490,32.23286679298692,8.946309741628957,0.000296827485046306
1491,32.20998184547834,8.935462136086986,0.0001529425311359018
1492,32.21711281096601,8.952342390144029,0.00029148298292333504
1493,32.21938393529991,8.965426227619021,0.0001943786007424279
1494,32.20768197554351,8.962142012779177,0.0001690752165491346
1495,32.17731507067961,8.944741419113829,5.501884698361851e-05
1496,32.1618822674128,8.94127277006866,0.00021851396558333994
1497,32.17511732610539,8.961269167996155,0.0003006727925182764
1498,32.169131050777914,8.963174716664465,0.0002687158481327832
1499,32.16995206174565,8.969841421766759,0.0004088494583203919
1500,32.15841436151032,8.966494228340991,0.0001951057894510091
1501,32.13169836025112,8.951733648124566,0.00013652107923870795
1502,32.14546847243115,8.973119400380861,0.00030838765870414865
1503,32.11902378261817,8.961313974138141,0.00018193392492655728
1504,32.08232984475654,8.93888433327986,0.00017275978368795817
1505,32.07339556544783,8.93822640837781,0.0002697754106115665
1506,32.061988357077425,8.9382032922306,0.00020139212706047214
1507,32.031546121116996,8.923625991407429,0.00010755619748432487
1508,32.03860512130535,8.939104691765973,0.0003478356611074998
1509,32.04385946313114,8.954466814238316,0.00036801994004129597
1510,32.04850381884547,8.965686656844994,0.00024989604451643925
1511,32.04318408832377,8.971931918336944,0.00022029253063571503
1512,32.02620542723456,8.964108326186231,0.00019191148921266155
1513,32.00136867423705,8.950611576404464,9.238307405198797e-05
1514,31.99748516634266,8.95622003382163,0.00022940233921447145
1515,31.99149079495642,8.958916591215392,0.00040139610676459753
1516,31.961490286112642,8.939789496947622,8.199452668482856e-05
1517,31.93636319175677,8.924882480450945,0.00015417812976016918
1518,31.945179910286864,8.942697714463769,0.00033955992385757076
1519,31.919661656846152,8.928986047690039,8.037054757397853e-05
1520,31.917498320907256,8.934335283929594,0.0003082873729721328
1521,31.904403846655317,8.930271491765872,0.0002617971812667198
1522,31.878123132079796,8.915462045131447,6.333346280014666e-05
1523,31.87461680379417,8.923223960100152,0.00014544953722058477
1524,31.850068761585103,8.906895811067736,0.00012082493515854027
1525,31.816024735729954,8.8857102409958,0.000134445077010344
1526,31.827800261341537,8.904677715353655,0.0003266848613178873
1527,31.81190552320052,8.896231799436142,3.5580909835335214e-05
1528,31.799051748396867,8.897181112579531,0.00021744972606904537
1529,31.794705418092327,8.903243431708788,0.00031237184967104943
1530,31.779269401051305,8.903269251340246,0.00026193912764097156
1531,31.76300925620913,8.896194590150845,0.00021738172492387743
1532,31.777408150274553,8.91806580324008,0.00028543746968062467
1533,31.787472334213852,8.936779869460711,0.00039031428090013904
1534,31.792304960565673,8.947558381715366,0.0002505530169148416
1535,31.783016124164128,8.947951722365946,0.00015001852579617195
1536,31.75580759589701,8.935375938125796,6.255443644715169e-05
1537,31.75222223659789,8.942333456441686,0.00024499823912804697
1538,31.759478180530202,8.96033689579667,0.0003790064503001021
1539,31.73666644244939,8.951729554191983,0.000200198634155288
1540,31.750738164177626,8.974020764658311,0.000370321494294225
1541,31.71948606001154,8.956297739336968,8.732046982246514e-05
1542,31.693308855581993,8.944246454818082,0.00016765369281460706
1543,31.670160157370866,8.929760529728924,0.00010157371328360595
1544,31.663308610975562,8.930636805420471,0.00028160477156994256
1545,31.626649305923618,8.907604632807802,0.00011896243982194495
1546,31.63748567586386,8.922764081758594,0.00025772230267482563
1547,31.644207436162656,8.935487350476386,0.00030972935210264404
1548,31.62025667297462,8.922819676964327,6.796437512050949e-05
1549,31.607120146306492,8.915244885537282,1.1350054727475139e-05
1550,31.596245635671885,8.916421792106561,0.00015544592366329205
1551,31.59618547460479,8.923469705480327,0.0004016359352839428
1552,31.6097182371913,8.945474995790027,0.0003943273999689119
1553,31.577984645735143,8.931419509071091,0.00012072136040862052
1554,31.557670454654406,8.919357105080888,0.0002850085298243656
1555,31.572266526803972,8.94123485664234,0.00037134449275120135
1556,31.567441383045566,8.94486075528289,0.0004000874454494588
1557,31.551472828312182,8.939548532087791,0.00010528011070880174
1558,31.55432304449364,8.949135554137227,0.0003998067923486189
1559,31.566360098904017,8.967690442764724,0.00042671582990319823
1560,31.559990326755624,8.96833261370326,0.00029754577145146757
1561,31.561304972883626,8.975677180727569,0.0002656009001867222
1562,31.559257552694305,8.984056826930102,0.0002417404615957526
1563,31.5637665420384,8.993962668850227,0.00039991702521706467
1564,31.543341763254233,8.986415309385167,0.00015512132182673083
1565,31.536340005091564,8.985122619481798,0.00022391199386744733
1566,31.519821077419227,8.976094846992863,0.00012363312125093835
1567,31.53326879122837,8.996265309018701,0.00039808707495023063
1568,31.528505335626566,8.998780387101268,0.00018220200881082657
1569,31.52752656734104,9.005634095653924,0.0001231368610847438
1570,31.518622325318834,9.0044355816247,9.448938358790587e-05
1571,31.491325717699254,8.989425240209375,0.00021635543054309458
1572,31.48450268311237,8.990648263538082,0.00042271347785438477
1573,31.489480052499935,9.002272049726276,0.00014168952107369436
1574,31.453530530581375,8.979792097428614,0.00016391723347789695
1575,31.423861906603797,8.962931745051424,0.0002867655295106895
1576,31.384923034761286,8.937448860686093,0.0001454933662142218
1577,31.38332829721115,8.943246000317883,0.0003112091068168493
1578,31.386961358277407,8.952485957705125,0.00026911235530665514
1579,31.382038618497432,8.954946523530714,0.00017421818414462
1580,31.390121487278357,8.96888704346011,0.00033652891445699505
1581,31.377542944524535,8.963042784576162,0.00035531611058346464
1582,31.362611274179002,8.956992644292864,0.0002311470025067509
1583,31.34776276003428,8.948466717351542,0.00018632378508802572
1584,31.355545125577546,8.96343419509005,0.0003951184455927833
1585,31.320743149891943,8.941656960865402,0.00015811445914468652
1586,31.290486910021595,8.92682571981585,0.00011659881156691774
1587,31.278051395119295,8.927866721835018,1.835013855629487e-05
1588,31.262360806321833,8.921372655446644,0.0001825693399963133
1589,31.25102549162118,8.920454950795756,0.00027587181150344004
1590,31.230601929951003,8.9111328440459,0.00017706483020749208
1591,31.20427215968646,8.898750007753051,0.0001778119526463442
1592,31.19392503653069,8.899464003831367,0.00026155348347173127
1593,31.171466062039343,8.888454985675812,0.0003730487215877046
1594,31.1586284484503,8.883722037562851,0.0002184402867944228
1595,31.14794748036788,8.880784955148249,0.00011948452906501116
1596,31.155049621303828,8.898396025463482,0.0003827326453842439
1597,31.159649656249485,8.913369210033329,0.00038892389852347297
1598,31.167815819149535,8.927637899145626,0.000342348023144805
1599,31.167496493329168,8.935039416363022,0.0004452725731012181
1600,31.157649679935815,8.936332647492835,0.0002729065636268111
1601,31.149293845257716,8.940344545957325,0.000317149192677197
1602,31.162683674276966,8.962223004323448,0.00036534640527337715
1603,31.158728039820595,8.965151084813181,0.0002757834969386367
1604,31.13338716787315,8.953862473601895,0.0001819028937360446
1605,31.1189641271805,8.95005745457739,0.00018939269549236843
1606,31.116443989009714,8.95913534074163,0.00023845305429695342
1607,31.105640875183866,8.955395158672147,0.00014994069925887115
1608,31.071810816535855,8.933049797557073,0.0001037346653549347
1609,31.03518086533805,8.911462861508026,0.0002050830974819993
1610,31.013960369489794,8.899716636528701,0.00020728640813479126
1611,30.99147273972876,8.89321067694255,0.00019710233754850396
1612,30.98542818059441,8.900140589366385,0.0003204788812675266
1613,30.98270229231059,8.904757436404957,0.00039718801735103584
1614,30.994457853052253,8.924099113146696,0.00031083186562734386
1615,30.9926370208776,8.932044423747707,0.000274010909935941
1616,31.00401476623478,8.952441268130555,0.0003669405561514829
1617,30.99774720367578,8.957357648812367,0.00021478824497396106
1618,30.967139587395803,8.938145929731798,0.00014157802732413496
1619,30.955535623530388,8.93496556700971,0.00023485727533166715
1620,30.96512243326661,8.954609156949385,0.00037348623811729435
1621,30.959113498648946,8.957222596964836,0.0003587616430039106
1622,30.96189580162738,8.972860390074027,0.0001915455331500929
1623,30.927791715021712,8.952389399458243,0.00025147120757127724
1624,30.92479810960642,8.957736711953684,0.0003043027324592922
1625,30.92790039443601,8.967395349360629,0.0003535067568658088
1626,30.901311303921194,8.94823049234436,0.00014227469806856447
1627,30.893079967039128,8.94954081678369,0.00021752285969730355
1628,30.882343049602206,8.943561688760587,0.00032071928881622936
1629,30.87591396842204,8.95061689901721,0.0003235308151487775
1630,30.867741247919767,8.949361404210272,0.0003268222150199261
1631,30.856270491891028,8.943999599623957,0.00019267407980639464
1632,30.85529581900089,8.94781729853267,0.00028535550838331336
1633,30.851393719894546,8.948342016345316,0.0003096007827214689
1634,30.840981395793758,8.948428803579596,0.00013993578042252562
1635,30.845030935577235,8.959775199004476,0.0003134173885013177
1636,30.858787162869444,8.983301169161491,0.0004250370456526526
1637,30.872142034919392,9.00594304728332,0.0003963788043005358
1638,30.87435347828285,9.017596390391313,0.00025064500794285923
1639,30.85287676304572,9.009162100381712,6.117274475449949e-05
1640,30.84824769585445,9.012151623465398,0.00026284895248321837
1641,30.829266416680884,9.001923676434787,0.00011306194145098096
1642,30.7956763344,8.979881656127096,8.965111425928377e-05
1643,30.76155139264868,8.957295831270097,7.794239000306048e-05
1644,30.736968413828766,8.94270386681082,0.0001140324819168152
1645,30.718661683032398,8.936743059219694,0.0001490260786252586
1646,30.682309303812158,8.913997938262776,0.00016445607044838345
1647,30.693838128021135,8.934645805939793,0.00027762422793184383
1648,30.692496437696292,8.943810056382016,0.0003612393626766057
1649,30.68617415073494,8.944131843555626,0.00039275536084852305
1650,30.690104064788386,8.958954820174476,0.0002509530130347951
1651,30.65714535235024,8.940499302706039,0.0002583253487728362
1652,30.673159889477702,8.962406654515437,0.00040714109133682767
1653,30.648193809789984,8.945778041945317,0.00023880520524477156
1654,30.633803806392596,8.938105058325455,0.00012283627936626618
1655,30.61373930103535,8.928045341296757,0.00018438953754237856
1656,30.60851276141221,8.92860979903569,0.00011570437780233907
1657,30.599905010660123,8.927503328313247,0.0003654569589406255
1658,30.57319203648296,8.911294931475984,5.5056149187439084e-05
1659,30.575164105026953,8.918439409350475,0.000375731450527084
1660,30.540282725545623,8.89797212011794,0.00010782672022601938
1661,30.51804462069303,8.886400490605453,0.0002747106534133317
1662,30.505971533349555,8.880903182487215,0.00020345185989160814
1663,30.50514050404889,8.885337815020199,0.00029946369444091805
1664,30.489411629721197,8.878036675311696,0.0002487792888647528
1665,30.502628151484252,8.899027906723605,0.0002887940951454466
1666,30.481844191414837,8.885970896483062,0.00013984589173749327
1667,30.460218006619314,8.87927138089563,0.00021249475715472347
1668,30.458175508744464,8.88272515904428,0.00027927350779381255
1669,30.46997638073363,8.90342578695871,0.0003450819473169122
1670,30.46520996962582,8.905361383557329,0.0004010775726237259
1671,30.453486180563672,8.898939139123687,0.00016359436778868306
1672,30.465912157757707,8.920603657205564,0.00040737380167873825
1673,30.42837672458461,8.896812487988981,0.00017131865625979298
1674,30.402620644473334,8.880301842282446,0.00012589608075665474
1675,30.38032777827526,8.865152894110937,0.00014308362485197573
1676,30.38776431653177,8.879722435254351,0.00030572962078587727
1677,30.385858128085168,8.889997108686282,0.00031530035153938584
1678,30.378633431139654,8.88778743132952,0.0001804448832345645
1679,30.35955013441307,8.876616983358081,0.0002525117825988078
1680,30.338287687485,8.870765290184634,0.0001800097577885937
1681,30.32042644475584,8.861945956167036,0.0002340994828926846
1682,30.32318140442181,8.869448789084029,0.0002576538321299922
1683,30.338877110569353,8.892542458469578,0.00033609955442790525
1684,30.31291519222953,8.875031985178527,0.00015484087592302557
1685,30.310419495196218,8.879381244497445,0.00043120361836319513
1686,30.3222073419289,8.900722299951136,0.0003207356760258483
1687,30.293046357694358,8.882103283512714,0.00026713756971976656
1688,30.27273073376982,8.869729325991567,8.542938851145776e-05
1689,30.256232875300114,8.863506459989875,0.0001052387585080798
1690,30.251115843162875,8.86651858473991,0.00015326174187743914
1691,30.24347348345705,8.86796366633161,0.0002818522157138277
1692,30.221365485144133,8.85637022280545,0.0003625366707018473
1693,30.219136080621787,8.864542871621353,0.00019231803851831402
1694,30.18216112820167,8.843164758068964,0.00012142732005720996
1695,30.176207874942204,8.844587663623601,0.000260882197125809
1696,30.164853483908317,8.84198517551275,0.0001529043381790917
1697,30.147535588185647,8.832221268296516,0.00036721669117005453
1698,30.16141617698434,8.850085662754209,0.00046042214710488024
1699,30.157754382966925,8.854137423463442,0.0001352356415545108
1700,30.142065385127804,8.847588200142551,0.00019518636884972634
1701,30.13562606833481,8.847821933950595,0.0004159831332251546
1702,30.116863277938805,8.835390329173624,0.00026016422268550357
1703,30.1266814730038,8.852926914473384,0.0003553509334454357
1704,30.10359815271642,8.842175882046208,9.936518641635083e-05
1705,30.102683997740094,8.848620067806007,0.00028696724168379023
1706,30.097262565631542,8.850253599233623,0.00032391167710273865
1707,30.08734805713239,8.847011765720293,0.0002465351164640482
1708,30.0953308523395,8.864158753109743,0.000355606486322544
1709,30.08715785477546,8.862868221345916,0.00013881739523629411
1710,30.081543831340355,8.865550236228925,0.00015449953849649552
1711,30.07397645734602,8.86579230094622,0.0003392935601317563
1712,30.066141154425164,8.863006387645774,0.00031708510810980793
1713,30.05166016851732,8.85607487730421,0.00015892899339417721
1714,30.02591842415971,8.841024275480596,0.00015036426928742187
1715,30.011159891866264,8.832104267495682,0.0001739011221725414
1716,30.00326787570084,8.829150991622157,8.054687521263972e-05
1717,29.992108434687577,8.828646205432236,0.00018193710240267465
1718,30.00750292740519,8.850458816100296,0.0003091765556720447
1719,30.011774225387526,8.858261579343585,0.0004846630119265103
1720,30.01914249313469,8.872384165105334,0.0003299510091513867
1721,30.01740312297149,8.877833891794932,0.00017561576581158424
1722,30.019492506115647,8.886430062586854,0.0004142224405125417
1723,30.01317599599564,8.885494826833984,0.0002893073942718871
1724,30.029718522777067,8.908359397973046,0.00035298999875984735
1725,30.040150152000248,8.928169395307146,0.0003010719119586587
1726,30.054622140517747,8.949300808199425,0.00031235883167486954
1727,30.05120031863147,8.95164400036687,0.00046753207949028956
1728,30.02283054011678,8.935340270551292,0.0003080221851498081
1729,30.034629163258714,8.953753572647301,0.0004091913582198009
1730,30.024136972541935,8.948068926251958,0.00019545362706659003
1731,30.039725468436433,8.97031341148227,0.00033909332995472235
1732,30.037112859274018,8.974383325048562,0.00042591445047310977
1733,30.043741013332806,8.986039052250195,0.0004566424977937429
1734,30.032478113676333,8.990805406399435,6.98682172183611e-05
1735,30.041543840913093,9.003799996872159,0.00031517802879239034
1736,30.054470019546418,9.02207705385757,0.00023493496124488174
1737,30.034347923852593,9.00940804888834,0.00028438599548394995
1738,30.044784016855463,9.02637542760165,0.00029495965395508466
1739,30.036979449215288,9.027299005810365,0.00038872708040023346
1740,30.023378963103834,9.026386009386085,0.00018006675106510116
1741,30.00698123725479,9.017069968816195,0.000268689166950066
1742,30.007842204508748,9.024583599449523,0.0002773627046160607
1743,29.985486799546006,9.014371793249015,0.00017535246381661636
1744,29.953988287711656,8.997497189623635,0.0002184042707295099
1745,29.96393503847445,9.011864594125838,0.0002790071279815643
1746,29.973113057185035,9.024337101334869,0.000488447623635372
1747,29.955415800046193,9.015990784106304,9.733705833556884e-05
1748,29.950304979535396,9.015695701042912,6.952914848919448e-05
1749,29.946212614941377,9.015018788581104,0.00014868904640691195
1750,29.95806856242446,9.033227089658858,0.00032962147522128143
1751,29.940109968107507,9.022739192462629,0.0003332365381364651
1752,29.93993993730928,9.02964498224342,0.00029836989359349644
1753,29.958283631894197,9.053721849810577,0.0003875733006844316
1754,29.946237215027573,9.051581613651782,0.00020916641974998168
1755,29.92649250995194,9.04095771285381,0.00029959153116017106
1756,29.92886076722983,9.048924198810353,0.00046713287628604686
1757,29.928989532342896,9.055775012207013,0.000537750116983538
1758,29.90791487779673,9.044103120254166,0.000229252171897197
1759,29.92072171097395,9.060463060551763,0.0004952676645692494
1760,29.89523815899908,9.046444859812537,0.00014185409238498905
1761,29.877808450548645,9.037353254321168,0.00022509997785193854
1762,29.878022102218555,9.046318071220394,0.0003071138185629175
1763,29.8389735016795,9.02065108876702,0.00013091719834010495
1764,29.82394276647523,9.011290765725805,0.00036045216958437604
1765,29.805417146454406,9.003250918606058,0.0001955065515670714
1766,29.791102780386716,8.996742864537062,0.00016569289301946333
1767,29.80183941164923,9.014203675689954,0.00033983976057288596
1768,29.78370454622119,9.00367629512464,4.2952863481800206e-05
1769,29.778823822719552,9.004776731467345,0.0002479422053367717
1770,29.76771113192794,9.001715305414391,0.00024316335140390087
1771,29.74980907584616,8.994590742558604,0.00021493301285544156
1772,29.75619016384059,9.003931831939168,0.0004611511464959996
1773,29.729840990532978,8.988565164546047,0.00012111897084470656
1774,29.742676666503375,9.008861941526504,0.0003078156693982374
1775,29.723116989013924,9.000283651380173,0.00040133879547487065
1776,29.691069721073305,8.982970494963904,0.00013307079560768078
1777,29.69324669489087,8.990640430603413,0.0005082809514989293
1778,29.692030007579326,8.995232803953943,0.00021736205580362843
1779,29.703497544914622,9.011643824670294,0.00044897959661349755
1780,29.721914483897045,9.035195821139066,0.00037878441173275814
1781,29.723635505874427,9.04280694365253,0.0005632202036348084
1782,29.71535838815774,9.039894445273314,0.0003110704055367859
1783,29.724445741941025,9.056826870267077,0.00028757515779646636
1784,29.71762147864214,9.056615597211854,0.00017230671057636115
1785,29.72295602577848,9.067541002007589,0.00038765559953089166
1786,29.72963717660808,9.077486122938355,0.0004785696886328095
1787,29.7370080504356,9.090224003099912,0.0003344092553922456
1788,29.741644755532196,9.099372287149102,0.00010254132827521862
1789,29.75712593792759,9.11772021666632,0.0003242016575105475
1790,29.7745550572549,9.140156645248272,0.00043454713177382175
1791,29.768048607592913,9.141971772891177,0.00031765703110893146
1792,29.774368532257736,9.153966120380701,0.00030492475917548884
1793,29.762501041840057,9.154124275661534,0.00036072591411396974
1794,29.743985233692044,9.150530866183217,0.0002618297793598371
1795,29.72348486184978,9.144171118513029,0.00022008143204465248
1796,29.71693969593348,9.146448698572156,0.00023828743922512259
1797,29.68451099205942,9.128223725171257,0.00011891654310134604
1798,29.679844768633618,9.129351751302789,0.0001843619050210791
1799,29.685651661188285,9.142189174925793,0.00034848040300208263
1800,29.655836476266117,9.124481477400217,0.00011367812914312227
1801,29.646174134722255,9.125414163380894,0.00023141101842656295
1802,29.66010249165814,9.146327542523764,0.00036183559218675343
1803,29.666323115120036,9.159480761572652,0.0003333023522176614
1804,29.68238157191289,9.177583044845678,0.000551863922357669
1805,29.64331317806377,9.152626835598895,0.00018993426848335493
1806,29.613404189923607,9.133218180944938,0.00016540029765915303
1807,29.606589828864024,9.129861335429043,0.0003252039753032384
1808,29.591826304382746,9.120425706112442,0.00038648475851364646
1809,29.561474075204394,9.10025800497419,0.00015201064236233658
1810,29.537337158137575,9.088738715371736,0.00013335509030157282
1811,29.52059785113067,9.080245210956692,0.0003061660438850237
1812,29.529545816219958,9.096811109966369,0.000303676518471069
1813,29.50156841416407,9.083778957241927,0.00019505740740683608
1814,29.507206760675977,9.094413916728572,0.00038315411415482413
1815,29.507927873150475,9.100308992993329,0.0003214108629583375
1816,29.5152433410498,9.11372441550625,0.00038820252149360577
1817,29.478765090275477,9.094157525202919,0.00011359832816273163
1818,29.459237273631157,9.086096404236898,0.00010855250767536854
1819,29.447768324624203,9.080908681171033,0.00015762335666887623
1820,29.44006152567595,9.081895553509225,8.31394278973781e-05
1821,29.415308089541323,9.068040624029662,0.0002561514232587278
1822,29.425087253691135,9.0825565195736,0.0003468422616185633
1823,29.39758836232597,9.068572934582297,0.00016799180006839845
1824,29.367062638520164,9.050011495956692,0.00011856930746190311
1825,29.35291822999875,9.04214515505072,0.00011128499280168346
1826,29.35131134129514,9.046595714259936,0.0003723637349378887
1827,29.368124719784696,9.06894420166218,0.00045528038030944444
1828,29.38691160846106,9.093359262074594,0.00038172072767260983
1829,29.36580609950457,9.079516306301844,0.0003282550014608474
1830,29.37852723473949,9.097429203019653,0.0004338559858043376
1831,29.345142432881662,9.079446194009112,0.0001704263596486922
1832,29.331799296287365,9.073459682520904,4.09217922003036e-05
1833,29.33042327968579,9.082866064487366,0.000291040110513397
1834,29.342573869392442,9.098427710689455,0.00042478713101282584
1835,29.345370922468003,9.105888745239893,0.0003428447800221415
1836,29.356424945544937,9.119036018990386,0.0003496498421963834
1837,29.338722783541392,9.107765605964975,0.0002992594614155485
1838,29.32326832623158,9.108107263433302,8.173514204311984e-05
1839,29.3025910667139,9.097485841238399,0.0002914326782124749
1840,29.280275037013464,9.08493906608861,0.00014378989971025976
1841,29.290876287451646,9.100198136881739,0.00041817209991079006
1842,29.27468817550537,9.096690534652957,0.00015047324104785597
1843,29.266477444134004,9.100091232246065,2.9623952792079244e-05
1844,29.26273862664958,9.104579728413825,0.00025552685816210817
1845,29.262889189011197,9.111238202528366,0.00026316135551148205
1846,29.24711720605307,9.102350191796745,0.00024478792691394805
1847,29.23223554862482,9.0938294057282,0.0004449614107752678
1848,29.239963408535342,9.107889622268788,0.0003853629309239562
1849,29.233942542961692,9.110197381056672,0.00030963044713705457
1850,29.225631139212936,9.10922351913239,0.0003006111126783932
1851,29.22071694210692,9.110451392161105,0.00015550428759927187
1852,29.201626314193316,9.101471123784822,0.00017855000004504085
1853,29.21724146409919,9.123642701129842,0.0003985587727446121
1854,29.198227720479352,9.117931863065301,0.00026976026226098676
1855,29.176469556076572,9.104454618402587,8.217127701951232e-05
1856,29.195996465946287,9.128429319157803,0.0004791732484656299
1857,29.207655014014136,9.14608603989431,0.0002852271512064057
1858,29.187672956459622,9.133925815483515,0.00028509781651547757
1859,29.18017950500788,9.134631435947368,0.00031181420130125214
1860,29.146277367878543,9.113108455290911,7.605840637416462e-05
1861,29.13515390464979,9.106776334789634,0.00017335528434403157
1862,29.13772850731394,9.114710710842516,0.00018177592175020393
1863,29.13076111079521,9.114082532490984,0.00014262920124106422
1864,29.094310878004393,9.095178814506653,0.00010863427607985154
1865,29.089910659313666,9.095581634837506,0.0002027064670724102
1866,29.06655909618105,9.081937427566716,0.000133321290466975
1867,29.053984781714085,9.076899972668674,8.768929247384117e-05
1868,29.040501486838785,9.068267947042361,0.0003886995425343964
1869,29.04112737407533,9.073055985012195,7.238867035016328e-05
1870,29.015500782443024,9.060241882165206,0.0001415667512166583
1871,29.009347142913086,9.06119920526755,0.000302880966672115
1872,28.99696329998494,9.055522264325509,0.0003585642358564973
1873,28.991322498659375,9.05761098351998,0.00031105242718748203
1874,29.00142924197087,9.074448328214245,0.00032797478347999803
1875,29.012771073903732,9.089519953608725,0.00036518747297949086
1876,28.997287777819462,9.086341370161424,0.00014813997567221426
1877,29.01302076509806,9.106520643780545,0.0003417297239180816
1878,29.020291001787708,9.118079233857877,0.0004052745048091526
1879,29.009840807546652,9.114815984073086,0.0002750530224049604
1880,29.009301508231413,9.118970270265496,0.00047833213273449406
1881,28.969850145437707,9.092067462276164,9.220587680973447e-05
1882,28.94854215032995,9.080825567046476,0.00012886969120912289
1883,28.950228215694345,9.08811422140381,0.00039467309097265796
1884,28.942678827738924,9.08905715848009,0.0003224344039360119
1885,28.91820048058741,9.073562749005525,0.0002224126063138575
1886,28.916236254237997,9.077620147431332,0.0001262476108145688
1887,28.9046328072886,9.076527955675925,0.0003309755678961937
1888,28.920429963828873,9.097854162573613,0.0005276607021616404
1889,28.934554229492697,9.118786472620245,0.0003889097714650746
1890,28.928944641917987,9.119461682438455,0.00015312897884438618
1891,28.91200400492571,9.110199250778022,0.0003874017194424038
1892,28.898347155735824,9.101468434402184,0.0004349142494726949
1893,28.885433500376624,9.095013337680493,5.166259483376375e-05
1894,28.86290496626053,9.080039913675504,0.00020727103459972147
1895,28.844655660813107,9.078009988486142,1.7313566898162905e-05
1896,28.835965843811294,9.075559876141327,0.0002634374838519211
1897,28.83250241754119,9.078497705093463,0.00033365505835105053
1898,28.8466523812785,9.100562011735796,0.00031324939962641576
1899,28.86768748857432,9.125673791129108,0.0004061171151853581
1900,28.882107729083355,9.145081403516324,0.00037091457454739894
1901,28.868881737978104,9.14287682326586,0.00017652191319092144
1902,28.872335610072227,9.15175578855362,0.00042833332671037493
1903,28.829033508709117,9.123097063290393,0.000150741641196919
1904,28.81687566568228,9.124251840651473,0.0002820812626344347
1905,28.79314024263865,9.112227065667293,3.900862918632415e-05
1906,28.807080523785004,9.130816451839499,0.00033897831765326993
1907,28.791375215779535,9.122696188763072,0.00020756009844956097
1908,28.766390511036814,9.108435302269257,0.00013581653803548474
1909,28.755803258996345,9.109894548015424,0.0002151493641840153
1910,28.767215269941875,9.12610654761147,0.0004358534533974965
1911,28.74553867335105,9.1179641653173,6.778379313149735e-05
1912,28.72689366755941,9.109084741441377,0.00013802295332955916
1913,28.717928276180025,9.108363585320141,0.00028968129956366263
1914,28.71034549334502,9.111011482682462,0.00019184115478070558
1915,28.702767782670254,9.11515444470772,0.0001868020018745477
1916,28.67509533082871,9.099013028420538,0.00018309780950615887
1917,28.66482474213845,9.097122476282731,0.00011949093434560065
1918,28.65379288412258,9.095466548944607,9.63608361227114e-05
1919,28.60956486504934,9.068074567512616,7.665623833049833e-05
1920,28.621787562035685,9.087027475763566,0.0003388877014420144
1921,28.637572159351638,9.110895921316567,0.0003451779325874631
1922,28.61799417386835,9.098329330053147,0.00017606006142754455
1923,28.59989864632217,9.089656186501934,0.0001709577190286005
1924,28.58439470216733,9.079570052953533,0.00030209998947844716
1925,28.565276248682583,9.070158774002454,0.00016423376849669636
1926,28.57445138762298,9.08296237186209,0.0004064283469113597
1927,28.569078072021288,9.084253713608089,0.00032604591136264373
1928,28.539341842055357,9.066414983592269,6.635743461275848e-05
1929,28.550490181449828,9.083874075101564,0.0003924879038400053
1930,28.515423784264993,9.067040480323586,0.00010009116748152432
1931,28.52760917618634,9.084459036450733,0.00029692669490625085
1932,28.541912058149084,9.101769821729398,0.000444192590885809
1933,28.54309428466644,9.104321971758463,0.00031914752400524483
1934,28.524575316332193,9.097084460683456,0.00016313109959050284
1935,28.490073463162663,9.075105187375646,0.00015486998118149803
1936,28.47098544865215,9.064194889488483,0.00023603364321320082
1937,28.454672089354847,9.055182215224589,0.0002779294272421098
1938,28.427184402409704,9.042179905419404,0.00020168812501728965
1939,28.42494972839882,9.041874489285293,0.00041521981614986436
1940,28.443234476032277,9.063067190195474,0.0004546998486791656
1941,28.428876464524446,9.056412015460518,0.00014254771659014245
1942,28.425173472760534,9.062392417250141,0.00039684606705954576
1943,28.43268405681695,9.074032178831757,0.0002965124516843296
1944,28.40125887939497,9.05192913490987,0.00014987273972400794
1945,28.417915516714658,9.075064298939061,0.0003551028374354378
1946,28.4162174407994,9.080343026749391,0.00033117587270923676
1947,28.396123350415593,9.07015984521303,0.00019494402545007934
1948,28.392494838277386,9.072612598250029,0.0003409527927028594
1949,28.377431209884048,9.063694809714537,0.0004324607761963452
1950,28.364754338229975,9.060044806164683,0.0003849037467025961
1951,28.37951412976312,9.080922789703411,0.00025807774596169335
1952,28.367584093650226,9.076202833941997,0.0002689326780854411
1953,28.370592904186122,9.081747191490717,0.0005634998559908861
1954,28.341903368616066,9.06704387552106,3.911099243745837e-05
1955,28.30584067396908,9.04648575369333,9.214229507944699e-05
1956,28.28620752026849,9.032919070555302,0.00019564561460150734
1957,28.28861549841981,9.03696074476037,0.0005090201149986022
1958,28.28958938036674,9.047321146880625,0.00036872344482518407
1959,28.273602496242894,9.03955464121608,0.00017880980944062614
1960,28.26365556860785,9.034051173924986,6.211186365855337e-05
1961,28.237894757449375,9.023272939482164,0.00016673306589531486
1962,28.25134217585658,9.044775609369307,0.0003062368667211147
1963,28.21645933093457,9.02193309562854,0.0001038124946198074
1964,28.22282662086282,9.033996508925386,0.0003544551118779899
1965,28.21467503570871,9.033603893128726,0.00012679072097307524
1966,28.202316575460443,9.025642093203583,0.00045009659631172513
1967,28.183535388522227,9.019006513727199,0.00017695117495467112
1968,28.192155565127344,9.03557467942504,0.0004219873231281771
1969,28.182349075632118,9.030304099673506,0.0003407284366582795
1970,28.197054602098447,9.052801879840803,0.00032958001819097076
1971,28.206393766082176,9.069577753381582,0.0004369180480821552
1972,28.22767642638057,9.094934346247582,0.0004563142064838614
1973,28.214353638167168,9.099674737988751,5.2015470970588554e-05
1974,28.174347131825733,9.07571252269775,0.00012961523043700628
1975,28.17389336163203,9.082064059602944,0.00031963240532958883
1976,28.144908770207298,9.061413402381081,0.00015402088976216433
1977,28.144978607676748,9.066126413169139,0.00024755265297798825
1978,28.127135983686788,9.054091759561887,0.0001894277937025517
1979,28.11797950871267,9.051770901863401,0.00010024512702460317
1980,28.131017303625125,9.069502850015946,0.0004809804203765322
1981,28.144620059096162,9.089674504989496,0.0004182053783339644
1982,28.134161638469816,9.088846369770542,0.00020745145786949594
1983,28.10482411141504,9.073974890456055,0.00016547024514096075
1984,28.098054397127832,9.075669614616952,0.00023306109009252186
1985,28.105676930788857,9.087020610042366,0.0003466173086882741
1986,28.06141136635218,9.058598763059214,0.00011005765222972048
1987,28.044660779131853,9.051137454824449,8.740442053171652e-05
1988,28.04030262674544,9.053097962672513,0.00012340692509082174
1989,28.04645967084689,9.063254754411227,0.00046020721396367834
1990,28.008250326620438,9.038643523295868,0.00019407943818074152
1991,28.021953554174434,9.059689128057563,0.0003315184631305899
1992,28.013439536948223,9.057137794486161,0.0001630487180562706
1993,28.002102379260627,9.055337040005492,0.00017023851322755826
1994,27.99706909141762,9.060168665173936,0.0003041139217239745
1995,28.01076492803975,9.07661340328898,0.0005152327870818965
1996,27.980434264823824,9.061363194161991,0.00014706153764554186
1997,27.962653817577582,9.050551573278609,0.00031796770842792206
1998,27.957961492138324,9.052860497679873,0.0001558565903161544
1999,27.939000318213058,9.05183394740277,6.805844834938346e-05
2000,27.92101384124507,9.037189888553543,0.0003160804219162772
2001,27.904410168297016,9.036796100030022,7.438095855009794e-05
2002,27.907281199055653,9.044569186495576,0.0004692244094787831
2003,27.88926173439928,9.032856500614013,0.00016289269296302988
2004,27.865586617351234,9.024167133418919,8.005964056292635e-05
2005,27.85807664840383,9.021787759029127,0.0003614642579355566
2006,27.832679372979225,9.005402034689363,0.00021991671602812483
2007,27.81525148075008,8.992482449862775,0.00021678055377225878
2008,27.789176125942014,8.976794674087822,0.0001788916152581687
2009,27.789484580877684,8.980200559780448,0.0005372297295583793
2010,27.769499547088166,8.96887134768612,0.00018328299363749254
2011,27.7855326936453,8.989046948199757,0.00042167023156108733
2012,27.78851900513814,8.99324119895566,0.00017967687836465318
2013,27.800488982427094,9.010234534427877,0.0003199905403089817
2014,27.798478511583056,9.013591613661568,0.0002721758328941552
2015,27.792352415339085,9.01613530014659,0.0002197687177033267
2016,27.81357508996637,9.039683123256001,0.0004256637706993979
2017,27.807313920866715,9.037239539559245,0.0002517116563851602
2018,27.823236249126353,9.056373528516138,0.0004887759765206005
2019,27.8381345932221,9.077221893304683,0.0004738737740964517
2020,27.833328534871278,9.077993229717793,0.00033488368907455996
2021,27.789617772717605,9.051232180793317,8.397598708838336e-05
2022,27.77880424283619,9.047878421712438,9.359827497220494e-05
2023,27.79444705493613,9.070837891205505,0.0003343483438208947
2024,27.781302583195433,9.075732248459875,5.179599299218232e-05
2025,27.747797000985265,9.056553521866707,0.00024173988720749476
2026,27.716689329962115,9.040113670019476,0.00015673850284540623
2027,27.69921248225506,9.03115674599054,9.90162095366924e-05
2028,27.66259981854552,9.0080098949686,9.497807748470307e-05
2029,27.669450757704833,9.020307523978282,0.0003095976966591705
2030,27.68152410042298,9.038898616318736,0.0003937045165724197
2031,27.680338979771076,9.04201794554578,0.00042920342632574594
2032,27.675168133889663,9.045289222336175,0.00022911128376020988
2033,27.690319874522054,9.066724369550258,0.00040118440998992944
2034,27.67899481603798,9.0603850032541,0.00016275056449762616
2035,27.674427101691,9.059432814684381,0.00043195034701076464
2036,27.650541338043826,9.04736284702488,0.00011519574330345077
2037,27.64850722679524,9.052195631711635,0.00013672392764858528
2038,27.61377951575255,9.030799391580972,0.0002366679288194487
2039,27.565858689638212,9.001820468694458,0.00011698222828946582
2040,27.585587881517164,9.026080851716188,0.0003753365424329811
2041,27.57306384768984,9.01917646274495,0.00028184328175554456
2042,27.562419406847628,9.016240323551115,0.00022953150168474138
2043,27.582813699775492,9.041243468276877,0.0003687206726476925
2044,27.56768880936468,9.033714851169742,0.0003061819316043298
2045,27.553247483605247,9.02826091416501,9.991025107821101e-05
2046,27.548483069259706,9.029559245157545,0.00019058459599774233
2047,27.51728373296179,9.012416087714467,0.00028545409917093485
2048,27.532280339278184,9.029977093821085,0.0005325862110559552
2049,27.51315497566525,9.027050591540636,7.772950733668986e-05
2050,27.506012667810026,9.02941574605019,0.0002895280653099604
2051,27.50869258901356,9.037834912322815,0.0002483653481386791
2052,27.511746949367275,9.044148441675656,0.00025115669986759464
2053,27.502940037732483,9.044732411508502,0.00022202758131101673
2054,27.499755517521223,9.04845436735531,0.0001584240611980043
2055,27.481437170533585,9.041418674468002,6.759237167218416e-05
2056,27.468299324172772,9.038738703743398,5.8769239324159515e-05
2057,27.463731970063723,9.04010346695799,0.00031377125796272276
2058,27.457259233516957,9.043854652823308,0.0001853466317224047
2059,27.43456392120801,9.02998391817824,0.0002736343269001729
2060,27.427443339868713,9.033818235381625,0.0001827995271929811
2061,27.432474262573407,9.046267426146304,0.0003476324012294639
2062,27.448317793708952,9.067779816855088,0.0003889713843277365
2063,27.41146612017166,9.04561938429127,0.00010100052268584727
2064,27.404683413114714,9.044930497436928,0.00035476836519461244
2065,27.370054564940393,9.023376324893889,9.58982539416862e-05
2066,27.352342531621783,9.013667582661036,0.00031130310262154817
2067,27.352869007460068,9.01960409522241,0.0002044683601878947
2068,27.340022995793642,9.013646790802609,0.00014121921051457416
2069,27.344516703228155,9.022869959015768,0.0004965457813411307
2070,27.31966416180865,9.008834858456604,8.537557542726573e-05
2071,27.318589184353865,9.013126204628119,0.0002788697404139889
2072,27.30492417659813,9.003223601220865,0.0002446166154307807
2073,27.288452871244253,8.995302511215161,0.0002249020624911325
2074,27.268747090065748,8.991064280478124,7.871582528168729e-05
2075,27.26443082229085,8.993207073583049,0.00010662218518404447
2076,27.25252333171105,8.986848244924154,0.0004492730647251994
2077,27.241813359977733,8.981533417593427,0.00016534232580797152
2078,27.24653614741887,8.98975633446341,0.0005633446414612358
2079,27.221474160534292,8.97396087254357,0.0001259188063505221
2080,27.232307468879597,8.988013199385694,0.0006729238027621175
2081,27.244544159391335,9.007184607688917,0.0003963293678017065
2082,27.245911135707093,9.012244223084258,0.00019773493296270476
2083,27.250436311545343,9.021262747910786,0.00043168538725944506
2084,27.229092138413726,9.016377955206291,7.413306493215502e-05
2085,27.208310341754853,9.006502874656555,0.0001141206841217551
2086,27.173538201185632,8.986716829673902,8.672897043284706e-05
2087,27.149633799083553,8.978918273039062,2.1320854914295476e-05
2088,27.153267103080825,8.99029384928658,0.00018025323186389412
2089,27.116059414458466,8.965674508313603,0.00018565424992952344
2090,27.1180760305321,8.973276115605971,0.00032572159551635954
2091,27.133538551526833,8.99145808734013,0.0005684309409930996
2092,27.135714208390798,8.996250338675779,0.0004696296693690957
2093,27.127335137465266,8.994951070261449,0.0003758571012711931
2094,27.091688869926905,8.971832539475031,0.00020339700485585564
2095,27.06561546342744,8.956073233933596,0.0001712064311037189
2096,27.078830776930864,8.969620720139133,0.0006969911499030398
2097,27.04676381004853,8.949570696975009,0.000159339152891236
2098,27.04909126478864,8.9588942305091,0.00022801973257246164
2099,27.05183386061219,8.964723943679179,0.000369327467506031
2100,27.047792398741567,8.968712590432043,0.0002626445191773601
2101,27.057088754547415,8.98229139579409,0.00043894776164419544
2102,27.06808216190537,8.99821437267835,0.0004040571228889263
2103,27.07946222334611,9.012343855410101,0.0004472436810019157
2104,27.068616260778416,9.006757397920616,0.0003048645226397217
2105,27.040121109032132,8.992992990754876,0.00017940171560476735
2106,27.02494537978324,8.995382311498048,7.04121210951461e-05
2107,27.008134922049646,8.986089212725789,0.0004263345087096359
2108,26.989520848666377,8.985535011976364,6.686324975907218e-05
2109,26.969031518479703,8.973497723827457,0.000451356605181767
2110,26.976810688479546,8.98362961868576,0.00060333868005565
2111,26.96907027450082,8.98070876399558,0.00015027950136999073
2112,26.964462621542395,8.98284253123071,0.0002574054844903733
2113,26.963246144723136,8.986890802333349,0.00040307446247504964
2114,26.94747404800914,8.976559821984559,0.00023339948709925852
2115,26.924154918263106,8.962218196624075,0.00019673245411157576
2116,26.8950828555278,8.94673003559417,7.466537874739254e-05
2117,26.864603615588422,8.92818381920334,0.00013718112896381082
2118,26.867374367940386,8.933838773919925,0.00044837936441051066
2119,26.877063276466448,8.950029605473658,0.00040572411730181913
2120,26.88926865428885,8.966527045556353,0.0005545903809702437
2121,26.86083318173752,8.951282193707701,3.847597819666308e-05
2122,26.862186256081607,8.95969589640066,0.00021255110067397686
2123,26.867859992695205,8.971322482270477,0.00023547289497885635
2124,26.87393832622722,8.979758811017872,0.0002860504409601378
2125,26.87182114422853,8.981292136392717,0.00041662287767788237
2126,26.880816958986763,8.9951543132936,0.0003734113448074416
2127,26.863028989746244,8.994887276403077,4.77754246236618e-05
2128,26.86702736403862,9.00291715064482,0.0004597310842670416
2129,26.826714291297407,8.976221996258417,0.00019642797395764532
2130,26.839688081070282,8.994639512725879,0.0005676600131662047
2131,26.850866356148263,9.010113477853933,0.00046679438135897015
2132,26.824613452537466,8.992812060124932,0.00018428969096210684
2133,26.817301451939883,8.990551939358918,0.0003630434793520011
2134,26.813032693765628,8.992739310344911,0.0003127343404243759
2135,26.831625534046378,9.015369950865058,0.0004325354985034795
2136,26.824513755603665,9.014310833065746,0.00019531947964892396
2137,26.833958146114085,9.029118508671157,0.0003501953725226396
2138,26.795143885484762,9.006470592657733,9.202236730642343e-05
2139,26.783433412282843,9.003937125850834,0.00024753755160995084
2140,26.765685123174425,8.995685599548224,0.0001262562274979264
2141,26.74037007596914,8.98267010454352,0.00013726448876632267
2142,26.73491438464594,8.982900670692048,0.0003429737918379508
2143,26.73373069608615,8.986862922993135,5.3682602516651926e-05
2144,26.720074657444247,8.980847111501879,0.000313860307170224
2145,26.73568102169656,9.002230383431069,0.0003625332738060184
2146,26.74404405346245,9.013818258540615,0.0002809631308103498
2147,26.761198475772915,9.033129925394398,0.0003859548800987812
2148,26.763562762341714,9.040804385246009,0.00019878326803502658
2149,26.748554045492494,9.037622429194085,0.00015279363084849397
2150,26.757636400859962,9.05125298587667,0.00031757338543268347
2151,26.739793979697335,9.040940283223003,0.0002925264560011137
2152,26.743108824069033,9.049719802955845,0.00038281012520520393
2153,26.71582481522291,9.037473619380739,8.346482506366176e-05
2154,26.710643826344892,9.038909804443968,0.0001331020034811958
2155,26.689029263584054,9.029221137411524,0.00010481578998246535
2156,26.693942745335658,9.035080680420306,0.0006035158920735447
2157,26.70054130650555,9.048085464554456,0.0001733823764042956
2158,26.721494677740612,9.073574417936893,0.000385911813467719
2159,26.68443900093488,9.051437962575012,7.572936983901619e-05
2160,26.65180095016201,9.033705989801476,0.00020655302641055666
2161,26.613983488907238,9.009279371111129,0.00019438795884495013
2162,26.597525033010218,9.00289323866563,0.00021696060964155928
2163,26.584448121492116,8.998206061694992,0.00023227843877820668
2164,26.575674106665055,8.997857374565141,0.0003508345556120576
2165,26.543364864602243,8.984088831062271,0.00015091571699272447
2166,26.539935647554696,8.986190378187393,0.0003767424211979379
2167,26.518791250285222,8.977330816770085,0.00014341758102325773
2168,26.535761936662308,8.997515839287605,0.0006168963807114588
2169,26.52286827706847,8.990746051898292,0.00015943729053704916
2170,26.521130102851725,9.002467911365484,0.00010372968218506027
2171,26.534706414538515,9.015383475211813,0.0006628900193926424
2172,26.524465788422525,9.015798284806104,0.00036563085227176584
2173,26.510765034403935,9.008665786827303,0.00013886785056135552
2174,26.47548494465142,8.985355675039619,9.707476447618289e-05
2175,26.457661807614663,8.979080087147194,0.0001258195903937501
2176,26.45140845403016,8.976569954772254,0.00019354888823122187
2177,26.46943047619407,9.000301870582945,0.00047305833866831984
2178,26.47357834420434,9.007080761889808,0.0004222412416365704
2179,26.474795369121818,9.01400440234816,0.0001662890145867107
2180,26.445571531862345,8.997852242218372,0.0001839345810315281
2181,26.43926925473036,8.995624424327856,0.00022544024448027252
2182,26.427255283415402,8.993121048661548,0.00014704279090195607
2183,26.40429155211404,8.982879823799916,0.00011852049141866494
2184,26.397098073312055,8.985001427679498,0.00024282798978364134
2185,26.392945061536697,8.98585531864077,0.00020014012293549213
2186,26.404917662736672,9.00232640075795,0.0005214266244044271
2187,26.39698031925956,8.99934460940563,0.00020787103109766263
2188,26.388801594896027,8.99746472482349,0.0001142168643309563
2189,26.39795107597237,9.009320139931587,0.000530863940973119
2190,26.410474977721204,9.029523926478381,0.00030690512896118836
2191,26.42584276949885,9.048699372652926,0.0004385913879781548
2192,26.43719997956062,9.065525783310209,0.0002702681780258036
2193,26.449205365677923,9.078080310637416,0.0003811435230838378
2194,26.45032408003603,9.08339194743594,6.637183892803582e-05
2195,26.46526425921387,9.10115394221214,0.0004140739091182164
2196,26.445481489872876,9.090613449304715,0.00021333271461755407
2197,26.429410491257013,9.082128955037787,0.00021577230242767915
2198,26.422364018154134,9.079659287767194,0.00044845576867430455
2199,26.404452847011875,9.071223778399283,0.00010393752016869653
2200,26.391372288486323,9.066512117583958,0.00022416719559238132
2201,26.409284609190234,9.088085529184397,0.00048259183156006244
2202,26.376968323405684,9.068057690562092,0.0001649220717598411
2203,26.379367692179155,9.077302881951466,0.00013401616607182614
2204,26.401694400598124,9.102035334493314,0.0004640744595559552
2205,26.369731539485837,9.08460135691186,5.421656514214202e-05
2206,26.34032823292057,9.06546012328521,0.00016298502575692764
2207,26.35200744611145,9.084128470520199,0.0001996389263271075
2208,26.334549339121725,9.083504444048518,7.09620807151798e-05
2209,26.303144894054352,9.066713733044699,0.00021169074569121922
2210,26.290449288922854,9.060761629435937,0.00022959527838031622
2211,26.279284295208246,9.052774325682831,0.00046153976652150416
2212,26.269590203914117,9.051089939782527,0.00035721248036266754
2213,26.248124883342953,9.04222685091573,7.464181735053181e-05
2214,26.228916075545158,9.04027214114601,1.717154023674482e-05
2215,26.21802312367377,9.03718420617548,0.00022529945151895546
2216,26.189616424104386,9.023065628429633,0.00018835490620329907
2217,26.157800260447026,9.004630236668765,0.00016935616775962497
2218,26.149099368096913,9.000172527839135,7.582124439960283e-05
2219,26.132707399765163,8.997637674564356,0.00025112886179802637
2220,26.150380479659415,9.017398150405523,0.0004996763499156038
2221,26.110468583600408,8.991071522747472,0.0002005128970901955
2222,26.09501138471836,8.985253035464828,0.00019761647551233335
2223,26.089541382556593,8.985027276641345,0.00036433505917431543
2224,26.064871904318785,8.97015205346108,0.00030674952242616763
2225,26.064021690481695,8.973881872547395,0.0002781770500178827
2226,26.059184926507516,8.970810996795095,0.0004115090650069944
2227,26.026715520143792,8.952717379223866,9.406051012641349e-05
2228,26.01344506265292,8.945974592588483,0.00020321718575126057
2229,25.984211168808713,8.92914951230901,3.0359394647450382e-05
2230,26.003642694017564,8.953629463202958,0.00042521176061334617
2231,26.017382833768448,8.970859983612264,0.000511841671327887
2232,26.01145442241942,8.970200585355144,0.0003569268158714655
2233,25.980224220227132,8.954541971295475,6.91018349490255e-05
2234,25.94117446614698,8.928442421624332,0.00020147770616463388
2235,25.931927238819483,8.928255895534603,0.0003482493967022574
2236,25.919714639983894,8.925092734848631,0.00014822857183502706
2237,25.920761022962974,8.927183688097855,0.0004926626574687231
2238,25.908839604888836,8.92016302227226,0.00044370806424599146
2239,25.90360199430663,8.921773764306062,0.00035700641459395985
2240,25.92115655739851,8.943148961997496,0.00046001476674214635
2241,25.922397013464746,8.95064935076884,0.00036908090496018414
2242,25.932749019462083,8.964917029763848,0.0003025395428707097
2243,25.948562521050224,8.984774591354435,0.0003732564526244413
2244,25.933325706371143,8.97562166690925,0.00015545861556757394
2245,25.92874610424451,8.97832603570962,0.0001889635026699078
2246,25.940519690323146,8.992937661432865,0.0006343406462704944
2247,25.91057916994679,8.975721262087122,0.00015572218311517207
2248,25.928649538336224,8.99529500638872,0.0005784784759149719
2249,25.927920282835586,9.00014185940618,0.00013798543635516186
2250,25.907383571821757,8.986280473058086,0.0003065311506269227
2251,25.915064740938497,8.995997194752116,0.0006704919831263931
2252,25.899253278232948,8.983709397253085,0.0004184644559231682
2253,25.854995647617645,8.956412157484264,8.229575376923072e-05
2254,25.831971622082488,8.942113691154821,8.243282788617843e-05
2255,25.84997632308214,8.96303887581301,0.0004894322568473118
2256,25.80956460034761,8.939763533213226,0.0001375342087030536
2257,25.821278447703488,8.956384047162228,0.00044746006159937166
2258,25.834939941305084,8.975922897219517,0.0005049441357667198
2259,25.844698792958685,8.990679915380323,0.00041662437786118677
2260,25.820814534180403,8.973471533598564,0.00018130061329708417
2261,25.815324758252295,8.97636303845298,0.00037804587561762043
2262,25.800057796187325,8.96712756946352,0.00023075831105252636
2263,25.785505777728286,8.957226411201281,0.00034385927621382364
2264,25.782381639911797,8.963840971529638,0.0003578670687527493
2265,25.752126396118445,8.947926867075052,5.629831137697411e-05
2266,25.73308517259545,8.947124545108403,6.661478204670684e-05
2267,25.7547494948075,8.97247917180281,0.00040904019857853345
2268,25.773138102948824,8.993942356946352,0.0005291460948467473
2269,25.766986697966193,8.993880128382841,0.0003370981737636959
2270,25.744559858109493,8.98103888958109,0.00021989514726165367
2271,25.712403121822028,8.961376050290125,0.00024048146550604418
2272,25.727867208272933,8.980979093535302,0.000515850621714795
2273,25.718905964913763,8.979597918621344,0.0002437843475525202
2274,25.727228571123998,8.991787918222185,0.0006138206790512732
2275,25.72424642483127,8.996309954974922,0.00014060291187570614
2276,25.68601239129549,8.977890356233305,9.802742125079736e-05
2277,25.66737543225592,8.97653682060051,6.783590317398748e-05
2278,25.63727482751483,8.960242178507176,0.0001852605025550704
2279,25.62288222196598,8.949544223816805,0.0005123482437965822
2280,25.624056066146043,8.952910529209351,0.00011514054495724908
2281,25.61476920251854,8.954201252035432,0.0003023780346043243
2282,25.61993509662015,8.966231755626632,0.000446648817258349
2283,25.6061902871568,8.959782559205122,4.3090741982079275e-05
2284,25.601996424244387,8.961307760481139,0.00038374995252484097
2285,25.575369091986882,8.950415689394955,0.0001518280197197518
2286,25.55773040219445,8.948792093676857,7.434375930423727e-05
2287,25.526957613557126,8.932693430464713,0.00023583463424736478
2288,25.50107575428066,8.91704964497914,0.00019316486933001263
2289,25.507280133569505,8.9244370664312,0.0005935755808046963
2290,25.51033799550629,8.931159711632937,0.00027756493152378503
2291,25.518241157524557,8.942974733487704,0.00027780791660327687
2292,25.480377741501105,8.917661406933673,0.00023350765746505984
2293,25.469556057131744,8.91451948627965,0.0002604788636632921
2294,25.48782231606788,8.938515001803038,0.00039091367747911936
2295,25.483408118844746,8.936074213952617,0.00042526115700155316
2296,25.50111027621269,8.959926272232819,0.0004000093783716899
2297,25.498375422360137,8.9630491262115,0.0003332619831447882
2298,25.488011392416897,8.969872391869844,6.821161862097361e-05
2299,25.479014272811078,8.969510804404555,0.0001679789173197262
2300,25.455748078016104,8.959820574467827,0.00014071057096428464
2301,25.440385960268564,8.951712749862942,0.0003082156392557689
2302,25.459766807288144,8.976075320872214,0.00039218813795047507
2303,25.483210285415257,9.00290163549031,0.0005787641137216695
2304,25.493724434632387,9.016195323168901,0.0004713692327750376
2305,25.478617073864154,9.008645550786223,0.00017474114782254748
2306,25.44088090069902,8.986789372918382,8.195911861013523e-05
2307,25.424149410391195,8.983796993440833,0.00027279171479226464
2308,25.412324854988988,8.98313705218476,0.00019921743082786084
2309,25.400584528837786,8.983798955408163,0.0002480243072198917
2310,25.419686843353748,9.007678181386641,0.0005642404681009089
2311,25.42254173706581,9.012488693357344,0.00010296630252639206
2312,25.398982842035174,9.000937856583533,0.0001537028260300374
2313,25.397868879727056,9.002773544439682,0.00026252406301477253
2314,25.389302647610204,8.999359072850078,0.0003524812331597092
2315,25.386708043403594,9.000536127410891,0.00033362178372038913
2316,25.411245061336864,9.026217896496243,0.0006291260121384515
2317,25.424245785998316,9.04106904245761,0.0005044809285791451
2318,25.44910495611061,9.067650822277564,0.0006083386113127749
2319,25.45095820523527,9.071425571540965,0.00029478130071050384
2320,25.412819075826487,9.044386202145647,0.00010591797188659027
2321,25.419655252072904,9.050664656147532,0.0007308023661619264
2322,25.4285465630891,9.066804025470383,0.0002201739483449438
2323,25.41801279503835,9.061241622017851,0.0001787710921752988
2324,25.442466000234344,9.089205520287333,0.0005139011796210503
2325,25.406014259821536,9.067220692665487,0.0001122923075954672
2326,25.41515616887106,9.075606297234266,0.0006755446812343962
2327,25.426056692914056,9.089285552441089,0.00037344213112589837
2328,25.40664007213708,9.078665234364534,8.451160812539663e-05
2329,25.395486920468684,9.076616963201053,0.00022812458316021376
2330,25.38122803754885,9.066952196123315,0.00025952809500728635
2331,25.35574419939515,9.053434230224479,0.00015678140414880404
2332,25.328983107519605,9.036002317770969,0.00014609147319069292
2333,25.30668489007782,9.024355996573865,0.00015687249176206942
2334,25.30897313709942,9.031824249463433,0.00018969670575933958
2335,25.29954759771348,9.027362744909412,0.00015968500286063543
2336,25.30833949550964,9.035064817291795,0.0007187876106852065
2337,25.272057090690588,9.009953397372138,0.00020111085274223493
2338,25.267007981376654,9.009560482665918,0.00037919543650191033
2339,25.234018755753656,8.991837770406732,0.00017119083554636492
2340,25.248550720236572,9.006630334876515,0.000817872915650374
2341,25.240800511033623,9.006319050880945,0.0003765618910845426
2342,25.256016521603307,9.025986785082576,0.0005070585693967153
2343,25.274864040014073,9.048412421639586,0.00039984640564330484
2344,25.277070066838576,9.058409634946907,0.0002730425845434927
2345,25.30047906709693,9.08457025396196,0.0004650165847346974
2346,25.295642951583734,9.085973264667505,0.0002511509378010295
2347,25.294498264474367,9.087993596182077,0.0006674930514714981
2348,25.319294939505657,9.116074365466526,0.00043280239495212567
2349,25.291048446047608,9.098425392664312,6.30694631947313e-05
2350,25.251950197809236,9.072932773155697,0.00012616246875994292
2351,25.251515698981482,9.07892365970405,0.0003757538280557
2352,25.25893606466149,9.089583389546238,0.00034700760854885197
2353,25.26582218435965,9.099264225170874,0.0003770655411609139
2354,25.24505812346697,9.085561169651617,0.00028572431983170003
2355,25.263206880597508,9.109635454708847,0.0003811158151572868
2356,25.27885972153659,9.125568612964132,0.000628264203932536
2357,25.262639009910306,9.11360566641249,0.0003137408100303243
2358,25.23727040134183,9.101121262455962,9.690413819840883e-05
2359,25.210504808592898,9.08771359336916,0.0001938929679227151
2360,25.21693926624869,9.096353986584987,0.0007284267978275303
2361,25.206828998023422,9.093280211854053,9.134717613005469e-05
2362,25.208535589672604,9.096137087353657,0.000706167168878061
2363,25.177876028928583,9.08048134485809,8.331737422515518e-05
2364,25.16477797123317,9.067907388592111,0.00042699944414261435
2365,25.13838225310601,9.051710947447386,0.0001533332531863331
2366,25.113407356232067,9.034149681682813,0.00019114184176240496
2367,25.0863914456738,9.021485711927664,0.00021157543000000932
2368,25.084895943303774,9.024573873147117,0.00029658564367217685
2369,25.10205298112645,9.042848285967839,0.000606248147586661
2370,25.065962900837203,9.018427252801148,0.00019309953822786526
2371,25.046177851468112,9.007360449951126,0.00027524160155562017
2372,25.052101870758143,9.014092699877413,0.0007301216959753976
2373,25.029045867516235,9.001596899612473,8.140795446289029e-05
2374,25.015992359457776,9.00657827382826,5.108301260358397e-05
2375,25.021218874658295,9.013691927729795,0.00044216572909173426
2376,25.022372121927734,9.015305050363496,0.0005143134235173586
2377,25.02589124047689,9.023936156407137,0.00030697212959890856
2378,25.02408574233918,9.024226296785178,0.00034652031888943906
2379,25.000023822931247,9.009980193281615,0.00020174098976391265
2380,24.979561610779964,9.005048221680257,8.191992633157113e-05
2381,24.973608099578787,9.009328818580048,0.00010995547238477562
2382,24.974499965819305,9.018489971110094,0.00010892243581289712
2383,24.97640921528622,9.025723171574096,0.00028966972100354067
2384,24.978649762501917,9.033272860753929,0.000189331398854576
2385,24.964766063059084,9.024075571502276,0.0004866447110872869
2386,24.98249290919815,9.047190226344505,0.00041878969711411565
2387,24.955927771018175,9.034068187930258,0.00020508619661160625
2388,24.93515618851963,9.02559464580815,8.392927909906716e-05
2389,24.905445125247468,9.01110569042252,0.00021482434697311847
2390,24.925785505216062,9.035478186438613,0.000438851888540254
2391,24.91044227552443,9.027836590502007,0.0002569022130913337
2392,24.91113363638507,9.032287601433076,0.00040076650021595854
2393,24.89171761104797,9.020896907161566,0.00022606141270847894
2394,24.875194425155847,9.010453816164572,0.0003404601471099153
2395,24.87995887609344,9.016213090321578,0.0007650753749032855
2396,24.887489922740855,9.031174926077204,0.00021590173759127184
2397,24.88737239609999,9.031428573315047,0.0004352216425489624
2398,24.8949581954892,9.04199397896447,0.00024288713495760776
2399,24.895915662906088,9.049472173780515,0.0003508306905603155
2400,24.919754634808548,9.074135956678594,0.0006448726673208279
2401,24.90007055404766,9.06311800970417,0.00018165647363774622
2402,24.8849848817972,9.057162302962814,0.00020318006763463735
2403,24.87808424753299,9.055860935336266,0.00033880073450049265
2404,24.848415491789826,9.039559136504117,0.00010425098686177015
2405,24.82723793987141,9.03760124833908,4.5469499060650106e-05
2406,24.810234114243816,9.03039123061737,0.00011720888106685316
2407,24.83075060057309,9.050727247246064,0.0008911645506644743
2408,24.809732637805475,9.03816665500574,0.0001956990604914335
2409,24.796112493392158,9.034228743575687,0.0001799249073991959
2410,24.76791266581746,9.017314947144392,0.00033843105970552155
2411,24.744206242379295,9.013542007904892,6.268209988484251e-05
2412,24.726379997234755,9.001264242792677,0.00026865052738735704
2413,24.69220311867672,8.978621580564328,0.00016301111337378542
2414,24.662586831052415,8.961985198801207,0.0001919883819695915
2415,24.64068278920994,8.949450515971236,0.00018549471652569375
2416,24.602753178041883,8.923672568998143,0.00017302768074698054
2417,24.61054060149099,8.933404383909988,0.0003910637230001157
2418,24.59061800563819,8.921747987068276,0.0001562466861171367
2419,24.608371819748612,8.941911092545723,0.00046958250934450577
2420,24.627893332748656,8.960300662870361,0.0009124569983193774
2421,24.6434222260613,8.976934983454845,0.000651627572094143
2422,24.660247270317186,8.99752160224424,0.0005676594521285596
2423,24.65176755342063,8.996293630735325,0.0003524128168712281
2424,24.66555552438857,9.009005101386318,0.0006637744670101014
2425,24.68034061140581,9.02590869929519,0.0006740655900907274
2426,24.64357739218751,9.00373382814182,0.00010813212846825893
2427,24.629948330205245,8.998502622772358,0.00025228257538931426
2428,24.63801865396881,9.007184696710963,0.000750545495255061
2429,24.6513438863601,9.019550459020943,0.0006767774998540319
2430,24.674630082200125,9.046556158888702,0.0005603609615750093
2431,24.658145706896068,9.03734455831379,0.000258772915792557
2432,24.64841312862214,9.028849670930526,0.0004508236168650541
2433,24.630427431561444,9.018233058688274,0.00035601288347416997
2434,24.60752271840567,9.00567652477902,0.00017816146966648577
2435,24.601335047217184,9.004772471632812,0.0004164000240352573
2436,24.620540578972715,9.028499980423739,0.0004223856205929281
2437,24.61222850625196,9.026044877048935,0.00038039995469787107
2438,24.631702742508814,9.049479452812555,0.0006109908374925459
2439,24.583167090568804,9.020800671825999,8.774437937613133e-05
2440,24.547810259147184,8.997728033606691,0.00023941680839938487
2441,24.53595918490426,8.99979966515091,2.665683847302529e-05
2442,24.53110917503532,9.00395833295534,0.00027109503213346083
2443,24.520243011737122,9.002689548592484,0.00031378075470128155
2444,24.5295550135201,9.013136393848116,0.0006185893449597592
2445,24.541797077951756,9.028455979302313,0.000540794736517788
2446,24.530104416775895,9.022804046294839,0.00014304958602369728
2447,24.52854877350655,9.024972479547737,0.000191069815470792
2448,24.506715707915543,9.012605309628695,0.00018669917772569258
2449,24.50003204178088,9.016486408410456,0.00033190597911808545
2450,24.518975824387795,9.039708288595133,0.0005489033052078323
2451,24.523822688253173,9.044413474602836,0.0006751825995508767
2452,24.518866648126895,9.048567332159436,0.000434921485131287
2453,24.509236744747263,9.045824103221623,0.00016586848389170555
2454,24.530881056699872,9.071378865962574,0.0006891833982472687
2455,24.552050516748075,9.091168962725101,0.0007717924964328438
2456,24.575124479590304,9.116977585786277,0.0006861003545217415
2457,24.57297657332715,9.117717679365962,0.0004260221357706682
2458,24.56883007304261,9.120994810527074,0.0003626356004220649
2459,24.59015930767395,9.145982853894692,0.0006357168403865412
2460,24.579320278379043,9.145191630297372,0.00020646004540313546
2461,24.588073975717702,9.154062018398056,0.0005614944438578324
2462,24.60366198244515,9.170532956261106,0.000766018544460095
2463,24.623730604762944,9.192999235938068,0.00048203106095882935
2464,24.61482062002539,9.195646958114834,0.0002963624081823395
2465,24.641322553416757,9.224641668288463,0.0006621171837741292
2466,24.63866000478019,9.225951017346235,0.0002102313221769522
2467,24.633383398219625,9.230201225867209,0.00043614670954473297
2468,24.652211391347475,9.25188834086126,0.0006037273268773318
2469,24.680321585160936,9.27818502088371,0.0008552706169286397
2470,24.649344603563744,9.260626883039972,0.00014238237700747256
2471,24.637988044696055,9.252365412358651,0.0005329181274235302
2472,24.659093890715354,9.278717759270602,0.00041985236067802067
2473,24.678997981016593,9.298473187962125,0.0006407258578955365
2474,24.661691036432156,9.286642287863499,0.00046504639605827406
2475,24.68476525559282,9.310970670038868,0.0005240415542891509
2476,24.645580298656956,9.28504053402583,0.00017439920078940447
2477,24.651773633056305,9.2978646714284,0.0003037368486475738
2478,24.62696453377932,9.286493082404823,3.8500945818998114e-05
2479,24.63941911673924,9.29716156821042,0.0010943679524508436
2480,24.645957618461388,9.309300033682694,0.0004358459280493524
2481,24.62505885116668,9.292319174878182,0.000306013658101045
2482,24.61313570145478,9.286462714458699,0.00035197689129134573
2483,24.58633915866722,9.265660454773622,0.00036502311481656757
2484,24.587704510604283,9.275460505443327,0.0003532329994356585
2485,24.571569189843416,9.263125775275766,0.000662711597141766
2486,24.54520481782369,9.25061954615183,0.00017002374580737302
2487,24.51674906484602,9.233517559922284,0.00017624385806086932
2488,24.51405776032603,9.233871574286368,0.00021973989005480887
2489,24.498877634479754,9.238840686041078,6.774977033806344e-05
2490,24.503294287387472,9.245490023261091,0.0003774974758896961
2491,24.47881276108831,9.237476170750886,0.00018645797445046735
2492,24.459700806213903,9.237570268598075,6.901459573809933e-05
2493,24.416286807179958,9.211911219602989,0.00013607316972515844
2494,24.40003626806757,9.207274254700984,0.00015971560248784209
2495,24.39712943231937,9.206795186344234,0.0004495085958889574
2496,24.411222599543905,9.22174011295572,0.000675538718459749
2497,24.39461917524569,9.210771934048577,0.00016992496699611714
2498,24.417912137237288,9.239695451745986,0.0005932235694015686
2499,24.440900729862815,9.264002799706322,0.0007134887027019182
2500,24.467961943414487,9.292450865749677,0.0008422142769847809
2501,24.47298988120898,9.303396530015293,0.00014593652301562635
2502,24.44866122531245,9.28487462995256,0.00018978657166779158
2503,24.406069450657284,9.2578601091319,7.014264799938936e-05
2504,24.37611380490351,9.239294046044844,0.00013450220613164563
2505,24.346901148920306,9.226047381473805,0.00016539300373047427
2506,24.36799633323017,9.252117367518833,0.00038363934722845467
2507,24.35678387153591,9.246016821667308,0.0003425854612601142
2508,24.36651565971457,9.253124191323232,0.0008960293411569353
2509,24.368539056334548,9.254673113179607,0.0006714347708547164
2510,24.397906451674448,9.283539061255306,0.0008819047861672497
2511,24.3984382102372,9.292780365196007,0.00013098052653615856
2512,24.42726491708499,9.323414768852876,0.0005829884428260764
2513,24.405326753721283,9.319142468541232,5.7639156545157e-05
2514,24.389894844171256,9.31335786428296,0.00023774116362578967
2515,24.376713071817573,9.319794968987301,7.07924665198219e-05
2516,24.40003518440005,9.345768522163972,0.0006971731990366587
2517,24.37182204301025,9.327459272642038,2.3313856828766987e-05
2518,24.36079479072823,9.320794324896893,0.000453014329757562
2519,24.346319226971687,9.314926339309483,0.0001696482411781075
2520,24.37151435461639,9.34003212867709,0.0007173849636411159
2521,24.399794027499837,9.371056419974673,0.000546938963712126
2522,24.396893073175388,9.377533025993479,0.0002640679579404734
2523,24.414541170085286,9.390077095484736,0.0011688800158251742
2524,24.420762197078698,9.394150010605866,0.0008472881209450504
2525,24.419082901718543,9.395145563621536,9.662850453654865e-05
2526,24.396342983352245,9.387676912956051,0.00021305291239936706
2527,24.375967768283026,9.375990468867672,0.0003918423757787525
2528,24.380356961115343,9.381570856153482,0.0004804718142597414
2529,24.38093336058263,9.387179047708193,0.0001812580502382091
2530,24.358853458156986,9.380888941425265,8.200075140147242e-05
2531,24.35515833414667,9.380535647052454,0.00032816381918966925
2532,24.380636176314336,9.40928003243498,0.00060618553605326
2533,24.384189923203934,9.421046463812734,0.0004921948825483084
2534,24.33261364380117,9.389971920395274,0.00011982713082171722
2535,24.312615628697785,9.375523152951962,0.00023111682425259767
2536,24.323356072131524,9.385619312554843,0.0004572038829178381
2537,24.29692362794041,9.371583016547389,0.000234942168415002
2538,24.291231785914214,9.367793382567406,0.0001705404980566533
2539,24.26624891842706,9.355971483727453,0.00014718617268762388
2540,24.25143328176395,9.344808285238267,0.00020191699956764668
2541,24.223274981048686,9.33485212004243,0.0001563874441932478
2542,24.19139353831853,9.323071023209847,0.00011692458984082006
2543,24.192884374992918,9.334032277260116,0.00046697098950665373
2544,24.186133822624946,9.33068122569179,6.391147398932785e-05
2545,24.182184967654525,9.328596340791599,0.0005022515604479526
2546,24.19777215993036,9.340937292545455,0.0012334888848722864
2547,24.172548221172754,9.32220243436735,0.00011397720248208435
2548,24.148800329607763,9.311827366158981,3.9160536795046386e-05
2549,24.157329361467674,9.323939569980103,0.0005105613167611272
2550,24.167821311870814,9.331043116633186,0.000949452401131526
2551,24.19466563199224,9.359207645312443,0.0008511309495786816
2552,24.202907901690782,9.372131124836253,0.0005245841688351607
2553,24.196596188890364,9.373072029755887,0.0004874198263983106
2554,24.18425454077913,9.38000942036633,7.391103551902932e-05
2555,24.182165545961237,9.38045742952939,0.00023903638299949725
2556,24.157965418594674,9.36236473618907,0.00022446957456368234
2557,24.12360668968046,9.339707862795947,0.00010493158770490109
2558,24.115033474363415,9.339868215808016,0.00015250138158729928
2559,24.138998407339034,9.3663495434441,0.0006261019671316395
2560,24.12801613171924,9.367454673886883,0.00032731886032478694
2561,24.098882322072374,9.353659837889305,0.00013606652750657188
2562,24.069496152499262,9.331458557650556,0.00015777594897258148
2563,24.055596958632375,9.320906963726687,0.0005105346393308621
2564,24.010969729129812,9.291301643509547,7.662167014929276e-05
2565,23.993896296623014,9.288214639123682,0.00022478192909536208
2566,24.012914182211645,9.306876854311566,0.0008320944564584452
2567,24.020704264134114,9.31577128606043,0.0005611545641013274
2568,24.04706538832055,9.345871499409851,0.0005122274811981823
2569,24.013264512901525,9.331763863982106,0.00011129102401725359
2570,24.02098636740472,9.336439486741028,0.0005994769150816356
2571,24.01175389407917,9.33008076860522,0.00035168594016802597
2572,23.99378672600955,9.321111800005719,0.00010634721089498522
2573,23.964513891009805,9.301400367781639,0.0002024283282663333
2574,23.96634075916439,9.311908272377769,0.0004983944229607536
2575,23.9287155773073,9.29220964073352,0.00014286750524669444
2576,23.95247236860913,9.318009668295833,0.00061325634794894
2577,23.940485111316036,9.31571836330688,7.256723801022936e-05
2578,23.971637461422514,9.34724602795851,0.0007091397990194746
2579,23.981934271777305,9.365499126451134,0.0003293001210746549
2580,23.986664474245572,9.377421858675321,0.0004846400520109044
2581,24.017712117726127,9.410375275812573,0.0005454318082955904
2582,24.045285755906267,9.438066760918531,0.000587795941813288
2583,24.006239498359914,9.414942493308358,5.1895862930359266e-05
2584,23.987370579653998,9.411768882060507,9.269812900144548e-05
2585,24.01280258382534,9.439084757910825,0.0005827196825645047
2586,24.047597903388056,9.47244404454666,0.0009607894515731779
2587,24.05803341234698,9.48097482409763,0.0006470770142114051
2588,24.068772892947663,9.496326877234397,0.00043490802736654866
2589,24.06955304363523,9.501224988612202,0.0003939640528007161
2590,24.06897905412707,9.501978065511423,0.000433450825779635
2591,24.02956100541727,9.481742754985223,0.00012167132281376648
2592,24.00682135022257,9.472699551539186,3.917390765022073e-05
2593,24.007115708488296,9.472675453445447,0.00042652128143192786
2594,24.008905777441086,9.481457404520738,8.786529794139528e-05
2595,23.99497214481754,9.48578120998,8.13516589365253e-05
2596,24.004276228274637,9.501145550431637,0.00033452854453621224
2597,23.991740602167464,9.4986192303968,0.00016647167864613916
2598,23.964516179797194,9.482971195531388,0.00013125798038577858
2599,23.95783844781983,9.475082813126187,0.0004505713955616444
2600,23.93194667536883,9.458587390578002,0.00012049897595163825
2601,23.91150202427742,9.443166409687269,0.0005716326957334415
2602,23.935919104202362,9.469377085999568,0.0006987516457031507
2603,23.93965106359561,9.476819511852984,0.00020891334308100894
2604,23.9289460850353,9.471791649412232,0.0001586676347871254
2605,23.961203069811152,9.504784689109734,0.0009290327052880423
2606,23.948045868269247,9.508964734866453,7.752547105394985e-05
2607,23.92215524070759,9.48967476535,9.727096948017741e-05
2608,23.879637688219344,9.463064829265747,9.396042356862816e-05
2609,23.858165586864512,9.446433424991316,0.00022501457388293463
2610,23.81091009696948,9.413099421601547,6.723391052308562e-05
2611,23.801323185906472,9.409039683285066,0.00026899717868070677
2612,23.825142785500773,9.434575512386802,0.0005718980146024772
2613,23.81430768472589,9.42802956220931,0.0005481434328975185
2614,23.843547228661695,9.457276786237033,0.0006487528950899192
2615,23.84132459859329,9.458250504230369,0.00030983241168177565
2616,23.8249159520781,9.457096384824759,0.00023362974385296366
2617,23.793402286365687,9.434291914366616,0.00020721839287097057
2618,23.803132958275633,9.448895771434053,0.0005992491239790235
2619,23.784632610646536,9.445084024533074,0.0002530929350810258
2620,23.759861754588766,9.431272659374246,0.00026108799277172595
2621,23.73186043066714,9.421030894929732,7.47853930169882e-05
2622,23.722092370132962,9.415717390623987,5.676975770524573e-05
2623,23.68350131513712,9.387680415094346,8.176891048020732e-05
2624,23.663544883791733,9.384709883038692,0.00020989148325088923
2625,23.64536030830414,9.387793703357731,6.089972296092125e-05
2626,23.63264640877563,9.376826867196788,0.0003667565433043697
2627,23.625141824571845,9.371354849705295,0.0001407364801172026
2628,23.602168391054054,9.36384754266919,0.00021576710931672902
2629,23.61621929715981,9.380982955982889,0.0004796490742153088
2630,23.616735045502516,9.378888351719217,0.0008079072771910584
2631,23.641015800470342,9.407001521547388,0.0004532662736122853
2632,23.603475753523544,9.381834494912068,0.0001176572734091336
2633,23.573559329067184,9.360247098478135,0.00010377343940721779
2634,23.57421528675759,9.362343538854393,0.0003256406703569674
2635,23.561723254539515,9.359973243145049,0.00017297480085750466
2636,23.555110045650533,9.362944399826075,0.00014334000290617272
2637,23.5529050828634,9.363840123331933,0.00016575684014257723
2638,23.564661471466753,9.374351343332917,0.0007977949718679186
2639,23.541878207779746,9.357443992483335,0.0002591115085079448
2640,23.56861311712309,9.386695356784205,0.0006781543072618141
2641,23.527642592657063,9.361613817946337,0.00014780304075332398
2642,23.55546478284554,9.391276803440272,0.0007911998680077379
2643,23.52064877194294,9.369224067704032,4.457740426380804e-05
2644,23.550723515614223,9.39856285961819,0.0006996212060684142
2645,23.582491292504066,9.427596849689191,0.0010455894488031827
2646,23.61831869061302,9.463522097279153,0.0009968603663828063
2647,23.62802247859065,9.480135194426415,0.0003853733212839932
2648,23.6376156047194,9.494406806573302,0.000424283112815129
2649,23.616312972981007,9.476099538529608,0.0004938918073489437
2650,23.599282169580903,9.460265968241732,0.0005494215593672857
2651,23.63135654071629,9.492188788719337,0.0007511215876491795
2652,23.584807847657068,9.458716000282083,8.779716610846886e-05
2653,23.549577205057126,9.434699035795601,0.0002496150276781757
2654,23.521047495794633,9.414611795546401,7.36790327368231e-05
2655,23.54860964468415,9.443167145509259,0.0008804174630238936
2656,23.529110073485697,9.443844708068069,1.4718883292316963e-05
2657,23.4975399143117,9.431987449869572,0.00012038687009993677
2658,23.48784227665729,9.42395978088091,0.0004027212152785924
2659,23.494532181376925,9.430564688603214,0.0005129737069847415
2660,23.45519224242261,9.405654332972668,0.0001322565005577183
2661,23.45829368983406,9.418747508582241,0.00028771163491367313
2662,23.443936972504236,9.416346772205847,0.00016517511040206278
2663,23.4471344203874,9.418728366572278,0.0004711642583304863
2664,23.45014351654894,9.430920837536185,0.00023709076994304023
2665,23.41874948822248,9.409370340595391,9.937822695468966e-05
2666,23.431941100214893,9.420083512759804,0.0008284242583524608
2667,23.40452452996236,9.399402343691731,0.00019305877384483575
2668,23.380486169937132,9.380927384499806,0.00027451513776455445
2669,23.353432845325077,9.365717895033145,8.242007794949586e-05
2670,23.382861232757186,9.398134428239366,0.0006662914419993736
2671,23.360708624924836,9.390415997160769,2.4237534089580747e-05
2672,23.347287895087184,9.383132574977976,6.39951268523795e-05
2673,23.320895509948485,9.375056272674161,0.00010399791699073413
2674,23.30818345751198,9.36635083314973,7.117002775357901e-05
2675,23.29408890172413,9.368290278517824,0.0002171158817516076
2676,23.285638686912865,9.367497168554117,0.00019796082526702053
2677,23.257624552833636,9.348517703571687,0.00015562331635017064
2678,23.26307981640266,9.362130312777865,0.00021105868789085758
2679,23.29683439759918,9.397371380481522,0.0008307940171266261
2680,23.28683075137375,9.389598458723702,0.0003816223499581516
2681,23.280489834515205,9.385191492650732,0.0005889390675303106
2682,23.255359545584117,9.365387629627975,0.00022823380608174773
2683,23.248155986555094,9.358641142278751,0.0004897429850139488
2684,23.2776500888415,9.388578490209364,0.000703960630329742
2685,23.261875601328658,9.386404675355454,0.00011667572252544833
2686,23.29158775173512,9.417269166943695,0.0008544607973154649
2687,23.255643464851982,9.391916717116136,0.00017369024712440771
2688,23.2638871664753,9.40125098582339,0.0006680464225608337
2689,23.27674444259684,9.418035275443994,0.0006012165217355819
2690,23.26013214206432,9.404779398361335,0.0003470968707714128
2691,23.271373734232938,9.416354144839135,0.0006517623443195684
2692,23.245574558378006,9.400821424620023,0.00019066522521461434
2693,23.24729211039192,9.400240922572628,0.0008459101827988244
2694,23.210916568404166,9.382288120455897,0.00012468209409719294
2695,23.230216852227358,9.404686916014159,0.00031174592712107386
2696,23.25680986358827,9.433940797424135,0.0004965188426861525
2697,23.237288162020274,9.423198793379095,0.00014304529185819742
2698,23.27008296560829,9.45682957817223,0.0010583329907251136
2699,23.26516786552959,9.465570058293364,0.00021357938221724032
2700,23.218823550646174,9.432928666792398,0.0001021687244260559
2701,23.20496232375379,9.425912769222144,0.00025347920022021403
2702,23.228897989607518,9.454793568311556,0.0005801566003051547
2703,23.24390071116365,9.47451791744934,0.0005296886892226805
2704,23.212184058231426,9.456534947082114,0.00025422339411228874
2705,23.1716914434087,9.428028658951877,0.00021153270403273668
2706,23.1441693194539,9.41101603503472,0.00037281142285675934
2707,23.171351770878147,9.441022456198947,0.0007227462175194454
2708,23.15801847664428,9.432735687169199,0.0001723411368208408
2709,23.141937456852418,9.418377455807082,0.0005318245235171126
2710,23.1565638390984,9.436227768431309,0.0006190894107356075
2711,23.146566279279245,9.42723704852446,0.0003598734627804037
2712,23.150291414376078,9.42857157139648,0.0004621147296478677
2713,23.129652699056233,9.426737744304111,5.4711277495287394e-05
2714,23.130987325747437,9.426486108221786,0.0009656498593569274
2715,23.123312721485924,9.429018290375236,0.00014484635384429148
2716,23.085885936651632,9.402230129393814,0.0001407502559567394
2717,23.074125382351358,9.39507011360034,0.00013617700661681126
2718,23.10345019528031,9.426364731814763,0.0010285389568671813
2719,23.08540958520071,9.40751686141818,0.000519343283587884
2720,23.067832462089545,9.404459634853241,0.0002204376915317056
2721,23.038681516663214,9.394552722816234,0.000126909453137549
2722,23.05420417390583,9.412725623054122,0.0006464844835724476
2723,23.03624575161181,9.403111666082411,0.00010761588926482454
2724,23.066891700228965,9.436440196589194,0.0005975094733107252
2725,23.053015111783367,9.422891883966876,0.00046808489194059773
2726,23.03429067732692,9.412604636721694,8.907244565666847e-05
2727,23.03344580209357,9.41448444078863,0.00032169905362110424
2728,23.021257334305254,9.412415901958267,0.00016962286977784835
2729,23.001752644630447,9.397288986177758,0.00026615454224850516
2730,23.022567873479424,9.420451112863057,0.0007943545313279721
2731,23.05543311606318,9.454867768975689,0.0006482462917953627
2732,23.06121933312815,9.458932208861867,0.0009032475171785729
2733,23.05951991387126,9.46795132309978,0.00018955131487937346
2734,23.0640189064152,9.469646984933275,0.0006049175518694826
2735,23.08877941006066,9.500083798136838,0.0005325124941407031
2736,23.071787086292197,9.484352440550106,0.00023513844975733416
2737,23.047326968013895,9.476029504547085,5.972918044424505e-05
2738,23.032905978712765,9.466196317619593,0.0003259490237490201
2739,23.01751516303254,9.462978472434834,0.0001750992709355282
2740,22.999019745806077,9.444107270763414,0.0004406303910828899
2741,23.030100195964184,9.47616882848538,0.000815755865818366
2742,23.047477604374873,9.49683815740255,0.0007112880997559306
2743,23.012378215748562,9.480378572038115,0.00012410034151014485
2744,22.993654900302733,9.473272627255286,0.0002709605524906481
2745,23.00131201657436,9.472891087417764,0.0015835908740121545
2746,22.985241768731736,9.456678049083541,0.0006161031420567582
2747,22.95675545984229,9.437653049174381,0.00033134464884633714
2748,22.930765656088404,9.414899006487374,0.00029080130356987555
2749,22.912294779324505,9.410239668977812,0.00015255280940707335
2750,22.945313605777958,9.444503541284238,0.0009047795490583896
2751,22.970351624426755,9.475681299475008,0.0004484733560461234
2752,22.972972060540066,9.478208000342605,0.00045371855759806005
2753,22.933084951872882,9.451588497098655,0.0002436554320587592
2754,22.966195147280285,9.48640764147496,0.0009586708505047874
2755,22.947287582923426,9.472901105739599,0.00037751241545049165
2756,22.918500847979548,9.454567947086995,0.00019203767804479093
2757,22.93636765471244,9.469097058650139,0.0012334212009373635
2758,22.90364934781221,9.45163985056128,6.194831612609394e-05
2759,22.935133676204043,9.483174096815402,0.0007108272183626312
2760,22.936275748510873,9.48625323149406,0.00046432754592521806
2761,22.92487150526032,9.487768515900324,0.00027821597188371327
2762,22.929356294371736,9.491448345523438,0.0004429960021634612
2763,22.915609792424064,9.49360087923733,0.00024313382654633884
2764,22.884540600925302,9.474120321906355,0.00028414655576986
2765,22.878613034592718,9.479603016256295,0.00020143686150065582
2766,22.83257284679403,9.451040373932365,0.00011154944468189558
2767,22.87070499912047,9.486886655652222,0.0016113012414437065
2768,22.8602267192299,9.478931998668475,0.0002633184610292856
2769,22.882167981293254,9.502411527078714,0.0007026632226675508
2770,22.899231824054546,9.525061747558972,0.00023944064293712655
2771,22.872122605113425,9.518254052886421,0.0001363032189816511
2772,22.881755317250597,9.52335754124303,0.0009968145318351685
2773,22.91957812953095,9.558893447829993,0.00157054107798444
2774,22.89857604385674,9.541394274209969,0.0002505943694610097
2775,22.888770986793208,9.531772315766338,0.00036215630153956234
2776,22.85748903562614,9.523547635492953,0.00010138755705098719
2777,22.86631843771027,9.528111412187636,0.0007479386244104528
2778,22.90005772687594,9.563101063542126,0.0009163771894739059
2779,22.926028403759467,9.592252093223552,0.0005643528308530481
2780,22.943502978625006,9.61336729935775,0.0006103285317977893
2781,22.979186969403806,9.647049880849465,0.0010566072297543147
2782,22.95608298823487,9.640140626287774,4.6214273219602265e-05
2783,22.932953993192903,9.62500478188502,0.00012079816576874211
2784,22.930688588731243,9.624121948305426,0.0005232286279646542
2785,22.95300946286227,9.650613876414175,0.00033120057416543457
2786,22.960505450749057,9.659909137601772,0.0005426335438916352
2787,22.947562725819914,9.649766213477376,0.0002566835788005997
2788,22.937432595398555,9.643096116341486,0.0004357383044493677
2789,22.958179012810216,9.66701826201023,0.0008105803105631224
2790,22.95227096605206,9.663736771627208,0.0004209211214650609
2791,22.967765225704795,9.68622768389049,0.00023581730283353858
2792,22.998519809684936,9.719241455678018,0.0005725245063325247
2793,22.984682152382227,9.711843424636085,0.00020825078972439327
2794,23.006305115285734,9.73547814271573,0.0006486385701745519
2795,22.98035429832409,9.715094499595475,0.00014950621925516146
2796,23.001820956462073,9.741351475399275,0.00043887973882755413
2797,22.987489300016513,9.737111844635935,0.00012030050773708797
2798,22.99863361315021,9.752635096847994,0.000390565203884922
2799,22.95011495312266,9.71632622473911,9.589698449911854e-05
2800,22.91095347692494,9.689228307547065,6.73936066854739e-05
2801,22.88293128885998,9.67310855722678,5.901683752603058e-05
2802,22.8567654653449,9.650416712727871,0.0004774846243053557
2803,22.868730939427888,9.671016704044945,0.00042281876706420256
2804,22.838817104241443,9.647811627752404,8.845747292606526e-05
2805,22.821821964810713,9.64691112897076,0.0001553003484689668
2806,22.80280222433535,9.63053973872001,0.00020441356937270526
2807,22.790442922420777,9.638981294108046,6.117542046791439e-05
2808,22.768386098093753,9.638526398229821,1.4300401286013191e-05
2809,22.728750296119554,9.611277963465614,0.00017628921834806643
2810,22.744779623142396,9.628892349111558,0.00029229693979001674
2811,22.756476564489958,9.637138091894537,0.0007807992551282732
2812,22.780466539114457,9.66479651691444,0.0005699323337560121
2813,22.76498615973692,9.655404174311412,0.0002671250845903181
2814,22.756605763307693,9.66190376114796,0.00015136657319573258
2815,22.770085262357444,9.679385287900006,0.0005269244242487616
2816,22.727881162013652,9.652317345181855,0.0001476528038209259
2817,22.714982446154178,9.644433516940957,0.0002336436223368619
2818,22.700200057818396,9.629123913097034,0.0003653879570902931
2819,22.709010683898708,9.644432207955093,0.0001814689135288641
2820,22.749145111147115,9.682417339520736,0.0013928669897209673
2821,22.74036846815017,9.689098858254278,0.00026741358383309654
2822,22.714808496974488,9.682488789586165,9.267434627363685e-05
2823,22.693000624897696,9.66304867131791,0.00029578843071013564
2824,22.67886630784035,9.662798787781695,0.00024370190346517865
2825,22.667999296308313,9.664692862508735,0.0002706744585260164
2826,22.665587979540042,9.664292280648498,0.00020940242717755085
2827,22.612237968751582,9.625919132106114,9.51194387969416e-05
2828,22.623887030850284,9.644215574350973,0.0005381890660154098
2829,22.616662119469623,9.640605279297214,0.00019136527782933897
2830,22.62702766746182,9.659955259489386,0.00037863831976332323
2831,22.605143685852312,9.649584168561404,0.0002554656303265969
2832,22.5908591693842,9.63535018550669,0.0005224109425684483
2833,22.567563018664178,9.617700276322717,0.0002215539447144991
2834,22.584481088128804,9.641684254946007,0.0002234039065113978
2835,22.577263813334643,9.642861605012925,0.00026555493568791624
2836,22.561081112294456,9.636188895240148,0.00015206754128611587
2837,22.52628617304767,9.611199118595373,0.00011171420969817627
2838,22.562353241375178,9.646490629269172,0.001104387355864004
2839,22.528616795352836,9.625205720545248,7.994289091135974e-05
2840,22.550938979249647,9.64951947138292,0.0009096080994840419
2841,22.586911841086525,9.68190645081084,0.0015157182757332896
2842,22.60318711308163,9.703059214572926,0.0005721170453816088
2843,22.574187203134787,9.684727011521797,0.00021401729008335964
2844,22.574987188305904,9.682813598812466,0.0005766668967674579
2845,22.607847041488167,9.716866434976113,0.0008281643182498297
2846,22.646885870761526,9.754559449569062,0.0013910919309114815
2847,22.676665010531345,9.785809760974656,0.0005650947955799053
2848,22.653154464647518,9.769631792979299,0.0003249289122387521
2849,22.688913536758214,9.8060623371964,0.0009860080086934555
2850,22.68340641278726,9.815421733734272,0.00021668388878217306
2851,22.67623414579803,9.805377628839192,0.00088556460259795
2852,22.69370819619399,9.82867255759965,0.0002404949156922724
2853,22.641234282323307,9.794515449548078,9.361848058606848e-05
2854,22.625772997298153,9.785096107148663,0.000259597011598893
2855,22.619130290640072,9.77516902700423,0.00061649841716462
2856,22.57527904204676,9.745747449130919,0.00013111495267246605
2857,22.600559412048636,9.765073754979916,0.001680678312508633
2858,22.637963978712516,9.801533944183609,0.0009104617262313033
2859,22.608252107078666,9.77960638769128,0.00021078999244500144
2860,22.619979929897646,9.797993295887633,0.0003300496497418372
2861,22.644765319886353,9.82550704236965,0.0004992163547432679
2862,22.617385763835724,9.806359652025842,0.00018022381999516527
2863,22.65905522618087,9.845530159399258,0.0013040054628036337
2864,22.674596153704364,9.865119071393206,0.000517759420074588
2865,22.63616727838228,9.833245259262524,0.0002275151086080841
2866,22.67657857942627,9.870202898718986,0.0013355237529556689
2867,22.65305045863,9.853850859636186,0.000251506642547425
2868,22.681910922306777,9.884278242085268,0.0006396824044031982
2869,22.6702225323033,9.885298932389555,0.00012391940105867553
2870,22.63993189640812,9.874647188514261,4.976647536793618e-05
2871,22.600042065542237,9.84735697293956,0.0002574004000420477
2872,22.637438985053567,9.882509227261068,0.0014946440824960634
2873,22.587802106898156,9.846379883051023,0.00015502665957276132
2874,22.627207071648183,9.88539366240895,0.0011931336460151978
2875,22.623621566225047,9.883756287327627,0.000427834608599032
2876,22.58694530106023,9.861342235897377,0.0002808127538249867
2877,22.590803774960843,9.861538377400166,0.0008611719998434442
2878,22.585283631941863,9.85836266019959,0.00010560751552845775
2879,22.573891777499384,9.858531342886137,0.0002219587120537278
2880,22.58180279471253,9.867683449747231,0.00048664857490006945
2881,22.57490378402689,9.85848341954346,0.0008322124859422159
2882,22.567573153524613,9.860720362284288,0.00018688352093964962
2883,22.51771927543438,9.824011372258395,8.296168577897192e-05
2884,22.541009967378923,9.848798823129577,0.0008551054201737147
2885,22.57632053345332,9.883525490607493,0.0009684930659096591
2886,22.533157804568614,9.848878619086374,0.00014256739128563418
2887,22.49250340680542,9.822622724011476,0.0002204910863371232
2888,22.45204545859887,9.796243794671383,0.0001664786472187671
2889,22.417713273036917,9.768446937694085,0.00022194396204324512
2890,22.44456958866901,9.799913644762093,0.0005621196270660468
2891,22.426114701186336,9.782630583086453,0.0005857841024848196
2892,22.414691463651376,9.783322467272383,0.00017577087695240973
2893,22.44635902249096,9.815171783224415,0.0006790297689723599
2894,22.45516723997554,9.831270814280971,0.0003161870003226529
2895,22.488941653770954,9.863789753613725,0.0009913255957755653
2896,22.46680658808112,9.849251854231234,0.00020006567040338464
2897,22.442883089543958,9.830868247885107,0.0002308209610164554
2898,22.433746220129127,9.823781874602762,0.0002793433914765461
2899,22.40209590121274,9.801883583056101,0.00010986187408020882
2900,22.38949404272179,9.791037190296283,0.0003267970975494199
2901,22.347675726503873,9.770396280325118,5.639356141960478e-05
2902,22.357361447388485,9.784341726153114,0.0002775872024103046
2903,22.33284581625093,9.773905266361448,6.838576527975862e-05
2904,22.372323058133794,9.81068482077004,0.001971542175289183
2905,22.389545984308096,9.83251680452996,0.0006301675331586775
2906,22.357931005319426,9.808212536418479,0.00013386392754756248
2907,22.324369604596043,9.787082775564205,0.00012362133795131407
2908,22.2932979686107,9.764730991636123,0.00011613290645541539
2909,22.268436917693123,9.748785534503964,0.00042210343478186807
2910,22.2837820915097,9.76909172506837,0.0005008649425962416
2911,22.255442329053903,9.744419284039024,0.0002315586374166034
2912,22.224559044812064,9.723167420716802,9.381945671410945e-05
2913,22.18752365679521,9.692359082099665,0.00027308098145812585
2914,22.13899375684198,9.665369958077687,0.00010487111311710218
2915,22.133536676995675,9.656777171761448,0.000926980922497813
2916,22.1278354771672,9.65306642050927,0.00012121045534245557
2917,22.128829455827578,9.651774156896177,0.00042766187542392776
2918,22.100627561035672,9.626602016140552,0.00034361337731223706
2919,22.113460822289145,9.631729145058634,0.00225282248283567
2920,22.14397662977526,9.664376691660964,0.000793667682063032
2921,22.110965531431432,9.642776397575028,0.0003800629668236227
2922,22.140665005013634,9.67461246391952,0.0006126744961330914
2923,22.116252010388504,9.669012635411717,9.625497478691102e-05
2924,22.141060827747868,9.697308691444446,0.0006232043701266965
2925,22.180087211911545,9.734169193128166,0.0017076809486396274
2926,22.174450687696616,9.730202344120945,0.00018426477294121067
2927,22.122708780948706,9.695405758055232,7.275507100147471e-05
2928,22.08956302237539,9.674711544420308,0.0001868707136773587
2929,22.113705534340045,9.6996773435912,0.0009169785508497417
2930,22.146711933108115,9.73442468978355,0.0007024075241306448
2931,22.092620527065503,9.700302630942478,8.822392578593955e-05
2932,22.045758918002168,9.673406424542819,0.00011417824068173212
2933,22.026864758370724,9.658226532818125,0.0002656411972714633
2934,22.03169195449115,9.662455091531962,0.0003859844342027976
2935,22.007279147377787,9.63753757026659,0.00041374881000503594
2936,22.004727935740917,9.632225262073938,0.0008248344330693671
2937,21.965924923155406,9.615216259420901,5.6004746653837724e-05
2938,21.939698368621624,9.59817291822194,7.014747561509161e-05
2939,21.952542038193496,9.614475485928077,0.0005102527650059436
2940,21.91096480732604,9.592315778482497,9.039424330065943e-05
2941,21.90703076431905,9.599718265539407,0.00013755243254855607
2942,21.9094405415792,9.599587123688467,0.000513655663089281
2943,21.912079423887985,9.597843294125852,0.0007729554037298348
2944,21.888182594654346,9.58152661841306,0.00012103847036134742
2945,21.920408555785674,9.614248396176462,0.0009142109185953989
2946,21.935678479304073,9.635830423440792,0.00022651497920102648
2947,21.896501106260633,9.605319101567279,0.000102771788001668
2948,21.857308268239027,9.578898351771215,5.868375600235989e-05
2949,21.864319676339704,9.583703481004374,0.000801621705931143
2950,21.859441587512464,9.593607754809186,0.00020945763494250918
2951,21.86540428441733,9.609236524772406,0.0003297820780827875
2952,21.87267905863898,9.611458877913728,0.0007236210970933886
2953,21.88085396459584,9.61264839566094,0.0016126204439380868
2954,21.891146798217733,9.625725793955263,0.00032462941915609443
2955,21.92238667309486,9.65816130876208,0.0007920950379982229
2956,21.93404309046208,9.664955710237715,0.0013017083369905554
2957,21.93591927884855,9.66430388250831,0.0005490877204625247
2958,21.928991345815934,9.66907762486256,0.000206065574663464
2959,21.958028898915043,9.70098908421531,0.0005708058694551999
2960,21.943115576783814,9.700605089311976,7.165451713728163e-05
2961,21.9443083039199,9.7112196798298,0.000258849991759947
2962,21.91118231152519,9.682776676876822,0.00022853905089899123
2963,21.91073884587917,9.691155386684686,9.024042970306068e-05
2964,21.899409888207735,9.698326595990938,5.3182797389951926e-05
2965,21.8787374426531,9.695199426925692,0.00013342349327933226
2966,21.88068922484108,9.692944843745032,0.0009535648091927313
2967,21.837017475335923,9.66281865087513,0.00012451203801156123
2968,21.81609490197668,9.645746915186928,0.0001936361775927567
2969,21.763397012356624,9.610318338825776,0.00010103576006109415
2970,21.766477067695707,9.623125364329178,0.00012435825504567477
2971,21.737831450513966,9.597783157929129,0.00024921286017180657
2972,21.773563290723835,9.631733365504985,0.0011912421158693054
2973,21.730237798094898,9.60051624834107,9.789913285789137e-05
2974,21.725554561257088,9.610423240151718,0.00025078873785914244
2975,21.693795853392384,9.592877926438279,0.00018027338685335095
2976,21.731302862915463,9.629673380397241,0.001296772213687161
2977,21.692635339921633,9.59670016415381,0.00016340089602744299
2978,21.667577906557113,9.582373047151545,0.000401632189879514
2979,21.665139154707912,9.575821939063937,0.001086646183131805
2980,21.698319934021413,9.609173666115282,0.0008205718634517068
2981,21.684423805816163,9.597440874388669,0.00017990013396174579
2982,21.66503008206443,9.594545478571174,6.408332831523404e-05
2983,21.639690718951076,9.590584579606361,2.0767547296993403e-05
2984,21.605337707094698,9.566188565613603,0.00015948763115058854
2985,21.58997167454031,9.550120860922805,0.0006165630390370201
2986,21.5855215014407,9.557176079475187,0.0003155755352629165
2987,21.561310884178084,9.542666401102046,0.000283325499876096
2988,21.596949949571066,9.575168691176327,0.0020817098586176463
2989,21.577985671688992,9.573173421337776,8.417764798450918e-05
2990,21.556862262409503,9.56338127641228,0.00024696836338570973
2991,21.563632285321216,9.566075966857346,0.0012434997280224376
2992,21.557996463362496,9.557988324070665,0.0004307247280808389
2993,21.560584931738205,9.55991990756091,0.0009172289352310311
2994,21.588845391080593,9.59054144303261,0.000564734411218205
2995,21.545090210336795,9.562499194272517,6.329560135627331e-05
2996,21.542244827093175,9.560778831508907,0.000601931645297983
2997,21.530547971985467,9.567092687231176,8.060818838536582e-05
2998,21.521394558559674,9.562018339862586,0.0003628638982133642
2999,21.514084269070462,9.554547820017076,0.0003690722467247731
3000,21.493956232376537,9.542528700226681,0.0002190632602833647
3001,21.496944550520716,9.539553157349637,0.0009403230118540889
3002,21.490756144792677,9.54732841302615,0.00024351414291599245
3003,21.52867081296224,9.58200356797093,0.0012851438441978046
3004,21.523970468166308,9.587300976092259,0.0002150661590602089
3005,21.56109710272941,9.625132752203037,0.0011971965926408823
3006,21.598767394207986,9.661103102188314,0.001594874317313426
3007,21.585109750743637,9.668261579559573,0.00018487535230838977
3008,21.545478705142592,9.644517453145944,6.079576525504143e-05
3009,21.564698715653925,9.668834672592133,0.0004401441163164449
3010,21.549135097559994,9.66978759644495,8.162007124522364e-05
3011,21.58169215266616,9.704705762282904,0.0006993140303118426
3012,21.59898420662851,9.727673453424744,0.0005693649379198609
3013,21.556048252151733,9.697767662881176,0.00011773961182833568
3014,21.597873157880297,9.738095211891325,0.001687906588997471
3015,21.594820650806092,9.747870117625387,0.00030645103802060864
3016,21.59353631655067,9.74317593050206,0.0006682540058007506
3017,21.63374486689918,9.781479486793252,0.001554233899110988
3018,21.631879641615605,9.78234979852182,0.00048003949514833583
3019,21.645678143051388,9.798187167206542,0.00034699339630789387
3020,21.622283620046048,9.797563724386917,0.0001090030767477756
3021,21.62437870358625,9.811013182460545,0.0003345169330592059
3022,21.63164643959173,9.810553354599367,0.0018178825151755659
3023,21.611710811598392,9.795828000449038,0.00029912342708596337
3024,21.640961223893388,9.828200107640642,0.0005515661223473112
3025,21.681323098052935,9.868157151642553,0.0012051762349245868
3026,21.668587676426974,9.870883419995645,5.4670637581763715e-05
3027,21.67861215150876,9.888209997462905,0.00031900814831073866
3028,21.642165167735286,9.859992422763288,0.00013937195712858134
3029,21.638446285153684,9.869493344083299,0.00019602357893438627
3030,21.63935518178144,9.880603990832586,0.00032675483083389616
3031,21.60802936354345,9.859736471388892,1.8772142728112182e-05
3032,21.60888509968377,9.87438459032243,0.0002856692342419848
3033,21.644827456574276,9.911442811342482,0.0009132693476376413
3034,21.6758549615769,9.943922746086233,0.0006484175316868147
3035,21.659033000787044,9.922805933899612,0.0005971806831942318
3036,21.658713494283873,9.91735139005632,0.0013428516668721373
3037,21.642288499024726,9.916973287457237,6.850562192148807e-05
3038,21.64038826981192,9.910783940655541,0.0009587190403649457
3039,21.59723571908999,9.880407710905288,0.00023502360672896872
3040,21.600273053600397,9.889624907940863,0.00022875453258330568
3041,21.633121354249678,9.920775949102909,0.0010314899543239955
3042,21.599051514942506,9.888708084421664,0.00029150563490069816
3043,21.627985002854746,9.917731854924165,0.0009926465588827467
3044,21.659637674357793,9.946653629941101,0.0013629223144945106
3045,21.690521978223526,9.979734967258139,0.0010685933310330296
3046,21.67077199218291,9.96200583790393,0.0003641537494273131
3047,21.67471848279004,9.978251104113232,0.0003091867430120013
3048,21.65786902868757,9.983397337663552,0.00012821413940402094
3049,21.63189549924515,9.965391865030304,0.00012069091174762667
3050,21.586009645230444,9.92821341167981,0.047932551733205195
3051,21.549757478740123,9.896198602685859,0.00023307422247712215
3052,21.506315448245584,9.860748592109326,0.0001825042041451097
3053,21.50593243636012,9.869242414152284,9.098480683737332e-05
3054,21.46385493588788,9.841142902954509,0.00020526767051249803
3055,21.426181326975044,9.810969651783358,8.485399802539286e-05
3056,21.466095937437903,9.84945793168716,0.0016101493406542827
3057,21.467945087974332,9.862969357530101,0.0002712813146384547
3058,21.427133976613757,9.838790459893303,8.503439494488287e-05
3059,21.40150636149362,9.815058912120906,0.00028816020982293987
3060,21.441567792826298,9.852881209639904,0.0015803302150662923
3061,21.42542879612267,9.838299338810979,0.00029184025450175655
3062,21.422857792170543,9.849432263107392,0.00023782221597077775
3063,21.419072064974685,9.841116725571426,0.0012525355075536234
3064,21.392173115182057,9.821410971327563,0.00028354913147413607
3065,21.42164995396744,9.850932969273995,0.0006581957349628853
3066,21.37758267580001,9.818708607213978,8.476545550781737e-05
3067,21.36042521165699,9.802100481457527,0.0003060153982025423
3068,21.367351659491398,9.821796847542755,0.0002552592492506435
3069,21.371322965547087,9.834388345191519,0.00023596272786117106
3070,21.327078002352398,9.80194638514522,0.00011096146909057565
3071,21.361696927941082,9.837977614365625,0.0008177363573640596
3072,21.389433764110695,9.869999774636765,0.0006393272823911858
3073,21.389753203419,9.880106460551477,0.00019798024321793367
3074,21.38520132101951,9.869376859981958,0.0013569668110187526
3075,21.346987214385877,9.838090532936057,0.00019987952304811697
3076,21.32321372205146,9.823954297183722,0.00030671752901080204
3077,21.28942276269748,9.801981845889973,0.00015396557293411667
3078,21.273025546280085,9.808006752836947,5.856624699121552e-05
3079,21.23181602446013,9.772916339643949,0.00011438403358266797
3080,21.20287923118166,9.745921953855692,0.0004450031958419567
3081,21.176995945282712,9.727614604219056,0.00015618329660636111
3082,21.21492778078756,9.765702351129786,0.0015115969551459923
3083,21.245558703033403,9.799281168722883,0.0010698910407967036
3084,21.222228880852793,9.780488214484004,0.00033678233468065075
3085,21.227479776698413,9.789011530223645,9.117442707280799e-05
3086,21.213343243372083,9.773124115275778,0.0008286632560693257
3087,21.204163393378995,9.773963976859372,0.00026026790325157337
3088,21.18619542839675,9.763491150590626,0.00029553916884977026
3089,21.157322268239454,9.742058941816424,8.549268298751155e-05
3090,21.140059017920677,9.722788589426104,0.0003583136408260639
3091,21.171682540055954,9.757338137724693,0.0008345219836707622
3092,21.196417863202118,9.785695700405677,0.0007234081860425925
3093,21.16544679512232,9.75909746993645,0.00025823835467324367
3094,21.17945994368198,9.775779024083572,0.0003463622201896814
3095,21.146348694690126,9.751951731799785,6.77353403485923e-05
3096,21.12493562363308,9.730222593821601,0.000418064228209634
3097,21.153405804693993,9.762771883089238,0.0006006616965412383
3098,21.194702385287812,9.801111280030314,0.0017459763084807177
3099,21.18204571777147,9.807771638086496,7.66809278449818e-05
3100,21.181205946851623,9.806862724610738,0.0007174576767413919
3101,21.215478641687348,9.843296123215659,0.000803540267109393
3102,21.177613810932016,9.820491314245935,0.00011412306825076457
3103,21.142142484201646,9.7891541516121,0.00012993169695893337
3104,21.155017487538085,9.808416075758707,0.00043778400586109837
3105,21.12809178317525,9.78466612948824,0.00026846073780493313
3106,21.139088315488255,9.803561276667365,0.0002572838579961766
3107,21.1134960844011,9.786477930258657,2.9429354115404157e-05
3108,21.152230291691104,9.821252540661712,0.002121696132202278
3109,21.107022900748394,9.793283347412096,7.868282289763796e-05
3110,21.14154154000022,9.828744688324202,0.0009647918938169311
3111,21.125532463462132,9.829476485848797,6.612898306455327e-05
3112,21.125226955038347,9.84028814147547,0.00012826347323580833
3113,21.09241597498149,9.817204182506835,0.0002735728609721344
3114,21.121566117434075,9.845114490398554,0.0013981641417600335
3115,21.07440509205456,9.808644353310559,0.00019701546025052873
3116,21.060524509563418,9.791345562410317,0.0007875680840418368
3117,21.069783069782876,9.808662744524609,0.0003577667553430458
3118,21.106958577407845,9.84545962962359,0.0009484929640728307
3119,21.069722820008995,9.819810829244943,0.0002750501348361779
3120,21.077006017363793,9.833425004293465,0.00027998345685206554
3121,21.119348348103525,9.870394469007543,0.0027580102547542663
3122,21.11265710652774,9.876256561881553,0.00010192288253792386
3123,21.115033045531582,9.872746451988908,0.0015791597487427077
3124,21.083483362605193,9.850333561224398,0.00010403988123455469
3125,21.12257257508532,9.889539928802266,0.0012118065749117425
3126,21.151317639314016,9.922085451585517,0.0006882862070766988
3127,21.183076732371394,9.953468119369708,0.000987545293420967
3128,21.149625561542663,9.931307899066379,0.00023505909991576734
3129,21.157043377509094,9.946082270832774,0.00017110247672524212
3130,21.126099383932672,9.927556124783147,0.00019225433091288015
3131,21.112465876479945,9.916804711829247,0.0003959009276123677
3132,21.109167015829076,9.914202176089617,0.0004711600582573264
3133,21.143858465505996,9.947440171791955,0.001202788231516016
3134,21.139706002288115,9.943323836415903,0.00031644865433650457
3135,21.162059969067535,9.96806094569997,0.0005434664447247548
3136,21.155228412711526,9.963063934403374,0.00029413781221473886
3137,21.127693876192193,9.946583815416082,0.00017002283001457205
3138,21.100309758226388,9.932463136096551,6.441206557714446e-05
3139,21.06473382798402,9.91138687346241,0.000215563499252996
3140,21.034698956248388,9.888859202265893,8.81743444147633e-05
3141,21.032505179451103,9.898649640666864,0.00023993399741854382
3142,21.014141256588417,9.879349179372463,0.0004961201513775063
3143,21.04997862192628,9.91266422898568,0.0020881577133891253
3144,21.036616478895716,9.903561416459947,0.00043829007826538466
3145,20.989831329439756,9.873053726498082,8.78241258194903e-05
3146,20.995011604855378,9.874433142769018,0.0011861138285788942
3147,20.968234294739382,9.853166466385286,0.00016799949363291422
3148,20.932035121951838,9.820877253515276,0.00022171601335025209
3149,20.91263149833741,9.805383821244682,0.00028540280919430816
3150,20.941988312919467,9.837073653748543,0.0008792924189229825
3151,20.94945724542098,9.840152519636717,0.0011915691076323162
3152,20.919385147112372,9.823081427984553,0.00021739436129625858
3153,20.90308312583313,9.827627270854606,5.194374621466214e-05
3154,20.895888888763295,9.837838211372723,0.0001374162455203205
3155,20.933854473795225,9.875158938813206,0.0013536044826452053
3156,20.922394064133094,9.867027993464088,0.00024123152853086077
3157,20.89737058766524,9.848915016627908,0.0002567614354813547
3158,20.901619185296557,9.863557861839045,0.00038055680213466917
3159,20.862107631115656,9.83544388201976,5.603462648538607e-05
3160,20.851371113894,9.825573396513375,0.0003489541162521762
3161,20.805493088298242,9.79346242693583,0.00016752263154864945
3162,20.770747843399903,9.768278446105565,6.874061062965999e-05
3163,20.751119048095394,9.756977938881745,0.0003366530209724069
3164,20.79539450151415,9.794537202887732,0.005149843677465605
3165,20.833616070685725,9.830728220272297,0.0017731796835191095
3166,20.789305695016527,9.798183554909748,0.00011787984724968592
3167,20.81217704922052,9.82596671476458,0.0005865565730298029
3168,20.7835201664992,9.800524373453593,0.0002056039961838325
3169,20.768884807007552,9.806402950073759,7.086269609183867e-05
3170,20.774292437904133,9.820934845571424,0.00034235215868686603
3171,20.73951612428537,9.79103105298232,0.0003582248976707335
3172,20.703602020752328,9.761183112605044,0.00016770061810892007
3173,20.688035901494334,9.753419602457187,0.0001530812907634628
3174,20.683876697039555,9.744850893906237,0.0010883064043182042
3175,20.66339322415424,9.727481012290882,0.0003569657540161942
3176,20.646699444306453,9.713510893684347,0.0003953668782799684
3177,20.625061084755366,9.701303228891025,0.00021506539683839826
3178,20.66113497883736,9.73798484574621,0.0011302205004736802
3179,20.64061011606773,9.725390776028252,0.0002626391672755424
3180,20.64101226507012,9.722623904791552,0.0011795322869594203
3181,20.680598367882048,9.760119372432083,0.0018533486812816603
3182,20.665560053690804,9.739923636130658,0.0007221033279962322
3183,20.629610510777205,9.711324837041222,0.0002103082488252582
3184,20.648395396683515,9.735809380742092,0.00042124039361699834
3185,20.650737225111303,9.747872043791235,0.0002538428155471777
3186,20.679648225437177,9.77676417519391,0.001230155583991704
3187,20.673119497091673,9.771396826970435,0.00032221999079201777
3188,20.64893406671943,9.750431185318574,0.00016454073436446233
3189,20.657976817463556,9.753726291517076,0.0008985124710167629
3190,20.614557071721652,9.727330733400862,4.357638680224463e-05
3191,20.611740728968652,9.721963727285893,0.0009323960555350369
3192,20.638361169694882,9.750775902955265,0.0007920109839837366
3193,20.66764789575325,9.782465024315545,0.0007539398905110589
3194,20.65432045860902,9.77083989243957,0.00034833741105110813
3195,20.619975120567567,9.753959619086169,0.00011561398169017256
3196,20.596922006276007,9.733032109431607,0.000343464468565199
3197,20.631653099688183,9.76779170894022,0.000881863279421227
3198,20.612058835623348,9.754228980913407,4.275181883565272e-05
3199,20.654138621547638,9.790730024587845,0.005150617930727502
3200,20.62617355863191,9.771584946948293,9.800742671972797e-05
3201,20.598577956775465,9.74893305066059,0.00021995082140341282
3202,20.561383037792968,9.727734080747862,0.00016396809425416587
3203,20.52463579296511,9.706512585122411,5.707411019312082e-05
3204,20.556653692547915,9.738995143520677,0.0013120647357393361
3205,20.582854140063674,9.765999768203162,0.0006865306881063812
3206,20.56556095612605,9.770766741778836,6.005218952880901e-05
3207,20.52835442297914,9.737236858957289,0.0002110139684979951
3208,20.53177802058613,9.750384540443568,0.0001302279058557552
3209,20.51018588773616,9.72878516243077,0.0002863005056842474
3210,20.505517794835313,9.741313871202482,0.00012575984276179923
3211,20.486546476996423,9.741674647882686,0.00010453218596655529
3212,20.528658412430485,9.778074235121357,0.005692811422854786
3213,20.522502605870315,9.772223986146523,0.0005073481215726814
3214,20.50269608742735,9.756610752841812,0.0003394851951960927
3215,20.467751800459883,9.726149377381235,0.0002016658475551498
3216,20.434687880421315,9.70878452121014,4.511203022010519e-05
3217,20.381631372400786,9.673444411214629,7.125111761602564e-05
3218,20.4098433251147,9.70191293642654,0.0011786761757089062
3219,20.392578830175918,9.6841295298633,0.0004335493004628109
3220,20.416958684592817,9.71197575880139,0.0006863208278579343
3221,20.39303384269681,9.703762175289022,6.634336778686194e-05
3222,20.427192213780728,9.736933693178807,0.0011611835588285658
3223,20.46300076051141,9.772084340519836,0.00189894602094108
3224,20.489397296327517,9.800300380145682,0.0008269043144325665
3225,20.497852944018465,9.818910912060629,0.00038620989899480843
3226,20.52547094787743,9.852045351098571,0.0005444500885909104
3227,20.55211273376594,9.881786146834402,0.0006665267318715784
3228,20.547207904907307,9.8748727712837,0.0005702105171622394
3229,20.574725073062954,9.904626908368753,0.0006716981272267406
3230,20.59775372991114,9.932326960552482,0.0004331549034787628
3231,20.576246865409164,9.915144372943073,0.0003198112482657383
3232,20.607071346051633,9.949575125257374,0.000703444200529063
3233,20.595719923053064,9.957621662750476,7.94195018084194e-05
3234,20.579316304682212,9.96239175564619,5.125696777210164e-05
3235,20.56522652993488,9.969457101440184,6.518050495124244e-05
3236,20.520076451035788,9.931773682353661,0.015147197041805812
3237,20.51098753524423,9.923730596863301,0.00043861459092737695
3238,20.552149521256784,9.961193658796425,0.003266759089368357
3239,20.54083860953691,9.954480120938223,0.00025737685786343277
3240,20.532308397396992,9.947416258575759,0.00040611045509829336
3241,20.54624470713332,9.969695225816409,0.0003219905324444897
3242,20.56779800246183,9.995096595622392,0.000497914512672621
3243,20.509687164276546,9.958735247348084,3.315819288635646e-05
3244,20.49843985607237,9.962598512926629,5.0885030929790316e-05
3245,20.538055600467,10.000318949622768,0.0013951099233705958
3246,20.569561101828278,10.029527500556675,0.0016698264236973909
3247,20.553304325094338,10.01734195652243,0.00012515390835332357
3248,20.593417030915283,10.05306516219449,0.0019179165184277955
3249,20.58279440554276,10.056709027560961,4.943271123740741e-05
3250,20.553981200530924,10.038677806682415,0.0002829802753727011
3251,20.51574816224942,10.014487111272908,4.460247662636109e-05
3252,20.53306620109706,10.02558942267297,0.002576406683273316
3253,20.5148055534294,10.009530146853471,0.0006589216426824266
3254,20.47653847407848,9.982639275486115,9.22157575263582e-05
3255,20.509124832301648,10.012758369943294,0.002011466800090536
3256,20.55129642944808,10.049578640845693,0.005644752327055802
3257,20.517095271706943,10.027090797588535,9.642639506496261e-06
3258,20.526131184925436,10.043726313435966,0.00025510492691270255
3259,20.559512141363985,10.076928703295131,0.0014054552230146702
3260,20.545080329197393,10.060160554494525,0.0005726717182757219
3261,20.52481184670248,10.0470639590077,9.573506170069759e-05
3262,20.556044153591614,10.080253257412167,0.00106027885663836
3263,20.530069745913217,10.063330796047534,0.0003352940453969518
3264,20.51244406757712,10.054457661008891,0.00023383897383510578
3265,20.488015670315143,10.039299733874358,0.00036611329247746434
3266,20.519617730568022,10.071543411629435,0.0008835717951095472
3267,20.523997469253224,10.084760248697997,0.00016256980896724567
3268,20.556542435142482,10.116136953828537,0.0007286647290187748
3269,20.60028150034224,10.154332022582151,0.0029028780895294427
3270,20.58903263063365,10.144630647683694,0.00030788590179225603
3271,20.5919988612188,10.146211226939242,0.0009878289211461399
3272,20.57920801590438,10.136883733653818,0.00013859674638327292
3273,20.579170619425227,10.13290262691062,0.0009551083788011668
3274,20.61478315013929,10.166229315973357,0.001470581112838027
3275,20.58940411141253,10.144678070041273,0.0005838186330193093
3276,20.581025641298904,10.154228819118558,8.595138348158361e-05
3277,20.539015694469203,10.119086048775916,0.030601046568598474
3278,20.52498054180635,10.104238897416103,0.0004472272592655372
3279,20.516320985319478,10.112436414521229,9.750823516171099e-05
3280,20.55599368738229,10.152272666113651,0.001534304812925663
3281,20.572128691047777,10.174320016438656,0.0001989907991030891
3282,20.562257750994103,10.164255219080662,0.0006121263696832131
3283,20.595923276706532,10.194019854147756,0.0015342193080643066
3284,20.540683534432716,10.154650995477235,9.767263640464671e-05
3285,20.508328322722313,10.131685697105565,0.00012797475932760464
3286,20.539760275927716,10.162850970996677,0.0008693824586103578
3287,20.50129062531534,10.130576707986021,0.0003079523558328672
3288,20.53084266805869,10.164451684174017,0.000708414441096222
3289,20.535364759699583,10.182541215820997,0.0002438954766399575
3290,20.559366034271925,10.211952673764259,0.0005268413920890086
3291,20.556013130505402,10.224765465325943,0.0002294414465928913
3292,20.543275937174634,10.227823409930645,2.538938151329907e-05
3293,20.5912197215885,10.271979342946668,0.0024021072184206693
3294,20.538514304635733,10.234000724583607,5.257497677030156e-05
3295,20.491255317432397,10.194334521912152,0.16334392865217398
3296,20.466768748743057,10.169314356808997,0.0004904323866285926
3297,20.438726448439393,10.149145727688975,0.00021395568027175532
3298,20.414876411947326,10.131560244080937,6.664673669395336e-05
3299,20.448771779259605,10.16743370954902,0.0012143144562674283
3300,20.481541883312985,10.201289752701078,0.0006749932719264075
3301,20.451952704282807,10.175069858939501,0.00027178364369367686
3302,20.39539364029403,10.136593877794766,9.577885915492632e-05
3303,20.384737155255802,10.143155078801254,0.0001444649346714364
3304,20.42083245747818,10.176359052625841,0.0014452139982323088
3305,20.469019959853913,10.218226505761507,0.019994980477326608
3306,20.468516679303033,10.21281967005479,0.0016016223064316808
3307,20.507889402751566,10.25019446301035,0.0013492584342132085
3308,20.509394162943167,10.263766301695377,0.00027248184972912635
3309,20.54684119630237,10.298911941465898,0.0016612141147824694
3310,20.52804159211142,10.28759560131625,0.00012384212286838174
3311,20.51036930192847,10.272560876810354,0.0003495566206391915
3312,20.49665630142682,10.260993738276568,0.00046534266372473846
3313,20.513554851175797,10.284826897157666,0.0002621380585640944
3314,20.551463844693107,10.320952336851104,0.0013119315203187838
3315,20.540116724222038,10.303941285799333,0.0012856160456336124
3316,20.579278874786105,10.340152648135689,0.0013814518165831838
3317,20.548570619424744,10.320989375589264,8.459350606096324e-05
3318,20.568875601356805,10.339050736925218,0.001342616943196131
3319,20.566943058368903,10.33736548756199,7.781418806250627e-07
3320,20.566529422169992,10.333200006042365,0.000733370685202426
3321,20.56015297177704,10.329051886294135,0.0002084551391341167
3322,20.521223561703238,10.30420008285005,0.00024837926641080836
3323,20.573381988627162,10.348734456074872,0.015986216714709588
3324,20.603512715589634,10.380965588156283,0.0008595009754161594
3325,20.652885951753216,10.422729345096968,0.00645877299568498
3326,20.693814096186195,10.460978920052534,0.001339810084381362
3327,20.687316676081796,10.45091289175685,0.0010130437534128184
3328,20.72233377289815,10.483105012547389,0.0009650841157444321
3329,20.671267256815042,10.444365406056072,0.002637727306014047
3330,20.659547521632874,10.431965079809897,0.0004298546384364274
3331,20.63530818767095,10.410594429555832,0.00023428605726865032
3332,20.632761361387516,10.404434152312438,0.0008181609211627908
3333,20.572660258985508,10.365726176016592,4.9688412703931206e-05
3334,20.57722158466934,10.364626911669971,0.0009468663998749061
3335,20.54718104050905,10.338193896058062,0.00024798203507355024
3336,20.534722595242982,10.327230317933926,0.00043624632741010906
3337,20.49928270952435,10.300153098853567,0.0002710832374333722
3338,20.47395199921006,10.27590356639549,0.00021576163159024145
3339,20.48762739324619,10.281003606899517,0.0027772509628084725
3340,20.46210998539733,10.259387725441965,0.00035343338019200977
3341,20.50929339568723,10.30116247949736,0.004084622077279654
3342,20.547205501571938,10.339519305615694,0.001599645609381264
3343,20.505872087473936,10.31626519113767,0.0001681267751585921
3344,20.535983338295864,10.347675841956033,0.0005290173564406384
3345,20.501074815085023,10.318660725896102,0.0002642832823640097
3346,20.468604558569538,10.293808519374165,0.00039772272000249506
3347,20.511376435419237,10.334217502144453,0.0024655793166763968
3348,20.510536970032632,10.344748175606911,0.00031471943423568027
3349,20.516727519467008,10.363650366566198,0.0003060413739123735
3350,20.51861575196929,10.375989851699295,0.0003277956372692888
3351,20.54836861246621,10.409036711757402,0.0006014676045151629
3352,20.56381917596123,10.427737892920145,0.0003297223946048766
3353,20.553742895672865,10.415757115511035,0.0009754669940830854
3354,20.500527875169524,10.372678958007462,0.005938517211243401
3355,20.44994834267129,10.339346561905543,7.6818883175331e-05
3356,20.493926781723157,10.37940142330639,0.004048658360912635
3357,20.54047932041938,10.418436902531377,0.017467781271963786
3358,20.551129705244232,10.435634586305024,0.0003631698925993339
3359,20.58823493499828,10.469039819605037,0.001999673575099294
3360,20.621518026427026,10.500228349829854,0.0010182532211585374
3361,20.664725057567033,10.539922154033452,0.0021511164556460615
3362,20.676953007405558,10.560734848129773,0.00039374089101660344
3363,20.658217099690876,10.543435067512986,0.0006697804868129512
3364,20.63012675726078,10.515829446428606,0.00037825305985539766
3365,20.62173098765539,10.52638222969264,8.048535312540687e-05
3366,20.657254843425605,10.560597619505115,0.001199232712394199
3367,20.65905997974571,10.574963867452606,0.0003045367693147323
3368,20.62343702186478,10.542752354041545,0.00048012930682193514
3369,20.61070323331183,10.527953287668717,0.0010860960956302072
3370,20.57228507871158,10.49523474043724,0.00021613468339357742
3371,20.581630717101532,10.512366281749628,0.000212617294711856
3372,20.629683951375092,10.55395537155415,0.006396444373740815
3373,20.58496199335923,10.532983838873127,4.084749952370283e-05
3374,20.577544286097773,10.518583395122034,0.0014003930881326635
3375,20.54113266334762,10.491550791988688,0.00021681652655573987
3376,20.53580782099411,10.500694327365443,0.00010770872838253169
3377,20.545450568137305,10.51890023563236,0.00023013659416229657
3378,20.56268830476344,10.544388532870533,0.00038245389408363487
3379,20.574828041263622,10.561432457216444,0.00022579628517286872
3380,20.5496548525832,10.543783780295795,0.00022678096041492505
3381,20.54058710255322,10.532516864283181,0.001483429942175629
3382,20.580074560291976,10.568658006682824,0.0012745658077056635
3383,20.549913801834368,10.54630873342605,9.159054299108498e-05
3384,20.514595026766447,10.51581255506426,0.00019717402858886684
3385,20.559984926242137,10.55715608436236,0.002949987274455019
3386,20.540977732712406,10.549175767514695,0.00016389611711086185
3387,20.516533098915268,10.523297190388293,0.0007041806922955325
3388,20.50005888453731,10.510628552767594,0.00013534026435303113
3389,20.537251456040778,10.545418228048792,0.0022408949346121193
3390,20.50341211431012,10.517365416226017,0.00016595728411765353
3391,20.489386498956076,10.522386378142018,0.0001504037963996355
3392,20.48209935746698,10.512130981336599,0.0007820870685048846
3393,20.440625000431673,10.478906522096857,0.0002006741476210253
3394,20.441453750137153,10.491984260064768,0.00028526691520130727
3395,20.41661561234272,10.47573391461905,0.00024130337676628771
3396,20.380233059594392,10.453773896035871,0.00022131520510679155
3397,20.372243271931872,10.463097801657998,0.00016079081521460362
3398,20.40741247804167,10.49622862698354,0.0012279584439811085
3399,20.384082060238054,10.477291520047821,0.0002281572191314126
3400,20.36569055631004,10.461635294706472,0.00042770534206461785
3401,20.375923826445216,10.4818490623938,0.0004342381323165184
3402,20.416515793891904,10.517971565075305,0.0028292484025254326
3403,20.418138667761664,10.518390842525001,0.001018776577810743
3404,20.395819417873167,10.495392573446473,0.000503701381871592
3405,20.353272541589217,10.471381257004248,4.184931814792393e-05
3406,20.390403711775804,10.504752341748983,0.0020710376099609524
3407,20.386016409897866,10.49253110266423,0.0020390134727149923
3408,20.361196369456486,10.482943807325402,0.00011251230489738635
3409,20.357077589018765,10.472319747556375,0.001643448188765704
3410,20.362668957919208,10.484307570134627,0.0006076297965874358
3411,20.401057074934993,10.51932480431212,0.001630788496175893
3412,20.378923474688015,10.505895220723307,0.0002074338668961138
3413,20.361113523015756,10.491367831973989,0.0003616968155536715
3414,20.34620863279205,10.480658476900343,0.00014368347550642585
3415,20.386481486908636,10.515345736719835,0.010342279360108992
3416,20.41348259354526,10.536757698057801,0.00180766085546304
3417,20.366834850387896,10.5064743814077,2.800993493996581e-05
3418,20.381601534849874,10.527403577519276,0.0002189153357341816
3419,20.38738538629743,10.526627494405385,0.0011592935805761235
3420,20.362136458090145,10.507866030390264,0.0006505208699423526
3421,20.345075306097158,10.492635549089906,0.0002272609128008493
3422,20.343356019893342,10.488517893095644,0.0014852786450847354
3423,20.30328539047518,10.454930227448767,0.0002450447931564177
3424,20.29382383906447,10.464296272871934,8.211854974648571e-05
3425,20.32709475337301,10.496866134679388,0.0009388195676520894
3426,20.272963885413702,10.457062614118797,7.687239686090139e-05
3427,20.274544517554812,10.472906294807084,0.0002740505087917826
3428,20.319866850648204,10.511692660765771,0.0018854846233276683
3429,20.31046308088953,10.49825986246292,0.0010740688176007933
3430,20.266433272429477,10.463700952696195,0.00015937481626939455
3431,20.304458699807892,10.499047379143132,0.0017439673818640646
3432,20.27682120388456,10.482453397789593,0.00031089542028035386
3433,20.269913156645888,10.470100257481462,0.0011552317841267994
3434,20.305422038772964,10.50432694470337,0.0008326019373410998
3435,20.283610333606607,10.486959357412774,0.0003720361580795283
3436,20.274105356853358,10.47474836997993,0.000565724488278367
3437,20.25243180417846,10.452194647295498,0.0006032688450143543
3438,20.223081513227203,10.447777073515802,1.1871424886942595e-05
3439,20.220938383085397,10.441697839233884,0.0010219259969042951
3440,20.20756247910355,10.431860583029968,0.0001742586547993089
3441,20.211394665008694,10.432646675884582,0.0007987894717489591
3442,20.17877726232277,10.410938220225212,0.0003254387461038815
3443,20.18092618882399,10.426365201463208,0.00016793455518076804
3444,20.215772960715295,10.458977832571994,0.0008983817299382225
3445,20.225973395953716,10.481098896574112,0.0003683839426786992
3446,20.192679272551686,10.458637428384542,8.373407731881522e-05
3447,20.176372028188812,10.448259420987311,0.00015925882945754406
3448,20.16600004491732,10.437169208032516,0.0006498458426685884
3449,20.150466999238123,10.43671475838697,0.00011760089247038652
3450,20.202074174098573,10.479442328458825,0.017504393185877713
3451,20.169245644220883,10.468860170450286,6.873472577896818e-05
3452,20.161954927122427,10.452367660152554,0.0018224294351273035
3453,20.172000863112622,10.457366744044732,0.0012895089610416113
3454,20.161973488557557,10.449258461325673,0.0006188641808880105
3455,20.106068666464278,10.414792304633277,6.992935085696853e-05
3456,20.085857337180954,10.403596952542857,0.00023254814915874708
3457,20.042178004397073,10.372685832305695,0.00010115733486308012
3458,20.06343642976092,10.39908168503561,0.0006266218347286263
3459,20.011354736626625,10.356762285141219,0.014255158920433424
3460,20.015220019751432,10.371857015537431,0.00029898993763004955
3461,19.999841032448188,10.37871972508921,6.186776097456386e-05
3462,19.99331598490352,10.368550502883563,0.0006505859179379282
3463,19.96841413699427,10.34137262158357,0.0005923333234340382
3464,19.96229221627713,10.33423501444563,0.0008486884264752682
3465,19.98001826723372,10.353860187520436,0.00040155027954133477
3466,19.93126360164634,10.313551444051578,0.012884858196847452
3467,19.89699504635843,10.291760190603428,0.00030916566431600506
3468,19.937485343954336,10.331044992668607,0.0017607617153016556
3469,19.943331534616966,10.34536359101865,0.00032167997566596567
3470,19.94219264389173,10.34178717086469,0.0010023790249608325
3471,19.93122683851863,10.349366967930788,0.00014390706648589654
3472,19.912011504904385,10.334594528606047,0.00027910546550833336
3473,19.897063230530577,10.320536699560137,0.0004165910517382516
3474,19.89429068835438,10.313310507100338,0.0011214544534817233
3475,19.936412543238877,10.350447613173896,0.002497005196789586
3476,19.95206713064151,10.371941895098205,0.0002948719034938232
3477,19.921967486731223,10.343896915656863,0.00033700975138888296
3478,19.961200659406774,10.378675330365516,0.0029711903327631
3479,20.002671839913425,10.41780860151183,0.0025182228733983507
3480,20.03794194353773,10.450264552706214,0.0015976312389624147
3481,20.007932187813353,10.42795636106649,0.00013328936160321677
3482,20.03131198611718,10.446288962233227,0.0017458760060017624
3483,20.06169029780976,10.46970670802434,0.0032550814759115484
3484,20.039944684643498,10.457480322605901,0.00022129257212182086
3485,19.995890293518862,10.422765472742705,0.0001363531998818882
3486,20.003022450200078,10.419236929501412,0.009122135761438766
3487,20.013285695284193,10.441565053280296,0.0003107498849403003
3488,20.007663788566603,10.430802715355892,0.0007841274030922576
3489,20.00684879092094,10.420277787699357,0.0027574467836710198
3490,19.989340172888333,10.406928946491293,6.784396300282324e-05
3491,19.943683077102317,10.369969026358914,0.0021791287058496836
3492,19.931834680174433,10.376850559599504,0.00015616518532136488
3493,19.890269557824936,10.349510595484034,0.00017287463902224685
3494,19.91037936281518,10.374208707498942,0.000642326599583589
3495,19.894368264777253,10.353097811528732,0.0011343604779599664
3496,19.93058022857839,10.384687368702286,0.0022227938963605017
3497,19.960192161693826,10.414788558534706,0.001017056310677655
3498,20.005550499841764,10.45361562236071,0.016509719847959434
3499,19.98584284058182,10.43698802076706,0.00036694119088471046
3500,19.964663334122125,10.414609391671782,0.0006456780998899607
3501,19.965248114556644,10.426575289810645,0.00021527922855274322
3502,19.97068748223148,10.431376402809237,0.000892097201411576
3503,19.958340667591045,10.4177656545796,0.0006825003198849005
3504,19.94395146941068,10.415414593808523,0.014964308824453047
3505,19.93550629117801,10.425170834155129,8.647087949246443e-05
3506,19.92788521600204,10.43574928628774,0.00016411451275610709
3507,19.896333901356567,10.416080394312264,0.0002202249095470818
3508,19.84481991078064,10.374578581841085,0.004321624508751813
3509,19.845142549926553,10.38320540181991,0.00051699145266132
3510,19.870415561688073,10.41056022885175,0.0005481063909999264
3511,19.823781289804092,10.37198930408719,0.00638978343239112
3512,19.764485108733997,10.329858950348939,9.065552131571447e-05
3513,19.777340933003664,10.33460220735748,0.00567602537759765
3514,19.749059176820932,10.317725572905701,0.00012422589315203302
3515,19.734170967275283,10.305138027915085,0.0004114783776222927
3516,19.704359569103865,10.277088832261352,0.00034216186277489656
3517,19.665422748761152,10.246924272597496,0.00012375091885952723
3518,19.714268192264466,10.290177843174158,0.005360186039876967
3519,19.695898427788748,10.269957934930709,0.0004883516727446095
3520,19.736401863937786,10.30899437462279,0.0015603007935740497
3521,19.78329390451514,10.350518128819651,0.004805754232268025
3522,19.755339322305023,10.331420845810042,0.00012498007989867054
3523,19.71711393661563,10.309398464026936,1.3457552450028156e-05
3524,19.692663833829418,10.293891777633858,0.00038659445956244586
3525,19.651627766853274,10.257765250397352,0.00019521326433851352
3526,19.624135636124453,10.235874991162666,0.00017306747429640643
3527,19.603122450099384,10.212437200647225,0.000638983936854653
3528,19.629784811226344,10.239264605514519,0.000576694206748346
3529,19.640187398153042,10.25523412176901,0.00022313184226324063
3530,19.642463966754097,10.252908309972844,0.0006185215549974012
3531,19.689788186828977,10.292554903253905,0.04964163779256931
3532,19.72045831177899,10.324002723073113,0.0009692565301642658
3533,19.731828328505184,10.336914887173121,0.0002618586135313178
3534,19.73129683134695,10.331704370071588,0.0012582913441594127
3535,19.721540587693703,10.32160416684495,0.0013196661023561324
3536,19.762548957637335,10.357944456391301,0.005191450759233322
3537,19.75468162886489,10.344690857807956,0.0008483157104791245
3538,19.746595383004546,10.336447551838473,0.0005396076346898582
3539,19.73213013026842,10.3188473216761,0.0004528361731991851
3540,19.71729103649909,10.305177915963117,0.0003046058182808678
3541,19.712404114868505,10.310184924167695,0.0004569633582870699
3542,19.731761464163675,10.331453007964045,0.000376735390208495
3543,19.764712701314863,10.365834015149971,0.0010125120052326061
3544,19.76199831718536,10.374142968365662,0.00013302536802879496
3545,19.798413119754322,10.41069411539876,0.0015343996925146891
3546,19.742078413733896,10.375521010779376,9.318579014412833e-05
3547,19.756108457113438,10.397026370256476,0.0003427307732410718
3548,19.752497957392045,10.391181003500968,0.0007693801656850786
3549,19.768743479675084,10.411422084761512,0.0004880994379153424
3550,19.780983412179864,10.427688762368243,0.000255822849142874
3551,19.750491073999232,10.401199645817721,0.0005515700516247583
3552,19.76133403472632,10.407664014387988,0.0013337567225360281
3553,19.797898928388708,10.442944685304516,0.0017988113577447294
3554,19.830056991394287,10.473703496236384,0.0008845704001095718
3555,19.83603685235202,10.491535029920506,0.000324120486815445
3556,19.81213903532359,10.471299704419797,0.0003557834001587907
3557,19.813713481101274,10.47926417047111,0.0005447260247177502
3558,19.797488460903747,10.484642628669283,0.00012686963124652548
3559,19.7902804130644,10.47357295972302,0.0009456216055529848
3560,19.76395810474703,10.445862174470182,0.0005463343148836569
3561,19.724374445621415,10.423211733565813,8.987140593099153e-05
3562,19.767126142662157,10.461765199911502,0.002931293401994935
3563,19.77764068232959,10.463626552345424,0.008356460325129923
3564,19.752918234422268,10.438492367659798,0.0005831781992607094
3565,19.75055942041656,10.429231386760918,0.0010329837404589714
3566,19.713137384379127,10.39420888670671,0.0003671124745791544
3567,19.728297506393375,10.407430349910204,0.0009927344754014791
3568,19.700568399657804,10.38674186852269,0.00014393426467873164
3569,19.693528978595108,10.381567444208583,0.0004955104104006372
3570,19.65288710669243,10.351481564509458,0.00014776241265827467
3571,19.64853951791173,10.338679052419682,0.001955290704560387
3572,19.681800689356642,10.368950025270122,0.001684372287532552
3573,19.664650759619242,10.352908541404656,0.001070683858402761
3574,19.640011670905803,10.33158634364878,0.00034296844782735633
3575,19.626537270583977,10.328130912200594,0.0003918898473855509
3576,19.632061732270433,10.322840834642543,0.003540718894738498
3577,19.612075950086762,10.300152338805844,0.0010548339911316635
3578,19.652824428000844,10.336316635901488,0.0032675394897749236
3579,19.63455695772934,10.32081776367284,0.00036713099904701836
3580,19.636865363338803,10.314996824210063,0.0024587325774774586
3581,19.67139618072985,10.349208088012132,0.001107565304315176
3582,19.70195087724151,10.380681277124978,0.0009601259755475736
3583,19.739738259016402,10.414616555462368,0.026009435205152375
3584,19.771724328840257,10.445735652934196,0.000841918500456413
3585,19.817441716804478,10.487498315679904,0.003389045078539485
3586,19.77746877298029,10.470217788908174,3.5758374262441905e-05
3587,19.72401098820654,10.436371045429635,4.6904385203623587e-05
3588,19.689723324706097,10.415739381387718,0.00013098850417602172
3589,19.637859210580718,10.37481691429707,0.0025370281095482817
3590,19.598475370804955,10.341391549890835,0.012231650090115741
3591,19.583620537852756,10.345878512949419,0.00010292705410997575
3592,19.594645258360202,10.36482334033185,0.0002610971961179353
3593,19.62231337371814,10.394894310850237,0.0006068059764440046
3594,19.628830834501493,10.396749756193612,0.0026117288433066435
3595,19.671975940356088,10.435345827629918,0.0036823053227312778
3596,19.643751981435855,10.41096759138285,0.0003058463886157814
3597,19.625968362383095,10.394617244640111,0.0005586881847275912
3598,19.666505224799266,10.430048621864955,0.0019692107136456975
3599,19.644619433375514,10.423102611231952,0.0023793347885524988
3600,19.619369022171522,10.401950278876486,0.0002706317283738658
3601,19.663020517090043,10.438208053074716,0.0039826997056642294
3602,19.70622721526492,10.478260171471172,0.0021122997641179176
3603,19.752243416419066,10.516843313931233,0.0027498957973668865
3604,19.733418177490194,10.501646822067464,0.00015093622691977332
3605,19.765927637236594,10.533361097425336,0.000745857583704945
3606,19.801010043860913,10.566782691488928,0.0019043270208335364
3607,19.784675754873227,10.549140431513251,0.001085709098091736
3608,19.829508166022194,10.587994332535994,0.004705597239480209
3609,19.833881469239095,10.603765396945937,0.0003501908020385518
3610,19.77964909617742,10.568834251799547,0.00012293076263869218
3611,19.820169303547114,10.6054776693352,0.0024610306212985334
3612,19.8068801033825,10.59710995509132,0.0003680654338536526
3613,19.76354197285219,10.564457180806517,0.00019266975998848466
3614,19.763748540022455,10.561731647759562,0.0009207341409265377
3615,19.77345031677949,10.584027402400343,0.00040184872831148263
3616,19.720353046522703,10.543132827447419,0.002316868923573942
3617,19.692338873819686,10.525111471054773,0.0002585936132807815
3618,19.664057169776946,10.512464709592463,6.096451442294082e-05
3619,19.636684156915383,10.492119019127406,0.0001333087678349509
3620,19.62787132872828,10.487842565768181,0.0003638928792589618
3621,19.570624575973252,10.448453550134024,7.333138686657135e-05
3622,19.561401897268478,10.44081007230549,0.0005126818263099734
3623,19.541484547336207,10.421903024217508,0.00036488972925811757
3624,19.525899316523798,10.427697263095453,7.910971599732518e-05
3625,19.55498455105552,10.458432162940525,0.000730547584627677
3626,19.561368009388612,10.45569762221192,0.004037225010945382
3627,19.566098539699166,10.469195722032072,0.00028759307385183263
3628,19.550014677077243,10.46096294205687,0.00020203420964697147
3629,19.557721180337275,10.464325115293839,0.001736104087639246
3630,19.572982565345043,10.48547278098666,0.00022800713968558825
3631,19.555877497701644,10.465402630126913,0.000577851627647461
3632,19.540143974402937,10.44883253361573,0.0003920698104647671
3633,19.527445202223415,10.433110788535556,0.0009453438785158051
3634,19.486926595208246,10.406529007880126,0.00012740886544388043
3635,19.480712836176817,10.395669294629323,0.0009837130338654799
3636,19.455835541815464,10.39427887591713,6.340389937452563e-05
3637,19.476167074041385,10.417091709309966,0.0004648550368571121
3638,19.488477903930217,10.42040704209865,0.0034240800622689096
3639,19.439855243995343,10.380390041549127,0.019271863409703296
3640,19.404188784231923,10.359063518853542,0.0001699198583451846
3641,19.389498823591737,10.346681626857068,0.0005600942503795235
3642,19.373587338675815,10.337176223975725,0.00024925499927644265
3643,19.358149014966042,10.340803045622359,0.0001547156231613363
3644,19.34895885436004,10.335590313482367,0.000192618973871323
3645,19.309611052678573,10.305468210632425,0.0002520945512723377
3646,19.295872351092655,10.285643747261151,0.0012208264504603532
3647,19.269418444055823,10.267880109770164,2.182238984300882e-05
3648,19.237379981379142,10.246988788131109,3.359506163432712e-05
3649,19.242567999823244,10.258558731271009,0.0002022829933762003
3650,19.22382873974729,10.243302573604842,0.0003638634339869737
3651,19.207587516235698,10.222568933035982,0.001151495683852424
3652,19.246822034537086,10.259946386976317,0.0025196872438010783
3653,19.260517793735595,10.278607073957083,0.0002681767318029746
3654,19.294555126903614,10.311254001546997,0.0017668857262398386
3655,19.29176002493635,10.303777758009314,0.0013149935502226955
3656,19.262355224287347,10.279939495649172,0.00014232709367765822
3657,19.247368608186427,10.269704853657148,0.0002481914576314151
3658,19.2821408507811,10.303521620261463,0.001874853506259141
3659,19.28282846954922,10.29781513948729,0.001957731034842248
3660,19.261340502225814,10.28265378259826,0.00047619350241916554
3661,19.263646150850636,10.297459477770314,0.00030590548847723493
3662,19.300034025788083,10.331205433948329,0.002067508097556339
3663,19.32674611952981,10.358068648323052,0.000779262331178688
3664,19.313548399635046,10.361043501563927,7.19882750103175e-05
3665,19.318383851666738,10.37667320777136,0.00020156976731194062
3666,19.364542911266465,10.417428389533761,0.006259963070779548
3667,19.356984317612362,10.413673990676394,0.000780619347880157
3668,19.400522300288856,10.451043807184078,0.0028810454531441056
3669,19.43082817307036,10.481215875483983,0.0007722406540375719
3670,19.39890997301645,10.475940691104897,1.1143019260483823e-05
3671,19.392523411209073,10.474071880957146,0.0002487208983055777
3672,19.428148933730846,10.50604344782875,0.0026973364732291055
3673,19.416340035292937,10.497091372738016,0.0002928317833471547
3674,19.392242438130737,10.473870593468178,0.00046709014550030243
3675,19.426834985889396,10.510105461688411,0.0013520470076934556
3676,19.41732138048637,10.496796831954384,0.0011658726030534033
3677,19.385650681061502,10.473983606663062,0.008624101139117497
3678,19.366003743365646,10.46539293227442,7.531137533976933e-05
3679,19.368104812508257,10.477810618963307,0.00022647698359883585
3680,19.375459782786756,10.475021615549405,0.02694372858844425
3681,19.345092708853144,10.452926252687563,0.008077738426338426
3682,19.28981702393879,10.414415558618296,9.062321728282021e-05
3683,19.29645868291173,10.409250549182019,0.014673897531422547
3684,19.284414272693883,10.397212915527476,0.0006022218031896741
3685,19.27260563372938,10.395801208879789,0.12840122615091834
3686,19.25849225491246,10.386405989788464,0.00020494559684762143
3687,19.256889955900764,10.396813113271547,0.00014768867226491725
3688,19.21422411565912,10.37445891006036,2.7186405596921223e-05
3689,19.224951009734234,10.390264599256879,0.00020836671221250068
3690,19.198992487073195,10.369562845336983,0.0002889845666916102
3691,19.1883511833538,10.376347323159282,0.00015791388088500828
3692,19.219049685858273,10.405541739024757,0.001079863493113987
3693,19.186910798030787,10.399854511065083,1.1991204833547966e-05
3694,19.224439695155695,10.435587611520003,0.0013320211181629884
3695,19.209231597932188,10.420432983662236,0.00042866330000354666
3696,19.155347566886487,10.387793704705889,4.645836768948785e-05
3697,19.106531166429335,10.348222441003145,0.0028083555543331686
3698,19.118063282350597,10.368195985421899,0.00027473663221371105
3699,19.07090503985333,10.32967571783903,0.005567002656364314
3700,19.064096304856253,10.323824302285479,0.0002682185794048239
3701,19.01923395953618,10.286282577970523,0.00995650000234733
3702,18.972939424823387,10.247394631956608,0.011783609821451274
3703,18.933562135013236,10.21549150314876,0.00025652315934036315
3704,18.93756489606358,10.23076483743917,0.0003074502652222219
3705,18.97143788545579,10.26148275982294,0.0010593167955111806
3706,19.01721863528465,10.303115516553504,0.004863377856626723
3707,19.044109645663468,10.330550965354817,0.0010743448934315957
3708,19.043158487392944,10.321434982906629,0.0029638806738750676
3709,18.997436395666092,10.289500198720443,5.868829134113698e-05
3710,18.967550600565,10.27093640202057,0.0003263040459088392
3711,18.933108709460868,10.246637041502488,0.00012582672099162548
3712,18.915006749681808,10.235007013401441,0.0001992746650932254
3713,18.943356356893716,10.2617119568763,0.0008427135918113689
3714,18.929941586655264,10.246932067672772,0.00047524140866954926
3715,18.958374171747497,10.275668174717161,0.0007703745523152889
3716,18.947749714000825,10.283565942684168,9.141044844005535e-05
3717,18.914419909885783,10.25870048199981,0.00018472320368343123
3718,18.922316962290527,10.276453558027756,0.000375197248559824
3719,18.94674457024239,10.302720860216008,0.0007882997098804
3720,18.967867976753695,10.315252392912635,0.006765035674980331
3721,18.959088459290665,10.301587998768186,0.0005684508024223338
3722,18.928038095623315,10.282523392529358,9.658537191085607e-05
3723,18.913850086213582,10.266665052977952,0.0008925268496079479
3724,18.895850817039598,10.248343017180378,0.0006914129251137326
3725,18.905825555721716,10.264955621696078,0.00031596404748108125
3726,18.852153912615808,10.2280176351975,0.00014846314177911042
3727,18.822756085118666,10.199311664499888,0.00042576210815760326
3728,18.809995348852592,10.190748033945798,0.0003328901571122996
3729,18.77916469290545,10.160711988275787,0.00033842817952343355
3730,18.747016422649388,10.140855179472629,1.7834195540441765e-05
3731,18.75673591792259,10.158984623746681,0.0002022420733367533
3732,18.762258626307048,10.175921960192255,0.00032894901339452815
3733,18.76913500329148,10.173319622307364,0.004735883855192628
3734,18.726119923923818,10.138265781099086,0.00013065765871171685
3735,18.730579707892712,10.153862332411258,0.00026723442389237984
3736,18.753683141581725,10.179179256146446,0.0007579438799177853
3737,18.748691416922274,10.188503267117783,0.00015315847786627116
3738,18.721745809267894,10.1718129405628,0.0002482167816853852
3739,18.730017769622126,10.189698458519459,0.000381482794014488
3740,18.774697494840197,10.22754222849453,0.22200413504778319
3741,18.73954604227462,10.194209994484359,0.0003628315603342677
3742,18.779020526492666,10.232465831771595,0.0017587309698570176
3743,18.73971607836255,10.207728912053136,6.11533761819627e-05
3744,18.6845708357988,10.169987766991351,0.0001358546273312312
3745,18.693695467329245,10.16679190699758,0.016345400227559884
3746,18.6971205457526,10.162301068906334,0.0033929091426877682
3747,18.653775047827413,10.126245618091716,0.0001747853450919438
3748,18.619943612670763,10.097192738206209,0.00031443055719729756
3749,18.574928892763587,10.078723304589976,1.2845648165532619e-05
3750,18.589930479569862,10.097555251244259,0.00032488912578835296
3751,18.58621686004171,10.08890150169135,0.001524525604641694
3752,18.577357641636993,10.084465096535762,0.0003574334457597827
3753,18.537005297376023,10.058170987651062,0.00016355935739891802
3754,18.514535936405043,10.040556430168357,0.00014697755841616366
3755,18.478859043543004,10.011602912883564,0.00024349178111779415
3756,18.46765736156644,9.995081497402426,0.0014527661346763524
3757,18.455889771800333,9.976266803172374,0.0011235802792918736
3758,18.460531502608877,9.971365471012273,0.01260429199575428
3759,18.459453983394216,9.966214782488263,0.0009068113418007126
3760,18.466215760635208,9.964786690681105,0.0018748140232665955
3761,18.50598563041043,10.002398783756698,0.0032581144299826184
3762,18.49897835715174,9.993585173619314,0.0005596369661959095
3763,18.472638819127226,9.973969222213242,0.00011278642070770259
3764,18.482117786077325,9.974316756021981,0.03465360435734081
3765,18.480908880554853,9.98364924926534,0.010015546765495046
3766,18.45444906086198,9.966942624960975,0.00010532108238646789
3767,18.445363692122605,9.957894998085488,0.00075681233491812
3768,18.4221801315431,9.940523031408034,0.00024001805258824793
3769,18.408683720942243,9.939898211516887,0.004015682050566799
3770,18.387269804276315,9.932352551051983,5.5706737857696266e-05
3771,18.420262096459194,9.96522643541272,0.0013067397603731177
3772,18.408626885858666,9.947852451259507,0.0016956955604129594
3773,18.374913863328338,9.92116414438521,0.0001248811836534586
3774,18.35345633730239,9.91542983233267,9.814294627983195e-05
3775,18.31061753097613,9.885375958611068,0.0001248933552910922
3776,18.282433303508828,9.869157086091397,8.778798905104083e-05
3777,18.26809526980051,9.873662915605808,0.0001441580174809105
3778,18.293828676514046,9.90337759062551,0.0006742958990623094
3779,18.294703703832308,9.915020147463517,0.00015589053230711115
3780,18.30062882970961,9.91699634980306,0.00228383386886024
3781,18.32988526093047,9.94455119835689,0.0018654700886615496
3782,18.32220869318465,9.929500953929036,0.0013313585150754516
3783,18.35931162878773,9.963966921863017,0.004076148188871065
3784,18.37202159554608,9.983217813503364,0.00022115195532894087
3785,18.393618897409734,9.995826713408336,0.011677723900842598
3786,18.386600901898454,9.987447777653964,0.0004041542926932958
3787,18.387314406614113,10.00024162238531,0.00034608691223830655
3788,18.38166684825157,9.986677685987658,0.002912363963861197
3789,18.383131237365784,10.001309169024278,0.0003358947303524277
3790,18.357977370095202,9.985844818380734,0.00040047318035261586
3791,18.357690146662573,9.983837303437333,0.0004926244150064162
3792,18.317076326026573,9.948910174904938,0.025249250823114217
3793,18.285971178075982,9.929025823202192,0.00044121815333582234
3794,18.26210604240568,9.91645739519295,0.00013864341315223682
3795,18.256031004072973,9.908503511556964,0.0004394489129458464
3796,18.224644233964504,9.891790835769717,2.0397695633850024e-05
3797,18.266722577813603,9.93012814931217,0.004112376839560584
3798,18.309225932724864,9.96900889224778,0.004190834886163038
3799,18.34377898048009,10.000153556910426,0.004682968724984395
3800,18.37693197092132,10.031973520450864,0.0013872679392172072
3801,18.350234002294567,10.00473605582173,0.000559012519694682
3802,18.34456316697969,9.998433378577396,0.0006974818899707902
3803,18.311961308856226,9.991245287775762,1.1411866765466622e-05
3804,18.291382021438267,9.995212361740371,5.792706628570724e-05
3805,18.280781819919028,10.001244143147137,0.00010614210863764306
3806,18.3218552326903,10.037109441818862,0.0022970017994479457
3807,18.28665655134356,10.009387543013249,9.197475895213447e-05
3808,18.240342566414192,9.974215249938856,0.00011457429733721723
3809,18.264907760475186,10.000773372151523,0.0007894877542031181
3810,18.241988627686673,9.987876859478458,0.00019179648497234895
3811,18.22307111597758,9.979382902857088,0.00011591510638909142
3812,18.216079083919198,9.985526783841976,0.009583918233680737
3813,18.185872105054496,9.980071939313966,1.356811042470515e-05
3814,18.17139917963801,9.964784222308674,0.0009333818057565903
3815,18.190417873032562,9.98930629637847,0.00046269399492917645
3816,18.21680904693667,10.016143833605621,0.0012080265586816648
3817,18.234667015701923,10.040643824987672,0.000420456134565963
3818,18.238411981090017,10.038996534761397,0.0031349360893652488
3819,18.237641384982318,10.036147056323722,0.0008894618882252183
3820,18.22981242515815,10.0247234360594,0.0006577284879348571
3821,18.205633948771396,10.006038798547547,0.0006413683194651805
3822,18.18392104762095,9.982967726945414,0.0009199765988091255
3823,18.166522873541986,9.987945093033394,6.360824921568294e-05
3824,18.17317044486356,10.005329369863949,0.00036657813256338
3825,18.125627192323755,9.974171796636847,0.00010714256753826065
3826,18.108608485740596,9.957743545631311,0.00042395386596250025
3827,18.10640560342134,9.94967011680485,0.001150067900726403
3828,18.084323853486758,9.92884175537185,0.00032405344997625226
3829,18.09064657242806,9.94579645296647,0.00035221431976344717
3830,18.09158339565913,9.938880734018259,0.003278262167043525
3831,18.12603157352651,9.971019759331917,0.0029974460837423385
3832,18.125983324076667,9.984931569945152,0.000311066459082405
3833,18.111155790993582,9.975856151325633,0.000293592873300013
3834,18.086436677181403,9.952589182511703,0.0005120512450229211
3835,18.043262969842473,9.916314005269326,0.0036427660643497534
3836,18.081144391775325,9.951092115876682,0.0021965252369790505
3837,18.116095262402887,9.985343512080954,0.0016428468335689724
3838,18.12448202589823,9.985320254173137,0.003086316813414032
3839,18.08941876617709,9.97272503221104,6.93285480138263e-05
3840,18.132416924768965,10.011944300317902,0.004577992257020326
3841,18.116044159973573,9.998323312667601,0.0005098181275670321
3842,18.121785823851262,10.012564550767015,0.00016221529742600101
3843,18.099739131740524,9.995112708193494,7.289141137289795e-05
3844,18.054610031491645,9.966343920160194,4.469502060336744e-05
3845,18.026630246502062,9.950440702618854,8.774963686825966e-05
3846,18.032135237337556,9.963717521179973,0.0002743676362182357
3847,18.0694926054684,9.997978866290978,0.03308611246433137
3848,18.079927787010526,10.001842996973789,0.004997223695438421
3849,18.118637285185045,10.034716694923734,0.002630173295359859
3850,18.10918881071012,10.025501331008071,0.0005751550638348737
3851,18.099085513090234,10.012101113776254,0.0010866284311989928
3852,18.09319122100858,10.002088455413826,0.0005214470675339894
3853,18.03660688409328,9.963944180204793,7.586111502685455e-05
3854,18.048454575850585,9.979668995659381,0.0003901627131251186
3855,18.08740494210312,10.013708918359685,0.002727811308758356
3856,18.044283643422965,9.976472495043897,0.045971088511077084
3857,18.039075640525287,9.968077910223634,0.0008227883451813314
3858,18.0039538837506,9.943552955440373,0.00018993105492344937
3859,18.032896412516425,9.973758871605497,0.0013430412504265368
3860,17.990356445738314,9.936079598068368,0.007394637265272695
3861,17.965502949862987,9.918005289968761,0.017242238431208538
3862,17.96453550201566,9.912702525766548,0.0018541359516084641
3863,17.981299753407807,9.93608540590928,0.00045021019323328277
3864,18.010301476368774,9.964950083302934,0.0008725510374268842
3865,17.970137526267862,9.942863863932281,3.046216258051292e-05
3866,17.98076451462156,9.944485781767275,0.006796506397682171
3867,18.001764239353122,9.972047870045593,0.0007750647414922022
3868,17.961954185037463,9.946427891573524,7.756975528081551e-05
3869,17.917640175341038,9.918899800721627,4.325768705545039e-05
3870,17.864358353381316,9.885527942401525,7.04518653520484e-05
3871,17.85155262828024,9.86812452615248,0.0008760394008389696
3872,17.803838405467527,9.838388421932413,0.00013651279202806
3873,17.787231991065376,9.819380281615345,0.0006265791702112127
3874,17.76574433478351,9.805222751843075,0.00013808465263987198
3875,17.730087169231457,9.774021018846561,0.00020489554984883446
3876,17.733377754327947,9.786032204575905,0.00034558536384535703
3877,17.760672780641155,9.817195112258226,0.0008769972346771977
3878,17.729907373854363,9.796055208298903,0.00018295071159081072
3879,17.740502208935364,9.813155774327868,0.00022863394166767404
3880,17.769538298215398,9.841129095172551,0.0018512852820292518
3881,17.784051256398843,9.860708061075423,0.0003947805617649134
3882,17.78238208196514,9.871094544102634,9.400777908456476e-05
3883,17.816229932667984,9.900792216194953,0.004803074920544335
3884,17.776833842374362,9.872871884516526,0.0002718995708885075
3885,17.758222846897244,9.859554794182936,0.00010415999694954107
3886,17.737895158730797,9.85117971785887,0.00019821296732162693
3887,17.719439693682595,9.85460349744175,6.396386843697558e-05
3888,17.720242055454296,9.869659845682282,0.000265893486912521
3889,17.709077836501063,9.861536062327598,0.0004758544015514972
3890,17.721792483865727,9.866654771898123,0.0028472962799076245
3891,17.7152351968109,9.860810172858955,0.0003966296862324611
3892,17.684960929237448,9.831443336673951,0.0003292554600550259
3893,17.71172194849282,9.858451289159998,0.0011710529007045005
3894,17.741738376279002,9.88793193230305,0.0013109830673990106
3895,17.70729225473183,9.867636672515934,0.00012013617178541494
3896,17.6952842984655,9.857630701023911,0.0004325726972533244
3897,17.698734442614697,9.87291206736685,0.00037843746614472907
3898,17.669853502223848,9.858460113025119,5.973790957081686e-05
3899,17.625167395941094,9.82787521212144,0.00010805085006411945
3900,17.624846120735995,9.81953011530898,0.0036254022181608715
3901,17.59378327098545,9.797542103241707,0.00034679502951385474
3902,17.547235067759352,9.774740530060814,4.1411988584411164e-05
3903,17.529404837344963,9.757049649360766,0.00030648636236302795
3904,17.499348622131528,9.729998807472832,0.00034503017637216684
3905,17.481297621062804,9.716920858716662,0.0005332448496496896
3906,17.491793003996726,9.733619482063434,0.00035430426888087135
3907,17.453972151286955,9.702883476864317,0.0001521735094295657
3908,17.494209867372764,9.739869673417257,0.006823563924077622
3909,17.522072424365454,9.767489037189923,0.0013940742150313204
3910,17.54290538278347,9.792236156655015,0.0006502853700968844
3911,17.55848037926283,9.810863266588312,0.000288555618210794
3912,17.55244183833535,9.817200159766221,0.022463745696542293
3913,17.499429303302726,9.780557939973226,7.489970824535401e-05
3914,17.52827133954749,9.808502768825344,0.0010831688873049845
3915,17.571458223727493,9.84761881839654,0.006672809834765029
3916,17.59461716608514,9.874543700842878,0.0006645910943373728
3917,17.605635483653877,9.89108905761417,0.00028726357317945865
3918,17.644192231747777,9.926082482249717,0.002721615089131541
3919,17.63702570244379,9.916811273481406,0.0008851495431285647
3920,17.671630688721635,9.952530509340157,0.0021896616175008823
3921,17.667265827168034,9.942297513822512,0.0017392636830115427
3922,17.659124122299062,9.930485988486325,0.0008326030434765767
3923,17.670410152255105,9.948233666779153,0.00041326078023559313
3924,17.70492048913256,9.981292358028536,0.002169547003638699
3925,17.720377617044214,9.999562089225536,0.00038068042882015175
3926,17.723016308000453,9.994593800974855,0.0021324190911541805
3927,17.70510248489397,9.998521521284243,6.457610261801521e-05
3928,17.65962350336033,9.961192061550008,0.0029429654738552112
3929,17.640928429528188,9.944188181237203,0.00026989572700243745
3930,17.63309893346291,9.934097838602947,0.0004806423148607069
3931,17.61095505669433,9.922650061033364,0.00017705211499063206
3932,17.579176122271587,9.893906081613437,0.0001808008308802398
3933,17.62393563074199,9.93394679511359,0.041719282679758767
3934,17.623193658591163,9.930348295822498,0.0007578561807773306
3935,17.62482224365277,9.941374050251932,0.00016577651414158225
3936,17.62002647716717,9.955939559606282,0.00021359687772121115
3937,17.576955874016075,9.920502773293867,0.0025381986249905426
3938,17.53641663442649,9.89838612337317,0.00017646405165203956
3939,17.544723982519173,9.914192600699854,0.0002975679551553029
3940,17.532143594338237,9.898038552936553,0.0006589657761697532
3941,17.492612498567432,9.86566432995699,9.54771462643714e-05
3942,17.466348337612747,9.842412343316186,0.0005764570056308326
3943,17.446074563488654,9.82894059900343,0.0002617034983755343
3944,17.400640029912296,9.79051482998174,0.3296907418269107
3945,17.361491577932927,9.756920591989594,0.011906662280117684
3946,17.399633114686893,9.792001241177697,0.004384937750483835
3947,17.39077772431786,9.784176887944756,0.00026667697584654466
3948,17.368362886796334,9.774040082057935,0.0001285779904885486
3949,17.355650259455786,9.756227440865823,0.0009272547423389325
3950,17.32991702384396,9.739757008860067,0.00047183607036038814
3951,17.36938680750127,9.775759635011955,0.005485164632222906
3952,17.403385155270612,9.806271629477433,0.005855529298273353
3953,17.396583105257953,9.801491574929672,0.0006935484984790625
3954,17.3620780631176,9.792438373583588,1.1099026217447303e-05
3955,17.320115767058937,9.755877333716457,0.007321141327989349
3956,17.30421028791648,9.745255659138913,0.0006037133887448852
3957,17.261153180301516,9.706612729758065,0.10005637319873044
3958,17.30020294367206,9.742822495765335,0.008389316426866746
3959,17.279298100239785,9.727365612834806,0.0007655890856943595
3960,17.32081198360922,9.764516044094309,0.009405081695406903
3961,17.283738459478514,9.734088232383314,0.0001932576724458956
3962,17.258135716806695,9.708722519867235,0.00047589614488814365
3963,17.281908049070253,9.735656016619854,0.0006573135811764195
3964,17.28254620865083,9.736092818602604,0.0008582501396839791
3965,17.25188033499299,9.719241335778143,0.00020141347261137774
3966,17.22348114967571,9.6991858560594,0.00014639996990880813
3967,17.22551710687195,9.71121659599445,0.0001301704237685043
3968,17.223429281756243,9.702406222895805,0.0008233070574040168
3969,17.22288982600246,9.713380906086968,0.00012707699787710132
3970,17.264656195594657,9.75384223556435,0.003092884663606295
3971,17.24907295473551,9.749455064961037,0.005972622280009733
3972,17.270497038620956,9.77370930999363,0.0008000392167763936
3973,17.233514101655384,9.740988728175054,0.011223459572912485
3974,17.232475302690027,9.731281753793542,0.004281585741480724
3975,17.206541716937974,9.713702385920795,0.004024269154002846
3976,17.195442836221687,9.706058346831352,0.00034664528700162567
3977,17.188515330471606,9.698404891967547,0.0006605296447929461
3978,17.15504322500557,9.676726046261036,0.00029322300277396634
3979,17.159923430134924,9.67258448953359,0.07948069677422714
3980,17.183687027417047,9.701132469633826,0.0008483733804511106
3981,17.18150297695967,9.696058441603094,0.0017723093289926733
3982,17.20015396629295,9.720181278613119,0.0004973036657815596
3983,17.233730370306237,9.753858313445956,0.0014698962767537014
3984,17.23334621750117,9.761325583142302,0.0005289970290636604
3985,17.252988248291885,9.784001170434497,0.0005827420839430217
3986,17.230096117305806,9.762376546812646,0.0002908938467023996
3987,17.19909130471996,9.742278378739407,9.313962104446557e-05
3988,17.23617489640111,9.775909334079413,0.004713436629398245
3989,17.197848861754505,9.757240498438586,0.00011873746937593997
3990,17.190732226173523,9.745510922426647,0.0005550068444013688
3991,17.16927129178866,9.747380793486824,6.97720652089279e-05
3992,17.159288309939985,9.754510578759506,0.0001856564040805813
3993,17.177415757365168,9.777455683058333,0.00046629864574069933
3994,17.139455379159095,9.752517180330656,0.0001498019257788463
3995,17.12399082758599,9.742237219478284,0.00038209871807706394
3996,17.15628542567002,9.775339291157469,0.0016476657071904314
3997,17.153812494215373,9.766581419561508,0.0008089681746351324
3998,17.183594531717485,9.796773206119775,0.0016617570160374626
3999,17.150198274966982,9.77718820961714,6.648937612568479e-05
4000,17.152039977016404,9.772283917708117,0.001062869159592314
4001,17.18411960814112,9.803187931559721,0.0019107097440835396
4002,17.17995139597669,9.792861947831877,0.0008820840277548815
4003,17.212582477812816,9.82656039244898,0.0023983757082534983
4004,17.222221415895035,9.84552322573276,0.0004095872068720835
4005,17.217127475894998,9.854358368792274,7.912646353145179e-05
4006,17.195949590748157,9.837857228088016,0.00012599599119470496
4007,17.219751894428708,9.863810327524769,0.0007653941418739972
4008,17.177463273388682,9.833459296648604,0.00011112785227205264
4009,17.166668551326243,9.839513127825857,0.000128747332121235
4010,17.115337907272608,9.80350419642955,6.999768761071321e-05
4011,17.080102265434334,9.772932301203694,0.0002921881691149924
4012,17.06607025349259,9.761172404744276,0.0002467870008977933
4013,17.084560641200113,9.782734978514647,0.0005640151578066474
4014,17.09203532445437,9.80105761894427,0.0003992368586205845
4015,17.085915640323268,9.810769517051245,0.00011146310149694957
4016,17.07797597797732,9.798173756025628,0.0007448781586490337
4017,17.068955107014318,9.78663012600258,0.0012474455928441063
4018,17.047457110003368,9.77441572661785,0.00012137032871130512
4019,17.08582655817971,9.811107277551816,0.022420753375957846
4020,17.083656186147177,9.818875919642073,1.8984983487686595
4021,17.072261500155488,9.802672618475114,0.0013508239853289314
4022,17.048778009458466,9.785848683853912,0.00013485231477604345
4023,17.040416508457575,9.77632919418148,0.0007933964361329755
4024,17.00071610338674,9.74241615191973,0.00017171765093679407
4025,17.018571560262725,9.76649133148573,0.0005208651761621427
4026,17.037810175559645,9.792216558929717,0.0004616380174715362
4027,17.0225920551823,9.788041264901194,0.005332873976822615
4028,17.01205102754993,9.770943796803534,0.0007162143165695987
4029,16.97252062416512,9.737682232819141,0.0002045866182889485
4030,16.999969852161936,9.767291523665833,0.0009184575213498995
4031,17.01583462808658,9.785188830204364,0.0004260455210961009
4032,17.027251846171445,9.803641553819014,0.0003038456888622258
4033,17.060083559794695,9.834817236657383,0.0019128454267978714
4034,17.022095260122367,9.80705072292367,0.00012800656663152735
4035,17.01850292819979,9.81483940159634,0.008131753737479527
4036,17.048154387160597,9.848503745363987,0.0008277499015070763
4037,17.004182728500503,9.812654559703425,0.00011485640375266623
4038,17.02400600311275,9.838799936818685,0.0006837406156148774
4039,17.05496849742569,9.869975456659425,0.001972798619999995
4040,17.012488356247076,9.833499580105334,0.007425602020309849
4041,16.9901485202802,9.816756627484496,0.00025717342939295064
4042,16.979867018707004,9.804698645248397,0.00044639798279125616
4043,16.984763290045002,9.800807865429062,0.005975031884425372
4044,16.942149079434103,9.774018296698651,0.00011434116147142204
4045,16.949346201142383,9.790806992277549,0.0004315208261634416
4046,16.92769837943085,9.785835827150654,0.0012541361690545918
4047,16.924842386518215,9.773867781527414,0.0074030985146150245
4048,16.916620760780404,9.765427771078942,0.0006078502555178209
4049,16.95063713849909,9.798887483183124,0.0016448388732914184
4050,16.92455294910871,9.77128105776571,0.0003868442227108687
4051,16.88813504749054,9.742662699743747,0.0003068989382378533
4052,16.852556471764007,9.710668962024592,0.0003461393550485837
4053,16.88758788910173,9.744674574382277,0.0032217423231856836
4054,16.869054114195205,9.733490591954885,0.0001293299333129637
4055,16.904182585483397,9.765464229422214,0.005435243408276049
4056,16.892295263606652,9.74930369337265,0.001165878746998304
4057,16.90874767035679,9.767950511064026,0.00044253389625106463
4058,16.88261207470227,9.745755911486949,0.0003450521892940225
4059,16.85535302856858,9.726235616488728,0.00046200959030855555
4060,16.820999548770157,9.70060683598354,0.00011880181996279538
4061,16.831211107475077,9.718652112326994,0.000506302947799606
4062,16.782503192406402,9.69108170951718,1.3368659269570022e-05
4063,16.78499170121257,9.684680460045135,0.008016398543311935
4064,16.814909856025302,9.71548789601269,0.0012630183368956868
4065,16.823950905851667,9.725375174365823,0.0007253100401573599
4066,16.8449640493923,9.750091229693627,0.0006301745140277418
4067,16.839555044871545,9.747213823688233,0.001179067066621788
4068,16.822064179163696,9.744637449881044,0.00019154684249275876
4069,16.862966082159808,9.781842634628985,0.006373935174152869
4070,16.858228348935224,9.771719503118714,0.0018062468364148816
4071,16.876631506730487,9.79648447815827,0.0006147202165254056
4072,16.870322648625564,9.806088305105177,0.00011314018263131874
4073,16.866461085527643,9.815128115587244,0.01064192903060213
4074,16.826548610609205,9.780192519781709,0.02805591655435336
4075,16.86302661541746,9.81288119356051,0.002469921484667377
4076,16.898263444420248,9.845749895458077,0.002669602509132145
4077,16.937323484496666,9.881636439561717,0.002569710650484911
4078,16.89471268786551,9.850519165878437,8.162993236384017e-05
4079,16.876295107373423,9.833536764551754,0.0007260659261284685
4080,16.855951411290086,9.821875485733887,9.531483324160904e-05
4081,16.826452721354244,9.8010888898214,3.5579378583611454e-05
4082,16.80187533163281,9.778003653828943,0.00029238580713479003
4083,16.783447756247995,9.762344582535677,4.191267419243139e-05
4084,16.774872159456837,9.757944315398772,0.00013788940161110863
4085,16.81215235640838,9.792531669264896,0.0025480633827729623
4086,16.770586065849805,9.775552574179985,1.2804899334856389e-05
4087,16.768233795951158,9.763660295500841,0.015389849423371143
4088,16.73238424975572,9.753734482897634,1.0956225776157965e-05
4089,16.75576092240692,9.78045976678979,0.0008426574387262005
4090,16.78233949269878,9.805665513059118,0.0011280263075592423
4091,16.77381113903827,9.798071842929213,0.0004888395452392747
4092,16.769207887295508,9.787281558870413,0.0016268356494450228
4093,16.759645927210308,9.78712232097472,0.009698612965238182
4094,16.723064058344175,9.754645900071946,0.1958423353097553
4095,16.687512905134053,9.74528943025864,1.2770786282047131e-05
4096,16.684553366842113,9.738428179908936,0.0015054980115674279
4097,16.679845897197648,9.743452185935846,0.005765231385892764
4098,16.625535285608677,9.707669429762825,8.895704045112892e-05
4099,16.61454045920365,9.695843878002908,0.0004867991022879002
4100,16.624721551047973,9.717457952688047,0.0003867791339846753
4101,16.579112519091638,9.696090805242786,4.345392339703084e-05
4102,16.574849692939917,9.686871863413417,0.001134016313311834
4103,16.545252881860677,9.658644598128358,0.00024411910057070684
4104,16.557469169855032,9.681636262052033,0.00048067028216096857
4105,16.5212307597006,9.648098047594784,0.00016121096398929343
4106,16.52361665122009,9.642764937727279,0.005669296699081487
4107,16.517697755565056,9.635286578570817,0.001312175379396459
4108,16.550267419608506,9.669804462181126,0.0026336657421567014
4109,16.520221399002025,9.644362291041476,0.0003049595899386964
4110,16.52270272466089,9.650828176177612,7.042546670353555e-05
4111,16.557560363259032,9.686557429246957,0.002835649640619695
4112,16.51641652400415,9.659032221134458,9.061241552405689e-05
4113,16.515466947096428,9.650963268873628,0.007643097340807046
4114,16.533263108969223,9.676145759571032,0.0007281711959067121
4115,16.55140712763647,9.695239237023529,0.00046884054680676414
4116,16.50544627030976,9.660928865226545,0.0001192741104107586
4117,16.493788920417042,9.646679821546508,0.00021859582313850492
4118,16.520859538059298,9.675632461841372,0.001291970991910222
4119,16.48812065583955,9.653924408162657,0.00018099422040752423
4120,16.444652347701336,9.627772639836387,9.029637399231284e-05
4121,16.486689184148947,9.667782649459774,0.016193631103056133
4122,16.461645628489755,9.66752915497955,5.622117229656939e-05
4123,16.47966629191049,9.686593543818807,0.0005225897863181562
4124,16.49804578976551,9.712391777215888,0.0007530884381860102
4125,16.522845787024117,9.738892883630303,0.0008923812967492623
4126,16.50874818884306,9.723443677715077,0.0005711062943183034
4127,16.499215706205586,9.734478944027936,0.00015717520276511846
4128,16.459902520717012,9.709423708998111,5.626453225002541e-05
4129,16.472210254074525,9.732040948738055,0.0005670020451907119
4130,16.44924859256698,9.711175562323223,0.00021745432863651192
4131,16.43332680590687,9.696180843736943,0.00019177852670345766
4132,16.423706705020674,9.686745451168758,0.000515141797331751
4133,16.450253387487837,9.714406761193095,0.001218101011249976
4134,16.4653998697925,9.739978879583356,0.0005791066174977213
4135,16.465750314805476,9.733414681973404,0.020470725266056315
4136,16.45044795009426,9.72156427771053,0.0002769401146778161
4137,16.471345872137938,9.749083250971438,0.0007180231714407982
4138,16.494328932691907,9.773870323760237,0.0009051822357325957
4139,16.51783530023128,9.800732157225145,0.0009038893694611921
4140,16.516055354837448,9.789045088320892,0.089581423898904
4141,16.55360614176541,9.824812652118087,0.003363229414005221
4142,16.536536268435025,9.811167578315118,0.0001404159354601265
4143,16.511758378400266,9.787355302426063,0.0006836149047957023
4144,16.50317546395002,9.774090564368981,0.0007131487249082049
4145,16.495852948657117,9.778473164710354,0.008837072499634283
4146,16.53572604017511,9.815357534023647,0.00649457266561604
4147,16.558537687386032,9.842209075487116,0.0007450809454871386
4148,16.52843260382663,9.81627730223682,0.00015264587344493406
4149,16.518869765096934,9.816577489151166,0.009476638434743983
4150,16.504132358266837,9.80332668895222,5.930356743208988e-05
4151,16.527174583819257,9.826920115424688,0.0009003769798041056
4152,16.511057258698287,9.827165425650087,0.0002156675893805981
4153,16.507203132181186,9.814043449504316,0.0033913216544722517
4154,16.471786762402783,9.787529778947997,0.00021386723510900604
4155,16.441124406308266,9.760856304703195,0.00017024860052791468
4156,16.408847177591188,9.737794609331614,0.00028579270939437673
4157,16.386178788665756,9.724614497300468,0.00012614506721044094
4158,16.3425504660381,9.7037924241475,4.352981082541287e-05
4159,16.301162763548792,9.669231624917021,0.0034267196501617594
4160,16.287090936151916,9.658751460974784,0.00024008729891405705
4161,16.29248807284055,9.653415442656112,0.010683693909694205
4162,16.30647718766047,9.677800851271632,0.0004810790547856981
4163,16.269564930686055,9.650691421260012,0.0001695821258060314
4164,16.255386831067177,9.6435265416048,0.0006770736724174528
4165,16.243552807943672,9.627580311046392,0.0014082841543568618
4166,16.25517007535947,9.64573238170519,0.0003776087155077872
4167,16.223387891963426,9.62810902079798,5.789904614755051e-05
4168,16.26177965646867,9.66345161071854,0.007158758686717058
4169,16.218702514090076,9.624066519213244,0.10747125068942502
4170,16.185603895738485,9.605750366581312,0.00014196512182831504
4171,16.14756678129581,9.578032451092371,0.00017599383267132606
4172,16.102963271358007,9.542960324221381,0.00010262655012309881
4173,16.091578463036143,9.535242060594463,0.00039695015753777864
4174,16.052563205988893,9.50159863325541,0.010595133774855756
4175,16.048357717475174,9.491628033914889,0.00210035554449588
4176,16.0088898159335,9.459154472378616,9.94925076980432e-05
4177,16.03393728072097,9.487661366197852,0.001373949790632264
4178,16.02312270790609,9.475643594810835,0.0008332133918123988
4179,15.98842669202129,9.44701981011123,0.003850754417835839
4180,15.984144526679941,9.453365884890315,0.020519541636935118
4181,16.002906948877502,9.475547452881548,0.0007498845224168817
4182,15.981099576555328,9.455040149648843,0.0004421797428513125
4183,15.9682236444105,9.445786878932244,0.0002646697520986975
4184,15.987410012337627,9.469169450243022,0.000702025327842972
4185,15.986922528617153,9.481317443634719,0.00020096327144319547
4186,16.019439679353024,9.509818860299486,0.08506336476975752
4187,16.05552966408936,9.542519485455452,0.007073571239955701
4188,16.049674815161705,9.5517332254076,0.00015187112751261498
4189,16.019476428464145,9.528684458334968,0.00016261060987606687
4190,16.039185615042417,9.554303778950494,0.0005600981108025546
4191,16.050521149747734,9.575223731709253,0.0005356044517348863
4192,16.05583616819773,9.57662428844217,0.0021743157383411643
4193,16.02935133268062,9.559752481356256,0.0003067088376101115
4194,16.017241459356846,9.553779221336757,0.00022156291334426143
4195,16.038594488339513,9.579556957703144,0.0008672817043769095
4196,16.041017734028234,9.58912510920027,0.0006708655794394874
4197,16.078057752893912,9.621756087740192,0.013382919101799553
4198,16.032784231196853,9.584147738830444,0.0025032708299984863
4199,16.02063393394853,9.568221351455335,0.0012025433178394834
4200,16.055894961871704,9.604303492875086,0.002586806599267345
4201,16.080453555841967,9.630681631562087,0.002098061530457471
4202,16.12071001413365,9.66649865837197,0.02483130341638153
4203,16.093863870042664,9.64588079017461,5.457407718998712e-05
4204,16.109740659857838,9.665783772321058,0.0004075739565759546
4205,16.075761686068077,9.637692307550491,0.00027676445924800945
4206,16.040856102319925,9.6141878820242,0.00012171813315868502
4207,16.075035832382035,9.646405013041745,0.0020871636341074037
4208,16.038875061632847,9.623830167998046,0.00015318398461205033
4209,16.028335264750147,9.613099043880622,0.0007249884386442606
4210,15.987800448453438,9.583256141796964,8.064722992160011e-05
4211,15.945892959745079,9.549156646106233,0.00010704374605511294
4212,15.934560750330037,9.537299293840306,0.00029862539723302697
4213,15.959580812244523,9.565582012099869,0.0010789358566349776
4214,15.936236503717522,9.549317198290659,2.9918489759613548e-05
4215,15.926183074392117,9.535376735863826,0.0008829055574651624
4216,15.887244904411473,9.503223162884414,0.00010308011493034376
4217,15.922487874444498,9.53792626974016,0.005259122471000604
4218,15.896539958177378,9.519350792863735,0.0001330997234030894
4219,15.904947904991342,9.5371261998337,0.0003237570746369587
4220,15.87724244457592,9.521090055545967,0.00010428856123505715
4221,15.862896904815376,9.508665781698717,0.0004074125327717091
4222,15.850886461889075,9.49390447498606,0.0009712227018532235
4223,15.841545392940787,9.49273394693308,0.00013390872162922618
4224,15.869556511758828,9.522460501368188,0.0011428085646469825
4225,15.848442477966621,9.504502412199951,0.000249951286025988
4226,15.82040550378944,9.475640160572611,0.00044200935545802824
4227,15.798674110751925,9.459964411818612,0.00014671380157393814
4228,15.771729314023087,9.444571485743875,4.447457606233649e-05
4229,15.794467458648214,9.471261504962634,0.0008617897236071186
4230,15.828054454734668,9.503139544562366,0.005159843277304239
4231,15.814323695485525,9.49870511660449,0.004359212299584485
4232,15.839209370098184,9.523048070040732,0.001493286542325856
4233,15.861124486001978,9.548412245510452,0.0008159904657153638
4234,15.888213666896071,9.57729893045872,0.0012582457885816653
4235,15.918034877336265,9.607125548203866,0.008312654039464375
4236,15.95761521485734,9.644256445653745,0.0047955471272046754
4237,15.949617663502908,9.647353500624757,0.005415312740519411
4238,15.914793638762752,9.623637129957725,2.4457179126692713e-05
4239,15.92911823146916,9.64641316805122,0.000531556594010735
4240,15.955299712147736,9.673540692475555,0.0023747516933022906
4241,15.98032692997111,9.703522727519708,0.0010700120243590046
4242,15.937823473745295,9.666775822357119,0.011215648274652809
4243,15.928383726787517,9.656211676074127,0.0005489122383788885
4244,15.941861655035247,9.679555549260611,0.0005581993375063958
4245,15.911028408854225,9.65603447528733,0.00021329364152527881
4246,15.929886431303943,9.683293539462692,0.0005714113196507379
4247,15.946295710045675,9.710660312038375,0.0006010466097031373
4248,15.949949219986213,9.703704892169524,0.007574393343196043
4249,15.927447962472106,9.679181517776886,0.00044887006145469076
4250,15.953109941746895,9.707143630011707,0.0010398456493468545
4251,15.980791873816699,9.734379364542804,0.0010343188689862508
4252,15.951628304999131,9.710896482469204,0.0002384946307997217
4253,15.99094504069673,9.747299936199326,0.009268242369204281
4254,15.992240477906314,9.74251896646216,0.0038274479829511097
4255,16.006634569699767,9.761810936620954,0.0005008410751862118
4256,15.993442172530898,9.745258841876803,0.0015086496290505286
4257,15.971687000775662,9.732202912175365,3.716219040007283e-05
4258,15.96925581616838,9.725982861142711,0.0017902333863231605
4259,15.952772362500461,9.718070156979632,0.00011669727651410298
4260,15.923673522812622,9.696560712792126,0.00026691942725199757
4261,15.92277069871036,9.684513705042505,0.005656379713632556
4262,15.876340758720184,9.652274976760234,9.387711764539962e-05
4263,15.835616424524673,9.618667973150464,0.00015416003403621203
4264,15.787542566227733,9.584326488794895,5.4775508048992616e-05
4265,15.805849130605873,9.607493338009983,0.0004478134710243268
4266,15.79931190652465,9.611071875199032,0.007356331311878348
4267,15.82607067006582,9.643821218689231,0.0013130298163351278
4268,15.85485801124866,9.675538239518021,0.001732210219864133
4269,15.870262111090982,9.70100670097014,0.0005416634811589626
4270,15.907510227769412,9.735583018489102,0.007335507516196635
4271,15.877317061530487,9.719025690194492,0.00018621302075037292
4272,15.83048582036666,9.677100914965871,0.011827100620600944
4273,15.805754233858346,9.659406511399245,0.00025626923260411993
4274,15.798125647010947,9.652455898554738,0.000479571996469379
4275,15.77039391746315,9.629080307106985,0.00034193650949481227
4276,15.76342168580261,9.617360890996688,0.0014711362312109207
4277,15.741590214640041,9.596810688252093,0.0003724160704820705
4278,15.719767098928557,9.586102293021609,6.640049019981058e-05
4279,15.736725980835542,9.60688034129036,0.0007736127043045397
4280,15.761419595392283,9.634219009465646,0.001664614246044217
4281,15.747358434012751,9.620432177637127,0.0002791759734904594
4282,15.7174511735144,9.599018791938095,0.00025876919721796717
4283,15.750377794137284,9.628902124413123,0.04099069575079425
4284,15.722003041847556,9.610657215006256,0.00012828678050894044
4285,15.734647403881086,9.627296866902068,0.0006229464343333932
4286,15.723253561961453,9.621223688631494,0.0002858034127045078
4287,15.735767701632192,9.641702364626882,0.0003576079087153858
4288,15.7577860841105,9.664559087654329,0.001297950971280556
4289,15.718524346200418,9.62778439102887,0.0001950379813598569
4290,15.70676153107012,9.610155674752573,0.0009620734308189631
4291,15.695951107982726,9.611155934939369,0.004998944196345144
4292,15.685993587298858,9.603577843084471,0.00043728361888838987
4293,15.702811707565976,9.626116598440456,0.00038343153897347343
4294,15.670382942315456,9.593283118483269,0.0003883845497458791
4295,15.693681070392639,9.61967894583565,0.0009019406001039463
4296,15.66995198937562,9.592393790614285,0.0012662287953377083
4297,15.698150171584185,9.618484242601856,0.0021941571485701375
4298,15.674487609336355,9.610077449053295,0.00021067928379562228
4299,15.63515302843356,9.579274659994468,9.232844677381517e-05
4300,15.625369873054286,9.563854050398978,0.0015473739825336086
4301,15.620086494627502,9.570464693118906,0.013448964247970796
4302,15.610090386033376,9.559053343434389,0.00030707892192961654
4303,15.570067978651494,9.528161217138429,0.00013710337568118038
4304,15.593569380962927,9.552444449935459,0.0013920617212588894
4305,15.561476112808853,9.522011998874389,0.0003311600736730059
4306,15.576632046186461,9.546778898255974,0.0005109739282091086
4307,15.567597805414167,9.536810845157115,0.0007781174953910882
4308,15.553171572134776,9.536397827959659,0.0018365977379808383
4309,15.589385869004929,9.570231257024872,0.019076001275316418
4310,15.626954804612458,9.606002604521882,0.03158287563327157
4311,15.629646736257097,9.60034710561904,0.012666339625946852
4312,15.590105962295246,9.564717322190985,0.004187519410136385
4313,15.568533420135223,9.540642185983813,0.001182773463854012
4314,15.586249888177319,9.568217005263483,0.0005641597839743831
4315,15.604392600407854,9.593416143936105,0.0007276791188277523
4316,15.599581538616334,9.581122714487263,0.003914034689718116
4317,15.56727982769027,9.550413267994653,0.0002348761080117079
4318,15.556319778889266,9.542704786879249,0.0002578728593375111
4319,15.537731797336736,9.5301223602639,0.006026522143862834
4320,15.496071679622775,9.497292031059999,0.0026618831287948085
4321,15.490290735996878,9.487111088395604,0.00217514741497745
4322,15.492968867990353,9.481877065066877,0.00298318684305042
4323,15.48624297552681,9.47474464942814,0.0009290847308107885
4324,15.462919081160692,9.448219535880083,0.0004094820466594683
4325,15.477916860331902,9.471873336319348,0.0005605049517575706
4326,15.50864390026432,9.504159343831578,0.0014691312226816388
4327,15.486833156261257,9.478361237516035,0.0007193370264277182
4328,15.500472091971083,9.498754556967897,0.0004794567332013287
4329,15.54037942182401,9.538070107666199,0.006691442867677179
4330,15.504247067521822,9.503432716992359,0.040508029768271676
4331,15.543957406172176,9.539594028478122,0.006453579980112205
4332,15.523514303385168,9.519355677791712,0.00046071115168504217
4333,15.51268112199485,9.513360826352951,0.0002038485431042858
4334,15.476874948315679,9.487892972385499,6.111868218866078e-05
4335,15.469531685061732,9.481711926790036,0.00044470575764156975
4336,15.502837416572168,9.512985099957621,0.004026817482137822
4337,15.463215187361051,9.479051852775612,0.00643612583235011
4338,15.450054664892715,9.463404762529976,0.0005634423773921069
4339,15.458034426111498,9.482370895137699,0.0005005557925550165
4340,15.479644582175906,9.512045713460065,0.0008692585759507599
4341,15.471144500794173,9.493529691158816,0.005525458868967691
4342,15.500433094465276,9.523929690015274,0.0013825592301873945
4343,15.48234013239336,9.508132546220263,0.00016695778891856925
4344,15.454425287005225,9.50421014926149,7.119244982791962e-05
4345,15.473393438448946,9.523888032796048,0.0009995439517983197
4346,15.43049773919032,9.488152694799785,9.93002951357773e-05
4347,15.445209044556464,9.513025100967571,0.0005349470266569925
4348,15.464463045717155,9.53507510659898,0.0008052240666041041
4349,15.436634770268448,9.51851233760735,2.402915009950001e-05
4350,15.413712789894701,9.509730464745969,0.00019189122430327343
4351,15.440575942656734,9.534233904614643,0.0022882514556571776
4352,15.434445382223805,9.52688023902429,0.0009189644863706903
4353,15.427202545214755,9.534815578929257,8.027383524436673e-05
4354,15.411719849056432,9.524233926876478,0.000160201762551525
4355,15.405013030500895,9.513400228483768,0.0012145006729616138
4356,15.425567932650901,9.541691133743694,0.0009575979661692646
4357,15.420156493450992,9.536780121755708,0.000288576767267965
4358,15.401376640591605,9.517286553730443,0.00060426560416601
4359,15.385037260130908,9.498430199488714,0.0007648681915030164
4360,15.391777470435743,9.508572002097111,0.0005858391204209703
4361,15.376085282649017,9.497672549071478,0.00025804509130597866
4362,15.4073902634065,9.52846035809943,0.0017533492770648834
4363,15.423536441272649,9.541989465995593,0.005048783485331495
4364,15.433191529554048,9.561499778938575,0.0003376761036504071
4365,15.407216958317829,9.541475571179301,0.007470444924900364
4366,15.38704300938558,9.515085449844303,0.0009372158327419577
4367,15.402770580913254,9.539313705607876,0.0005879387548368893
4368,15.395582362237242,9.54775057765541,7.969131515795722e-05
4369,15.424592852250319,9.576270081651677,0.002966248052881238
4370,15.457477994862968,9.607672929675076,0.004577707066217898
4371,15.477573991909118,9.628371218259392,0.0006142543824660168
4372,15.441164146893664,9.606779668244073,5.516186819126242e-05
4373,15.428254474322344,9.588241943999584,0.001030670488184905
4374,15.407054115148613,9.564554962181058,0.0004972847532001623
4375,15.389830549139525,9.549099639116363,0.0002402510959977436
4376,15.415812312994076,9.578262745203027,0.0011879381796406413
4377,15.407101152139173,9.584269641199224,5.569803828202276e-05
4378,15.380517877786428,9.570043749240039,0.00022813094423704936
4379,15.344606334372905,9.539818176078533,0.00015129810668385876
4380,15.332162203406336,9.523504599472728,0.0009609807585553714
4381,15.367805398205135,9.559808814877785,0.0031024296923956797
4382,15.361686725061347,9.547782100223948,0.0017282052873360838
4383,15.359360194424035,9.54856335816823,0.0004303235981232414
4384,15.335713861468017,9.527320223820004,0.00011854312611868279
4385,15.35898019295594,9.551876768605865,0.0014609209778849595
4386,15.386597605591323,9.579127543067194,0.005070997147026553
4387,15.348643873229998,9.543373202504995,0.007419686282173005
4388,15.380223343988108,9.57224505225434,0.002441390948349601
4389,15.389734549392276,9.57698325509698,0.0035362450928170344
4390,15.43004245227472,9.61299761149499,0.07174221780154486
4391,15.404924852192499,9.584945281133772,0.0009757424340687828
4392,15.37897623890449,9.58259818406241,6.402376031067238e-05
4393,15.34737273655312,9.553559566252463,0.00041798882056094026
4394,15.337502335844702,9.547072420922902,0.00024627460362331734
4395,15.328214248616549,9.532300257027542,0.0013239653542465703
4396,15.362308788198884,9.565123025792923,0.007672068788921421
4397,15.321845480254625,9.528573182960391,0.009621331416024764
4398,15.281405625510223,9.491513232029508,0.01566721832536442
4399,15.27892671758643,9.480417568888553,0.0018920818947498685
4400,15.287597358949382,9.495316586601461,0.00018283074233187802
4401,15.251663063893654,9.463492809660009,0.008591256532443884
4402,15.247488765436128,9.456389171381486,0.0010951886564454887
4403,15.235455949682503,9.440412615072699,0.0008476404789356757
4404,15.210687336781982,9.424218843429879,3.290165151509408e-05
4405,15.221846657788767,9.434535154209284,0.0027127465112703167
4406,15.207403502099458,9.433619941908495,0.0021869822164026047
4407,15.192482095935034,9.412744686535937,0.0014092266229389415
4408,15.150960965986513,9.375139448714277,2.7101053498290018
4409,15.180712264995833,9.404347813850196,0.004151095628092987
4410,15.157065417131667,9.377944898076434,0.00041765438117038643
4411,15.126228602526295,9.35626847623075,0.0001767968001386564
4412,15.102947685364597,9.338197141301782,0.00042453758382872035
4413,15.063726278469076,9.30420117218351,0.005588343384219331
4414,15.045620638075293,9.281889533224623,0.0005313621594648254
4415,15.0455264720171,9.272085017350998,0.0024985969990675818
4416,15.01293768875099,9.24022774689827,0.0003184827936700793
4417,14.998096847757958,9.227984917464552,0.00046745766970610465
4418,14.996600138184542,9.225581230325727,0.0017861557870132959
4419,15.031424308946413,9.259298627428679,0.02475818037507225
4420,14.992901954031238,9.23551979655365,0.000151438321280245
4421,14.978028453224159,9.227382663654225,0.0002532644209714793
4422,15.00636823300302,9.25441544905318,0.00413858379437242
4423,15.020631193309033,9.27183829791323,0.000748686396045465
4424,15.024926349971352,9.283249532587648,0.00025079433355052464
4425,15.042503739678473,9.302805175452226,0.0011259925167950817
4426,15.012849271723834,9.298285639625488,5.978432095111156e-05
4427,15.043753570268368,9.328175736458421,0.006778227179180053
4428,15.045847286466419,9.32220360790481,0.00907125268049088
4429,15.008519828868542,9.286672038556613,0.04679375800288415
4430,15.046676264232174,9.322321458225346,0.006458294816811152
4431,15.037330408646273,9.315987049801514,0.0004421059541052367
4432,15.029579310213586,9.319616413070916,0.025103574866556858
4433,15.059191569347725,9.351566136741512,0.002526266111556884
4434,15.023533891519364,9.3249912300336,0.00019192774308474458
4435,15.021997240607943,9.3181460124234,0.0007601330182796346
4436,14.981662235423174,9.2937702283341,0.00012022358160540665
4437,14.979637380702819,9.301893276902751,0.00017793470181412668
4438,14.999191421633116,9.320858784249921,0.001608627291547917
4439,14.988242231486756,9.30226019348135,0.0017586554408086541
4440,14.960581093172175,9.28233120101853,0.00011628429126784727
4441,14.930414879318482,9.277275422628207,6.039181274169618e-05
4442,14.961771766867281,9.308570473703876,0.0037420501245722633
4443,14.951752785927335,9.310749085720952,0.003410268132744314
4444,14.93759389322029,9.290440697933242,0.001057981135508016
4445,14.928528999873304,9.287508057094868,0.11418775176297694
4446,14.900621425948819,9.274470075167093,0.0001918251116771074
4447,14.891828993154673,9.268854470138747,0.00015321528272687092
4448,14.90659677355803,9.288055057322595,0.0006691851465257908
4449,14.906821353307874,9.284782274256397,0.00043668269367092233
4450,14.942578579439095,9.320272998420762,0.00519290786058373
4451,14.935185616909227,9.314938666361574,0.0004910843553686752
4452,14.9082666404066,9.312714664023943,6.104538895552845e-05
4453,14.889629521191646,9.291690273811511,0.0006750593234480943
4454,14.876251238726487,9.276083192122648,0.0004133202051963064
4455,14.863082850974667,9.260816355043945,0.0012713750337839723
4456,14.874605864951343,9.281474179533081,0.0005776389143997645
4457,14.90534461557894,9.316199167307936,0.0022252814188669077
4458,14.897901524036438,9.32528272864979,0.00010893286936650634
4459,14.929607724254055,9.353370198488472,0.004355566573358413
4460,14.941262457267028,9.374355852382951,0.0005757021217610007
4461,14.936114128677135,9.385405617082334,0.00019867358943417761
4462,14.961587643023135,9.414644571848617,0.0019633858636632397
4463,14.954846551366337,9.410358340262276,9.93604712814879e-05
4464,14.926005104909574,9.405887096912304,6.119897313447236e-05
4465,14.914784714874916,9.38874425366665,0.0009571155866329123
4466,14.94423281859399,9.418624387233814,0.0028275729980429807
4467,14.9478599497859,9.425465126092075,0.0002609735892980598
4468,14.94157798645293,9.41972124798465,0.00034117622931709835
4469,14.910556117980082,9.392384967997922,0.00015720135579059885
4470,14.9108710369509,9.399554455445806,0.00018252105887554365
4471,14.896123339315753,9.39117730458998,0.0006146569880510983
4472,14.931849805706959,9.42685313979879,0.005248517854726491
4473,14.916019387727596,9.421942099132108,5.572358376140982e-05
4474,14.933266059264774,9.440617784984735,0.0006061916432816437
4475,14.953288616767543,9.469323691319378,0.0007464005713616464
4476,14.981350301251393,9.499065492536623,0.003573372530975032
4477,14.978165797375265,9.498278949338854,0.0005798105434915432
4478,14.966202068378136,9.482150538055473,0.001250694045288971
4479,14.924629721233034,9.452689861681455,0.00014169572046951622
4480,14.903287012338964,9.429547476168405,0.0004885701486055976
4481,14.887204919656345,9.411524543959631,0.0005261321669073648
4482,14.870974993344047,9.400822073683365,0.0002901556095691684
4483,14.839938051947948,9.384768970459794,0.00021162881146837684
4484,14.802254273055793,9.35232013727508,0.011535188276335219
4485,14.808066036364858,9.351306084411892,0.011458965316004842
4486,14.827472811244878,9.369853206103514,0.001582981601829248
4487,14.853557953058928,9.394586798036505,0.007636831692471049
4488,14.85170669838619,9.386432669915388,0.0025243525505919333
4489,14.837537666874201,9.370380005631636,0.0004220537612544751
4490,14.824461736152792,9.352528305813616,0.0007790943179227514
4491,14.848176282984053,9.376201864537997,0.0021580026301234547
4492,14.852679285950991,9.380651300920901,0.0008917268800198103
4493,14.81544117951868,9.357229503479187,2.1851637211375975e-05
4494,14.809958140729808,9.369654486655941,0.00017985555643594732
4495,14.791255378610163,9.35738643151504,0.00015130156295849789
4496,14.796562192587205,9.356239825342298,0.0074092055831834
4497,14.780470677656716,9.34544813361991,0.000416700630836344
4498,14.746174698797224,9.32195261767738,0.00010916464057029207
4499,14.728532255599532,9.298785060672106,0.0008360852820134766
4500,14.710067029170284,9.289272423367953,0.00022723526778661138
4501,14.696050708065982,9.27520247043724,0.000801529000910186
4502,14.73030464164039,9.30941576329551,0.004787711472160866
4503,14.727101237613667,9.315196410629069,0.02855367377461187
4504,14.699231600482927,9.2921091042758,0.00010049103293488558
4505,14.680266002136383,9.278893520080203,0.00016014386249856512
4506,14.697454794792515,9.298131375977194,0.0005957455418222265
4507,14.70887898447269,9.317819322973738,0.0003730382708768554
4508,14.73206115282217,9.34210900216174,0.0020507698720306318
4509,14.714148446217878,9.321065360851874,0.0011150827385018824
4510,14.704918013597764,9.306653558115354,0.0022143379270585153
4511,14.696850580175226,9.302417808185211,0.0008250877071421126
4512,14.703528004567236,9.313429939242546,0.00035475339144372327
4513,14.68316904715662,9.294026108900146,0.0002873607983842939
4514,14.719119020570767,9.332049984406439,0.005606210502401494
4515,14.717291857724055,9.347496201525864,0.0002243205057708102
4516,14.741322293129503,9.370766466525222,0.002144689372758406
4517,14.736434724768493,9.357611330963078,0.0035128485232934093
4518,14.73522351051066,9.347452338693339,0.005287508249040193
4519,14.716902503402196,9.32604434874296,0.001244247090879468
4520,14.697683872076189,9.311752880117211,0.00025917247407441135
4521,14.687361526469514,9.306383298314152,0.0008534589511925139
4522,14.655719854083543,9.279486126942459,0.0001280357843344999
4523,14.621226197064365,9.249745439186437,0.010863415604854468
4524,14.596070342057208,9.223141821609591,0.0004080279323094461
4525,14.588718805252553,9.218770914757147,0.0008842645653160721
4526,14.56080487373342,9.192484054151842,0.08252923682206487
4527,14.550254677920185,9.178020377737724,0.0008895703532937301
4528,14.548057459065225,9.1848131092135,0.00766107116490527
4529,14.583024662020916,9.217986937054981,0.028978218382920463
4530,14.566625065446377,9.20098530288104,0.0009007105760751733
4531,14.532034680277677,9.169845583139997,0.0052110868313127385
4532,14.542159475558343,9.188943432505921,0.000402047602743065
4533,14.543708947138771,9.18273773070322,0.001808916272352334
4534,14.510033168609212,9.15195801602978,0.00022473721024778685
4535,14.534824934268592,9.176090616795666,0.0014148141317773168
4536,14.550370056885493,9.199848658215902,0.0007212121164944513
4537,14.56705825055371,9.218336905923712,0.001301057273807238
4538,14.560357501470795,9.217507415158172,0.07962319848441703
4539,14.536142707155344,9.19627066628048,0.00025058457284132476
4540,14.504401978776386,9.168880927979853,0.005406111491664163
4541,14.50725614112922,9.162580557714119,0.008829361026229365
4542,14.480291053755737,9.137937213621168,0.0002631156907007794
4543,14.444826758018467,9.114991916768503,8.229559987086351e-05
4544,14.459487624480905,9.131030327514548,0.0009380880543804926
4545,14.451161111581435,9.11926218430618,0.0011008384413346332
4546,14.445187304805804,9.11534626587733,0.0010953398596806648
4547,14.40969385301597,9.088121121572293,8.493234384040503e-05
4548,14.378840827850428,9.070670512298811,0.00012205710013627973
4549,14.406882845295735,9.096520541379796,0.004097685857074326
4550,14.37781344444553,9.073866267953987,9.905001733417307e-05
4551,14.365492604073873,9.056245853096787,0.002341855179313347
4552,14.389055058912131,9.078591338244982,0.003269704061089042
4553,14.348168333615606,9.047611998298038,7.674818083852877e-05
4554,14.351323529741158,9.047486925911619,0.0017802784360415474
4555,14.365511683921916,9.067240561280139,0.0004219454504439675
4556,14.367954799572923,9.075009264981508,0.000280841880891868
4557,14.362344894985165,9.064893066768967,0.0016173250503552995
4558,14.345593897116832,9.057880603679074,0.0027398408819023397
4559,14.361647125712594,9.074339210814822,0.0011768614874432815
4560,14.350644976702775,9.083166000937444,0.0001552394524820439
4561,14.370519683102811,9.109748151746059,0.000909416275322492
4562,14.39423695065137,9.134144422882384,0.0038424605206010703
4563,14.388872500596948,9.12998320285221,0.0006438844957264952
4564,14.392683593822769,9.126683515903357,0.002850035279854293
4565,14.405688878545863,9.143073861236239,0.0009490898151274795
4566,14.413638900520299,9.161787984901766,0.0003558896241360122
4567,14.382179657560469,9.135860610881137,0.00017220308058489133
4568,14.404554887347981,9.158661686285319,0.0019789882112242045
4569,14.377663239590909,9.133359773926722,0.0002453554012250751
4570,14.41134156343665,9.167178401381973,0.00939325748831226
4571,14.414169665267243,9.17930605288286,0.017515081148152773
4572,14.378449208883694,9.151754925667293,0.0001320575120142025
4573,14.39395178690148,9.167778054124401,0.0011600730048212824
4574,14.41760376853579,9.194879372376052,0.001281884460672914
4575,14.395724242411292,9.16984059029834,0.00048416523769681763
4576,14.411822856654409,9.192343068924611,0.00078100198035508
4577,14.38918494703753,9.16924748716405,0.00030151731210409735
4578,14.37960597498288,9.159087740460736,0.00029567373068243647
4579,14.350976360925458,9.134248554425504,0.02183892910034873
4580,14.374818871849625,9.160620159368367,0.0019820509607990458
4581,14.375416355810945,9.16793299060733,0.00043614675783834904
4582,14.345145977725887,9.150929348245969,0.00018620886276546803
4583,14.347847875914988,9.167247888461025,0.00022943135878625184
4584,14.379217179744183,9.197338848796436,0.0034910460412043414
4585,14.399328057395532,9.220986625986459,0.0007508907490228076
4586,14.42256405526408,9.243876926598864,0.0036085862528679436
4587,14.439695959763618,9.26124200531191,0.0021113477650512727
4588,14.43366367641067,9.248647777953716,0.0012651761551355461
4589,14.46566417907167,9.281827929010676,0.0028267987601295966
4590,14.483143591593704,9.300280890061043,0.0005772369214780584
4591,14.470880519960202,9.29092170590229,0.0008372955749749808
4592,14.449448065400498,9.267751663539375,0.0004259106666116301
4593,14.442032502356305,9.2752890236143,8.128490209767987e-05
4594,14.41166737180981,9.247383199410326,0.02798780063153912
4595,14.380199770228979,9.240462903227362,6.578252966745038e-05
4596,14.335372034605728,9.217071540084788,6.603655368489255e-05
4597,14.324786002534825,9.202349796174687,0.001257855790755385
4598,14.324636392811504,9.198122664685894,0.0030124331500891196
4599,14.35001797158235,9.223989598101394,0.0014417257646156757
4600,14.358028481423604,9.23934358412042,0.0002531096484694992
4601,14.394192960750663,9.27575135594926,0.015530040586402886
4602,14.401481355061582,9.289197625288628,0.0004639803697199647
4603,14.403400132951475,9.294055118793946,0.0008053640881448986
4604,14.3727196007721,9.286760562977749,5.850165860552239e-05
4605,14.349366227045518,9.285978467554548,6.816732823113334e-05
4606,14.306661451085292,9.258450835874529,6.943495909560292e-05
4607,14.330094356498662,9.281434727040509,0.0035014544390693666
4608,14.34181789699172,9.296975393205361,0.0004610609967666459
4609,14.368348674796453,9.325707352509433,0.0027267453297902316
4610,14.335517326847414,9.296019589799267,0.00026618238194616074
4611,14.29574777039332,9.264240340883084,0.00014567049215504738
4612,14.310986544185246,9.286098921649137,0.0004422929731601687
4613,14.309962175721546,9.277403363903625,0.0010562712596261902
4614,14.331755259441806,9.305575560057457,0.0009392624596319455
4615,14.35731220375634,9.3312668633013,0.00398809595174905
4616,14.359221614628641,9.340670740987354,0.00016979011926759145
4617,14.371193035829682,9.346565535724823,0.0033344643444088227
4618,14.407456850744959,9.382589061205403,0.005782880794267611
4619,14.407176726421872,9.398341356710842,0.00021108177867118274
4620,14.40109739208541,9.411347672356861,0.00018156639374110716
4621,14.396569071298046,9.403528635801678,0.0038699338752486473
4622,14.372912850728389,9.403184008928188,7.433224347550182e-05
4623,14.374337549653161,9.396760105375181,0.005277959408883386
4624,14.364781550098641,9.389292082894405,0.0001833487953411028
4625,14.386638362055512,9.420121546923287,0.001014502865989284
4626,14.404870606065476,9.447713280419155,0.0006581937947793563
4627,14.428234804123491,9.47127089861104,0.0027104698099186903
4628,14.396551387764546,9.447226081972522,0.00013083495996551225
4629,14.4150189680277,9.466576324493804,0.0011699715016263454
4630,14.412184442555839,9.468212256338864,0.0011072629930564712
4631,14.357063065267473,9.434906011665795,5.0510712774337134e-05
4632,14.316372997459663,9.400112776929983,0.004875966775447747
4633,14.305137344428541,9.390703083816414,0.0004088630181841554
4634,14.30492695867164,9.406690649115886,0.00022541630947691787
4635,14.306969899329133,9.423337486174635,0.00026738089339425935
4636,14.332322233306106,9.45688071558203,0.0014244581339074702
4637,14.351147640704992,9.478248891546809,0.0007116164827833419
4638,14.384189310132358,9.511773428943608,0.0030601785016350297
4639,14.40374486896579,9.534940928602008,0.0007648599935262185
4640,14.392283140088571,9.516434060573026,0.002278060009780402
4641,14.395423558504657,9.526199217898863,0.00017796999264263458
4642,14.397777624639888,9.5240257552003,0.005862937607071898
4643,14.39883692754852,9.524654546101129,0.0017610159474413442
4644,14.420970034632708,9.554395715480988,0.0012004626727215577
4645,14.42581069590756,9.565161635754881,0.00035722059046055794
4646,14.422329730036813,9.554844967143936,0.0016049827927611673
4647,14.424198181201612,9.548612984757648,0.0029337732213468213
4648,14.38660947273863,9.512158346109263,0.024675865159284546
4649,14.3739929858062,9.501215511663723,0.0004996531664794505
4650,14.377294672313546,9.510423570389348,0.00017369332502239763
4651,14.365978539988618,9.502109815992698,0.00015050140436201174
4652,14.359543713094705,9.507575954409944,0.00312661880472548
4653,14.397688793427953,9.542089982954769,0.020093187241891967
4654,14.38066227370979,9.531916700620869,0.0003625424983332121
4655,14.37200647307719,9.526214905678795,0.0004315029153643425
4656,14.347077779454917,9.496433478551653,0.0012873722079605496
4657,14.382530142489541,9.529934379799789,0.012155982244589403
4658,14.41074818228015,9.55621246781648,0.003917096561300986
4659,14.443720537313766,9.589753483588849,0.0052123202702495375
4660,14.433603276358538,9.588067057923887,0.013829381193954661
4661,14.461604715500963,9.613541581750447,0.0026125439740560777
4662,14.46891806924621,9.630387543741701,0.00016089339676734238
4663,14.457530477074403,9.61076633463613,0.023435084339568188
4664,14.45553336644159,9.602090606703223,0.0030928234164718563
4665,14.455178884858167,9.610777698373191,0.00022537734296746716
4666,14.466827928139155,9.627481320520422,0.00039798227862026966
4667,14.493923152738088,9.661063083279519,0.0015028505820564705
4668,14.519223120613555,9.685579370325415,0.0021598450261364277
4669,14.476485964277547,9.650878452922202,0.0020497282969993975
4670,14.467467578355985,9.635451953646463,0.002299346423616952
4671,14.475722071010233,9.651664844549348,0.00022592070463095683
4672,14.475077357988562,9.642114660854848,0.0522352555349379
4673,14.41685102260638,9.609231345658053,3.554698678771194e-05
4674,14.405735943608692,9.595448884266036,0.0006604657560173944
4675,14.40254216692461,9.582668874817394,0.0064823037059629825
4676,14.389994897195578,9.564465064419904,0.0011822741554527877
4677,14.366343344659168,9.538536452875002,0.0011327089403249118
4678,14.383107708997633,9.558975555100249,0.0010275374036297223
4679,14.361806589583015,9.536663525293676,0.0005375578794645379
4680,14.355392807296019,9.541786306157551,0.006090538337926784
4681,14.346609541793761,9.531777160978674,0.0013607552281450156
4682,14.366662146554406,9.550378816727134,0.0021384419344140475
4683,14.34514490316424,9.533417969023546,0.0001320934671866085
4684,14.332816033378085,9.525641732727756,0.00014612259416314796
4685,14.302996740852857,9.49576235717644,0.00024803933834763856
4686,14.327406555756141,9.520787487177435,0.0025539463126092025
4687,14.308533791860567,9.501792671141736,0.00031383316128377644
4688,14.345213738903395,9.538890233639762,0.010944641891165386
4689,14.382810191262571,9.572690992095765,0.009815205639563335
4690,14.35895222332709,9.556825872282792,0.00015167522893858701
4691,14.36338884903579,9.558961002684537,0.0031792228271782957
4692,14.388848425660901,9.591350759208373,0.0014838541150736073
4693,14.414781819371477,9.616330025693793,0.0018448400942952855
4694,14.374713712906418,9.579342606119889,0.007424060445321297
4695,14.367837629537515,9.578376773434265,0.005595304211907774
4696,14.38764825707471,9.60393016814061,0.0009226821369616871
4697,14.350546504765747,9.580841802117465,2.021188198124644e-05
4698,14.386680645187766,9.61423615472817,0.011516775211091334
4699,14.418110349708337,9.650188871431654,0.00331204428008375
4700,14.408169502552735,9.637923823745021,0.0006857800560709993
4701,14.394046844538176,9.618314602207775,0.0012965152121981827
4702,14.37964359096596,9.611112916082869,0.004749544490295511
4703,14.339210339768693,9.57139778096662,0.012634381816808525
4704,14.368780593827205,9.604870108293337,0.0021121946575303483
4705,14.375409918450854,9.605978498261084,0.006117539185309918
4706,14.390785622179104,9.628628536642971,0.0003864643595948306
4707,14.380281639771765,9.60996079863984,0.003136523797412686
4708,14.409446022373066,9.640488103940843,0.0025594758002590334
4709,14.402100374748468,9.642409384304285,0.004417023258898625
4710,14.368865525830817,9.623744707654097,0.00011366490395364599
4711,14.363938659057848,9.61497138008046,0.0009994447824822532
4712,14.363458446143627,9.628786473930473,0.0002607094351485236
4713,14.332498875274709,9.600137738459397,0.00020722143180442306
4714,14.350420882461332,9.61894335916802,0.0013651700829237679
4715,14.346129232547456,9.62900685280735,8.975455628388202e-05
4716,14.376825108901015,9.655942874337567,0.31832407125280954
4717,14.410808723821258,9.688543365511208,0.005823164043298116
4718,14.407371931249495,9.67356270063287,0.007628220203448022
4719,14.434278038633657,9.698788008885536,0.0025400294462192027
4720,14.408818058403945,9.696809067807356,6.880261643945071e-05
4721,14.364633835393503,9.674502065226314,6.353849663431439e-05
4722,14.334607985276344,9.648257968032304,0.00017738486104690665
4723,14.31578768563639,9.636479734943709,0.00012692425820319393
4724,14.311384656366583,9.627703181534578,0.0013955153856206359
4725,14.33075195971695,9.655147904597293,0.0010395051270243585
4726,14.372344563778071,9.695985155414286,0.05576934426347632
4727,14.33645179071419,9.663550865626119,0.00014879112026082856
4728,14.323831886269856,9.660655225099635,0.004430248946009965
4729,14.317044015318476,9.650855058499332,0.0029693129706068874
4730,14.358490960425852,9.690636309952435,0.04928360083908245
4731,14.344160580400054,9.678727336885803,0.0009525426727262916
4732,14.337239020864097,9.66596400517841,0.004101453573780969
4733,14.335102656481347,9.67574061876374,0.06076882742832595
4734,14.33724553324542,9.669347573286904,0.037462818870138775
4735,14.339132958197473,9.661688206713333,0.0039741173857002505
4736,14.317365365221317,9.641002227066117,0.00022963776969732647
4737,14.340202980725389,9.667876932157355,0.0014321216862470442
4738,14.3179144236695,9.65617576649133,6.726763383334451e-05
4739,14.315779780938378,9.662888940145436,0.01431522392619814
4740,14.334342616439606,9.680756441863384,0.0027136307108790803
4741,14.306699317475056,9.649020259793422,0.0008121549150481883
4742,14.338210087812733,9.681664450914138,0.007475359811891271
4743,14.335068871858157,9.679654118555417,0.00089087571287511
4744,14.29089060399766,9.644438612643828,0.00012112554456332159
4745,14.315654383097772,9.668905797053135,0.0023907330564779624
4746,14.275486851608594,9.632270863889012,0.013022184915784635
4747,14.272032521781963,9.619361287999055,0.010610814300365218
4748,14.266945814876971,9.604875347237103,0.002793745803237078
4749,14.246336793224264,9.579535501362182,0.0009822594637453102
4750,14.222023089363041,9.551174184307321,0.0006783288055816551
4751,14.260366200465207,9.586887396722334,0.01548430995543203
4752,14.221299953120086,9.553166623123236,0.005638556704147694
4753,14.204890948482044,9.542535914456153,0.0004857382673380358
4754,14.234683844634926,9.56989271823009,0.0031206160048611797
4755,14.194989533533791,9.537050754333762,9.387600934763866e-05
4756,14.234688048209893,9.573898041717344,0.018771073654810788
4757,14.2520745595176,9.599619449210634,0.0006642312020283093
4758,14.25376282500789,9.599180470292522,0.0015142353464609518
4759,14.244416743156812,9.5827801634105,0.004977232707744995
4760,14.262987323484719,9.608250990718394,0.0007770375429548373
4761,14.288065600492933,9.635047656734502,0.002354694301146261
4762,14.249536147495446,9.600691237006885,0.00353281846403249
4763,14.238437743868689,9.589264734740414,0.0008473917598155552
4764,14.194124702289267,9.573133214966386,1.0538795487191933e-05
4765,14.210804572654702,9.590774220761558,0.001179246742048779
4766,14.194920245781915,9.582794844421773,0.00037789838435406343
4767,14.195767236288958,9.581368145280962,0.00311687613675696
4768,14.165657423643395,9.55309098576046,0.0003146811466818971
4769,14.144387302549136,9.544171477732778,0.0024970457669803883
4770,14.10553685239791,9.50981420408017,0.0001646263496077427
4771,14.098291108630667,9.501754265340546,0.0009936209782402123
4772,14.068211810543666,9.476951132701952,0.00020682469483566422
4773,14.038050027499494,9.448393178012505,0.0005434679120065397
4774,14.000633015617135,9.425862106666091,9.156331881685221e-05
4775,14.015300317240625,9.450212222546378,0.0006185990685168759
4776,14.033087964011319,9.466158588925314,0.0024367934355540677
4777,13.996229818557733,9.431583044616094,0.008286434300154346
4778,13.97991515218483,9.422383073712227,0.004315634834530372
4779,13.970927180428067,9.403792163480345,0.0026420775009885207
4780,13.949573849965532,9.388409407007531,0.0002528836933145553
4781,13.945316674482632,9.374891935191425,0.005469370244509156
4782,13.918302061229406,9.347273415800016,0.0004814545463073994
4783,13.91234222931797,9.334518619397771,0.0012888893248089591
4784,13.936329531061872,9.357655699123447,0.001861507408868203
4785,13.959903255017077,9.388571513944258,0.0011710419342029171
4786,13.979052410811807,9.414819112903725,0.0008437151166744311
4787,13.973505000898813,9.422333292021221,0.0002877945769333746
4788,13.971708386970514,9.41652667856433,0.0018285277964673434
4789,13.963802531841694,9.410382169690372,0.00019972952814770596
4790,13.955123273221236,9.404196858618876,7.343957818751524e-05
4791,13.98220866565092,9.430695507499605,0.0990167894902195
4792,13.953989163888117,9.406766997416922,0.00795155640669256
4793,13.975982300770623,9.433999206872574,0.0008698720660096483
4794,13.945642603570992,9.405964163167422,0.2342858286822121
4795,13.974704123130765,9.43366398149688,0.0043033735867017385
4796,13.945566242527114,9.40939255983719,0.05455308389482494
4797,13.937508685327552,9.401809114826245,0.0014966234134109883
4798,13.956231415266819,9.423029948273388,0.0015476659618980887
4799,13.979652797954904,9.450000907995813,0.0016756843543092215
4800,14.000726517219793,9.475963432459713,0.0008157513272860248
4801,14.015958486741704,9.495302069556539,0.00046921999359386533
4802,14.0351573940964,9.520488758506847,0.000844783377013958
4803,14.056367484426426,9.54741238022943,0.0008433078353044186
4804,14.05708029039562,9.557250566693059,0.008789966976033417
4805,14.091602464410538,9.594469454016199,0.0029052492409832437
4806,14.119105316070783,9.621640365239157,0.0030726991392154126
4807,14.132803908550343,9.636334467524389,0.001372846201951509
4808,14.155941649363298,9.665849311010428,0.001101427927144793
4809,14.153245585116704,9.673134960104813,0.004324227109264608
4810,14.173544149101366,9.695972127302815,0.0012365585024177632
4811,14.208623148605234,9.728884597811122,0.010551088531462595
4812,14.198644598742977,9.722971966755994,0.00027551642365184116
4813,14.177799368434183,9.706097155971936,0.00015138448094003358
4814,14.13368017618361,9.690162121542699,1.0616674707359185e-05
4815,14.114565808309186,9.680248979585624,0.002430082905655522
4816,14.067390147158077,9.644622562494387,4.9982560513929775e-05
4817,14.070119626779507,9.663513822168541,0.0002160719095652636
4818,14.097232548028892,9.688869549856708,0.002984619164567153
4819,14.124891398630922,9.716252102419174,0.003514825383306976
4820,14.115773007686153,9.709537769603319,0.0004457706281642039
4821,14.074154067603367,9.689860745765811,6.622865331168771e-05
4822,14.099121069998958,9.714424054583855,0.00554969969570226
4823,14.132930995846785,9.749044530464374,0.024802868785598724
4824,14.105746945659597,9.723839095061072,0.0002642490280151167
4825,14.131790593724798,9.74935971249713,0.00971326723967859
4826,14.086486020786191,9.708861685616643,0.002729423253025701
4827,14.124357972158407,9.744777925541664,0.014921822836569733
4828,14.087443320135682,9.713867714114146,0.00019381714706661842
4829,14.04985281952566,9.685629330103405,0.00019898554531961704
4830,14.0496656460147,9.682732558333065,0.0008615859337235733
4831,14.075650074572744,9.71249916004864,0.0013555550610603584
4832,14.05921850166733,9.700781374003627,0.0003066363525237526
4833,14.014179336926771,9.660786372887042,0.002919615417231581
4834,13.97691003451275,9.624721903079339,0.000533818160532806
4835,13.97269997818906,9.61415911330129,0.002837017019010592
4836,13.99029403867625,9.63878375636548,0.0005830411315551749
4837,13.946750222328454,9.597999456587141,0.0023955847991380497
4838,13.978099977747444,9.628411132792856,0.014424063308994123
4839,13.980054123283166,9.63818221529837,0.02581484052554405
4840,13.94599794700724,9.615767175796268,1.914492464441305e-05
4841,13.90526415348218,9.58349592672563,0.00015232370905481735
4842,13.871273403271058,9.550872914746874,0.12595910372510832
4843,13.892509121193623,9.577574963026317,0.0005692739419814122
4844,13.90645448192254,9.592633614036629,0.0013453324779197104
4845,13.937705517110688,9.624162356634839,0.012544187058612847
4846,13.896155684982359,9.591672542088814,8.717840345426557e-05
4847,13.877394862328787,9.568444508357437,0.0007893212957690205
4848,13.855831745891695,9.552052256193603,3.3508544688647e-05
4849,13.836656636296892,9.527361952369944,0.0013016488439815607
4850,13.792956222561067,9.493105671030518,8.545250106407971e-05
4851,13.774715979837106,9.47985773332669,0.00033781293051745936
4852,13.79287402098488,9.499511852614251,0.006981774769177634
4853,13.81613563339055,9.527641636529065,0.0013732121774034426
4854,13.796556377742519,9.529316816471034,7.822507273279234e-05
4855,13.826617682176892,9.556102410177287,0.008495512211701563
4856,13.830194197488888,9.551728014510461,0.08422930338726128
4857,13.804911928320333,9.526894050397678,0.00024523619215261193
4858,13.79656388960571,9.52204318463165,0.001153610792199822
4859,13.831432609230864,9.555065576252417,0.03653174691735545
4860,13.859636213945734,9.58075035880555,0.0031539967485051967
4861,13.834427746002206,9.562736824000426,4.1624030974911e-05
4862,13.828120531283975,9.550172348863068,0.002336304792353358
4863,13.807698212957103,9.539090073676022,0.00021939754675344807
4864,13.794271990559974,9.520945930748951,0.0013860976689471505
4865,13.773682358041627,9.497929139154326,0.00162350256372313
4866,13.801483841152129,9.523559881550252,0.04076671745472166
4867,13.785543220331544,9.516389823506673,0.0001798840820265592
4868,13.76340405035915,9.517042460955288,7.303086123664615e-05
4869,13.764611725816057,9.51436890766194,0.002391395398453918
4870,13.744150264867944,9.494777003272102,0.0003199608838933873
4871,13.771521910282315,9.527765719496694,0.0015922310866014055
4872,13.790517833036025,9.548876440384085,0.0015614602695830254
4873,13.826928713829439,9.58281613724043,0.01777990369053787
4874,13.809279256922705,9.566726507333833,0.0001616037934029211
4875,13.783068475649268,9.54235660849471,0.0001428448007550004
4876,13.744230023421695,9.504074588813403,0.00029167965473466436
4877,13.704104400496222,9.468319797831809,0.003949613252299488
4878,13.739007343026403,9.500868237911863,0.026242813614137637
4879,13.722402226544766,9.487176526265252,0.00027284848360040453
4880,13.701937805808136,9.463092453923268,0.0006520428337535265
4881,13.680460906082667,9.44036519806782,0.0005422848296270119
4882,13.697895812564198,9.458794668368542,0.0014066152555593052
4883,13.678865445006979,9.441621260988109,0.00019075440672026417
4884,13.708398397343515,9.4728226521963,0.0034016357758242283
4885,13.68069928789919,9.445682579061835,0.00039838779356462064
4886,13.64441397782127,9.412789300707688,8.924758806211781e-05
4887,13.647618351316753,9.426817286625877,0.01767179588762018
4888,13.628015948665187,9.404725797894494,0.00044321584099201095
4889,13.658852706917266,9.433903955231731,0.014043367858917832
4890,13.637601247219637,9.423520849107481,0.00011864279378436515
4891,13.61789770409444,9.411406460002226,0.0030860023739285704
4892,13.612181764727044,9.401641331565687,0.0012616581167733405
4893,13.636529787663815,9.426130158607682,0.0022369613764096565
4894,13.620068518870855,9.402659134295849,0.002137421515235059
4895,13.647913212534112,9.431077336402511,0.0034500374253805736
4896,13.649673553879904,9.445413962563737,0.00010406790881281404
4897,13.66152869611808,9.466678677452245,0.0003291923252991188
4898,13.634196561176612,9.438935650382355,0.0007746962884990907
4899,13.588992911117208,9.417603646661798,4.475595224579562e-05
4900,13.579222326185997,9.412507832875457,0.0008319687461178417
4901,13.610828928755192,9.446646949336019,0.003417546016991676
4902,13.603274027234216,9.436315407298766,0.00044540303982681283
4903,13.63134734944451,9.469736648359437,0.0020717506875759426
4904,13.597160218821369,9.437767827424192,0.015910771936478562
4905,13.5694528161378,9.417515007930904,0.00010652134516956367
4906,13.544796757178482,9.394459928102807,0.0007209394689097349
4907,13.509064047446383,9.363722808776924,0.0042075789548021
4908,13.538542682867858,9.391201584005108,0.0077062104693963055
4909,13.509694024323347,9.372689241034283,0.00016909341411050412
4910,13.539177282465236,9.400736920621844,0.00579131228677915
4911,13.526707905624653,9.37964039872366,0.003978008875242827
4912,13.488436055956875,9.343863894170571,0.07453498441201208
4913,13.515211819506264,9.36728356118496,0.012418632177173438
4914,13.537015219590485,9.389194081978536,0.002844428695539332
4915,13.503099420111617,9.366315091108817,5.9291021842854164e-05
4916,13.464399850309444,9.332923649912086,0.0057963079938118806
4917,13.466919264957182,9.342249644542607,0.000298948558952939
4918,13.482918261066587,9.359845707822856,0.001241981789917361
4919,13.498783432552559,9.37769841023912,0.001356883043282848
4920,13.493581021927367,9.373727128832707,0.0016428771987859801
4921,13.477103051426248,9.35556937735364,0.0005751459799053955
4922,13.498587368867465,9.381084672529129,0.0012051202403779526
4923,13.535157101895313,9.420858486763144,0.004947075307570471
4924,13.551920472263404,9.438827469028405,0.001339390916834538
4925,13.522213454261937,9.41355581240471,0.006024475332683232
4926,13.549583148997703,9.443088145277674,0.0036707969371795194
4927,13.526039145760757,9.417746998037176,0.0009970925665216171
4928,13.492963528405562,9.409784654288307,5.52091127627271e-05
4929,13.506287612968453,9.42964367677654,0.0004503294248979062
4930,13.467552769480116,9.400311043271243,7.77071135929149e-05
4931,13.442546118908304,9.372655194731921,0.000752878413145745
4932,13.439644242998734,9.372026753557758,0.0013032389763199164
4933,13.408513484477384,9.353955861821763,2.585324101548257e-05
4934,13.427358639446355,9.375147307617791,0.0006553566275391061
4935,13.456339357628394,9.40524613088941,0.002675042293835805
4936,13.479441717194938,9.436708822466972,0.0012569471240225672
4937,13.449908115642462,9.431226095352471,6.647476751078719e-05
4938,13.400770169135443,9.405425099534304,4.1386843846591154e-05
4939,13.426497220907963,9.430536560824965,0.0026902443516080743
4940,13.424847779592955,9.421180585429228,0.003150408554418585
4941,13.413092241437678,9.416871527294102,0.009215604537615048
4942,13.41586330726936,9.434822479341033,0.00025342895979121963
4943,13.395337315180956,9.41627259534572,0.0002702089628239696
4944,13.370863421980332,9.397612182426833,0.0002923170135416767
4945,13.36577884869074,9.392830159403163,0.00045652287666739856
4946,13.361873847175234,9.403707065772451,0.0002803495427342645
4947,13.386714559289583,9.427813557973222,0.004202039668110817
4948,13.410192857489653,9.45809785941745,0.0012724424001778361
4949,13.373189117112364,9.423349713657187,0.0053023586579851265
4950,13.39239684383626,9.447928351153253,0.0013949091001726904
4951,13.384599485529966,9.43402733072234,0.0009158127296267749
4952,13.383643668945588,9.435060894999818,0.001432986420190845
4953,13.399157172523376,9.458486160083257,0.00046502388306695957
4954,13.421443942703087,9.479864781347219,0.0032025111256721154
4955,13.434927211745311,9.50237271314071,0.000326426848742454
4956,13.436810184588584,9.508259805461487,0.01025734856728835
4957,13.398951264330194,9.477857746697875,0.0001602942392508064
4958,13.361182507361947,9.442560360999883,0.0037075983930869205
4959,13.357446443615858,9.451299406341969,5.9948842824029334e-05
4960,13.353830850678737,9.439024173670468,0.006592483995947844
4961,13.326654928493587,9.435742932741562,6.972406636128211e-05
4962,13.29072916647802,9.40109753210767,0.0006823616290034273
4963,13.25203187766137,9.366530218777912,0.0026920925783778956
4964,13.228140077698324,9.344634088107643,0.0002574996839162909
4965,13.195659238891457,9.312833498600826,0.03291791025597124
4966,13.184441184957063,9.299312109379489,0.0010205881151009513
4967,13.145532359225212,9.261600231842326,0.0086330062438914
4968,13.144613509617699,9.249944718986642,0.05738778594749113
4969,13.16202469184601,9.271513935103313,0.0010938158614601404
4970,13.166050785842192,9.283976284790986,0.00019091210200472482
4971,13.183577047435755,9.303500444273997,0.0014887939768235229
4972,13.154971670298078,9.272974328578124,0.00042724382268337276
4973,13.12622490261498,9.250573911190545,0.00029233699261297963
4974,13.151594377245678,9.282290664575985,0.0016110743914007765
4975,13.178704530142458,9.308616994593649,0.007802593502059075
4976,13.193245684936558,9.320418191199343,0.003994083132441888
4977,13.20718610109747,9.33574570296411,0.0014685811872412237
4978,13.229241397719173,9.3672128594775,0.001025308036696015
4979,13.215434603231111,9.356858962794398,0.0006898024798401866
4980,13.210500432636428,9.346823248439318,0.0013232348472753072
4981,13.245583541306132,9.383375760354625,0.005969843679968183
4982,13.264750635080722,9.404366966929281,0.0028617341188293312
4983,13.224252573629425,9.366948848804743,0.05006122561652798
4984,13.261977374768286,9.40565358016949,0.15671533004438984
4985,13.248094867488211,9.38588858939479,0.0012228420664455255
4986,13.247302252320079,9.377958070636854,0.0035951041867025722
4987,13.279417901263553,9.409369163106444,0.17087302229784784
4988,13.274386145129343,9.398550640334626,0.007085126874037152
4989,13.236593704483665,9.363934420241158,0.004383130810501702
4990,13.207304729793956,9.337541022514781,0.004454366686726542
4991,13.241427663177905,9.370054584413165,0.007667368125520977
4992,13.224010593650927,9.351323734976482,0.00044182716514807544
4993,13.218970299127745,9.360244018880639,0.0003391635894601495
4994,13.192187130946662,9.356820612307681,6.457214063015035e-05
4995,13.232127573214848,9.398258289508151,0.00717105175276462
4996,13.208464844776781,9.39712293908572,7.065546976614732e-05
4997,13.20318576428462,9.383246060128874,0.01069820627491366
4998,13.219994553572075,9.402727560056702,0.0055142030349903046
4999,13.242199558118164,9.430232693835082,0.0010867902262404268
5000,13.235544090019513,9.418495479634622,0.0038792356208069744
5001,13.203584539279777,9.389527169901266,0.006655574990767926
5002,13.19563576841163,9.373817309506652,0.011909698632430517
5003,13.134621268954106,9.337239403019511,3.245865877612631e-05
5004,13.100613919009069,9.302442454245499,0.0002749342886718445
5005,13.081367813027914,9.285644455925501,0.0003387309374895586
5006,13.059911317799967,9.266471214095557,0.00023418665022126374
5007,13.03963956540064,9.240492035973153,0.0007013739295423813
5008,13.011440635741277,9.214867216817906,0.012457403271025413
5009,13.022337764367018,9.227310380919743,0.0014012401148646274
5010,12.981210611794959,9.188717343070866,0.00015490474875316684
5011,13.001299436362036,9.216038520693383,0.0011190697563312777
5012,12.972436580507175,9.195837499453926,0.00018292099215967618
5013,12.9438492165216,9.177761150616291,0.00011928335050323286
5014,12.969267606018215,9.207268746915029,0.0027287531090337638
5015,12.953390851686436,9.187587490280237,0.000806170067844829
5016,12.976025641461394,9.217995278285319,0.0017658740110163304
5017,12.940902917417812,9.182406308865506,0.04964918490036047
5018,12.920369123693686,9.159149775988459,0.0006817593443188505
5019,12.949833089172417,9.186940365601048,0.03779456789859954
5020,12.957602739037883,9.20762682648702,0.0002898599024682122
5021,12.985816503914018,9.233203988768375,0.07992290423725555
5022,12.989501414396873,9.233721965087636,0.003023741472582508
5023,12.966513605299976,9.213050077099142,0.0001737845454285914
5024,12.932914924424612,9.192349069349325,1.171842633141561e-05
5025,12.949623800896564,9.210891063384128,0.001392941791487644
5026,12.93220403524083,9.185369553574317,0.0029645939637099545
5027,12.899049908551207,9.153309420617683,0.0002762773178128902
5028,12.878007782593867,9.128675405096935,0.0005022956026001252
5029,12.88342328728663,9.145291306301239,0.00015620494296978747
5030,12.880334188112254,9.134831895693003,0.00939072446860393
5031,12.844609697432897,9.102674962031973,0.0025950018974263273
5032,12.810512640083028,9.07105168330755,0.0069537916989280074
5033,12.814010260588542,9.071274579713785,0.001001976111009861
5034,12.830634361086583,9.091319084149609,0.0006232229483657451
5035,12.797922733950534,9.063130904107023,0.00018039512710952527
5036,12.792818070087689,9.052345403373252,0.003249269780682624
5037,12.748399606847661,9.027905958543716,6.960290152773342e-05
5038,12.76493264887251,9.046536615046024,0.001403654441674269
5039,12.787470478909134,9.070190436474558,0.058238841074803455
5040,12.749233185108414,9.032458657250713,0.005769653883731252
5041,12.78300554875311,9.069337198680563,0.0036440746131171957
5042,12.804027480807012,9.09433799758301,0.000650178352736498
5043,12.78368593758262,9.095289925036717,8.054719682626899e-05
5044,12.772468967274992,9.080774072452794,0.002191750846637819
5045,12.78712112187319,9.103449038688478,0.0005427935265778308
5046,12.774188904003617,9.095045267680721,0.0032719421170938393
5047,12.807758608485873,9.127582164652432,0.02016713283887634
5048,12.776733497067795,9.096500040287607,0.03416665613062694
5049,12.747664612079621,9.068232556017051,0.039089625887179145
5050,12.76881707896133,9.093581017277884,0.0012169300776042069
5051,12.769485370497746,9.101577497822342,0.0043025837347784686
5052,12.77139541906132,9.112258144179387,0.0001682407601321
5053,12.7434331939468,9.106014143644673,6.359880820773451e-05
5054,12.768710490550902,9.138879135911303,0.0013733386340740365
5055,12.79826519926267,9.166360382581788,0.00477891024956858
5056,12.767433200531794,9.138563933135462,0.004798944623997655
5057,12.739326494166319,9.11223384767124,0.007135041190508105
5058,12.727358188070637,9.097521168926853,0.0008944338831698961
5059,12.699665519186137,9.074735523396848,0.00016767932048501334
5060,12.695817750172582,9.074092163117744,0.0013280893515754595
5061,12.689870573705672,9.071855013964017,0.0005134520015428906
5062,12.704851855717427,9.091046552610049,0.0005094551295287122
5063,12.726279618827299,9.118106299899885,0.0013675702462092002
5064,12.723328485475841,9.128380115603436,0.00011605789719199128
5065,12.701799290731556,9.101997370581051,0.0008040215580426885
5066,12.665710334569251,9.069679380231609,0.0070824577347683715
5067,12.635408959572425,9.046631012118866,0.00012797672093112922
5068,12.624830790487298,9.029929662826685,0.0022387354091776496
5069,12.60771061746597,9.007024987468615,0.0008475942829719668
5070,12.591557501454004,8.997078385212664,0.00016683884581318578
5071,12.592089751153235,9.005347240497818,0.021963327644083385
5072,12.562504390644028,8.982594547720947,0.00011133882447476988
5073,12.591397827379815,9.011814335352852,0.003693389166917738
5074,12.61299744190612,9.0411692097423,0.0015951505065405025
5075,12.606315708621445,9.049010337803841,6.703567141125257e-05
5076,12.607111531354105,9.0480265549867,0.0009716047199377531
5077,12.591548829420018,9.04070045140932,0.00025103761856013916
5078,12.57591621142152,9.02543419093661,0.008072690320672805
5079,12.569865799544507,9.009030719372337,0.008867911664409575
5080,12.531357584019254,8.971528813641923,0.006612902226494781
5081,12.567942507219929,9.008694623386136,0.01034026012806939
5082,12.55885591053041,8.994898648367315,0.0026472388451071476
5083,12.583730017505548,9.023632505485239,0.003309025673906718
5084,12.553081462632646,9.00104790732548,0.00017756936433174455
5085,12.583335032296043,9.029387334940417,0.03322292497627279
5086,12.598734080019467,9.050833005705565,0.0006077714169468493
5087,12.61545297932291,9.06813089952007,0.0028668396532144703
5088,12.647074929348928,9.104508036984189,0.0032078967447312
5089,12.637114195192137,9.088227562773787,0.0011601110590412711
5090,12.643211536214885,9.102916520434064,0.00015046130522681687
5091,12.660934727775892,9.124219014706606,0.0008435561429406385
5092,12.692509524477554,9.159848099249698,0.0025185396888635953
5093,12.67866430766765,9.138891622148014,0.0027200057227153135
5094,12.668026233527499,9.12416163347301,0.0007865554945169026
5095,12.690653147445612,9.152214071233114,0.0016514590743664426
5096,12.63825899623659,9.121488865871132,3.8312550479249676e-05
5097,12.607082684528713,9.102187959560876,0.00014435433882411036
5098,12.600210625233109,9.095718413318565,0.00017984553011316385
5099,12.597537837111803,9.093951016108853,0.0005827364056315286
5100,12.575832165759161,9.07865342184469,3.576604174689988e-05
5101,12.56249724630857,9.073634857505334,0.003730450419907346
5102,12.551052381360389,9.060828169866898,0.0007189886259000001
5103,12.5266843112116,9.03045556497746,0.001127709088787962
5104,12.492892806081926,8.995695556117068,0.028108972965736407
5105,12.47973883002993,8.977518780469861,0.0006474170566183314
5106,12.497803433868121,8.995257283594652,0.003480189520794083
5107,12.522495028935756,9.018530051807852,0.006652949954885183
5108,12.498613786333715,8.992165968232056,0.00047862456131838395
5109,12.51985594812491,9.01525831561394,0.0015305526379867614
5110,12.488357263293649,8.984720277593182,0.012478617993769625
5111,12.470124183112128,8.967127117176252,0.0002805828180461112
5112,12.471885163326736,8.967938873021257,0.0008849947562063131
5113,12.440525582678635,8.942283452160542,0.00015488516906154168
5114,12.473158736931193,8.974842483879781,0.04235361110556471
5115,12.46920595761414,8.98530832383839,0.00013022534316911363
5116,12.49791417426931,9.013194166870536,0.004315120000303534
5117,12.516893135046994,9.03608205864204,0.0009991051412557195
5118,12.495063656416212,9.01709702180868,0.017727764325265658
5119,12.45331510824703,8.982202617229294,9.424336558694731e-05
5120,12.442868524172365,8.9665988766201,0.0007021296579139196
5121,12.435035399978833,8.950114389544709,0.003237319339168536
5122,12.429111746605447,8.934480021908445,0.0291223997649804
5123,12.401710314010876,8.905370878202294,0.0008669893595406121
5124,12.387947939792078,8.886574646232818,0.0022671552026916554
5125,12.360213453133875,8.8614447874202,0.004192372316242266
5126,12.364756789791054,8.873690379581587,0.010706643732247
5127,12.31033071788896,8.838353555179477,5.503093568117276e-05
5128,12.302967163188404,8.832127095926921,0.00046866412173121895
5129,12.301826227159507,8.840489059050915,0.01888989161910551
5130,12.294152412651004,8.832978399365842,0.00017420963543622917
5131,12.268815297442469,8.818805263825036,0.00014491345924675826
5132,12.253368518884496,8.808720505689898,0.00020023458569412786
5133,12.25516802654143,8.801532437873588,0.006266988156776345
5134,12.2251066577959,8.778498474002548,0.00012641584482277042
5135,12.193057568935043,8.75261115843975,7.239766097636355e-05
5136,12.190446065812049,8.74934660644547,0.0005946037987362428
5137,12.17696364466785,8.742246691994167,0.0002139675116413248
5138,12.156149470889064,8.733397354382404,0.00027178859441299573
5139,12.146575575067793,8.721987400909416,0.0006330440538067787
5140,12.145362020548088,8.722268607269777,0.002453762501334816
5141,12.121207766776205,8.698154931529645,0.00019669969561879623
5142,12.122442428279506,8.70186982747831,0.0006205536326919478
5143,12.141457134000115,8.728722201891214,0.0013773589910135251
5144,12.13403028386297,8.730190933341229,0.005259801655543629
5145,12.1326102381236,8.728086254765552,0.0005155838762107513
5146,12.10039109116656,8.703389718169598,6.364395588895366e-05
5147,12.10427682685483,8.701580666319478,0.10972638507192004
5148,12.133889662201623,8.733760407530934,0.004845010455258485
5149,12.11923812436172,8.710648940018087,0.00328485052839099
5150,12.089781357579062,8.679005032143245,0.06639976790249662
5151,12.11245760787409,8.704620964639657,0.004344748504357194
5152,12.073785104425573,8.675358740695614,7.256353132031773e-05
5153,12.050470319010808,8.654643722731759,0.00014754472534196392
5154,12.04631004985686,8.654818676509121,0.001197531073219416
5155,12.064258032022758,8.679979168857828,0.00047090845842564355
5156,12.05745725556445,8.676928971794178,0.00031591313820588204
5157,12.082348067940103,8.704174523601845,0.004434501036013347
5158,12.070442724832493,8.701705426969605,0.005294865255258157
5159,12.096719446956001,8.733447343339053,0.012457177642096568
5160,12.10918164122889,8.745985972958147,0.0023913999550386456
5161,12.130670794468797,8.776359887373635,0.0016429632798288958
5162,12.123992247026521,8.772731406044374,0.0017385338294498064
5163,12.144446480879397,8.795884601905724,0.003743402822213348
5164,12.13063200061275,8.783301620027856,0.0008635483855688946
5165,12.095597771085485,8.749609055144468,0.0038443560447298654
5166,12.098360520087645,8.748251413362361,0.001814394791874811
5167,12.124355614673167,8.774762715848098,0.003914755020345242
5168,12.091969950676253,8.745190513859647,0.036981760243483826
5169,12.10072495826736,8.756265523743707,0.0013207954676684847
5170,12.105128436770626,8.755925659109732,0.008482024454505887
5171,12.121626042983253,8.775036758443285,0.0015405562779524699
5172,12.141687110113557,8.802897429472434,0.0016711074852948254
5173,12.170120060504049,8.831516510758613,0.005962059617185558
5174,12.201010486074068,8.862093885744683,0.04160873797547442
5175,12.176052933034542,8.847276952082076,9.586069584170226e-05
5176,12.192159755571161,8.861397662624844,0.005285333561856734
5177,12.18627556381316,8.861128534349216,0.0002295252037394987
5178,12.159578225267857,8.834984057202583,0.022785141343877862
5179,12.136476233963021,8.807432576028221,0.0006280850201444549
5180,12.158727973795965,8.83135013206393,0.0035375890703276663
5181,12.185239336157517,8.862251982982322,0.004428851642720251
5182,12.172101482911744,8.850619073693176,0.00040828065823103886
5183,12.157994148373728,8.833006531015323,0.0007634678331652553
5184,12.159450743118539,8.84352389036719,0.00013680629871021637
5185,12.154903694208043,8.854128902167378,0.00012832803574925797
5186,12.173249876110297,8.878089619313844,0.0012388034679984823
5187,12.175406713200962,8.89485913528733,0.0002552389492977738
5188,12.179691066664372,8.897651053574569,0.003641359913185994
5189,12.157186099855176,8.88163372303492,3.862104101895156e-05
5190,12.137062196070326,8.86375119176525,0.000151071376837965
5191,12.119988190008188,8.840270394561905,0.0013482495787010451
5192,12.110547005187007,8.830337809642518,0.0005065544727229424
5193,12.113905577959349,8.832814855412403,0.01652535692619655
5194,12.082827432699602,8.80370951301067,0.014002569801273405
5195,12.079593635060613,8.810187638788696,0.012206739279936304
5196,12.105237861037736,8.843275260001137,0.003447109433082913
5197,12.090082859850632,8.818714741408781,0.003739506706282932
5198,12.060350384658681,8.795892587302095,0.000219702110025446
5199,12.027752245776151,8.76404900753277,0.005598476796492471
5200,11.998368392994081,8.731849435208508,0.10756162862201532
5201,11.999557403368009,8.733925203722801,0.0007146849830554636
5202,12.002083105926015,8.737655834397193,0.0015507821633557592
5203,12.008006627966125,8.750588201618486,0.0017509178114244602
5204,12.024249962525607,8.768934419735155,0.0007308816032748241
5205,12.021063025678147,8.77682260021336,0.0035233621561907413
5206,12.009172098499958,8.765169709537552,6.735425892671724e-05
5207,12.02758970609566,8.79253965704805,0.001150614410749151
5208,12.005993049788403,8.764764959319878,0.0012553446957316884
5209,12.027089088240277,8.787948054217164,0.0018087517313877203
5210,12.001109574667025,8.775098712668544,7.448751397923053e-05
5211,11.969432246456845,8.765763203038103,6.53832629681697e-05
5212,11.973670162293134,8.77547198441743,0.00023837257708444467
5213,11.96524015255839,8.763918278793257,0.0008721314718076601
5214,11.996905440229861,8.798519563039223,0.02180529936686397
5215,12.013436807410905,8.81869799075137,0.020093245547665835
5216,12.00185948051804,8.801532799070666,0.0013563340932850453
5217,12.001369612909235,8.813258234768298,0.0698556259226294
5218,12.014127787797657,8.830088455342544,0.0006075858902356339
5219,12.037921450006214,8.858888569880257,0.0011037987480698773
5220,12.034374934950252,8.850167702963851,0.0015714811955359381
5221,12.054627891384882,8.872495513044605,0.004335027757749724
5222,12.020645228565854,8.839152461838083,0.0005517561314456583
5223,12.042299161172242,8.866998187466667,0.002249353477306713
5224,12.03873743743216,8.854838421309202,0.004452058888515875
5225,12.047815296516607,8.861061443919244,0.01760057750988686
5226,12.044042617360416,8.847729959511232,0.022400597721484183
5227,12.036562000580307,8.836516636757882,0.0011132906689370985
5228,12.032098244673119,8.835211799026988,0.0008039444042797321
5229,12.033299406317912,8.837918796697194,0.004854425996862956
5230,12.02036941543924,8.833141534640085,0.0023176203433459336
5231,12.017597252314072,8.82560330234986,0.002474727340780668
5232,12.040889019598996,8.856566500421764,0.003448542897781477
5233,12.069922531078415,8.884852907113977,0.005859436450556501
5234,12.051669737579386,8.865463035847508,0.0004488384277149549
5235,12.044402083148514,8.87138099466091,0.0030375458225781857
5236,12.034938216229296,8.87290668054476,0.004952007667902561
5237,12.013672624323629,8.85176900013522,0.00021678928967947553
5238,11.984456924206315,8.826001131191083,0.00015888843273606504
5239,11.978789204971092,8.828681164645197,0.002594335094823595
5240,11.952822754396516,8.814124090136742,0.00011903605785584257
5241,11.945488504487649,8.800774513434927,0.0014379371956736965
5242,11.974294209989806,8.831557317372363,0.0038754251885176256
5243,11.947093526145753,8.808021774756801,0.00018611627061247568
5244,11.936462719905432,8.792765126566959,0.002183282135673983
5245,11.908324769872273,8.772683599061743,9.317917558688539e-05
5246,11.882953224384469,8.749081627005062,0.00018949892182705663
5247,11.907357556092604,8.77445906588793,0.0036425963666034088
5248,11.872302643993159,8.737240055699067,0.08831264199061312
5249,11.836915828644901,8.702602657650221,0.003197421082404545
5250,11.835233652199802,8.704124046576455,0.007027488981188287
5251,11.855134301796458,8.723463232717648,0.002454805534924079
5252,11.888432044009061,8.759199914394825,0.010325503221446595
5253,11.859191997945272,8.734009360522872,0.0002141440258131843
5254,11.849003684839039,8.723185426418567,0.0005101512076207302
5255,11.848040708323559,8.730667910713409,0.00019326700460927293
5256,11.873863485205295,8.76209262315705,0.0029553638522095142
5257,11.852425053438,8.749117583621963,0.00018915939290830447
5258,11.877939480588655,8.774141535863873,0.002742794267207335
5259,11.887729750841718,8.784975223437831,0.0014065144986741657
5260,11.855058019516871,8.753303329078504,0.00028533856032129636
5261,11.824564050635963,8.733252631170387,1.845315196110779e-05
5262,11.822722902002292,8.730806964909906,0.002995015044605064
5263,11.841179023005978,8.752015869346932,0.0016862967460785504
5264,11.865634873889643,8.775891759451655,0.02855176986222041
5265,11.887050095852418,8.806354942361276,0.0018143555982657131
5266,11.869667955813277,8.789843385506167,0.0004073726909207685
5267,11.863348422022026,8.785744333815455,0.0006503386664686708
5268,11.844254358785452,8.762497292960365,0.0010098440458053564
5269,11.866865793517388,8.792066787297465,0.0021509234927769476
5270,11.85525060097077,8.777115680216047,0.0024837651149089437
5271,11.852953835029334,8.788615995768081,9.780964774599425e-05
5272,11.834993104413522,8.765527510318986,0.0009063626647250473
5273,11.863674736313342,8.797759432012498,0.0036169985660925038
5274,11.838326588669958,8.776641961901149,0.00025991719579109647
5275,11.802583482929586,8.744655552086783,0.00014150711893576862
5276,11.808384417383767,8.766846320798578,0.00033208009860557635
5277,11.761160142056367,8.740156039423711,1.511231897094062e-05
5278,11.75525505390963,8.725367870596063,0.012206244312996163
5279,11.72723598853462,8.700817501717813,0.01777129504773327
5280,11.722424666479595,8.703368863964505,0.00027122046715282437
5281,11.707149003244767,8.682467133133345,0.0009250202106742189
5282,11.711108081146088,8.683070355808098,0.0013407904278002049
5283,11.716398699615963,8.698622195575906,0.00019206280396998193
5284,11.746251729857354,8.732499428795245,0.007719063793351073
5285,11.757266757266327,8.74409593043494,0.0018096144285700236
5286,11.732589342715048,8.723063947841752,0.0001681522753112656
5287,11.730434206278312,8.734684675115126,9.888664114105537e-05
5288,11.707943963544201,8.723360933166482,0.0001655579347423852
5289,11.704563207284556,8.710524330543219,0.0057526285960820085
5290,11.670214351213748,8.673915038136162,0.010979091963273097
5291,11.654812472424453,8.65740871183566,0.0004301931014917275
5292,11.675099112024636,8.678584213864424,0.00310023835023346
5293,11.654275583081354,8.662493058340159,0.0001162436691336353
5294,11.662184384933077,8.676569095665092,0.0004764029362961214
5295,11.659288210862952,8.663666341117501,0.004964430404328751
5296,11.68975711389179,8.694513365670481,0.01855523624165739
5297,11.6735787656045,8.676629004672744,0.0004465409031557653
5298,11.674160454391046,8.683558167209247,0.007222069588399175
5299,11.64428930942269,8.651483477565518,0.00047653250970894475
5300,11.66719290746289,8.676383332696375,0.0049754795619386906
5301,11.61745986900504,8.651790681722678,1.0419859025925554e-05
5302,11.609359650069685,8.64187969183857,0.0008444000207953302
5303,11.625032870658858,8.660735688725946,0.001965945215897313
5304,11.642724589323185,8.677361967397788,0.005729577698674492
5305,11.667796036316352,8.701854613886518,0.011509413695178813
5306,11.651411261113626,8.69668542083973,0.003528638225282282
5307,11.668201279336134,8.714401130039311,0.006080556334450139
5308,11.685111304766076,8.732670738669743,0.0019706364755215852
5309,11.6979367534743,8.748889771257057,0.0016323715081669246
5310,11.67078486333304,8.729068083013553,0.00010924765595736645
5311,11.684202615749058,8.745392243994488,0.0015669870283417354
5312,11.70763343653444,8.76844744496151,0.0025478957077089384
5313,11.692942488953015,8.763684648845464,5.951445165404832e-05
5314,11.704039261022373,8.777863522863663,0.0015793172309499987
5315,11.711958470455077,8.78309565796992,0.03288064235263714
5316,11.708934307163972,8.781439133492764,0.001117362919317694
5317,11.711816930574093,8.800031817517427,0.0002582812702788822
5318,11.727489504181305,8.819544943082159,0.0006937445936864988
5319,11.72423032902139,8.831422297951692,0.00013549840220293194
5320,11.719243525004718,8.834071022743233,0.0002558592111361263
5321,11.718684818098914,8.833768145897247,0.00037696642344546
5322,11.687513948679804,8.82453690769637,7.226634127871273e-05
5323,11.683118296820066,8.822816704678907,0.0015139155858823132
5324,11.687549934357836,8.841838833232115,0.0002649343094573409
5325,11.68373885610066,8.830181407000879,0.01222651597021328
5326,11.69904486056752,8.845621142156759,0.004364885276543203
5327,11.678403530579272,8.820326746852867,0.0019736252193074933
5328,11.684479577745094,8.837145333787227,0.007424200103266828
5329,11.671108258500384,8.82655209296906,0.009998020225684072
5330,11.634084318608647,8.78950668678752,0.038223224874139476
5331,11.61848494756502,8.785013664271233,0.00028369372558681894
5332,11.63446698740172,8.800734342649573,0.0037498790516141017
5333,11.656375703898103,8.825100171115652,0.003121892413551196
5334,11.65781129839997,8.822989898237266,0.002586694028327137
5335,11.67307820903013,8.838984392908547,0.0009511066903396543
5336,11.695813815648131,8.863545515953318,0.006150726229914318
5337,11.727527234519783,8.893629441198428,0.015831528908633225
5338,11.71050541195472,8.871635183106305,0.0008372407554088629
5339,11.740445151750944,8.90695316848819,0.003658735165443107
5340,11.705737373041291,8.876805715221321,0.00013904674962003928
5341,11.723914548378687,8.900908222459226,0.0006667256363217789
5342,11.711719940307805,8.891469713293251,0.0001754229482714548
5343,11.722763426751019,8.91168052212399,0.0002706973291310059
5344,11.749772264927204,8.943968668245644,0.007768882247230423
5345,11.722905248316277,8.914125188071854,0.00047613068990000985
5346,11.689165162752403,8.887608191656529,6.520625165296382e-05
5347,11.681733633148951,8.886855076402778,0.00300787536517239
5348,11.650847128362598,8.85469330630768,0.0042100694264568155
5349,11.669375854623905,8.871518534205343,0.015387637612044036
5350,11.636885439461677,8.842544444495417,0.005813191982096054
5351,11.644699678255664,8.846932809254113,0.0034634434628606314
5352,11.618541764830844,8.83795375781125,8.754581622759989e-05
5353,11.602304348780812,8.824026044492658,0.00018422407773996123
5354,11.570022228226273,8.794133526019035,0.00550375842515243
5355,11.542737015928584,8.788843807846444,6.915575567760056e-05
5356,11.527208373742369,8.78583553339788,0.0002506638073632917
5357,11.497620284501442,8.751531615444662,0.01945429306909577
5358,11.48365307969357,8.747215827976262,0.0038771004968512508
5359,11.454397682392774,8.718006407222353,0.013798878850132371
5360,11.44390192994914,8.69955505598832,0.004651547391533156
5361,11.444731622730338,8.707851960830034,0.0002283032509194811
5362,11.411904228543982,8.67305180034929,0.00032927700309711154
5363,11.382790465200303,8.652250314610166,3.262930535877776e-05
5364,11.357969945391115,8.637461871798925,7.249371001081187e-05
5365,11.323982397351756,8.602470458677754,0.005299248204711506
5366,11.297268356775325,8.585409720611356,0.00018354238001450966
5367,11.311892612772287,8.607365232514887,0.0007012894653068173
5368,11.281045444649418,8.579958486996794,0.006279395200286204
5369,11.274115077330329,8.57595700376928,0.0009967140248719382
5370,11.299067286404695,8.603233424660045,0.00467219326186313
5371,11.321212131727465,8.63346745384464,0.0024905974312539273
5372,11.306526723331778,8.611824572053093,0.0019489393464541232
5373,11.327187453648092,8.633681735652766,0.005454833154342818
5374,11.318389418801559,8.621376902357394,0.0017624369541307408
5375,11.338047830918962,8.642853694078557,0.0036678212966160207
5376,11.342853954308437,8.644371138901906,0.002014807853246716
5377,11.344903669266428,8.657246299066827,0.00744552530065971
5378,11.325550670185766,8.638730380181565,0.0092652549822682
5379,11.330364624003598,8.644757714864465,0.008344743966204294
5380,11.334297797557864,8.664033987902865,0.0003063028791907457
5381,11.30169779230452,8.643170442930604,7.740392974565134e-05
5382,11.330465247041417,8.671332639395995,0.006524148504332099
5383,11.328233014273737,8.680176298459019,0.004874945817178015
5384,11.294762614919396,8.64779678660709,0.0002594804175215187
5385,11.27915533067984,8.625418724291254,0.0013450656419691778
5386,11.279833674613212,8.621313460352544,0.003705046168501201
5387,11.24289545024579,8.58406991325925,0.006651156424022483
5388,11.264729636553614,8.613847254602053,0.00279342651052833
5389,11.288764741797767,8.642540772072985,0.0029763718300812774
5390,11.241785149910697,8.61923070230823,1.0840125237019546e-05
5391,11.21864877839606,8.595205365706986,0.0003060911770119251
5392,11.25231029808547,8.630061332189953,0.008445562000567007
5393,11.230669512230703,8.60808481013219,0.0003749290095202165
5394,11.255337523182003,8.637632052010566,0.0014502933118107954
5395,11.278304192798972,8.666039321491075,0.0036233803615206795
5396,11.303225392255618,8.69842047061898,0.006201870065390981
5397,11.32737089136641,8.729892755898408,0.004541032136218034
5398,11.351387299296455,8.76266232536199,0.0027033527344481824
5399,11.379953836145168,8.793087923966867,0.01270073074386594
5400,11.350270413673918,8.766187615647583,0.00011592318076464271
5401,11.359961599365985,8.776169893559638,0.0019707266742310416
5402,11.342128956551011,8.752188117320488,0.0008939794518624219
5403,11.34987698636732,8.767605787023461,0.00026889572381498885
5404,11.336017128332628,8.746088497562674,0.014831621757624164
5405,11.320881568671915,8.730586670018468,0.00043500909699343296
5406,11.323766520512587,8.736630853395852,0.001020858947190421
5407,11.32184279637174,8.748334501895023,0.00011378179112449897
5408,11.338043237267946,8.763836344601962,0.003114107080258987
5409,11.305936500761192,8.730889592140587,0.009590101031944761
5410,11.32812951254181,8.755399520612134,0.0027353984361418553
5411,11.32386698671811,8.758513615533548,0.0002523347707134677
5412,11.347587837172984,8.787194149894214,0.0042749984240921645
5413,11.36851114374735,8.809050335015801,0.003356765741773872
5414,11.345382603177601,8.790459482705316,0.00014712457027658759
5415,11.330368575255125,8.77091332117129,0.0007979870294379172
5416,11.350532756572646,8.798237175474005,0.0011607602032515066
5417,11.32422383555647,8.77267363599671,0.008483922955235292
5418,11.321545161373006,8.781410145410817,0.004508807680438288
5419,11.320461418690746,8.783272731349836,0.0007454298236474248
5420,11.299164280752523,8.753181015550854,0.0026112417306080934
5421,11.263186986529506,8.716543629358071,0.24090917491854016
5422,11.239248157389016,8.689542927866533,0.00046815149362516156
5423,11.259222319400243,8.70911429578754,0.0022184858711828998
5424,11.227096496020032,8.675294541095383,0.0004202115431595885
5425,11.24376283665152,8.693297254102779,0.0017661921039763676
5426,11.239584525410422,8.696800221197682,0.00027946924181034396
5427,11.210770293196163,8.665389055346541,0.0003375859297767203
5428,11.181868485128952,8.65894086081168,6.745981435596456e-05
5429,11.180778023224109,8.66003820668858,0.0007855247189614328
5430,11.143569971976099,8.622390732032214,0.008985862525980695
5431,11.167710039641056,8.654037843116532,0.009965023635675785
5432,11.151610390871712,8.642309886226615,0.00014018347678963812
5433,11.183367539453815,8.677173704782849,0.028606367173168664
5434,11.152341358368872,8.644069732335389,0.0257480630525155
5435,11.124255751732335,8.615442830608393,0.00030462722758724763
5436,11.10572780678856,8.593915199625725,0.0009590926695561629
5437,11.091941002483608,8.581228334620388,0.0002319068248302244
5438,11.063045226168343,8.553173228427234,0.00023963962908253058
5439,11.082431378690877,8.57514356597628,0.0032683436337367757
5440,11.091806138362628,8.594258429072717,0.00047762328351730966
5441,11.034852070266679,8.557602471516423,3.490619509218534e-05
5442,11.01045099959775,8.532186065597687,0.017054757122018385
5443,11.029355554943981,8.551642489928337,0.0064713249651789494
5444,11.053614420949526,8.584093809057125,0.005894912981065488
5445,11.051060816518438,8.57993873883176,0.09286938505334319
5446,11.082814910080263,8.616523375335307,0.018706989770202066
5447,11.070573894414906,8.609213945393174,0.0002548347435979813
5448,11.087716477269325,8.627991419861997,0.0033827324841615445
5449,11.066385519786813,8.60119707808355,0.000898560019181135
5450,11.073174054482472,8.60318724629264,0.009626077365507054
5451,11.091120910758972,8.623083367339134,0.0009431947834884881
5452,11.087358998005865,8.620454922716663,0.036426540820379806
5453,11.083451768765212,8.617162478390746,0.00028147802139962365
5454,11.069411526686851,8.60520802588527,8.316314560560242e-05
5455,11.03380578562774,8.569190056105636,0.006050500773493842
5456,11.009025742761576,8.545711125396863,0.005598837756062684
5457,10.975542032059426,8.514486769795884,0.00019768412921038818
5458,10.98338100628436,8.529636185461955,0.0696146497280056
5459,11.006751473179618,8.557076047975043,0.0013511483523152648
5460,11.007820731862846,8.57370669644957,0.0002793518240657756
5461,10.980970542411704,8.547232514514656,0.0001828893244317803
5462,10.982664659217484,8.55320559920461,0.00027186705751933203
5463,10.981059995826586,8.541297274868203,0.015175364076291926
5464,10.956507527631612,8.515093049058388,0.00457572188315189
5465,10.927800406679662,8.480331746939944,0.007498699070942949
5466,10.920245152919435,8.467970517465586,0.0013542218717284501
5467,10.898411147845955,8.44770964292005,0.01072889391129757
5468,10.918652273604735,8.46892203179697,0.004450413919083934
5469,10.88146231556999,8.433779636042498,0.00020300480158419443
5470,10.905205284608975,8.462987687594785,0.0032528639702143957
5471,10.9172433839708,8.475712594491537,0.0026412691644617597
5472,10.931161486161516,8.489957281713624,0.002511152299601326
5473,10.93617329439598,8.506438984108591,0.007136736068215834
5474,10.933907337764548,8.51819664080251,0.000142816977560256
5475,10.94145337287596,8.528605595001478,0.0014707427751641806
5476,10.957928701747186,8.547412614378498,0.0017802637005769563
5477,10.927754725899696,8.515468884369309,0.0003515262897165107
5478,10.951226895907274,8.539038082214224,0.01970355550990556
5479,10.973660475204762,8.560648095494882,0.008891351735547224
5480,10.955438408359145,8.548521932523501,3.691104664677231e-05
5481,10.939285794370793,8.525222311488516,0.002120998446083844
5482,10.912258350478183,8.492984765744373,0.0005645548971181749
5483,10.92977025477323,8.51248516636664,0.0021852725452129584
5484,10.963912019311167,8.547988623603604,0.07516481069555342
5485,10.931492554696819,8.521415333600507,0.00014811746617557185
5486,10.92239352097713,8.520395373459662,0.00011297495084595206
5487,10.893431406468405,8.486711009314332,0.00045458523325245774
5488,10.873526431243052,8.474729790876593,0.0023146597660036773
5489,10.875170104203436,8.483359575864963,0.0002369600482076534
5490,10.873795376427001,8.491912143018748,0.014155418410621285
5491,10.84918241499348,8.466660509990296,0.00028102746911559364
5492,10.870469943423993,8.495953608332972,0.0026761479910574724
5493,10.88565196090736,8.511152655007171,0.02439504983796572
5494,10.88263567363457,8.51760124460555,0.0002685337184031445
5495,10.869748154358629,8.505531976092689,0.0005997095969516628
5496,10.850779101397897,8.48081332103288,0.0008926316510404737
5497,10.883105417074056,8.516157093513439,0.08468252322271996
5498,10.87938455912993,8.509892087063827,0.00300804121929399
5499,10.861717958307354,8.490514692216495,0.008473687507488283
5500,10.87413913806067,8.511893661665479,0.0012653182262234077
5501,10.896973036662883,8.535669300458324,0.0025567856153838
5502,10.908037046945415,8.544674965314814,0.0038287832745545463
5503,10.89575333831456,8.534400288858276,0.00042975286184646815
5504,10.874512500413566,8.510715395056108,0.0003874709198131213
5505,10.852427504213086,8.481684965785968,0.0010691176610471938
5506,10.874837594576485,8.506939608811665,0.0062416158669187545
5507,10.861708212895957,8.50188455799256,0.00012962113056533622
5508,10.860130924222243,8.501188740371866,0.0004590198980023419
5509,10.861321189938707,8.511832390447843,0.0001514266729366088
5510,10.87216929173704,8.531057601729495,0.0005511627683525075
5511,10.865831638389958,8.529531473467152,0.004126565422239882
5512,10.875751736188997,8.538890957946693,0.002887902614362232
5513,10.850692146639474,8.515019460105854,0.00028107529103883104
5514,10.868296684147035,8.535594934647504,0.00232212986823416
5515,10.853714557617398,8.516005105152251,0.0016088707416939065
5516,10.843046118297975,8.505267181507982,0.0006884898933064122
5517,10.8211893553175,8.479968884463668,0.0005229888216303061
5518,10.798799740514832,8.46405499279143,0.005410697371687415
5519,10.802110416974113,8.482902459637709,0.00027212263347653134
5520,10.828876390402746,8.508688134167903,0.07939047201374301
5521,10.83608554886579,8.516777385115937,0.0015063424784725618
5522,10.856558952105576,8.53790737469208,0.01770103511071636
5523,10.854860062633417,8.534007943596677,0.0008550539118502126
5524,10.837355318974828,8.522327371438488,0.00013885734602646306
5525,10.8264819093976,8.506257619199213,0.001268518263628409
5526,10.822546731074912,8.506042512882834,0.0014322742748396863
5527,10.80826139885345,8.485640086002984,0.0020870524037386743
5528,10.781500249624113,8.457675760645976,0.0003427588184397582
5529,10.750123611894162,8.447394322317514,7.3251942629081e-05
5530,10.770529121514805,8.469608285121778,0.0020955951156344907
5531,10.792026652982171,8.49609421003703,0.0045364046774598
5532,10.825617491682712,8.532705756481253,0.2210334973835519
5533,10.804409644746098,8.515590665863192,0.0002999234089285714
5534,10.792875463530804,8.500059579985045,0.0005367731759660767
5535,10.784052140049804,8.492339881738332,0.0005248366668097369
5536,10.804066528110939,8.513770554574695,0.0026355046080359158
5537,10.827222055352543,8.545478315712359,0.0024919096420609153
5538,10.822274937769752,8.53913501042704,0.06149283092993515
5539,10.840861939892608,8.558691447407291,0.006837715291507472
5540,10.810509302204778,8.529399319006243,0.006056816764810325
5541,10.786730658542671,8.504349834722769,0.014016988467873463
5542,10.806868501261999,8.529896359293588,0.0007374328442004149
5543,10.806812813084925,8.532178888542731,0.0012084120034214355
5544,10.823466934423163,8.550989038759317,0.0010269613899238615
5545,10.789386612736445,8.516334524487005,1.4232004241132938
5546,10.791499411447782,8.518465776515225,0.0005659528582675996
5547,10.77293338389378,8.505161467807108,0.00011265908802216068
5548,10.751469622460217,8.47808664675553,0.001185186185889867
5549,10.77219976929682,8.500360480188403,0.022081974176432574
5550,10.794840822175555,8.530326061861699,0.0035918277490283685
5551,10.775255395030545,8.51385554986353,0.000286714999997504
5552,10.800795667750025,8.538274947568626,0.006715611993079442
5553,10.811088878147872,8.549474190191303,0.003054653333440067
5554,10.806330531048046,8.546492016959094,0.0006088467965740972
5555,10.811277201182413,8.5561559544359,0.000310113445672879
5556,10.81941529443323,8.565047622468045,0.003733390910443804
5557,10.841297780122668,8.589872813278301,0.0021902998272735966
5558,10.840179927132379,8.586435871696507,0.0007313353588454888
5559,10.819811904978614,8.567066953133457,0.0034593402306815815
5560,10.787622946804698,8.534414038673841,0.011447298559747722
5561,10.778806056195206,8.52019907831768,0.0023281918423806
5562,10.757145230601052,8.494402161678146,0.001136445271220511
5563,10.732822524146075,8.474468947403594,0.0028178206632597856
5564,10.748275249802454,8.490549096244328,0.1669423062682704
5565,10.718017896859712,8.459965625613481,0.004379404646863721
5566,10.702834722914217,8.439847443137447,0.0014016319942280633
5567,10.670742567204204,8.411781027060007,0.005440460333349789
5568,10.662571645494408,8.399324782304904,0.002236270791459487
5569,10.656129655938559,8.406618600472703,7.333023669778858e-05
5570,10.643725523570275,8.392947815146918,0.002144157708029767
5571,10.662987968530151,8.414770688678383,0.0030187641064989617
5572,10.664173184789428,8.419663576296212,0.00029576592706460496
5573,10.696205870000485,8.454923542140902,0.013477975912369744
5574,10.67728794592215,8.438584447011944,0.0001826039910774777
5575,10.676945281525377,8.431034618383595,0.004676953613352582
5576,10.656353032651293,8.408208690235858,0.00044806784911192744
5577,10.62830788068925,8.378434163088624,0.0006269200295392224
5578,10.639338125748845,8.39154886518964,0.003444965056674764
5579,10.637266952395688,8.390844668352068,0.00615758711955573
5580,10.607019484274153,8.359596277221643,0.005380645499445553
5581,10.620695914661598,8.374569667716456,0.001104517994372966
5582,10.59466514117421,8.346035378511713,0.04324668767869977
5583,10.591638981586078,8.35555722232718,0.00012370752618856283
5584,10.618048178168397,8.381067289996418,0.246654712604501
5585,10.586382661987848,8.349167072935215,0.0002606843863770473
5586,10.599281727912901,8.363457397824726,0.003728204143106991
5587,10.577641314863445,8.337518700993938,0.0005566899806918788
5588,10.593034562717023,8.360362569718692,0.0010925135720723416
5589,10.5606157889438,8.327818954908754,0.02266969560966446
5590,10.555993362368026,8.321267918923441,0.0006414163315270673
5591,10.550492391820464,8.315882482091308,0.0002926062179857965
5592,10.517380551008806,8.287777020199222,0.0001007448884120494
5593,10.504870849470768,8.272070699151202,0.0013738464521900232
5594,10.484928356739436,8.253030478839445,0.020940015914750934
5595,10.458842369644126,8.230660224283655,0.00010179650387790987
5596,10.430787421717172,8.204896229662632,0.0045200831352518915
5597,10.450473597899395,8.229554363769372,0.002859370501535227
5598,10.476118243566255,8.253129324873617,0.011488726482557441
5599,10.47397004663929,8.251792377027103,0.006617273792026694
5600,10.496082277955413,8.275842641627179,0.004413518015940759
5601,10.468815032508957,8.244187631478113,0.006457216741278709
5602,10.459962645492915,8.233688661552202,0.012905665131024294
5603,10.433824063830343,8.217208912217338,0.000185787342681434
5604,10.449786518136072,8.237963598252696,0.0019801064311006735
5605,10.472963396979054,8.269077301348009,0.008604400097168324
5606,10.472712444786154,8.276841158801124,0.10659859648236417
5607,10.428063504978702,8.248629899864094,6.950753056585095e-05
5608,10.440779063350325,8.264500614063135,0.013221089497834812
5609,10.466090568733668,8.294420578632211,0.008219845952976446
5610,10.451158364052853,8.276188153631685,0.0014893666684974917
5611,10.438129079610746,8.255749495106256,0.003974461820990712
5612,10.409466453760544,8.226037818273559,0.000332898866202231
5613,10.417607050804424,8.23035466459231,0.0069457242496061364
5614,10.410378576013336,8.22491209145416,0.0007064356746462167
5615,10.397527709334778,8.207258326455403,0.00112208821789103
5616,10.418507930736874,8.229609230233121,0.004645163354307166
5617,10.445197402194097,8.261682312875077,0.0037922779153731615
5618,10.431530367706172,8.24217578004463,0.0007693363250531611
5619,10.433977665409053,8.24108111799289,0.0026351797829431813
5620,10.444170394951817,8.251953455553387,0.0007865004382884308
5621,10.465283780172383,8.281711694415975,0.0030195516399516716
5622,10.461663552250199,8.28470623845583,0.004840788396781834
5623,10.433964957715242,8.260586695364896,0.0001607957527592214
5624,10.42476056783011,8.248141480986845,0.0012974481114223372
5625,10.425105844343761,8.250742900479999,0.0004665976719218072
5626,10.388994809445823,8.234198729825453,1.7740423158236563e-05
5627,10.405222569067186,8.25237499249268,0.0023245798351698675
5628,10.388828701670754,8.239502740013263,0.0005539336372444764
5629,10.37409581103396,8.231565161642099,0.0038049206391424866
5630,10.341701347767637,8.197412549044186,0.01765256050486856
5631,10.360681003921203,8.218148840995397,0.006477646735362368
5632,10.378172382488815,8.244953990723854,0.0022223073768633467
5633,10.364640523756192,8.226064557224165,0.0012678780540660208
5634,10.365674170609585,8.241966700050245,0.0002674584918225739
5635,10.37621005008755,8.262803950660148,0.010967282647057238
5636,10.407498835915508,8.297411476100894,0.010310744761703176
5637,10.405430559062355,8.297408241525217,0.0008790916405460112
5638,10.419972144617029,8.319386887536693,0.0007560254544955145
5639,10.398742297839052,8.29749883994735,0.00024390838710781651
5640,10.369527943609098,8.270514030287202,0.0001128347585374753
5641,10.366489082230288,8.279508437195455,0.00032289520868512367
5642,10.332461034697072,8.241170357397264,0.013991455190082996
5643,10.335470194950714,8.26003807116348,0.0003301999012045128
5644,10.334979106977105,8.274699099465135,0.0001869040882479984
5645,10.336503166324695,8.282452483130758,0.0010466602517423412
5646,10.332335127249578,8.286808962478093,0.0038790106302182934
5647,10.330105454213381,8.29569349901884,0.005274662381820028
5648,10.330266272815221,8.287763555147146,0.0033643001501486385
5649,10.338798587374548,8.295070273737474,0.0011729672549503963
5650,10.320388477265789,8.274253357526247,0.0005512233089622326
5651,10.322107452996779,8.292326933260783,0.00031282481549629567
5652,10.318058776472704,8.30049829503204,0.009741897841569879
5653,10.292235431714477,8.281753346219485,0.00019634270981332258
5654,10.318885114850778,8.307779970853227,0.1161473173647865
5655,10.330849619121054,8.32017478182274,0.004654248620714163
5656,10.312919593701489,8.296379492323274,0.0007340987089048544
5657,10.30005589492916,8.290478846481397,0.00020705695451048937
5658,10.317734391155541,8.309337385208293,0.002536541454898306
5659,10.329972993555012,8.320694902943128,0.011128111231223472
5660,10.312615491408172,8.294246147057619,0.003646707300546739
5661,10.306936319545692,8.300110489124096,0.0038278155192117583
5662,10.297841957521236,8.296253709244652,0.011366361000041144
5663,10.282145572809528,8.280059086648942,0.0003475225247003271
5664,10.270930187579065,8.276186054348592,0.0027788962127355946
5665,10.254101423987926,8.254758032562066,0.01283335984310183
5666,10.233260561389265,8.23629118343729,0.00026935316755353247
5667,10.239791421925851,8.24375092087691,0.0022779150166542103
5668,10.24553146020531,8.252283956833429,0.0003970363944017185
5669,10.223257166608303,8.222909492876747,0.0007570325981432512
5670,10.2390256404022,8.239234775131436,0.004899187380803629
5671,10.211681677348272,8.206528399447123,0.011449188376736048
5672,10.230173195254492,8.225892807605328,0.003710384972030417
5673,10.240554672252008,8.235315776860745,0.0036273691494816893
5674,10.211429559515073,8.208855149734104,0.00010904615844398489
5675,10.184532291218336,8.18060170977983,0.028782690463184196
5676,10.15702032607147,8.155614082710107,0.0038478572901010227
5677,10.125640225932981,8.12325544203336,0.012630472998581685
5678,10.140098664184618,8.139848977023853,0.002668820667772412
5679,10.113620388614084,8.1150886160523,0.002904434226137374
5680,10.142498308551872,8.14741791857219,0.014019510135415346
5681,10.146565574578538,8.153573142336132,0.13382684172548015
5682,10.175060310463984,8.186839115406034,0.010370642550245892
5683,10.166038062886464,8.176131883768274,0.001504482231659109
5684,10.155524476838714,8.169589277501778,0.0033306693169553535
5685,10.149170713773017,8.166597125602587,0.00039040911017560836
5686,10.137969869291886,8.160924525196396,0.0037872673205263693
5687,10.129933504291648,8.158449109719854,0.00019667720415237136
5688,10.109225470933836,8.143663329812988,0.00011339909251417922
5689,10.081360361680806,8.11136701566444,0.006075264286181719
5690,10.071134288413026,8.097413971762343,0.0007300826120480125
5691,10.083013207894576,8.109372037691836,0.002424158511096769
5692,10.105570971827586,8.13204718014271,0.011798753456548652
5693,10.089364466121516,8.12160344710069,4.327571873099871e-05
5694,10.09099881801923,8.118034926052914,0.007744934390039041
5695,10.086675890756773,8.121815718420635,0.010014310964084668
5696,10.082416741528268,8.111765247906296,0.0038389846456421198
5697,10.095544115260369,8.125039137596673,0.004253527129810185
5698,10.07933812197128,8.105429894668973,0.00037547322137772743
5699,10.045980064103231,8.092248523134355,7.255258683339173e-05
5700,10.061329656857549,8.108257835304792,0.014194941314768937
5701,10.087272101044904,8.139364055964025,0.005711290269375233
5702,10.089683427669362,8.142449036605866,0.00042734402414787534
5703,10.060410634828251,8.10946812048846,0.04381068632803477
5704,10.042976436825837,8.096464031582265,0.000318959465608271
5705,10.059991227912803,8.116196325083465,0.003615450308490121
5706,10.052957360761974,8.114455039799411,0.004656963436196591
5707,10.048150701006652,8.116271323724286,0.00030122484974104657
5708,10.052600431360071,8.12909991649268,0.0002537712265425835
5709,10.065535187598819,8.151160803439332,0.0008713806741496255
5710,10.090619152378242,8.176790862566104,0.006345855970447708
5711,10.098748806155228,8.185097006596381,0.0026680007759492114
5712,10.0876532557509,8.175963387488778,8.937885877253609e-05
5713,10.097033395622836,8.181746447652467,0.009803514684815268
5714,10.120161310040771,8.213684479323057,0.010418078011230007
5715,10.108813936467833,8.198521950489567,0.0006779236583701033
5716,10.118709520096463,8.2098331720828,0.0031183588463557475
5717,10.137544754730952,8.22780199554877,0.6389641442256194
5718,10.117426210442,8.205641407952248,0.006471100130839816
5719,10.086768482600702,8.17336279706745,0.000158399339729452
5720,10.067038643194055,8.157651984000974,0.00012460696887451177
5721,10.092211156046755,8.186412388148552,0.005806955747202832
5722,10.114405399966824,8.210250011274761,0.010715032220154809
5723,10.115970208340551,8.205771094009572,0.007618490868803809
5724,10.115184757366483,8.196498663473347,0.010112748567004282
5725,10.107939339610319,8.19541484200526,0.00013414330951265
5726,10.0936229941007,8.17339334868798,0.0020755963467270124
5727,10.112957967389184,8.200412069951435,0.004022260503926013
5728,10.079723030195305,8.1726209591421,0.00017296314051099346
5729,10.056126180714513,8.151007432290402,0.007109158983097389
5730,10.049355084639076,8.151915355908438,0.0031047442772391283
5731,10.043273775521822,8.15293526897155,0.0002787046538762792
5732,10.033310519146479,8.14663765656079,0.040962932431398376
5733,10.011375011349994,8.125884194799731,0.00011144366676448791
5734,10.000697915303158,8.114452460159734,0.0006334073047598264
5735,9.997630371220353,8.10663822877796,0.0024644785353341017
5736,9.998328347080967,8.116890124395061,0.01620751997376032
5737,9.98516520955896,8.108634268114248,0.0002781375736349927
5738,9.985432707591139,8.098801986465537,0.010146150298303068
5739,9.9984647299698,8.112728786956305,0.004102716437347089
5740,10.009247642016026,8.123032948715412,0.007604431338247107
5741,9.998144740287355,8.106242565374568,0.0007774018640873891
5742,9.975016520931362,8.081481785209641,0.02762640419810809
5743,9.97657530021923,8.09815671452979,0.0003371377147469428
5744,9.96100303712075,8.081584916688534,0.0005104686488956343
5745,9.931222204235837,8.048473015280942,0.006336967498360452
5746,9.902195833673174,8.018780581335882,0.003783438511501601
5747,9.92592192038935,8.044489606289838,0.004671820187964317
5748,9.91056174142682,8.039174210542003,0.0002668791530926717
5749,9.905142137141764,8.04766366995847,0.00010603647660704701
5750,9.889993671984495,8.025667124316122,0.001875737036963006
5751,9.874026130874537,8.004156772768694,0.0014120127144351636
5752,9.872736481959265,8.00088240901313,0.0012822344901132362
5753,9.865703518016604,7.988152358398177,0.02372046202822565
5754,9.867262703255552,7.995204714656665,0.0002717976611397571
5755,9.840966637363957,7.9750840872629185,0.00020651385917556708
5756,9.828763792810815,7.965029545863056,0.0008975623819510399
5757,9.818258053466918,7.9624223672062575,0.005755601773133284
5758,9.827359992168637,7.970970714181248,0.006132864676623147
5759,9.820743939926073,7.960947333547432,0.000754497462116089
5760,9.822284481851032,7.96677147896123,0.0003571194734663039
5761,9.798546199272398,7.943792819873514,0.004213652458635281
5762,9.782374479217697,7.926773779380374,0.0008717102188699865
5763,9.794408086247481,7.938106229062231,0.005305411111605357
5764,9.780339112998124,7.933476171405392,0.00022712163627663844
5765,9.79955196865231,7.960068633383687,0.00671838696821759
5766,9.799855936451534,7.965842918259066,0.00020590642037305804
5767,9.797783312356378,7.960404308997693,0.0008116636107388343
5768,9.801628243859026,7.974041746522143,0.003331933945524272
5769,9.818700427758694,7.999192892059542,0.003963763170467327
5770,9.812791378724166,8.00150511143916,0.0002460590832306822
5771,9.811100447924593,8.01503392140178,0.00026948327003040027
5772,9.796580978608196,7.994861734556119,0.0019831132743612623
5773,9.779606485429408,7.985301616736702,0.00021537262118107787
5774,9.795438465382421,8.005076368298422,0.0020647932067015618
5775,9.806856759192224,8.025072694607381,0.0005102223448066008
5776,9.804008130257335,8.019691933507685,0.0012338424196252338
5777,9.785759014836806,8.020714126341353,9.514270444847078e-05
5778,9.785641155835467,8.015595696746747,0.00874085098986381
5779,9.802472348742779,8.041691380621753,0.004143625883049412
5780,9.801188029654321,8.04963926070894,0.005167477723786038
5781,9.819562383328579,8.069010330742229,0.004842899756638711
5782,9.819185747035148,8.070130909364675,0.0012404301608787127
5783,9.821238953546493,8.07062861253708,0.0009059802348494108
5784,9.839358942191524,8.08960763900799,0.004719976570361439
5785,9.791298896031675,8.064328756045635,1.0804710702479418e-05
5786,9.792962639472544,8.066111553929124,0.0060243319927397445
5787,9.795691492929562,8.066333218890904,0.0008683538683271387
5788,9.786394098035656,8.050561676185259,0.0006870409911441214
5789,9.767831609871136,8.03168843220035,0.0002901422167248568
5790,9.762726085237613,8.024515815738456,0.0007444002672214197
5791,9.77828169877394,8.04285615272456,0.004585595557886732
5792,9.786763368500834,8.05716777452802,0.0014559940959537
5793,9.81667625191684,8.088754998710415,0.16944310094803822
5794,9.7892742856642,8.063901018259672,0.005159459164534866
5795,9.810448749939383,8.093696101448343,0.005578007776897968
5796,9.80357473404853,8.091472371800245,0.0002278177656941981
5797,9.826612908031437,8.12120587751282,0.0034651102481023217
5798,9.825162044098901,8.110438464394647,0.008799916448534888
5799,9.793474064762595,8.076705030530745,0.011436177197996451
5800,9.815748368278106,8.106793000141804,0.017077085470877308
5801,9.833136272137013,8.124186611737532,0.018499555138678743
5802,9.80991174135084,8.102015352883935,0.025378967110591726
5803,9.799175983250933,8.093061629082676,0.00021357209857489326
5804,9.793848014921272,8.081076678690147,0.0020311708807366586
5805,9.782472363601897,8.060658333125465,0.011011893646361232
5806,9.731241540848155,8.030035641644627,1.0989044305902032e-05
5807,9.717360122059716,8.01762901658927,0.009812572942342473
5808,9.710368211810147,8.004814366082178,0.006508819704589795
5809,9.721205253261337,8.019404214078097,0.0019756031541279446
5810,9.739952360846663,8.039198897301626,0.005766808739413861
5811,9.70876822625401,8.016453294751686,7.977993782115737e-05
5812,9.683031927205686,7.98758326973101,0.00959660150591764
5813,9.67459204789599,7.977272426494309,0.0015177648201120527
5814,9.659526631952334,7.967247462548372,0.00028870863264175483
5815,9.646971496418638,7.946195301249442,0.002616739295360538
5816,9.663707802657214,7.962457824181033,0.004442918938747501
5817,9.65982578978662,7.951136305733589,0.005096508589613625
5818,9.635634432580202,7.924722195602222,0.03612027762405579
5819,9.641286596646431,7.931696178936924,0.002883754679301943
5820,9.6567271774794,7.949155964022251,0.0028658013382581817
5821,9.661337251047042,7.965547150925228,0.0050927217435841644
5822,9.65814704729367,7.960172523178388,0.002789445960239183
5823,9.641578745233494,7.948071887683106,0.0001936295845376506
5824,9.618134705232649,7.924653427775956,0.005102453864426713
5825,9.638965256429989,7.952432757360951,0.0037504517864316873
5826,9.616212977196534,7.923234496554752,0.008816554972959105
5827,9.638995943046911,7.946859937189288,0.009728179377742459
5828,9.621299583894565,7.93375542395026,0.00010948114931643905
5829,9.635728801398592,7.951646129785815,0.0031955442778504673
5830,9.621093332699367,7.940940875670873,0.00013277695957812673
5831,9.627476011662251,7.943633206231591,0.0013527139689212707
5832,9.61559720252954,7.93191378176641,0.000660320337487212
5833,9.625089243473985,7.94669607764067,0.0006987608260462966
5834,9.63379782998834,7.956326342034081,0.0033219824855981028
5835,9.652505636783644,7.983210898188307,0.007702237723565284
5836,9.62229490310856,7.951162649206576,0.5611156762175039
5837,9.64093549945674,7.977958786662917,0.004367447047339814
5838,9.639939696128733,7.987044222041301,0.3572483253093033
5839,9.66892437756949,8.021895903508286,0.004984027896833346
5840,9.668817567374882,8.020035200881782,0.03288928604341375
5841,9.667619958896513,8.02416712649021,0.0622860287738713
5842,9.682000466960991,8.042535859908979,0.0018135435789913095
5843,9.70400310529459,8.06657853033087,0.2349238470351
5844,9.693098627509611,8.057106935976687,0.0002816027886960107
5845,9.673530262215527,8.02881950390413,0.012748266027310795
5846,9.683293096010416,8.037920475395834,0.011082197204170547
5847,9.685734479634956,8.049958498408026,0.004038941599725535
5848,9.660105311741432,8.018236470874811,0.003971538398034238
5849,9.641924570022951,8.007672586884095,0.0001647608307059645
5850,9.623601505871502,7.981717675708268,0.0029123569543644395
5851,9.609234310310937,7.96579549093598,0.00033920740028626665
5852,9.619638556547804,7.976830362622682,0.0011079130704825387
5853,9.5827098994498,7.9572039765440685,6.793046181853843e-05
5854,9.570867948923665,7.941492753241048,0.0006610884156513447
5855,9.579098172981684,7.950862015458213,0.011001798606201686
5856,9.575893229578359,7.9459705637032805,0.00035356285318307007
5857,9.554907870363186,7.92536401116651,0.30828518801572735
5858,9.578572239511987,7.951418778884047,0.010389225104714976
5859,9.586686668976979,7.962361086405702,0.001909391877870439
5860,9.577725167569124,7.954470906722467,0.002262172283899963
5861,9.576643684859208,7.961278907041601,0.007972270266408326
5862,9.592950540988813,7.97915626308549,0.11908345350326544
5863,9.588683509323225,7.982570903907305,0.015716968856511474
5864,9.558651652800494,7.948879937002663,0.0061660835857943914
5865,9.571839749430087,7.963467074432604,0.004211047659295181
5866,9.541975871533698,7.928537160884978,0.013290049543911723
5867,9.535186692040257,7.921671094603561,0.00313651445606036
5868,9.531971543162298,7.917855204121114,0.00038765158506777665
5869,9.508489429648495,7.894905701254094,0.0002416503368427628
5870,9.526907517060222,7.914284139870072,0.01791205885038836
5871,9.504027150831975,7.894672160267664,0.007863834675772174
5872,9.481076100187448,7.870072183257855,0.0001949332383988829
5873,9.475319066419111,7.858941928581643,0.0007027497438673921
5874,9.468648248684694,7.858481770243768,0.02144165455676229
5875,9.436822559679653,7.846204523168803,7.611337909868222e-05
5876,9.428252563584653,7.828577076013949,0.1826438450201756
5877,9.408658928571345,7.807613454576395,0.0005015353434066335
5878,9.397023750712027,7.790132641456688,0.001583736075304342
5879,9.41408767440417,7.809517552049647,0.0038044598189290327
5880,9.407389655378276,7.811347517210825,0.006135336976867387
5881,9.417460328014132,7.820487797946113,0.010838220919303969
5882,9.40999613652249,7.819533532884161,0.02648834955709751
5883,9.395304318488334,7.80729075030598,0.015512868964126608
5884,9.41504516424492,7.829203088898708,0.004965486700608818
5885,9.417448261407689,7.839139057859219,0.00020815113216104283
5886,9.43356047208925,7.859083011712231,0.0034747622308161983
5887,9.388039589606695,7.835049425017516,1.0361576688508431e-05
5888,9.373577761351727,7.827583280486078,0.0030022220175204744
5889,9.39133362848531,7.851826682404542,0.0018918612464122596
5890,9.362912913961994,7.823514467209653,0.00843029912461915
5891,9.359717001264917,7.828815836441914,0.00877718235419412
5892,9.364093026246302,7.842523180809938,0.00021692290678131283
5893,9.36021084085819,7.844608173257382,0.00033747136868500033
5894,9.332313284286878,7.818047314378357,0.0033616414790145007
5895,9.334233134877856,7.814668256233393,0.006463852922944415
5896,9.348414894241483,7.82638976182021,0.036452502407973174
5897,9.314121442570329,7.811998423962696,4.729422543147893e-05
5898,9.332451560389226,7.833229011467211,0.005589201581235518
5899,9.349087461722707,7.858141183464709,0.0027791341042773267
5900,9.34857134496472,7.8646374030818755,0.06737041383623267
5901,9.363768596464672,7.881568702793889,0.0075671662271430944
5902,9.362124994866019,7.87566220540538,0.011258747348498209
5903,9.385819119357105,7.903104002485541,0.36626816264778705
5904,9.390341371381414,7.908896772789568,0.0030739489050908464
5905,9.385469625940695,7.911048363078644,0.375537822780866
5906,9.37439131269335,7.902649356167913,0.00014187510547891867
5907,9.345096425643554,7.870078724821952,0.0003964154067811335
5908,9.340066996935684,7.858247926560662,0.0038556850680784064
5909,9.344452576388475,7.86973227532701,0.007354076167436408
5910,9.345388598973772,7.878200295428444,0.005773857756010413
5911,9.365810751208915,7.903578034048936,0.005716328454730765
5912,9.384830184127896,7.925826236994192,0.004511778150170676
5913,9.383496497691011,7.924491228929394,0.0016965232483185672
5914,9.368760008620816,7.909867429618455,0.017606413717537826
5915,9.367736159583341,7.900661180441726,0.019276800397572597
5916,9.385554451482696,7.920506367738897,0.003657878400216907
5917,9.378661057769305,7.9193285813109,0.06810793256872273
5918,9.37930367196105,7.924870537332535,0.0003384546600926084
5919,9.361238006555817,7.91652770260432,4.3583658235559076e-05
5920,9.346799350107709,7.893349526650397,0.0029376023973891486
5921,9.330316586920318,7.876809510161688,0.0002118767012883444
5922,9.321170837819883,7.863302877134794,0.0015395828379558619
5923,9.336708636577777,7.888202764978466,0.007506186634136512
5924,9.336701728833713,7.897464983241897,0.010741082479059437
5925,9.329964421837598,7.88969758301583,0.0008884573797727598
5926,9.312287201502528,7.866690266299646,0.0006994095918022091
5927,9.293969623315107,7.848098138951697,0.057479907011671424
5928,9.297245816660038,7.857411542887542,0.013669639257182179
5929,9.269087531266113,7.832313365889361,0.003075789229385967
5930,9.254949724083632,7.811359189265737,0.0015913488463576268
5931,9.268826218248226,7.829176388380913,0.0007395086576576672
5932,9.284613831031002,7.844362983236154,0.054921522061560146
5933,9.273451563295692,7.838851369597476,0.006835306088397075
5934,9.251311068099334,7.818828854723478,0.00011360204052878321
5935,9.219134360694023,7.783554513281497,0.013267242373318925
5936,9.23628819861217,7.802322525813838,0.004397023662658479
5937,9.229935095680949,7.789059550897221,0.004524803114888217
5938,9.205784437203782,7.760538333543289,0.000441144482189555
5939,9.226915436424887,7.784698887358904,0.010777928447389697
5940,9.197427584803574,7.752139219222618,0.004118792557219801
5941,9.213949787076332,7.777524730939149,0.0037294229043402407
5942,9.185839867492334,7.748199559674917,0.01625316101655596
5943,9.205197246700578,7.769735094871724,0.030280744829682675
5944,9.201023101404088,7.7685255753064375,0.00036854974007187013
5945,9.19324611322935,7.7527268363420925,0.008924221240653297
5946,9.192487223624871,7.754760982005467,0.001140241486721673
5947,9.167722026199344,7.731617485877732,0.006079284786123649
5948,9.1359823284852,7.7049139501406625,0.0001143372745096851
5949,9.129066652836103,7.7027344209809465,0.001107325061454094
5950,9.151543428522825,7.73104667386568,0.00434105010615915
5951,9.157664464729551,7.747668180830395,0.08179973917065017
5952,9.130822133080132,7.724327115695286,0.00018271756559637008
5953,9.151418432912422,7.748583656104913,0.0038290229503056476
5954,9.124164667434075,7.727346623363224,0.00014350231836100918
5955,9.141998646453594,7.747190736712756,0.006679805509841539
5956,9.12455650068434,7.724471771774056,0.0017661270235977944
5957,9.142318895575128,7.750816910978726,0.004407279587222142
5958,9.11564741695503,7.723983998719177,0.0001808364136513828
5959,9.124173228074001,7.731671905704627,0.006452083758097526
5960,9.091108314072143,7.7042440700549095,8.048232861242404e-05
5961,9.069298042761218,7.688793181895602,0.0001472603085873198
5962,9.06732785512289,7.693760312753011,0.11410726467222744
5963,9.054010438668765,7.672296807714926,0.002550203540901813
5964,9.047167315498653,7.656396458023922,0.0109822875198414
5965,9.067931554857834,7.680155306065978,0.004838980897498226
5966,9.04161877793384,7.652208520535121,0.023547204130546746
5967,9.022836509321854,7.642402139335502,0.00023585704872959514
5968,9.009593389529723,7.624698191291652,0.0010156837837703963
5969,8.986333834216012,7.603577117912538,0.0001564452162973667
5970,8.975863504377944,7.606867642727136,0.0002480590022291238
5971,8.96289214292126,7.592495358312993,0.0004087726490000682
5972,8.96178818703211,7.587665104026336,0.0010374046111628022
5973,8.964054453410677,7.583310253150095,0.009793017649029854
5974,8.951938642305043,7.570621326247829,0.00023809957039711113
5975,8.951926564711044,7.564672722118799,0.0022487130099730886
5976,8.950296991121242,7.57800434459359,0.0002914977523145739
5977,8.945414876332167,7.566145970504843,0.0035963270216473357
5978,8.94499097706665,7.571848984276128,0.000277585555180205
5979,8.92724971703383,7.5493875874924,0.0008485917875946592
5980,8.926600736219498,7.547014631303633,0.0010568054311110694
5981,8.927648014208588,7.558075660751704,0.007097366377570448
5982,8.931768704275441,7.564714029225681,0.01077483119916657
5983,8.892179616598272,7.5396887946102655,4.5942606495503824e-05
5984,8.907017069224736,7.560005679443502,0.0015585294581861012
5985,8.887843398568723,7.542764371754398,0.00014668873914275263
5986,8.886545557937202,7.551538730510305,0.0001081348669323347
5987,8.858522748622585,7.541918731628167,7.394590866496629e-05
5988,8.86868430404819,7.553325615957304,0.0028742378090305808
5989,8.895072086617917,7.582898721217733,0.03626096867538366
5990,8.87811189873685,7.562414115315234,0.0012898646587748625
5991,8.896435487627443,7.5831205263678365,0.012632788007269575
5992,8.905973729409784,7.593533022062152,0.0013926732799262721
5993,8.898611476407167,7.5820746599264,0.0016619082375808924
5994,8.894563219969202,7.578720964899368,0.0008661423325818942
5995,8.896549690584342,7.579940724100486,0.005116262464281734
5996,8.906470903143113,7.589370278260226,0.003869179024541341
5997,8.904062016837397,7.600554574837063,0.00020367008866426184
5998,8.922244084980905,7.62662823252872,0.02621274918557849
5999,8.934722669252558,7.6424175418276326,0.002488072822596896
6000,8.920367612338413,7.6202398054741005,0.0012212541567020773
6001,8.920265386487456,7.626393337331465,0.0002739871319715204
6002,8.934255394627234,7.642845834776955,0.003038653537960733
6003,8.9229178144656,7.628193366329214,0.000360232839750009
6004,8.913826803295814,7.62946986598056,0.00040687620948546844
6005,8.911900851228323,7.633893260573049,0.6877756363859386
6006,8.894906556286744,7.618429874210116,0.005505288451951235
6007,8.873155312354227,7.607223331058112,0.00019595991257424628
6008,8.876671148340767,7.619563858082703,0.0002621058993876903
6009,8.886904915951462,7.630848017492983,0.004115922154811513
6010,8.871394288858372,7.617832606398599,0.00010787648403356596
6011,8.861908338545692,7.606388138107189,0.0009762809795493948
6012,8.874005375195118,7.626382664100256,0.001190746999779319
6013,8.868386248889934,7.61930032797267,0.0007960633985503892
6014,8.86537811220164,7.619760059902848,0.0003189144374831722
6015,8.84899614435506,7.603240713075648,0.04431813877232735
6016,8.834347410498317,7.581303665727258,0.03569471995217566
6017,8.851968222944064,7.5993501690966205,0.006020013025918106
6018,8.833023173140749,7.57736496643704,0.0007806522128183436
6019,8.8483037842309,7.596944655103388,0.004618555958786304
6020,8.846693490119367,7.588049724998094,0.006449002569872302
6021,8.864198335965261,7.607348814955781,0.08124058185396121
6022,8.845977970815191,7.589720103390101,0.01596601475230515
6023,8.833729303020755,7.57544851988175,0.00045460835453995285
6024,8.839507780625581,7.582476020049471,0.0032187411322542794
6025,8.852022788153633,7.596162295713363,0.004166775110470999
6026,8.836275340598608,7.5722581975617524,0.0019513836995672838
6027,8.829225839493855,7.579436358184249,0.00013879352572522137
6028,8.819578139781967,7.583569700538443,9.480557555207636e-05
6029,8.832215906731928,7.603814916944164,0.0011778084532609167
6030,8.848272279156783,7.621343332207288,0.004420806273543655
6031,8.861831364205289,7.638588085292971,0.001066176400062338
6032,8.887924463289623,7.6691368258196,0.0056123633056644985
6033,8.871001379328458,7.651778438639235,0.00821218363503944
6034,8.888078992388666,7.664958451847985,0.06908551954565846
6035,8.901485910840451,7.687766168538837,0.002667679648641767
6036,8.910269705618964,7.696952657834192,0.022885203328832336
6037,8.926360800429094,7.714785079820612,0.0070202393912382165
6038,8.899670626940033,7.683078237106672,0.13245637592657433
6039,8.925963270592305,7.713848119263584,0.013609584374384014
6040,8.93877468220114,7.727901929944984,0.010636742429401696
6041,8.948817061418262,7.736609760188107,0.016389031837065488
6042,8.961684252081788,7.753056771494912,0.002151244964043
6043,8.95405579792543,7.744200137187218,0.0005944949006939197
6044,8.933610247677258,7.724530928555615,6.529499746535988e-05
6045,8.932594665798463,7.726897283055545,0.00045873506939435885
6046,8.911184615294827,7.704905641796902,0.006321254853213225
6047,8.913940840501743,7.718082726822527,0.00021465439131673102
6048,8.903425165239554,7.699484345411468,0.0017565712345512738
6049,8.893950453841605,7.699918534227457,0.004112007480024676
6050,8.90415025265284,7.7109906494231195,0.028246311539435583
6051,8.921628268135592,7.735690894207552,0.0021499984075075574
6052,8.916846609445624,7.745542791120992,0.00013764768398688142
6053,8.904448622124505,7.734033075562808,0.048049445056522096
6054,8.92224401458501,7.753061180912091,0.009969993507318146
6055,8.900723826742437,7.72862960281946,0.00046644711285635565
6056,8.878330799309472,7.701291422968847,0.0007544989560561867
6057,8.873088733880268,7.688006800955523,0.14488475585809843
6058,8.869261480030936,7.6909540672580565,0.005408677145705805
6059,8.855158913009856,7.672753456543691,0.001285797030077911
6060,8.837777663864516,7.653147959311748,0.01289794089435506
6061,8.859652377240055,7.677245204914551,0.6009739199971385
6062,8.87164513687639,7.688302597236633,0.012741427938250836
6063,8.891028070632741,7.7091623636054525,0.00581670723722059
6064,8.898584032980178,7.727403526343026,0.003520470149833711
6065,8.903239779679755,7.744496445427916,0.002331605155882994
6066,8.921284967306727,7.764449621815702,0.009774516883112554
6067,8.90089423848937,7.737865583326113,0.00037319636395307504
6068,8.892887676112263,7.720960790275392,0.007768010704109103
6069,8.90500574929837,7.733878513185749,0.0067829535275055405
6070,8.89896974458004,7.742758457280887,0.00019000446147263207
6071,8.879680751546113,7.722678091352774,0.01848199934337073
6072,8.898423870009948,7.7484355333295065,0.015693596453117593
6073,8.894324327648405,7.740689079972066,0.0018427434265026906
6074,8.90374231772174,7.752936021553428,0.006230733006344569
6075,8.871844236844543,7.718164984782079,0.006585701261119758
6076,8.855640308901757,7.699631776113184,0.0006559298924724244
6077,8.827956751789797,7.667312955920443,0.014060609602557644
6078,8.805219321173531,7.6402687421217195,0.0004766483245169672
6079,8.820945053424012,7.663537346581028,0.003736589343426288
6080,8.824972785930994,7.67880360924986,0.020012923747339113
6081,8.841482797626254,7.7040285107782465,0.018547371166516363
6082,8.840821545755935,7.697031196994752,0.00741444778537563
6083,8.811873366506433,7.668297897170525,0.004456433875127062
6084,8.78841646367805,7.641046029347581,0.0002774943594570418
6085,8.772070883102927,7.616098884753414,0.0016372099833109929
6086,8.760172546473898,7.59887173479661,0.0024778449282977133
6087,8.758801431704025,7.604981900575671,0.0028245474589993318
6088,8.77074886191346,7.624447322689237,0.0015642118436813152
6089,8.752948372581521,7.602815639340159,0.0005359853948732776
6090,8.761761304345258,7.619915255064349,0.3445881353135535
6091,8.759866012668583,7.620988027700988,0.00020161508155470755
6092,8.70937235414259,7.585172308790629,4.069209510542422e-05
6093,8.732479051031678,7.608585237672587,0.029470293913063644
6094,8.730384855027046,7.601188578106385,0.0021198046256417457
6095,8.74710364873679,7.620522771662334,0.004571492500522745
6096,8.741754759101934,7.617336197985106,0.0008250386674286014
6097,8.724554736786773,7.605370867958055,0.004960984774888616
6098,8.707578987150093,7.586406304017264,0.0005827917315647464
6099,8.6945353926146,7.5730121707129765,0.000585548371452191
6100,8.65409452944873,7.547355993139891,6.999895329859917e-05
6101,8.655219055597032,7.541350821189511,0.008759225997963698
6102,8.646489807699856,7.533816308324402,0.13997994913283424
6103,8.654642760126007,7.5444704047560815,0.0023694302512896888
6104,8.648269118374468,7.551396093178478,0.00010321564781172292
6105,8.663221013321197,7.569606788785833,0.0033520684029599173
6106,8.659929444986457,7.566165190358465,0.0010122053045882107
6107,8.672595686095693,7.587533491770583,0.0032352466252713176
6108,8.65796882397854,7.564469645871137,0.005655758578975594
6109,8.649502389565388,7.559891601275638,0.005818804123096068
6110,8.647307857113645,7.550798927183476,0.020504732890532652
6111,8.633628786625401,7.528425097786138,0.0015525984648171367
6112,8.614317182648996,7.509429200871392,0.0004889577681383931
6113,8.610218322334854,7.508100965503929,0.0005320742663911153
6114,8.590493895979062,7.490551696777657,0.005569441718256538
6115,8.57962451715497,7.486195153989164,0.00018139540026736666
6116,8.571485093640947,7.46914798598052,0.006900489496547228
6117,8.566376856494783,7.472497049340229,0.005591404541111544
6118,8.590156805683245,7.5020240203324855,0.005637152143868176
6119,8.604594942386703,7.518658637549958,0.029714766056886558
6120,8.585302828719914,7.500630697752101,0.0032311795399722954
6121,8.607457281653444,7.529553130257832,0.007066623239148151
6122,8.592929590230336,7.5109414897628435,0.0007072002547526412
6123,8.592575729942668,7.515310905280217,0.0005207179778999585
6124,8.583843730102666,7.51368750178478,0.002242341640764791
6125,8.582114597654222,7.520917695931337,0.013746874325470504
6126,8.5914523470122,7.534095888562668,0.0042936597027150355
6127,8.607334560894632,7.551697298494553,0.04328614956926516
6128,8.596852468459762,7.542546883411034,0.00037857720320769026
6129,8.577201030608705,7.516712188586667,0.0007219363703510303
6130,8.56101753280699,7.509257122062487,0.00028555133173497894
6131,8.545782363911739,7.4968683239906735,0.00026747603312740024
6132,8.520090002514943,7.4721014382713,0.0028959257092964993
6133,8.547575051345067,7.503314552357664,0.1307733854461737
6134,8.542689934906281,7.502696229642881,0.000278772509899409
6135,8.52236644736088,7.494448758201884,0.00014972948853173558
6136,8.536515654373225,7.509861340267051,0.012811931443898377
6137,8.557237258224001,7.53536339764296,0.006504971598541858
6138,8.560064900659453,7.549721567396945,0.0064189360821866005
6139,8.546164019921012,7.537103760375286,0.012769672519924455
6140,8.543417804986454,7.539475581909331,0.027019881963522275
6141,8.533953472217298,7.530699214786534,0.005445484259183707
6142,8.506914605249795,7.504588663252578,0.005629691438317559
6143,8.4952702922898,7.4872629486239735,0.0006143459342541173
6144,8.48706925700609,7.473319392781963,0.001287787529746709
6145,8.478600164400904,7.467917026554804,0.00021498266371125646
6146,8.503771618907493,7.494696112077158,0.02758757846675635
6147,8.508672373963575,7.495673981667701,0.08268522395770937
6148,8.524088898786763,7.512659132027936,0.006038190915630165
6149,8.523051833157137,7.509119717419004,0.0013824924015312246
6150,8.489664585969878,7.493111086953471,6.911306496970819e-05
6151,8.483778565290704,7.4870434980923655,0.00012996780250166474
6152,8.506189327528741,7.513229841480219,0.0054720477091413835
6153,8.522905130042417,7.538660440264332,0.009598890443729944
6154,8.503863661116315,7.51546282622649,0.00045413558671249325
6155,8.516928447136388,7.536176684614672,0.0015405160591908324
6156,8.5000609965758,7.51269955110237,0.0007133959401905939
6157,8.50310026429298,7.513679347609781,0.0022499165860433434
6158,8.487532889879482,7.490093945368036,0.003976919724088157
6159,8.47905939234819,7.490791167416313,0.0053431957688419105
6160,8.466807456212523,7.4764187907507464,0.0005767026463907452
6161,8.431001489156017,7.44886887181393,8.3429568971082e-05
6162,8.414099735803699,7.429567987380523,0.02485970319029258
6163,8.42734089430771,7.446063818386748,0.01669226668584963
6164,8.449808373703462,7.475489914938288,0.010794772061846267
6165,8.477404355642548,7.502420238103013,0.014116938652848481
6166,8.460370977035417,7.477226413292083,0.003773608137877171
6167,8.451587827698308,7.4598347100468505,0.003110110596894871
6168,8.447365927287485,7.448138963846659,0.004671607408175486
6169,8.466872922229783,7.471621738299102,0.016164073063220284
6170,8.48038471330045,7.492851180640998,0.0009778285008742245
6171,8.503702510549003,7.52129697200717,0.01058844729582385
6172,8.486182723510785,7.508372560567153,0.0001794696762783513
6173,8.447427989432894,7.482921154128195,7.688718948882686e-05
6174,8.447239531623135,7.489169633231464,0.0002748258848365744
6175,8.438653836228156,7.472802645335974,0.0028382691850774387
6176,8.422528797600952,7.457574311721536,0.00015049055892212468
6177,8.40251047506992,7.444281173110928,3.855635994845121e-05
6178,8.393407085919433,7.429828083306154,0.0009115283537929211
6179,8.412360299455528,7.453064483003971,0.005753403718632838
6180,8.425434852231882,7.473417849762989,0.0019467303335364778
6181,8.40928359150532,7.44778186857403,0.02328348927176085
6182,8.39742124575043,7.440089632177913,0.01176303387763221
6183,8.416072113253838,7.460192598626075,0.014385677876166755
6184,8.431166477797415,7.476526728836313,0.006323700507438814
6185,8.414569582387124,7.457047173308178,0.12072037947118579
6186,8.407896751304282,7.443745001271311,0.0011162849787577642
6187,8.390084371836787,7.418866365074597,0.0007498252472037178
6188,8.41225562938309,7.441669465933117,0.01216930853665706
6189,8.427632631224364,7.466238686510553,0.007067070738990684
6190,8.42734490705095,7.4592760647265655,0.035527231155560286
6191,8.408231159728587,7.449867670390597,0.000153152734663535
6192,8.395694051567173,7.429930324036119,0.0035034798059546787
6193,8.38261341827497,7.4159705170833226,0.00044245190606642264
6194,8.367091142394871,7.394808472487085,0.0009103614912175131
6195,8.352778064619304,7.372248536856838,0.007877030244186269
6196,8.350008029466093,7.385198249802964,0.0003466418784299891
6197,8.343476435441925,7.378033691503789,0.004461155314451036
6198,8.352312607651692,7.389024756030506,0.014409360832066483
6199,8.36189128839496,7.407017086942435,0.0017365537263711655
6200,8.371975254967008,7.425258400744515,0.1006804459917885
6201,8.362230894899286,7.424476429858701,0.0005639873650487197
6202,8.355975534314606,7.426786884559224,0.005527258138618141
6203,8.367707730119994,7.443379700414213,0.0009117151254629042
6204,8.3729539987615,7.457841004128725,0.10324947644176317
6205,8.384362748640996,7.477830496185503,0.0025412153561858884
6206,8.367632323328076,7.453163824308366,0.0015707338693767504
6207,8.371674922822487,7.452030433079984,0.0034251521124938414
6208,8.397049867027217,7.481949062903429,0.006592248662992142
6209,8.403577160063389,7.482918928523287,0.013064889640940386
6210,8.394835607711935,7.476059649537456,0.013402829480219569
6211,8.403543640580944,7.483616581737383,0.0549526660521522
6212,8.398170290120564,7.46980030236893,0.00840189929433795
6213,8.379021197456652,7.448942635917394,0.00033468425081932453
6214,8.374877797489553,7.450182313992222,0.0005802411192489341
6215,8.384732155685601,7.461083599475793,0.03348041090386015
6216,8.382968555731612,7.473026640153422,0.00031991958424893715
6217,8.385194068363539,7.484502041819561,0.024994581833110475
6218,8.36699715931361,7.459001897851439,0.02188649715528495
6219,8.38600123098653,7.484062143975101,0.010294368151894877
6220,8.374069849005103,7.474844790717905,0.0001364260358800781
6221,8.355539053875836,7.457140572648793,0.0021696573914232525
6222,8.352068466904,7.458815390259837,0.000556170074605738
6223,8.346710796701927,7.460937025700802,0.022295631107693673
6224,8.36471825247244,7.479646136277759,0.02363665624603217
6225,8.352700208807102,7.459519982554167,0.0065984431678743774
6226,8.344382575648833,7.4429022716142486,0.007780364718065529
6227,8.337845697499795,7.428233543972164,0.011384541628808498
6228,8.353740073094151,7.453168141056032,0.03104361459443969
6229,8.353008906336063,7.445997840615378,0.005034734200022885
6230,8.335682817379988,7.431256826505337,0.00014372432075972536
6231,8.294407150351962,7.404390431540849,6.730737829501884e-05
6232,8.269902418174972,7.388874473150637,0.00019781990015111853
6233,8.265571083270245,7.397626347558492,0.00012459213315629245
6234,8.216634507946264,7.365852397981586,1.0857215730851324e-05
6235,8.210699233209132,7.353557555757512,0.0023880523205114506
6236,8.227346458675695,7.372431387041255,0.017108372263852794
6237,8.21669017553564,7.365337732898671,0.035111046166106295
6238,8.211809815706962,7.352004951912008,0.024426058769845375
6239,8.192154828878994,7.331385658465772,0.0073690102225318355
6240,8.17640683550665,7.326023463577743,7.305934831939937e-05
6241,8.196680937475818,7.349137598128527,0.034337217834091126
6242,8.193138715729884,7.352017484665245,0.00035807674834117845
6243,8.181660844843451,7.342207007583632,5.2753290549273065e-05
6244,8.179738175414847,7.34438540929057,0.0004344407892827397
6245,8.181490861333803,7.349439860568678,0.0005058418147531069
6246,8.197474251876939,7.367787433733462,0.008182768060514139
6247,8.215315657327873,7.395292156742615,0.5639645798396435
6248,8.21454002800639,7.4105747551386605,0.0003457466240644468
6249,8.210634282671114,7.419581650844493,0.0002429135337335805
6250,8.203453741634922,7.420889272735226,0.006707757140063294
6251,8.218283007615412,7.437047538554704,0.14721296389608876
6252,8.214783883936194,7.44505145897953,0.0027416727975096314
6253,8.184633611424406,7.410919987964263,0.01706659892250731
6254,8.165969176588101,7.395921679814741,0.00016147817061458423
6255,8.179708194186219,7.4158333181688185,0.0013106096823883113
6256,8.148427716579972,7.402312148634882,7.231341087581723e-05
6257,8.130677742509006,7.376378839320969,0.0011934605891683427
6258,8.123104170254594,7.361951970604704,0.0067931737165569436
6259,8.09806808223394,7.334381592251404,0.007606729672192397
6260,8.101647685836465,7.342939100723091,0.00026753741721170495
6261,8.107471015825302,7.347201948682571,0.026794613902176405
6262,8.090083263688474,7.330148015226459,0.008671106013707944
6263,8.072272469987416,7.303569768251294,0.0014383437395002825
6264,8.058081510620557,7.2821610472387235,0.0016117622291274873
6265,8.053428194376984,7.280189620898209,0.00022526123524449395
6266,8.032626885760864,7.258118950709193,0.00018496603583466586
6267,8.021831237131497,7.24199552553326,0.0017112494251034403
6268,8.038449143918688,7.266424273631189,0.011321416545884358
6269,8.025258983349833,7.244707485052725,0.002272210813756756
6270,8.032252536667873,7.260555940156033,0.03555586864369242
6271,8.042669924058705,7.28134576793089,0.0012730054617473266
6272,8.057952036053589,7.304775319861935,0.03469718284473882
6273,8.045580184759935,7.28191861752345,0.005746188226584336
6274,8.029326239264574,7.263859692127905,0.00033747067047942413
6275,8.047072250251999,7.290029473070102,0.12672566652685943
6276,8.066806014581072,7.317597918662398,0.0038725556530079526
6277,8.047828164625045,7.303669316781686,0.00010770187170565455
6278,8.065849228170526,7.328870257252395,0.02125325817810398
6279,8.052588316170647,7.30682561305139,0.000914227579091495
6280,8.033124127901763,7.2797246637545525,0.0012798991080843615
6281,8.020941348844088,7.265976624914821,0.05787682697773447
6282,8.02902973281762,7.28002455037203,0.0009131659139282961
6283,8.034370123577158,7.298565427637396,0.00048338359724871564
6284,8.013059940875284,7.274153505986173,0.0057840162530073255
6285,7.990220498671085,7.246375303967645,0.01000650198945954
6286,7.973157455334413,7.231238190909972,0.0005233400676187834
6287,7.928812635572484,7.200652435920408,4.889366210057339e-05
6288,7.942952332249244,7.217865054425398,0.007005802362616873
6289,7.923525342380468,7.2048728616074955,0.000256848910355543
6290,7.922631247276242,7.199724129070152,0.0548398684974062
6291,7.9274429160279665,7.203313052456984,0.003271420167041027
6292,7.9123247385255775,7.186922315134196,0.014809055387785408
6293,7.898443470914079,7.171906494382701,0.0003128868346564359
6294,7.876155134917681,7.1487930762235194,0.013937396255524669
6295,7.872223415495247,7.145740158956364,0.09784149946086254
6296,7.87364616660665,7.154643410677269,0.00026450255463208083
6297,7.888377169535907,7.17743911530401,0.0027107689859417086
6298,7.899560032687562,7.184838155545868,0.02034403522784041
6299,7.900213448136569,7.196049378893491,0.005223646474546321
6300,7.889122742448906,7.188112855812082,0.0005059766066461287
6301,7.889093056034415,7.192153136082468,0.0003027373029609648
6302,7.906129610944284,7.21684163448848,0.002803013325916287
6303,7.911054980465336,7.221430130026289,0.007109945871366284
6304,7.865135556802859,7.193482604816883,1.1664087526712041e-05
6305,7.85934807524965,7.193846388298256,0.007822629060286808
6306,7.879794177592181,7.221194035093026,0.006877981872303198
6307,7.861740191521938,7.194399387379535,0.00138338430122417
6308,7.846048435152108,7.169488876941076,0.011368127327289146
6309,7.825791716165974,7.146791473768733,0.003611744998817039
6310,7.803717011061609,7.125990381996879,0.0002484457415447683
6311,7.789850865519584,7.110590340167502,0.00023628407713769723
6312,7.783594432836529,7.11333879824462,0.00013456197578276194
6313,7.785826438058925,7.12340825310203,0.00028904101680416063
6314,7.766514933618489,7.105255948029728,0.004329394412488884
6315,7.7597615640389375,7.089154767367246,0.037924630635630355
6316,7.772002730595282,7.109109624029595,0.0011169537920676178
6317,7.771794638426737,7.117449371812768,0.00911657393707962
6318,7.790072806121499,7.1380508637133495,0.01543693987875601
6319,7.775907349027309,7.1248563966673135,3.870349698556297e-05
6320,7.7610982939221875,7.101259947480604,0.014814939790418423
6321,7.754201013813971,7.0912294113947585,0.06834259176197906
6322,7.768953207131822,7.108953142730531,0.005168926340589511
6323,7.778598225417857,7.1186547480470095,0.03952752699396637
6324,7.78828563273196,7.132674473760268,0.0010437112934235078
6325,7.8047595167628385,7.157151287286289,0.005358810024361343
6326,7.781591661299824,7.140925379601556,7.971706977936868e-05
6327,7.788396276623646,7.159219519265813,0.0029088391299486598
6328,7.7865303924095155,7.165830946715603,0.0545838908400426
6329,7.788905367023719,7.179869343953027,0.0028729960849667906
6330,7.764243955948214,7.154909636722904,0.02634029860567875
6331,7.783326905729497,7.182891171874263,0.0025131066668141497
6332,7.7732262707552415,7.167453475259519,0.003050368328763725
6333,7.763278742225885,7.149991360867864,0.006205407311913792
6334,7.753588975044604,7.13647311141291,0.0010536402106584189
6335,7.75691307497466,7.148287485037906,0.020846893706468993
6336,7.756483846210403,7.147129619912783,0.024726735725359612
6337,7.7561027910068665,7.161829855310736,0.000301976784706903
6338,7.7505928341061106,7.148303742866906,0.0026946943280430416
6339,7.7250074514481515,7.117591201966191,0.007675528869038181
6340,7.72553657515904,7.110677123110789,0.012111001020098471
6341,7.731607943374279,7.109801753177623,0.014587554058771808
6342,7.720936640015732,7.090857835049776,0.006113179287202729
6343,7.7184490721726915,7.094860519279601,0.007305708343224212
6344,7.7108087846293625,7.10086065686663,0.00010181010731259309
6345,7.725643105013947,7.12555575236218,0.00977384191149618
6346,7.7254313719170025,7.140357933797943,0.0004008926237521875
6347,7.742219162440414,7.1646597216108,0.04347280806116362
6348,7.734645047442951,7.163112208595422,0.05732442864899253
6349,7.727164492313317,7.159972890562021,0.00032686271942373286
6350,7.732731483574379,7.175048760235326,0.0010042145691038344
6351,7.739168158505833,7.186512560313561,0.0020287355373391934
6352,7.733072543583575,7.171426895995666,0.01716484720793341
6353,7.740681199209304,7.179623214836368,0.003868963034955385
6354,7.755141686007169,7.204201903888875,0.00850522475816975
6355,7.729666719128769,7.174901346297415,0.006610244401314811
6356,7.722792586337696,7.159098154725105,0.00413717517501222
6357,7.712058515513207,7.149688240767822,0.009839657091810498
6358,7.6850046695602545,7.126378633942969,0.00022955894536077823
6359,7.672924834114504,7.12173580535229,0.00010416966479518758
6360,7.679280392415966,7.129096715403589,0.007922104545432334
6361,7.699856711208722,7.154805212605686,0.023239057011511303
6362,7.711391372542012,7.171770126961494,0.0006701173278191531
6363,7.722551084079307,7.187652420956836,0.0008233506594683542
6364,7.715379930585618,7.1813263197382495,0.010362643865262106
6365,7.709996341501932,7.180709436183602,0.0003990286841895904
6366,7.727543405211194,7.201238126283639,0.012701747667534949
6367,7.730043975063682,7.199417311247587,0.006172214918355154
6368,7.715117896479546,7.174236018912733,0.024229927946152148
6369,7.693564765368168,7.149024231197673,0.005284590030343848
6370,7.720732002721397,7.180824404602745,0.011853600958864364
6371,7.728930459420812,7.191645993483555,0.004985251436457144
6372,7.746985970629751,7.217867869776545,0.004453181481197684
6373,7.743824158628821,7.213297815125445,0.013192597430383979
6374,7.716435050267858,7.191846754993983,0.00011411318897567187
6375,7.71113145995489,7.193332107715082,0.004892030773599394
6376,7.715061079065117,7.191951099173698,0.005809940095532497
6377,7.711492185230973,7.187635130956873,0.002637132495295017
6378,7.6996406531586326,7.168096550830252,0.0010159973432537675
6379,7.678586983621499,7.143130017599674,0.0057475538475092675
6380,7.6696135084954955,7.125682420406652,0.002199215657990023
6381,7.65306329097169,7.102367275617613,0.0006502813595093526
6382,7.6555944758415935,7.114785404458061,0.016788469484429143
6383,7.64903792406462,7.1054791641939845,0.0016951752331250463
6384,7.654913862383338,7.111953338632056,0.010937105448968516
6385,7.6573035019939075,7.119951923015517,0.0003226231735345333
6386,7.646733873382246,7.116533245802062,0.006111325935321991
6387,7.646591179089639,7.131700451093629,0.0003954887556930306
6388,7.632953924880285,7.11260487860738,0.0017747712310955059
6389,7.627223518023286,7.099313077754845,0.004020253189556092
6390,7.635321835612233,7.1108994028238195,0.003889831525451101
6391,7.632124700989968,7.115043016896862,0.021246596043850124
6392,7.612627769805207,7.093351405057966,0.018041341978209408
6393,7.627015924598805,7.111085434672056,0.008840934177660095
6394,7.64111252366281,7.127778257749129,0.03352250657591247
6395,7.636470007926831,7.123899848227802,0.0033295665287547196
6396,7.636446939267129,7.124854340964013,0.03609090031609156
6397,7.624434695776313,7.104782160195217,0.02447131131847415
6398,7.627228795698418,7.101864275230987,0.0036325633711886437
6399,7.623601020601478,7.094606954278448,0.0012675641870408061
6400,7.632969808321068,7.111550216061488,0.0014539725967024299
6401,7.638454056634512,7.110950839544469,0.05001910726357324
6402,7.656059865328991,7.12981377580685,0.01388914666185474
6403,7.635983609398354,7.105290416222418,0.0038483335539389227
6404,7.617126003836819,7.079103154357564,0.0008160395487638877
6405,7.620502513518182,7.087088887120514,0.014401778454218429
6406,7.607892084536141,7.074923497578712,0.00019911410063179184
6407,7.596365065762566,7.057378859473722,0.0007704170502261781
6408,7.60894765033819,7.072163284656514,0.0049396971261550845
6409,7.596251622466239,7.058970794079856,0.000666566354275347
6410,7.5925294016525395,7.05608857186245,0.000668516454741289
6411,7.616450130958188,7.0837934222419525,0.17348230238309167
6412,7.614730276285155,7.081552906940438,0.0018099438145617653
6413,7.612728951244717,7.079224847683108,0.0008946845629970695
6414,7.626750358647229,7.1024899722071195,0.03266150147901442
6415,7.608666894275035,7.074943601066921,0.026050605751881218
6416,7.597525737905393,7.0608060880334955,0.0007688637938060312
6417,7.60146960272933,7.071703097140579,0.00034820622302235795
6418,7.611443540619432,7.082123010164134,0.012926175249859888
6419,7.609093444654091,7.081583288876159,0.00046507585784725755
6420,7.623319224257123,7.0972480737088235,0.005820885689687093
6421,7.62936808956603,7.102435807425484,0.008180534019350075
6422,7.640577295441282,7.1161978210497026,0.01290166246293786
6423,7.651851646042775,7.1290860970806476,0.00594432167928295
6424,7.66838771210141,7.146826625370512,0.015699861209024012
6425,7.632913192855296,7.128244212524558,4.9890381192690984e-05
6426,7.6253702896507445,7.1197312264505745,0.0008045288002337371
6427,7.616977973665184,7.117956431485503,0.013406285923354884
6428,7.63057455385422,7.1374789038962545,0.002412995798489596
6429,7.601075283806084,7.125441845164054,7.495393179279283e-05
6430,7.593852651994996,7.118961561125458,0.012242436730779668
6431,7.59877836648823,7.135154910162142,0.010161150722842939
6432,7.606040239521083,7.142647049957499,0.003930746566462495
6433,7.591905578642044,7.12353666878795,0.0009149437942080824
6434,7.590929398112454,7.137541384842133,0.00032369591984557654
6435,7.5664842996226,7.119849703264222,0.00017546291299634257
6436,7.543473986513877,7.096057997656929,0.01193647079217582
6437,7.537493143606779,7.082330618648101,0.002735232862350518
6438,7.553650465361409,7.105565104216082,0.0014046356043295684
6439,7.528076746878675,7.074832946945649,0.007871222628300655
6440,7.52383340080448,7.069972994053368,0.00036393059204120056
6441,7.52537982859264,7.072765820547432,0.0011967639153548926
6442,7.53265699943778,7.080835971703634,0.0019707060267823103
6443,7.5287248091907815,7.074200307230411,0.007059974432095894
6444,7.515378369629161,7.056511552627184,0.0017640623992691805
6445,7.505045761066604,7.046307563742893,0.018424653553589593
6446,7.521606720498622,7.067379936015248,0.008528923285383246
6447,7.533563852037228,7.080092112491227,0.013132936229786582
6448,7.521489115258821,7.076946293457956,0.00015690777396898856
6449,7.507829184120117,7.066668350331179,0.011075336311784728
6450,7.521061951810262,7.082284753720562,0.018022678907891884
6451,7.520427795495916,7.083902898019114,0.047455825628584886
6452,7.525836051014044,7.091743031570091,0.009599471429973477
6453,7.515573010080399,7.087838313367726,0.015084201626949742
6454,7.499433145544766,7.069211986767908,0.00016675910475832785
6455,7.494819864919051,7.071782366003351,0.009080904499628072
6456,7.490558232914154,7.066987063244104,0.004772871977929617
6457,7.4801467168594025,7.047656104323567,0.017867628569830672
6458,7.474852856078197,7.053104275549795,0.0003189448626174304
6459,7.470420109633601,7.053839432134414,0.08155471061750276
6460,7.449789567845551,7.038443950189287,0.0001629138851756054
6461,7.455281313318933,7.051084579419396,0.02634811644142618
6462,7.462467334327419,7.053413262231956,0.023892883940507283
6463,7.450852786037103,7.038020978948158,0.0011418027887794863
6464,7.454868576740799,7.04069798694827,0.0014273675113806521
6465,7.438555463917867,7.020501949017773,0.001039464105186798
6466,7.434438456390761,7.019210683119589,0.0004896193353924563
6467,7.422626836014939,7.010555268941098,0.00020120436430426166
6468,7.418491592200121,7.017529498499648,0.009506669692477888
6469,7.421978389812856,7.01963703455146,0.010828335480095456
6470,7.42662210623325,7.024491730239802,0.005292807300118739
6471,7.40713240400609,7.00420396955354,0.02738483478995988
6472,7.38831159688868,6.984711141798507,0.021213662343416765
6473,7.381582012293326,6.979371498099307,0.01022350508454371
6474,7.404020923207972,7.007091473180783,0.0072628756288271815
6475,7.395309789603543,7.000595777101175,0.00023386572601663398
6476,7.410610378478195,7.024292433466604,0.007603611170258161
6477,7.392377643390179,6.996295386406066,0.008442470131192847
6478,7.401582702399589,7.002023076234338,0.09235466823468129
6479,7.411396864409505,7.0126825329198095,0.005013711054226579
6480,7.405464025635831,7.000555679270153,0.004101173766647276
6481,7.4250809250970615,7.02307485958665,0.21772531200019893
6482,7.4076071012608775,7.005005189976786,0.0002038422921138026
6483,7.390835858612155,6.985659912480793,0.013093465669867271
6484,7.389847283094696,6.979414411247625,0.0010870232755541547
6485,7.3494870136778,6.95030704073102,5.202476559053672e-05
6486,7.3527681713303,6.963438923909283,0.013794464461481819
6487,7.369713829847389,6.988438708803338,0.052621900694272875
6488,7.383431499939766,7.00409354100439,0.011938157538132732
6489,7.362594152052592,6.979959345275003,0.029328864541166098
6490,7.363281212211062,6.978722224200075,0.009813566799123666
6491,7.376904262117503,6.999321900491958,0.001099312586443391
6492,7.371128736476593,7.006863089383181,0.00011005464762692638
6493,7.363273876157841,6.991153376056916,0.0018000838911270969
6494,7.376987402343402,7.006710245892245,0.024849260027333366
6495,7.391917644771672,7.024490681449698,0.005257225525903713
6496,7.384747168793476,7.011918846019569,0.002061888917986508
6497,7.3719374416005286,6.9981548508945535,0.000281463049623201
6498,7.356766449761861,6.973754120605659,0.009235786567708718
6499,7.359387343900268,6.976295156266614,0.004883095992656527
6500,7.3527804236873235,6.960145697649327,0.014775910900463063
6501,7.346205986119919,6.953809663429163,0.17558995071622888
6502,7.355421314816845,6.964523679584745,0.0029316184119544822
6503,7.3508747392909335,6.971490951560072,0.0001383563724350299
6504,7.356679538516437,6.980531800476951,0.028348697498607488
6505,7.328521915751957,6.968269560394181,8.327285482298029e-05
6506,7.343005641843077,6.990424135965363,0.04118426588364953
6507,7.328949971988554,6.975335607163647,0.008203549908268564
6508,7.331219249682745,6.970923167274465,0.012363148388163622
6509,7.342040833093361,6.991430713241465,0.02231692926263468
6510,7.350553995064235,7.002009326674766,0.004429435905976474
6511,7.3703304059694705,7.024960858126073,0.02353884569862966
6512,7.3547757478697005,7.012482187363315,5.744721757759347e-05
6513,7.355564509349697,7.00523769859868,0.012776598483890738
6514,7.364817855019739,7.0159347356665815,0.005624787784173292
6515,7.342845096715033,6.993545943984345,0.004476792093861887
6516,7.35699421790168,7.009843278443462,0.00896969560949609
6517,7.3349158049375935,6.997869414797679,0.00016463332770496017
6518,7.3374866009471855,6.99501422852545,0.0065363010337085685
6519,7.315153466868815,6.980495645680429,1.6631468951833102e-05
6520,7.305549501179776,6.962562787423805,0.003016264330386864
6521,7.316019711665007,6.974352745783668,0.01166329949649244
6522,7.310407084562141,6.970256587994416,4.925238662124807
6523,7.285977174471848,6.941525467405259,0.026694952140512988
6524,7.27645255773984,6.924573044181936,0.007197417087667456
6525,7.277146596062691,6.919769679709769,0.0075671876982071435
6526,7.285292400950563,6.926043665020543,0.013480359998207595
6527,7.292934063265234,6.944045938949423,0.00642743752188804
6528,7.2955796740488355,6.946513579347961,0.006097896379066925
6529,7.296677707860015,6.945313144064614,0.012368806853535162
6530,7.312249975472513,6.970195577336035,0.08185620099690107
6531,7.31542030996205,6.981493782844925,0.003913927798442482
6532,7.275500939144571,6.948972527692075,7.034241351017453e-05
6533,7.264908045839659,6.944019310982927,0.011550525666040798
6534,7.248134577612886,6.927280658915206,3.352437720855166e-05
6535,7.236396838393895,6.9248606752906925,0.00025234230831368694
6536,7.221683135288738,6.919719758119401,0.00034331536401436944
6537,7.22453987737237,6.931220515501222,0.003833413512859837
6538,7.224849002434558,6.926808445825768,0.0040916089901318654
6539,7.2174673913505805,6.922881989207906,0.004703232239962055
6540,7.207058823995345,6.904611482598384,0.00243592668900548
6541,7.187328924672547,6.887250752975055,0.00013251017565151736
6542,7.185932316440806,6.895561387625978,0.11817964467484456
6543,7.172960906990679,6.887571125795721,0.0038774590969454293
6544,7.186619941005122,6.908129461880965,0.0037321608295927356
6545,7.179727896419046,6.904163713158747,0.016699528993526728
6546,7.171705520927495,6.889250778864906,0.003380001116472422
6547,7.186803729718613,6.906374745117803,0.24132457371638388
6548,7.178014631219368,6.904683140749328,0.0003401277154581811
6549,7.176471072545997,6.901867408470038,0.005522755494875404
6550,7.180218853969806,6.905222366503851,0.0008768118111475486
6551,7.182278988395557,6.900076323865114,0.036674509516211776
6552,7.184780318534458,6.911740733517345,0.010048977089884123
6553,7.177671762185299,6.901525653004626,0.0006696055087316472
6554,7.201924691058856,6.932206909557092,0.20727049369795214
6555,7.193116305271832,6.925053747187768,0.00023348647246043683
6556,7.182935206642036,6.9157447380342765,0.0004433552627049219
6557,7.185091670343504,6.921589700645916,0.0031523506932704913
6558,7.193674244992297,6.930778855467133,0.005346840420971483
6559,7.207316814297211,6.947212434861989,0.02845835386660126
6560,7.185650465188056,6.932020455831344,6.110677535518299e-06
6561,7.181116988774659,6.9240948118704715,0.0014532077124414283
6562,7.16578055478006,6.898914592622956,0.01368497030157981
6563,7.1467164604888005,6.882637850818981,0.0001561940049871053
6564,7.159410955755533,6.897025994227624,0.004299700834323619
6565,7.147082231588098,6.877926793549996,0.001701307366730599
6566,7.159289986617222,6.893208979660021,0.005082938280337734
6567,7.166701142250345,6.90196822831395,0.06202213058272474
6568,7.149492018873366,6.885939222404568,0.0027091368982595848
6569,7.125743536391979,6.85704255957686,0.015188335579373035
6570,7.112219951355178,6.850145205262773,0.00025027359581400243
6571,7.116637683546736,6.858716329246122,0.0020017004455557194
6572,7.124903833215384,6.864293788907925,0.006891267672772725
6573,7.103800102909142,6.844181887895016,0.0054673592369360105
6574,7.083207057868501,6.822661244610984,0.017056810438020018
6575,7.0864020032543875,6.826194881689556,0.004134900705363779
6576,7.095842602098896,6.8443617559682846,0.0039010940628790938
6577,7.08136168769924,6.819619358613159,0.01489526604215945
6578,7.0736667602566925,6.819923898293878,0.010231423624139578
6579,7.059579541127954,6.804123898837613,0.005505874507310619
6580,7.073450613904931,6.822777432785241,0.012436582179815574
6581,7.070546493395014,6.818941089415235,0.0005647403054457219
6582,7.048939074337985,6.8001985091599355,5.343705569818246e-05
6583,7.064251344439261,6.823759274165623,0.0034914472898471705
6584,7.066394575266409,6.835789410093784,0.0005124029105464692
6585,7.071620814712596,6.8475411208482315,0.039279869048623184
6586,7.0529147470054445,6.834333856213695,3.177192411949283e-06
6587,7.063307817947371,6.847723446446069,0.004429094427831733
6588,7.0623481000612784,6.847308399902413,0.0004014494199984501
6589,7.0713222631149835,6.8561383859974505,0.005724835776662984
6590,7.047673679858725,6.83097296820575,0.0002283585854371138
6591,7.047086939735809,6.844488464537025,0.000334415764086745
6592,7.035483640630181,6.829973963922176,0.051837913662601494
6593,7.037287782771932,6.825051722630248,0.008869510377478199
6594,7.026758269770274,6.807658635062621,0.0005957782989360335
6595,7.003892938349193,6.7802027415797825,0.04034381771900535
6596,7.006711352524916,6.788306910782358,0.0097199416186564
6597,7.008708179609226,6.798902453635911,0.0002819402318342086
6598,6.99371603948959,6.79018783516148,0.0002045883838396326
6599,6.972676586001916,6.770365043867179,0.007994599962966937
6600,6.953578756577717,6.745793610062181,0.0008423025002661349
6601,6.956732906201379,6.745832334385376,0.0077313701505460864
6602,6.954134687576878,6.743194357669375,0.000554679222394273
6603,6.96959320211625,6.76066633370566,0.006803087721015973
6604,6.949325038773738,6.7415020706108235,0.007513200907077076
6605,6.958849319799745,6.753518895184216,0.00518693583175457
6606,6.950653604991208,6.7387605874624175,0.0007724046759281108
6607,6.951351106870108,6.7481290026810035,0.004564963590166753
6608,6.939246697519001,6.725933170128154,0.04612267764610263
6609,6.940921718914794,6.7265108923839625,0.005141571120408566
6610,6.9493274117945285,6.733207714088823,0.02601633618433723
6611,6.943005889153834,6.732503257764611,0.006757028224009271
6612,6.934074519031723,6.723874383894589,0.16956512141897712
6613,6.946808979951806,6.744512602964741,0.0025989927117607468
6614,6.928433549419276,6.727976882879244,0.00013219413156127536
6615,6.942459499282305,6.747230914701963,0.00795528240718648
6616,6.928535978141856,6.725959260027454,0.0008801504506500799
6617,6.918407902897026,6.711570262048098,0.001151912823964624
6618,6.917537884091108,6.704883813843974,0.006013886722444549
6619,6.904588751221787,6.6942325813246235,0.00018449386863465567
6620,6.919404314093084,6.713415969142955,0.014262209265127602
6621,6.887622260827123,6.694793139043007,8.278890028103212e-05
6622,6.890412636475271,6.691818432931262,0.10906264619242126
6623,6.882331698865952,6.685401066460024,7.081252949868954e-05
6624,6.870909285545937,6.66881218026897,0.0008654027618561758
6625,6.855131735085323,6.652741488984315,0.0003241937943600209
6626,6.844598440236308,6.642181869449257,0.00039559469527768035
6627,6.851925451906635,6.658318370677591,0.012496004747968577
6628,6.852553729476399,6.659481008568844,0.0012574811330814952
6629,6.8601171817640765,6.675498845690201,0.024630556410991437
6630,6.8589011259568125,6.6813751107249155,0.024321992699041096
6631,6.872600746685547,6.703694465226277,0.02411651024666894
6632,6.873530885323886,6.700201753737442,0.0694142847789524
6633,6.861970621680536,6.682596670540245,0.0008491255929959341
6634,6.8755502962250015,6.699899308517934,0.010400153718372022
6635,6.884853828967775,6.708532785252705,0.009463454488980763
6636,6.894012140458161,6.722353978668359,0.0008532767649424522
6637,6.902615341298998,6.730038966475008,0.007980356683214103
6638,6.89241776131089,6.723834495418559,0.01080694396910105
6639,6.8805310648470765,6.712800009415482,0.00023029942609181626
6640,6.868141800201976,6.702463088795774,0.007342564693363971
6641,6.854688377253979,6.6803862618666,0.003506223854743173
6642,6.856727250733602,6.692274322881728,0.0010707228496901614
6643,6.856922547545198,6.69088541774681,0.0030183448492685644
6644,6.8629261347815245,6.696123399368934,0.005206128579039048
6645,6.866036841494724,6.698225065975893,0.007209474924234921
6646,6.859698898406913,6.685978868278011,0.0004278725707309813
6647,6.853711808557075,6.6874577820494405,0.00011643517319845256
6648,6.846155656874571,6.678256640924239,0.000431603113324893
6649,6.825366948463276,6.653596550058151,0.04540918365406995
6650,6.8202066277806255,6.6444849792419065,0.004070741177316457
6651,6.801587159441876,6.6245305892829665,0.0002778016841246507
6652,6.807168690268683,6.638827224788112,0.008504987079850607
6653,6.807731146365122,6.646073743288845,0.00029457900991921584
6654,6.8109687460351855,6.647678950677526,0.013718524713018293
6655,6.817140321207929,6.655851427358707,0.010710382238698668
6656,6.8270579534453155,6.668145436937035,0.006119699710331465
6657,6.8358731241278905,6.679648387661773,0.005455469615874681
6658,6.802415588897768,6.659178377736887,7.422958770656371e-05
6659,6.775333668313939,6.644112906155256,2.250551587199217e-05
6660,6.770469483146384,6.630711402514979,0.011158570972948503
6661,6.756598558729094,6.6253389610166975,0.00023920598412225332
6662,6.712403297102448,6.5953417580789875,1.2339398863616001e-05
6663,6.699912228854643,6.578281174646393,0.0007591629221794973
6664,6.708148596053899,6.594535849713857,0.0016065178908603497
6665,6.702419071712197,6.589815451563115,0.00023288831906705148
6666,6.712896519805321,6.603014067296768,0.011975467436800918
6667,6.714356349548246,6.612170538137464,0.008782287881841318
6668,6.724557662833433,6.626429093301708,0.006938489636427753
6669,6.737646924651047,6.648177575134846,0.13920480506098326
6670,6.733629265060976,6.638029047328066,0.0026457651970904455
6671,6.7374409738613315,6.650983985167675,0.0014183115258280586
6672,6.719520828448991,6.62953029471687,0.00507973878303981
6673,6.712601811353974,6.613443147066849,0.16223486464757453
6674,6.69837607033937,6.599553939673115,0.00019961188601260165
6675,6.7168659913697235,6.623501767696289,0.009021302532300102
6676,6.73080226120085,6.643564097738115,0.0019015319770047878
6677,6.7389591345245,6.648195213109075,0.0185362942515098
6678,6.722237269810076,6.628333813756987,0.012975902630807523
6679,6.730983194890908,6.635262964729659,0.014175445238429328
6680,6.726438301372024,6.636478763130467,0.009492159019474157
6681,6.685004437025074,6.605944583337472,5.3446309707853076e-05
6682,6.696768026487053,6.627681703791787,0.010157534892816088
6683,6.700883645319763,6.632941472667044,0.0017986409782502853
6684,6.71981633618488,6.659594175491398,0.013332433757295705
6685,6.730385114353786,6.674682537813582,0.0010524080706383336
6686,6.714467994523034,6.65457467266004,0.0005098983523764495
6687,6.699031680785139,6.637846328823441,0.01153484166138208
6688,6.700724609862671,6.6436603620509045,0.24335840094997094
6689,6.718047034214823,6.666483320467419,0.01124312500835101
6690,6.701617662250991,6.643237916736233,0.010786441392421837
6691,6.689951390956067,6.630758889794101,1.3674538762309403
6692,6.691597272119518,6.6338473010742005,0.0027222231217165116
6693,6.69308283719596,6.639955705067854,0.0003037757070574964
6694,6.698029858014484,6.637601540033396,0.014764268304397954
6695,6.7114401027109185,6.657411743130953,0.0021872812248782147
6696,6.721349999151138,6.668854894286981,0.006235042380082351
6697,6.705750478653723,6.6538056498971425,0.00013137687441363785
6698,6.7029748370613875,6.652081383697757,0.019995063747377567
6699,6.705791500576464,6.654544043997519,0.006033128381904016
6700,6.718531456490973,6.6720621351784475,0.021647530727602383
6701,6.727876995329476,6.684479137076216,0.008494617070039217
6702,6.730412859019934,6.695297137514769,0.02540888479129599
6703,6.729678021537276,6.687742347756023,0.005710445131775772
6704,6.712291055966954,6.666524584810685,0.005765025855652291
6705,6.706012577466165,6.663031840601456,0.00023620160581464184
6706,6.707237204728562,6.666390546748194,0.0011534184771192053
6707,6.702782393567312,6.663444269407079,0.024500983324086064
6708,6.6874416787904964,6.63879622047891,0.02692437310960722
6709,6.675546079579539,6.624978807401771,0.00042637946003908485
6710,6.662139830006981,6.605915252421323,0.017585584995923817
6711,6.646007185055435,6.595069349798776,0.00013360225208418542
6712,6.6574646732654505,6.608769352856052,0.005049376357598531
6713,6.6425720646167665,6.59388192395739,0.014683102977476567
6714,6.648556644035345,6.598293380958061,0.028924950294281472
6715,6.636565261550084,6.589336778710637,0.014622857561948213
6716,6.630671270078474,6.57564016061864,0.006121043632699248
6717,6.614431337224615,6.552350925799002,0.004955956044556513
6718,6.608492177568887,6.552666947472396,0.006807165316041498
6719,6.609364351084812,6.551533965212158,0.01687566779908282
6720,6.62779217170355,6.570964528200908,0.025991954799641743
6721,6.6386362027049906,6.581776754702049,0.07695332839729234
6722,6.6409929134005345,6.597145560750145,0.00043890615523770895
6723,6.650771757365805,6.611124803637834,0.010922977326228638
6724,6.634526454770859,6.592051471837373,0.005295008878267481
6725,6.631295260455407,6.5896794001791275,0.01604447179407499
6726,6.625959512849941,6.58776203628506,0.0003962869721946658
6727,6.614001893801968,6.566885318473181,0.1253568713359214
6728,6.609523563836181,6.564258926506115,0.0005190195241445737
6729,6.611309166043967,6.567355123953026,0.06770105862256127
6730,6.61700951860567,6.56995035534832,0.00971496138187841
6731,6.622301327296801,6.573767273406216,0.03724876702008622
6732,6.636355156786377,6.5953308918105655,0.005700602756010295
6733,6.6176627220494755,6.5775517890320625,0.00019566788761924688
6734,6.6133333225733155,6.587522801882511,0.0004353301539784022
6735,6.605274104901552,6.581555895885371,0.00025723680713391156
6736,6.598381573879748,6.574096353678956,0.0007730901369118771
6737,6.590223598928062,6.557731826926132,0.10262000216423375
6738,6.577183036755787,6.543892036050149,0.0005642617779850476
6739,6.56948261231742,6.529108511522186,0.00922350389148892
6740,6.578244267734228,6.539765157444219,0.010767020943323201
6741,6.567015913599477,6.524388107266175,0.0009758941566034445
6742,6.564490199529123,6.53032726195744,0.009892803211037271
6743,6.560874545180857,6.525689827081066,0.00319522074284614
6744,6.560103077671054,6.518724991363401,0.0018585719375780593
6745,6.568318079302466,6.526570361410963,0.00600304627018275
6746,6.557061518562568,6.517318892821686,7.914197349500448e-05
6747,6.565431456033636,6.526190880454285,0.017761469863935883
6748,6.533891549851404,6.507071406489454,7.65353585263742e-05
6749,6.529522324312463,6.505208380855954,0.0007140941059852758
6750,6.540389499162326,6.518911802671699,0.012669167476782107
6751,6.536051447730986,6.511215815695239,0.005405420601632379
6752,6.55004765033809,6.533318606718301,0.002120241795530618
6753,6.545234584951623,6.522680938341298,0.001734047224989288
6754,6.529168165243654,6.506420077057274,0.0027195870757596775
6755,6.539510177819489,6.526164683515779,0.005505664078610116
6756,6.551197010847555,6.544152232182077,0.005421471852248705
6757,6.558233348865687,6.561184794333027,0.0013287231973785894
6758,6.561166212034383,6.5669004342707264,0.002190494539448855
6759,6.5641721287388135,6.569943698977353,0.0009012257290577153
6760,6.574275155309215,6.584200245794096,0.000982379203354496
6761,6.580691809531513,6.595410908249026,0.028425717505027502
6762,6.578885728855692,6.590206848257278,0.0015778374166617083
6763,6.589527305969823,6.603443920033363,0.01083875938495026
6764,6.581242235281486,6.5966301659665625,7.361096050981907e-05
6765,6.5739473329984595,6.582233695723928,0.8357715962766555
6766,6.567500470539377,6.56670654862518,0.008767731635809628
6767,6.569920295956335,6.57845129502013,0.00026021074667583225
6768,6.573995777502854,6.580947790567782,0.009174236662986203
6769,6.559883447890899,6.565121824318688,0.012323756226418682
6770,6.561286776513007,6.559810943614193,0.021083732396454304
6771,6.566952944966824,6.573108031036024,0.007007504184359987
6772,6.5795053767295695,6.594957891231598,0.01093169223660844
6773,6.573679684704579,6.5837834795208465,0.02079039648712084
6774,6.574530926164994,6.592170346569874,0.02210741690715093
6775,6.54324764908552,6.573276099614854,7.981024360323742e-05
6776,6.535075743162943,6.556963705618602,0.007964240928799483
6777,6.540670502812605,6.562597040942969,0.010407835564567624
6778,6.551329683368938,6.574658152680258,0.005646080679747201
6779,6.550236453038793,6.577656854384848,0.0007467148181279105
6780,6.559454198548917,6.589215248095962,0.04604916026210558
6781,6.569331843077636,6.603329740822839,0.0009367729359992458
6782,6.555798759215571,6.586631497630349,0.0003977734543883349
6783,6.564414812138257,6.603569292656252,0.0077165945391831576
6784,6.557596690109782,6.607297800255868,7.218949616930625e-05
6785,6.514289990290905,6.572608449750134,4.929206275354938e-05
6786,6.502939662675236,6.563128210335828,0.00028046610039688655
6787,6.501251477135103,6.575859221400972,0.0004237487977565289
6788,6.493643729862549,6.560257776954499,0.002424617196313867
6789,6.491589264939213,6.550809508534045,0.006313042746887561
6790,6.493770373143716,6.555916700269895,0.00697879005817605
6791,6.490991520981266,6.561427512330855,0.00024155675835274302
6792,6.500216432317504,6.573767870684391,0.005443299131375014
6793,6.487680310017598,6.560128185002991,0.0002685095166088592
6794,6.5071016164877165,6.5850017443421756,0.005260019789512887
6795,6.519241080042937,6.59913142760565,0.05019756647003121
6796,6.507014240763856,6.580813310416565,0.013019015359071134
6797,6.51092862292874,6.5829694442101525,0.020307512015385637
6798,6.507761725489675,6.588180502260078,0.0004106061358392351
6799,6.49449353955172,6.572680552460886,0.0002486961841108077
6800,6.496656270660071,6.566768025426721,1.1546618782077263
6801,6.490372941012968,6.5573971364279835,0.0007531976526035991
6802,6.477148452932254,6.542195244048823,0.00026934150438458416
6803,6.4764833953730765,6.554694364401064,0.0004997952358827128
6804,6.461575971726655,6.532964688540216,0.019411490166127015
6805,6.465038337940406,6.5398958187802005,0.025161799289918792
6806,6.47195382373797,6.545354627452448,0.021088827208366176
6807,6.4599147277982265,6.537562989119762,0.00023043949287635917
6808,6.4511420639559,6.5209240452641275,0.014335308988853341
6809,6.453778890199882,6.52332734882945,0.0069751083825113965
6810,6.465767714485598,6.5378147807114315,0.011995936390258765
6811,6.463241034014927,6.539669015117291,0.00044589178394026
6812,6.452514632410535,6.521952779625207,0.0006939469100710454
6813,6.443054812328342,6.50974712139992,0.0005544365335144243
6814,6.451986214155777,6.515306419144865,0.015908800346012705
6815,6.447954849088301,6.523497369059731,0.00027586686272906824
6816,6.447384710120411,6.5159340542181,0.0021368045048428433
6817,6.4499811225128045,6.517862296339415,0.004407495017763947
6818,6.4384731776324,6.503467472873425,0.004425254762940566
6819,6.422101504798161,6.48665787155109,0.020944004138134797
6820,6.414759938822555,6.486432072947384,0.003979944863556752
6821,6.415595785597615,6.485993834595735,0.0029451412344295505
6822,6.413783246844473,6.489696412251611,0.011752381455800027
6823,6.415187517809841,6.4912492481287485,0.0026039032310472827
6824,6.419798695409745,6.504637751423786,0.020949051301607593
6825,6.416169482672177,6.503786862318078,0.0034971245655254697
6826,6.409232524873981,6.494199410170432,0.000992966834251854
6827,6.400846196559613,6.494505836973756,0.009082724320563408
6828,6.407054545407577,6.501534467612895,0.0020646620427093956
6829,6.409166018555434,6.501631622657555,0.004760325744115974
6830,6.405296208288182,6.507814832628149,0.002915073330602166
6831,6.3945651413519595,6.495056990571586,0.00044359233701871575
6832,6.390602502592935,6.496582836311038,0.0029447809505127025
6833,6.401904866213605,6.509643996830473,0.2090407199525386
6834,6.396033170498461,6.500212713352577,0.00716519916854257
6835,6.408701495152188,6.516300522499726,0.020864996276342734
6836,6.428133391050615,6.541643724146938,0.007488641013644901
6837,6.411446614612397,6.522008061159186,0.0699291268555511
6838,6.4263934224311,6.53455814946639,0.022881758000395564
6839,6.42834598748951,6.535922366167152,0.5522840295575728
6840,6.4414660923201135,6.556804971003485,0.023579924492797454
6841,6.430518721960888,6.54866658586223,0.00021610520389874388
6842,6.431951664141375,6.55125855671997,0.017524630218544363
6843,6.427121880337177,6.552533569568713,0.019343144413143165
6844,6.433908709627116,6.56498552664887,0.0075078949140614856
6845,6.439116423467,6.572148889957634,0.005520193681300165
6846,6.415565379484658,6.562575519207439,8.935373373992723e-05
6847,6.402225121541065,6.53921958087177,0.011921724083539826
6848,6.405763905042699,6.543074462256274,0.022126989178795384
6849,6.39804356415011,6.5268277233214,0.03777202467783759
6850,6.401383101026619,6.540118910017118,0.0024833424799980274
6851,6.386847471106042,6.521559077705741,0.045609829968255806
6852,6.399476829150042,6.534734895274706,0.011645378204398486
6853,6.393518389659905,6.523085564695593,0.0024837846396225005
6854,6.38659480358452,6.515485040927893,0.00782690045055252
6855,6.407625850693903,6.541163391109701,0.01684669706119246
6856,6.400827794329454,6.524680116268045,0.0107641745452202
6857,6.396754951309219,6.521521333760377,0.012455921520365367
6858,6.397456561754647,6.5303070258353415,0.07576015132863823
6859,6.394932926692077,6.526611397492739,0.04864029736795207
6860,6.404295280741875,6.5404197786515645,0.0010242618702737674
6861,6.39065989645252,6.525052896873398,0.0052824816660113185
6862,6.376026561871926,6.5013432496812005,0.011887473961897758
6863,6.368106275284204,6.499313396434537,0.007701240164671556
6864,6.365199840513922,6.496692833508902,0.019538683520405473
6865,6.352799341104633,6.490655960293214,0.00016928932192712806
6866,6.356671196812127,6.50258131804081,0.024970714176005656
6867,6.376373498910633,6.5294521821716165,0.030453190746166415
6868,6.372139175811289,6.53469408344695,0.006252103530128754
6869,6.385414551526555,6.556629409041601,0.0036179478483606376
6870,6.391020814671602,6.558159291388353,0.05530484442004085
6871,6.388091882198004,6.546925823047238,0.02647454408168969
6872,6.385767231689107,6.5462271290782255,0.0023471150225557354
6873,6.380925462474183,6.543572178913575,0.013770861244954849
6874,6.3653501839616204,6.5200203426621215,0.005519484110039994
6875,6.37530405873351,6.540026001324212,0.028115993236387343
6876,6.37433516368845,6.540154145557525,0.00041196406176029985
6877,6.3592941812012835,6.524522550970982,0.013129600294832611
6878,6.345534352810334,6.501193406925042,0.021845053041674844
6879,6.346560745868218,6.501090435505754,0.006280878056622556
6880,6.337176170358552,6.483476722211637,0.001054747142760071
6881,6.328282973729408,6.474063083434452,0.00027244616950802277
6882,6.330390138754067,6.474768497867869,0.11516563185297721
6883,6.330647032175233,6.4803363280207735,0.02408761439710494
6884,6.319055595175249,6.471062739961141,6.664500392627263e-05
6885,6.284603201741032,6.448631349818959,7.218248908642851e-05
6886,6.276672089237163,6.4446723578223475,0.14809375575943828
6887,6.2562653687859315,6.419493748814094,0.012845878468129394
6888,6.236417433213075,6.394900315459096,0.011849957228190374
6889,6.240138550273412,6.396438245021118,0.005537768682706283
6890,6.245952306509281,6.396832558970393,0.09319162640616264
6891,6.25567730383524,6.412705618516203,0.006911238274726502
6892,6.239374106508295,6.399928764975442,0.0002573731979659052
6893,6.240556542456555,6.396539501770132,0.002750151819659299
6894,6.236439262061912,6.397183535178529,0.00020968257020468858
6895,6.2326921388355885,6.395593752000591,0.0007059101847667246
6896,6.238903140548768,6.403581784553933,0.004882575583040974
6897,6.229196825422832,6.386582613542286,0.1238401410058966
6898,6.2373156471533795,6.394827107247763,0.025870540437347083
6899,6.240643646328624,6.40129934372366,0.012124654684271836
6900,6.239124607674777,6.402907925594625,0.00044289489425109775
6901,6.246650784528015,6.408451921284263,0.005614970706156672
6902,6.251573852728548,6.417116318414211,0.2620553472763403
6903,6.248819515416446,6.4175836108139475,9.397094922706599e-05
6904,6.231181472663352,6.3989958704143675,0.0003048797784918171
6905,6.21372505094982,6.3776602370616855,0.007010740055305806
6906,6.208336996426803,6.378858768560033,0.009565952391149999
6907,6.204515585072269,6.372068772685419,0.11511783462862249
6908,6.198732510738107,6.358935563727224,0.038068831187109776
6909,6.186995151335151,6.347140116146348,0.00019882471907687674
6910,6.1822789572984505,6.356232811793955,0.0003581863249811804
6911,6.166499102339707,6.340068817458976,0.003407157856660838
6912,6.170894735904439,6.3446298375492995,0.009020897930289835
6913,6.16002320645573,6.3359618703334215,0.00026186977798201336
6914,6.130569329012686,6.315951850418265,9.485318686790144e-05
6915,6.131260801460252,6.324028774629951,0.0158692360369788
6916,6.114638343046999,6.303177432050066,0.08941963889099644
6917,6.096569255123367,6.280588522009795,0.03599150286912107
6918,6.094616656883016,6.27498063359188,0.004263769706259501
6919,6.105437967124069,6.288107494730632,0.008996378272183192
6920,6.110230044966252,6.288947116232252,0.015561509478007895
6921,6.110522061871806,6.293353475319581,0.00036758412698513693
6922,6.111281817380854,6.303134201657572,0.0008393170278738876
6923,6.1225802717904925,6.322891746907695,0.03267011389579214
6924,6.117515347830353,6.321279263834028,0.007574907426220925
6925,6.120225596036839,6.325712450729342,0.004980309313608249
6926,6.125881227901039,6.330065002466677,0.019791871094686428
6927,6.11762473247307,6.321023149975125,0.0003112396960586051
6928,6.118641778603501,6.315497974996327,0.010403643337022634
6929,6.112787044190409,6.305095825226224,0.012594405785893178
6930,6.1206667654331195,6.3172673420433405,0.006902514671559296
6931,6.128974635327231,6.327539824297793,0.0055030993507145685
6932,6.130802864494199,6.331269952748319,0.0048498983089714075
6933,6.113141000124621,6.310624024887407,0.03899181550134269
6934,6.104930334432473,6.305296221884485,0.01625376696619008
6935,6.105079354211532,6.298536155317322,0.016471825835884718
6936,6.0925423666400285,6.285415164770872,0.11920412361963081
6937,6.080112035318562,6.270663298506112,0.0038549743122028345
6938,6.084959013474992,6.279712612658519,0.0004172584113502962
6939,6.097698930504356,6.29389909727007,0.007662841674851431
6940,6.093749460511931,6.281741980246141,0.012125542911759869
6941,6.082469070203361,6.266692946453017,0.37597470519048
6942,6.07466941548516,6.253317027946789,0.0015588037006057432
6943,6.07829334423406,6.265531112762346,0.00590100746164358
6944,6.076382337115293,6.25876214896216,0.0019651981718353927
6945,6.074466831056714,6.261924057704117,0.005259850023053659
6946,6.037332495140683,6.233146735950527,8.612560431763396e-05
6947,6.039860038148249,6.243860460633145,0.01658096868533212
6948,6.047638025083378,6.25158549335666,0.07046089910083493
6949,6.053553036369392,6.256139801329285,0.003102478240418378
6950,6.036824010097845,6.2339024408480554,0.2098402100408781
6951,6.039119842759916,6.243833590058676,0.008452371763772214
6952,6.046361872264411,6.250910406585922,0.05276545708132593
6953,6.003251189482106,6.219573213994089,1.2767407324487909e-05
6954,6.007302228507573,6.2245559144212566,0.00621986369689069
6955,6.007931754112553,6.234303923625514,0.0008212733020017243
6956,5.994738778210483,6.215779652328894,0.1861200120004045
6957,5.983453864587472,6.207121262308182,0.00030031864600702705
6958,5.987254938069745,6.207037769538853,0.007508011997672214
6959,5.981110199928576,6.200931597452607,0.003493504446542693
6960,5.98477729948644,6.206301614609139,0.005995715208902983
6961,5.978040978253181,6.202992646523,0.010061509543139434
6962,5.9703040644052505,6.190135716753052,0.001349364314061642
6963,5.9610164691072205,6.186279456520203,0.003697400838137351
6964,5.955543962200847,6.190517563679151,0.0003089523986121723
6965,5.9521895700956495,6.193323796815826,0.004716983383482289
6966,5.955639143853223,6.191020344332695,0.04486720345257565
6967,5.923785687053686,6.1687967907742225,8.035595132187391e-05
6968,5.927601675279699,6.18145109713463,0.26520349577302077
6969,5.9347118936804835,6.190351965694405,0.005465467609499985
6970,5.937807814292715,6.194630150869311,0.019941554129316683
6971,5.925784712745538,6.184353522919027,0.027174075637576345
6972,5.933844960940322,6.196818100864408,0.009642530418060926
6973,5.943607313606015,6.208407144945422,0.004753609709718115
6974,5.953929535373632,6.220903026483802,0.00609083921779781
6975,5.935660987026629,6.197476742375559,0.01494644882140797
6976,5.940315516370212,6.207186857262858,0.0035077928355242813
6977,5.942762326027716,6.202763738245051,0.022814910703727084
6978,5.9412364273252045,6.194938928710093,0.0020523669421639457
6979,5.937993173626148,6.20366343544485,0.0005527077538555812
6980,5.945184058807811,6.211582646523232,0.016022905341208534
6981,5.930523191184491,6.1967479124316185,0.0055207737772806015
6982,5.926180381380278,6.204827961987564,0.0003981458445381743
6983,5.921772909562666,6.20416151054172,0.005559272027285756
6984,5.915718066989359,6.20125475211822,0.00045735830357658845
6985,5.914798726657993,6.202138114824562,0.008635467091666411
6986,5.913752443966324,6.203258183620033,0.0035761275838473113
6987,5.906840498407001,6.198799741246731,0.0004358704820106278
6988,5.89863773403265,6.1888041538011285,0.00047695134576247137
6989,5.888729291967886,6.174016597396432,0.0024007010927793093
6990,5.88150106583746,6.173835015059024,0.0001166722820299535
6991,5.873529879540165,6.165522577771761,0.0889668840438313
6992,5.88332221268031,6.184638910766448,0.0048859360751376596
6993,5.8936350475442545,6.199713897343288,0.005511331115069976
6994,5.896321430114829,6.202814962154182,0.01176421339191052
6995,5.890501479298124,6.201177020858523,0.003495311534761772
6996,5.880242016622345,6.196896145713208,0.00434614171817649
6997,5.87301683301546,6.189652534462316,0.044458791304971
6998,5.860670737842886,6.169667354229163,0.03520731313474662
6999,5.854521673092822,6.16620170868794,0.0003857994416980073
7000,5.845170215701705,6.155554529531712,0.0010423937173867366
7001,5.847703631462734,6.159348705001697,0.0036699626405170896
7002,5.849094661722074,6.15864644332166,0.0010626889315641964
7003,5.853270009949663,6.1710031412833155,0.007230212614124189
7004,5.8503283820668965,6.16828884846553,0.0010063635088453024
7005,5.852755472915807,6.168728524997006,0.0014134752618461298
7006,5.850810435297895,6.177281198153388,0.004541770476604412
7007,5.845643378158252,6.176031672305529,0.00029338837499819656
7008,5.840168909068836,6.1651204687518595,0.0010094200988934913
7009,5.840182498690621,6.173951711821698,0.03963864398187058
7010,5.833314007512941,6.164522138207315,0.0006978598445822416
7011,5.8168747460902654,6.152055386258618,0.00021271510527224834
7012,5.8098593626418875,6.1563564244939215,0.00010939890633014696
7013,5.803505295234571,6.15244820243749,0.0004226256148298816
7014,5.79216674399854,6.137322183907262,0.010181340159594767
7015,5.789180365715368,6.138246475726037,0.0002184592879449049
7016,5.774472283350632,6.117430309536522,0.018801634338287944
7017,5.779031521614352,6.124710803422386,0.008776632966017871
7018,5.788557144430445,6.135947138600906,0.015219687494835741
7019,5.779427859918299,6.134978337526646,0.00041266292537125044
7020,5.764869225337193,6.124795526437751,0.0007912334279437326
7021,5.752752870414551,6.118616378640199,0.0002303939439657378
7022,5.737104662205349,6.102575297075061,0.00013316428119269325
7023,5.74766848565951,6.115204656885702,0.004463303400321989
7024,5.735137512135203,6.100228849203332,0.08551791588215088
7025,5.723361564070785,6.083846698734769,0.0006034770505446977
7026,5.728277478022341,6.088494363182336,0.0030297249339756834
7027,5.722833123258409,6.076037886636053,0.024231644590182566
7028,5.724641175083813,6.069811184432504,0.014874031652623597
7029,5.714097739010225,6.05947074295278,0.00022499029096462465
7030,5.727089472146954,6.078931218380859,0.0037425607915650473
7031,5.717881366675461,6.074273361043605,0.003165845336624829
7032,5.714648531586128,6.072708931809179,0.012200351864144055
7033,5.710762300120372,6.066707391736985,0.00583789241997998
7034,5.70639680840292,6.075543956897359,0.00044058389961835635
7035,5.694660330781319,6.068551333155351,0.0001561569147792344
7036,5.683466190303662,6.057624360309826,0.0004016420220717784
7037,5.67230969598736,6.055190127208654,0.00032801693112819797
7038,5.671365904829159,6.05931448308243,0.00028569562411694414
7039,5.669325959388527,6.063184469168227,0.023002645419116136
7040,5.660058746248547,6.05147199078789,0.0004675897511161809
7041,5.673790903477783,6.073267607344943,0.002924488637439307
7042,5.66874721445136,6.071133963540133,0.00010860346077387273
7043,5.658241093766767,6.051950751224007,0.12365035501722751
7044,5.65962998972542,6.052397740548886,0.0008064308864409632
7045,5.661765798483349,6.058918627733862,0.0009877592395070751
7046,5.677671204990087,6.079245595750311,0.005940424126610847
7047,5.675505860148438,6.076288508495282,0.019390713379605577
7048,5.663793306894812,6.063649635311057,0.007119663644605371
7049,5.6543541750627835,6.057395206711286,0.0004367035420443714
7050,5.650673625353121,6.048835202716235,0.0011694479856350973
7051,5.644561718221132,6.036861887213309,0.05565540431587907
7052,5.645543574388385,6.039848838916559,0.00044454802062592524
7053,5.6520850247438075,6.0466238995670905,0.003296737391937827
7054,5.655417262190914,6.04926968009046,0.003974438116216594
7055,5.649835050045631,6.050192014354496,0.04976380933657992
7056,5.651638533880215,6.061413126203653,0.0031013934135198117
7057,5.640704768953483,6.055137344406668,0.004228129872532749
7058,5.65747468499795,6.076676781681264,0.007273867328941822
7059,5.654844285152232,6.0712847519966235,0.00202026977939627
7060,5.658921837026939,6.0766284196029465,0.0036313438720091762
7061,5.663224771551445,6.0787741925498535,0.011874296136414862
7062,5.6766607729846985,6.094922526010996,0.005317701356976535
7063,5.6726137243591745,6.083706697249328,0.006078298202174356
7064,5.661667161202516,6.075839190577554,0.0072292982073987894
7065,5.6388798693674085,6.053472440007984,0.00028694652404248313
7066,5.642022034469254,6.054060745059523,0.008123104030182543
7067,5.6379949874232045,6.057178804280256,0.0004704421738852484
7068,5.636506082590278,6.057035545318044,0.02153383390907915
7069,5.632994194649988,6.0547872004271435,0.0012925628913317828
7070,5.641927010828161,6.063410942239672,0.011358577661787488
7071,5.651982841521209,6.080912899986936,0.002288692868119441
7072,5.669010409309772,6.099300426348139,0.08546971879093687
7073,5.664535156983477,6.086072063112865,0.01264245669372933
7074,5.658709419624729,6.080246726319897,0.01589728746063771
7075,5.6586058347862425,6.07384900621029,0.013266461506313434
7076,5.66042095283237,6.087928148544205,0.0004936143665201585
7077,5.6668423647172155,6.0901721811101135,0.10188102488800921
7078,5.664093779351688,6.0916072575501135,0.0003366205430265602
7079,5.65825377276824,6.098802836766485,0.00030164463674974386
7080,5.665390775356421,6.113916264714661,0.004351091248897016
7081,5.654816648444211,6.107533480908609,0.011417080352166788
7082,5.645733220490752,6.088914270177718,0.0026140083332759196
7083,5.648362557978449,6.092914094032843,0.004916643052940531
7084,5.642301649479976,6.0985737961857724,0.0002731836533744741
7085,5.624170538224252,6.073433864073749,0.007848975337015002
7086,5.6180836615896315,6.068282576833763,0.0004994677665148586
7087,5.609044424394321,6.050769440260243,0.0033239705222961363
7088,5.615132847367319,6.058494908353821,0.005471512046092402
7089,5.607518910737374,6.05678780317387,0.00015357615874387375
7090,5.608009109202295,6.061312948628063,0.000816723693694483
7091,5.59327497458836,6.052027417976432,3.099377879831272e-05
7092,5.605076089114188,6.06864567439415,0.005003030132609446
7093,5.610173122806132,6.071119245056496,0.007229654878256039
7094,5.596757201811702,6.056232041141378,0.00036591023960391565
7095,5.594222529851764,6.0498432615937165,0.027312595280844437
7096,5.592327994985407,6.0573437978712725,0.009306105948908924
7097,5.591227250381665,6.0585323872240435,0.003033589126678255
7098,5.596662702060435,6.069782672411472,0.001839705363824104
7099,5.602104342667954,6.077806404640707,0.004562884763212523
7100,5.595963718856598,6.065303876295523,0.005880616370161802
7101,5.593278595518155,6.068100562474705,0.0002135594738177984
7102,5.597130991717658,6.081020277456314,0.038602976223063766
7103,5.584961675026358,6.067553659367441,0.00045368754651351867
7104,5.572558819684664,6.0596865321102165,0.0001682916215470897
7105,5.570790734188811,6.070547654540696,0.00038773449232826543
7106,5.559574155312116,6.057070500439915,0.0004843541142859051
7107,5.556215769159623,6.053467659904409,0.0013097921181270313
7108,5.542530089724271,6.046520308359608,9.263327744408132e-05
7109,5.5497466396566315,6.0540442400491274,0.009816947912801183
7110,5.549701198544182,6.047919078068073,0.00624975222766378
7111,5.548280204605212,6.059374908072094,0.0003810904806492814
7112,5.558168313861847,6.067833810727553,0.0072414155170284445
7113,5.547489593666592,6.048247837727627,0.019646225504949228
7114,5.559170056257461,6.069869262090975,0.026215678579184623
7115,5.553177916553199,6.065352530503828,0.007008247146964341
7116,5.563220070315399,6.076732283883985,0.16598701689513942
7117,5.565374234502799,6.07878335705785,0.021523684065674523
7118,5.564026746370583,6.078132045957803,0.0012755705605124118
7119,5.581459055623885,6.101648816829718,0.011463738391245383
7120,5.571393562606136,6.10023832853347,0.00035750107913727554
7121,5.572355901684369,6.098022751779318,0.009555155271133741
7122,5.578460152561352,6.103591338039483,0.007421426664924388
7123,5.580722647227399,6.104409786375921,0.0018932909404610681
7124,5.578209629912243,6.1022056002775225,0.21974712976463714
7125,5.584793561472056,6.110662262146563,0.007979017990681066
7126,5.601426322476012,6.133035909530458,0.008610953026619447
7127,5.582696431716607,6.108354150056146,0.029517365380895604
7128,5.577566991875134,6.108353802510729,0.018443272372860135
7129,5.582956225955316,6.105932538285312,0.05657741961917887
7130,5.595127578506067,6.126338417895675,0.009941024553807588
7131,5.603472494606913,6.134331781435632,0.20852725220576607
7132,5.609331212413893,6.142492402997561,0.012622459713168553
7133,5.594985502501466,6.132658840415584,0.00022510570626967213
7134,5.611141970676288,6.158313351776598,0.025490414679372783
7135,5.599900155149612,6.143693653950299,0.0010592330368281574
7136,5.58851645584725,6.131062883271976,0.00030634974925616794
7137,5.576582048035376,6.118010178643298,0.010211970629457673
7138,5.562844939155554,6.104667988165938,0.00014182274441686365
7139,5.554466796694754,6.104806246076268,0.0004383950112046463
7140,5.563772874346283,6.117929345542343,0.0011944934672190597
7141,5.5621138882105114,6.109271156899727,0.0047429690867658554
7142,5.5561583077163785,6.098742212255305,0.04957822824199259
7143,5.549514717442525,6.087347011448254,0.0019741024182889505
7144,5.546625765906247,6.090936071744465,0.008597433637180801
7145,5.545425146243155,6.091173643624208,0.0021593614756589426
7146,5.537771206232364,6.076089370069468,0.006439226607670628
7147,5.53054777088261,6.060617364262892,0.002835240981005951
7148,5.5316929908971515,6.070782346182335,0.0050137606370528765
7149,5.536579750818715,6.074215232660185,0.010620032233439759
7150,5.5312828659681115,6.06602565066023,0.005001497447890715
7151,5.545501497530537,6.080842992651669,0.04730929882387245
7152,5.543602977827368,6.070735446431736,0.010323180001274268
7153,5.501026770684501,6.038259281498634,1.3097495086588923e-05
7154,5.497932358015986,6.031940467484521,0.003712493503542143
7155,5.492188683875888,6.026070535435767,0.15250109271029122
7156,5.479893636311138,6.016184011070211,0.0038049173095017243
7157,5.465771860340271,6.002323650363375,0.00013461884077797692
7158,5.476326964721585,6.020560245123902,0.31429059628224915
7159,5.471389897621197,6.011465491461254,0.018200012311258416
7160,5.470678642491029,6.007994227272606,0.14872991279007147
7161,5.467461829453857,6.007147036456402,0.03377604960611876
7162,5.464481340551419,6.017251912901038,0.0004518525401189905
7163,5.470835079594264,6.028651190173419,0.0004320728040821606
7164,5.479955614750621,6.041710401584719,0.001246711977227731
7165,5.4736947139771575,6.02636731460598,0.005559251772645271
7166,5.471039628644596,6.035093758216783,0.0004470030894980874
7167,5.453184189390569,6.012042271829046,0.04451422036749878
7168,5.448981671738988,6.00277935794722,0.003413953777022599
7169,5.44916039431977,6.007590142661804,0.003926714680440464
7170,5.447417976102374,6.007854546244681,0.004661873890979327
7171,5.444690259249902,6.007465445265392,0.1397283223256939
7172,5.4422083350410055,6.006334112531321,0.0008769967507201363
7173,5.435729615980042,5.992469093191786,0.0023616633744395973
7174,5.43117819868268,5.982568635940543,0.005106532109976277
7175,5.4219121054791675,5.972452256827227,0.07981445268885647
7176,5.433252154092881,5.991705609860598,0.16700949714411364
7177,5.436122554270332,5.988865231043798,0.27752913827809544
7178,5.438664056029477,5.986754349630838,0.005448612669827243
7179,5.425949911662395,5.973778753678512,0.007705755213896626
7180,5.413994462106075,5.957718800946433,0.0008016427712934774
7181,5.4069735814562145,5.943812865549522,0.5851140975381353
7182,5.415959992502706,5.959267540284918,0.0622083279245795
7183,5.412593046220767,5.95789627555321,0.031991726471926954
7184,5.416842275127968,5.971195462566694,0.0041657384271499825
7185,5.423824333754702,5.979270364130213,0.001615467146465554
7186,5.417584203467956,5.967802156529346,0.000986451336468944
7187,5.419266449006689,5.977795763537875,0.02407643257846018
7188,5.410202373178577,5.971195057093743,0.000296910014053623
7189,5.368264791606017,5.937013437904799,1.3142363988526769e-05
7190,5.3731493468635705,5.942430114089423,0.0015414195728421177
7191,5.3839076582201555,5.957690203410644,0.007332096170388838
7192,5.3842474032224015,5.964203984241666,0.007620759085380822
7193,5.391561917518517,5.97497143815672,0.0010676358978782918
7194,5.390331917970038,5.982780528954771,0.002881790797486314
7195,5.394825062238129,5.986475936434104,0.29761485103997304
7196,5.408826810744537,6.009384150867251,0.005918434678325586
7197,5.404527732430599,6.003938049278153,0.007578122837760126
7198,5.413410934930577,6.021335003799999,0.004175993294004917
7199,5.406857793059628,6.021968343826513,0.00016817495306642685
7200,5.406394869031103,6.03440805891542,0.0004458029117768665
7201,5.4070428423167884,6.029845831855054,0.008880897554926695
7202,5.39347232500997,6.012744048489022,0.0002745088866077993
7203,5.398779392725212,6.018641128043856,0.008632336534236461
7204,5.4001419084797195,6.018060940199539,0.009653791532773043
7205,5.412959132880912,6.033387863965932,0.009562506153752206
7206,5.41573161319438,6.034118873322746,0.002593880520095828
7207,5.4214861631546,6.04186082044851,0.01194934389391282
7208,5.421360808660149,6.045655556593124,0.00047307732271955526
7209,5.413801883765213,6.037930850842559,0.0007446248044117458
7210,5.403066435491193,6.021143888594735,0.12491343219802127
7211,5.39823460170712,6.017699611342123,0.021568858523417445
7212,5.403221088074076,6.022644924940037,0.010757099604474686
7213,5.411909856132326,6.035285763694409,0.0017931982104797586
7214,5.403323186772921,6.027164702024146,0.00023874092822649348
7215,5.389862142883103,6.022075626315453,0.00010666906486685007
7216,5.393595371761886,6.0317216914989356,0.000589450084679659
7217,5.387833542965673,6.028673450148848,0.0002818350795411527
7218,5.376197577995363,6.017656091649499,0.01875999855675798
7219,5.385786408369196,6.033839912569119,0.0029048096624145966
7220,5.379643523322072,6.023702865502822,0.0045502441109961265
7221,5.387576651841144,6.034072041203652,0.005647011139436207
7222,5.388174271988629,6.033665653775147,0.00774285353083011
7223,5.376940988408433,6.012314306331629,0.006372219950174846
7224,5.372055738937367,6.0105017954735,0.0025976648582452647
7225,5.373094663487635,6.015274873761455,0.002708148253368171
7226,5.381999743294511,6.023822594914069,0.047423241335159044
7227,5.380636422294072,6.020544440583648,0.046333926815962274
7228,5.363129641552877,5.998085984460939,0.005401016333231867
7229,5.365944119524795,5.999971826346587,0.010424457307400943
7230,5.375426594868509,6.012763050771595,0.002081005718990462
7231,5.387014170462841,6.0326698302829165,0.005333900331911412
7232,5.397909405075278,6.05056775937985,0.03719625627349572
7233,5.4038530467947385,6.056816647368976,0.008874786672301934
7234,5.391101640030965,6.034801874360884,0.02958713449396045
7235,5.401950860709336,6.052474546367095,0.021604490556808673
7236,5.395743353194166,6.049311502820792,0.004644065385916881
7237,5.390072101112898,6.043136932766509,0.0016549094210832067
7238,5.3767030202481445,6.027092505233475,0.004377092391575259
7239,5.375934099638163,6.017109321386488,0.045096793647157664
7240,5.371904292333432,6.013087695259421,0.0034261694346833654
7241,5.390515270280153,6.035994658751874,0.0467864738601145
7242,5.390108410909553,6.033724803174794,0.0011841093395015617
7243,5.393059252323846,6.046758819161358,0.014557834541043336
7244,5.382502914840327,6.033050928157969,0.0005949748576973823
7245,5.376191820366315,6.0197668092067955,0.007877581578536193
7246,5.367032094019008,6.005967440850267,0.0009124804135447689
7247,5.363566466419797,6.009133972300577,0.008913793130608819
7248,5.36277578654274,6.0151420189672296,0.0003299865425887177
7249,5.369118886542544,6.025226875337525,0.005624238857650903
7250,5.362163543605819,6.009234895655577,0.004213595216808815
7251,5.327633951286202,5.983544906111614,7.460729409158688e-05
7252,5.330318743603308,5.986191124647265,0.01404831497429577
7253,5.3291115290639315,5.993414146469476,0.029103186907505706
7254,5.326812433727554,5.994478159102157,0.0018568539479161704
7255,5.290380380785612,5.963585386699927,9.054198433144482e-05
7256,5.272673330316314,5.940948494673735,0.013755384967876318
7257,5.263131465858334,5.940013234284034,0.0004407199264532771
7258,5.253394763187158,5.929252668065034,0.0004950239484990701
7259,5.256090041989354,5.925533570292554,0.009428350200840516
7260,5.2543499889706125,5.927206129173977,0.005986279441845739
7261,5.2578892800508426,5.925980971620105,0.018064878003073333
7262,5.245906507699998,5.913566941996509,0.00019394654697681745
7263,5.239917503058884,5.911280377072038,0.000297179316735748
7264,5.246606380955169,5.916515309275068,0.028522677950775864
7265,5.254474001634036,5.927866030905398,0.0012921230690427874
7266,5.260998080598673,5.93359230224788,0.023327830624755054
7267,5.261523327980305,5.9380278074435715,0.009200204883152194
7268,5.273482943291033,5.953666059989115,0.010375370501474612
7269,5.276808954589329,5.962885246364918,0.004497844063461532
7270,5.2693336341385955,5.955784872026158,0.03703477170502404
7271,5.2687560149483685,5.964505294680586,0.006197503368564169
7272,5.265332319804274,5.955718601387907,0.0012026503715620775
7273,5.259971675109256,5.952151665008882,0.014264952474802512
7274,5.25539704365873,5.944046531430113,0.001980606119258649
7275,5.251579342488808,5.946843559528747,0.01750504284671756
7276,5.255701082154649,5.9564571050788,0.033930989914684476
7277,5.270808463040361,5.973180401899468,0.18672903449627754
7278,5.2611858669968035,5.957601025024048,0.0007192351627104232
7279,5.265374782411359,5.961853613111104,0.0019466663993352525
7280,5.25723786917305,5.959427436361923,0.008214818634638164
7281,5.2466178527252385,5.954775193169059,0.0002708010867223118
7282,5.2589916117702336,5.968245898099328,0.014764471747622984
7283,5.256593544871948,5.9677085880733065,0.017508105986716215
7284,5.244018552046331,5.952216488772195,0.0005146696234612577
7285,5.243897387531956,5.961977374052252,0.000163136208651726
7286,5.232603995883882,5.947735547721801,0.0879087378157622
7287,5.243259138070636,5.966423406170166,0.4878732453420037
7288,5.240662167876244,5.971261205123707,0.01310660292967757
7289,5.236020019845764,5.968440189630332,0.000346126315332158
7290,5.23130896564197,5.955585805063074,0.002311309325473475
7291,5.221706065123847,5.950925187070882,0.0005261855274369978
7292,5.22339926874743,5.949628564912534,0.006306778949205171
7293,5.216685470536744,5.9366888061830965,0.10060662530438823
7294,5.222949435349351,5.942612033229608,0.008063291692258936
7295,5.217982149246183,5.928148669325139,0.006693017358841483
7296,5.206977331681936,5.917384459773052,0.0015310491261475991
7297,5.201109227640789,5.908234280240428,0.0005883263598187384
7298,5.186845583582666,5.895970252283034,0.007443907065184365
7299,5.190505051202299,5.898271309127942,0.0022771441977530883
7300,5.195302472655997,5.904373362908214,0.0046845998222367555
7301,5.193168500638949,5.909135108321513,0.008704195522632283
7302,5.1696643169603504,5.884032917172969,0.00027932082766834266
7303,5.1624408081762,5.885007546908787,0.0005087888564065685
7304,5.156698425319409,5.873723209580402,0.0244596011341081
7305,5.159512360031827,5.875719570764569,0.005186722512842825
7306,5.153023715837898,5.860211632575242,0.005362615514616218
7307,5.140330459392933,5.8478358770040915,0.007457654228698597
7308,5.1450868939306496,5.851923968340465,0.0115720671728108
7309,5.151933853822171,5.862154535978539,0.0017961320521840015
7310,5.160511909471993,5.875429671956738,0.006585050539595641
7311,5.156995821033591,5.878364108785752,0.01598522214824267
7312,5.173346568596365,5.899830166849779,0.014325680596142422
7313,5.164949399069189,5.893835335544807,0.003648133414771789
7314,5.173373998373949,5.90554579457742,0.0025105197425615336
7315,5.169243629554046,5.902577666668595,0.010237810928335651
7316,5.163150800728013,5.897111846676749,0.0010630097222674648
7317,5.1617142441609305,5.893810927170766,0.004070626514913136
7318,5.151963765487205,5.878397349931471,0.003996438173172235
7319,5.155941857108211,5.890716100081376,0.002066562759468989
7320,5.160472030649754,5.894620885203293,0.011176826923880563
7321,5.148250599747654,5.873255532482979,0.007899893326356936
7322,5.142951135392823,5.867856892709615,0.0006673312238314378
7323,5.147079589666288,5.880168145629337,0.008071705331289366
7324,5.153755715376898,5.887804158179437,0.004230674247098001
7325,5.152700674764576,5.885064522126344,0.0067548073355116756
7326,5.15149626272537,5.876931879120298,0.009800652313703646
7327,5.166142721645111,5.896777726865114,0.016462219834387302
7328,5.183628642748409,5.919284373722918,0.009696784335954063
7329,5.172036294752419,5.89881218692547,0.005034972971283883
7330,5.170723807570649,5.9039924737769,0.04858582725168048
7331,5.172151234775857,5.89768928441502,0.01392534570680069
7332,5.178931519303679,5.906504925758243,0.1265386831708492
7333,5.1774393796864135,5.911247499716775,0.000822883225551939
7334,5.1836763260977765,5.926573557594325,0.0020284394109377846
7335,5.170116494216042,5.9104550662037365,0.006020666282900903
7336,5.160495391142364,5.8994095466730645,0.00040570540125464954
7337,5.14437628191787,5.876901636939152,0.006511603370864575
7338,5.11692809718728,5.859404638418903,9.262433186909348e-05
7339,5.114810566837727,5.859927066372753,0.0077067352345694855
7340,5.109911061546912,5.858080525394338,0.020649740586080538
7341,5.115023228661223,5.871948656324414,0.005706823718766796
7342,5.130782831565084,5.896942245290817,0.006600414763272023
7343,5.115174825711106,5.876620871931824,0.012167252654443596
7344,5.12962485240496,5.901090417081827,0.0087957309683383
7345,5.130364496102485,5.908761236942786,0.02029512862020778
7346,5.119747173096426,5.905671904900027,0.00036061573841492903
7347,5.129617977220053,5.922065838610469,0.06267237309635038
7348,5.143824023441763,5.9443889464916735,0.028044390040226835
7349,5.152306645763497,5.962028793365629,0.002961945227166424
7350,5.154744495217021,5.9614695318533695,0.007059418346189042
7351,5.137527566151634,5.9346532464816555,0.02468003377301401
7352,5.138292123590051,5.9390034218444265,0.00042478337409857333
7353,5.1429552459987065,5.945451414743679,0.01480902478281436
7354,5.136720518399803,5.931778892202478,0.005313600762070055
7355,5.103524308114405,5.9068123550133045,7.754567659916586e-05
7356,5.113451157327529,5.923043000549538,0.03929692758156925
7357,5.101134914641302,5.900008109548921,0.00977733141176023
7358,5.094033159227138,5.889148847808823,0.0023960051975413887
7359,5.096486266916595,5.892893414375025,0.00971968602029899
7360,5.082184315728483,5.874777942741323,0.00697249690582318
7361,5.065020351618686,5.861050098866847,0.00013265160082739978
7362,5.057803239331538,5.84330000231057,0.022371609417306707
7363,5.023989971311463,5.817293120897847,7.791595954451308e-05
7364,5.021272370294343,5.812390009750196,0.08828541913858362
7365,5.015610575392899,5.798968174853198,0.003746422121005788
7366,5.0018839263276105,5.7824033558429475,0.00046025292064721344
7367,4.99568268044843,5.777134078931748,0.000364863966944874
7368,4.989343280403368,5.763069740501244,0.0019243754633317424
7369,4.9844979791927875,5.765366149591721,0.009010085798927439
7370,4.996539346222208,5.776655970923747,1.559324347186723
7371,4.98866393217016,5.765487058610579,0.0005991380131743545
7372,4.991735569876664,5.761804149757915,0.013011142556296491
7373,4.995324601781479,5.76471613373556,0.003962714899124144
7374,5.006846263507144,5.784831002870938,0.006028522779478072
7375,4.996536652652935,5.777555700840665,0.005878015489249617
7376,4.962953424337029,5.749717647260789,4.746390913354776e-05
7377,4.955398488657266,5.743062502433855,0.024387618643801838
7378,4.940057476369731,5.721233131977846,0.007873404023238285
7379,4.898946260038655,5.687056293147638,1.2421282481500803e-05
7380,4.89944167070031,5.696464766872841,0.0006339628453732079
7381,4.895224003158461,5.692844877289438,0.004453420077786102
7382,4.895035575871321,5.690294536793701,0.007106599313991321
7383,4.888677461277136,5.690504882750329,0.07848053196607513
7384,4.884656698180367,5.683280788601454,0.009294792905952427
7385,4.883727965771406,5.676797877659321,0.0024831301328707553
7386,4.891934257254588,5.688383406680718,0.0022828206819379845
7387,4.894208321855266,5.683764012016829,0.010719248984742897
7388,4.896499087134204,5.695132395655759,0.005229688814431399
7389,4.903727458794948,5.703419604645134,0.008348190247712273
7390,4.889395689750858,5.689660693511223,0.020614437085777513
7391,4.89719844121323,5.697806841660086,0.01346344991363631
7392,4.881725017594901,5.6768142030332065,0.09035453732323952
7393,4.876573505621042,5.66179200502829,0.015136788840674766
7394,4.879726246225187,5.670486851675304,0.00579338400738562
7395,4.866815195814217,5.6562890011550735,0.008446951040459066
7396,4.8741894285292355,5.669445084154373,0.3629973789560598
7397,4.891121847016336,5.691721130589433,0.14788032373645746
7398,4.890764754367595,5.688325805955895,0.0018256098907770992
7399,4.887158771663845,5.677668803680546,0.00902970245173989
7400,4.894864876139916,5.685647397896673,0.09559987240478145
7401,4.901898023365514,5.696418482019926,0.003265072999913955
7402,4.892644031066817,5.679638079092673,0.009146696281879304
7403,4.892863790846211,5.678344677434508,0.012974241912151442
7404,4.886625517572008,5.673728520498196,0.012370435562037754
7405,4.885632691758231,5.671084107113091,0.0005297852429834547
7406,4.889829340719897,5.679418991555399,0.08430984504363563
7407,4.894159454424013,5.691663782918762,0.016774902240642372
7408,4.878471919551009,5.668602960667288,0.015063184119672645
7409,4.881143396718135,5.66961106945617,0.0032738117485791745
7410,4.88378238431581,5.673055479239674,0.0038674033834288843
7411,4.875723923009872,5.658267656007095,1.0643898144822979
7412,4.876085885937693,5.663368282560521,0.003830214026155904
7413,4.8640803555203656,5.650325412559115,0.019667135972791388
7414,4.860075971114122,5.643182872498126,0.0013102339701264027
7415,4.868929743597142,5.660908866521879,0.02509764708777885
7416,4.868137821685726,5.66646244378116,0.004589516205943061
7417,4.858481978111651,5.653819026123346,0.1159411421069317
7418,4.860606030812845,5.660261836224286,0.0009634748943857856
7419,4.856686400058136,5.655973130364882,0.000628490981750163
7420,4.850769350760872,5.656740523512606,0.00032132958723307925
7421,4.847887487486949,5.64583656828244,0.02257044991896949
7422,4.844053110873052,5.643327489599952,0.00979681853330877
7423,4.84643705325136,5.643863753014826,0.016802060562787283
7424,4.839908081746666,5.640312849887637,0.005048473183829418
7425,4.837252419242168,5.639810178311418,0.0006125844190782929
7426,4.850446831837699,5.660730711591886,0.008011911170771187
7427,4.85008088602737,5.655298309920368,0.0074112830446725385
7428,4.850244733819579,5.654117380744147,0.016873245985419744
7429,4.843350190083636,5.646225783858648,0.010363246700181544
7430,4.847460964966418,5.661086796943766,0.0019602922805948414
7431,4.847222951819975,5.659758855711434,0.009452070922298373
7432,4.849774453066854,5.668146123152502,0.000806065902327467
7433,4.8440388674049775,5.662466746463989,0.034767104974533954
7434,4.837490966375267,5.6475828202813165,0.002103309026991895
7435,4.846747377900603,5.665279693633564,0.004469009071178709
7436,4.837897772692173,5.652727467499077,0.03752253458723617
7437,4.830631875629347,5.641348405858137,0.0044148425238204675
7438,4.819654592972788,5.633358450454887,0.00017761867662031394
7439,4.813926349506927,5.632222019329443,0.1624014282259438
7440,4.800997088767062,5.619373637891783,0.012377136649533285
7441,4.799769123368339,5.611143908715802,0.02217910932902056
7442,4.81374400267028,5.625586036029519,0.018208806517939546
7443,4.821189030167027,5.635487952083504,0.03146197110438435
7444,4.829547768011924,5.648167788180162,0.006546453445590875
7445,4.814723120842374,5.626737408794729,0.014616356904122574
7446,4.802887060987251,5.611586515505656,0.010299137354175399
7447,4.807528912499008,5.619061101517402,0.005974797453974598
7448,4.810793569625987,5.627138796257276,0.001791106694464238
7449,4.815636722977557,5.640325023628178,0.002063442872298501
7450,4.828483836125046,5.659117929432329,0.02843322470464818
7451,4.821765775446578,5.657238599381502,5.5453562143838205e-05
7452,4.83073334061087,5.6690765723611465,0.04530043703344782
7453,4.835678830938518,5.675099959055335,0.02065426484373578
7454,4.826988846589681,5.66617655028995,0.0005848206748006079
7455,4.83235918120414,5.6766283533454205,0.0006132595777252803
7456,4.831119674903644,5.6875361959845465,0.00045701359655236446
7457,4.832735852033566,5.698071510493795,0.0025232075981151134
7458,4.835595878364742,5.697519626582153,0.02340606812586345
7459,4.827156979688334,5.689000514207407,0.000288780611924025
7460,4.8117811558358925,5.667320874071976,0.013944724680655841
7461,4.815852471189629,5.671942288311516,0.05389634857138685
7462,4.811520821743341,5.661203548423798,0.003524047946316478
7463,4.798981617335293,5.645545584493518,0.005143455262911721
7464,4.796685121833823,5.64326464884089,0.0011680447955811967
7465,4.7985813922787255,5.641754106279732,0.00440129965649998
7466,4.794401612506413,5.6400967138350095,0.027384000300450434
7467,4.7836174347602975,5.620660140953785,0.017649095358694737
7468,4.775420949191527,5.619879740499621,0.0004017743187902466
7469,4.770499953803509,5.619764419731561,0.0003200394408725356
7470,4.77342456334131,5.622746003329575,0.003912258310344874
7471,4.766077998089228,5.610304761290327,0.0012024105436486353
7472,4.753839203345284,5.593606418523056,0.027420451386131854
7473,4.74267417291309,5.580617056648595,0.015294096303494984
7474,4.739809658089553,5.574569800814459,0.01392954487880445
7475,4.745406875536387,5.579313035665548,0.027679389052910553
7476,4.7373231276324335,5.573355659079066,0.00580969623700276
7477,4.738472172601853,5.585850778162728,0.0005352944450646264
7478,4.7404952183744875,5.583805245479639,0.006391754304460495
7479,4.720603060563536,5.561461693118386,0.0012790978803547887
7480,4.727281963358031,5.57048437484377,0.002496220346681497
7481,4.722917449236043,5.576710617711529,0.0004715567176629975
7482,4.722193184942026,5.570613661208912,0.08481994229955668
7483,4.710532759656065,5.554415360774123,0.005071587529635978
7484,4.7084363714504915,5.558833773145871,0.004408600961832307
7485,4.703695275323662,5.550169875294489,0.004126084120467012
7486,4.697551382812729,5.546526128175853,0.0003416033742581177
7487,4.703529120462437,5.55537764676766,0.006577637775310267
7488,4.701039972012321,5.558244946605729,0.003988387425878732
7489,4.691002655482241,5.5529358606380566,2.5905894224858183e-05
7490,4.692075318475857,5.550357284046496,0.025200499860410324
7491,4.691864412219596,5.557232284856443,0.0006079015282321659
7492,4.685630293290214,5.550318774484644,0.04612912942320801
7493,4.691372540064633,5.556545989077314,0.0031570099107560592
7494,4.692643647902008,5.5574573169472,0.04558339825114097
7495,4.694379279595951,5.567059384299042,0.00044332566841110376
7496,4.688787362240035,5.559149408882294,0.013988502008976698
7497,4.690760364531998,5.554057440223367,0.02775655124025485
7498,4.699549895278152,5.571125074609315,0.008734810383456412
7499,4.701992159183688,5.570621602635906,0.016346941921815548
7500,4.70361114572593,5.570582051801463,0.004966349113981182
7501,4.700432311567226,5.577185868234068,0.0004759729723126751
7502,4.705524170137836,5.58113917870083,0.026447218914908616
7503,4.696655897862321,5.564729076514478,0.03835815201964139
7504,4.688204305255567,5.550850560549444,0.006278288613003915
7505,4.695054633321669,5.559851121086426,0.0040552480525921
7506,4.700860657794807,5.565169610638403,0.0027447541077947413
7507,4.696020593765417,5.563061728122549,8.415418951264659e-05
7508,4.691414549187694,5.556423448652915,0.003609154867421924
7509,4.680855903648981,5.5430087867316375,0.0005377212963732627
7510,4.675927141246469,5.542390990929249,0.0002312418984539318
7511,4.668699575704746,5.540932483549794,0.006112581638924344
7512,4.66363794534342,5.546937165598573,0.000491780237156126
7513,4.660692788181236,5.546362059080663,0.0004338329113532207
7514,4.657646004303198,5.536548918722924,0.021500705864231327
7515,4.664074840711314,5.54499143313138,0.008054276688319081
7516,4.665554224072335,5.555211401786101,0.0109271355529051
7517,4.669663271266764,5.5609196904160125,0.006109691373859776
7518,4.662979194190634,5.549217173008287,0.00976911427532547
7519,4.659597008611028,5.541328031003355,0.003929488023158126
7520,4.6690074708995475,5.555289987955128,0.007125792286454357
7521,4.668107475921074,5.552896502275217,0.0008784154640730553
7522,4.654178926119328,5.539133543443916,0.013491410177005548
7523,4.646192869624673,5.539416272944735,7.40943386279331e-05
7524,4.652723279498929,5.552612679503909,0.014124762746229052
7525,4.651708379883258,5.547744732199163,0.020437666782127373
7526,4.652277121779718,5.545839607313627,0.002461825848260117
7527,4.654892668476141,5.54590639585882,0.1091688416839187
7528,4.649022524784099,5.5476994244001006,0.000555345104228198
7529,4.646892828099163,5.556598394305466,0.0004460166736581505
7530,4.614781752071457,5.52969534632313,8.826423027031671e-05
7531,4.611478032518334,5.526149797095268,0.0034326813845552773
7532,4.606550303340183,5.52663082848824,0.0007162712130156075
7533,4.6160498236789635,5.545230545393954,0.019111632267913476
7534,4.609027404103221,5.535627318213921,0.00429022757948737
7535,4.614395463543264,5.54270492517014,0.010465263554472172
7536,4.6220902935527555,5.55887076887415,0.00837286391878914
7537,4.629024664217044,5.564820767472496,0.013907668189084833
7538,4.624243939601223,5.55999084389775,0.0006087700702085455
7539,4.624223193042454,5.5631535519872815,0.004582013035219982
7540,4.622047945547559,5.566968361667746,0.020832866678701975
7541,4.623443081222251,5.56437805999379,0.051495964800827805
7542,4.6150224053496185,5.548744257945106,0.007485243894614314
7543,4.603454997747973,5.542118693141523,0.0003288804198013691
7544,4.607089453621501,5.543241922643311,0.02532947769549087
7545,4.597484187674577,5.531671654488067,0.00021682484930076322
7546,4.591494597068843,5.525900765347293,0.024655353185298916
7547,4.586925658878778,5.521149619238847,0.0007812209727589187
7548,4.5937516350705225,5.534580389479498,0.00785007779328547
7549,4.589405475164346,5.531748242372509,0.0003412336146462274
7550,4.590830766776683,5.527490540027081,0.010120439143623983
7551,4.586100803308075,5.5252718196686725,0.012748014172784164
7552,4.581167914441505,5.517516410394645,0.008407286264701656
7553,4.5764024314595675,5.51362307313765,0.015020645492311642
7554,4.57652801538686,5.50970438923766,0.033252980927281295
7555,4.5845262696620726,5.523459701500356,0.014905174189076461
7556,4.577423351725506,5.50886060602072,0.03808128490630685
7557,4.575177887860518,5.501319868790827,0.006826845551198767
7558,4.562583204694165,5.482995343929965,0.1376443463737526
7559,4.564368641266731,5.4853845592034,0.0011894987899719177
7560,4.561826981676895,5.476470327430211,0.036012211059088646
7561,4.569849552874842,5.490410420419941,0.014799568403331154
7562,4.574820135838324,5.494994027420341,0.01728808958318736
7563,4.564051506558415,5.482197719405203,0.014499678055875025
7564,4.561356845172408,5.4768526060628755,0.0013427747466321096
7565,4.551362085054603,5.45926598871463,0.004833934002954064
7566,4.553357864658197,5.4629026898892805,0.006961862725275275
7567,4.557414720763222,5.475085484430193,0.0054511045993410065
7568,4.5534972347203695,5.472732312290259,0.01690936459884651
7569,4.54917513576049,5.471347513741644,0.0005556673347188578
7570,4.518078867204386,5.4452526181467995,8.956768572820068e-05
7571,4.507705319020344,5.435909123264353,0.0005275002463668744
7572,4.498884199222891,5.426555968572164,0.00023814960899255539
7573,4.495747390287871,5.429954312966238,0.002703683343076364
7574,4.498907086001567,5.43693681193224,0.004136551944932275
7575,4.491895146689741,5.431189764085235,0.0006756412848231416
7576,4.499606012184801,5.438168682463323,0.014824779424889242
7577,4.494701056765338,5.433458070378311,0.0009681284391972073
7578,4.504776355860835,5.442241735944004,0.007769575625855314
7579,4.508570780075184,5.4455624208167315,0.016369622923220285
7580,4.516904148591438,5.454470538370839,0.09537089873807127
7581,4.520926127480949,5.4620823663513836,0.01435459985051914
7582,4.516375396674948,5.455355252944931,0.00043869125268695155
7583,4.512937125863389,5.453298337952628,0.00017911241144766344
7584,4.516912670269349,5.45413741406088,0.008356037449923696
7585,4.5174118723981955,5.461046963539373,0.06846221996967658
7586,4.51777917236613,5.46547932242968,0.01417272112931432
7587,4.515357159887075,5.459060710860357,0.0112187790771458
7588,4.5178964893727445,5.463724107923657,0.006250069226415502
7589,4.5144630351750195,5.457768991968495,0.005705201736475834
7590,4.50674294464618,5.454072490286204,0.006126360024952909
7591,4.506126184174726,5.450794647597558,0.010213695412944727
7592,4.511561374127659,5.462471423075421,0.0019931409181677376
7593,4.504109528881398,5.464619669010851,0.00015194198562129197
7594,4.513684143338199,5.478269462442442,0.03044732859605558
7595,4.511598472227849,5.480036023065365,0.0003518681719172676
7596,4.503524165165944,5.473891145733905,0.010571759876871471
7597,4.4973677829620105,5.477045712967838,0.0001268683309322912
7598,4.494461230507255,5.474783866409734,0.0005519788138512185
7599,4.492665288834721,5.47787885862467,0.003545769788213691
7600,4.474045637995259,5.4560796148468755,0.0014305157970046563
7601,4.4705652584236,5.453827301981942,0.012029600909947211
7602,4.467482587758336,5.4424029485455705,0.04327425544712234
7603,4.453621168760081,5.431547823347383,3.71139770706021e-05
7604,4.462452402489171,5.437289386157699,0.0165615356601644
7605,4.455378969553899,5.421803080056392,0.05108374150548953
7606,4.4498012835427705,5.4123206462659565,0.6954197088878527
7607,4.445758440663877,5.415422456266715,0.00018152956753161387
7608,4.437921392125783,5.407777370488318,0.007374183535899544
7609,4.436469583317802,5.404411134762432,0.003958909626837607
7610,4.4395583997665184,5.41288706362896,0.0003788205143973916
7611,4.4439814797470785,5.418199172004005,0.015500000677830455
7612,4.433039484451276,5.4093965459239985,0.027524159277473995
7613,4.428541766158461,5.405130964411524,0.015995196553323685
7614,4.4286214309471,5.410965039570115,45.95890959849662
7615,4.395655655515978,5.383534266145704,2.2300377804583598e-05
7616,4.399355310538661,5.385729720848603,0.02444937758037933
7617,4.3918551514001605,5.38151120599044,0.005551068871634566
7618,4.3949745493862,5.382851069905564,0.02273166018319365
7619,4.398852523652032,5.393881687837179,0.013472806258540857
7620,4.387277171757109,5.3806143784886995,0.06372439130591048
7621,4.383023142416334,5.382394389269389,0.008978539697305022
7622,4.35848391937717,5.365015319141018,0.00010033824989495908
7623,4.352358176862198,5.361800307146957,0.00137796999260656
7624,4.349777842844985,5.351157422576191,0.011646178257561259
7625,4.357299752012545,5.357447180701404,0.02264130561754743
7626,4.366073746466625,5.37361604159087,0.004597495582859213
7627,4.359018651628365,5.371634041053822,0.015422477529956497
7628,4.332600190146901,5.353062961271655,0.00010055601839500738
7629,4.3285348117092965,5.351663838504216,0.00040112909428910437
7630,4.333835425238855,5.355182647945946,0.0028044018428905245
7631,4.345071501720179,5.375492248723329,0.007277797482661764
7632,4.33906736992751,5.3741975548879575,0.0003224734076767678
7633,4.348052359737776,5.391879540305553,0.009041094377712507
7634,4.340709318933774,5.383457455929693,0.01950700036473766
7635,4.3322047635922925,5.368207145616562,0.0011621205357208654
7636,4.329907419078128,5.359483407611885,0.0078056886527103795
7637,4.325809916589352,5.355883177595813,0.019030200699710856
7638,4.315381211696876,5.338624770262349,0.013716608955084005
7639,4.3046576868391355,5.325954373808893,0.01636532763305939
7640,4.300663491752064,5.333436961137555,0.0004731312743470773
7641,4.29380429361507,5.317974334360705,0.004491498729568121
7642,4.28507918136167,5.307802114746366,0.01404157052303591
7643,4.281307407018189,5.301761522709777,0.005392797422071044
7644,4.279812359312668,5.303787763982977,0.0019313473789279612
7645,4.291634959195136,5.31980176389218,0.007782654196832383
7646,4.282989070089222,5.316907982728971,0.00025328352369522383
7647,4.2792968776534375,5.306963791155685,0.0022238515883808317
7648,4.286211359339108,5.323207423658425,0.008173545100879349
7649,4.2881907418597045,5.322238440065229,0.007255130526095568
7650,4.2804127370980884,5.308862563384214,0.007751033197794773
7651,4.271020273565592,5.293001513044121,0.006812242676888199
7652,4.260411529559817,5.2862888966410155,1.8140876068660456e-05
7653,4.263580039474824,5.28603881339516,0.007914652413602528
7654,4.258282008524551,5.285497664256656,8.872985082881419e-05
7655,4.228291916872149,5.259732804800382,9.575162857043976e-05
7656,4.238178917602021,5.275751213897956,0.003211002305742694
7657,4.238393635950968,5.2710962188545505,0.017020982529034764
7658,4.231461750604101,5.264265805164484,0.0007105346126810974
7659,4.223387777910807,5.255313224176958,0.013778831522363724
7660,4.217614430780207,5.2520661756222315,0.05064886634443316
7661,4.215656301158513,5.257020647817073,0.003127336755299111
7662,4.217563812623,5.255760657912837,0.007176615787974221
7663,4.212606882425584,5.25326398117918,0.00803360905580178
7664,4.210195517587079,5.254167734008416,0.032790997389706096
7665,4.2034875277989086,5.2484723598093135,0.00025092940149554666
7666,4.203850108071808,5.244446154964826,0.004116033367842732
7667,4.206380068753537,5.254402372002826,0.008314883194280582
7668,4.215877278069172,5.272121393670597,0.005103614279526185
7669,4.216492110898537,5.279987244856262,0.00031655409527896406
7670,4.215872746032009,5.286838636589738,0.0006796423705017321
7671,4.222756013817655,5.292109407690295,0.06095439103086011
7672,4.224367823028511,5.291979787812574,0.004635019415881583
7673,4.23249438672746,5.30005314075252,0.012915689314524643
7674,4.228323753282217,5.296253460124126,0.0005613820152261247
7675,4.228866966548941,5.297254148771902,0.0025993847834856355
7676,4.241438017650598,5.315305897033842,0.007446699399749647
7677,4.246395776447456,5.3206713788432225,0.8750876251295728
7678,4.241749339832167,5.317008106343966,0.0010785458661913935
7679,4.239375731850696,5.319931167979696,0.020572387185396546
7680,4.241830066471914,5.320933358852306,0.0075071330775994104
7681,4.237047967544821,5.321863702807605,0.0048336088896159144
7682,4.2280668978533145,5.304696386188616,0.006454652340386967
7683,4.230796754442847,5.309249072552103,0.012141966452487067
7684,4.238673789483176,5.318020687187871,0.009478416802980364
7685,4.237092035694967,5.323318047769552,0.0002980917687459226
7686,4.236392526512032,5.329230648322946,0.0003897342108615862
7687,4.234147075573986,5.329065324079428,0.016583391135523942
7688,4.2288569436123975,5.324591187787906,0.016587368114643036
7689,4.223980843594266,5.3202163621934835,0.015285279002263926
7690,4.222421268647711,5.319113261029096,0.008920984334799053
7691,4.191322064471811,5.29211305669655,8.509664319545358e-05
7692,4.185162649645637,5.291105374023372,0.00038955119683461287
7693,4.189283341299184,5.296843757778583,0.014486802686576452
7694,4.186609652184708,5.289122353217442,0.009812705982249339
7695,4.178979365496124,5.279124653177404,0.012431213064527945
7696,4.175500996410039,5.275390348865105,0.0007329298395651475
7697,4.1664980842601365,5.267846999406641,6.10675710539653e-05
7698,4.137069579014017,5.24262443097668,9.406325818651259e-05
7699,4.141860654759643,5.250324349685669,0.005606682493783619
7700,4.141918253314852,5.243355952437207,0.08894650950967721
7701,4.127588428208792,5.229607751677329,0.0010623499161484316
7702,4.119801863872579,5.219888548948072,0.20574933439044
7703,4.091171963806516,5.195860450317944,9.665036452887618e-05
7704,4.083713480999569,5.18288573566372,0.0392476884625654
7705,4.0828089014993605,5.184396580448825,0.02059699706801228
7706,4.08837108265235,5.19373750479965,0.004137096331265137
7707,4.077307746963976,5.183119888262088,0.010195371153457849
7708,4.074180925272265,5.172526303098628,0.006832261979635905
7709,4.066754595540857,5.1720737634465195,0.0005470867872306946
7710,4.07116411236608,5.183918070342593,0.005244220372707841
7711,4.070375518950178,5.184793173989048,0.000757119488097534
7712,4.0740825341875535,5.188641966062372,0.010157785404197055
7713,4.072490669861044,5.180226099742683,0.006780220649303104
7714,4.065838122979981,5.1743538851379665,0.00046688566508599333
7715,4.0707333949352265,5.181459116464227,0.01374873541431124
7716,4.067812628421625,5.1799209548476215,0.0175141762666755
7717,4.070706701702734,5.1849122009112785,0.0010915038463847324
7718,4.07411914129676,5.18647429059908,0.010256984602969348
7719,4.075931106636266,5.188108652708689,0.0018900122590554116
7720,4.066033077430593,5.171415254736268,0.007653321714787255
7721,4.065325536208207,5.180141915891999,0.0005973328585823721
7722,4.05835163814524,5.174803778154475,0.02329350702345529
7723,4.053719083488207,5.171043028238141,0.0007139517004912827
7724,4.04420489102162,5.159131888352023,0.0011991105141744025
7725,4.0410897863637105,5.158896406825232,0.07886158645310005
7726,4.036051364994693,5.156785399870955,0.013860107449261085
7727,4.050387003028866,5.176549108609007,0.026190332926304804
7728,4.045963222119861,5.1721489474418645,0.0003448869353552839
7729,4.043837257673936,5.169399202226023,0.007095274443482942
7730,4.0390184482573925,5.166458485011822,0.00640362231532134
7731,4.041175447224364,5.167944923167228,0.006627995317225124
7732,4.0483332715963005,5.181571282642609,0.016735689358489864
7733,4.053370111158761,5.193467271551723,0.002509499670370999
7734,4.048220874625484,5.191149785695586,0.008517705933295188
7735,4.041908308672953,5.191128157327173,0.00013402950089541683
7736,4.0458452022970635,5.203404202823043,0.003091992072701311
7737,4.0203616299309965,5.183290985827722,0.00010424796623299976
7738,4.014205235942271,5.167557543979063,0.01048638696235642
7739,4.016681802313809,5.168182144281253,0.00664049575238605
7740,4.028417854817055,5.186359756054423,0.009340254951637159
7741,4.021454542833823,5.179625858604574,0.010611338033969915
7742,4.012543321256885,5.169064566872166,0.01988184616400697
7743,4.0129451663758084,5.17252700636181,0.0014840642640550532
7744,4.005124936922877,5.156115609948423,0.007807101403814611
7745,3.9974385314413987,5.1500009292505435,0.041313933184105256
7746,3.9903239616264092,5.134641317426801,0.006315620746467566
7747,3.98909874767563,5.128320885618297,0.010456917360193402
7748,4.000696869720611,5.144284579194534,0.016828681382923164
7749,3.9964856398334354,5.144725509897482,0.01309335765893404
7750,3.986766935739375,5.1330864839905495,0.013574296043205866
7751,3.981791723582842,5.128405993312882,0.0004315352816652258
7752,3.9601665252517804,5.112809665388204,0.00011063214872938736
7753,3.946354641886728,5.094481151569836,0.013298294745470044
7754,3.9473676552681827,5.093226117763244,0.004967157726920184
7755,3.9450776642777274,5.091726832519413,0.08597315873069408
7756,3.9566471724064862,5.1079721259017,0.06729259649603447
7757,3.9595494871632235,5.114005455564736,0.0022241664355471965
7758,3.9657791829786824,5.119635706723409,0.00452397412059161
7759,3.9705542248098973,5.1301414472369835,0.004281593543027033
7760,3.9822730873877976,5.145723482711477,0.24127757484018525
7761,3.9703370111198972,5.1351366227704665,0.020089701915747077
7762,3.974808631143241,5.145526169632066,0.006217900438487406
7763,3.969280218771377,5.144264778094015,0.0002048466671193326
7764,3.9606508500477147,5.135845477018445,0.07504442548036513
7765,3.9623658556210755,5.146658523030108,0.001227257218457326
7766,3.952367434359549,5.126545483905449,0.012676404250074474
7767,3.952252657992059,5.127736355764045,0.015558931217186076
7768,3.9562362305714185,5.130861123967199,0.007120971035686993
7769,3.957889051873533,5.131140953674657,0.00809137502896208
7770,3.9555173907229753,5.135044368759651,0.0009210487118367676
7771,3.966469469675532,5.153644953558027,0.008057620361511093
7772,3.966317472361543,5.156049347660556,0.031143636863419432
7773,3.9703199431457237,5.158953409048423,0.005400940953593317
7774,3.9739615780417625,5.1615684425533574,0.005041247594505002
7775,3.966802256813139,5.165063286455842,0.00011795786614902611
7776,3.9714786434313156,5.169811553068335,0.01005744162330729
7777,3.9713181600044125,5.176201785965842,0.00039124387046452717
7778,3.979238825894556,5.1886088564207204,0.009232175087101755
7779,3.9694220629074763,5.167814436391845,0.01109523492179264
7780,3.9644928337104637,5.161938743701172,0.000628781336090346
7781,3.9264673656287563,5.126379340473738,1.343265572691073e-05
7782,3.8942954183403806,5.098369027217722,2.257276936572001e-05
7783,3.8849764744933495,5.086588257313192,0.08874171749860439
7784,3.890759312827321,5.0965665522068235,0.007551163879189058
7785,3.890727058171092,5.101231938625443,0.0040954305520404105
7786,3.882970522358634,5.084937410372193,0.007477007811590489
7787,3.849033880684165,5.051880130521599,1.9739412393120326e-05
7788,3.8459474357127825,5.052116159547212,0.0003698926420385469
7789,3.840168765324965,5.045377495081965,0.028428641257773467
7790,3.831516390795647,5.028140058894815,0.03645238014627785
7791,3.8285062950016804,5.02147727050772,0.004842238004655666
7792,3.835188386102962,5.037168744389515,0.01984884697697462
7793,3.842409614702957,5.044838424213519,0.0053203664371232265
7794,3.841924236801268,5.049801621574326,0.0004501331848825633
7795,3.837687122990854,5.046033657795837,0.02813807763820225
7796,3.8277838915137927,5.032768869716958,0.000646340155676818
7797,3.8375136611577867,5.053385243292774,0.059855457583687745
7798,3.832023239517119,5.053542672637062,0.0009419956374513433
7799,3.8244871137272862,5.045092964018896,0.00026521699888464186
7800,3.8209303509707104,5.052336531219925,0.0005575089841198444
7801,3.819836534871105,5.042667011273608,0.03444106546965537
7802,3.8279501243591505,5.0508615471435405,0.008922376637176441
7803,3.8281275735086866,5.055888620988464,0.036788757535527565
7804,3.8360589499708593,5.072283132496245,0.11207523456949904
7805,3.82900696493477,5.061567987390394,0.0007290744112999944
7806,3.8386618757116118,5.071596558121524,0.01632119225293774
7807,3.8417508200814727,5.074816930238978,0.016696548946531477
7808,3.8410285972134415,5.071086008090289,0.010015879958856808
7809,3.838567884262174,5.061745900034604,0.017482238181037106
7810,3.8501265233379036,5.080266302826029,0.07910313105011736
7811,3.8560538325201943,5.088945638168921,0.010391126620203917
7812,3.8459590208087846,5.06921568485404,0.010963495369311292
7813,3.8455547301344932,5.080874805961918,0.0005862128700185843
7814,3.8542249479448856,5.096178897914385,7.671197825920638
7815,3.85864484236828,5.099369933616713,0.008194845292206907
7816,3.8536083701747823,5.093375901945235,0.00035300591649700344
7817,3.8555077084523055,5.093837813542903,0.030466450617830924
7818,3.855253876782097,5.0994821555246626,0.6140608403875331
7819,3.86439551366292,5.107606284143406,0.013461449193684274
7820,3.859607931229467,5.092714653425208,0.017321471836105065
7821,3.866882335681752,5.108102054151909,0.001961502571660325
7822,3.87198990815444,5.114209722736989,0.014895183647867499
7823,3.8778386224766987,5.121768681123594,0.041727729316755384
7824,3.8675943802056048,5.109692010287663,0.11098585129399617
7825,3.8631700524272476,5.109578489425464,0.2546802401054539
7826,3.868573121117112,5.1263258424246185,0.021260240007204136
7827,3.8639123206671804,5.115202272769761,0.0031148631689035546
7828,3.8582376073944835,5.103665845884194,0.0006467868255214076
7829,3.8574919087559194,5.102441461801795,0.011276570837728862
7830,3.861677968367034,5.112761895673515,0.023467682752830052
7831,3.8473751103195037,5.088653434962824,0.004296408402314959
7832,3.8448567940346914,5.089943250122239,0.0004074076734176263
7833,3.845162552091261,5.1004870465366094,0.01662570032373773
7834,3.857181865291663,5.123313238736857,0.007572732158936545
7835,3.849762749179143,5.106253905222178,0.004221833870959869
7836,3.853860510584269,5.105396830353201,0.005169000928904071
7837,3.8178923538067937,5.0724518155226,1.3984404252879383e-05
7838,3.8127320399954447,5.057866188792316,0.010132396846494673
7839,3.8054163346907783,5.049395183739196,0.00043891180123333326
7840,3.808536645686529,5.061815677914208,0.009953664301598627
7841,3.8118434614937917,5.061356499773842,0.010871609808604302
7842,3.8061344728518387,5.059738447353894,0.00016732708993968807
7843,3.7986686619131222,5.046313849251643,0.005852966075030748
7844,3.7862421567572753,5.027986822622631,0.006140297365732491
7845,3.777528884652797,5.01830817850194,0.01405741443635
7846,3.7699663519724655,5.0111724267301225,0.004495355070678916
7847,3.7771362358025864,5.027164900577355,0.004002474225863252
7848,3.7670604109465877,5.015806526251916,0.00010540183239196582
7849,3.7724851728418485,5.030569442515495,0.038984090885043635
7850,3.774476489416267,5.032726567063328,0.016657766201320395
7851,3.7389983787998253,4.998585785476617,1.5646141107725394e-05
7852,3.7305889298570154,4.989219402820499,0.006883646229316579
7853,3.7262283993096648,4.980995342780774,0.010821560786091271
7854,3.7319926053181383,4.985267636603319,0.01364536520110896
7855,3.7197006805788844,4.969068855932636,0.00020110757389146136
7856,3.724412962541545,4.974870112763934,0.009244562016659828
7857,3.7209227615569276,4.975455482371296,0.0005578242356721455
7858,3.7304088787017875,4.988845587872965,0.017070866063735302
7859,3.7214003932702324,4.9723380995171516,0.018194691145685015
7860,3.7125670895548164,4.952394884611798,0.06593534097929715
7861,3.706694380062778,4.943223271546404,0.002013101074225765
7862,3.708246597170617,4.948258347907391,0.03441827758589415
7863,3.7009712058957307,4.940771339517136,0.0007189914487623593
7864,3.6989589983291267,4.944192194203261,0.010721423907465532
7865,3.690005499170151,4.933859500328635,0.09331813349179414
7866,3.688630083493943,4.936322179400318,0.001260189250110456
7867,3.6818214511401,4.921356844232966,0.022776530329769815
7868,3.678203375669524,4.918301461060507,0.0006716342714879194
7869,3.6759504190295167,4.919804205660574,0.01050480811919224
7870,3.6805235786587343,4.931816124377584,0.01425358855298411
7871,3.6917803533284967,4.948386539216546,0.00873923816771431
7872,3.686153165642751,4.933526416254958,0.0037473022150932523
7873,3.676821266412669,4.9257247974247065,0.00023537746221261044
7874,3.6751951077010347,4.934810841001335,0.0005442772913874041
7875,3.665137685329703,4.932557117289896,0.00016521524929554061
7876,3.660255049691925,4.933401710889076,0.00030456916916943755
7877,3.6637549620249,4.934746241678475,0.009742082478010094
7878,3.6720573822853004,4.953894840211439,0.006719176331521677
7879,3.666024395517734,4.945293007396695,0.008763449692441179
7880,3.6642666387342846,4.939423406687648,0.014921422116673024
7881,3.668860414940909,4.943485506980236,0.02072151444801621
7882,3.662745221303757,4.944645659712161,0.0005032842723024078
7883,3.6642025242377247,4.955240372541122,0.0016087509979317131
7884,3.670895368461424,4.964265625771335,0.009360350656440938
7885,3.6689428466450003,4.964832405370742,0.04169584262750972
7886,3.670939610948969,4.965287112099509,0.020699090504443553
7887,3.677889409081435,4.973565795999082,0.010851781308944626
7888,3.671781909700312,4.961442333113453,0.0010910210197802887
7889,3.6739580284066413,4.962781926634694,0.003080986217379023
7890,3.6665693440297384,4.955403770391508,0.00018136700400084264
7891,3.6687064469015342,4.951368265939844,0.015554808084762358
7892,3.6688197820441566,4.957414047802508,0.039288557330234265
7893,3.6730819450130436,4.963739682441691,0.00429327720096942
7894,3.6632463112434586,4.954275242146597,0.014634083570967077
7895,3.661257991502598,4.946322957877183,0.012324211069932818
7896,3.659891123338583,4.940135445997712,0.0035238145582931917
7897,3.660910267097065,4.949986265802129,0.00809495109486176
7898,3.6650337222416676,4.953901228313595,0.008752480775188344
7899,3.6606740590118174,4.960692246896924,0.00047079381942937874
7900,3.661343843287901,4.9622936733815335,0.0026931428051968813
7901,3.668696344128282,4.97813190609976,0.15392905268072188
7902,3.661285858161638,4.966209261978825,0.0006159574554604454
7903,3.632953058219076,4.9389666827441125,0.00010384657199653273
7904,3.6310666543627748,4.944100255520517,0.00045987080136111687
7905,3.6394121515844517,4.963851579821177,0.0318657625895616
7906,3.636851980482936,4.9552728479788115,0.0037686351190866435
7907,3.629531741562949,4.945689782212461,0.00028007028148632876
7908,3.6255475644891866,4.941827637436762,0.0036928700279225293
7909,3.632945533194032,4.956984203331792,0.06817861076650865
7910,3.634743498863122,4.956281067427282,0.006028974015833461
7911,3.64454793651454,4.964686389891166,0.043032519643462636
7912,3.6433816479421046,4.956110286905495,0.008507143327744555
7913,3.634115327878012,4.93627747088606,0.005320290034175215
7914,3.598885910484723,4.900873207308416,1.7551632405498454e-05
7915,3.595302736165512,4.889611750265561,0.005682636722016212
7916,3.598138921613498,4.891533694913542,0.0049594834922661235
7917,3.598278055393582,4.89019850549725,0.013224556505129492
7918,3.601453071828603,4.899267429063483,0.007116438884804122
7919,3.5980659290459607,4.889208371372715,0.004198283761386749
7920,3.5977340868802745,4.8845995642082025,0.0054182918027345685
7921,3.599720412811136,4.882958303790847,0.00995631935843661
7922,3.605985342571219,4.891194475410784,0.018082662732265612
7923,3.604210147588162,4.892094882356402,0.0007610854571791269
7924,3.6041076112383768,4.89080403072474,0.0030334145421718056
7925,3.6073637251727235,4.901889160926176,0.0032042137015668225
7926,3.6021932100726524,4.888692671673654,0.0522699224443986
7927,3.5988431651893804,4.87926170398228,0.007614069216545873
7928,3.604648411486819,4.890489314491989,0.0038275732718165024
7929,3.6002685861894657,4.888133792490456,0.02524380586671033
7930,3.5919794425130607,4.87855906760625,0.00022099845028429298
7931,3.5859525001543644,4.879715165678916,0.00011989053685956232
7932,3.586119934314547,4.876789078282861,0.009899786959159926
7933,3.5816137230575946,4.866740443694412,0.011259022879841344
7934,3.5791005875057484,4.86919664150407,0.0007749167816091869
7935,3.576881600239695,4.860901397177409,0.0065966071202142665
7936,3.574645812851566,4.85204907150419,0.006781794211494252
7937,3.584455125487952,4.869865024434174,0.0072971422810148056
7938,3.5854012543909777,4.878096705000894,0.005916712052033006
7939,3.5951301820491195,4.895359803316302,0.007836117007183743
7940,3.6002606818303926,4.90727367201575,0.0037528177281184573
7941,3.594932783630546,4.902257495416276,0.002985702794242333
7942,3.594123455191874,4.898864384581158,0.004187802285567073
7943,3.5941714822144717,4.89453781034277,0.06740197653063502
7944,3.604919244261265,4.910767458434587,0.02864689696652944
7945,3.600067530504964,4.900502673990922,0.023678985559013228
7946,3.5955825567574373,4.90003888781672,0.01904552363707965
7947,3.6019375744987254,4.911249343267476,0.00851652549021689
7948,3.596270224198391,4.908783841925083,0.008336744020464828
7949,3.6022708836007746,4.9155235676676465,0.009282949007246006
7950,3.6000765802615415,4.907796301363165,0.008740935365294637
7951,3.6067964613626096,4.921045124030631,0.0354686068312397
7952,3.6049062637253333,4.9129514898203475,0.0054432918177178494
7953,3.5987485269955553,4.901039707558441,0.013143551978308528
7954,3.5979119891610947,4.905919705558091,0.013421326526864473
7955,3.5963616884331038,4.903919941669997,0.001268781975557716
7956,3.584913185523051,4.890846512007687,0.025428557186737658
7957,3.586926435752937,4.892501179770025,0.004633696787547009
7958,3.5885150588456316,4.887589412976637,0.04014141015240103
7959,3.586611432760751,4.880092974661328,0.5321851895171216
7960,3.5762593487134477,4.8658217059989015,0.14770214572752124
7961,3.5843004471233293,4.880427983347201,0.003624305276850466
7962,3.5777274869904696,4.873024894622403,0.0002865426762586503
7963,3.5787089988596623,4.880385076845487,0.002634735021608946
7964,3.57030035904521,4.869458949470005,0.011066561535845463
7965,3.5720965833073017,4.878121032432003,0.013456741341237819
7966,3.576700953062942,4.884995015578249,0.03361116450646099
7967,3.584848919911935,4.8961127813561705,0.015168067806668559
7968,3.576188120649072,4.895429461469951,8.888285712283608e-05
7969,3.5682217994163783,4.877612712043771,0.03454290686471529
7970,3.570702474025653,4.883705827222772,0.004864794311620869
7971,3.5712461338378296,4.888199058019364,0.0033716972103834974
7972,3.5720939281245747,4.8842200750040465,0.21024841406496292
7973,3.569884329173285,4.879575630004367,0.004938342280327753
7974,3.5598331101571974,4.869083393423291,0.0371113183249041
7975,3.551427632690719,4.859613113891539,0.0001945155809924485
7976,3.5496331713374007,4.8617961299538655,0.0013177850069655802
7977,3.5431316910714896,4.853623286882932,0.030718128390409025
7978,3.535247813077555,4.847265506359351,0.010208410241960173
7979,3.54191418492944,4.86148717315945,0.06856255449002076
7980,3.539043494396552,4.852825929255661,0.004394248955944141
7981,3.5391211896499195,4.8485926525419,0.013500204986645994
7982,3.504276914243576,4.813162749401362,1.7734722724115766e-05
7983,3.51191737456043,4.828345914788478,0.003332128326664386
7984,3.5074135396112966,4.825204258574564,0.00036977682871502845
7985,3.5087386542646843,4.825885252367314,0.01045791049079295
7986,3.5173622385575207,4.838198573406224,0.008145518137180091
7987,3.519958338824329,4.839903484600289,0.003312235675285903
7988,3.5162402115296216,4.835289400016692,0.004403187143065155
7989,3.522031728168538,4.846597442063697,0.016492661798305823
7990,3.52034816151414,4.850043552181902,0.008093905845689644
7991,3.5199337993961155,4.853962344481642,0.0012204494583285055
7992,3.5263821182196784,4.869375423447422,0.03915761027841642
7993,3.523044830708824,4.856876610826579,0.04159293491983307
7994,3.51188419802059,4.840707086172702,0.03269355929006972
7995,3.5196682641189425,4.855120120914123,0.008975552661291372
7996,3.527340572120504,4.8691818250762315,0.06768952819481619
7997,3.524417260285499,4.862172159380383,0.02367666457886176
7998,3.5186106702068507,4.856696965390409,0.003931107564244639
7999,3.51278993971595,4.853242949345817,0.007481676323525481
8000,3.50668863945418,4.839381702717138,0.007887990648408203
8001,3.4943011863292885,4.819196662154717,0.03830285174087167
8002,3.4981462796739784,4.823227376418466,0.01021635622559255
8003,3.4847708862280684,4.803215047661947,0.03599114205346294
8004,3.482258915899466,4.794896678550374,0.006937082651673356
8005,3.474770340366683,4.783807309952836,0.04414769396291699
8006,3.4683048902468387,4.776933388760174,0.13238876216672923
8007,3.4386503669442314,4.749219936105646,2.425129298659108e-05
8008,3.4442583386854997,4.761699338875888,0.013708238675588872
8009,3.4383828915317434,4.756992595050123,0.13765151064168585
8010,3.4096503164672076,4.726232999871849,6.294734632317814e-05
8011,3.415222478998543,4.733559909052712,0.22302543770608205
8012,3.407142382747533,4.725825794246212,0.01840558111107496
8013,3.402797758815431,4.721579323360358,0.0006588999103033032
8014,3.3978380404915898,4.7207549688782855,0.03342261111284149
8015,3.3981338888403254,4.719595923548857,0.006268327841337413
8016,3.38903139567938,4.703952040069588,0.045673672335349136
8017,3.385564173079979,4.707965354218724,0.0006173902452634707
8018,3.3847674176710227,4.706158987558409,0.3189080146468495
8019,3.382993897959999,4.707301130469371,0.007538527116269096
8020,3.37579207650483,4.690960274093428,0.2253828119542366
8021,3.3853737461989826,4.705777496672607,0.007109966118375639
8022,3.3944741286711784,4.717619180311521,0.026512394487700642
8023,3.391795834842416,4.708386450517833,0.007658507176698761
8024,3.400641445643032,4.7247973408665995,0.006780797381150076
8025,3.400280780778051,4.719438615926649,0.016132350888735023
8026,3.4069347825321996,4.731960080297807,0.006843118488970625
8027,3.405861004535901,4.736264941763002,0.02618883118895147
8028,3.4011048664343475,4.729527282385594,0.00019897842110991383
8029,3.394759842083977,4.715652703534196,0.007981346573429585
8030,3.3879694093418458,4.70821471703314,0.00024357840140917455
8031,3.3871999793378302,4.70312793902212,0.004126276512046041
8032,3.389772014295077,4.707408802175505,0.004591416472321548
8033,3.391230381833436,4.70709603437339,0.0101629801309301
8034,3.3993615953861975,4.721587195330934,0.018547468355704647
8035,3.4050917117876565,4.734365814934533,0.007944275696443485
8036,3.411352676638735,4.741607421318864,0.07091252617578468
8037,3.404234265665666,4.736128330509169,0.027041553106510175
8038,3.4044099899209854,4.741758128235529,0.0004205252857428733
8039,3.3999719678365485,4.740589746587324,0.014001979803306428
8040,3.3942345994516705,4.731398022786133,0.003991678855198184
8041,3.3913540511999956,4.721709823840592,0.016590842477556714
8042,3.3811624590056546,4.705425309856057,0.04754788279478028
8043,3.389300401478486,4.721601891912333,0.006400701617766077
8044,3.3958412620521017,4.728539677951258,0.018256161243317942
8045,3.399421336265996,4.730284191185721,0.010480061514584265
8046,3.3950942357368152,4.727843234608832,0.0003839859312243045
8047,3.384947888907771,4.714883567353725,0.0006825042483139
8048,3.3781106928451448,4.6999822791167025,0.023627515313359083
8049,3.3862992396668017,4.709846680544248,0.03054748816772632
8050,3.3866542568205746,4.715932732257334,0.04464682588148492
8051,3.380701747370334,4.713729691591553,0.0152138589635963
8052,3.372380374300839,4.71428330766646,0.00012450521482873514
8053,3.3671332228430417,4.71458937614476,0.0005254930062525604
8054,3.3656689062519214,4.723470230336619,0.0005764977827745396
8055,3.378615950446221,4.7435240172630975,0.01763774066709721
8056,3.3720533845935723,4.734408730600556,0.004756604463265542
8057,3.3687208219782234,4.7300240132342966,0.0048550306825997985
8058,3.3721468136925465,4.736268011438259,0.006904599734792257
8059,3.3634605893275045,4.724897084952311,0.00843453824857896
8060,3.360990434868262,4.716332802309431,0.005242354204218093
8061,3.3536687084749532,4.706545873909752,0.006988367298846139
8062,3.3572122537240183,4.718912044319696,0.013072245234318656
8063,3.353134932020455,4.718322526274663,0.00032895182365036895
8064,3.350989526201792,4.716784426251761,0.001011417644430525
8065,3.3514998655141577,4.723858799588405,0.010776029486964394
8066,3.351554462038286,4.718166625646237,0.01531771788957992
8067,3.350291010699603,4.725650670004408,0.0006050254986841105
8068,3.3496077434599716,4.729444491232624,0.0007002745568299961
8069,3.3453361396834924,4.724325106456276,0.00908250333197511
8070,3.3418298162845175,4.719963965682792,0.0006223756578240289
8071,3.3400452428167684,4.72188635096472,0.0027160956553808576
8072,3.3491938243436703,4.736236685282661,0.013670023553989111
8073,3.350891337876263,4.748960386470789,0.0007294756130378556
8074,3.3438530512462807,4.733965952497593,0.007882886945519429
8075,3.3354004656006415,4.723708053522183,0.043140810779384704
8076,3.3340620932542246,4.713938002042544,0.019170274415141454
8077,3.335514462694069,4.713009162594229,0.010741174636104762
8078,3.338061952602226,4.712676271124079,0.010975760361875529
8079,3.3336001729690987,4.698918027897077,0.03498369357788197
8080,3.32699972000152,4.691965136329247,0.007754769761536302
8081,3.3212245711377317,4.6842489274868075,0.004680520419581935
8082,3.3123946496410897,4.67100666042993,0.02204790650511297
8083,3.306709274704282,4.6655835713549045,0.0021253515736434315
8084,3.31516002605882,4.684094001964383,0.023541359703806927
8085,3.3174096263756168,4.68812370618502,0.01283534907447291
8086,3.3176406309424284,4.690362556395209,0.39640617064563183
8087,3.3157685635752947,4.6918863486300735,0.02537435948272913
8088,3.31598021044895,4.6961028275637124,0.03408705084663553
8089,3.3057438582900014,4.676334712847833,0.017782234086407143
8090,3.3170461744295365,4.694664393756954,0.030160369508614567
8091,3.322281221397539,4.7051022420809,0.008570441753467772
8092,3.313218625405387,4.693496558545282,0.00026735608592069575
8093,3.3197327668030145,4.701989368136222,0.007948468339873978
8094,3.326477549425879,4.711713580158009,0.022234790969059705
8095,3.3164666708690818,4.690828309424396,0.013405419957530201
8096,3.32746254811436,4.709548273241653,0.02951664428788161
8097,3.3313501115158597,4.713196130570283,0.036195799132500775
8098,3.318140350043747,4.692582997358856,0.0421087273787167
8099,3.312762829832428,4.691740168515045,0.0004283007751889651
8100,3.3063141708169406,4.679170601803016,0.0017011711998275462
8101,3.2987497999188253,4.660945010399635,0.050239055586119595
8102,3.290848058798408,4.651140941154276,0.00010569034493827014
8103,3.301702575715215,4.669034168185492,0.004984920511568094
8104,3.3025749336499812,4.678252808377821,0.0020382139542235384
8105,3.307058125954877,4.678267486047829,0.19412558204763367
8106,3.306942287681052,4.678762435587872,0.000888666137076334
8107,3.313371318873754,4.691972103358219,0.012239080979180136
8108,3.3171618488507404,4.697809626601505,0.006105898105674642
8109,3.310512597600919,4.691898442741339,0.00027613656924763814
8110,3.3153617904211266,4.70433289913283,0.0019498490053053415
8111,3.326707908135252,4.722087806069582,0.08157221296234786
8112,3.3197931897025548,4.723191729407451,0.0005659918161221485
8113,3.3251111431917613,4.729249215718586,0.0772410730291684
8114,3.325690083221115,4.7345931956243685,0.00850780345964189
8115,3.3153889706915134,4.7216405179972725,0.00021055680480476917
8116,3.3153955452475143,4.728254686488821,0.0011200659841830956
8117,3.315033033992346,4.735454302933397,0.12088741781789362
8118,3.3075852195083657,4.726503895003817,0.0002733877452477411
8119,3.3174461222003755,4.746380490041678,0.007574818165958704
8120,3.3099873686612984,4.741308918200174,0.00035139387819185065
8121,3.3107929835201126,4.7480140658058385,0.023287067572702363
8122,3.307781619117644,4.748816707348231,0.0030660509094414513
8123,3.321879089957836,4.772026765873406,0.014075487605485038
8124,3.3197406002275978,4.761015247524486,0.024009831007159966
8125,3.315864948016453,4.752644210094389,0.019254020727774893
8126,3.3210318604157685,4.757305223162277,0.007196828848955143
8127,3.324719368511962,4.760431801343836,0.013679801089925385
8128,3.3194320575210376,4.750989163139932,0.07050175931359474
8129,3.320997524046712,4.748174196278825,0.009231410203694605
8130,3.321809690041202,4.7431182425662,0.04613836406638904
8131,3.3174396699745734,4.736319333652647,0.0022368440297064786
8132,3.3227690986523197,4.750772833376278,0.80705612981969
8133,3.3193803899018,4.743086710194486,0.0007452886357838394
8134,3.321296395613802,4.751075209868336,0.009326902342302894
8135,3.3171339723483646,4.747382456424572,0.049332606764985854
8136,3.319139454063597,4.745307019625143,0.01660461303113237
8137,3.315124246677457,4.738778637507731,0.012256057678204143
8138,3.313066962645605,4.731357606996114,0.01024662971452407
8139,3.3037478694909455,4.717861456942692,0.0005595372482406952
8140,3.302767756968638,4.71473328548947,0.016974085492897008
8141,3.2943124385153846,4.703535168409408,0.0005964398491788662
8142,3.3028688812210896,4.7125023031534985,0.0729485261992782
8143,3.306767286681549,4.7137029085470825,0.015840069918677112
8144,3.3018166474636756,4.705276251844243,0.039963085078761514
8145,3.303154267345964,4.711953081245373,0.00375695343283941
8146,3.299335045601988,4.71519211314939,0.000209735124860793
8147,3.3013470624034276,4.718408477198227,0.25661210018419267
8148,3.300701661960415,4.712756789007991,0.01005018234634958
8149,3.2978892097422925,4.7046147428269185,0.012947159960493617
8150,3.3089130047381814,4.7257944429613605,0.006367589975978852
8151,3.3082920063790575,4.724012644922146,0.005684662406364283
8152,3.3041830950437237,4.719918096240155,0.005042204479717096
8153,3.3049932049826634,4.714961528550079,0.007037221078432449
8154,3.3038614954245515,4.7196056404775355,0.011677992895331042
8155,3.301117281895861,4.717385751926154,0.05909915503496965
8156,3.312151665154467,4.734736621351843,0.02379808611026264
8157,3.3018914784427422,4.7177183826738105,1.4047713783484317
8158,3.2995790270361094,4.721602036555594,0.00046008024240746907
8159,3.2968434809266065,4.723368049288992,0.007966090821683647
8160,3.2930685407843474,4.711448910689567,0.007872367485390861
8161,3.298160781798261,4.71922779140271,0.017670769207306054
8162,3.2907492864776997,4.714817395692556,0.01621623994004189
8163,3.294148453058984,4.72401454758686,0.0035084354749786127
8164,3.301442679592912,4.741980842988969,0.06309941314305736
8165,3.2947805426442747,4.72602492689121,0.00889121709922155
8166,3.2871766906715227,4.7237350217283565,0.0005782626586817424
8167,3.283387587255158,4.721288278752703,0.00028596008523713076
8168,3.2746268652196804,4.705107723017404,0.0006120285321071877
8169,3.270461521948038,4.694992175329092,0.04876141969182853
8170,3.272165089450425,4.691799260434326,0.01128747761907616
8171,3.2766748339914193,4.703559837231745,0.004963512861530715
8172,3.2828321240151657,4.718423237555729,0.0014292764385327077
8173,3.27346052981556,4.703327627270976,0.017301410129185048
8174,3.271763456154805,4.708158334734208,0.0006370157507277083
8175,3.2759593890300103,4.713702653216516,0.06759273758905683
8176,3.2681159001553133,4.701174993741266,0.0006705940800599827
8177,3.2624794222404616,4.694975699805942,0.006241036173075578
8178,3.2651574515728474,4.693631403372897,0.27345981227001354
8179,3.2660297636976257,4.690368389314955,0.01275861438587021
8180,3.2726296645552893,4.703304843071095,0.008828684919111592
8181,3.2657662381852233,4.69857312517411,0.00025299805581945853
8182,3.256664515187355,4.68679716831568,0.07874151336925331
8183,3.264878241374552,4.704576171002178,0.03429811917882867
8184,3.2596318603119037,4.6973413399670285,0.0007013748245779153
8185,3.258279948612082,4.693368526178697,0.003012865461586803
8186,3.256946476822117,4.693525624112188,0.0007695492535365975
8187,3.259060183123315,4.704473722783639,0.024694610586389647
8188,3.26552393299449,4.715579392421154,0.007890397979363195
8189,3.240537182344325,4.69358521716769,0.00010646297094617953
8190,3.2396774628224105,4.687301914287935,0.023994158126330982
8191,3.237937335404459,4.681477141520392,0.015494433131766886
8192,3.2310014173032275,4.664771602083452,0.009472129767872895
8193,3.2298286302062227,4.672497118358865,0.0006891040507435438
8194,3.2258869694214467,4.673329114724941,0.010124701673572494
8195,3.2183717646031345,4.657084796834787,0.008030986941175874
8196,3.2103609045077457,4.640701485710762,0.014630596921459488
8197,3.202043652376297,4.640122742646423,0.00018282212615361893
8198,3.1992144058267273,4.631605191310187,0.007282278113161388
8199,3.1979738576099086,4.624562775672367,0.029936318998371653
8200,3.1696754678835797,4.596342472042669,7.307561301340333e-05
8201,3.1613048509647714,4.58825515430206,0.008862305413768578
8202,3.147889991185585,4.581084577829322,0.00011190407228302958
8203,3.1482937935847715,4.588185018072774,0.00030622860992165
8204,3.1498530569842687,4.586999469926824,0.08425609396039448
8205,3.1522332549658127,4.588095119204448,0.007380152405697806
8206,3.147871905178954,4.576302657874781,0.01238984151061035
8207,3.153474930980973,4.583085833098732,0.02082874446713243
8208,3.149536159345305,4.5786077463922865,0.02665188857720411
8209,3.1462101119660955,4.585887987040948,0.0006828563721270298
8210,3.1465475037657726,4.580534994746925,0.028838870738603067
8211,3.14923203408092,4.577696431960779,0.19255690662245092
8212,3.148066360964085,4.579925552079643,0.008573714111856595
8213,3.1434191224738863,4.585077413529355,0.0007485826473831858
8214,3.1392675081718817,4.579567913591333,0.008044575882046595
8215,3.138207403605716,4.582589130394734,0.04488287286023145
8216,3.1474473933931324,4.60072624864752,0.009137354444216953
8217,3.16121617803268,4.623153108316887,0.04309966176764953
8218,3.1653949832859536,4.623704243008108,0.020980972376532417
8219,3.163599046424416,4.619338605418885,0.00303633073063996
8220,3.169447666453185,4.6319535061421115,0.006791490147826736
8221,3.169010953665413,4.639716265068057,0.02306698267998627
8222,3.1624830642521853,4.630248976987943,0.010005855180404899
8223,3.1590357700981646,4.6306769484163475,0.019353454205369814
8224,3.151424005929058,4.612760887365668,0.024947417462051164
8225,3.143111678761128,4.598406647017055,0.02971211213010394
8226,3.1412338513295643,4.604964570823563,0.0008686551881802293
8227,3.1461214926905456,4.614684088496258,0.002021986034487162
8228,3.1511515922422277,4.6193897597038065,0.028599433869939146
8229,3.145601561870997,4.606208280119446,0.011844194976675904
8230,3.155050607126844,4.625189024324741,0.03212066181232567
8231,3.151909004650151,4.622285887121977,0.003889893572020981
8232,3.142899599694989,4.603544684746411,0.007491408405374904
8233,3.1471063441128497,4.61135042085992,0.012582439411553245
8234,3.1436174690804277,4.615044544104801,0.0006568450453890019
8235,3.1443181812357235,4.623961687559147,0.003342115604829821
8236,3.148488433255047,4.63663181780248,0.019439816385874185
8237,3.1490109507616815,4.634998120095268,0.006243998644369836
8238,3.159273296229424,4.645454328762432,0.07742997937456436
8239,3.1556829759983165,4.633950458549078,0.03573216548946326
8240,3.1572177956175245,4.642580312801743,0.03334562568996746
8241,3.1505276057105767,4.631479320354425,0.009970403816093069
8242,3.1514179344508797,4.627780410052466,0.13773130861836871
8243,3.157767703663031,4.63764903685947,0.005761184690057153
8244,3.1576179276987184,4.645722377541889,0.011719360850214303
8245,3.150872887172086,4.629093318420663,0.007380322098245082
8246,3.152185022897795,4.625721108073408,0.024308062797636223
8247,3.147023025254631,4.6202313210011905,0.015196085193841805
8248,3.1493517140466167,4.63045653298629,0.012860739115550943
8249,3.158071281719152,4.646871668399918,0.03627334318670858
8250,3.1588575442984017,4.642718320414552,0.01653835053086116
8251,3.158784325675125,4.636754660850078,0.008299112138193879
8252,3.1605202568883017,4.64489464561304,0.0030184886856944697
8253,3.155155203051097,4.629299764046261,0.016504607705439732
8254,3.150084711842929,4.6155675477073395,0.010119666450642733
8255,3.1540513227183777,4.626156867440291,0.01606851144757299
8256,3.143279397052081,4.609405678100724,0.016787770452376158
8257,3.1429310794017,4.605194097143015,0.00628429616945694
8258,3.1395749935813955,4.60595883551936,0.035940227876788196
8259,3.1361534207925565,4.598302513544908,0.012281399420047842
8260,3.129240674690888,4.588293368148609,0.00816270062305272
8261,3.1284409005678397,4.587648919370307,0.011211901759440864
8262,3.1227062618236725,4.577635642042198,0.03718661004786285
8263,3.1212196445757865,4.576979108427922,0.013473738273650988
8264,3.127119602332949,4.5866207394117104,0.02368913992334988
8265,3.127878817015958,4.588845366672978,0.0030080280571694313
8266,3.1193336218333036,4.574578195590458,0.0006648986275427169
8267,3.1261504879837374,4.583157805389061,0.013080535417118096
8268,3.11562883308264,4.572895269482637,0.000210198914328219
8269,3.1215908445157163,4.578485203413118,0.05876797136985848
8270,3.1239029918403958,4.57615819874974,0.6100745367973113
8271,3.1287349836021634,4.587533365694997,0.07809723275006733
8272,3.129797471903226,4.58984758960127,0.0008878068491729074
8273,3.1223767391091317,4.574634620164929,0.005211320000072931
8274,3.128943863465882,4.585483958068737,0.010245969832319636
8275,3.135882527019797,4.597591065372266,0.012891085836540916
8276,3.1302612989512992,4.592494517457964,0.004962906412513589
8277,3.1300339581749177,4.586081309758357,0.007864608136150218
8278,3.1202932869448192,4.570497562895141,0.0006976683553055501
8279,3.1167705157697974,4.572269048430021,0.01242708103199812
8280,3.115318467493603,4.574976271827403,0.01485488582762337
8281,3.118565205170019,4.582650012665617,0.011243773541107619
8282,3.1201740372335345,4.589534075668719,0.05119640804958298
8283,3.1142968338809407,4.575867121114923,0.004877538495709157
8284,3.120008803265966,4.5885945658173375,0.006561944933558347
8285,3.1264984259131574,4.600827355589744,0.01652565134501888
8286,3.1220384727417714,4.593482925177617,0.012964178850391094
8287,3.124548112893648,4.601178924527405,0.006964647939269004
8288,3.126793610586718,4.604336431067733,0.00869486160604855
8289,3.123440269978189,4.59372847547334,0.006049387287814732
8290,3.1265291371688435,4.601544765703745,0.019109418968369738
8291,3.13115166609458,4.607335604669993,0.028231065091482085
8292,3.1194319877255325,4.594461413932224,0.010510605767052867
8293,3.120563230488955,4.6025250546368355,0.0005085101903009757
8294,3.120331134594174,4.611490354751427,0.0008639093535707207
8295,3.1147626293583857,4.598461447931267,0.010990325284975969
8296,3.1037452064508506,4.583961798664505,0.011774051407497538
8297,3.09688368622681,4.568911043273848,0.006843027408576516
8298,3.0972912902248178,4.577212797184821,0.008960667755844606
8299,3.09038802273203,4.5600397681024605,0.02366203299822621
8300,3.087393884463365,4.56753352673034,0.0006877468957370269
8301,3.0942003468756045,4.578327383533017,0.02342808991390064
8302,3.0981443415793466,4.579956686463944,0.011016527695905188
8303,3.09671224599203,4.578547094891177,2.0332929611053148
8304,3.101287242801647,4.586337381605289,0.024523633368217654
8305,3.100902356797549,4.5848398970172255,0.013770862300853993
8306,3.1000311380409573,4.57948463911819,0.012883398782729049
8307,3.092944297027231,4.5693814426433095,0.00992812495449468
8308,3.0904343003380035,4.5640951001258285,0.00851499191726767
8309,3.085367526658185,4.55114379006693,0.0047664865753937365
8310,3.0885458108288115,4.553525430420242,0.00973740597765605
8311,3.0924966020760434,4.55762773578242,0.00196413120136779
8312,3.1012071881533494,4.571602504120362,0.052237966297872786
8313,3.1021952633494494,4.574345595369811,0.004098199933117893
8314,3.0957413829300444,4.567194332804281,0.036732177407906526
8315,3.099332071112946,4.5744069227082855,0.01563977353722472
8316,3.103017051007012,4.575862541564788,0.029812939060575416
8317,3.1056261367485973,4.577552132685876,0.03722033993102871
8318,3.085343704438444,4.560960877469731,0.00011217712093513526
8319,3.084292317126277,4.553982337031326,0.010113920670790965
8320,3.0885591982868337,4.567453392105579,0.017155923300926235
8321,3.0905252133106487,4.573874907357163,0.01566574058681119
8322,3.0900773355551654,4.568139173530139,0.026526118257883567
8323,3.0873914108237215,4.568977701113295,0.02733332588212297
8324,3.0815959042518033,4.560984394576186,0.0005206564752738849
8325,3.0755703362568294,4.5550056493326005,0.037845809459935306
8326,3.0715130055313216,4.549594311102445,0.00039179261500620294
8327,3.0674943687824725,4.538414988679554,0.03691075114096282
8328,3.062859147832243,4.526592121095246,0.026480532959718098
8329,3.0620785947024562,4.5262418551097685,0.0024254560646986808
8330,3.0538577836181893,4.512257331311058,0.01682058245971247
8331,3.052642776989373,4.516754390750079,0.08504637251295322
8332,3.0473587798262387,4.510773045753043,0.0003341326240826735
8333,3.0417815526157796,4.507790613513706,0.011943711330574525
8334,3.038345710799712,4.501344938059958,0.012357001963192745
8335,3.0396852909759993,4.499521674902256,0.03795544759713066
8336,3.0324780782328355,4.489414891446354,0.0011968004812697407
8337,3.027486912901906,4.486722015901095,0.005856179381474597
8338,3.0261847126497594,4.485726360018898,0.0015853815504990514
8339,3.026352793061138,4.4915793379505216,0.026485408678114494
8340,3.0324436205169354,4.502128271551584,0.034529170665527124
8341,3.039630735685421,4.5087635028780415,0.026257871878429245
8342,3.0391021516158263,4.507959077842135,0.008205356332368605
8343,3.0357751650588773,4.497920670046161,0.03464055920082404
8344,3.0421962668447255,4.511660935458805,0.3300776467339049
8345,3.0439228907951987,4.5105962273301765,0.03338391030724905
8346,3.0488814678445513,4.518928843060597,0.015393870061788911
8347,3.054465525695459,4.533616843212246,0.05106723318433198
8348,3.0512504837617134,4.523443219948059,0.048691964438364266
8349,3.04803860280026,4.523338786730743,0.03422403812073334
8350,3.0500494488009777,4.5249390165678545,0.0872369001226019
8351,3.049601664615,4.53489956231447,0.0008800627308821685
8352,3.0506653262673677,4.541560193362278,0.006005238003332943
8353,3.0539750131720074,4.542389978482269,0.00917179195803417
8354,3.0585156373806845,4.546794540415633,0.011988423093097923
8355,3.0623490248226677,4.55812814461311,0.03624321912455477
8356,3.06641367443819,4.568755263660059,0.08027871073580725
8357,3.060379017148486,4.5537480971130435,0.007075407535337652
8358,3.055143685734498,4.542914292940776,0.013354303348513428
8359,3.049589390129198,4.537070303038595,0.24154905609233965
8360,3.0554622971873635,4.550592696242349,1.432465474469741
8361,3.0432873841949437,4.53335383531069,0.014559544065546376
8362,3.0400474908654567,4.535443771452949,0.0005076397154502995
8363,3.031570857950808,4.527311781914008,6.542686238291858e-05
8364,3.032060457316581,4.533325104757029,0.008539269111368005
8365,3.0412781689019623,4.547709490109437,0.007153911287852248
8366,3.041504716210535,4.55337895279885,0.004894670119369157
8367,3.0351518239525532,4.553561928926349,0.0006737363986189125
8368,3.0400378462010664,4.556480901236173,0.024892692628486535
8369,3.031789512840851,4.547038144083846,0.05638170694412434
8370,3.0272759499428408,4.546752643116336,0.03652903998125734
8371,3.0219233721356678,4.535429952052135,0.03560938717477112
8372,3.026633464100369,4.545865444767247,0.009487157911289372
8373,3.0210000010013505,4.53075297911665,0.005574082778608845
8374,3.0114345901668367,4.518031569740467,0.00031693658512317444
8375,3.008727422302574,4.5087913979511285,0.15507531425991358
8376,3.012232823587921,4.5187725045597436,0.0391590846213401
8377,3.007356880517627,4.51333732514516,0.19924323407502542
8378,3.001619196651039,4.50676565189933,0.001188344361845164
8379,3.0018848958929807,4.509575233974005,0.001527376717617816
8380,2.9944928631028707,4.495154692290135,0.032561400622611945
8381,2.996377799350157,4.495089224166874,0.013003474064476233
8382,2.994772306440891,4.4907964773308775,0.022657445544968315
8383,2.9911711304470012,4.486234108373984,0.05482845770653168
8384,2.997901482458697,4.4994294590133395,0.005873004085526119
8385,3.005508669925753,4.515011820304345,0.007749821422713535
8386,3.00804362206985,4.520884920146629,0.004616197457520575
8387,3.0047101195068304,4.510937758646093,0.07816475208140643
8388,3.0071797210950963,4.516431649693956,0.01911956816236996
8389,2.9989630323394776,4.503129023687923,0.0007878788782819051
8390,2.9996131662472902,4.500666897452171,0.017189008247488844
8391,3.009465045683356,4.5161415891307355,0.040880823550894875
8392,3.0133962883679404,4.518595175298452,0.043606876436814775
8393,3.016592010690312,4.5294691853671525,0.34015057580065233
8394,3.011362110293621,4.520677325331141,0.0006370267822608116
8395,3.003159627345769,4.510626211625597,0.010689990256797136
8396,3.0015937246674724,4.513585290532964,0.00047598066179613876
8397,2.995216824732798,4.501772702622674,0.11880713923059777
8398,2.9905273653547844,4.496772219096084,0.010489583825852791
8399,2.9932162817987473,4.497723483822914,0.01251423393911648
8400,2.988269877125857,4.495493719375408,0.00704845598194787
8401,2.992472969473003,4.500976281841683,0.07234753884842524
8402,2.983941696163424,4.481954930054462,0.007907264227899214
8403,2.99223160340772,4.501452916977249,0.03740807625842579
8404,2.9886169459818777,4.497857178693322,1.7696929716026613
8405,2.9930358873314695,4.502145940812592,0.04271706464569177
8406,2.9850026428654672,4.482715359742278,0.005986890005056979
8407,2.9783768886399984,4.474986204896764,0.02475417666052436
8408,2.977436579098402,4.478322357831188,0.0009050969581303963
8409,2.9788148399368533,4.483435486311873,0.01739633226693297
8410,2.9798538414175315,4.493343738991682,0.008443729997817341
8411,2.971788840713037,4.47374647261057,0.012282089613614329
8412,2.9788317715712433,4.490205490772693,0.03444356451483217
8413,2.9875334690897017,4.506924623124604,0.05593809180856743
8414,2.9857487788695405,4.5108768391716,0.000339632880662221
8415,2.9840405462352004,4.509718600250498,0.012398110718656988
8416,2.978164441578717,4.495458934128323,0.01722280956449401
8417,2.9715333394524843,4.485594138292355,0.000826828714868333
8418,2.9683576554116247,4.487572366568805,0.0006101474012990696
8419,2.975461952791332,4.498563229441541,0.1949803584567136
8420,2.9763661324899138,4.4957266312862965,0.009549978849782113
8421,2.964775204131115,4.47791582137432,0.009794512845050207
8422,2.9660853119024293,4.488103425224521,0.004782068235634076
8423,2.965722011305362,4.4850609579212355,0.013637501096585836
8424,2.959732947308444,4.486773404332022,0.0001867562215706128
8425,2.9519329459514445,4.468520933669945,0.009016090770255376
8426,2.94872295135425,4.464988518022068,8.254404339743612e-05
8427,2.9537939062438925,4.467818507763587,0.012684813188950905
8428,2.9541741913486197,4.468913387934737,0.001948839448783317
8429,2.945901876352076,4.450034787855777,0.017203093102271073
8430,2.9476529688025375,4.449332195852978,0.011588357358969526
8431,2.9428619116842945,4.434766447940134,0.0435565564963909
8432,2.9425125795571505,4.432049446275177,0.017076385415232712
8433,2.9423487195748246,4.4391088793176205,0.006180497400545813
8434,2.944456738870305,4.440713766795765,0.16473591449382152
8435,2.952508209288594,4.45898143845891,0.002901928127449475
8436,2.94723355485715,4.4465848408326645,0.008514693658927678
8437,2.942576059601764,4.443693988104771,0.009362521076766765
8438,2.9456602040557285,4.456353394367673,0.007107270257790408
8439,2.945741739758842,4.451220835034785,0.0066061857119005815
8440,2.950298868089371,4.46298442394294,0.021368708652797802
8441,2.9504329983474276,4.4679382271033425,0.0861132865758489
8442,2.948687481976222,4.461337892024613,0.0302328795944433
8443,2.9385398176302777,4.4468742933831304,0.005577018146289137
8444,2.9374706653854177,4.449087467153218,0.014690348087908069
8445,2.9284158158535782,4.446509544603214,3.340138432178769e-05
8446,2.927198593696671,4.452806284903989,0.0008591530525341557
8447,2.931225695804155,4.455999888215051,0.01768864542574179
8448,2.93721858682276,4.4729856596341975,0.5023722036235657
8449,2.9391267956197438,4.48127487859198,0.0006236172932451829
8450,2.9300275872542882,4.462203377553387,0.004818461664284465
8451,2.9273349938316113,4.461218476996519,0.015218944084379482
8452,2.931136290514076,4.47128544172136,0.015828392420771557
8453,2.9257719014350383,4.455198803819203,0.009033182349644767
8454,2.933943551359985,4.470948220156875,0.009115536758953845
8455,2.9321313854938174,4.470911340618963,0.005373693061170028
8456,2.92545228685928,4.462715154576308,0.06665323530108477
8457,2.929257716365751,4.474992782506583,0.17709879164702025
8458,2.9348673371215845,4.491335908025131,0.004783462685111748
8459,2.9255944720997418,4.477570079456496,0.005026822544522238
8460,2.9274129509104196,4.4729001753709525,0.03472611304976009
8461,2.9171105514292726,4.45549748049749,0.0007048769780384786
8462,2.9152073176330817,4.455442330011992,0.007931984363107027
8463,2.9094432485381403,4.459359786651612,0.0001507586472242892
8464,2.904939873855135,4.463575710556631,0.00017124063654198884
8465,2.895666336576281,4.443796582435219,0.008576459091687107
8466,2.897673359037811,4.444007237125472,0.015604173134267946
8467,2.897050517417496,4.455597331009481,0.0007297664539793183
8468,2.8900807518121385,4.445623987971921,0.14411724025779207
8469,2.883246386922651,4.433894238505741,0.003494189474221081
8470,2.895728712870406,4.4545792172105845,0.022112899872131823
8471,2.9029460865005223,4.466792603310742,0.009739143080332746
8472,2.9006130601145728,4.458844895513879,0.01306894218816421
8473,2.9057428791151,4.463121405385597,0.015219788461666895
8474,2.908024266852841,4.471834743469443,0.0033040098624752923
8475,2.904819168547607,4.458590966296151,0.019779108241102204
8476,2.902056446766589,4.446935015127162,0.015055563212088043
8477,2.903988062119226,4.449416929323524,0.007443952238251077
8478,2.902629139611322,4.452155079014143,0.00920340181393486
8479,2.9055489936490675,4.460345861239516,0.024722498546163308
8480,2.896561892508109,4.447534626116006,0.05566609311966214
8481,2.89101532073743,4.436722670619562,0.1535294835773739
8482,2.8895953358275044,4.431102741452402,0.02189704596582766
8483,2.8851271543331602,4.4237877635430625,0.009879591921141812
8484,2.8756909791050855,4.40167811511181,0.004847428660532061
8485,2.8793418240455795,4.414671205230688,0.011842465952022941
8486,2.8707198423667393,4.395941292258111,0.007798175520110677
8487,2.8718349695909176,4.3997579765118715,0.00945648076493292
8488,2.8673814154892407,4.388726095998426,0.007079908155468428
8489,2.8673401185749494,4.399402073444884,0.0008907162744328027
8490,2.8685780442647704,4.394134258591934,0.018341907930673803
8491,2.8756663796178006,4.406070267454261,0.25727369405155526
8492,2.867242627407122,4.3933852682183785,0.014129254584461999
8493,2.858162474607093,4.378574367877996,0.009646607928511696
8494,2.858771371571281,4.374114033157529,0.013992023798224005
8495,2.8562208975535084,4.366899683244641,0.005256859490132703
8496,2.8439994455990587,4.34656573580934,0.041758795252446156
8497,2.8421892770221744,4.347156391689541,0.0005174131699315059
8498,2.8419802040387,4.350198151633539,0.0007869156866319544
8499,2.8448895506714127,4.352297862088695,0.02081416745754519
8500,2.8510092020768703,4.357346184957239,0.02669641101446137
8501,2.8497374824841275,4.357486515209536,0.011435336116043334
8502,2.8447730460340064,4.354793160138094,0.0108073369898303
8503,2.839634556546419,4.340629243551576,0.10408509709234819
8504,2.840725143885851,4.339196939751005,0.039989949355526064
8505,2.8350839649197574,4.331616008187585,0.00047580748426300537
8506,2.8324773237293543,4.333001491029704,0.013066105877701795
8507,2.836823594447811,4.346179047030953,0.010370606347777216
8508,2.843955590540555,4.3607314099362116,0.0018441054281272808
8509,2.8487065458139167,4.37361423912057,0.0531944681794376
8510,2.8434616339878906,4.3606087261261255,0.13647992670946055
8511,2.8374210552460726,4.347432967887649,0.005503977308472559
8512,2.8427777179037617,4.361898219178825,0.0072272609629979705
8513,2.8410501736640907,4.361778440180366,0.04140640235874774
8514,2.834112756270842,4.349851553812517,0.0013850243377073932
8515,2.8279145364186737,4.344366006368183,0.01596307802986865
8516,2.8215441248272297,4.336797465634646,0.00028721217795281753
8517,2.8220078481650406,4.33965979754311,0.00229284359445505
8518,2.820537627999363,4.335127552724728,0.0024311950399698054
8519,2.819170653011858,4.338488583029625,0.010092601059533666
8520,2.8199248044430094,4.34344269724409,0.015226990646248996
8521,2.82847327079197,4.357497464568569,0.04300967654316869
8522,2.835921422235474,4.370713336606059,0.009118359349225386
8523,2.842119904737756,4.382277891825465,0.01216760982282341
8524,2.84193231893964,4.376086074728418,1.0245559932436987
8525,2.838521836300292,4.367158342462329,0.009272591136473904
8526,2.838982214819463,4.372682685198313,0.002578506152256669
8527,2.836907891399583,4.373063589767891,0.03506468364495004
8528,2.8324501382541816,4.360560785347869,0.014842577526825468
8529,2.8283552326440433,4.353205285969066,0.000913764709005068
8530,2.8178917269641266,4.340301338326859,0.008054343675276686
8531,2.817712118602744,4.3413172628601915,0.0032505151583514555
8532,2.807110822251745,4.323135874600148,0.02568396691623379
8533,2.8031650438963545,4.314510225529029,0.004952339609150262
8534,2.798278938883869,4.309619298145934,0.015492793361530413
8535,2.7943121397592217,4.307679572700967,8.847353659772599e-05
8536,2.7931148090330815,4.308352778654983,0.002615932395383541
8537,2.7912967284640864,4.3086969564994195,0.005737809356833147
8538,2.7936864257457508,4.319408511992932,0.015436493068935488
8539,2.7914741460052035,4.311767312047572,0.02002578099625594
8540,2.783216996141476,4.293587403757577,0.01497450045562583
8541,2.7913044951663486,4.3102999303584815,0.005370596685717047
8542,2.7979795765204085,4.319824529602357,0.14869910393565933
8543,2.78954664952239,4.306135037179577,0.03530555292791052
8544,2.796719731454378,4.3201576349631585,0.011219221627173351
8545,2.795140572177678,4.320860421628744,0.0478883935032138
8546,2.802046411231161,4.332393944410505,0.010779730062408491
8547,2.8051070184323827,4.334704303449739,0.03894516892020503
8548,2.8037290222040006,4.337403512332466,0.01756702077847861
8549,2.8148445050813047,4.354311983663033,0.011930391692857503
8550,2.8149158946376653,4.351429574785332,0.0021904425957398155
8551,2.809976387238792,4.3450807032432435,0.006452147140976767
8552,2.8210482484323225,4.360748742775429,0.025157855230299144
8553,2.8178492820584857,4.350936399259995,0.03876020095290978
8554,2.8145513706953933,4.350019462099163,0.0004917521779209723
8555,2.811771252000591,4.342159850790184,0.019773798633208224
8556,2.814307009838206,4.342300273961757,0.03474593426018711
8557,2.804407649126979,4.32598665764827,0.012551670384384296
8558,2.7923863168748824,4.311518026807027,0.018035151707747728
8559,2.7957346152276,4.324247840384056,0.00781863267455456
8560,2.7957843396434203,4.3195579853952895,0.20878684631444552
8561,2.790901560510468,4.317905811814104,0.0007934808172297427
8562,2.7881007253275887,4.318397069116242,0.03596209922899059
8563,2.7917092006930653,4.328351205694086,0.13284609773829606
8564,2.796375494403886,4.3327434081365634,0.020280393877594123
8565,2.79920351383047,4.341720049160868,0.008285023605555676
8566,2.798708560943387,4.342214440247574,0.00019839171117142423
8567,2.8068889223611047,4.359770789766434,0.014393700278003045
8568,2.800281029677664,4.350277975204506,0.0013810213210363694
8569,2.789269015455969,4.330476860518897,0.0201041835590917
8570,2.782634247374559,4.322517272248402,0.03143788193620623
8571,2.779899412681483,4.314650731616541,0.01816685717248365
8572,2.775482975718988,4.30501170891001,0.025088074239891893
8573,2.7684549655658457,4.289650649863606,0.004783358120330952
8574,2.77599407667709,4.302130154531261,0.0135348589699365
8575,2.7798800225258984,4.31539081051906,0.09721174015684864
8576,2.7814663171569443,4.315734476544175,0.04472559666995702
8577,2.7796840294451313,4.304579272133759,0.01737233346616284
8578,2.77373162815369,4.2971363685974895,0.9819989634356887
8579,2.7758632359787963,4.305354273082917,0.0056238814864799655
8580,2.7866634137379482,4.323449153705437,0.08558597028672141
8581,2.789527619541974,4.333017945236881,0.005278152704865399
8582,2.794852705407826,4.3492615307342355,0.04836235426602526
8583,2.789040325934028,4.339267112190128,0.031711768498029404
8584,2.78552491178814,4.328719112531483,0.026099582440681415
8585,2.783086005501849,4.317692397855338,0.016781168153859327
8586,2.7801016553978055,4.320813252619055,0.0007390979145881899
8587,2.78705642766875,4.338942835760372,0.0644775680067658
8588,2.7896171506454652,4.34362264939502,0.003636883561244804
8589,2.7921405116148734,4.3468941263925975,0.002319893221513134
8590,2.7848754809236667,4.328039530983709,0.12643998247860497
8591,2.7921365737793105,4.343229983798086,0.06749363869922136
8592,2.7900821310496995,4.348474289733577,0.0007508154056888605
8593,2.7793627710670283,4.331116969106845,0.007700101795142308
8594,2.774484192214081,4.33091827636172,0.06765619049741231
8595,2.777649454613513,4.328775787150385,0.013888647773879296
8596,2.7830946230388256,4.344741672488333,0.03191446365089318
8597,2.776688112565451,4.328718927120943,0.01961521339307641
8598,2.7741980412908345,4.328104034466741,1.5594317660699966
8599,2.771113502120754,4.321045936266395,0.003023414500040834
8600,2.770418826633548,4.314301192250416,0.03199159778789059
8601,2.778065393191813,4.332967697921383,0.04859713708799796
8602,2.7877969430988823,4.348865869464767,0.0169374321117935
8603,2.7935040768560815,4.364084801303185,0.18624657532273597
8604,2.791799547090758,4.369253271513147,0.0016569704576412361
8605,2.7928009616924574,4.3648433128407245,0.18620534756410065
8606,2.790012245769422,4.364478390664949,0.008199287483671847
8607,2.793839247364332,4.376071183245433,0.0012585991080048362
8608,2.7907597560347295,4.372653650100624,0.0012637293954592807
8609,2.796739934504269,4.380835426970023,0.04623106285378262
8610,2.788321163221908,4.361595418599547,0.011777329545432482
8611,2.780750966978367,4.342157875654925,0.04280519865049882
8612,2.7780173690355134,4.331855523013912,0.16920725586046728
8613,2.777182269537323,4.3281675737947785,0.005450514028340911
8614,2.7842629636510416,4.34242524089798,0.010536139911192465
8615,2.777876724181789,4.3325535387777965,0.05271151882926207
8616,2.767867373070583,4.318799511033535,0.021641643430946274
8617,2.7750573699987506,4.33254949934345,0.006612271485671972
8618,2.7727737762772398,4.338687828827068,0.0009169478659235016
8619,2.779174844564043,4.354055667120541,0.022140833689468318
8620,2.7784014898873126,4.354577919068369,0.0010712531817951719
8621,2.776987408304697,4.348561718343661,0.022870255506526008
8622,2.780694332275571,4.356065678313785,0.018155788747591564
8623,2.788574402680928,4.368747710649052,0.026865481453061148
8624,2.7914695937028555,4.378596985718964,0.0016436162721884073
8625,2.800770413653848,4.389372863234202,0.07046787166491689
8626,2.7978860897351634,4.39122303372688,0.014082733070917217
8627,2.792065766942661,4.383973963999688,0.0026295827676913017
8628,2.794648290373507,4.389684437991617,0.00324342643902149
8629,2.7928623099224903,4.3920853595524685,0.004583334747948566
8630,2.7933603533452986,4.3947844434033,0.0019782624066746733
8631,2.7864458673493226,4.384290830601078,0.036609965128374035
8632,2.783755754372714,4.384217262294431,0.016882452856823753
8633,2.7871817343132315,4.3938379487892725,0.0024320236924033683
8634,2.7909415398873936,4.402587523355929,0.002217740676336975
8635,2.7915083951922885,4.400734102438295,0.013424595580190987
8636,2.7866815453635123,4.392550735621549,0.021137360354397568
8637,2.785853325123622,4.393269357682873,0.0010086545766927755
8638,2.790873377000824,4.397987264309581,13.737684134610632
8639,2.790258181485393,4.401871340605673,0.024538480980421756
8640,2.7857664526097414,4.397910656679344,0.0003678780513279632
8641,2.791658079344346,4.4040391891363635,0.3897838193815735
8642,2.7834726349787773,4.388920026327847,0.026715478077966898
8643,2.7801927438427723,4.3900502767156775,0.02376718098536265
8644,2.785594231982196,4.399615706441105,0.01111291128801319
8645,2.7900666970968064,4.414012608152047,0.1440763289568113
8646,2.7818249284735588,4.398585531142954,0.0008850466505435917
8647,2.7775508621842078,4.38645313365198,0.022685760162052704
8648,2.7737228880809304,4.382922675710011,0.024850838931903502
8649,2.763968081743137,4.366438008084035,0.041535714229107665
8650,2.760340555443553,4.355911697676446,0.036219606658526256
8651,2.754978950087633,4.3480185291705595,0.04440914283123152
8652,2.757517561424895,4.347133532775178,0.00984150662636912
8653,2.750417963412637,4.329929171733618,0.03080195545415553
8654,2.7608815499300476,4.34898021042564,0.015368894156953878
8655,2.749784701522771,4.329468175830172,0.06867409468406421
8656,2.747063931125451,4.319314457735482,0.02142285787213127
8657,2.7589770803014346,4.3377298617605655,0.06785467087736738
8658,2.763763357760564,4.343376445789774,0.07514808277538074
8659,2.7668995339234104,4.342941953889841,0.014639283231091116
8660,2.7590788894722516,4.328197008551255,0.0010352059038390487
8661,2.7546081103377906,4.3288772003419735,0.00021816923845036724
8662,2.751817771944,4.326279174419265,0.1905237611104513
8663,2.7493460995766603,4.323686751820489,0.10215607730117975
8664,2.756992710696456,4.337993108447688,0.017482224305464263
8665,2.7644597754373175,4.346478647583597,0.04389205663079101
8666,2.7654522927693446,4.34925873427601,0.010772151789435412
8667,2.7594250187199663,4.334475647668393,0.02510414916221697
8668,2.754052246305889,4.321464249921427,0.04569732982578537
8669,2.754632818967098,4.326009109173504,0.000777705374215485
8670,2.7570493223894514,4.3281544549383595,0.024569738042851338
8671,2.7478955510849152,4.3190567869384076,0.027614979686708747
8672,2.7534547113209746,4.32613837369009,0.009442405390052557
8673,2.748487208329424,4.321960540309477,8.68196013909925e-05
8674,2.7509988662662286,4.322978284385253,0.023371472637954614
8675,2.7448825172250455,4.308522321987224,0.005059272769218247
8676,2.7494854217369586,4.313722792546665,0.009811588393980554
8677,2.7464706750299492,4.311271664349258,0.005931286112752173
8678,2.723607189812278,4.288027606731181,0.00012088884191327038
8679,2.7175734342572793,4.290594272619256,0.00015618419544530658
8680,2.7162273105651895,4.283545771149408,0.04225991551995398
8681,2.7101078362229902,4.267492997524944,0.006758594637763276
8682,2.7055986382300605,4.2561621375432015,0.011108513836049489
8683,2.7005957904453584,4.251733627686581,0.017239915870505558
8684,2.7022364266648835,4.255613950365016,0.0012290482336139396
8685,2.703316791554212,4.251535424841565,0.07323098406753997
8686,2.707684634326581,4.261341788614839,0.032935509893024406
8687,2.7091811356047906,4.267761393622313,0.002321021588619571
8688,2.703369836072617,4.2534464794663105,0.037897771781798484
8689,2.7058424377875445,4.251759768859403,0.0114504961952492
8690,2.7101487525502446,4.265025444158188,0.039458461408892774
8691,2.700622912733174,4.249878681608809,0.043274287653082104
8692,2.7090436196611747,4.262768810945692,0.03626510797679494
8693,2.716364725128938,4.275413679101548,0.026226839369059847
8694,2.7138050129497344,4.276648141446085,0.016833450619088572
8695,2.7146439701546745,4.274512443619043,0.01017492128890866
8696,2.710356919804333,4.278207302309271,0.0008742995892949771
8697,2.714417834498527,4.281664371104979,0.06550909832074894
8698,2.707693929105302,4.277479655215607,7.642704466119841e-05
8699,2.6987333009808125,4.2641617748024325,0.0170353499257464
8700,2.7010605489081856,4.271635656803314,0.00036751051679199986
8701,2.6967717232213135,4.266935808897771,0.06375253556211087
8702,2.6941693471500923,4.257452177513336,0.035045129252038835
8703,2.6987625519399647,4.270068621481892,0.11145929581761316
8704,2.708591120291966,4.284481612554655,0.02097080698866721
8705,2.7015135603866622,4.282724327484012,0.00010063755357172369
8706,2.704882184499158,4.288326942574395,0.007120675515795067
8707,2.702205222936642,4.279994741277391,0.004240688430833398
8708,2.69840652580241,4.269944957672089,0.059843274998794604
8709,2.698233438543415,4.27414971811283,0.6627066273613992
8710,2.7037291480126306,4.289344486230062,0.12191108818660801
8711,2.6996536529158797,4.284818413835008,0.038420743287342525
8712,2.7062957276819244,4.2978372602069275,0.014111490972284856
8713,2.7078001906120965,4.306435075247372,0.0034775853516857864
8714,2.701639424125185,4.290736022297767,0.007064714604296198
8715,2.6972079790076084,4.280597673504924,0.028323935621038007
8716,2.6919341526398086,4.2744272302945525,0.020320634960540474
8717,2.696576876646256,4.289475554404712,0.02431994200304733
8718,2.6942669632477854,4.2817161950096345,0.010005258233894112
8719,2.6936537515195766,4.282782690336332,0.0016748856107573424
8720,2.699728773859009,4.297784533269276,0.029999494827149933
8721,2.7000170758995563,4.295064279760058,0.0055701866645751575
8722,2.695816636708716,4.282108096277629,0.020720426798999107
8723,2.689931294478084,4.266367591106384,0.05915515907270448
8724,2.687624494758825,4.269382066798249,0.0017358331086123515
8725,2.685757836124111,4.272585159256723,0.025615687938799186
8726,2.679256494037527,4.255886265893704,0.11111623253244553
8727,2.6813332887717154,4.256331684238108,0.02317034961595912
8728,2.6810975042229885,4.258423583501682,0.00046256524132369764
8729,2.672586687903204,4.23931970736884,0.017543160027966725
8730,2.668301627769637,4.228060219544791,0.02518543208733398
8731,2.6724438455074164,4.238385298030445,0.00825341623938861
8732,2.647767435597418,4.209672541248464,0.00011059939295921381
8733,2.645774566531224,4.213339690998268,0.037990309783672786
8734,2.635823945405481,4.198987356776098,0.01808204921485541
8735,2.6422520067514026,4.204904546171776,0.040018974240371534
8736,2.6415783372753063,4.205703067943709,0.012301792489039128
8737,2.642583872865946,4.213079408207551,0.007109503610204016
8738,2.6480976272339625,4.220066239039239,0.11898284581659781
8739,2.6408354473792,4.211013523731007,0.1308838317993136
8740,2.6481198792899483,4.229948511969561,0.03455307969470125
8741,2.6415802393515095,4.22996798185076,0.00010788633802805515
8742,2.6394920564984217,4.222398145058366,0.06940188096359158
8743,2.641946540738928,4.223738613931881,0.014871591798563228
8744,2.6528524107314264,4.2432898708293765,0.020922664728997484
8745,2.6432048067397163,4.2297271588771705,0.0076946275922237925
8746,2.6392633729433252,4.219358256516996,0.006273820650938548
8747,2.635678585696026,4.206188721710997,0.02572360914512639
8748,2.611223052718419,4.178249618923524,0.0001167766717917695
8749,2.617199900081747,4.192198521943462,0.009960353534831583
8750,2.616423419780066,4.1965365752405575,0.0015065784548547098
8751,2.6241011813032724,4.216284169726672,0.009022863988523885
8752,2.6280807386708425,4.223241252656954,0.005328587155848823
8753,2.620349984454595,4.210403797557004,0.0009063999165501261
8754,2.620911410040138,4.204554265280189,0.05265077630826398
8755,2.61738195389789,4.198923225059,0.01936279405176143
8756,2.6198786319275227,4.200890010987779,0.007693275483479794
8757,2.6226889026578784,4.206284549182306,0.007283464118704297
8758,2.620390607999363,4.202588740693907,0.003606471577230534
8759,2.623895623631686,4.207310710747865,0.022539722915279527
8760,2.6168291077995502,4.196511876514022,0.0112407745984227
8761,2.622292838047813,4.212560043363599,0.010567399054065561
8762,2.6146598202506963,4.20418978066857,0.014090570727711166
8763,2.6100944611917813,4.196282418736075,0.0056952753730304334
8764,2.6094072039531655,4.19563090365765,0.02854562899162132
8765,2.6063426991277057,4.198084483695971,0.0012910454280676356
8766,2.604897712577004,4.189857563625228,0.1289872889407093
8767,2.6059838852217867,4.183692948162008,0.018053605741504365
8768,2.6090400219559493,4.193927558223203,0.005113924895819358
8769,2.608709415624086,4.196108536614017,0.01672340508353999
8770,2.612487206779424,4.2090361743704525,0.010457243930680165
8771,2.6097820514493644,4.203815669469659,0.002232490127935836
8772,2.6092969825590293,4.199673256629228,0.010577197709740992
8773,2.620552285285189,4.217707742050222,0.22446395990126708
8774,2.6146873930569754,4.203288380150781,0.005582389803506344
8775,2.614978999823451,4.209896383261811,0.01043848123280944
8776,2.6226336830525754,4.220270498983159,0.04001640640325309
8777,2.613937584450999,4.207160006637993,0.11381477216107881
8778,2.6212298891564236,4.226511131425212,0.005810783273210784
8779,2.630581365931356,4.248658268163109,0.006445220294152109
8780,2.6256265768558427,4.2436793309047784,0.02958235271726829
8781,2.636617236099501,4.262950007418137,0.013893055825838442
8782,2.6475170140865036,4.281684062305324,0.010010784154964252
8783,2.6506520239810993,4.297361766334703,0.0016046601734735907
8784,2.645502493135363,4.280199287396211,0.02603851559324559
8785,2.635119602349362,4.261934698691136,0.0005758775866545664
8786,2.6375441216479496,4.2648460559341945,0.02616038270831094
8787,2.629231707015377,4.2463239883349155,0.010711202836933829
8788,2.639832429669888,4.265714390289812,0.0602948663898542
8789,2.645944028976449,4.275401407430712,0.008105150294565207
8790,2.6458650937188835,4.281644746554995,0.0010676318476674962
8791,2.6510561853313814,4.296901206924936,0.007571955903321856
8792,2.646272524689534,4.2931062545632726,0.024895214551495695
8793,2.652427071846548,4.310164956981988,0.04123695299786749
8794,2.6477700550528,4.29592575761288,0.031772235847377685
8795,2.6516249169218393,4.300383777947401,0.006567577993176213
8796,2.6462973172255233,4.290189918078976,0.0033604393099198027
8797,2.643318839172064,4.280663412513128,0.017375830622393503
8798,2.6439965438117685,4.288967431846802,0.0007146604101639162
8799,2.6292860070373623,4.26930357619481,0.0018179282909433021
8800,2.6346407988113216,4.282497108262611,0.043193316572930844
8801,2.624217864844814,4.265868725322949,0.05410243917834633
8802,2.6151409413501194,4.2438542543012865,0.021978882204579848
8803,2.6067693373947782,4.223677595455448,0.01627734935931422
8804,2.6064957523186223,4.229547970542161,0.0008665951174987108
8805,2.6022874103016007,4.225009548571106,0.008797745927814958
8806,2.605958447650772,4.236770670627639,0.12968929553000122
8807,2.602828865927535,4.238019431093235,0.0007450418687987809
8808,2.6026953559368233,4.233744292839713,0.013002848505070361
8809,2.604016542459713,4.239658530676223,0.008505159777066559
8810,2.6056827505291205,4.247602822336526,0.4201086479555217
8811,2.6036466921474983,4.247718580504198,7.397465154087871e-05
8812,2.5983292667241478,4.233635636884425,0.03781736109171429
8813,2.594535181226111,4.222305312291067,0.14965385685217153
8814,2.5890533496341392,4.225031199386211,0.00016116318086931426
8815,2.589236470813314,4.222728241440937,0.011697050651757069
8816,2.590097498807466,4.231690739296138,0.001244461524733596
8817,2.6009091999314116,4.248460463240468,0.029049175144425548
8818,2.612722712550945,4.268608111744385,0.019103545480478542
8819,2.6047541006576678,4.248052797080832,0.002503556636979528
8820,2.5955791955064322,4.229174672065106,0.0379968268856791
8821,2.5915553945152827,4.216149093256397,0.02223512770801191
8822,2.5985856787474098,4.234084985017527,0.05383382918136434
8823,2.600853503480642,4.247194844564496,0.001778477489783308
8824,2.6002607944800946,4.241091741599162,0.05503424006846781
8825,2.607382065072305,4.252972746128482,0.03495403116497479
8826,2.602482018828777,4.243248165656431,0.008088360107271106
8827,2.592620555649527,4.2211044131208,0.021037428611174278
8828,2.5908503423512705,4.222614982074139,0.0066426292932938525
8829,2.5711594306215995,4.191416978535472,0.0010276097475938224
8830,2.577503345406998,4.210283211747972,0.009805290912151056
8831,2.5705419758723718,4.1934963623086094,0.006296533583284747
8832,2.574472366366307,4.200835190172651,0.00810268202294092
8833,2.569097878646214,4.192844658499204,0.012773333638182517
8834,2.566497234967443,4.182650147364283,0.005234996563884622
8835,2.5639304612565694,4.1778241860760055,0.008930564533922882
8836,2.5660184675891333,4.182228009945619,0.0026275902850342015
8837,2.566369550695844,4.181374047300892,0.028958280316767355
8838,2.5626893073460626,4.179526896201347,0.0011938718616782461
8839,2.561630137980187,4.171644455438909,0.025732527608765526
8840,2.5627856556579798,4.1800237593477725,0.001339177305151385
8841,2.563521798485051,4.177439733492419,0.007361382323413824
8842,2.562937727642527,4.17779635242526,0.0024078887890572015
8843,2.5550485458348544,4.164449977863312,0.10691091243911763
8844,2.5584217099396147,4.165795570898496,0.024377174839822047
8845,2.559455655193585,4.171189328059714,0.018936311681721014
8846,2.560391898657123,4.171745552172928,0.0896410058006385
8847,2.5662102183322713,4.1845026580433755,0.007479569746913843
8848,2.564026962750932,4.177361023189747,0.02532249473637586
8849,2.559948318134378,4.16535412252481,0.00872486046832439
8850,2.565405346708056,4.173664655162637,0.025182311250222526
8851,2.5672945305512487,4.176515417262299,0.008335004262780254
8852,2.5742123543884277,4.193758738467987,0.01312220781286191
8853,2.5725396475288,4.18670524398582,0.024666200696352423
8854,2.5691884846556206,4.181264283972857,0.008171093073341096
8855,2.574151031373779,4.195630713662611,0.01045657860370781
8856,2.570104074531782,4.189033357015064,0.016836369705642902
8857,2.5724724174251157,4.189852045055982,0.027763234750145745
8858,2.571816905669602,4.19125849153716,0.0025142613207753003
8859,2.565718822300807,4.187282284807818,0.011403528370692535
8860,2.5560617315692995,4.175314411516318,0.0068081597181890805
8861,2.55469932825079,4.172739311675276,0.004356538033058907
8862,2.5497096612837575,4.163317661989884,0.011222338282803314
8863,2.5473953044622175,4.160142081364783,0.01149854570704741
8864,2.519776395249078,4.126627003333591,8.344929475449377e-05
8865,2.525381939609559,4.138322642341575,0.1830361758197684
8866,2.523092905124701,4.130811504480524,0.02786038978461463
8867,2.530460878030382,4.14332159610007,0.007627499491890244
8868,2.5315604784057264,4.151655531642847,0.004125703667197939
8869,2.5342540795199278,4.158477082734779,0.018724660640586522
8870,2.5273565904480293,4.144765375669847,0.0008887436074910877
8871,2.523924694990689,4.142141019814917,0.00042479189252122093
8872,2.5250225011016214,4.138658727303145,0.07599629104050233
8873,2.509180666629019,4.114392390682154,0.0006523062536315315
8874,2.511073461613834,4.125095946925,0.007798238671247996
8875,2.51880410686482,4.139861061336665,0.016454698753036612
8876,2.5258294150277045,4.156570102639812,0.012074985911921481
8877,2.5181332142688078,4.141840719685273,0.0011490516908081263
8878,2.520484526978248,4.142393116925789,0.011972994823737645
8879,2.5131222350025437,4.124594401402633,0.8237620808844497
8880,2.5087267124617227,4.122020145761215,0.031467578912510646
8881,2.5119258082265645,4.13393772064397,0.007031140564111453
8882,2.508413239058149,4.12920156823077,0.002846896304819514
8883,2.508324315770699,4.129065862946202,0.01078949578464534
8884,2.5127145170850658,4.136575443265696,0.006819396038626003
8885,2.520082624288297,4.14750871889566,0.027475434957908353
8886,2.5209171601005185,4.151994629656371,0.010133943060262532
8887,2.517354600180331,4.15175784954138,0.00910289958608168
8888,2.5139191653131086,4.152724989060355,0.01875077824414581
8889,2.521030057714102,4.17162864646864,0.006793993594557929
8890,2.526642249122235,4.186284845714228,0.009233957898243973
8891,2.5348691211598715,4.20489635657278,0.014527642783220825
8892,2.5348822966660043,4.210081756697604,0.000962205784762024
8893,2.52533113850997,4.192069249583062,0.0010067434021299594
8894,2.5204237750874308,4.1902058031353935,0.024164580400102456
8895,2.5121315993261084,4.1708718789704875,0.01532621661704007
8896,2.5066466257181905,4.161931676784072,0.008359167202682727
8897,2.502370270942064,4.1491678475960665,0.2709617356098719
8898,2.5017220625476244,4.158711540546588,0.0016111651577940486
8899,2.511915933538088,4.177337256010465,0.060222519639346446
8900,2.5064865536603578,4.162229512099283,0.03550670144036204
8901,2.501547976008301,4.1611622715119605,0.016873087580327368
8902,2.5051615265904763,4.174314630373372,0.06833162557296535
8903,2.47527182839681,4.13682695255982,2.0493228590152136e-05
8904,2.4708641893975356,4.127060405120466,0.003991194551342243
8905,2.473339120080742,4.12613455259625,0.12430913435340409
8906,2.454258840572977,4.107967391772787,0.0001245750012961823
8907,2.449761912226261,4.102808732389623,0.007402996526336989
8908,2.44231046614032,4.0854047800391715,0.013820714797021556
8909,2.4367295817348484,4.069292834651099,0.006870606333748046
8910,2.4398612718448636,4.080742209357934,0.0031155319150326134
8911,2.440378168207608,4.085934409877183,0.04791912887539698
8912,2.431980350385575,4.075357389894764,0.013203827917703286
8913,2.436391753192293,4.0894242793320945,0.011436586224937501
8914,2.4397035274718393,4.093905446721136,0.005441467308414175
8915,2.4396526850023155,4.098539732012871,0.08322001739054492
8916,2.429615557605336,4.082788201907023,0.05714967694195894
8917,2.4276468993730993,4.074288146812135,0.04918811404830685
8918,2.422540836419083,4.068842964877029,0.02984177666922785
8919,2.429438695019954,4.081980802281086,0.02046876840826903
8920,2.4225585565990944,4.07315522088383,0.00029564604939251346
8921,2.422907381397938,4.072603643569542,0.025518032732622466
8922,2.418878079256167,4.060993196752422,0.007721338263437615
8923,2.4222277130707313,4.0741861491324505,0.04063925894525477
8924,2.4172944024498526,4.0582084764064295,0.012784978467683325
8925,2.3977944439396173,4.0379581888323255,0.00012342484798997074
8926,2.3944792593192346,4.027375663433281,0.06301821678694569
8927,2.388836342585408,4.016484031151546,0.0021555566423382584
8928,2.3953114693145356,4.031991030957339,0.007853179177315244
8929,2.4036436221599677,4.051329934871033,0.006040890263720644
8930,2.4013156868834655,4.043244406409089,0.0035923272556707226
8931,2.4037711956638845,4.0525366148630715,0.09849683346535533
8932,2.3958740199400155,4.050662312450946,0.00014090871840289376
8933,2.3974991155442202,4.057913067773631,0.0019774307891341613
8934,2.4018377626680936,4.071669439032892,0.019658084824282773
8935,2.3970082977986187,4.060395061872792,0.0021957634220510407
8936,2.39457766910026,4.0633306324017875,0.00023476816056739312
8937,2.3919939731387165,4.054291194288798,0.00507923880577352
8938,2.3907237306515707,4.0570063301896875,0.003036549063763716
8939,2.3858025361994173,4.040640543044104,0.01559228984968178
8940,2.381190215348187,4.027911355711786,0.003523764291956768
8941,2.381689210854187,4.035157219467997,0.0024178206578683906
8942,2.3829399337958814,4.04301670534713,0.007079148429934126
8943,2.385666870271392,4.050077606395977,0.002165126563752154
8944,2.385206202373526,4.050750267819026,0.0032354300154988176
8945,2.3824941280837,4.040302664606919,0.011418151971466813
8946,2.357611046133401,4.010391609835834,0.00011815218662955459
8947,2.3571565718383556,4.007253894288928,0.01146286122946443
8948,2.3574323119360843,4.012360133222454,0.011120799330791265
8949,2.357235808649919,4.014277334769139,0.001591739483143001
8950,2.3532254321898134,4.006852683669162,0.0005505713838810668
8951,2.353780475418079,4.012728050213817,0.020979556391050726
8952,2.3536164187602564,4.015124859643045,0.1660978072614666
8953,2.358873933268846,4.030576758957726,0.0031400841231959274
8954,2.358112351453371,4.028722190360847,0.00959813025432875
8955,2.358708196888799,4.024107984576162,0.0020645570548523022
8956,2.360411425805195,4.0327388488697125,0.29052522454186647
8957,2.3515008197663994,4.011533063088502,0.011711148013233065
8958,2.352147746056939,4.006893259308473,0.006979570127746155
8959,2.346956285001048,3.9922386394155303,0.03511124766361324
8960,2.355380935518195,4.005121340144276,0.017718563150974122
8961,2.3541948890342015,4.000567735198488,0.012714613008986648
8962,2.3504732114789544,4.003165104023553,0.00019449488623745508
8963,2.3544851265544775,4.006527604693233,0.0415193865083864
8964,2.352289506057526,4.009090103256767,0.0007764080360279464
8965,2.3522722147402533,4.018306240304269,0.0099342410949789
8966,2.351725673250719,4.018006198137189,0.12447350432331786
8967,2.3517148340883978,4.01498651120946,0.005606357450939386
8968,2.351669374038411,4.01692243033107,0.002198333693028939
8969,2.3458175511224093,4.004497582419535,0.04039832717728878
8970,2.340229455601351,3.9966226853986493,0.023118015876623915
8971,2.3435189889219963,4.001156796176746,0.03702075237562705
8972,2.3438406160599694,3.9984531511629715,1.0925131634415806
8973,2.351891883154225,4.019007606661131,0.11440738203146528
8974,2.351227457323586,4.0238115947891675,0.0009327064732072046
8975,2.3611991885858097,4.041236419916101,0.009490210145342102
8976,2.3537019421782035,4.022683392989355,0.012176038366312564
8977,2.3590284693924413,4.0377014927192025,0.01026601671840563
8978,2.3557923778106207,4.037049458015091,0.005631150431778158
8979,2.3596236202401815,4.047994249687026,0.007727794003299489
8980,2.3633261043289266,4.059218387991581,0.03485312027554331
8981,2.365983427500076,4.07186740126735,0.007130079842186047
8982,2.3640534248952316,4.061528793196393,0.05287959397515102
8983,2.361832812378285,4.055868483644747,0.035704414058832054
8984,2.368112124246563,4.069520278382186,0.022899673278034167
8985,2.3667347620151697,4.069724753411736,0.02659146859506828
8986,2.366466059767052,4.063230175142096,0.006600584352188082
8987,2.3660844415049405,4.060222233851079,0.03408448177154006
8988,2.3755144942035,4.07706760548282,0.030026952497294982
8989,2.3658882935472945,4.053725192992815,0.004168599824069123
8990,2.365742721825117,4.048541846386169,0.005313826962580996
8991,2.362844225225946,4.036655114623545,0.01848313202576302
8992,2.3615868003057074,4.043030747811656,0.0025294394094181453
8993,2.3573330848456897,4.033561011243057,0.1061919764148262
8994,2.3503729358267265,4.021390227527294,0.03303653830844803
8995,2.3537406972145765,4.036008678728935,0.0006432382856120864
8996,2.3477525028736363,4.032099450746737,0.00018638395982437222
8997,2.3387574736708467,4.0186968442478985,0.06746031425915829
8998,2.3337530649189344,4.014323752588813,0.060279141277144156
8999,2.3418277159108203,4.029529177880936,4.154204688406196
9000,2.3527682912919254,4.047827795493777,0.00845779713369881
9001,2.343364345939274,4.024715399348613,0.010246012575647633
9002,2.3531074768743716,4.044287982029715,0.008322491563769732
9003,2.3590127398337644,4.053515894783302,0.020489311870790252
9004,2.3488391738285372,4.034666120254316,0.001067863214145788
9005,2.3578204464307944,4.057171943753486,0.11978289268314843
9006,2.3519249059397627,4.041302851280564,0.07225492472406311
9007,2.360649083437388,4.06282292968367,0.005420628823240155
9008,2.3616817187481987,4.070307847642857,0.03163742067866103
9009,2.366766509134828,4.075850022644559,0.00983461950287892
9010,2.365379586226704,4.068858479829986,0.01184168445626402
9011,2.373128036654421,4.082161263137539,0.017851112016900303
9012,2.37005536902611,4.0832050946803085,0.02942208770264706
9013,2.3660596978036557,4.074791253877011,0.017266358299207654
9014,2.369871638647754,4.086219586787589,0.005050822011465855
9015,2.3443723087796586,4.05329535841904,0.0001095419949174129
9016,2.33806520536811,4.041213258574314,0.00047455810566709013
9017,2.341484213065203,4.054611560760972,0.027462448418590118
9018,2.3364296018458566,4.044656034570975,0.013568842158226168
9019,2.3259594230586194,4.0247338105983035,0.00605237530832245
9020,2.3002667153578824,3.9918199373821217,8.25769969358556e-05
9021,2.302961322229522,4.001867069257551,0.15416737759373023
9022,2.3092244471011902,4.012072312226208,0.11592003606002767
9023,2.312975553891169,4.023282270099399,0.01621513294068618
9024,2.319808403297307,4.041698582153234,0.013178002634998567
9025,2.3154848333894034,4.034269834826686,0.0005577276814202865
9026,2.314285577698318,4.028120127436683,0.01713246006183409
9027,2.318738295882968,4.036868991951212,0.005892598559998339
9028,2.3098620197426283,4.021421440190409,0.17377049963481841
9029,2.3113216768804374,4.020189203401123,0.012198728701216993
9030,2.3139282123870917,4.032927569348689,0.003336619502298399
9031,2.310716114578563,4.040136612174989,0.00018348853556774967
9032,2.3135537098732097,4.0412692553224225,0.020331343933261147
9033,2.306466314859041,4.029855993764203,0.47360257754774954
9034,2.3050424875154554,4.03507217219379,0.014766035134031807
9035,2.3015391421595788,4.0337265103266535,0.004344462008040638
9036,2.2942977245808485,4.014739049041807,0.0034636252996475625
9037,2.2922377815864468,4.005844006378223,0.03459536272756517
9038,2.2878761300415262,3.9909495123254586,0.005400401443156364
9039,2.28335435712128,3.9808803034465767,0.04407621804357322
9040,2.280576878159743,3.9748502098106178,0.0028899561293575762
9041,2.279713658064737,3.9708336619749827,0.0115700557223003
9042,2.2809704209880755,3.9787628630869754,0.0003900701131249461
9043,2.28446961395522,3.9924198342380928,0.04121609527713743
9044,2.27682099239208,3.9725231019340574,0.0058230458309583115
9045,2.27316845418842,3.9761014672474313,0.00013452377886469637
9046,2.2789745898569005,3.980202366457033,0.020200066538643757
9047,2.27996683318374,3.9909942502929248,0.002664977331285437
9048,2.27122709243241,3.974234415413191,0.027972376548496776
9049,2.267615011566849,3.960482103060825,0.01312123220157339
9050,2.2599913962772433,3.9414548446120934,0.022122249830647197
9051,2.252395384691855,3.925917314706316,0.001215680558891925
9052,2.251750317353717,3.934057303834517,0.0019999991771327266
9053,2.2509740100297044,3.9242153010304537,0.047066182143816054
9054,2.253085516376876,3.9314798576806282,0.0004953072332442567
9055,2.251228097966696,3.9344386985394086,0.015688348668877083
9056,2.2513070210923343,3.937136289708865,0.02686027312320214
9057,2.2205247522816354,3.896042085188701,2.0463945471667734e-05
9058,2.215667992896046,3.8842941825885378,0.008177891542072088
9059,2.216874302131118,3.895377793820957,0.02128448232907676
9060,2.2248077087894322,3.9133169953888283,0.012996789067594244
9061,2.234324460972616,3.9353593941189913,0.03343462437949537
9062,2.237870530597974,3.949094128565342,0.30140014712353563
9063,2.232528138406179,3.9422477028572467,0.03161055406499329
9064,2.2319275935723035,3.9369924549244266,0.00702070717955308
9065,2.2396867763553607,3.955401270244215,0.03049388499045077
9066,2.238362941654407,3.960752201178902,0.0001690928344739401
9067,2.2310069465318807,3.942974102180201,0.004121755865163557
9068,2.2266600284217604,3.9273161035202646,0.07787861982319039
9069,2.229679967857672,3.9398257186712464,0.0026438910132025417
9070,2.2260300934528368,3.93398453747493,0.0012033054160096803
9071,2.233772225095289,3.9466645766327777,0.035894134314063436
9072,2.2256764788716357,3.927193947260011,0.03892879477883718
9073,2.2165781773339015,3.906269798536036,0.0035667753419175675
9074,2.2148298727934876,3.905895813165224,0.01001328965342719
9075,2.216129162423826,3.915103728961969,0.013662736861113236
9076,2.213283711274006,3.9067939425485747,0.007957150549241692
9077,2.2210646288093274,3.926635731248413,0.013978488184108713
9078,2.229863262473802,3.942590039938178,0.04494975070406067
9079,2.2271381324012376,3.934150426513583,0.0139738050106889
9080,2.2296287237172456,3.934893115756799,0.006871212565255813
9081,2.2287902326588096,3.929830721357576,0.019602753921100335
9082,2.2245106467044975,3.9176548197051395,0.003894881667561756
9083,2.2273307272024625,3.9185447586240048,0.01764987671970884
9084,2.2299441540064064,3.9241201330288917,0.011486600502324655
9085,2.2348099316173586,3.938832508480972,0.03934708040521347
9086,2.2312883389608427,3.9321125372896177,0.001782323043946286
9087,2.2096038211473834,3.903629049831258,0.00012607388952594868
9088,2.202655173428961,3.885631039075491,0.005722518936989969
9089,2.2024127639966684,3.882694791301501,0.018384689709166506
9090,2.2055975137611217,3.8916727477094404,0.00234869793301215
9091,2.211957821733432,3.9042376728268624,0.007387752314446615
9092,2.2055560683120974,3.88695950508678,0.01261084087277631
9093,2.2112027130471845,3.899652419783686,0.005814066184355686
9094,2.21057624654022,3.8921519410048075,0.021213911365231347
9095,2.2142182347714128,3.8964304295745205,0.002218017273868953
9096,2.2137443573835633,3.889886068319888,0.007109535352779502
9097,2.2137008567334835,3.8904937479263872,0.003743353264072584
9098,2.20794131630498,3.878569899315043,0.002794208146745429
9099,2.211632373148423,3.8867043056643484,0.05382515727046305
9100,2.2142006254544206,3.8940396993463704,0.009854592279566561
9101,2.2100913915373614,3.884036073108191,0.005392334417162083
9102,2.203801270891255,3.8759404883105226,0.0003232037024985672
9103,2.203765671810692,3.8710037236889807,0.020037519418515386
9104,2.200317761095374,3.865371640780995,0.022038401247781864
9105,2.1973822306033957,3.8613083048197,0.009976524887269687
9106,2.200944408961513,3.8634053721550288,0.048213320646974964
9107,2.2002234116848944,3.859921261461994,0.03431833460100877
9108,2.198949172529558,3.8487738805630247,0.019935841552814408
9109,2.1770965094542603,3.8230334813947517,0.00012349654747707584
9110,2.179984308794344,3.8267197600800955,0.014701276461172195
9111,2.180605874341236,3.835370466838941,0.016176501650466708
9112,2.1786615024457405,3.8260328147620397,0.03096817084171921
9113,2.1870255209385996,3.8399643939828514,0.03550260616922525
9114,2.1767493595490053,3.820292197408236,0.016180459039485062
9115,2.1706856065737568,3.8067910482286527,0.0015832263564655872
9116,2.1709427253859626,3.815259609859876,0.0023438385051827108
9117,2.1659766019803692,3.8177538394480925,0.00016212307957828978
9118,2.165730077944694,3.8227343514666194,0.0038068212035766566
9119,2.159539311558492,3.8097499072559193,0.0014691712370678046
9120,2.168129128155199,3.8265228348684417,0.08185749414668152
9121,2.1676516271094965,3.8277056466268053,0.007018857922232101
9122,2.1502420372873305,3.809304189956477,0.00013543882026368842
9123,2.1555908837734177,3.817867949521257,0.024479263718065983
9124,2.1417921161767866,3.8019323774317018,0.0019946115960232584
9125,2.150512184403271,3.8214772471790064,0.003360971075284007
9126,2.147287195509389,3.8184233779747214,0.0005230578833934597
9127,2.1413538625963047,3.8081474613184643,0.015643514302760547
9128,2.1194935387061022,3.778847449622126,0.00014023252610912256
9129,2.117979078918513,3.783111846909586,0.00436213420072033
9130,2.117116146715075,3.78707229723859,0.0003688509540652009
9131,2.1132241200613997,3.7743464852641146,0.012061143543615815
9132,2.1121685192946247,3.7770504033188286,0.0016780659943344913
9133,2.1148650270949827,3.7846073448727453,0.009078568967472589
9134,2.115828002162087,3.783817224018482,0.01721881252620938
9135,2.0999522444534073,3.768575832371773,0.00014712051486906878
9136,2.104837144220494,3.7840244438298813,0.015182865535249064
9137,2.10425793361972,3.791639866832602,0.03621825819415284
9138,2.107346284382556,3.796942088664899,0.006849874038657047
9139,2.1120182450802965,3.804821296569898,0.11486640918099775
9140,2.1162169491317995,3.816965093069028,0.009142785168049986
9141,2.113233188109903,3.8027914811762322,0.014449166783722319
9142,2.116798389242957,3.8162200777008968,0.006253762161171827
9143,2.1083471439384187,3.7961100229047267,0.006181071169618643
9144,2.1116907240690574,3.8102353625723646,0.02444038387321295
9145,2.1044116809848266,3.790825543902869,0.030953867106643784
9146,2.0978159134260586,3.776941033164147,0.004976483445919267
9147,2.095536832896191,3.768887939038496,0.017824095445967074
9148,2.093194021141399,3.7579094437995324,0.02547301968877011
9149,2.0732346260735355,3.733896018139711,0.0001383979684481783
9150,2.076556128309043,3.7331918831852993,0.01531708325151054
9151,2.0709440047684864,3.7263768928101073,0.009076745779089781
9152,2.0656754845232035,3.719716827660849,0.03855844193661337
9153,2.0689722621783,3.7229184785895786,0.047186155664362836
9154,2.0655714644341177,3.7150490606878175,0.008770405578142862
9155,2.0643812229039336,3.714160327177689,0.004038716330114879
9156,2.035626828361469,3.6740211688217723,2.130936672717378e-05
9157,2.030927631658487,3.663513126162683,0.001116588412859794
9158,2.039259873852483,3.678243753742493,0.011850031566410686
9159,2.0465625864937533,3.6973231013364716,0.005889584417647591
9160,2.055048702184015,3.7157343060458925,0.018560464491339034
9161,2.056848016703077,3.7227922623023444,0.01825979111400487
9162,2.0572052959037004,3.7183791502883308,0.02752123243135144
9163,2.0565870453443176,3.7206445856220616,0.013008586543597404
9164,2.055871044364034,3.7258172268618033,0.047665433565178404
9165,2.0630664691042067,3.7426217683422536,0.015104280622672842
9166,2.0601517025087754,3.734769157791567,0.0129937326003767
9167,2.0611182085884905,3.7331706895820194,0.013629884008788826
9168,2.0658935225998354,3.747882341030215,0.012673437680891662
9169,2.0647587566443293,3.741964663174253,0.003909566276775293
9170,2.0651294906403366,3.736258607746885,0.0823964777324301
9171,2.0652939363905993,3.738166630140789,0.012913771815742306
9172,2.0690753283664303,3.752228377162032,0.08957105096575471
9173,2.0596990963670483,3.7358886182549127,0.0003245921320227611
9174,2.0497091466502817,3.7174355736701123,0.02548980687418481
9175,2.0422444871129684,3.7021711649035596,0.030631061487023655
9176,2.043642594812048,3.7098460385385206,0.0010097553559921017
9177,2.0407725257882863,3.6994597869487755,0.03105896766635563
9178,2.039250257798311,3.6903051583044593,0.019575535841076
9179,2.0419074863888818,3.702004837123503,0.008487884177693592
9180,2.036786684060734,3.6961358493827268,0.01431044067337853
9181,2.0324832337670204,3.68349133740512,0.005130085261905869
9182,2.02762854831667,3.6708512941217175,0.27996400500353325
9183,2.02222391672227,3.66405580470352,0.011797133646691388
9184,2.0231730032421,3.662633657077862,0.038990708014832405
9185,2.020632690704368,3.654392750675736,0.01307401387017396
9186,2.0203429408840616,3.653812191675882,0.008761324880803046
9187,2.0245330472239664,3.6687586731834645,0.012081055329401107
9188,2.0206969702597486,3.660397915659315,0.02328026578467901
9189,2.015871216261247,3.6466068235989537,0.12516223893209646
9190,2.0171805544835752,3.6518590465988625,0.005491254816068534
9191,2.0191970891975086,3.656150120935227,0.005627863810643393
9192,2.017844029248644,3.658278924340391,0.0030349604517052064
9193,2.013921407946161,3.6470109806605504,0.0020998302213235394
9194,2.0158137236895968,3.656879212801976,0.029182344626747056
9195,2.0166812390410804,3.6660114858513206,0.007273377253146761
9196,2.017429520492809,3.672118868892049,0.03171374000602502
9197,2.0117797888880746,3.657024321497596,0.011447602865648797
9198,2.008678123485324,3.644912961428754,0.01384384439645943
9199,2.007300577188647,3.646692312179658,0.0310300378160769
9200,2.0127256817342514,3.662128273838597,0.028642267058810938
9201,2.0107068826158194,3.6531404286123856,0.024394810884212012
9202,2.01011710028613,3.653486567670008,0.00019308454567105082
9203,2.00668713862958,3.652447005325539,0.010590184181627065
9204,2.004334244155583,3.6490205647535094,0.00044085638190436875
9205,2.0126392003491818,3.669313420467829,0.006714190475785138
9206,2.0094048279158194,3.6597277187291724,0.14405141130299606
9207,2.005923153024938,3.652398818970893,0.026102479156909133
9208,1.999107803771579,3.6488165738210623,6.48288861127669e-05
9209,1.995354476369687,3.6433627483405324,0.06008614686226892
9210,2.0008316183907837,3.6576002632556137,0.03656170642570241
9211,1.9974098773027738,3.652903115559162,0.04969072468536038
9212,1.999772619469594,3.6656157576579296,0.050321910864865746
9213,1.9995619672047888,3.674648767056581,0.00024336590888131764
9214,1.997002416123349,3.66434497070212,0.014958745458724781
9215,2.0003972692183987,3.6728628976925046,0.007233245524979956
9216,2.0054135396174058,3.6819387384529882,0.00575776103918845
9217,2.0063571102181097,3.6839896140810215,0.01539346021192758
9218,2.005563946591905,3.677657137827842,0.006457132013776632
9219,2.0088251046604304,3.6888228125639437,0.06668552423964565
9220,2.0047383722593044,3.6817230559620033,0.038511439682024785
9221,2.006728520475175,3.6812985159920295,0.012699949804470196
9222,2.000886518290054,3.6706850500313273,0.006998640105151805
9223,1.986063310564521,3.6443687361327606,0.0008243566915284656
9224,1.9889948363709526,3.6527085387914404,0.01826765963939362
9225,1.9853686200545022,3.638898508689855,0.012173976628699823
9226,1.990851982769606,3.6488860060817117,0.24682185018689198
9227,1.9867768146637885,3.641173200546309,0.0008590204998588097
9228,1.9851312324625672,3.6344469274232054,0.04487411073211959
9229,1.9862611725627104,3.639803815979148,0.17674251321362117
9230,1.9661741974170885,3.613070533128579,0.0001356284833540009
9231,1.9662074426687353,3.606643153605393,0.008350450037675875
9232,1.9709022180250337,3.6227811386016255,0.00928272209500551
9233,1.9649638160583338,3.604007040706102,0.014145543480032854
9234,1.967174701429099,3.613490792342081,0.013451710648372838
9235,1.9673869330109213,3.622786976117082,0.010074490134452451
9236,1.9677461285553703,3.6233626204408242,0.005156158760480734
9237,1.9660347608708002,3.6244270489401864,0.00043396503244210203
9238,1.9690201882788352,3.638794058599902,0.03539944277192751
9239,1.9682486659656713,3.645813130370274,0.011075976675618946
9240,1.9615654893552394,3.6346479232348905,0.01753152914147648
9241,1.9650686699500852,3.6461593534611185,0.02735992770466183
9242,1.9627736754062466,3.6450391738614236,0.004866581637390936
9243,1.954485799525319,3.628590904789853,0.0011693943432084617
9244,1.9627075988143168,3.6480606112825344,0.02197170017584567
9245,1.965676627917473,3.6584980671941913,0.007513228594285582
9246,1.9647549825156745,3.6516618574601827,0.01344387117233524
9247,1.9660961445568488,3.6591860066582806,0.0084676334441017
9248,1.975944288420725,3.682679949061863,0.07091730929920274
9249,1.9526395171612956,3.653526169041727,2.9318807687330533e-05
9250,1.9518041329169133,3.6579959756924914,0.0015966225064989149
9251,1.9510411272384625,3.6502793123220645,0.008898250207284032
9252,1.9513723083975099,3.6472839911046067,0.01245202187269189
9253,1.9566966852179537,3.656845463826007,0.1169514154859545
9254,1.9529803348736432,3.6541835026084013,0.13338842692277464
9255,1.9582862598796114,3.669405474064685,0.45216455903762687
9256,1.9584158348241376,3.672825062188629,0.007568872844997643
9257,1.9601281035157008,3.6757913550073855,0.026764565893240177
9258,1.9594540927558637,3.679506097639044,0.35737938148211673
9259,1.9556841704107664,3.6685968288351165,0.006858837498355593
9260,1.951855530916268,3.6589638050469047,0.018509366795364017
9261,1.9487914667978048,3.6493792034551604,0.014934154272127726
9262,1.953896391348437,3.662662442976642,0.029279614654696955
9263,1.9559130565838978,3.674782208219705,0.007093037216584354
9264,1.9573758441883788,3.6810121287109703,0.046466777503491055
9265,1.9576411148213653,3.6794893659861114,0.011904663086580782
9266,1.9564821831201296,3.6723449420681256,0.00907551738158427
9267,1.9593787341389368,3.674670782005702,0.01938293684755263
9268,1.9594111070094071,3.6710480137383015,0.022092785408231803
9269,1.9612197460117817,3.683487628575751,0.03340652513124776
9270,1.9581292089329332,3.6676197764323817,0.025664658630433962
9271,1.952597248990417,3.650883887389573,0.014594974664340973
9272,1.9444554368360885,3.6350347384662527,0.011966302937512769
9273,1.9419551819075653,3.633289011626154,0.0005205298489114455
9274,1.9465630266986491,3.647834680877997,0.008399296839431157
9275,1.9403804735731462,3.632668430995527,0.005728755207207724
9276,1.9363170455055092,3.630203741527036,0.08390855352161396
9277,1.9133101271554118,3.595915417858604,0.00010395806964631386
9278,1.9084482207304767,3.5951574533233286,0.1320617125830481
9279,1.8996108039784168,3.5740560107690045,0.00941708291412404
9280,1.9058662789386753,3.5857184343358144,0.009121884016431431
9281,1.9041417769823807,3.5879664577557233,0.05611857158082827
9282,1.9107009158454298,3.6078667146083565,0.019508080104986985
9283,1.910431177059615,3.60300123986724,0.07711847991555568
9284,1.9109233396163585,3.604023319612047,0.007663945136908449
9285,1.9137918730233123,3.6106552947434225,0.01208668167627988
9286,1.9040987869754045,3.584539948222662,0.005027237602327283
9287,1.8979369429230286,3.56778937213259,0.008305449016515415
9288,1.892491911872973,3.5502076315476,0.009098936884858133
9289,1.8823723797487124,3.527481149002847,0.09840757206181563
9290,1.8804901508982892,3.5232860416080998,0.00809940556718147
9291,1.883941536354789,3.5310295193983574,0.010961000061539468
9292,1.8770532069683146,3.5208724830664293,0.0002947579769728303
9293,1.879695519795778,3.532929931022855,0.02638348170827956
9294,1.8776090499237983,3.52056174157168,0.007014947182260415
9295,1.8682913085411221,3.501351079935249,0.599385821574783
9296,1.8680340112343907,3.496918265596047,0.0862537473795401
9297,1.8694576011269817,3.4934767760234675,0.10839223066811828
9298,1.8755233985451554,3.510509394547987,0.010043511492324375
9299,1.872056606571446,3.4981944180853946,0.011903460855569729
9300,1.8696830527972363,3.497109543783232,0.02736548001056944
9301,1.873612285430706,3.508210900140223,0.02529664476729011
9302,1.868797359113748,3.501553647511783,0.22170464435266168
9303,1.8730432574010436,3.5105019604730825,0.013376926733002862
9304,1.878292673327394,3.5181589614717312,0.08794406545284418
9305,1.8755828069381084,3.5136475588860474,0.009739939410131584
9306,1.8832132627000393,3.529360952028325,0.05118020739285733
9307,1.8815645371771403,3.5246433008411473,0.022614602106031768
9308,1.8789111536860128,3.5152807102144927,0.012881147369291968
9309,1.8606105941603301,3.4929437514933883,0.0001505183210182835
9310,1.8535125512564816,3.472938749336749,0.06594892873927269
9311,1.8544746756233097,3.480443260197204,0.003251504570003483
9312,1.8330137445605437,3.4478948142197177,0.00010597422513940599
9313,1.8282476648370998,3.433263635958697,0.05131401398463659
9314,1.835690082174346,3.4479266462440123,0.0074016586199367775
9315,1.8281286524839073,3.430998944960021,0.0018328827993055138
9316,1.833547878846344,3.4477333383222057,0.014676645158477638
9317,1.8292765079305497,3.434047118546413,0.0656000981563255
9318,1.8265432727359265,3.423166956141574,0.1562558815679074
9319,1.822137999743071,3.421787948739438,0.01839720152154807
9320,1.8284472391298847,3.4379490756085125,20.83193038431237
9321,1.829256651208027,3.440780346334275,0.004470031344133118
9322,1.8336637993943499,3.445688219857614,0.008086473129009085
9323,1.835443220901676,3.4537425612698835,0.011756447379495953
9324,1.8370981841756577,3.4636339223627988,0.010067440565673548
9325,1.8334469782490475,3.461311195499136,0.02317588948294962
9326,1.833342528614048,3.4532136294023656,0.011543143475603274
9327,1.8392485942880508,3.47142695946114,0.11175487423656275
9328,1.8391733751228376,3.467021079022334,0.017133382799137595
9329,1.8275011898444569,3.4529696188532424,0.00010006710033855245
9330,1.8244992237712097,3.4400564993869827,0.046776051628578924
9331,1.8245786454143886,3.4402562220461372,0.000977694104438303
9332,1.8238812646246096,3.443598097016874,0.0003863203072926238
9333,1.8276642406954566,3.4465739664422976,0.013544413919597556
9334,1.8259976293543319,3.449737280912705,0.013444557048908498
9335,1.8294571736558545,3.4623515084761376,0.26063156026364526
9336,1.8365443955628264,3.4776035731756543,0.009357616747845306
9337,1.8349599653639783,3.4806795291445516,0.0004072124541221907
9338,1.8403124451297321,3.493003256923432,0.010829883423518314
9339,1.8330310343024652,3.4803611673906927,0.051459510407338364
9340,1.8297300333840303,3.4667756615007743,0.31986115024109457
9341,1.8270087446250152,3.465152496591685,0.000488711531695874
9342,1.8058101415076955,3.4330919385814607,0.00010935925489428471
9343,1.8035075107466665,3.434715779432628,0.021130586146554785
9344,1.8087424699613883,3.440639857560341,0.31208225099800496
9345,1.8028693715425412,3.422410232645616,0.012413473155700575
9346,1.8046673906518194,3.4212462850845116,0.011105093081584298
9347,1.8017789448980877,3.4215488956113114,0.008756070516392211
9348,1.809462361487529,3.439537593112807,0.014268040388591105
9349,1.8162966553742832,3.452902296942097,0.029161994756515718
9350,1.8159281088517056,3.46122291160802,0.0422063439896799
9351,1.8161401277486593,3.4665694918999375,0.02184560105676599
9352,1.8104833355031817,3.4562054273958767,0.03386012531742425
9353,1.8086144904349368,3.451406317582698,0.5260854471920932
9354,1.8120394761156504,3.453857324743385,0.03391788997492216
9355,1.8182047285890421,3.472345980715461,0.11449978797265956
9356,1.8184380947105034,3.464608373695525,0.002373680472847762
9357,1.8195351601504168,3.4700040452869483,0.0004969942404768637
9358,1.81608655038072,3.457990598840429,0.01918274018150776
9359,1.8182193185937792,3.4569760053452647,0.11491488941879434
9360,1.8236340016657848,3.4670339447222487,0.0169944796629165
9361,1.8224979089538642,3.4589887306591285,0.03382297040929227
9362,1.8254136507015981,3.4691427443729435,0.037732900567717186
9363,1.824764978717849,3.4660032210614466,0.00903778309928778
9364,1.8184580774962809,3.4543801153945246,0.5100511338586251
9365,1.82429700197374,3.465653286910107,0.023330117226346956
9366,1.8159572276289588,3.4459793703814467,0.014231741540988186
9367,1.819121065398391,3.459089517690224,0.004045508339135646
9368,1.8183970193737617,3.4587660696374782,0.003626067047730506
9369,1.8001563855150007,3.4351099365186206,0.00015510855073727896
9370,1.7959398788217933,3.4256868909526705,0.009862903940327905
9371,1.7779993596967303,3.401416549751705,0.000160502076368606
9372,1.7800867416457369,3.4100029138623675,0.018560434065078204
9373,1.7785144496347187,3.398311863716046,0.008233436527593754
9374,1.7849580560012488,3.409023165221191,0.026312380804162563
9375,1.7875623995239924,3.4163962557270975,0.006724376034827425
9376,1.7843647923140484,3.4056501265170454,0.013229518194121201
9377,1.787212545236006,3.4193152461999534,0.02102852437143143
9378,1.7803197335409993,3.4169801749075033,0.00017169052559061409
9379,1.7873669642318881,3.4345620469135145,0.029128279983483066
9380,1.792031948995782,3.4465614874335935,0.017543241067272824
9381,1.7949620785453313,3.447938196046744,0.01121818183743442
9382,1.7970217816816623,3.461963139593492,0.001268459762920474
9383,1.8019585668507128,3.471427170357166,0.03097615030727718
9384,1.8017243886886476,3.4719195128421863,0.03397951345147345
9385,1.7977708580336305,3.457743063079799,0.005355670553710394
9386,1.7921973159279747,3.444653823685432,0.01195847167284826
9387,1.7842826559836122,3.432217371010947,0.00023923239853233748
9388,1.7894144899726125,3.443389515838573,0.007653961391276704
9389,1.7834963228178953,3.4274710132301425,0.01596838068326732
9390,1.7852635237331893,3.436964068416794,0.0035939106010679607
9391,1.782545507517575,3.425326231097287,0.021059759668893282
9392,1.7830247030611046,3.423508844994694,0.08239239241681463
9393,1.7841236806608367,3.4305884010565286,0.0063838132818058845
9394,1.7777756275218317,3.4178933128453215,0.0058159143228505225
9395,1.781143759425979,3.41993046989592,0.011595430170683702
9396,1.7773884247496468,3.41416813905751,0.02036926691568132
9397,1.7807681601541259,3.423818294612826,0.012731433047068077
9398,1.7885030662487675,3.4439155170027895,0.024753123778118537
9399,1.7873826651486873,3.4319230756604693,0.008206648407180151
9400,1.7893642032657797,3.433184431219396,0.011630620280627448
9401,1.7940540009380284,3.4416171968177425,0.006772010804068575
9402,1.791803468836152,3.437070415182522,0.004659801366209836
9403,1.794063219900033,3.4450158513424722,0.06409737473958849
9404,1.7909598423017363,3.43134812498088,0.01959179973688447
9405,1.7943036295853392,3.4451397141880515,0.030089199916873345
9406,1.7945606205410067,3.444436322330163,0.0270183117772186
9407,1.7727848929297976,3.4112414359065206,0.00011637037738994448
9408,1.7705748668619736,3.4029098897048122,0.006592205669816813
9409,1.7752407063622395,3.409354966314756,0.020154438442122325
9410,1.7853663630165095,3.431423482058894,0.013158224329862751
9411,1.783886965569239,3.4270240616792162,0.014656327352624291
9412,1.783254761549763,3.430089048765491,0.006623596567017921
9413,1.789546943187423,3.4430995807158715,0.02038125047852118
9414,1.7863728308701352,3.437570500215048,0.01520974902994236
9415,1.7945262069509438,3.4507594160916315,0.12461190566451387
9416,1.7944885487633475,3.453616663614685,0.09020805083893157
9417,1.7934668557026388,3.4628107264770733,0.001088210134912033
9418,1.7998976996469056,3.475751703143703,0.027671216002749667
9419,1.81054913580633,3.5042439080572474,0.017286981184018443
9420,1.8054744667771698,3.4929622679072714,0.04787089585273792
9421,1.8066297205036905,3.4950029131626867,0.004858508821579814
9422,1.8053953139432264,3.493841490982143,0.004526309091731721
9423,1.7978429424198366,3.4753689004260266,0.001981982968043661
9424,1.7959138690460748,3.47508662982082,0.0077909855975145615
9425,1.797076305640784,3.482716843376833,0.06716724317291825
9426,1.7924410564611113,3.472846994728895,0.00046970797384234333
9427,1.7893124075246185,3.4623502882946413,0.007913317525380945
9428,1.7912804777483076,3.4742657226047466,0.029057479639851436
9429,1.786696981140634,3.456422753815851,0.024283494709967587
9430,1.7877938333609023,3.4530864505440904,0.01074927210126681
9431,1.7885424074574598,3.4609726705643316,0.00988217707626396
9432,1.78400608960185,3.450926786749872,0.07374111827119782
9433,1.7894196207992816,3.4694345883925517,0.028219905025090582
9434,1.7691984603272803,3.440113442169502,0.00014530441824393584
9435,1.7599740504494212,3.419241200430516,0.09495693451908802
9436,1.7609828056281125,3.4199787299454143,0.014394022209989924
9437,1.7608033021456175,3.4211904546332965,0.03727812965993731
9438,1.7565790569103978,3.412417448723337,0.022360547749079848
9439,1.7623895932878435,3.424358271110539,0.017635985923451704
9440,1.7568105246930787,3.4154161189592203,0.012460836839371528
9441,1.7580699264775852,3.415960362119745,0.008757038028918666
9442,1.7538411449572668,3.411852766111568,0.04894850246074575
9443,1.754575325872554,3.4183367922337196,0.01720169763573494
9444,1.751541527828834,3.404443143615897,0.002673085994040819
9445,1.753213798426262,3.4126285124266507,0.0020423568196742655
9446,1.746214529996095,3.396480913819988,0.0015509551728485856
9447,1.7402174647012707,3.3821834296458615,0.01563225599937275
9448,1.7469529736931328,3.392030549907919,0.011853810211578277
9449,1.7517272795796692,3.4025888625470886,0.007135709154587408
9450,1.746038224815315,3.38840013769557,0.013942173193928372
9451,1.7493974393214675,3.388539249135242,0.028220447004984762
9452,1.7444602837065486,3.3721614112749725,0.033195264457376646
9453,1.7399653142774165,3.3659663123128185,0.33087140426535716
9454,1.7335568179822245,3.360328802149329,5.4650844330480125e-05
9455,1.7295399872072716,3.3544298645108888,0.017145150631720767
9456,1.7278006348507795,3.3449058114119623,0.019051007367323118
9457,1.720723217173658,3.3271710633854656,0.0029731040557710283
9458,1.7166966248628241,3.3288504104501118,0.0001396332559404926
9459,1.7214191836720705,3.344461885014604,0.039293948665763315
9460,1.7185566993905024,3.3493494889021664,0.0013618813649955792
9461,1.7151149961023688,3.3353223684303903,0.4705610736215218
9462,1.7182583065802248,3.338132174309602,0.03740631778450167
9463,1.7169994322371713,3.334391391389476,0.005474429170356881
9464,1.7148092767499596,3.3381556982149263,0.02047340696232467
9465,1.7086706538648033,3.327598018216282,0.1769389102216912
9466,1.7085847593215924,3.322394732853819,0.022473667714308827
9467,1.7088597849307061,3.320847622833832,0.009341079037373473
9468,1.7155052315461778,3.3399031498550973,0.030025057555716703
9469,1.718997836071662,3.3423277555769184,0.08082388183695718
9470,1.7264393448213813,3.359741749782507,0.009952744669001598
9471,1.7310429552180375,3.376680934150012,0.010887280017457368
9472,1.732045646585056,3.383077224215852,0.008323166841421223
9473,1.7280678641996283,3.3698032317951854,3.12262490207108
9474,1.7236353101416928,3.3605619091132275,0.0012875216677018483
9475,1.7253398173828287,3.369710754835889,0.01289541723293326
9476,1.7183461251731373,3.348223824254124,0.018794378932876363
9477,1.7214557361632816,3.3516600783079253,0.019346658115260325
9478,1.7258374322659884,3.3635361089875664,0.04092758828964635
9479,1.7321451274342838,3.381280432321702,0.005714304986537177
9480,1.7352198479798757,3.3907537788275466,0.0032054587203714565
9481,1.7312800023832982,3.384035431028551,0.031268825927285145
9482,1.7320026678091593,3.390934930252568,0.011995368809877957
9483,1.7310645367065227,3.3872469947270174,0.019654672852901112
9484,1.7318410537312037,3.3934471296932935,0.03569757726469484
9485,1.7386458720701843,3.408955904957939,0.05789472468568756
9486,1.7366621598288734,3.4055612945532974,0.00702477233444654
9487,1.7331781349812339,3.3917273545311835,0.034201089815980606
9488,1.7245874321327548,3.3680429864630375,0.015462069132277437
9489,1.7198961540901085,3.3524506773929583,0.017308198043590663
9490,1.719193671971281,3.3537856097036776,0.0005762130383283196
9491,1.7178760020457953,3.359580587123083,0.019773319887274945
9492,1.7104844491199718,3.338006485780692,0.011887965154359673
9493,1.712840514995645,3.337612698287129,0.0608478832342117
9494,1.714964688945444,3.3470140528077565,0.011800763298799444
9495,1.721501448517045,3.3599853085555593,0.16090252974227326
9496,1.7215353524767185,3.3547136110376616,0.010592211985739017
9497,1.7266785240572018,3.3683094946011023,0.010702690521769089
9498,1.7234077387031166,3.3719412155447372,0.00014884194075522167
9499,1.7264487095638499,3.3809407579363624,0.015154023983578522
9500,1.7331701957019503,3.4002790451875913,0.01150854270965566
9501,1.7266339990920436,3.3875681726885873,0.011623036392228295
9502,1.7319148521900274,3.4036372672718063,0.009886575977857826
9503,1.7330425635568463,3.4106588087194583,0.04437043719157795
9504,1.7276338166384615,3.399936298886955,0.04097288960407822
9505,1.732913821333457,3.407560053490553,0.009320211916391959
9506,1.7263861051999905,3.387002434986515,0.014419636133660506
9507,1.7257327942478267,3.390524250327905,0.0004222656369286991
9508,1.7351362576341693,3.4140484979873778,0.014510505916764529
9509,1.7349730740724816,3.4157109563171217,0.10668942015965949
9510,1.736875523142733,3.415916590402245,1.2375478241393267
9511,1.740418061597927,3.4216542891074027,0.18879431182473036
9512,1.7393487845284519,3.4185537512261246,0.003573162746718599
9513,1.7355147650945961,3.415676476174678,0.0002770185454632195
9514,1.7391135886156737,3.4230723490029265,0.07899610117993679
9515,1.7237254931004893,3.397229867873666,0.001989555322448549
9516,1.7256824498796497,3.3977832733802864,0.015526150693882764
9517,1.7198599666624828,3.383221289863332,0.004826429725755694
9518,1.712860363007002,3.36667677441509,0.0016360319300093573
9519,1.71388667445508,3.369943990238561,0.04636755601897067
9520,1.7212176274038034,3.3922583680907943,0.012312904388269083
9521,1.7205523868683572,3.3853637445657037,0.006209360983867113
9522,1.7208547892800625,3.382886672191117,0.014677751660279497
9523,1.7215258411330636,3.3810651424904687,0.045747749724722314
9524,1.7299079505717996,3.4014099747713757,0.019431961196280066
9525,1.7325429183094865,3.410884426713818,0.12467632057945846
9526,1.7318532955445332,3.4122053037566555,0.05653030410587383
9527,1.7316929943150643,3.423289804467584,0.0018594196967042231
9528,1.73138728911919,3.424340344610697,0.029684477853305215
9529,1.728874381026558,3.415760491828187,0.006025198575809411
9530,1.7249051030914173,3.3993197471578287,0.02591290289250995
9531,1.7308186220880672,3.4118597639504182,0.8910029100449967
9532,1.7366321016023083,3.434359747633064,0.0025496751938725143
9533,1.738974254745297,3.4445390691236297,0.0013720286261569056
9534,1.7359511897321924,3.4348141517226716,0.008283588222210056
9535,1.7385615847822928,3.4449456734183177,0.025957207957083082
9536,1.7293905576286224,3.417651569229836,0.005263277777752085
9537,1.720440331503053,3.3918465544393133,0.009709634890628158
9538,1.722428554315665,3.395656641550809,0.004143535353615372
9539,1.726004139547022,3.408330992907089,0.07254839327433708
9540,1.727518188845832,3.4040467794413853,0.04802754032619626
9541,1.728167808987471,3.411810600130879,0.0006778832737817453
9542,1.7344355064995318,3.4277596374779593,0.2541637502307154
9543,1.732514887605757,3.41726804148888,0.00678566978767764
9544,1.7314354379603016,3.4178884774254024,0.027032610304027187
9545,1.7235106626846388,3.401223559265136,0.034889546100535115
9546,1.7163237861931457,3.3819645663916034,0.031160086060462666
9547,1.7090581877285362,3.3611551229387793,0.02664186710968096
9548,1.7105557719524505,3.3617078430954512,0.0768786568911656
9549,1.7123505600520597,3.361441019204591,0.021079041779842777
9550,1.7078108333365767,3.3480971648608886,0.05264615895020066
9551,1.7032743578259815,3.3398214070359056,0.011373478542438017
9552,1.7003229269033162,3.3333148174409994,0.0072614245541634
9553,1.6970000376774512,3.3340672637334063,7.30736484592313e-05
9554,1.6824554215995313,3.3176214477953554,0.0001618417322754186
9555,1.687339666123862,3.336873196065442,0.021740014886699063
9556,1.686763522539912,3.336311901409522,0.004899460965119708
9557,1.6897764483482,3.3406628233954847,0.018045030535002858
9558,1.6835156647980762,3.324513843405294,0.005211469971661707
9559,1.6874545590933616,3.3370543060428863,0.008950609648056801
9560,1.6810993233678018,3.31752837352473,0.011098023451095698
9561,1.6880692179539796,3.3290705645580743,0.00788825225442068
9562,1.6844208931539995,3.326425079164993,0.06450471969037398
9563,1.6851128919483431,3.333494122410061,0.02735128562761696
9564,1.693378482446555,3.3540390961925146,0.03221567902657386
9565,1.699074550071116,3.370897738917659,0.01197158739064099
9566,1.702601482520308,3.384732803380875,0.000992176655116142
9567,1.6941724126788302,3.365777225763933,0.011289355076473157
9568,1.7032476245122374,3.391680322644729,0.08674477287167555
9569,1.7011795621020716,3.3804029398239637,0.020940825652914774
9570,1.6990264066411223,3.371182533945169,0.024838352846127128
9571,1.695663740834133,3.3570978021424285,0.01876660368972699
9572,1.6979250337142127,3.3576510660925036,0.7735329713133763
9573,1.6988938431354994,3.355602301079194,0.01101058807406228
9574,1.695115333220988,3.3511449088059475,0.00036528665571187156
9575,1.6895504370116425,3.340380205168878,0.007918702735350919
9576,1.6839842053406677,3.3230548267478395,0.014601989860577473
9577,1.6830193928540944,3.317751552831841,0.02467618516653523
9578,1.685441184253351,3.3299125127707083,0.17271530611428346
9579,1.6845988012798325,3.3288874946437303,0.003536332746862106
9580,1.693444787481814,3.349310208807939,0.024061564840094897
9581,1.6917568045839877,3.3495337919629327,0.0017569574475513256
9582,1.684416819109618,3.3255870607662796,0.008425456259739606
9583,1.6918155240173243,3.34260381584929,0.010720226074335726
9584,1.6909225449220933,3.335351220047865,0.010168310083072283
9585,1.6918384488797495,3.332714578294385,0.016043022836475115
9586,1.694279638517365,3.343417137421652,0.022050839495229096
9587,1.6974248707655135,3.350445134877829,0.012723277907895835
9588,1.68890950008563,3.3298319977733253,0.0014127651864388995
9589,1.6856697142231027,3.320785821286364,0.07352254147297013
9590,1.6816637230421483,3.3151253586097553,0.0003486557757263068
9591,1.6753121906990742,3.293369655634378,0.019589252140355486
9592,1.6813335074302795,3.310429480125186,0.15898218338435705
9593,1.6788494314727882,3.304991833952826,0.0022047529531549095
9594,1.682691297405107,3.3167015114540623,0.0033694163120930633
9595,1.685859883532331,3.3294416419788457,0.011477281596665981
9596,1.681381883960817,3.3192665094113147,0.0030879932195059068
9597,1.6801148767780725,3.318405107081776,0.003272324140598723
9598,1.6749875896878104,3.309896667259643,0.04735764655067616
9599,1.6710251127876754,3.2941987411137608,0.009971318435594505
9600,1.6660250853841054,3.277606068902367,0.002528558661479528
9601,1.6657932370966195,3.283803390977061,0.005438957606240194
9602,1.6661365680934497,3.2773215045225155,0.05660912664274517
9603,1.6595195535008869,3.2607271062282894,0.03727445946887298
9604,1.66350059658627,3.2709697343445074,0.0024382609808081793
9605,1.6689265075332105,3.2830039240530318,0.640603979377667
9606,1.6689750966733758,3.28694714795769,0.016115546515471757
9607,1.6658425064187758,3.282870074635216,0.0055374008765922845
9608,1.667081106498667,3.2854498761942006,0.046611946806754796
9609,1.6703442453172221,3.2876732939683206,0.1900754157507482
9610,1.668868752849939,3.2830917094229086,0.015540021371455137
9611,1.6655942368560475,3.272122983865557,0.004366737308255238
9612,1.6618387072107887,3.260927464149901,0.01027310913699511
9613,1.6619054896242262,3.266903720565543,0.008019980134862329
9614,1.6613470099864562,3.2725326841796774,0.016237710552687284
9615,1.6659299461641166,3.279027285537659,0.013027940616331574
9616,1.6670054346253207,3.2869602319974045,0.01741613057432753
9617,1.663234993994236,3.2818763696682334,7.923733599066932e-05
9618,1.6593129937002054,3.2689925157205986,0.029108622079337756
9619,1.6589756866716476,3.272410684090095,0.0009787381976691318
9620,1.6571038133707716,3.2711016915224493,0.07091828918509446
9621,1.6521059832991531,3.2618019743610485,0.00034270702117211043
9622,1.6474434204399693,3.2626956036365002,0.00013292145839934174
9623,1.64200796694857,3.252986427459165,0.025645146261651416
9624,1.6470049266754263,3.264793167817021,0.013830278185099238
9625,1.6503985858195522,3.280641462526549,0.010907118708223475
9626,1.6562758095991192,3.291511975890646,0.05217134848941064
9627,1.6654720197383233,3.3165196456108244,0.009832255665555878
9628,1.6612325501809484,3.3150801755620103,6.016984575836094e-05
9629,1.6529646724527804,3.2967665731094344,0.1419765955527378
9630,1.650653634060212,3.299821064249301,0.0006102666000181854
9631,1.6502735840507672,3.2930672148763205,0.019856094879892334
9632,1.6488950947089775,3.298000058893882,0.11319051996987714
9633,1.649272507643975,3.3024164224092774,0.010391373697476988
9634,1.64789648954345,3.301015966599151,0.02200509839463714
9635,1.6405294273005258,3.2867255176904955,0.3026977973343649
9636,1.636208054888368,3.2821066769046014,0.026526802019137374
9637,1.630576185986356,3.272829316701825,0.019683151354323247
9638,1.6277144474574452,3.2628272130000044,0.017434708603080856
9639,1.6297678813638594,3.275831596451248,0.010049315570612926
9640,1.6270816403677766,3.262809471113689,0.4104616369876452
9641,1.6220594469426413,3.2538915600817293,0.009265313646870365
9642,1.6217532556256382,3.2605671127869824,0.09973898391507349
9643,1.6273054161588731,3.270520214502226,0.013924690723498832
9644,1.6290502625888816,3.281777407540544,0.19812595734158026
9645,1.6256225625830159,3.2678763934284762,0.009820565982917062
9646,1.6252556917765522,3.271417337083777,0.02228784158002826
9647,1.6072113843058786,3.244235813556731,0.0001649270887364851
9648,1.6068105688957297,3.2461990829526677,0.00020368764317392317
9649,1.612319002862137,3.2525454119507202,0.009463954465949033
9650,1.6069089149535276,3.237323779093829,0.002982973295152393
9651,1.6035462552580781,3.2286396724520117,0.0011927628929633005
9652,1.5873411275735183,3.2022554119420423,0.00014937816943948925
9653,1.5882272746403976,3.2100743519397437,0.040758960916771024
9654,1.586678944467388,3.2107577241149494,0.031223574774367557
9655,1.5855257798013402,3.2016362046574165,0.003260511755089174
9656,1.581297817623195,3.195067483588546,0.000343985607574442
9657,1.5889934734240214,3.214249437102375,0.010092690588815885
9658,1.5804048140975058,3.1931778385490466,0.03759125027218762
9659,1.58491758509419,3.1992265319143156,0.048648806751105646
9660,1.5884746834131673,3.2006322340103557,0.06799064558547548
9661,1.5935755045709974,3.2180265714556535,0.011868375989128526
9662,1.5942407817482849,3.2255531748398263,0.006016663256392078
9663,1.5944402259877957,3.2186900863659136,0.0362011536872226
9664,1.5954963945035692,3.216095113149656,0.05053536490413941
9665,1.5897520821463578,3.2060048573431015,0.04674981070792099
9666,1.5879823160370585,3.2067686041342953,0.023406273108169277
9667,1.5917982660416017,3.2241238374544143,0.007538185337900874
9668,1.591500836485169,3.232739308775183,0.036980956838974795
9669,1.5866403020076054,3.2271468071542575,0.01809678886349986
9670,1.582009102224935,3.219597289738507,2.1821704636416
9671,1.5825257555093242,3.217209673712555,0.018795256594487428
9672,1.579951407349196,3.2081188110403582,0.042078788466624245
9673,1.5631560834429472,3.182972399814252,7.955678124475566e-05
9674,1.5617856631545046,3.17407041336053,0.0033777091031593925
9675,1.5659328593369466,3.185678055474104,0.012505616539366228
9676,1.570238445298303,3.19733524190087,0.038235515654386924
9677,1.5705954380169773,3.199927785318397,0.004371453587335468
9678,1.5705077634771278,3.20710164125858,0.005355246761467585
9679,1.576433457263685,3.2194244207710936,0.021356437085422945
9680,1.573909511847609,3.2080905255111456,0.09757473738547696
9681,1.5699663986565322,3.2009010709892878,0.014848420358302849
9682,1.5729777522649913,3.2152847410021335,0.016948897174274932
9683,1.575231790582881,3.221996553310964,0.0019284621567167619
9684,1.57010352425999,3.210220004926716,0.05492987492786181
9685,1.571529890464863,3.2079087536553197,0.010857245128623516
9686,1.5647386658409572,3.1918106627665437,0.03355213540274233
9687,1.562418425833752,3.19287746416055,0.050853712710642915
9688,1.5639986646158386,3.20263080484139,0.05328461660330842
9689,1.5646518903238122,3.2111498139285573,0.000328972449455002
9690,1.5574729329617347,3.194691595730608,0.025689352152393805
9691,1.5532401646195244,3.187047524319213,0.12759039763189234
9692,1.5358295725258164,3.1595196214656043,0.00013624116348887633
9693,1.534327536743511,3.15333094022984,0.04434768088592482
9694,1.534662394140319,3.1546109086641634,0.006673037489412707
9695,1.533284109061668,3.149466040562938,0.008472971890749357
9696,1.5332944305622698,3.148920962849868,0.008595576551967288
9697,1.5308606968473628,3.1438942622383297,0.009686202375607151
9698,1.5273936971405486,3.1411624071420374,0.0003449633601580986
9699,1.5261202859442315,3.1451549444760696,8.606030224625629e-05
9700,1.521129737264042,3.128399536284057,0.007191885243777975
9701,1.5275415323514407,3.148346129950979,0.019846904763147783
9702,1.5245203343296867,3.149484179150226,0.026738266154871838
9703,1.5226658941712088,3.141665824130408,0.0347590165372321
9704,1.5303409391983007,3.16007062164761,0.005408945842571379
9705,1.5293126189709758,3.1595110101256143,0.0015273022224652167
9706,1.527706800170122,3.150755627680363,0.0092583095287579
9707,1.5323395461372131,3.164728842818544,0.008315620338527252
9708,1.5338658447397846,3.1640735629382406,0.021163907663415648
9709,1.5276143703847236,3.153749853390042,0.03325033399511303
9710,1.5352140751624188,3.168174359045172,0.040399278491658544
9711,1.5345710417634493,3.1613692150281927,0.018472849719135355
9712,1.5390199455823004,3.1732800383420776,0.0061390302958565035
9713,1.5397505209122535,3.1755576060272546,0.012871731989907178
9714,1.5218545184123586,3.1486781797290506,0.00017135559881632196
9715,1.5223111126040891,3.14275614928061,0.008397551489759991
9716,1.5177420306861962,3.132791530067052,0.018113922539516637
9717,1.5140088337544317,3.1325096413883573,0.015783466606769065
9718,1.5176129322450371,3.140866079906985,0.014769226839981988
9719,1.5205791550359689,3.1539414342304593,0.03391700973649637
9720,1.5168509831101142,3.1381804435086744,0.026294019404448876
9721,1.5224846830646424,3.157507538247032,0.04613890415002494
9722,1.51896889862812,3.1443358366713823,0.010177558055997378
9723,1.526507675254626,3.162489268455858,0.03176065941426806
9724,1.5243741324245415,3.155074345758482,0.12371344618150074
9725,1.5239092406544072,3.155979415332778,0.17170208582737498
9726,1.5251427510339404,3.152159972295595,0.07174240967421827
9727,1.5240942975795957,3.1448390212891635,0.011000336194688919
9728,1.5228634253823887,3.1410928368815343,0.026229971992185946
9729,1.5219772561690768,3.141577121860523,0.0040439930962456044
9730,1.5288464839242777,3.159407489353202,0.015773615806797935
9731,1.5260998827261076,3.1548500219283167,0.27809639305347494
9732,1.5248922356166228,3.1505015488977883,0.010759855545558857
9733,1.522811302522682,3.140672769960095,0.01809266022111129
9734,1.5285220529000532,3.1581301359797673,0.007770997704947216
9735,1.53085534309673,3.1559095283904703,0.041928935968379044
9736,1.5249295032461627,3.1435721821926816,0.07191231777597416
9737,1.5195156786393285,3.126953900958052,0.024407540409631365
9738,1.5252096691866432,3.146009715524245,0.006320043218868359
9739,1.5256530949237561,3.1451119372826155,0.009716632622301566
9740,1.5303685020566278,3.1544966802519947,0.010442949763596974
9741,1.513886084316186,3.129118784317516,0.00017961842245499271
9742,1.5153344766530472,3.135084024322561,0.015554491183714231
9743,1.507300634793808,3.114404182858806,0.030718302449700228
9744,1.508499791667466,3.113972983130625,0.01107725730794507
9745,1.5119674580368594,3.123297390478631,0.009654574205538502
9746,1.5180225183804141,3.135527886495224,0.035577711620565826
9747,1.522416276684958,3.1484980860862497,0.05329811344909844
9748,1.5186797738052136,3.1435017458192136,0.05567818177675579
9749,1.5161070828695293,3.1421574213204213,0.0006630339418529559
9750,1.5202516728647322,3.1575612993872304,0.0014110710558643122
9751,1.5228863804671235,3.1564521891046424,0.024981868626302573
9752,1.5259915828562307,3.15681818095495,0.00664346271205144
9753,1.5316457154751257,3.1672681637491285,0.014390051959361437
9754,1.5292218991520492,3.165988476772172,0.001337153841425884
9755,1.5330844451516215,3.1763183911113804,0.005923076012884517
9756,1.539309565116832,3.190867716589898,0.017605483835675645
9757,1.5368978604953902,3.1826005424539234,0.12510462591726365
9758,1.5368032576039725,3.181478967655377,0.0022365385897137146
9759,1.5358875919309312,3.179252346067098,0.012466340897098468
9760,1.5437184017162042,3.196962851151634,0.06902908827807994
9761,1.544275561043913,3.18904861051221,0.00858652827689021
9762,1.5478262831396266,3.191962365034161,0.07909775896157244
9763,1.549988848391351,3.2034823869979165,0.02241197249589304
9764,1.550766542553321,3.2010551455153715,0.010724025944489249
9765,1.543868424048405,3.183599454770609,0.011661872123870095
9766,1.5457328226494815,3.1844382139385594,0.024199654669250874
9767,1.54486507462865,3.180982619406497,0.013879252782445102
9768,1.539488807606788,3.1653702542342312,0.01845514613510816
9769,1.5370369716072243,3.16009381851374,0.00018782147956249927
9770,1.535553033678534,3.163318106342574,0.017486092654223375
9771,1.5356079652368035,3.1716140333202527,0.01619041698539222
9772,1.5392037289646059,3.1755813953644583,0.03929705874391414
9773,1.5333168217986028,3.1554611568064375,0.010083269466708181
9774,1.5353889603800688,3.1653530356581947,0.018072989840707123
9775,1.5399145622212094,3.174987409511015,0.007871696901537441
9776,1.5399603283983896,3.1805653805518044,0.0008485886204973694
9777,1.5364445186505242,3.1831431823346086,0.0001731073689153603
9778,1.5403030810994673,3.189561157599352,0.003358084820018759
9779,1.5403856219622163,3.186248452013327,0.007593477462369293
9780,1.5435470280430246,3.1967255889587523,0.024529088133922725
9781,1.5392597448889451,3.182065582562077,0.03843801010719414
9782,1.5340635661360018,3.1633706042964094,0.01280154171960354
9783,1.5367859430973407,3.1746342823654468,0.014939530291153207
9784,1.5352127928996415,3.1654816773389403,0.01954330068717676
9785,1.5348918580924198,3.159430369619685,0.04197005584190965
9786,1.5308991970235095,3.1467726190644685,0.012154207140672281
9787,1.5303009614961622,3.138909201384107,0.03268846970292086
9788,1.529641754454839,3.1352053287460175,0.032072482622892674
9789,1.5257955225338908,3.1319450332631193,0.01549388431745182
9790,1.5263294444843023,3.1320255956996905,0.017724712528566416
9791,1.5223837097887936,3.1289651056159054,0.13227683755452246
9792,1.5165387951855416,3.113516418123415,0.004460781440803515
9793,1.5163472700743088,3.116878252039553,0.010321341423333434
9794,1.5132228701263046,3.1070175323900107,0.008059319419630603
9795,1.5138959955755595,3.112044960809486,0.0006908067698367378
9796,1.5091087296618357,3.1033153613290896,0.0005173067927188165
9797,1.5134150790188234,3.1118873893991883,0.031744028699749516
9798,1.5136976243338778,3.118080154343165,0.08488423654643307
9799,1.513238898731615,3.1117292651175057,0.025947568634475594
9800,1.5146467628437659,3.1216807162551583,0.043654602232652134
9801,1.511103623590593,3.1206426422299787,0.011597809206620409
9802,1.5166568837198748,3.1376183884552304,0.01715589035284938
9803,1.521943885482667,3.1537868423857986,0.07168263656670824
9804,1.5203633044197635,3.1462710585811613,0.026634472520839742
9805,1.5248108311238273,3.155743708875161,0.012225367659336439
9806,1.5244080722096252,3.159448429869262,0.03437541380037492
9807,1.5250606905439608,3.1542362024833994,0.05990671502519186
9808,1.524430908802994,3.160767223865218,0.030868648978387373
9809,1.524958029103609,3.155734696450709,0.008433459537408046
9810,1.5204542168351556,3.150746293235224,0.0013361278681987847
9811,1.5214659272455744,3.148288748981566,0.019166660333743844
9812,1.5277840540510532,3.166566591753626,0.17470857412176036
9813,1.529606451045248,3.1666999464376433,0.028725731594478384
9814,1.5249563364924439,3.1552750155941904,0.10881084857613096
9815,1.5201746571714183,3.147364720563519,0.016191055394752095
9816,1.5237852207688323,3.155280500167623,0.005688185480690994
9817,1.5180730858344023,3.14624290582523,0.0003565684763798317
9818,1.5163251879299502,3.1464015059965496,0.03248669870759321
9819,1.5167362286504986,3.1513150337374705,0.012826003112377376
9820,1.5117777127518546,3.135014509561276,0.006099468366366181
9821,1.511311463481108,3.1346307433414964,0.0028640044791996477
9822,1.5130574451630576,3.1370405051208743,0.06485377482176953
9823,1.5189009000111362,3.155791492352253,0.016366159175447852
9824,1.5217719238998122,3.168888048227216,0.05344300535287557
9825,1.519543018982395,3.165627356405277,0.0007645861610851536
9826,1.51584931180366,3.164361122590433,0.15381420443101881
9827,1.5123570615802229,3.1514336442479776,0.010511307761060523
9828,1.5126394764277356,3.1635698287256626,0.0015732517602575285
9829,1.5149120828792717,3.17191557350064,0.006531458652113446
9830,1.5156224044454047,3.1764815523410284,0.003010612012295364
9831,1.5116652087254479,3.172555028700034,0.1356721224930191
9832,1.5109216956984144,3.1729838641137365,0.000627822433411723
9833,1.5114946755633867,3.180483616515562,0.1480087894458686
9834,1.512885150663908,3.1879639785033955,0.015018556587060363
9835,1.5196999281736998,3.201922030699851,0.009610446828805515
9836,1.5147934377326058,3.185000438539373,0.040820973694076695
9837,1.5207596179096854,3.199846136990657,0.09371119466024867
9838,1.508442157671576,3.186766342429904,0.0001707961950944754
9839,1.5105117232286616,3.189001358669504,0.02619976864765106
9840,1.5090214896339569,3.179751212235436,0.008969158957988707
9841,1.5046505670107433,3.164237695208472,0.010399331101326363
9842,1.5010883196263363,3.1504026864511854,0.0212500194078618
9843,1.5048134825788808,3.162652814569864,0.013815716384571004
9844,1.50908200741153,3.180355279082795,0.014102686760939226
9845,1.510074107059107,3.18059189011198,0.012142268040351218
9846,1.5022934069150902,3.1635508098890583,0.009978940598986748
9847,1.501391300390759,3.1586184915391016,0.008863473311129752
9848,1.5042592960689782,3.164579261654085,0.013949546209849489
9849,1.5057168694717178,3.174224140219575,0.029545032401841743
9850,1.5102801836865012,3.190393790576385,0.0063933034242474335
9851,1.4880776216347709,3.155108409798132,2.8040839698157736e-05
9852,1.4884890547277196,3.1586841951222815,0.004178065359023176
9853,1.4910555784955626,3.1592339125496207,0.008587341306016556
9854,1.4937921461061021,3.1615596634144265,0.1899476534718812
9855,1.4979895413909907,3.1669084282758653,0.027635120432461757
9856,1.4966557843316604,3.1569294872489113,0.026411416902071654
9857,1.4901931863827644,3.1425573629160706,0.02186243091072011
9858,1.4906385750268163,3.137937453698232,0.021297630673719294
9859,1.490197655945068,3.1314466697693235,0.004934919115312855
9860,1.4981788993010323,3.149031931887875,0.009664973253185261
9861,1.4958536061765382,3.145563982594643,0.00019607359817249873
9862,1.4878129971611063,3.1264812720411186,0.044784739609803434
9863,1.4818909008155825,3.1149034860856197,0.018385253661722528
9864,1.4817279082891648,3.118857301436484,0.005725978336535849
9865,1.463683366632218,3.088499299671086,0.0001338001635836382
9866,1.4652318133803746,3.084729453695365,0.008669884247083797
9867,1.4658177723438024,3.0937440438272845,0.031151971267605463
9868,1.4639575914900995,3.08835686858097,0.0025756054618670285
9869,1.4667528260982996,3.087893072526932,0.021406234898933754
9870,1.4625470272062635,3.081882383004721,0.023689494985757484
9871,1.4642820046256664,3.0932361380651967,0.01619090203332891
9872,1.4606532568032133,3.0860014206894566,0.01880919157569906
9873,1.4590235411811237,3.076230935906976,0.03429369182238063
9874,1.4612457685871414,3.0824041435014378,0.03208436181535394
9875,1.4657648617901176,3.0903338807654506,0.0087790791530617
9876,1.4582736345795184,3.0727040759993125,0.042303164664482244
9877,1.456144839544289,3.062960616787711,0.940025218639032
9878,1.4558974047457331,3.067700917577091,0.004183304920245711
9879,1.4556934579582321,3.0695896407478855,0.1497460917850765
9880,1.4532698667194632,3.0615629636775,0.13310256694704795
9881,1.4513411606503777,3.059153248831521,0.006137178171231261
9882,1.445921738963237,3.057447813171947,0.00023384926372735728
9883,1.4454891525123377,3.0634120399795943,0.01355430126341285
9884,1.4474365963125368,3.0636240324571182,0.0035704138730974617
9885,1.446452207543269,3.053815979396976,0.043201592587069335
9886,1.452755353590529,3.074198739398674,0.01901104984469416
9887,1.4529091471002966,3.0734191102883184,0.017338214787389533
9888,1.4522496271905208,3.0721072923264483,0.01075642289388265
9889,1.4564815062180703,3.0787933943888737,0.028000288378368203
9890,1.460704553633223,3.093720451646143,0.00716217955523129
9891,1.4626868133154416,3.1047028888989066,0.006190482335680834
9892,1.4612759348959385,3.1052126173812393,0.015321628927292604
9893,1.45681569248546,3.089529567297005,0.03849967355704656
9894,1.441193771030163,3.0613113580898466,0.0001469007042502952
9895,1.4423721734711141,3.0723941861332706,0.009703806687655697
9896,1.4451635434192585,3.075333187459948,0.007858405748063072
9897,1.449834366181548,3.0853265093598576,0.004383913609324589
9898,1.4516576497118268,3.0925253836543343,0.0076909948032504345
9899,1.4443783782781405,3.073063021872679,0.5104042069058129
9900,1.4460541920851189,3.0792833652615412,0.0007681818464904856
9901,1.4445302295073585,3.077416158270735,0.010577796243737782
9902,1.4436215112521211,3.069977337813048,0.006993377209081875
9903,1.4494387604443342,3.08887664987696,0.06584186644157407
9904,1.4565183344398829,3.1057853883432753,0.030682365506126283
9905,1.4493838883902481,3.0824503852108434,0.04564778161272325
9906,1.4489077149468188,3.090051532419307,0.00024707940851187546
9907,1.446692054115612,3.0869427642593075,0.01042666571138112
9908,1.4501706479923786,3.1039021819402945,0.037812421311870355
9909,1.452905002401788,3.114416823385567,0.1854101073327997
9910,1.4532823030043795,3.1237399951425218,0.05339573303130399
9911,1.457030181139427,3.1303294856046917,0.009104250539166735
9912,1.4621558089057676,3.1420487026713513,0.012475648553664665
9913,1.4570244479946677,3.1250967355103487,0.3595193207382724
9914,1.4639722542165672,3.141442225540848,0.04944066895766396
9915,1.4615904288473496,3.1390439067268647,0.0007063903372376478
9916,1.4577185888507855,3.128567001109174,0.000562492209393436
9917,1.4546929697301128,3.120837229084146,0.0018701588581045158
9918,1.454685226870784,3.1154614871604553,0.06711333412100559
9919,1.4503691570586883,3.1199276901601314,0.0002471113454607575
9920,1.4463788783844869,3.102866268341851,0.012991753101530973
9921,1.4466951646498987,3.1057161787064715,0.016898638855805143
9922,1.4394891808315773,3.0875025392067457,0.08640494985580963
9923,1.4372044172741842,3.079600538476107,0.002459627584261879
9924,1.4283534945334149,3.055698615065029,0.01529276050851287
9925,1.4239754221036414,3.040447140243376,0.050377908463791775
9926,1.426534757571335,3.041648919962094,0.05554384757782686
9927,1.4239786016167708,3.0325299968330373,0.011792827198769803
9928,1.4219443907648224,3.0256719142804447,0.009975940341594592
9929,1.4233930112101143,3.0296626881059834,0.006772992891105558
9930,1.4291535983935517,3.049455355494248,0.03172735103629574
9931,1.4288440848508435,3.0490049005496784,0.012144350540645816
9932,1.42284271801187,3.032020931434764,0.04069234570506283
9933,1.4103039859660595,3.0077658854014198,0.0024629731357883444
9934,1.3868873792690426,2.968279659172403,2.705247105771777e-05
9935,1.3812502664284732,2.953682794143596,0.019034812701280487
9936,1.3786828725397189,2.9515809225697,0.012377014874987878
9937,1.362536698854495,2.9241397693859916,0.00019719705262395316
9938,1.367269318713171,2.9334019911345552,0.01169869389731304
9939,1.3696440216958765,2.937540701980179,0.011313669075088694
9940,1.3691317050611493,2.9317393214009346,0.013807698505896603
9941,1.3673210120387997,2.9295582282343866,0.0260118951681347
9942,1.371490303509258,2.9385821199419415,0.04626538475419839
9943,1.3730402435972184,2.950042600633775,0.006918008287936726
9944,1.3738552455710642,2.94863794623313,0.007843323115642526
9945,1.3730239896754726,2.955192132317356,0.007209670888705141
9946,1.3723601692184357,2.948370975023333,0.678621295705508
9947,1.372879047060673,2.944662336086794,0.03776078119557342
9948,1.3755674232165775,2.9564613633968806,0.011164601083073017
9949,1.376512942250388,2.9528021762477676,0.5651723387725723
9950,1.3786825844302562,2.9632634740527446,0.004588585945842212
9951,1.3767669245834757,2.961096774634463,0.035458484359564946
9952,1.3731467588152333,2.954215988719778,0.006689545452639942
9953,1.373139242934173,2.958826968754889,0.07459749873504215
9954,1.3744864439355415,2.968547978576907,0.011550172981349333
9955,1.3724276048042294,2.9685033141505524,0.0339477524459677
9956,1.3706028447310779,2.9618527275138504,0.07077446066878813
9957,1.3697169880900684,2.954480252138295,0.021911383670807198
9958,1.368821509666622,2.961749311383888,0.025179099905519083
9959,1.3689988959400856,2.9658516613916976,0.0011209235170083624
9960,1.3698708153344827,2.9609660281001804,0.02195114129214108
9961,1.3674246494797058,2.9475005452059864,0.023212393603965823
9962,1.3638430963151114,2.9331104429585957,0.08871918166605414
9963,1.3679375850006714,2.948848589048359,0.024075439750863074
9964,1.3678343937751678,2.9537978647939895,0.021360671439413566
9965,1.3683811082850816,2.9561244407391407,0.016396940858065714
9966,1.3654110011105915,2.954927571939473,0.016966089057577533
9967,1.3695562801351029,2.9625211702257985,0.028203661180037462
9968,1.369898492948111,2.971167352960308,0.017252220807231967
9969,1.3683261629988868,2.9632758751491215,0.002411843641126894
9970,1.3649604145943106,2.9654908260290056,0.0001609627195285291
9971,1.357247645081136,2.9469483607578617,0.013827744529776215
9972,1.3597939106009298,2.9455260403830206,0.014814486789390695
9973,1.3542962764837196,2.945461688304172,4.410183687952419e-05
9974,1.3541346566080998,2.940951834318061,0.0010620062830218576
9975,1.3594019075452348,2.9539299165877186,0.02234491322568405
9976,1.36122079785725,2.9655605035966923,0.00849471156730327
9977,1.3623673634181688,2.9762684008563394,0.00044535404349782044
9978,1.3644201766081399,2.979198131048871,0.006999886932176718
9979,1.3666913570479913,2.986609776210528,0.009699729642848726
9980,1.3676208927955604,2.9802167802737856,0.011492880419702893
9981,1.365281156492106,2.967353415702697,0.07325743181876347
9982,1.3677404836303784,2.9807137540742885,0.02241461099015551
9983,1.3699321229259023,2.9938070143067868,0.00593191248833009
9984,1.366501129191405,2.984541268638245,0.003943561362475051
9985,1.3646356677056022,2.983740356766214,0.00027444331307465396
9986,1.3623672347325393,2.9721674758968284,0.004061291802038046
9987,1.3655388111453073,2.9879322907736694,0.031770625528115715
9988,1.3479237424304829,2.9570009051436212,0.00017950599194953062
9989,1.343154716283488,2.9395878885427575,0.02890547895747978
9990,1.337340926565891,2.9383233766721015,5.511921601145186e-05
9991,1.3399695660390256,2.9486329182555373,0.023547799210310208
9992,1.3370826446805126,2.9343352524043604,0.014074475149345476
9993,1.3412636843681516,2.944463798994807,0.01217184389812441
9994,1.3440901663333724,2.956127584507326,0.00947254293813515
9995,1.3424071651152536,2.9580303041807485,6.748515028282826e-05
9996,1.34756366270375,2.9695770846879483,0.13701554827051948
9997,1.3464500156726549,2.9640858379126396,0.14650109093467475
9998,1.3471643286559973,2.9717034824715225,0.0146892011337403
9999,1.3460863178409066,2.977180925073194,0.015204236125980134
