{
  "weights": [
    0.006229057472275087,
    0.0003915619405584095,
    0.011523954659852266,
    -0.006204153853048418,
    0.0011966992432323425,
    0.008255729685469868,
    0.01593661899533108,
    0.08363972185066934,
    0.0038994642347615718,
    -0.2861120181330991,
    -0.010690750937105727,
    -0.005737208963759659,
    0.010002064830588393,
    0.07149599998705278,
    -0.0056923191898939456,
    0.005933983842826798,
    0.0014285479318930962,
    0.016226628078285288,
    -0.09970904318884341,
    0.07749283621654436,
    0.014116110457215982,
    0.07025810679877631,
    0.005713619617847875,
    -0.013498493365733848,
    -0.008894963867229965,
    0.0028834308493690592,
    0.009112974178007108,
    0.02589145754894168,
    0.02780116083058666,
    -0.008822351562941588,
    -0.0028968978873489004,
    0.02657998663813068,
    0.07238089755626372,
    0.2197363310662543,
    -0.005502187520038918,
    0.011585061539748963,
    0.08660154514704002,
    -0.014692207059709812,
    -0.02795852418193455,
    -0.01867813398274274,
    -0.053153295503082676,
    -0.05570291195393702,
    -0.050102584418699234,
    -0.007503491900996776,
    -0.01511599175016581,
    -0.0134413401685466,
    -0.0005257451813757558,
    0.011860774812504075,
    -0.0024692311693242795,
    -0.015549506663070508,
    -0.017043403632442222,
    -0.0007306545692179582,
    -0.000435733666035621,
    0.0006242366471189312,
    0.0010854331163877803,
    0.0034495308045250886,
    0.0031465293013769814,
    0.003235565133335273,
    -0.014048189135735934,
    -0.005224099988336251,
    -0.03529348619194684,
    -0.010978975904424938,
    10.117577380754739
  ],
  "final_loss": 0.011924580532131534,
  "training_time": 4.888269424438477,
  "converged": true,
  "iterations": 77,
  "function_evaluations": 82,
  "final_gradient_norm": 2.085946466333107e-05,
  "algorithm": "SciPy_BFGS_OLS",
  "loss_type": "ols",
  "regularization": 0.0,
  "message": "Optimization terminated successfully.",
  "initial_loss": 51.4838830287182,
  "initial_gradient_norm": 10.264706835629974,
  "predictions_log_min": 7.510917985621548,
  "predictions_log_max": 11.622151233425011,
  "predictions_original_min": 1826.8907502991863,
  "predictions_original_max": 111540.41472449459,
  "metrics_log_scale": {
    "mse": 0.02354002626034232,
    "r2": 0.932124881956737,
    "mae": 0.11117540169668053
  },
  "metrics_original_scale": {
    "mse": 18113569.61091736,
    "rmse": 4256.003948649174,
    "mae": 2919.162925225733,
    "r2": 0.9239540874042127,
    "mape": 11.331998536015302
  },
  "parameters": {
    "loss_type": "ols",
    "regularization": 0.0
  }
}