iteration,loss,gradient_norm,step_size
0,51.283818197512055,10.218944563642847,10.019665497454907
1,0.017770023020127194,0.10011865776377145,0.0992053273335722
2,0.012757097291229275,0.000991577309246033,0.0009825316805089938
3,0.012756605575168445,9.820602704062211e-06,9.731014605182016e-06
4,0.012756605526936195,9.726345739409378e-08,9.637617496327309e-08
5,0.012756605526931466,9.632991951178856e-10,9.54511531183229e-10
6,0.012756605526931464,9.540336484254595e-12,
