iteration,loss,gradient_norm
0,0.029766210833009742,0.0003366206403827068
100,0.029766155308157204,7.130946577733675e-07
