epoch,loss,gradient_norm
0,0.016575701011243307,0.15106022846941508
10,0.015805350377503958,0.19510566841978336
20,0.01521038460827662,0.19766428868591418
30,0.014057142176128901,0.21334458834294623
40,0.014400599182607518,0.18115248061052963
50,0.01499748838753925,0.19599200507995984
60,0.014802869525911333,0.21394176595813025
70,0.015209704798017098,0.2176819580006653
80,0.016630159587395804,0.11934000926189628
90,0.014123409737216087,0.2022715340754946
