iteration,loss,gradient_norm,step_size
0,51.52960093445927,10.273823533632251,10.039733019196404
1,0.017789933719350216,0.10031727050620119,0.09940212819381253
2,0.012757099244262519,0.0009935443740451788,0.000984480800829458
3,0.012756605575360016,9.840084554553238e-06,9.75031873318639e-06
4,0.012756605526936214,9.745640620442463e-08,9.656736360523884e-08
5,0.012756605526931463,9.652099630349321e-10,9.56404869937493e-10
6,0.012756605526931463,9.559860946383302e-12,
