epoch,loss,gradient_norm
0,0.015409022424788829,0.0691677539293514
10,0.012056433281624012,0.033542049147559864
20,0.01202723263286237,0.00953224526866264
30,0.012046829915930713,0.0057247520892980165
40,0.011991594082122388,0.008354804244001207
50,0.012053445917577921,0.010377170958172222
60,0.012004353027592573,0.006619991264270299
70,0.012032772546667615,0.009816623051580436
80,0.011970776670348265,0.010958672457021897
90,0.011998630082763142,0.008017380134190644
