{
  "weights": [
    0.006248454367148891,
    0.0003864053110993157,
    0.011530522184451115,
    -0.006202194775776709,
    0.0011962640475510012,
    0.008258065317545684,
    0.01596216300147593,
    0.08336954044852159,
    0.003103335368701704,
    -0.28593011990731415,
    -0.010703210942528681,
    -0.005729138115666902,
    0.010012874249962653,
    0.07152597666326588,
    -0.005605294815331612,
    0.0060210082173890135,
    0.0015155723064540865,
    0.016706071066129487,
    -0.09973901986505612,
    0.0774696520855146,
    0.014099461148970656,
    0.0701758613190425,
    0.005721176294451087,
    -0.013475959721273807,
    -0.008885732715377988,
    0.002878274219909829,
    0.009098558548064236,
    0.025878498510987915,
    0.02803835946495278,
    -0.008836274236543372,
    -0.0028797954030693913,
    0.026577315474173465,
    0.07229865207652832,
    0.21978323967676616,
    -0.005537611087269718,
    0.03543518311365971,
    0.06280085887044495,
    -0.01479021148051704,
    -0.02808826249201566,
    -0.01880762223060514,
    -0.053423347111233616,
    -0.056033691869814155,
    -0.05051196026186711,
    -0.0075698441577616285,
    -0.015205556785505727,
    -0.013472316411855423,
    -0.0005297329881595554,
    0.011880579864148451,
    -0.0024831538429258607,
    -0.015493849405945184,
    -0.01697174753504863,
    -0.000713552084938601,
    -0.0004324212897854487,
    0.0006222598413741687,
    0.0011101653695436192,
    0.0034150489349274882,
    0.0031345876971330764,
    0.0032468311710514446,
    -0.014033822013805255,
    -0.005178434702348739,
    -0.0352395006910598,
    -0.010991962571650119,
    10.117561748076588
  ],
  "final_loss": 0.011924999548113316,
  "training_time": 6.318504333496094,
  "converged": true,
  "iterations": 93,
  "function_evaluations": 102,
  "final_gradient_norm": 0.00012757896235038663,
  "algorithm": "SciPy_L_BFGS_OLS",
  "loss_type": "ols",
  "regularization": 0.0,
  "memory_size": 10,
  "message": "CONVERGENCE: REL_REDUCTION_OF_F_<=_FACTR*EPSMCH",
  "initial_loss": 51.4838830287182,
  "initial_gradient_norm": 10.264706835629974,
  "predictions_log_min": 7.511102005001377,
  "predictions_log_max": 11.621966537798707,
  "predictions_original_min": 1827.2271485724034,
  "predictions_original_max": 111519.81541540292,
  "metrics_log_scale": {
    "mse": 0.023541859478064062,
    "r2": 0.9321195960718409,
    "mae": 0.11117872763731573
  },
  "metrics_original_scale": {
    "mse": 18105887.429677334,
    "rmse": 4255.101341880982,
    "mae": 2918.9818815535127,
    "r2": 0.923986339384119,
    "mape": 11.332102928762373
  },
  "parameters": {
    "loss_type": "ols",
    "regularization": 0.0,
    "memory_size": 10
  }
}