iteration,loss,gradient_norm,learning_rate
0,51.22301263581392,10.236761509987915,0.0009708700193835591
1,51.12360351121404,10.224198015312762,0.0009347585205631164
2,51.02320124996166,10.21058280584667,0.0009363035621011899
3,50.922728248531314,10.197974463221115,0.0009514044349927406
4,50.82326028813649,10.185194220167592,0.0009416772190166371
5,50.72242270989929,10.17339897824436,0.000972572779405869
6,50.622381032350184,10.162713065224299,0.0009814551549443655
7,50.52238308188204,10.152131008609679,0.0009841243790805012
8,50.42224815443952,10.140365906700104,0.0009729401484572486
9,50.32206214344665,10.128180403046134,0.0009674368046184637
10,50.223591960326566,10.118223430551108,0.0009804278653503004
11,50.123315163652926,10.105824342653452,0.0009683977949583233
12,50.02355144687568,10.093685420459709,0.0009690719806914294
13,49.92423485250271,10.082090841909942,0.0009723663724963242
14,49.82493460537803,10.071807294822412,0.000990796030544339
15,49.72553437927789,10.059887987510473,0.0009740431270897483
16,49.6259197564674,10.048319375811282,0.0009850106649026162
17,49.52652816120426,10.037342873052163,0.000990728853687905
18,49.42758327974863,10.027270943667077,0.0010009766252595718
19,49.32984287014538,10.014672873839794,0.0009553310627641812
20,49.23079962979302,10.003537658152412,0.0009900703640248433
21,49.13228379672285,9.99121054570741,0.0009721600157308619
22,49.03443121989259,9.981376280115645,0.0009997791650331168
23,48.9362463635577,9.970423388007816,0.0009871014281104974
24,48.83758638231371,9.959222302785737,0.0009945720317385955
25,48.739260276541124,9.947016470185561,0.0009772136041211806
26,48.640780556122294,9.936036460770964,0.000998279962038995
27,48.542685437120085,9.925298882759618,0.0009991991072378192
28,48.445256483450066,9.915415858624467,0.001006788155616152
29,48.34741137213067,9.904854823284067,0.001004817093822789
30,48.24925090850286,9.893607712532287,0.0010018532121669965
31,48.15200414231298,9.881853973112365,0.0009828668991926166
32,48.05419500323353,9.870561474613698,0.0009993716976076997
33,47.9566867261551,9.8593825496989,0.0009997247573412145
34,47.85952733398008,9.847911709512417,0.0009915681847031716
35,47.7622192416486,9.837311506059619,0.0010103172423140915
36,47.664618704371804,9.826512319295448,0.0010124385744337912
37,47.56712356148586,9.815929284231014,0.0010167203689274277
38,47.46983342582873,9.805491839554117,0.0010184638011797149
39,47.37318084647722,9.794030015778183,0.0010000904076391767
40,47.27708115570932,9.783198587649638,0.001008983925988512
41,47.18169825179781,9.77225070045725,0.0009965028663917362
42,47.08515091814571,9.761653104519429,0.0010163742936883176
43,46.98904294260949,9.750691967311342,0.001010563730337656
44,46.89266473750519,9.739538641901524,0.0010102874520349194
45,46.79588886858245,9.728759204912656,0.0010232918865839924
46,46.70017418331994,9.718204146662318,0.0010146203528830979
47,46.60435680135023,9.706677635195007,0.001004464861485616
48,46.50964211500523,9.695221231843096,0.000995725247231567
49,46.41446161782698,9.684047809038844,0.0010076198585310416
50,46.319906475838245,9.672355102840344,0.0009954179289719115
51,46.22411876766553,9.661816851171428,0.0010281959541793269
52,46.1285793990492,9.651102157655144,0.0010240834677200073
53,46.033520604316244,9.64053985647447,0.0010258720809896513
54,45.93833024069249,9.6298097425672,0.0010236639281064404
55,45.843190616977765,9.619585687593249,0.0010341519615157547
56,45.74775536839689,9.608929636292071,0.001033196124637853
57,45.65344200850281,9.59803846328274,0.0010177529539758757
58,45.55834342020332,9.587598703728094,0.0010376667819781422
59,45.464534957837174,9.57733435332485,0.001023027205781616
60,45.369622099475876,9.566840861975408,0.0010370024211700023
61,45.2748520878764,9.555886471003486,0.0010320115646513964
62,45.181621664158804,9.545835825658102,0.0010258887083232423
63,45.087520126322225,9.534566348125642,0.0010220940746308682
64,44.99348253858897,9.524237902845872,0.0010398380987252068
65,44.899281615556134,9.514172211025013,0.0010467589694476865
66,44.80513156794934,9.50348372404776,0.0010403363663836294
67,44.71113710346115,9.492841049036707,0.0010403070049383371
68,44.617010276904914,9.482100863341747,0.001044536422175529
69,44.522929113600526,9.471347620007398,0.0010449510297861758
70,44.42969381726047,9.46162093615059,0.0010531751898848704
71,44.336178481725455,9.451034473501704,0.0010447309610363252
72,44.24305371285749,9.44078924081976,0.0010470146870640705
73,44.15022730651606,9.429747015966127,0.0010359424391574782
74,44.056826806925336,9.418719122122646,0.0010438072756378453
75,43.96332198092643,9.40822092442134,0.0010547389305589738
76,43.87082658079324,9.398745792974692,0.001057546270326896
77,43.77810533443836,9.388573677863807,0.001053237025456782
78,43.68492090206624,9.377985592844041,0.0010566383935323082
79,43.59207587148462,9.367618057415703,0.0010573437451790939
80,43.4996674482039,9.356896791224003,0.0010478850233104707
81,43.4069740339602,9.346225332954345,0.0010582300639239012
82,43.31604268988419,9.336930197038262,0.0010540018119048285
83,43.22368287207448,9.326629485316541,0.001061127542843736
84,43.132167968076764,9.31559638495665,0.0010449236183313379
85,43.03982158024726,9.305096457537267,0.0010634637294382075
86,42.94835087001953,9.293945534944827,0.0010470652379645058
87,42.857150323968895,9.284290969432234,0.0010663592678892425
88,42.76553739039444,9.273895316865604,0.0010627934854593776
89,42.67402275724509,9.263370205725165,0.0010632401522918415
90,42.58305053236898,9.253328572973162,0.0010643177572399935
91,42.49185705399247,9.24262000018505,0.0010592551999525275
92,42.40050656874308,9.232300509155404,0.001070017524065341
93,42.309315774458305,9.221883866234341,0.0010697483386638545
94,42.21858959045895,9.211286323650798,0.0010588386384771616
95,42.12791191187397,9.20134172875743,0.0010725173174306326
96,42.03725216047723,9.191496693069567,0.0010768426830131872
97,41.94657199028854,9.18089100548865,0.0010698669668787583
98,41.85604757971966,9.170891915958856,0.0010774764577931525
99,41.76491886123808,9.160364855539292,0.0010815890119408311
100,41.674695385243155,9.149923399434739,0.0010724325112808784
101,41.58398736559821,9.139479220994405,0.0010813252483058166
102,41.49333327991632,9.129270506619392,0.001087468108032292
103,41.40337689896153,9.119748913461384,0.0010914839115822317
104,41.31276983427176,9.10962313117016,0.0010942627323588018
105,41.22325727189818,9.100041075008559,0.0010897294004693998
106,41.134139884528274,9.089201518899653,0.0010684931729966543
107,41.044452591205534,9.079464518148416,0.0010968855066095162
108,40.95458833346311,9.069074514082914,0.0010892588392618224
109,40.86482818321894,9.058493542062285,0.001085350505354577
110,40.7754459136452,9.047838004731188,0.0010843831123856105
111,40.68606123904377,9.037878788665582,0.0010952950952282465
112,40.5969162158178,9.027750725141441,0.001091106831003961
113,40.5078800201702,9.01757941912949,0.0010936349638665636
114,40.41867295135621,9.007494594097992,0.001100915776095411
115,40.3296712763954,8.99746745815229,0.0011006942236576585
116,40.24113530821922,8.987830883763491,0.0011000921910834097
117,40.15236312635774,8.977861553112096,0.001101407254983465
118,40.063428065825896,8.967494821187461,0.0011013150273671423
119,39.975407247246494,8.957083021239942,0.0010921212216167863
120,39.88712167217115,8.946978857386794,0.0011016119649711633
121,39.79957993624032,8.936922915711673,0.0010977857266060973
122,39.71134053159524,8.926615935793272,0.0011032417839840346
123,39.623157093000934,8.916393996462993,0.0011064381552328252
124,39.535740001753986,8.905663871574827,0.0010903619770482645
125,39.44760851023779,8.895577553190222,0.0011140528837453143
126,39.360113844050595,8.885724639539509,0.001109493657126979
127,39.27228900408952,8.875642082410648,0.0011154425781401051
128,39.18521401953944,8.865150015013974,0.0010996758663458527
129,39.098214561106765,8.855008462584637,0.0011067194142816788
130,39.012090603750224,8.845007077220103,0.001100909229132969
131,38.92529553908566,8.835141843782115,0.0011118697106334875
132,38.83831149814869,8.824785230385313,0.0011102124608682055
133,38.75126703941495,8.814994966547554,0.0011240649609972051
134,38.66529619716241,8.805349654119427,0.0011132926983346255
135,38.57898227258333,8.794692004470926,0.0011040757395313172
136,38.492903580034174,8.78415854816861,0.0011031652723881044
137,38.40661019350089,8.774454982685349,0.0011242331612732921
138,38.320011675360824,8.76468263614578,0.001130643688965901
139,38.23308980957342,8.75438965350086,0.001129009027202056
140,38.146857122225626,8.744188181709761,0.0011250792943442698
141,38.060537634005335,8.734188920072782,0.001129352848589537
142,37.974045672233316,8.72410221953317,0.001133495559230541
143,37.8877446987238,8.713799848732602,0.0011316125684182614
144,37.80159868351345,8.704040630444462,0.0011402006185432137
145,37.715953506565235,8.693946838557995,0.0011298873000062997
146,37.629878662413695,8.68398513622638,0.0011406286877994804
147,37.544359556198934,8.673574598040267,0.001128131275194459
148,37.4590538445725,8.663434769976345,0.0011341426803821132
149,37.374531501590575,8.653531673164919,0.0011284662571170445
150,37.28853871346467,8.643432762412708,0.0011506727022396917
151,37.20317123424948,8.633152659602846,0.0011379159506355804
152,37.11756677935751,8.623153898259831,0.0011512398631104634
153,37.0325168921319,8.613146303603246,0.0011442967696558015
154,36.94781768923095,8.603438368834398,0.0011466357497640013
155,36.86365930107673,8.593154273480579,0.0011320867632026307
156,36.77871637418338,8.58305033635074,0.0011522678757149554
157,36.69441847017688,8.572707081496942,0.001136309028341931
158,36.609863594347836,8.562990538560875,0.0011556094599848527
159,36.526362598096995,8.553233867527313,0.0011405923401185296
160,36.442116647269806,8.5433172958874,0.0011524080075724003
161,36.357531731388775,8.533267496860184,0.0011582777321978966
162,36.27430130084753,8.522895058768338,0.001134239650390919
163,36.18990193987636,8.512865558823254,0.001161295945842677
164,36.10600357223931,8.502870403909426,0.0011566166721869487
165,36.02303858156663,8.493328870088016,0.001151996014718224
166,35.939785898503445,8.483737046830253,0.001161687863051789
167,35.85595227909522,8.473797043898724,0.001165251730992946
168,35.772086571218146,8.463571414268399,0.0011639819435244518
169,35.688400498218776,8.45371342305753,0.0011689914479111555
170,35.60554396361397,8.443504501693145,0.0011571900855926538
171,35.523543968077696,8.433885342006002,0.0011544436722525568
172,35.44055659146039,8.423901564302218,0.0011701013237679758
173,35.35763248565024,8.414052168343115,0.0011729939301421016
174,35.27456969288107,8.404097551404396,0.0011768261130423528
175,35.19160323064291,8.394015067829335,0.0011732758365747239
176,35.108930332377845,8.384019566264993,0.0011698551936822263
177,35.026272605829725,8.374089023366949,0.0011804173603060422
178,34.943365131720356,8.363988975221007,0.0011824528334970952
179,34.860690585187605,8.35415434793369,0.001185698112829463
180,34.77908963105985,8.344545102190171,0.001173676539998331
181,34.69726012077003,8.334657221753615,0.0011757121726826214
182,34.61470474324134,8.324710440268058,0.001191936765066117
183,34.53269087193854,8.314686395161408,0.0011833718124696874
184,34.45049416334956,8.304849015483235,0.0011915583507057501
185,34.36883598756389,8.295066082864242,0.0011893316657016657
186,34.28654523161153,8.285078912377452,0.0011961613845483166
187,34.204949346553235,8.274876380833405,0.001186347667260553
188,34.122818813508935,8.264998164360387,0.0012027569850080206
189,34.04104945451138,8.25494109214602,0.0011971375997948538
190,33.960170270393284,8.244822455984012,0.0011838071123760384
191,33.879309347709345,8.234760401158345,0.0011867329279956914
192,33.79855653361066,8.224833514863215,0.001192376951800896
193,33.71687888169171,8.214880483477506,0.001209507719334186
194,33.63570834966327,8.204909711741085,0.001199831548527584
195,33.554724561941235,8.195005528573917,0.0012037423168589564
196,33.47394258929478,8.185153145602623,0.0012038859142536789
197,33.39286309328009,8.175141277104505,0.0012094847453091044
198,33.31189640500708,8.165025910205854,0.0012082911134135284
199,33.231068228976596,8.15505111519956,0.0012141657843317076
200,33.15081369073651,8.145213285004262,0.001208663957896511
201,33.070535829420535,8.135383592634374,0.001212318389351616
202,32.99042004563537,8.125478964946291,0.0012098685797460446
203,32.91039686084467,8.11548340316952,0.0012134385736020192
204,32.8299869977667,8.105571351286324,0.001222239414855487
205,32.74987379310782,8.095803296945068,0.0012212224317689787
206,32.670134346622646,8.085683297703934,0.0012134719890394172
207,32.59089170017831,8.075782255576668,0.0012129971278901865
208,32.51174881087189,8.06606322068704,0.0012185956657982271
209,32.43224007123898,8.0559596597476,0.0012222201127687871
210,32.3524175429342,8.045852646267976,0.0012320087734631888
211,32.2737485143029,8.036168715373744,0.001218532992690887
212,32.194184025012376,8.026100910044235,0.0012312222459592603
213,32.11561470768931,8.016087024023111,0.0012160217008742892
214,32.03711367775462,8.00640986866789,0.0012256352403534534
215,31.958182148142587,7.996640217866309,0.0012379019010711817
216,31.879289276559312,7.9866213060937055,0.0012321504669490428
217,31.800483479110092,7.976612427549673,0.0012357068767515965
218,31.72153331596061,7.966614840595505,0.0012404051573341938
219,31.642895940310726,7.956607817894017,0.001234951059030493
220,31.56482124667203,7.946558087534079,0.0012322554114663552
221,31.486856759146825,7.936743771207975,0.0012342462170688044
222,31.40847207890762,7.926903680950669,0.0012479959792059683
223,31.33014102984274,7.916992324302465,0.001249243110504525
224,31.25156909317724,7.90705890687261,0.0012563837857016067
225,31.17310992690052,7.897105970510168,0.0012568850604871397
226,31.095157127898926,7.88731275638912,0.001253752052416549
227,31.0170846213655,7.8773356548551545,0.0012560521542377345
228,30.93956760426785,7.867530840888177,0.0012520951535186864
229,30.86208413371562,7.8574898481274715,0.0012487866454535073
230,30.78436056986697,7.847517776595946,0.001259581761698733
231,30.706976575140597,7.837646464526769,0.0012591682092427435
232,30.629800428837477,7.827742018041297,0.0012581085221999974
233,30.55241265518538,7.817776346628926,0.001259226956170269
234,30.475445764132882,7.807727336923135,0.0012569441142890405
235,30.398480800926546,7.797886276297109,0.0012633807187397642
236,30.321328376033016,7.787929045280718,0.0012696604907267426
237,30.244862722454048,7.778199328016407,0.0012626569068742474
238,30.168576330440523,7.7684072738367105,0.001262963719629351
239,30.092193869093904,7.758500794446513,0.0012654513319766893
240,30.01604679802587,7.748670008686411,0.0012660063424059956
241,29.939538114988277,7.738891913609541,0.0012783423892459812
242,29.86348687574714,7.729048419642778,0.001272563422467514
243,29.786805944245344,7.719090443958117,0.0012842141246937055
244,29.710545645301877,7.709204714866784,0.0012796158094391208
245,29.634704629244524,7.699293250658002,0.0012760575740251873
246,29.559245443724738,7.689628962511811,0.0012772351482008859
247,29.48344165631601,7.679791327100318,0.0012795947065578012
248,29.40766846579114,7.6699566604476255,0.0012851674580077268
249,29.33201688846785,7.660006676714377,0.0012860149263333094
250,29.256388619002177,7.650026108636734,0.0012888081356264302
251,29.180972589062574,7.640203610654369,0.001291305349815057
252,29.105471421220653,7.630267113051411,0.0012963566435599436
253,29.030884588935734,7.6203274527771265,0.0012827837045558473
254,28.955985052724582,7.610388562944091,0.0012891199474311147
255,28.88060402544631,7.600475991274801,0.001301771818986379
256,28.805619951108337,7.5905452234860675,0.0012967989030079365
257,28.730670875126105,7.58067013002518,0.0013028916266172713
258,28.656613414893005,7.570745636131397,0.001283046029210718
259,28.58229064094387,7.560833374166041,0.001293282641263678
260,28.507675597327193,7.550890363840221,0.0013075044472148102
261,28.433427791068585,7.5409743718143245,0.0013042688168847412
262,28.358631389389476,7.5310686695752675,0.0013153854271590014
263,28.28414110928249,7.521156791235752,0.0013167536849315374
264,28.210957621923345,7.5114045384865005,0.0012934448122911692
265,28.137140578942528,7.501514904328888,0.0013097957622612436
266,28.063691153241667,7.491730717343341,0.0013075530921614177
267,27.98958264200733,7.481775053915116,0.0013206148714158452
268,27.9160945960814,7.47184902515226,0.0013139087319110863
269,27.842363213045605,7.461968051228689,0.0013198223331803078
270,27.768836922280737,7.452041995543944,0.0013201197606604246
271,27.695326675193925,7.44216223529004,0.0013238045231249232
272,27.62225635316813,7.432242628678248,0.0013189333230611117
273,27.548709516227973,7.422371207865274,0.001333253444403997
274,27.47561773172991,7.412398224683962,0.0013233249594870858
275,27.402521074605378,7.40249832991804,0.0013314848447088872
276,27.329746420461387,7.392713378096227,0.001329414137621572
277,27.257068771937284,7.382891841450366,0.0013339010773991986
278,27.184272051273002,7.372904608167084,0.0013363289489298168
279,27.111656715077288,7.362974721036765,0.0013374434070845395
280,27.038847867276612,7.353121127689929,0.001345089850986663
281,26.96589639133384,7.343150831945249,0.0013498948546463066
282,26.89349939692919,7.33330789140648,0.0013449877252832527
283,26.821133606892033,7.3234234749751375,0.0013491681629401104
284,26.74863732796482,7.313513968353444,0.0013533081477044569
285,26.676481619434504,7.303679761330146,0.001352226488674349
286,26.605004148584023,7.293931850632603,0.001342864840489341
287,26.53309270950536,7.2839709889876785,0.0013503050533089118
288,26.46130606233239,7.2740264032221615,0.0013510597324532696
289,26.389620226575275,7.264076699853377,0.0013541988711142333
290,26.318423043023813,7.25436670831735,0.001353965031964831
291,26.246866050292663,7.244532655544673,0.0013603399952404928
292,26.17539187905818,7.234583318147042,0.0013606367017038393
293,26.104241083418493,7.224690394590624,0.0013592052389593795
294,26.032899195276396,7.214741160051928,0.0013672146280726434
295,25.96187315909676,7.204963970119987,0.0013665736989730665
296,25.891305752187503,7.195079415758124,0.001359741918474641
297,25.820808218497238,7.18523310765186,0.00135768588559432
298,25.750307143141203,7.175427824861097,0.0013671309218350983
299,25.67980792720614,7.165585328424209,0.001369685639057944
300,25.60957184026693,7.155707004421227,0.0013698603794079992
301,25.538998508105887,7.145880418063573,0.0013819924493400032
302,25.468323523454195,7.1359866293274345,0.001385050168768913
303,25.398573981190737,7.126299596414293,0.001373193680155142
304,25.328429766713985,7.11650346181345,0.0013840329969857614
305,25.257902133291672,7.106610804875209,0.001393865978224157
306,25.188188279214888,7.096865881881947,0.0013809663812214417
307,25.118418548698752,7.086993134268245,0.0013886239305284413
308,25.04909017153595,7.077164901240712,0.0013821495443308485
309,24.979800390234324,7.067499125424633,0.0013869543644065088
310,24.91003861842589,7.057593027267377,0.001398426044831275
311,24.840616451593167,7.047687375909219,0.0013933863527516978
312,24.77206293717828,7.037831784503259,0.0013823121611729057
313,24.702832273306257,7.028012480987734,0.0013996609491048648
314,24.633264213694396,7.018126411990552,0.0014103860400329553
315,24.564681363042673,7.008261398924236,0.0013921493729919547
316,24.495451102641795,6.998337095248874,0.0014078551154627808
317,24.426354284402976,6.988398563435792,0.0014107108493368638
318,24.357111952869328,6.978469221787495,0.0014180897173187324
319,24.288436456237292,6.968649052320456,0.0014103008475498124
320,24.219550892671155,6.958740903380095,0.001417935548522641
321,24.150959493539013,6.948909309396629,0.0014226097756784792
322,24.082447536258073,6.938982775814085,0.0014206859761918859
323,24.013981465251458,6.92905739471819,0.0014227451192119725
324,23.946471117059282,6.919307965723029,0.0014058666183384598
325,23.87805654159601,6.909421024067474,0.0014282290020173507
326,23.809820791369322,6.899556337989223,0.0014327524915660002
327,23.74180645820314,6.889623440673584,0.001426762517629349
328,23.67368900520377,6.879769211020918,0.001437316753291005
329,23.605901273041038,6.8698704565500535,0.0014304153061727874
330,23.53773014180433,6.859917667298512,0.0014475512254314411
331,23.47002155728973,6.84999949325355,0.0014413337407797162
332,23.402968883502357,6.840134465953134,0.0014293829476261003
333,23.33548438058529,6.830214941428226,0.0014435975145788444
334,23.267768735050065,6.820328079226218,0.0014525879812281389
335,23.20106667892627,6.810464691848476,0.0014336694549998957
336,23.134017011559536,6.800589812769511,0.0014449535537154668
337,23.066693303178802,6.790671786896217,0.0014554384240691497
338,23.000003538346714,6.780812410474013,0.0014479068254415978
339,22.932798488768203,6.770881431452341,0.0014617300992088174
340,22.865701694499116,6.7609741480204235,0.0014668707073961567
341,22.79913174719371,6.751099216609503,0.0014536722043743538
342,22.732716905819327,6.7412661990215295,0.0014611414821137521
343,22.66585893873974,6.731335458614513,0.0014722025009928398
344,22.599148464330064,6.721388266439426,0.0014724327434030373
345,22.532825529978368,6.711499716869297,0.0014696603489387059
346,22.466838365587186,6.70164854880933,0.0014642227112571721
347,22.401154845463633,6.691843428241746,0.0014625222829162323
348,22.336467170032947,6.682216760704396,0.0014479578243294143
349,22.27100558306347,6.672378186730444,0.0014647311796326013
350,22.205144909696518,6.662496927100043,0.0014799155459180168
351,22.13952418796089,6.652652857273536,0.0014803557626887729
352,22.07391977239894,6.642769217493028,0.0014847364003158447
353,22.00873772192384,6.632929078672032,0.001478922098193423
354,21.943232093677903,6.62302037109496,0.0014896878359735508
355,21.877752180078485,6.613114903053884,0.0014952381047534948
356,21.81240553620352,6.6032359496678765,0.0014983226079085235
357,21.747426384849255,6.593405435859132,0.0014906844968200152
358,21.6823345278244,6.583514336252432,0.001499287120543306
359,21.617662964373054,6.573684353654894,0.0014929699576345728
360,21.554002299490374,6.563965704669912,0.0014746591170091273
361,21.489290598132264,6.554079864390986,0.0015013488458551479
362,21.42487966789382,6.544231825844312,0.0015007770908524805
363,21.360130308869007,6.53432915795197,0.0015156111127692963
364,21.29572247839239,6.524449746069959,0.0015066372842707232
365,21.23125146989754,6.514559325990511,0.0015161403355053846
366,21.167228531685524,6.504728866428223,0.0015104586654875306
367,21.103431876500544,6.494878077547049,0.001504660822128059
368,21.03953469973063,6.485062037164121,0.0015183351218072602
369,20.975310445465706,6.475158996672868,0.0015288474607073625
370,20.911392396634955,6.465266759896244,0.00152659702313262
371,20.84763819023754,6.455409655544166,0.0015276276225790566
372,20.78379618479569,6.445510587937313,0.0015342302790038768
373,20.72025364279319,6.435608579319684,0.001530831378890424
374,20.656523821380066,6.425670008472949,0.0015387182521860536
375,20.59305981828214,6.415784106217619,0.0015392295899589936
376,20.529523755747395,6.405847931948998,0.001542884093547995
377,20.466302659712763,6.395963565855428,0.0015428566082279916
378,20.40310474493414,6.386059016835985,0.0015489016569232759
379,20.340038182613515,6.3761918259582915,0.0015457439490395345
380,20.27672773973052,6.36623857038605,0.001556857855469986
381,20.21433828723299,6.356428739370694,0.0015404485173454488
382,20.15171110194879,6.3465638786680465,0.0015520442569868975
383,20.08905523909013,6.336670507583066,0.0015545362751600135
384,20.0265990121274,6.326779952174902,0.0015568241902892933
385,19.963800655130726,6.316830105473253,0.0015698237939736402
386,19.901598246977183,6.306969593998098,0.001560643941695997
387,19.839517798105895,6.297131452985916,0.001563663529182844
388,19.777856709986356,6.287304692903745,0.0015541318693806155
389,19.7159106062049,6.277422643759724,0.0015676747957327002
390,19.653924530121728,6.267537471918201,0.001575567204293463
391,19.59186985944564,6.257634315484683,0.0015822680584873425
392,19.530457384679714,6.247788301699988,0.0015664521228420305
393,19.469061270398395,6.23795506115502,0.0015742827383867458
394,19.40754886439244,6.228088782583435,0.0015804411695962731
395,19.347101346722376,6.218431189722451,0.0015597269965869915
396,19.285654008403466,6.208510153726614,0.0015901059034317052
397,19.224493731220942,6.198653228253542,0.0015892911601185014
398,19.163444165549738,6.188777608602315,0.0015873403298647345
399,19.10244838854422,6.178913294218825,0.0015930885908340944
400,19.041581158613745,6.16907944793609,0.0015954601201641075
401,18.980696234390102,6.15916368712257,0.0016015454801500042
402,18.919701728316333,6.149243119409611,0.0016077459538517535
403,18.858955721812272,6.1393445940200895,0.0016071542629681236
404,18.798209186106206,6.129456597670263,0.0016146190537649687
405,18.738093133325027,6.11965258508,0.001604570867258376
406,18.6775339043209,6.109753567555799,0.0016181340363299974
407,18.617007335296886,6.099838452088724,0.0016210705634243398
408,18.556731001207595,6.089954374162104,0.0016218607605471697
409,18.496794230948563,6.0800583044241465,0.00161605972241258
410,18.43670360290636,6.070168564473818,0.0016241883713259229
411,18.377318527924466,6.060365840362697,0.001611409913750109
412,18.31768640799664,6.05054497922113,0.0016281525255499993
413,18.257852757037487,6.040638704863162,0.001638593351349567
414,18.19884360761042,6.030835884985118,0.0016178012762242035
415,18.139095911048685,6.020909450629073,0.0016424622240804178
416,18.079613888778862,6.011012434913704,0.0016410446972478085
417,18.020494085507686,6.001171647584108,0.0016388900554506437
418,17.961425342859382,5.9913091491179165,0.0016401785262105013
419,17.90220376532462,5.9814135351951485,0.0016526453076870522
420,17.843247361469558,5.971554239043553,0.0016507654653416775
421,17.784113403646316,5.961636675037951,0.0016576527632854447
422,17.725252058665788,5.951755409194611,0.0016594624336504777
423,17.666647872167953,5.941853073512791,0.0016552099101525156
424,17.608131468540755,5.932013172125285,0.0016607501612268306
425,17.549652828572405,5.922117191102104,0.0016613528771081618
426,17.491350460701675,5.912268616820625,0.0016699559181831943
427,17.432967526644898,5.9023814404248895,0.001670666166927193
428,17.375190307432696,5.892563515158746,0.0016596422485830548
429,17.31740839896919,5.882739799771543,0.0016650078160234212
430,17.26006648454021,5.873008978001264,0.0016567804875984354
431,17.202258291887116,5.863144887777863,0.0016759513113682929
432,17.144427464464837,5.853275672097406,0.0016832027298763986
433,17.086939924323264,5.843441709306242,0.001676798350115604
434,17.029223258771317,5.8335633678740315,0.001693386133415506
435,16.971373025846155,5.8236231193846715,0.0017008485348444795
436,16.91398133522837,5.813718846799154,0.001692550366687222
437,16.856529423735328,5.803830439492911,0.0017022944893889014
438,16.798935157843342,5.793901462474023,0.0017147771758839409
439,16.741623194775084,5.783995682471321,0.0017040958856272934
440,16.68487674270945,5.774167196414261,0.0016958879281487277
441,16.628495839236393,5.7643632495048,0.0016936153146225289
442,16.57137105910379,5.754443755576828,0.001721703099540712
443,16.514514092787994,5.744561880340559,0.0017192247052061856
444,16.457768785204706,5.734676471986948,0.0017223133967030379
445,16.401172846165757,5.724802614025905,0.0017260512033748223
446,16.344884881204777,5.714965690326515,0.0017178706132043948
447,16.289292626412,5.705225824022516,0.0017048018734489292
448,16.232999981389817,5.695372942691174,0.0017337611179083535
449,16.176695025765646,5.68549978710531,0.0017345110924516572
450,16.12052274472453,5.675611338848222,0.001738606236729999
451,16.06461491830214,5.665746741678035,0.0017378311573615893
452,16.008577640898654,5.655824380051314,0.0017470073264706943
453,15.952673417117907,5.645958190508549,0.0017501446700598506
454,15.89677194415096,5.636023394950163,0.0017548081027027203
455,15.84086799889736,5.626083607193591,0.0017591226403672034
456,15.785680159834609,5.616251467680948,0.001744401140511859
457,15.730890982586068,5.606492897951114,0.0017385786696725658
458,15.675813244894163,5.5966686635962395,0.0017519558165882696
459,15.62070427500899,5.586809532064126,0.0017625362850830488
460,15.566185397323345,5.577087213218106,0.0017504806019280352
461,15.511144525333853,5.567176358808128,0.0017694643919550041
462,15.456367949410105,5.557309097050824,0.0017677243621516505
463,15.401390290437943,5.54738909422602,0.0017788684926477805
464,15.346747893015,5.537518854127822,0.0017763660593232136
465,15.291954240208725,5.527606044589411,0.001788098681224055
466,15.237327814467626,5.517721470691542,0.0017923625345223624
467,15.18293062581378,5.507865337014706,0.0017909540314670059
468,15.128468677981516,5.497975284434296,0.0017975016939887737
469,15.074312691374645,5.488100168272972,0.0017912235938583238
470,15.021184614510416,5.478372381336573,0.0017623067511233028
471,14.967047970463843,5.468480900572993,0.0018100178249264465
472,14.913063649117197,5.458584723043425,0.0018061438814640592
473,14.859091943932935,5.4487000929076626,0.0018125706874337008
474,14.805045072753998,5.438762006096847,0.0018180102900144407
475,14.751178039038784,5.428839509015133,0.0018225149139835446
476,14.69751554605106,5.418927402799786,0.001819974793018468
477,14.644552246064785,5.409138057761367,0.0018084545061423196
478,14.591503659944555,5.399353681056644,0.0018135079902785718
479,14.538138381439312,5.38945550648731,0.0018348178250039344
480,14.485096469621602,5.3795887527553905,0.0018271951045458728
481,14.432031707870804,5.369717464654429,0.0018360763532602091
482,14.379107542511209,5.359826919082362,0.0018419494024067024
483,14.326255177267967,5.349936760314444,0.001841750423183634
484,14.274159847619666,5.340186131545409,0.0018196615324924705
485,14.22134273432409,5.330279318327871,0.0018504461595498158
486,14.169281943888334,5.320532514946616,0.0018365499790388448
487,14.116557469148189,5.310616969352664,0.001862231193676263
488,14.063973087775144,5.300724718049217,0.0018672315394590905
489,14.012008988521586,5.290909434127683,0.001849460520355274
490,13.960075710214777,5.281074432097768,0.0018626742027442371
491,13.907793142077024,5.271134580134726,0.001876955062685477
492,13.855748509590063,5.261240719003901,0.0018725865868312315
493,13.803717829981705,5.251342648657694,0.001880612328111233
494,13.751790866958173,5.241449717350324,0.0018829782034230566
495,13.700401064130036,5.231661518232051,0.0018758169679299
496,13.648927647786238,5.2218155278610245,0.001879771493041551
497,13.597464268076873,5.2119497797631205,0.0018855146914919043
498,13.546524454196058,5.202143500655361,0.0018778643146888502
499,13.495171684909465,5.1922650316137,0.0019002891916508318
500,13.44395675977274,5.182383490479578,0.001900149305187232
501,13.39249833501699,5.172444681972779,0.001918260967935302
502,13.34127994664327,5.162520349107499,0.001920408680837675
503,13.29063945483226,5.1526993636857386,0.0019009443329230102
504,13.239933547598836,5.142814191997105,0.0019100383500808987
505,13.1892882411159,5.1329559614470535,0.0019188947769558217
506,13.13877033332238,5.123117120212823,0.0019173023425354669
507,13.088220565843113,5.113241606986927,0.001928434039804728
508,13.037857146044052,5.103386338893374,0.0019326781676473638
509,12.987751656131406,5.093588326498709,0.0019247486604203642
510,12.937958492064233,5.0838031143581235,0.0019203029331512848
511,12.88752675790691,5.073849475726875,0.0019547293465340247
512,12.83789166742824,5.064093349975373,0.0019286890557728526
513,12.787866257302893,5.05420799066243,0.0019535344449818476
514,12.737901768835156,5.0442783362106685,0.0019566529293840204
515,12.688264934407549,5.034398162012503,0.001956539692938196
516,12.63846184095572,5.024495874791811,0.001965432548428332
517,12.588734288475402,5.014592413923348,0.0019696508588205163
518,12.539454195513375,5.004760420665502,0.001962012619783341
519,12.489892937381006,4.994861962716747,0.0019826868109239686
520,12.440477394862254,4.984938667381478,0.0019845864403724676
521,12.391371471937541,4.975070255292975,0.001973910910088628
522,12.342304126479407,4.9651922070394985,0.001983411330792774
523,12.293742979846815,4.955435405810295,0.001977577835542961
524,12.2449632071319,4.945618826409852,0.001989409244933289
525,12.196394878628661,4.935822557826484,0.0019859531469922217
526,12.147614600099518,4.925893829830563,0.0020008013010254376
527,12.099595926934786,4.916080077613006,0.0019764950712308988
528,12.051047433331043,4.906224846773075,0.002014130931757304
529,12.002268033632422,4.896264664854658,0.0020246234169009735
530,11.953824438955419,4.88636150691823,0.0020246721630706437
531,11.905643861209478,4.876507752465631,0.002019326249562532
532,11.85812899357801,4.8667325489548565,0.0019980408563305928
533,11.810124601866761,4.856859347860067,0.002028774934838093
534,11.76223293473267,4.846961191160257,0.002027793493461681
535,11.714532656095384,4.837099755964085,0.0020331794401863773
536,11.667071835422691,4.82729802800159,0.002028337249673797
537,11.619469701151123,4.81744299059942,0.0020478652551153896
538,11.57214983130801,4.807617570420327,0.0020419410246164823
539,11.524911156625107,4.797734268842083,0.0020435788091539985
540,11.477615173297625,4.787835686743428,0.002051595244798735
541,11.430635106949318,4.778000992146803,0.0020456190243126077
542,11.383425734467925,4.768115677574941,0.00207139901590212
543,11.336815840084176,4.758325044859835,0.002051324574011274
544,11.289789071762696,4.748430608846282,0.0020818077685017685
545,11.242750318821834,4.738503288071336,0.0020945863070136917
546,11.196338792474302,4.728702001048381,0.002066363118901994
547,11.150102345753197,4.7188989589607475,0.0020743764326120917
548,11.103780479907607,4.7090779998783505,0.002086723574932046
549,11.058222447174156,4.699406381312803,0.0020551428466904
550,11.011702015405614,4.689477163755203,0.0021059258225629416
551,10.965313956497702,4.6795686558852685,0.002107553852348349
552,10.919186439073966,4.669689261324887,0.002108357355294507
553,10.873631496532656,4.659920356260295,0.0020890596848494257
554,10.827976156222794,4.650147212393555,0.002104529705666049
555,10.782120119024992,4.64025036331417,0.0021239144077827943
556,10.736769181882167,4.6304880258839605,0.002111156302589134
557,10.69103993469572,4.620595386419538,0.002133073683490508
558,10.645421855965687,4.610711282209285,0.002139467049547558
559,10.600155901153567,4.600855109732369,0.0021351797714641734
560,10.554670161960265,4.5909570253573175,0.0021517099164846004
561,10.509359134903,4.581076769814956,0.0021525278888728057
562,10.46449884439496,4.571321254503255,0.0021429426357613976
563,10.419603283693055,4.561452285191718,0.0021452790564790176
564,10.374708988135193,4.551603008085727,0.002164976684423651
565,10.330086638459782,4.541757773013828,0.002157744134657954
566,10.28512191389281,4.531849216170295,0.0021812673232414906
567,10.240718976097481,4.522016931931986,0.002167005182410173
568,10.196113044331753,4.5121351250453,0.0021853606867891897
569,10.151779093432404,4.502287806371619,0.0021827270553633937
570,10.107455372732217,4.49245460385571,0.002185632050446376
571,10.062955294900704,4.482542262356714,0.0022122164806597476
572,10.018689904817801,4.472659943283148,0.0022033836837231013
573,9.974887592122075,4.462839094584311,0.0021892702579093828
574,9.931205190291971,4.453038753282234,0.0021954344002562774
575,9.88716751194407,4.443164577756876,0.0022250205508972873
576,9.84343771561714,4.433296342285748,0.002222715419522738
577,9.799674140147735,4.423411879352741,0.0022267840961853183
578,9.755982956732344,4.413503483702135,0.002238835856067351
579,9.712808037822057,4.4037324395664585,0.002214869135876439
580,9.669314535838533,4.393845182189447,0.0022457807043574753
581,9.625963151248893,4.383941917315125,0.0022449747789492778
582,9.582935994155266,4.37412299482933,0.0022426204750656256
583,9.539660077247108,4.364245925670771,0.0022664928661119263
584,9.49631619313252,4.354300742566828,0.002276402318916662
585,9.453601982895103,4.344454608455644,0.002253855166654997
586,9.411092469574095,4.334660877309509,0.0022523306930433197
587,9.368220532456295,4.324759975498354,0.002284849623000662
588,9.32575628393638,4.314931707501019,0.0022725294990947244
589,9.28315947221495,4.305065153486755,0.0022907155751309568
590,9.240647194636148,4.295183692928915,0.002289936308512532
591,9.198427016116883,4.285393608471493,0.0022983553179680496
592,9.156041641050699,4.275458277430709,0.0023105925446790217
593,9.114067977510887,4.265634645428589,0.0023043296412816406
594,9.071911321439263,4.255704480465731,0.0023188889997158998
595,9.030709946926782,4.245973097067525,0.0022759289575544233
596,8.98885094685492,4.236109178643996,0.002325429547492479
597,8.947516799857036,4.226318943342622,0.0023072275229363923
598,8.905989277686995,4.21647102740069,0.0023258744021848925
599,8.864454341599524,4.206621832303799,0.002341238790620037
600,8.823012272188585,4.196754881784326,0.0023448523859994257
601,8.78155490503483,4.186865836112542,0.0023533831128351415
602,8.740114699510324,4.1769633205216135,0.0023677603603949405
603,8.698667826003483,4.167037766546499,0.0023835370825355225
604,8.657773639900379,4.157230887917473,0.002361470127456673
605,8.616493683161377,4.147297692640124,0.002386621601987542
606,8.575611187116484,4.137415313250586,0.0023776965534181454
607,8.535088618518511,4.127615875582461,0.0023666632911232195
608,8.494412879521917,4.117763205167674,0.0023920215110400764
609,8.45393306059948,4.107904806256118,0.0023880160026153482
610,8.413567774106529,4.098081271848825,0.0023963847310392358
611,8.373292655938993,4.088218151761345,0.0024012564044010366
612,8.333106205116264,4.078354032823897,0.002407631677107947
613,8.293214112948823,4.068559441385962,0.0023996040616229863
614,8.25335014342028,4.058756892483562,0.0024087807914069163
615,8.213225463337695,4.048854491621498,0.002442428828242392
616,8.173456934782985,4.039011274019114,0.0024322784999006608
617,8.133713054289274,4.029161342053496,0.0024365469587420362
618,8.093881796528848,4.019258086825135,0.0024538052155463836
619,8.054403537152764,4.009423041718272,0.002448908089481535
620,8.015244458066876,3.9996570232763737,0.0024375352643850046
621,7.9760282406826315,3.9898649006998816,0.0024553052722677696
622,7.936844225681688,3.9800372693437307,0.0024671619320382207
623,7.8976967052738605,3.9701861389577475,0.002468806817207509
624,7.8586952747424625,3.9603821228711293,0.0024811822109507982
625,7.819631454306122,3.9505002592483014,0.0024969321025140124
626,7.780688894761571,3.9406455251390056,0.002495904875344588
627,7.741671417042569,3.930753275350364,0.002513369507328417
628,7.703002561527586,3.9209087328584005,0.002504775015471251
629,7.664319045287744,3.9110143699174857,0.0025163587354287606
630,7.625716930352132,3.9010952223889133,0.0025218568864588094
631,7.587157739621785,3.8911977602841357,0.0025362809983588653
632,7.548490484304128,3.8812385850659226,0.0025534428696004654
633,7.510304256939724,3.8713955559546376,0.00254100504591221
634,7.472089763533043,3.8615191310914225,0.0025547235185629713
635,7.434147966656566,3.8516863162160533,0.002557001522904522
636,7.396084633683054,3.8417960983473183,0.0025668687883452514
637,7.358139536175283,3.8318892415904977,0.0025730837284340517
638,7.320427000958286,3.822074533941092,0.0025749276434725386
639,7.282767059096049,3.8121856196942243,0.0025828113165055648
640,7.24605305432747,3.802661618067066,0.0025395844539084283
641,7.2084433487857655,3.7927690510279835,0.0026084858269955716
642,7.1708848003751235,3.7828220899521856,0.0026147637420589702
643,7.133438015000705,3.7729033419748617,0.0026209320322781626
644,7.0962055604999295,3.7629996131112016,0.0026146254088113973
645,7.059950003649621,3.7534615328339704,0.002566228310664016
646,7.023161078148554,3.7436861949456337,0.002617428412239083
647,6.986116222347851,3.733741968086143,0.0026451116625373625
648,6.9492698551221,3.723830084855346,0.0026476149399447956
649,6.9127791526697795,3.71415586697166,0.0026356222307933985
650,6.876030135548428,3.704216121920615,0.002668640507532877
651,6.839622921237511,3.6942679459077574,0.002658328335511077
652,6.803200937636294,3.6844529921075617,0.0026699291639856325
653,6.767048731550656,3.6745740545695207,0.0026669839069836205
654,6.7309088317790495,3.664730743465081,0.0026766038213840485
655,6.694781097179043,3.6547700854603824,0.002688700163597367
656,6.658567936327442,3.6448443135234108,0.0027157310459591183
657,6.623068893594777,3.6350358159807015,0.002677207456588603
658,6.587167454660746,3.62510074006701,0.002718927032909172
659,6.55190215909294,3.615432700953717,0.00268337892878664
660,6.516046739106579,3.605487521370676,0.0027407388748605065
661,6.480338927508014,3.5955399622284823,0.0027419179699210345
662,6.444845111970063,3.5856397440485464,0.0027555607414556336
663,6.409608474919548,3.575769153394641,0.002739677122291931
664,6.374664760673903,3.5660567372263667,0.002742290998089199
665,6.339528133803464,3.5561143872867182,0.002762098636335276
666,6.304347480434581,3.5462291094744622,0.0027872160757493897
667,6.269916539816774,3.536445518212271,0.002747679620783189
668,6.235202994919083,3.5266509064605933,0.002777772556855612
669,6.200794731443314,3.51684428833701,0.0027737056543949055
670,6.166285422291864,3.507012149359854,0.00279054741449915
671,6.131690682420323,3.4971580673978773,0.002816218792438577
672,6.097248700382456,3.4872889361058252,0.0028209678876748635
673,6.0631662737108885,3.4775534374908323,0.0028114667004791247
674,6.029012667801702,3.4677331714642103,0.0028243924299368997
675,5.994743342061787,3.457840131859999,0.00285378740603511
676,5.960556511071884,3.4479890281731307,0.0028647409604117477
677,5.926620336090446,3.4380841828458917,0.002862382250421155
678,5.892849286207914,3.428248724888816,0.0028642388530580754
679,5.859007334925539,3.4183138902277466,0.0028785745589391624
680,5.8251276014172655,3.4084032439867986,0.0029040626664043317
681,5.791475985680764,3.398510754394728,0.0029048211728021278
682,5.7579055417066405,3.3886025509095457,0.0029143066911101684
683,5.724449403354248,3.3786838409929345,0.002914924849501622
684,5.691259783049496,3.3688562217789406,0.0029146433386492256
685,5.657979463847303,3.3589775478066564,0.0029379701463356023
686,5.625448084904556,3.3492670185660907,0.0028853335177671706
687,5.592467101847934,3.339397499224503,0.002947974568431147
688,5.559556194351887,3.329513197769292,0.0029529899843687823
689,5.5269950843605,3.319709260964653,0.0029337413910271383
690,5.494120986404561,3.3098033890921537,0.0029853947360933978
691,5.461362634534607,3.299888764167962,0.0029962418750176588
692,5.428730444510154,3.2900043302968935,0.00300113251191197
693,5.396316913720947,3.280137578782772,0.0029960982227402134
694,5.364072072437021,3.2702869480271595,0.0029935823756521494
695,5.331665987431306,3.2603861377064343,0.003028027744060684
696,5.299713998381108,3.250549543724456,0.0030011600437493758
697,5.267966112121314,3.2407560342587165,0.0030080309926034123
698,5.2359101575201725,3.2308486505774643,0.0030591183862140403
699,5.203955395548352,3.2209497732874715,0.0030657649657339814
700,5.172161210125933,3.2110638529858315,0.0030732697953742318
701,5.140487645889106,3.201185334640002,0.0030829974321504644
702,5.108827897737085,3.1912937530597847,0.0030853739216095046
703,5.077343912144648,3.1814063336037663,0.003098857357631644
704,5.0460597889676,3.171565134218027,0.003089040716747823
705,5.014626058686772,3.1616376918414235,0.0031279376601258757
706,4.983433989704753,3.1517748637800564,0.00312433731193654
707,4.9523320586209865,3.1418800654866885,0.003130847485556494
708,4.921479679899361,3.1320658004452127,0.003144996151223281
709,4.890482678391692,3.1221422766207576,0.003169786693785505
710,4.859706142014861,3.1122546417203845,0.0031703809118686765
711,4.828837160741174,3.1023268897816036,0.003198907853822099
712,4.7980895185201815,3.092397386687275,0.0032023462707339843
713,4.7675582485942805,3.0825142139306982,0.0031945384365211758
714,4.737050740668705,3.0726015668348987,0.0032186742706935786
715,4.7067200429533615,3.0627083004186897,0.0032101518318470015
716,4.676561880089263,3.0528604820392125,0.0032224598168560507
717,4.646424685049841,3.042991442459519,0.0032392230974509317
718,4.616365634268731,3.0331000974446702,0.003255687427600289
719,4.5863353452413005,3.0231802933832226,0.0032647559758844616
720,4.556700699644302,3.013374723940218,0.0032569589031659907
721,4.526987696498933,3.003476743500721,0.0032840912450520813
722,4.4976210944112545,2.993698283824604,0.0032615502720943026
723,4.468407713068595,2.98394913683838,0.0032684265586406967
724,4.43895116985658,2.974048991642482,0.0033177813459371692
725,4.409564704861747,2.964146747461722,0.0033238294797657084
726,4.380450097732274,2.9543519917829104,0.0033242005090421203
727,4.351346692727567,2.9444805566503813,0.0033374499328003666
728,4.322394993984315,2.934595279217214,0.0033406170832345574
729,4.293484545176773,2.924728415909059,0.003355689116623686
730,4.264673973316002,2.914897468614314,0.003379475365919958
731,4.236123434061947,2.905142171718928,0.003363738085040712
732,4.207390722924364,2.89527374407063,0.003414373085262689
733,4.178772812965924,2.885345846113424,0.003415065213034777
734,4.150458551248098,2.87558668564888,0.0034078811122170206
735,4.1223055082151605,2.8656740775938894,0.003407969746116478
736,4.094130908274559,2.8557643383201614,0.0034453976577375014
737,4.065929271689828,2.8458911869310333,0.0034645804022376612
738,4.0377557610843455,2.8359928676565094,0.003484484753035906
739,4.009734060481865,2.826092748789021,0.003484937708072291
740,3.981828727842405,2.8161894653281268,0.003511302235740662
741,3.9541607636549223,2.8063307702460056,0.003486559948250745
742,3.9265132350023393,2.7964621169099573,0.0035208999987497726
743,3.8990478130207564,2.78663401189794,0.0035132070653864024
744,3.871573365829054,2.7767960885926346,0.0035443359290671115
745,3.844254709362575,2.7669204504474547,0.0035501782461983982
746,3.816983174049794,2.75705236846793,0.003558428036267422
747,3.7901493540409112,2.7472924365805618,0.003526984843148818
748,3.7633919274740038,2.7375591532045562,0.003555061998022403
749,3.7365004736004663,2.7277432363018885,0.0035978538665024404
750,3.7096820206080072,2.717923852029229,0.003607017399662594
751,3.6829644528474184,2.7081109332704307,0.0036226464915748977
752,3.6561559630331346,2.698192837329484,0.003661860549977976
753,3.6297105076476246,2.6883309316358615,0.0036450758375398003
754,3.603246229203055,2.678433087967946,0.003651321564498829
755,3.5767823079322127,2.6685318769161777,0.0036964072213680806
756,3.5504843371534296,2.6586658392350055,0.0036963509313058082
757,3.5241970753888134,2.6487648984438925,0.003727002237418627
758,3.4983506682779724,2.639024832723682,0.003699722276135361
759,3.4723115292024596,2.6291442615694036,0.0037525565339414225
760,3.446656482035781,2.6193646387381073,0.0037208308182027404
761,3.42076031820309,2.6094506350192344,0.0037753496498701133
762,3.394996181047025,2.599561374165557,0.0037951944889069267
763,3.3693798074419417,2.589650353716766,0.0038089975241817416
764,3.343737281953031,2.5797111410356233,0.003830066989918589
765,3.3183001258639626,2.569868642740857,0.0038258419958622264
766,3.2928852707674983,2.559945867253934,0.0038441634287311086
767,3.2679325884909893,2.550166074940698,0.0038067562996234572
768,3.24289840844161,2.5403472713167963,0.0038591600492482794
769,3.2178649777928703,2.530480853293656,0.0038810197859762414
770,3.192977556871716,2.520629398036343,0.0038928270678765886
771,3.168028954601985,2.5107173295603085,0.003929918632077581
772,3.1434170431715995,2.500926831022773,0.003924703870141749
773,3.118897789885088,2.4911111867576308,0.003933531132439942
774,3.094345408998915,2.4812473060657076,0.003971053887549066
775,3.069811775604277,2.4713592812674667,0.003991879881434269
776,3.0457793165741607,2.461600190560137,0.003933362184272301
777,3.021668138027327,2.451796613910391,0.0039855631196223885
778,2.99755535250213,2.4419107497400643,0.004026422831984716
779,2.973669875185514,2.4321426379842235,0.003995583274241212
780,2.9500258001058683,2.422510343227006,0.004009107096952302
781,2.9261394032564976,2.4125984065210093,0.004079415679498305
782,2.902313486783378,2.402668754402392,0.004103025060004165
783,2.878577128779609,2.3927691827078506,0.004127855831698959
784,2.855078432299872,2.382981606882049,0.004114673864167866
785,2.8316770050558118,2.3730779728520326,0.004148062271019483
786,2.8082075847556047,2.36313598883352,0.004177323495097632
787,2.784963112884815,2.353257407295438,0.00417743962938281
788,2.7618447180838306,2.343412506566818,0.004186497909361436
789,2.7388853071885,2.333571975590443,0.0041882826285012794
790,2.7159357157321162,2.323723825061089,0.004228306594744832
791,2.6930782762035106,2.3138769617029373,0.004230695227676984
792,2.670268774490346,2.3040382839511553,0.004282602309149805
793,2.6477237170275743,2.294188453114528,0.004251327827340231
794,2.6250445004957763,2.28429898573335,0.004307205561794103
795,2.602579022474575,2.274419060181674,0.004309217111564393
796,2.5800794839996177,2.264514109512235,0.004352254877605506
797,2.557793790264204,2.2546453928992056,0.004347707713981771
798,2.5355839919851424,2.244781263315632,0.0043678024138364465
799,2.513495731499659,2.2349241246275566,0.004399486727362696
800,2.4916134850772163,2.2251170902768354,0.004394177531282752
801,2.4697521116663665,2.215261323709854,0.0044312212445042284
802,2.4479989519996272,2.205435360228346,0.00444276224816548
803,2.426169124475939,2.195520075612542,0.004502216082198219
804,2.4046206616759593,2.1856917029520435,0.0044774922584754065
805,2.383091563291232,2.1758138377559404,0.004513522499034499
806,2.3615658052644237,2.1659109533931753,0.004534009601375147
807,2.3403822585071645,2.156165901157665,0.0045232492592549725
808,2.3192194966057267,2.146316659553688,0.0045623519364662475
809,2.298094803235504,2.136501997448743,0.004602185175670089
810,2.277115021873696,2.126609712329735,0.004626838513824748
811,2.2563813277047347,2.116843828255457,0.004577570458848122
812,2.2356153671112606,2.1069838262900586,0.004641893951467246
813,2.2148450611332335,2.0971053035399296,0.004691089699986497
814,2.1943900763610253,2.087335210657804,0.004667340379980989
815,2.173687292541406,2.0774041038805615,0.0047604164985959535
816,2.1532621103225202,2.067547902616662,0.004747959119754665
817,2.13295305145812,2.0577507141386953,0.004760348800050702
818,2.112655976614768,2.04785108411354,0.00479624182238221
819,2.092542636064424,2.0380785821442213,0.00482457379962361
820,2.072585041951672,2.0281890257495627,0.004811056142918626
821,2.052679258815925,2.018389771204689,0.0048692276411907605
822,2.0327463867580504,2.0084605954361323,0.004898977005677351
823,2.0131456073722744,1.998673561926688,0.004851682989548038
824,1.9934146613342199,1.9887787510077948,0.004940855332966845
825,1.973881259777074,1.9789313299615232,0.0049504949181013655
826,1.9543338883837056,1.9690397405195155,0.004997744345346954
827,1.9351506460140973,1.9592732510654194,0.004962195689306343
828,1.915868664010362,1.949438351001246,0.0050446563179169625
829,1.896740079443437,1.9396001549517092,0.005046795029937369
830,1.8776029852566667,1.9297257082714663,0.005087098747168464
831,1.8585521588841412,1.9198057594812672,0.005111044037924002
832,1.839752373568299,1.9100391581486607,0.005119173467994724
833,1.8209317097685673,1.9001953432244478,0.005181828960277088
834,1.8021224042875805,1.8902931538161523,0.005214679057401877
835,1.7836194425312328,1.8805298787765519,0.005203606558761095
836,1.7651246765366198,1.8706458892868636,0.005234967151140514
837,1.7467963856360575,1.860824002277059,0.005235585010748054
838,1.7284788701259517,1.8509110646356066,0.005285095752617796
839,1.7101651263728088,1.840999812411584,0.005400124565674234
840,1.692238224158549,1.8312277652133333,0.0053007289864855185
841,1.6742249287535422,1.8214218607102817,0.005394670798207551
842,1.6562570542269508,1.8115486851302895,0.005433666334086769
843,1.6384557671850817,1.8016638332474948,0.005443357394891035
844,1.6207950987770177,1.791809210104027,0.0054455161726746915
845,1.6032770456159333,1.7821295486929019,0.005497787964744507
846,1.5858705445312753,1.7722109060844513,0.005504353674997582
847,1.568468711784003,1.7624023294054434,0.0055741278657330945
848,1.5511067806671044,1.7525006329992798,0.0056005014886800295
849,1.5339229019020932,1.7426527535356782,0.005622988966628312
850,1.5167892882519187,1.732815025101593,0.005662439931580424
851,1.4997421197387293,1.7229610424495194,0.005706129564314789
852,1.482839515340582,1.713126931347039,0.005704009196107169
853,1.4660369203910548,1.703283682920874,0.005729132173360657
854,1.4492701460066912,1.6933955201701092,0.005786870103568694
855,1.4326873280941466,1.6836202433756589,0.005777371820113224
856,1.4161869192847925,1.6737361012308039,0.005807522981856021
857,1.3997765137312317,1.6639544749511914,0.005876938089244846
858,1.3833473085398968,1.6540535009463708,0.005931903001510002
859,1.3671060984480417,1.6441791162632524,0.005949533544139321
860,1.3510478633596017,1.6344822958117429,0.005983372609567819
861,1.335143544746198,1.624615959414395,0.005972855047630309
862,1.3194973480429453,1.6149800338825913,0.005933692828492694
863,1.3036626909478848,1.605108963617812,0.00610124721675662
864,1.287942235397522,1.5952815411679164,0.006132350704391093
865,1.2723860092497774,1.5855468598132152,0.006116826682330822
866,1.256867424231159,1.575813115366773,0.006170539876710076
867,1.2413530729090272,1.5658910629316969,0.0062938900826895365
868,1.2262844057938787,1.5562118414905948,0.006179824934476383
869,1.2109032651971967,1.54630605389595,0.006372373677260458
870,1.1957091919530312,1.5364868661237887,0.006398505399673513
871,1.180564374115016,1.5265730072499084,0.006466369266893023
872,1.1657448058819027,1.5168247396650643,0.006391508034803208
873,1.1509688351473906,1.507044647484062,0.006427995044343938
874,1.1361271565613282,1.49718543439616,0.006562510654683112
875,1.1214939087253435,1.4873742587479335,0.00651929949540529
876,1.1068640271856245,1.4775279456741957,0.0066156241286672735
877,1.0924718634325898,1.4678276787027678,0.0066151378602368445
878,1.0780232698524628,1.4579555074102815,0.006703814220994308
879,1.0637123931192316,1.4480465780809384,0.006784195155376004
880,1.0494364593634091,1.4381796626076602,0.006850229514305048
881,1.0352992912621388,1.4282908735339976,0.0068551594434835775
882,1.0213173487922378,1.4185016128586572,0.006901409116706297
883,1.0072882576950288,1.408594797568823,0.007017356935710851
884,0.9934605609950116,1.3987400809104615,0.006978367212124558
885,0.979868770517583,1.3891243437403138,0.006974678290663971
886,0.9663967105592691,1.379487796511032,0.007027820170053892
887,0.9529228609681749,1.3697116177064825,0.007103557344563071
888,0.9394914131381664,1.3597815171740184,0.0072104911446093985
889,0.9261585198905262,1.3498506995789052,0.0072258161876377425
890,0.9128762676429248,1.3399466986724442,0.007321414965080661
891,0.8997014839468591,1.330083359846207,0.007337101330401333
892,0.8866074583191264,1.320198729213089,0.007409486398007843
893,0.8736151285043335,1.310351917189804,0.007480954098664199
894,0.8608995666921027,1.3005759290277237,0.007378177598302354
895,0.8481207249713545,1.2907158561759782,0.007582859080965502
896,0.8356539256676379,1.281076632925226,0.007463938798028041
897,0.8230578988300913,1.2711858926539406,0.00770390866272285
898,0.8104965194843996,1.2612952319593682,0.007854579373065477
899,0.7981434731796294,1.251482072384777,0.007822490105646878
900,0.7859272026760572,1.241677296564321,0.007757877889430983
901,0.7737174305928615,1.2317872297141812,0.007929208324574676
902,0.7616184171250061,1.221996921865475,0.007998146153444723
903,0.7496799974063028,1.2122101776983214,0.007981215549871978
904,0.7377174626649547,1.202249273724077,0.008167398471185323
905,0.7259641591420563,1.1924167015394802,0.008126946388098176
906,0.7142386319949307,1.182554905355158,0.008270471426188098
907,0.7027871382430207,1.1729421880980122,0.008289329149128073
908,0.6912055335854748,1.1629906813785047,0.008487197596274748
909,0.679748736776547,1.1531214760903552,0.008475667171111959
910,0.6684486459778552,1.1432261045190502,0.00852254331015963
911,0.6571933281907268,1.1333215920131685,0.008716498782997538
912,0.6460773933781925,1.1235256959897453,0.008711651662059354
913,0.6351050107802435,1.1137501232244598,0.008761323237858543
914,0.6242217506004057,1.103939239703411,0.00880544360539135
915,0.6133783945135232,1.0941149406786619,0.008975789482892862
916,0.6026488934739848,1.0842483385854942,0.008969424664612754
917,0.5920201144777663,1.0744126364051994,0.009104420009267424
918,0.5815489585795757,1.0646227660668444,0.009105869569881738
919,0.5711247561122303,1.0548617128666924,0.009230367810557694
920,0.5607901049855175,1.0449662016289916,0.009400682407730588
921,0.5505077041919466,1.0350895383505168,0.009382212613747293
922,0.5403016219702532,1.025163242613379,0.009612151501231347
923,0.5301619196353314,1.0152378043387014,0.009657223138672292
924,0.5201790685126284,1.0053514665736307,0.009785266943780272
925,0.5102971309845378,0.9954911221737361,0.009880026026073508
926,0.5005119867926755,0.9856469422888117,0.009889474573642426
927,0.49082463963286127,0.9757641062191849,0.010033112493153265
928,0.48128061392169896,0.9659256104664309,0.010039235257735582
929,0.47187175048211905,0.9561961768636916,0.010138719889339213
930,0.46251326501562895,0.9464047341893301,0.010298662626165547
931,0.4532846827569491,0.9366536717799169,0.01039132678263935
932,0.44415600389341386,0.9267432341620961,0.010494854919080157
933,0.4350504242657552,0.9169023958933366,0.010666335504242582
934,0.4260869104574075,0.9071137413127321,0.010733716409942579
935,0.4171571186125473,0.8972018588691894,0.010921779741188194
936,0.4083829693033892,0.8873912595159219,0.010951744324155374
937,0.39968398043924686,0.8775083706683913,0.011083351877420128
938,0.39111141246517966,0.8676853378635547,0.011171786385067608
939,0.3826178434872581,0.8578560244622432,0.011361821129164585
940,0.3742112960385803,0.8480779686450146,0.011498731006673443
941,0.3659908875451547,0.8383692620290302,0.011516358810642835
942,0.35778223733365705,0.8286278990690235,0.011753539122381996
943,0.34971242073060055,0.8186944839495992,0.011864052613547973
944,0.341644962935022,0.8087811387057403,0.01209206423748575
945,0.33373434219706355,0.7990130639826861,0.012174422996947697
946,0.32601154090249057,0.7894920381661132,0.01219731095181604
947,0.3182892892942132,0.7797941002233464,0.012456498703537777
948,0.31096459581821456,0.7702066102285969,0.012085671097067215
949,0.3034929605315327,0.7604836089693602,0.012814377123152558
950,0.2960435924123515,0.7507662610870047,0.012980597321578611
951,0.28867660653291927,0.7409974680299479,0.013198325390160952
952,0.2814355606795526,0.7308773405540655,0.013200174417185491
953,0.2743197599878364,0.7209777517175319,0.013488126350438818
954,0.2672401753415642,0.7110762497987716,0.013735641722312668
955,0.26038258547557624,0.7013630167915177,0.013536764912353888
956,0.2535464793734632,0.6915154288356686,0.013829836654509176
957,0.24679155067978753,0.6817046619645538,0.0143288243414516
958,0.2401393266918664,0.6719082105495565,0.014356805563114082
959,0.23361497577832796,0.6622342175314937,0.01443908822779742
960,0.22726935830394962,0.6525357683784307,0.014521150354606608
961,0.2209493516496712,0.6428325977074708,0.014999705009862141
962,0.21467812971743003,0.6330099792788306,0.015316122325217145
963,0.20849801158145162,0.6233031465053442,0.015621305291601877
964,0.20238778498584703,0.6132873389543715,0.015951666693343587
965,0.19636437358915043,0.6033793039452088,0.016006141819890227
966,0.19046089417643242,0.5935507284797811,0.016552663088790564
967,0.18478000003852899,0.5841941917703374,0.016351360539768125
968,0.17905066982568837,0.5742805552007887,0.016919840108026128
969,0.17349172477420088,0.564321055812349,0.01684613825139336
970,0.16811637268351248,0.5549345710502803,0.016856060085634117
971,0.16275494967590887,0.5452521495702997,0.01773216893623798
972,0.15744446745951043,0.5354523887503068,0.018014948742048616
973,0.15226540289065663,0.5256436253163025,0.017991675350775664
974,0.147157605435312,0.5157593275399378,0.01868489381401126
975,0.14212207297039509,0.5059676489046576,0.019191668670808647
976,0.13716722224191294,0.4960005320767937,0.019594025177262216
977,0.13233174970367978,0.48618947721748534,0.01997366844401307
978,0.12759705373997873,0.4763737411282775,0.020217444873465624
979,0.12303112243388252,0.46697197033335874,0.02029233231687689
980,0.11850877960583445,0.4571020270101961,0.021302655286590432
981,0.11405987385662031,0.4472404674034146,0.021487079376640142
982,0.10972630340307976,0.4373732167367782,0.021756844436991857
983,0.10545610186818587,0.4275827262455302,0.022688181343499612
984,0.1012826532435274,0.41774722531776537,0.023302026603100302
985,0.0972276334678875,0.4080745615443622,0.02361503656679916
986,0.09328686023905175,0.39830128935223946,0.02396061858263921
987,0.08940444576073449,0.3884982067275262,0.024953595098585957
988,0.08568464662303948,0.37881431927197,0.024531161944543953
989,0.0820574627351697,0.3692718626369618,0.02568116231057547
990,0.07846840196326932,0.35932457861711187,0.026680123075171296
991,0.07501617380446403,0.3496061514387017,0.026864119492883434
992,0.07185210886994745,0.3408749223759992,0.026163320109314426
993,0.06858048075057774,0.33082563991980024,0.028560191743093655
994,0.06538003788949188,0.32101043698335047,0.029439376266611448
995,0.06232966728620414,0.31146846200859474,0.03025117109084366
996,0.059356242100807775,0.3020597354645445,0.031066619631447114
997,0.0564438591475535,0.29214693281316945,0.032113796179169464
998,0.053699299693401474,0.2828250854817386,0.032520131937569675
999,0.05100231929809125,0.27381702216339443,0.03454147560645933
1000,0.04842027576016685,0.26352575256398975,0.03570145818046751
1001,0.0458681404107365,0.2536789430889305,0.037979527926461316
1002,0.043430441338885996,0.2439930780667782,0.03933431701344119
1003,0.04111270242610978,0.23414294453164486,0.039528599125235445
1004,0.038954911136456556,0.22490563553303095,0.04111413241283737
1005,0.036868325268303304,0.21618970495058767,0.04373936509172229
1006,0.03481111555245391,0.2070634074169098,0.04589713860311963
1007,0.03284031881025568,0.19636657214524317,0.04631090389785652
1008,0.03104320693630699,0.18709156565114618,0.0478581664155898
1009,0.02929151739903182,0.17726747373149992,0.05165640966427959
1010,0.027635052683430587,0.16794985684008046,0.05264587236552497
1011,0.026080901524631227,0.1582541093941401,0.05605928928273671
1012,0.024628624987329917,0.15011248367758726,0.06198256060546603
1013,0.023331348350427102,0.14305272657101822,0.06277207588210285
1014,0.022018576784210073,0.13194272687753228,0.07002904309472137
1015,0.020977289619728508,0.1231245959796179,0.06312132918933121
1016,0.01989730079902108,0.11507182111125955,0.0777244016402993
1017,0.018846833960210512,0.10460275729483882,0.08277597094825757
1018,0.01789560597874968,0.09531041564260916,0.09237084372581147
1019,0.017080186632926264,0.08735249804286643,0.0970802435419535
1020,0.01643880918547653,0.07926003912635544,0.09848205197257201
1021,0.01576430155022597,0.07072187574703637,0.11616856837543928
1022,0.015237507121169419,0.06877132108979576,0.12739253290185598
1023,0.014864952544258809,0.06512851624137973,0.10295070715606985
1024,0.014498297029427227,0.0519268951399809,0.1107314934772721
1025,0.014144378718692709,0.04792535185340073,0.1593468525157252
1026,0.013961164825408136,0.060661349671018674,0.15530076458453287
1027,0.013680445246345412,0.03960697662141462,0.14574436495833004
1028,0.013698874738190684,0.06337057013826973,0.14443027786983823
1029,0.0134147920492707,0.032975725309483686,0.17489481882531105
1030,0.013387081386830585,0.04355454201686906,0.12673454111850757
1031,0.013252613180852926,0.030378165087379356,0.2407520031230727
1032,0.013178746238343895,0.0389530859282018,0.2034399827052068
1033,0.013159647431377782,0.04440531807923029,0.10550837348501142
1034,0.013053692942365023,0.02230690883049613,0.20298812170253755
1035,0.012983740487219725,0.019910580460988106,0.3424541735939721
1036,0.013047727747818328,0.04915345610412702,0.2225300224415343
1037,0.012997624175775904,0.034934163635278424,0.15935719863556636
1038,0.013106377300682875,0.04047800091249862,0.17938912560183198
1039,0.012916719715525054,0.02522032458791149,0.1520744705708683
1040,0.012857833392897438,0.026404369477498617,0.12923935927157923
1041,0.012917082910871996,0.04987474156452372,0.3393296647282418
1042,0.012779752141491251,0.016310295459902657,0.16152322343893435
1043,0.012985750417836383,0.05760549852977724,0.18913009935162958
1044,0.012806888174662995,0.032603686407881916,0.13046024110112275
1045,0.012785956788163341,0.03374877953545462,0.1200245587919369
1046,0.012777480717756412,0.040840657878398155,0.24530212954976172
1047,0.012803508188654882,0.049674224310497346,0.1338232767553427
1048,0.012740799941618357,0.0384269018266488,0.13676510431329578
1049,0.012739426833131817,0.03516687508234689,0.13142904196166363
1050,0.012758466811927336,0.04788832749128241,0.17615712202065523
1051,0.012728421711929581,0.033627888785512865,0.16806867500263112
1052,0.012694217912712418,0.045828082865333464,0.1446453811330167
1053,0.012603638422819707,0.03135728758570548,0.133423783514124
1054,0.01261730493218994,0.028451647952567202,0.205971384044377
1055,0.012619826916740613,0.03804871099282982,0.17310680147747082
1056,0.012693538745131247,0.04766715819155063,0.010555642977703786
1057,0.012749284318169168,0.05838705953088828,0.23004324446929975
1058,0.012697240963267582,0.05382945081734113,0.19720958093262272
1059,0.012706760539375498,0.056924867381463955,0.15956831584782422
1060,0.012665010324939604,0.04545397991683137,0.17770549813447117
1061,0.012626923193329238,0.04889912284967736,0.1622414234819087
1062,0.01266902398533065,0.05160125636798699,0.2606219540873565
1063,0.012640961788690449,0.05078973555569405,0.1891281546901384
1064,0.012738233028053417,0.06667284407478585,0.2533078634277981
1065,0.012637962943955507,0.052775283800707486,0.16188564067354025
1066,0.012691913936595186,0.06243644528017235,0.18728933485214153
1067,0.012621749510009652,0.049906714466432724,0.18466708372225332
1068,0.012673469408532229,0.04743646849831329,0.24776631346779446
1069,0.012637082518638642,0.05624837435180351,0.1446237681236484
1070,0.012636561347895106,0.05777323401254786,0.18965338052228095
1071,0.012578199784319523,0.05085740652765573,0.17977354633543077
1072,0.012563112010193635,0.05332706794551208,0.1603361170482361
1073,0.012592702840958134,0.06100652316500902,0.1262621537588752
1074,0.012528802631490003,0.04927078393782645,0.13569393696979798
1075,0.012583722924053627,0.05886834691218047,0.190330869203238
1076,0.012519259812937835,0.043644141138033554,0.18347552460087146
1077,0.0125448425620853,0.05350726611735058,0.2932719477179506
1078,0.01251747435447264,0.053600123895461746,0.20186035294146126
1079,0.012606413868671536,0.058438096926194914,0.23749712796805333
1080,0.012470248302995667,0.04603540720110348,0.14175871150056119
1081,0.012477235929350048,0.043036784877190225,0.34972676611308884
1082,0.012508072463280692,0.05037793241465492,0.25591565646301784
1083,0.012592934652630543,0.06535159912651096,0.2294337276081994
1084,0.012487326017389359,0.05342422699458992,0.12653571953753967
1085,0.012474722112952074,0.042685277390597264,0.2327011975600031
1086,0.012448896285947164,0.04411672203311639,0.07908440988214094
1087,0.012576632783541881,0.06821543113043411,0.14045936523928684
1088,0.012451563136110755,0.04939926528620195,0.1121438097913438
1089,0.012486603434958271,0.0515876436636806,0.17005262617681305
1090,0.012484991468638166,0.043848058315107324,0.2636915268825507
1091,0.012754552671627237,0.08211631952890258,0.18823039220636809
1092,0.012502701691423083,0.04685918911558583,0.12773149684393265
1093,0.012425257426750068,0.04566788201480738,0.17582414406587407
1094,0.012576394833727455,0.06788993956522935,0.19668480911322467
1095,0.012411785073758586,0.04635900095571332,0.12359654104528774
1096,0.012453014250666122,0.046575527004922034,0.16498158275235356
1097,0.012425777429347746,0.04979075788617016,0.24585178962271442
1098,0.012485833303008878,0.06364567611638061,0.1764703130165862
1099,0.01240224975067438,0.04486051877267391,0.1139601881969572
1100,0.012346880994697506,0.04090251004485955,0.28995734374752163
1101,0.01255723588527803,0.07235917621928528,0.2255667082871539
1102,0.012351895522340185,0.043179816439827594,0.11834264561345421
1103,0.012471500769115334,0.05631806349313688,0.1951696095933712
1104,0.012333324452695535,0.040804308673682115,0.14435322838984185
1105,0.012448567768989928,0.0537951830968601,0.21923764234597776
1106,0.012360058162806947,0.045654206049552816,0.0676601581688599
1107,0.012446857340127876,0.05650397443458776,0.2107056129713807
1108,0.012359327936526497,0.04222229407462915,0.17227915127914345
1109,0.01242554660858926,0.050202242310482335,0.31423175494180733
1110,0.012588030808102696,0.07514591890988777,0.18278724136999142
1111,0.01234943913745096,0.042257628334100364,0.15014780037505301
1112,0.012443684661340701,0.05803673772694697,0.2905242260957945
1113,0.01234848559876778,0.047623526046232906,0.005654918735283733
1114,0.0123235859945963,0.0473761591198865,0.14898486434416017
1115,0.012305216181454288,0.04635545005598894,0.21224515520687218
1116,0.012284586566457945,0.04033521133713913,0.20570633450200276
1117,0.012273315738728226,0.03500918982405351,0.24964311347997878
1118,0.012399677373982154,0.06161518618403345,0.1510133337129945
1119,0.012256281598921125,0.030379462955649184,0.24302575514852556
1120,0.01234529708337599,0.04031737931265282,0.25617925642401385
1121,0.012517190136072316,0.06916820994259824,0.21514149426964493
1122,0.012265651668709528,0.03397232996057425,0.16812411567465826
1123,0.01233324512762276,0.050866725697969205,0.24496174911129365
1124,0.012295931937374292,0.04658402162315233,0.15971993835636125
1125,0.012256909099699415,0.033999196426253465,0.26764831290918056
1126,0.01229674456643765,0.035893541041748404,0.20670429257576925
1127,0.012230481076860176,0.024871935539348647,0.23845179191363355
1128,0.012296992449163761,0.04338660108108939,0.23853872501872944
1129,0.012289146364338347,0.04252392347568792,0.19301923644188032
1130,0.012275268137505813,0.043246546450990075,0.12077326625822266
1131,0.01222468490158164,0.03421357338092259,0.16154570990753025
1132,0.012409350611639686,0.06672965599189247,0.18058439433287357
1133,0.012183684257868418,0.02442088056297141,0.10824831573819454
1134,0.012325146104441166,0.05173899353303551,0.25295165437256256
1135,0.012230035124863677,0.03744786556954302,0.13230523696933294
1136,0.012277777006561116,0.045410825571649105,0.19834616560492294
1137,0.01257970483419826,0.08212907537615766,0.22268269129730206
1138,0.012358566260554933,0.04133388119002544,0.17011058335949075
1139,0.012293592523966088,0.039419396863730395,0.26052966452342374
1140,0.012327570983578336,0.03890176834744165,0.28647703507911626
1141,0.012331293747548194,0.050430799768478585,0.22306607471816067
1142,0.012165895023327041,0.02382948817977646,0.07678019550765823
1143,0.012237760141185425,0.03594234886030231,0.3477144961306309
1144,0.012360597637933889,0.058396469808131776,0.20437447086713648
1145,0.012247639144462757,0.04311623108747672,0.1598352629408881
1146,0.012268009267496502,0.050818732560134715,0.17977186790112806
1147,0.012266224199914019,0.051873374731119935,0.12675770869407757
1148,0.012203308401278572,0.04104134062912025,0.16078936545139982
1149,0.012157258526903875,0.02754956146772028,0.24581203261696902
1150,0.012235011946339228,0.03347400948860377,0.22025558007815585
1151,0.012242078140275283,0.046853718385635304,0.24530601107404088
1152,0.012212952635781328,0.04253220834799304,0.1494127060598093
1153,0.012207497426720955,0.04070293617228795,0.23871108971920757
1154,0.0121934759858995,0.03236364979978629,0.2866247125566586
1155,0.012266230059332054,0.05402956405769683,0.1937700587284116
1156,0.012179826134735871,0.03477383862098175,0.15552619676301413
1157,0.012295971217592865,0.053290663902908715,0.17608143812366808
1158,0.012158060301567393,0.026052061177556304,0.1773155240543338
1159,0.01225489187584005,0.04734954325415074,0.32241875188257335
1160,0.012173886365425157,0.02644707572126604,0.05495562784050778
1161,0.012324011038130037,0.05058720730744888,0.3082260627108318
1162,0.012177314750238744,0.026791699245543234,0.2613870144682414
1163,0.012223585629864654,0.0418955629725538,0.34002755494825915
1164,0.012188684284612573,0.03771218533518903,0.21136024166273637
1165,0.012227508062226645,0.0496723572891458,0.24718826727030427
1166,0.012196365776162548,0.03610766435785894,0.20358284277896507
1167,0.012225597977030711,0.04714319430344059,0.20623025340687798
1168,0.012293708095276957,0.05316976539740591,0.010650849357590959
1169,0.012226263222385248,0.041933368414166686,0.15406006292607052
1170,0.012365695740547588,0.060533758684801875,0.265262432985508
1171,0.012275864461644439,0.04675872297256204,0.1758445883871813
1172,0.012313322942590507,0.053870395107034,0.23591604192627266
1173,0.012367538444424554,0.06143042920517417,0.17230978298140975
1174,0.012322096462093831,0.055504661511288085,0.1951407102649395
1175,0.012301588768275048,0.055183689449726354,0.16038839397562152
1176,0.012308367913828788,0.05741974599698051,0.1614603604829319
1177,0.012267193445003304,0.04171255459102116,0.31152496160590903
1178,0.012318852880081818,0.05713010391363833,0.2988891743165603
1179,0.012457129815805943,0.0719538655004454,0.10082725293496739
1180,0.012222882359793862,0.04302634544971381,0.24796882754771768
1181,0.01234129178219046,0.0638960858949043,0.2305855914548842
1182,0.012265118672571683,0.053173365816549245,0.1584862772953487
1183,0.012323375352652863,0.06023809635310015,0.1561483654072797
1184,0.012263033537234057,0.048741144613549184,0.13020768918493078
1185,0.012280759336086742,0.05003568388992624,0.2108834392733803
1186,0.012448011664713566,0.07012163082767806,0.15222801922163504
1187,0.012237286787152852,0.045390052568651924,0.17276795422422037
1188,0.012268726076204425,0.05098805361840385,0.2007668562128468
1189,0.012321384080585964,0.056661230891347246,0.21694951489596787
1190,0.012286842158042427,0.05487400028054408,0.15187081969576055
1191,0.012278199992779683,0.05159960041838863,0.18772645612920083
1192,0.012255331929231122,0.047292416445148325,0.18189858590539693
1193,0.012269545389696313,0.04789700385307316,0.13720398893460192
1194,0.012250136097432106,0.04389560715849124,0.36844675895862455
1195,0.012354068664810997,0.0653421160314675,0.10892153605457257
1196,0.012209296430633128,0.04425986038873483,0.1386916043241974
1197,0.012409437140022505,0.07391018597641974,0.24399803788295066
1198,0.01220774657172191,0.042224102347680814,0.1578246085144702
1199,0.012325461737446934,0.06484690275496216,0.219597928529997
1200,0.0122083206587984,0.04587647980645516,0.15254671173120127
1201,0.012240683761184163,0.04595382375707556,0.32173608147628874
1202,0.012230112015398033,0.046070237726362956,0.19383798108555986
1203,0.012266400426760181,0.053867496418716396,0.2870141010811533
1204,0.012174921956411063,0.04369824005072253,0.0055966736016564555
1205,0.012249162401347612,0.058198857299117654,0.12376949830394367
1206,0.012162730923378726,0.042531489913984845,0.14384741043931065
1207,0.01220205689892759,0.05044741183554956,0.18706841976002664
1208,0.012346111744353632,0.062417724521176866,0.059388941292342845
1209,0.012179137154445503,0.03750971935316908,0.17055516475164412
1210,0.012190339005684704,0.04523488835347497,0.21291650555808803
1211,0.01217321257084702,0.04085307506471111,0.19142668972143292
1212,0.012101539218448717,0.02753106345899465,0.15557825359139543
1213,0.012128066027367209,0.031903694945317335,0.18661677713050626
1214,0.012197082383753104,0.04420405641278397,0.28026978628643967
1215,0.012310237547854016,0.05668035956942843,0.12949045360392553
1216,0.012199881344447626,0.0392107688296168,0.17335097503170743
1217,0.01214415460693615,0.035670326611653584,0.18756612748184304
1218,0.01221899692425686,0.050304254609432046,0.16797440115164347
1219,0.012144355086041949,0.03643448047758576,0.19725861195335204
1220,0.012118225374499032,0.03399490133059723,0.25340510782971665
1221,0.012227027596689677,0.044555408338289325,0.15555262512519358
1222,0.01227818003399572,0.0485163392091551,0.29986295200833696
1223,0.012185686567738108,0.04204553088555649,0.213740003684512
1224,0.012243673330477897,0.048828061425955444,0.15703107250563897
1225,0.012281125834310888,0.06066576432955072,0.15043666292741958
1226,0.012238809039373598,0.04520082505569679,0.14674526551647016
1227,0.012248942555642024,0.05305385370318388,0.18294088978495351
1228,0.012204500438013409,0.042673529841637095,0.17736401619514716
1229,0.01230785582063932,0.05673755379865358,0.1525920850037995
1230,0.012207116585665369,0.04524257840088519,0.14558515985832343
1231,0.012174656956596237,0.05049024811532774,0.09320714941751465
1232,0.012154735720674993,0.044678175317877926,0.1514381941905555
1233,0.012125090782307026,0.03894833427593594,0.25006671350347215
1234,0.012152060408116335,0.03754233277660571,0.297960148310652
1235,0.01212672126262393,0.03529664048854207,0.22020641238406607
1236,0.012242171492470552,0.05627616002019961,0.1584441952123235
1237,0.012157128736418001,0.04114842312419292,0.15474270020556077
1238,0.012257484682345355,0.057104368615402426,0.15194522700500573
1239,0.012166641563779319,0.04523688185613354,0.15798638838371135
1240,0.01213000537861087,0.0385008975075725,0.19961694276121833
1241,0.012208734437439464,0.05208857706772699,0.1902046386148589
1242,0.012169915012013147,0.043200522409369786,0.21400124531814357
1243,0.012161438970966346,0.04362747360888958,0.16371065474886082
1244,0.012122707624039995,0.034787296537086614,0.21902577523323483
1245,0.01215062584968111,0.03609864399869578,0.19446703138800675
1246,0.012220499721296043,0.042143525851504784,0.2549257842357626
1247,0.012137308403807008,0.0410849238316542,0.15331618696204005
1248,0.012127172877869071,0.03158516376483393,0.15430532512459041
1249,0.012166137125980322,0.03936415028735767,0.20362765688516815
1250,0.012135958265987326,0.03248235676555727,0.1973586903908171
1251,0.012181352201391632,0.045028692624233785,0.20577753494269768
1252,0.012134612814217374,0.03589048700097503,0.2127876517076625
1253,0.01232057306084993,0.06798648316531208,0.19395862432141278
1254,0.012118263934892804,0.03425084179538784,0.13057689147472704
1255,0.012198236401317366,0.04056253586858584,0.06313002008454567
1256,0.012367339025782848,0.05808115156925901,0.27117344499018536
1257,0.012199660738409241,0.040040653283051834,0.13603752558252652
1258,0.01212135471545127,0.03515352946167172,0.19357068424405643
1259,0.01223958358318963,0.06132452151413766,0.16460953883484472
1260,0.012093297030125686,0.03004028162376621,0.16038352556393495
1261,0.012174199096658426,0.04238408235767824,0.010728108238234793
1262,0.01218896978349819,0.04581182593489625,0.25756355814182214
1263,0.012311851734724294,0.06380425417658274,0.23596603697717564
1264,0.012176174056529824,0.04044082733300789,0.13967042995338583
1265,0.012283175318032245,0.06206590256422339,0.24373982092301963
1266,0.012192827824708303,0.04423931609180125,0.17741697675150336
1267,0.012367590418587596,0.07166287905175761,0.192047462452089
1268,0.01217170549067922,0.04469555378904079,0.12161524636411739
1269,0.012241417305491716,0.056002381404539066,0.3820989082023539
1270,0.012195521327306192,0.042422247124369886,0.15822145595910087
1271,0.012225766603674392,0.052484858708491976,0.09363353172828888
1272,0.012262145845513286,0.05837293235981682,0.19783616549885683
1273,0.012314136457251407,0.06587237104513857,0.17146805523018474
1274,0.012229161352145234,0.04711193835902858,0.19660854009758338
1275,0.012251367958254857,0.05544173252716404,0.2640180847967879
1276,0.012217227034102298,0.045909090216358396,0.10113003737981252
1277,0.012209343081823693,0.045886173175777235,0.3252496365210034
1278,0.01229554984378063,0.051998479858814756,0.3311951387611269
1279,0.012228177758076567,0.04915950688698287,0.22527373253973473
1280,0.01230308831734144,0.052232961454990116,0.3233225977156679
1281,0.01232462273646312,0.0647663819581597,0.19250954423919991
1282,0.01224393501218001,0.0541777030372282,0.16336399222620324
1283,0.012287348617285563,0.05396224447538157,0.26421376509363936
1284,0.012401373235698017,0.059486295268842866,0.22129919245670449
1285,0.012261537180844747,0.049516571452313196,0.1927601489599388
1286,0.012220032035953551,0.05010271016156718,0.21169496601071064
1287,0.012270395316686626,0.04996165056588659,0.20485859387530875
1288,0.012382944715060767,0.05478685467361206,0.3554792595075591
1289,0.012346944192970754,0.0630758828412279,0.15074963051156967
1290,0.01227183873571221,0.05701801413496107,0.16154571872464638
1291,0.012174213177786069,0.04414181937296375,0.11159982300891211
1292,0.012293329715012624,0.05851232584684423,0.34499043010030156
1293,0.012188493376886024,0.04654896733761745,0.12351383543983425
1294,0.012191200935304807,0.04324144030432641,0.25849122178366174
1295,0.012319796363535161,0.06116352899645726,0.25169893359508516
1296,0.01221366129583327,0.043174168776854205,0.0504358865111939
1297,0.01221046324843435,0.04994564123084434,0.31031879295693976
1298,0.012226640143896206,0.05579702495727068,0.18657884127939983
1299,0.01221427349153653,0.04813837606978775,0.21343000680083524
1300,0.012241471027630096,0.05713599135602176,0.2239059459346046
1301,0.01220211863042533,0.0514575228120716,0.18424761588730088
1302,0.012235273452293118,0.05177406553822675,0.20847072851058043
1303,0.012272599848823403,0.06210682489791905,0.17032862213033645
1304,0.01226958442196294,0.05976498500421087,0.11232765227682877
1305,0.012220170263664088,0.0536802883897829,0.16071294258067398
1306,0.012249154840050373,0.05546199985987065,0.15549195740208185
1307,0.012613831293915915,0.08923426364669494,0.2801529831568572
1308,0.012268147171778293,0.047600280020209024,0.11993220403157519
1309,0.012282807988580433,0.06024808277889107,0.23986052478765174
1310,0.01221173772600966,0.05296069496643423,0.15125235593747519
1311,0.01230432056513206,0.06796777570948397,0.13857609900968731
1312,0.012166338695755147,0.04646648339030684,0.13677039077295514
1313,0.012258121197414967,0.05779961632337497,0.21206445244001443
1314,0.012217752560599841,0.05247736794381319,0.14580792325723396
1315,0.012228889777731561,0.05077185499373333,0.18465602253917882
1316,0.012191657485139106,0.04853818362091894,0.19293141158670196
1317,0.01227978013850674,0.05459924705447082,0.37329972609495354
1318,0.01227320016738155,0.054509789931450246,0.15941785008463863
1319,0.012270822942781751,0.05429828579543994,0.20301591137983233
1320,0.012265192035753361,0.04968475891371402,0.25150703436334826
1321,0.012374246777665342,0.07095911782138875,0.22057001221586606
1322,0.01225970345267714,0.060881701929052304,0.00561204732397637
1323,0.01221836901865646,0.046802493476713315,0.19999890620717015
1324,0.012181955856691837,0.04628921424011988,0.21804896961749984
1325,0.01215623643772854,0.041311225398023954,0.1696936744024492
1326,0.012137834353176951,0.03456379648118338,0.16158325958394956
1327,0.012175979042606543,0.05128985296351446,0.24937232240527277
1328,0.012083469356147918,0.03262947629761311,0.16346049903006507
1329,0.01244005456102883,0.08421342327420378,0.20185055977371702
1330,0.01209364700596501,0.03115252732272665,0.11631050742747129
1331,0.012194178420968519,0.05292823014275623,0.26738510519319514
1332,0.012087086270433095,0.03248108836730206,0.21259603524456605
1333,0.0121947694590438,0.0471845144306396,0.10433343565076064
1334,0.01221426821381257,0.04962581886134859,0.27051709603047763
1335,0.012132655011202236,0.04311174198807243,0.20180112766026234
1336,0.012182063720743916,0.05480499869179247,0.13896988738923308
1337,0.012118992829315587,0.043823172476033075,0.16570002057511404
1338,0.012098208351914427,0.03938943356843769,0.14718214219290096
1339,0.012181265453981698,0.04625743250257979,0.26374025989435806
1340,0.012074128072620269,0.03134405745368837,0.17600434644663257
1341,0.012170460238278825,0.05257318127050972,0.2086849155953268
1342,0.01205722361213429,0.02942986304289122,0.22613402005462419
1343,0.012139377418407376,0.045424559434096415,0.20481702926437798
1344,0.012104401748523728,0.03868698387231335,0.19930841699503316
1345,0.012128767989602572,0.03253792577350841,0.33230432620283556
1346,0.012192441793886444,0.05393410494847142,0.3352680626157261
1347,0.012073435361814336,0.027646104612330632,0.17819145397842073
1348,0.012250722454662494,0.06443010218444162,0.1703315484371022
1349,0.012092657649830646,0.031070085905011847,0.04673293289787366
1350,0.01209616467858716,0.040852152082456204,0.20367339815715083
1351,0.012063066481993096,0.027391063397824905,0.20875321256284696
1352,0.012162433661072093,0.04938811840943468,0.24386397460695006
1353,0.012079450707027317,0.033114352450310226,0.21877234885669866
1354,0.01213535360917506,0.040929826089532446,0.23145177995149083
1355,0.01215714681061836,0.04774116703862237,0.19192971762692845
1356,0.01214619793080833,0.04044307355889116,0.1956806531302921
1357,0.012170962172680017,0.046309990816389694,0.2013942215113389
1358,0.012074479635681305,0.029120382617404253,0.1844412842982452
1359,0.012094017849401168,0.032384294459972304,0.14045392570823453
1360,0.012183074833206603,0.05555078739879637,0.13817819866293973
1361,0.012124960910848873,0.044977370770992245,0.18970127210160304
1362,0.012167447611870674,0.04964026806984784,0.18051716774323642
1363,0.012087903042553498,0.036427092876997906,0.18880490926065974
1364,0.012119032973224525,0.04262551070928239,0.20779104890015887
1365,0.012131266367392125,0.046300354121803576,0.14043893719518946
1366,0.012102959388641085,0.04065168223787901,0.1527343759618272
1367,0.012130791396384686,0.04724459686309718,0.20977072338856853
1368,0.012140512491977699,0.04758658870603243,0.1788091015307603
1369,0.012085279683198955,0.03500159155768234,0.11596682227986077
1370,0.012158618755587639,0.04998286267882503,0.19198132284018912
1371,0.012091573985484914,0.037090469718882045,0.17199575934621855
1372,0.012112705957752512,0.038804537718651826,0.10798311939733107
1373,0.012052669321698798,0.026346627617256767,0.26116225921521935
1374,0.012097378593576678,0.02976502272339386,0.2402910174316657
1375,0.012281608909893754,0.06007375434351479,0.1901177368430001
1376,0.012178328300918766,0.04304785584976273,0.13649819007354091
1377,0.012097446141111965,0.03432417438148246,0.2347755353002736
1378,0.012075651171889221,0.02541327561974873,0.2220937025492876
1379,0.012112736999521756,0.028217112572740927,0.2972481398321426
1380,0.012287170575376156,0.05917310158594825,0.2071849253997823
1381,0.012140158931363308,0.03608425316895354,0.15629924433357723
1382,0.012332184015587475,0.06863700550569014,0.16651661913404514
1383,0.012148750754844307,0.03572585708694639,0.16405056071560956
1384,0.012212002526715357,0.05127200755226651,0.3429576222795178
1385,0.012170664733113278,0.047118645650292286,0.13546968420771122
1386,0.01221200165786749,0.05312767443897869,0.21854789031984614
1387,0.01212720825652632,0.039155824382290615,0.17143900618215202
1388,0.012072340082080357,0.02932238472547387,0.2533257541751851
1389,0.012123641253155515,0.03895345622765524,0.2105371556522441
1390,0.012134098492289186,0.04245130680302797,0.12920532334207466
1391,0.012100446878582971,0.03927960435583551,0.17052839615744658
1392,0.012190202641450276,0.051927056686805854,0.1664611786515276
1393,0.012115382359322555,0.04128997351591065,0.17044756702766095
1394,0.012140757722052765,0.04693740970158549,0.19919114906717283
1395,0.012135791722122601,0.038977411145032136,0.23453172857420915
1396,0.012114523209639705,0.04053083059167788,0.20362983254367295
1397,0.012106205089448542,0.038710222843767135,0.1981530210898622
1398,0.01210697685940534,0.037478036764851216,0.22735455863479928
1399,0.0121258247753091,0.04017133038650165,0.22726927075800765
1400,0.012133989992729605,0.038746655565841406,0.21680165140332758
1401,0.01206526771366652,0.028260061144608585,0.18219409318129406
1402,0.01220877766160311,0.054524910230997696,0.20894667949381462
1403,0.012173043888669634,0.047025967644862464,0.1151432303257893
1404,0.012127066131036122,0.040354063675060024,0.17542878879319912
1405,0.012107235823510221,0.03765489475746531,0.2530063777228627
1406,0.012181855077155055,0.05106075190115535,0.19568748884049786
1407,0.012176318856652548,0.05063862681633036,0.16141259663390922
1408,0.012161868042535029,0.04662342491811367,0.14120661956252026
1409,0.012092061542753134,0.03710549042073716,0.1700387334076464
1410,0.012185079388639527,0.05596339064983451,0.2427992508840822
1411,0.012161041925677765,0.041441542617140135,0.2228654170486182
1412,0.012199087293042449,0.04257767955733486,0.24762784907875904
1413,0.012360268908088405,0.05988696330222333,0.25774514756787886
1414,0.01221005174126482,0.039652541542523255,0.2079359625579148
1415,0.012151754968296319,0.04089840223910609,0.3096178506001987
1416,0.012120214301713955,0.03835565618790745,0.2457888376898213
1417,0.012142617455153838,0.04408488894195399,0.22687179533951696
1418,0.012142522406224644,0.04662189069234941,0.12192401286129723
1419,0.012124339816049504,0.04461678747120149,0.14332510636659304
1420,0.012090120681306403,0.034369994128530576,0.2128166764850271
1421,0.01215528467286671,0.04404981360005361,0.26115712104595734
1422,0.012100566022676123,0.03600906827353191,0.17647693899181108
1423,0.012205913215659118,0.055108224081745344,0.18013291277023566
1424,0.012115868378494503,0.0412594375520307,0.09854258287170756
1425,0.012183256187527103,0.05244838013162021,0.18193053964504463
1426,0.012118363170526641,0.03582612520608416,0.1753888365350603
1427,0.01209708669833356,0.034492179963278836,0.22941769834545828
1428,0.012150053850078264,0.04306656589824013,0.21528585562876243
1429,0.012131179185994517,0.035395519166836906,0.08145091260626333
1430,0.012188864174577218,0.05335722841481762,0.3092129691915612
1431,0.012076577896796364,0.03180784679409392,0.13619164924905428
1432,0.01214321668412985,0.04614039212938777,0.2847715256540303
1433,0.012056666815105513,0.02734543702698979,0.13420564195262843
1434,0.012073797793084358,0.03301308973366911,0.3191171006701947
1435,0.0121458812617329,0.04026959358666073,0.060380806901333524
1436,0.012136472388861827,0.046922477650625044,0.2077233983716765
1437,0.012024920652062149,0.02258880879464753,0.19294185348761086
1438,0.012117907535067637,0.04031866452100389,0.2320440885655321
1439,0.012136403906226147,0.04329002403548204,0.2515123888534025
1440,0.012150471258880033,0.04984875930877911,0.21509939023968822
1441,0.012108909850683578,0.04319176492565654,0.15856808972574796
1442,0.012156214897928334,0.052331663965202474,0.2569728360828182
1443,0.012061712871570814,0.031213423117079843,0.20768661240814112
1444,0.0120911500754343,0.034585432584858626,0.4249940523005696
1445,0.012148456121808643,0.04114050406138329,0.14598947743060006
1446,0.012040011178562843,0.025928187816493073,0.20585636739925894
1447,0.012200038127360927,0.05238269603611743,0.2598148590018039
1448,0.012107693969391728,0.03829931242275824,0.15122906198948283
1449,0.01233076485207768,0.07528815033022908,0.1690862378603622
1450,0.012059776452413169,0.030403757467518524,0.11031464952902578
1451,0.012244579267460578,0.06812133946674745,0.1967178176784716
1452,0.012072319309619106,0.03568354583125903,0.10624667926270132
1453,0.012129124848587008,0.045063313257683334,0.23043267066239975
1454,0.012076754237461249,0.035558074284186704,0.24341903744749196
1455,0.01212078226543429,0.04469234051021292,0.24636131623269003
1456,0.012110594316235,0.04348132869036857,0.21547403857608885
1457,0.012066484995766293,0.02662978964750379,0.2984225385969054
1458,0.012212303426048053,0.05375360397067762,0.23702067682176095
1459,0.012241061155229199,0.053494399870460355,0.2704366530289093
1460,0.012146107157549378,0.04018951898175058,0.1392083152598423
1461,0.012194357867495433,0.04846240848473508,0.2122441053089126
1462,0.012176407342424991,0.05183009661517529,0.16686387659857657
1463,0.012162675525048822,0.05073819618842124,0.1555661218551039
1464,0.012102114692009744,0.039662559195035335,0.16188117510987374
1465,0.012205802348333013,0.05392546576850802,0.143019736737176
1466,0.012118733792479911,0.03861680449425191,0.18689670952044507
1467,0.012217322845788981,0.05356313142546964,0.2322125891779245
1468,0.012188506714217874,0.05605716442792538,0.04025748152843792
1469,0.01205752454065026,0.02960168503588221,0.25556584862031495
1470,0.01213738228579488,0.043395952657286,0.2466127452312474
1471,0.012216683443974682,0.05190542858284451,0.011071501240975683
1472,0.01221465606791204,0.054608574924075934,0.18599611120832768
1473,0.012251223303554,0.06245815745098761,0.15408266192349865
1474,0.012195818575725326,0.05045866951489325,0.19177460871411234
1475,0.012289098774123083,0.06513996701736388,0.20828093387979055
1476,0.012163811556559798,0.04352034959571847,0.1075707564005264
1477,0.01231833236720488,0.058991690066641136,0.13254900196374497
1478,0.012293696403469062,0.05622561782336931,0.195228206145947
1479,0.012235905057141883,0.05511233569850304,0.1974674323893499
1480,0.012187813472097625,0.051991182359012476,0.17570805244983265
1481,0.012129417362810466,0.04392054591548806,0.20463764722929748
1482,0.012153537815420591,0.046100568184535146,0.32449967500347565
1483,0.012250947114870635,0.06475161073097835,0.19336189136246704
1484,0.012201924715725065,0.056191921095439,0.13430559521486896
1485,0.012175411629273238,0.04945780979881254,0.2050997199222258
1486,0.012177420629752616,0.04812327776811954,0.22654011908675217
1487,0.012270686468726899,0.0589667866891394,0.19855162540219834
1488,0.012138019650077308,0.04445600536687475,0.11041213445549954
1489,0.01214794973796469,0.0458690966870923,0.28318379032591595
1490,0.012205187746123133,0.05576007730438074,0.22261811289375527
1491,0.01216260276025312,0.04528481640732207,0.22085423089160805
1492,0.012266291156251868,0.06610550840511908,0.1236162841316471
1493,0.012167864555425779,0.049671063876736206,0.1493341723270626
1494,0.012184811179139915,0.0514834625907954,0.1992504335614574
1495,0.012242492589194685,0.05985271903589838,0.20165984444566348
1496,0.012091711613741559,0.03939231439748902,0.07345779764915543
1497,0.012219554089384884,0.05965702197499275,0.2018630005607805
1498,0.012142106433477465,0.04263020494412009,0.15273825122595458
1499,0.012207154896306688,0.05587781548598774,0.25348188359723206
1500,0.012197203851164977,0.054590221364652344,0.16894373511147207
1501,0.012211132260413121,0.0566019903761504,0.20618248933700975
1502,0.012174877981589635,0.048285551095410065,0.1740668050035674
1503,0.012156800468517292,0.04520323142897669,0.25808195485067353
1504,0.012148955787973944,0.041440509852202816,0.3537844936889193
1505,0.012149865710514917,0.04001796795379586,0.24355341779060385
1506,0.012190628268523221,0.04709160035528482,0.33335938000400517
1507,0.012225797822963971,0.05131406336065915,0.1222328714295718
1508,0.012127942355151092,0.04030844688917428,0.19923781924206346
1509,0.012189821243744164,0.05012218123104272,0.2686814151027699
1510,0.01219163127051158,0.049463775757923635,0.230543490149714
1511,0.01216181653951043,0.0460463150758139,0.2695030249469768
1512,0.012186426285097916,0.0503652333686698,0.2122857897720408
1513,0.012210814313342476,0.05230205290641427,0.21425494669665682
1514,0.012275325100617834,0.05711154968116097,0.20357375609040476
1515,0.012270569042611656,0.06318868651645818,0.09789328086919943
1516,0.01219929977048517,0.05377075865727286,0.13066434375855285
1517,0.0121688542906402,0.05125652128795455,0.1855492895729757
1518,0.012241753999138584,0.06294110141248335,0.19166905889262442
1519,0.012186836455611347,0.05421082803474625,0.16148709702412697
1520,0.012261181366001794,0.06484307197598059,0.1363767755301722
1521,0.01216382879250093,0.04903994014779633,0.15658927179254617
1522,0.01221363602520323,0.0578680420305958,0.22729122413643604
1523,0.012142235753170737,0.04448207045427866,0.17238853127262316
1524,0.012170766633966316,0.04371363665518972,0.274035640441768
1525,0.012202906011976822,0.045988411389293896,0.2843132548993863
1526,0.012177216742260874,0.04955795197581105,0.17723651170257623
1527,0.01220797706504247,0.04739239661192597,0.22236148572410652
1528,0.012215507373317919,0.04740101642393464,0.24926683390753246
1529,0.012160097959958146,0.04229575516213292,0.2578242180771052
1530,0.012253193198503898,0.054845495291234524,0.30904498226908983
1531,0.012254821103814338,0.057583825634399795,0.1843275966424675
1532,0.012268001804456615,0.05022049602266784,0.1639139635742259
1533,0.012175224569445272,0.039106934343213544,0.005592691291585062
1534,0.012048238786146317,0.02942041534925431,0.04584012020505738
1535,0.012226644762464565,0.05994896292877329,0.18442205552136073
1536,0.012109211583685501,0.03857371963524438,0.18681649729177405
1537,0.012202773634073585,0.05695472319325377,0.254701566796015
1538,0.012087646386927399,0.031390321528028044,0.12620455004953143
1539,0.012142743810428139,0.04423414737401549,0.34108541892402916
1540,0.012103012589708029,0.032184291167151706,0.25464365675616396
1541,0.012123819448069163,0.04134254553055762,0.26483906296748627
1542,0.012134063704329198,0.04093259273750157,0.22849174350770765
1543,0.012136301329537089,0.04078271228399119,0.21392258489718388
1544,0.01216552139352761,0.044650570688851386,0.20289803295767794
1545,0.012113740635986898,0.044230425552472634,0.14329930591889697
1546,0.012135611242265146,0.04909357836589524,0.14004039630731688
1547,0.012103912307724375,0.03767196930588561,0.16063862964238787
1548,0.012112389100087776,0.04394288131512841,0.29205423477601894
1549,0.012101824152676716,0.03670189603614558,0.23741838147271416
1550,0.012115673373799868,0.039953897300157165,0.26476920086057004
1551,0.012078912186346916,0.027444919886201444,0.2180039910678444
1552,0.012089173017943343,0.027909066731649283,0.2643017065379305
1553,0.012328847128706771,0.07338131312060257,0.14658358195164162
1554,0.012072164896199545,0.026811031769264738,0.1627160647629328
1555,0.012095113777701819,0.033531052274508866,0.29664688521648874
1556,0.012179741974561082,0.04558036543397752,0.01091555064841688
1557,0.012330569302848211,0.06709890793460022,0.1610723573171035
1558,0.012207406100098375,0.05037437954613932,0.1844771131717747
1559,0.012300068039173866,0.06232409390900147,0.266264063548172
1560,0.012183561151898057,0.04493453590846697,0.26172740828131263
1561,0.012291101057829506,0.06540879410982442,0.22502379827193586
1562,0.012244843581711054,0.054662733398091946,0.12210791782017082
1563,0.012204532528109676,0.0514097642824718,0.19967405354396595
1564,0.012220082009711886,0.050355652597093674,0.2139670307477124
1565,0.012198309060383676,0.05516379002675306,0.1350074826481371
1566,0.012233840074261041,0.05989141970453629,0.12304481358900671
1567,0.012204423937563389,0.05511480224643315,0.1970372447514319
1568,0.012258524923529074,0.057194827213182475,0.1420664868508789
1569,0.012100994203617913,0.03813726498180327,0.04457482119203393
1570,0.012198262889070038,0.052388350284289835,0.13432265641005867
1571,0.01218431898735962,0.0475839578524425,0.26185363108121074
1572,0.01224887909599932,0.06358535316191048,0.24398082385355
1573,0.0121161439419708,0.04136549795187559,0.17265304242093524
1574,0.012170687005256958,0.054205167797755735,0.17879961433584704
1575,0.01218656914298266,0.05454186805294417,0.19773875231702068
1576,0.012182997060948875,0.05008797022884218,0.21320476453634293
1577,0.012154724162193962,0.051011952826794764,0.17409536146950955
1578,0.012248044100549355,0.06372935297082802,0.1788695578221776
1579,0.01215410427075766,0.0499451833003454,0.18495137734531106
1580,0.012165514592641195,0.04698367853072899,0.2478457519766295
1581,0.012146185318898705,0.04494156517069939,0.20661522030631502
1582,0.012176785396884082,0.04415950315288159,0.3453809717097942
1583,0.012145650497997167,0.047865819422746494,0.287357270509152
1584,0.012281073280614558,0.0683476827196577,0.22572084729269326
1585,0.012177850180515518,0.05186040359296947,0.15404459265730147
1586,0.012192669879691644,0.058056207328693335,0.16278487893305277
1587,0.012165952970566342,0.052535684947672134,0.18996489329304553
1588,0.012117842146134322,0.03989614914298166,0.2698893687743709
1589,0.01218484365219083,0.046491260159087534,0.2852051132848797
1590,0.012201484665401826,0.05025460605164788,0.226435649066501
1591,0.012141039212935092,0.04371582229446765,0.28399766589070324
1592,0.01223534542621911,0.06266737182531079,0.17288017268320358
1593,0.012144930340315037,0.04674930757268132,0.1872147280717549
1594,0.012194723774853323,0.05565890789698817,0.21340031048785896
1595,0.012212340983783807,0.05617424120900729,0.20544002591151267
1596,0.012231755822464534,0.05736310345188227,0.1511569109586617
1597,0.012165357114949699,0.0492161721856331,0.15527378783671109
1598,0.012169211065198023,0.05068556802348759,0.18738448500798308
1599,0.012211725062277863,0.057549058879301354,0.2565225116376096
1600,0.012198946445259344,0.05191654810530016,0.1932184167231726
1601,0.012228194326764842,0.051198202994771715,0.40982306245173905
1602,0.012190505972338643,0.04252420359088257,0.2576557733391635
1603,0.012327892559289177,0.07026597181507431,0.22756254081741553
1604,0.012149935581764262,0.043568698754493956,0.1508632990016425
1605,0.012235249866733492,0.05279616925662529,0.30082065794889884
1606,0.012187864365778229,0.0523861311729812,0.15592240583917344
1607,0.012203167780712162,0.04943511642821374,0.1678760540830967
1608,0.012241533644856084,0.05451502097077033,0.34595354645699156
1609,0.012137555371644775,0.04038231515896367,0.23889060550083646
1610,0.012156137877495067,0.04303762028984261,0.2621274032342645
1611,0.012194791453148932,0.04969299170934416,0.2573352557955769
1612,0.012157462126425343,0.046802336774671535,0.18716878021326527
1613,0.012187208347448283,0.046654129173295776,0.0941786229383175
1614,0.012218693083234897,0.05555949847178197,0.22779539128753154
1615,0.012174383262653021,0.05041346942492835,0.14787897172955022
1616,0.012287576038168617,0.06551039668012837,0.1763813249071818
1617,0.01217139606054691,0.04780220914971639,0.1841470709113454
1618,0.01228760205000745,0.06550040631651197,0.2830606630880421
1619,0.012213674396314107,0.05680179684089862,0.11532789533639952
1620,0.012322758635670518,0.07325266009450193,0.05314523105743018
1621,0.012135725598496658,0.04688681115206689,0.09258488103534915
1622,0.012226872687784829,0.05183001580044733,0.16385694510485557
1623,0.012215417683727404,0.04923973407299077,0.31735263944395176
1624,0.01228909586265813,0.07003374255055263,0.14453699519760013
1625,0.01218693269048742,0.0522978360543733,0.17508213291692684
1626,0.012085469119246878,0.03918662347350494,0.005537756609078006
1627,0.01202038732643502,0.02673287092639789,0.2003803274661201
1628,0.012157337876455208,0.054322653083315034,0.2419898171921901
1629,0.012105891927494292,0.0463266519552265,0.12361739018408194
1630,0.012098685609385824,0.032780637490420525,0.3350141968152441
1631,0.012087603200714931,0.03870049134833158,0.19433559773743184
1632,0.01213725245839545,0.0529039984138618,0.2248247601452807
1633,0.012074655459687373,0.040367998836276814,0.1414050955947802
1634,0.012107291270542294,0.04379870633858803,0.1702701158352308
1635,0.012083668668464267,0.03600206726132795,0.18146368127904763
1636,0.012125948259359113,0.04635756236173899,0.23568524951022865
1637,0.012136806602456926,0.04900831010502267,0.1761863876044316
1638,0.012101552353373882,0.04350213313495198,0.19218964983188924
1639,0.012137174182204776,0.048140032408197996,0.1855493892664233
1640,0.012109162379219352,0.043825068893293975,0.1560989638996825
1641,0.012099332624532175,0.045661114196110096,0.16801245241072119
1642,0.01211993264606645,0.04801633932290242,0.13080463690874003
1643,0.012074405749801861,0.0292171705273658,0.17660956076682463
1644,0.012123815300280769,0.04218365002710538,0.2484575252926094
1645,0.012194321912488973,0.0531432955955805,0.1901318741013621
1646,0.012069519019381898,0.03713986642007268,0.15897194063952538
1647,0.012100949286234177,0.04185928567221191,0.26263431773975615
1648,0.012137175709776984,0.05122141330502162,0.1833119090161555
1649,0.012114260844247327,0.047798166965853324,0.1568605818901112
1650,0.012070983904323066,0.03737956556949435,0.15235578314962261
1651,0.012084856279166695,0.03485254797414016,0.25706142455600994
1652,0.012138026314603903,0.04810338339589533,0.26846830384120673
1653,0.012210536786208342,0.05522936407235092,0.010907976796242244
1654,0.012167409145269594,0.047766040898751874,0.1380762870620958
1655,0.012195911482270871,0.05216374556308543,0.17965250304542407
1656,0.012234425269324358,0.051533839879172254,0.2129988632446406
1657,0.012323308028510829,0.06469884903472993,0.1705426820141989
1658,0.012235420846877712,0.052604893268659914,0.17813865335355683
1659,0.012265191017269582,0.05940516789193202,0.23282568934277584
1660,0.012267943386620298,0.05777834054286815,0.19959357810516484
1661,0.012171498425748403,0.047302805191519685,0.22392363566718645
1662,0.012150570106356666,0.04435791527878191,0.2769396263616194
1663,0.012214782500909712,0.05805754205484523,0.26260377355460635
1664,0.012146018648220873,0.04716521904762213,0.14084111696896254
1665,0.012262938469360558,0.06777550941670253,0.2209478220876888
1666,0.012195221739563594,0.04861948968242738,0.09654917186971672
1667,0.012148265957666476,0.04617953040986418,0.26290893757717215
1668,0.012273497900705954,0.06608906517952899,0.26949732138005206
1669,0.012151695292332116,0.04306646523889507,0.05186081197855885
1670,0.01224777746254108,0.057245063815782246,0.26319855422939414
1671,0.012236051970365452,0.05748928198207906,0.14585696511359975
1672,0.012218719768428261,0.05487831344849488,0.19562642932821345
1673,0.012162565099129058,0.05239988350264493,0.1381745674688057
1674,0.012185326000571024,0.05821195250344243,0.18635846208876933
1675,0.012184540168585504,0.05775897391605781,0.15159809123084098
1676,0.012162506678435157,0.04358970242374887,0.23544862779860137
1677,0.012152188560333786,0.05014212283404133,0.17435840484630308
1678,0.012155267626030702,0.047844315131334206,0.21876511595027698
1679,0.012205653500057959,0.05656670575840737,0.15845810274030694
1680,0.012145151329474522,0.04552930930942232,0.22600460007671094
1681,0.012131820336408273,0.04162517723141581,0.23247453975740384
1682,0.012137657702186598,0.04955892049351431,0.057660365795898054
1683,0.012233995665895132,0.06067528929040796,0.24994780188991111
1684,0.012180470147105788,0.045857217007973745,0.09517146954757014
1685,0.012182521587107897,0.05544631673269522,0.17366972655163604
1686,0.012159140655611024,0.05005552416613216,0.22256469681749272
1687,0.012213003671329629,0.06190420473149111,0.17803326606769138
1688,0.012138821228845643,0.048814418539620756,0.1305484253290193
1689,0.012178371588221173,0.05292784559331917,0.2668695985160233
1690,0.012156130262430596,0.048655675577162,0.2357994455920794
1691,0.012461113724442165,0.08901118905492292,0.2505571097337698
1692,0.012103569179802808,0.04047855454153235,0.0903119517096045
1693,0.012156077500114819,0.04656835749316551,0.3102920056887442
1694,0.012243653688467904,0.061790209599543094,0.20089962056122976
1695,0.012121103175479066,0.04690844146332569,0.1976141292686451
1696,0.012144467005037797,0.04712226524116437,0.3128097551258188
1697,0.012293204193834307,0.06533408422626363,0.16293151641690373
1698,0.012200002529254914,0.05015590386195039,0.2200646967025612
1699,0.012179500960242529,0.05149610150885479,0.2278822993460298
1700,0.012205894655695756,0.05780225074578462,0.18251874614490143
1701,0.012177692193698006,0.052243920633252144,0.1845788404004765
1702,0.012149527139719474,0.051500811240349734,0.1455225214568371
1703,0.012159472807699785,0.05253824014088355,0.31379030264167673
1704,0.012188252223382389,0.056040566904355285,0.26415509569259005
1705,0.01221093100283574,0.053107356800428746,0.1495880541661978
1706,0.012156863916058953,0.050353994747275754,0.13666794198350846
1707,0.012127009869397408,0.04568221231344295,0.24657014200394442
1708,0.012225204502091094,0.056146085385171886,0.3807131636739461
1709,0.012265398152224596,0.06099987083387384,0.13342905273663036
1710,0.012153526763348362,0.047633911320159074,0.1549551766590895
1711,0.012246824596163788,0.06084843165234187,0.21021156089133416
1712,0.012190288609408797,0.052377070378465916,0.17107785452147523
1713,0.012294186444296716,0.06625661481931092,0.1323367381737307
1714,0.012248079468250486,0.05262887466123855,0.19551314966189837
1715,0.01216426532547311,0.04717735186256665,0.20062102464254233
1716,0.012164194952830071,0.048315633227360384,0.1861311886575206
1717,0.012161843245605356,0.05033580903294947,0.20984127074781878
1718,0.01216033843266262,0.04747568157622012,0.22354409305560294
1719,0.012155089732696736,0.04645610230976178,0.2367583190872261
1720,0.012334592317127717,0.06880068545338483,0.18658599752614202
1721,0.012169243798292364,0.049142727597284754,0.08862750010301755
1722,0.012250973325435212,0.06436249495971144,0.18759051300886265
1723,0.01216212281391913,0.048503626069178615,0.15996046585315593
1724,0.012071893881405952,0.036975882368545286,0.005598195653489473
1725,0.01209809978932036,0.0399319094113938,0.21998621966213333
1726,0.012122409404014508,0.04689604773181609,0.20058603493817778
1727,0.012104459567180237,0.04502529154769547,0.18463168218685752
1728,0.01209408730691415,0.04241607982493165,0.22041913020416767
1729,0.012100280161996168,0.03651973190937636,0.24105754121626194
1730,0.012053290510686227,0.030655013878098252,0.2673850603865478
1731,0.012111235191727934,0.0409065387469066,0.2567931747170523
1732,0.012200545311912864,0.05981308518036893,0.15921760656988354
1733,0.012073251361957648,0.03792910493865457,0.17094922677002863
1734,0.012186972491465378,0.0533568797732406,0.21865801098041454
1735,0.01209034995448778,0.03628219498536661,0.12940328335549692
1736,0.012117232289381696,0.04802797119117323,0.13329796087991816
1737,0.012086454327739794,0.039090074493438515,0.21592183925855074
1738,0.012155890307508698,0.054847701874408746,0.19519394212722518
1739,0.012133555439600992,0.03642433300606306,0.20364220195545185
1740,0.01223734386379357,0.05746590122805378,0.2923142797391863
1741,0.012090013294434146,0.03784604891066219,0.15723544906940465
1742,0.012172789299777708,0.05551038589078051,0.18897309913610605
1743,0.012066354606585908,0.0389405828621585,0.1790542177052344
1744,0.012057219924490657,0.028547193807874394,0.2391549967229546
1745,0.012076497687230433,0.03543853847332604,0.2130882713967705
1746,0.012179069017930842,0.057752007017725954,0.16286262339899255
1747,0.012067243745524401,0.03647089950690914,0.10465522401860264
1748,0.012082567549125794,0.04187110853215869,0.2592893364728938
1749,0.01213614089849075,0.0488960159400667,0.10956084696527013
1750,0.012090938689138355,0.043625340932993265,0.22563944493497187
1751,0.01212847391394209,0.052725157533632584,0.21881161694687876
1752,0.012072750436011487,0.04232694259991511,0.1417528649385749
1753,0.012078517795537034,0.04073327096996436,0.22239630814707045
1754,0.012042131359347959,0.031415726789670737,0.20028778171619135
1755,0.012120779230108606,0.044853466564607945,0.30444127498124557
1756,0.012094747267719799,0.03143123596432061,0.13885777575853323
1757,0.012122819929112362,0.044123659471211926,0.17682668433603144
1758,0.012048816414566512,0.03078940738987973,0.27135843960187034
1759,0.012089295751707498,0.04337728473604588,0.2928651698203706
1760,0.012117160098941237,0.04896756608934316,0.15673386815182802
1761,0.012093387545155224,0.04296925610947287,0.23077701259832542
1762,0.012142585388429689,0.056984313476801086,0.15383328692148068
1763,0.012044016385582699,0.028472859226014446,0.26114319629267563
1764,0.012252327179777834,0.06736814555781909,0.22226744695618708
1765,0.012046267966207605,0.028549808245974747,0.12559614793301951
1766,0.012283606725642191,0.07178652574864153,0.24272962587051738
1767,0.012417623974896654,0.07574392255039741,0.07050119728995347
1768,0.012097526833614584,0.033141777743903006,0.10765690806441663
1769,0.012176746373128822,0.04420745073557316,0.010865337945391627
1770,0.012184235732065962,0.05599079331054548,0.20709012373821725
1771,0.01216777247013416,0.05088011492586573,0.18175051338342332
1772,0.012225851943686132,0.05945825283160602,0.21557770210366742
1773,0.012114315340374136,0.04341139619563656,0.21148547710680263
1774,0.012204628547117617,0.05647891854732437,0.2874461182049118
1775,0.012186283421152496,0.054760148306188715,0.18935186828281345
1776,0.012184009621358611,0.05540520199425963,0.14363523546861956
1777,0.012179433168754701,0.04523820043679727,0.2713147135479759
1778,0.012148529930662117,0.045890202406784805,0.1919348707940978
1779,0.012245373073224973,0.05993852511342822,0.18777240704453554
1780,0.01216097433860365,0.05201412718788877,0.005649267301558158
1781,0.01204046735989042,0.030601799709480647,0.15385438994067843
1782,0.012159746467199029,0.050630324861075,0.2131596714517141
1783,0.01211615339171678,0.044401812619194826,0.19877277747597102
1784,0.012090532087637903,0.044422866461502966,0.23674101108709378
1785,0.01210727418298426,0.03609220491931363,0.3423257759865413
1786,0.012169285227056867,0.04635639869693271,0.2642104872917054
1787,0.012176452416171218,0.05173958456689252,0.193181756130981
1788,0.012112449346659974,0.043541601675016535,0.18143154337476242
1789,0.012072163119799972,0.035942970893070574,0.05571679041078552
1790,0.012352795538648832,0.06873262873410188,0.19254640088247718
1791,0.012075342030126899,0.03311297988562811,0.1776983691522278
1792,0.012110357733806823,0.043396886316911534,0.2334255494864439
1793,0.012191677004028907,0.06205180818736788,0.17415047169038206
1794,0.01205220179430831,0.036426058564549245,0.12124142778716712
1795,0.012180344311147409,0.055887027010005995,0.18788868806584377
1796,0.012072676270529796,0.034093611662600415,0.2727762752949921
1797,0.012096910328804993,0.03810364322658526,0.2259202148279733
1798,0.01215893940323557,0.05158039111829789,0.22445534108518808
1799,0.012057967032048962,0.030047583909970515,0.17522847539900113
1800,0.012076317263837118,0.03826479685854279,0.3118425659958153
1801,0.012111064299362857,0.04475593687422513,0.22834363293572887
1802,0.012117338381940611,0.042975828739341276,0.20940062803082068
1803,0.012042019899334799,0.034138338986518586,0.13338956556880407
1804,0.012117253106725694,0.05067975656936168,0.1616608554884245
1805,0.01206988172639383,0.042741936649994546,0.17855656351335658
1806,0.012070655894162922,0.03439805934176066,0.27301117502939953
1807,0.012178437460695775,0.056785158497018456,0.19596631455978542
1808,0.012050561752461051,0.033758399114381776,0.17851913175813966
1809,0.012183710788834737,0.05459136129106817,0.1477463048465627
1810,0.01209581265000103,0.03684793988957786,0.2122020103566312
1811,0.012111640443824869,0.04546863006837567,0.15883175656048334
1812,0.012140652925078611,0.04677008258335097,0.16366000587424773
1813,0.012072993818237706,0.03562244780640274,0.2527009409991946
1814,0.012141455786576355,0.04743718199969445,0.049055422760305605
1815,0.01206933910275752,0.04061829472985863,0.1752850402145508
1816,0.012130559922735495,0.05367102841838337,0.19729202072805876
1817,0.012084394145374181,0.0457195199261477,0.11332323420826515
1818,0.01209991971030809,0.04606365473364136,0.19637970767078514
1819,0.012102719373485015,0.047203433341307534,0.17178490487845163
1820,0.012157353917706719,0.047424274273117364,0.16267269212813548
1821,0.012111208361833397,0.047311584303310394,0.16304770879724922
1822,0.012064273669090648,0.030650112417177543,0.23177387061056567
1823,0.012060029105227401,0.038115209606445155,0.25885758031399614
1824,0.012147581483181324,0.049324906183151114,0.18526952893026288
1825,0.01211758405978177,0.037611114690194986,0.20406727027444285
1826,0.012034551504402037,0.025763662751470164,0.2180225126179688
1827,0.012252544611806958,0.07186107309961061,0.18059117815799364
1828,0.012029809894497217,0.028932233629196256,0.12189680845682355
1829,0.01217291386438714,0.053904712615817495,0.24534328352987206
1830,0.012088020925188538,0.03774583563042605,0.1930715176641629
1831,0.012123038322037018,0.03515297677889944,0.23562075934670082
1832,0.01204113845064859,0.026838753192599915,0.17804360923787269
1833,0.012133375787599902,0.049149988981813456,0.22657022845789357
1834,0.012023598553983316,0.02828532931160141,0.18358211909537142
1835,0.0120547388680017,0.033766840624377466,0.3260994132706941
1836,0.012141629234576857,0.04951675934822934,0.2691596457379674
1837,0.012056725721998507,0.030502064422852297,0.21763278578249487
1838,0.012097302368588869,0.03775683254043333,0.2339660767792123
1839,0.012105410690933658,0.03677178432277569,0.20926250039213767
1840,0.012145457404646355,0.044451852395308786,0.16948928148515527
1841,0.012196481892952499,0.05067067615163747,0.2098516522173632
1842,0.012152418294652143,0.04154280576256306,0.22561989438630203
1843,0.012114482169541509,0.029809984315513918,0.3375644406066935
1844,0.012078623026966188,0.030128627714350986,0.21854584274952446
1845,0.012268473196912193,0.06601240115709167,0.2269377519642879
1846,0.012052019040305527,0.02742408798715722,0.08483148557719643
1847,0.01219611263030953,0.056424385737901116,0.13951778444538246
1848,0.012140140620764132,0.039803246834451814,0.178191272890606
1849,0.012110637346682895,0.04176691112707063,0.2516870827373077
1850,0.01217560719339703,0.04806505089072045,0.010552554781166398
1851,0.012346766583329007,0.07007016686732107,0.27362092688352774
1852,0.012107386677241441,0.039310450866472516,0.10991457912625216
1853,0.012249704159693774,0.05924016862419391,0.1599140594132392
1854,0.012151286740936773,0.049188467411930024,0.11723977800510621
1855,0.012183640091328088,0.04833346592324785,0.3021492303173486
1856,0.012222684750456118,0.05718233432539293,0.21764204874835943
1857,0.01216738479783387,0.05188909349954821,0.18793565515998406
1858,0.012123085539751218,0.04129409019785847,0.3864294146304176
1859,0.012352229740099337,0.07775861694412405,0.23551739542323594
1860,0.012114104479628667,0.04304322009387948,0.1301813142337754
1861,0.012205779215808841,0.05567812088515429,0.29395129615382026
1862,0.012210720649612346,0.05868340587578308,0.16034094423367745
1863,0.012190429529066855,0.04886892979691619,0.20375629842918158
1864,0.012210784981031259,0.058178288813063084,0.22225431686820613
1865,0.012130170937401572,0.04490472634757595,0.18352922256022242
1866,0.012185900815440758,0.05029225977866214,0.25760203279339333
1867,0.012154934035449216,0.04321669072877717,0.2259983516970196
1868,0.012141326302963194,0.04339899881384725,0.272763694520011
1869,0.012264356264561016,0.06164001445902689,0.31588771265887855
1870,0.012156079445493033,0.04957773750409239,0.19446450500141133
1871,0.012234189556221317,0.06111827890724547,0.2025260412565972
1872,0.012161298209380713,0.04621534785523528,0.19666498477269231
1873,0.012255483916667404,0.061852632989338595,0.1950153433757818
1874,0.012125472715537898,0.04287375787661149,0.16252574595119995
1875,0.012259381626580003,0.06335925648638788,0.2069178133859932
1876,0.012155834993887383,0.04842694968384213,0.1741672611968872
1877,0.012189684955269888,0.05282970592980195,0.25060962513034823
1878,0.012224667262141383,0.06121522736391058,0.18112524646746858
1879,0.012153903581006122,0.044433434667132926,0.16080431185122115
1880,0.012169028999488393,0.044766466759382506,0.2868443441688171
1881,0.012278807757670117,0.06409500800953248,0.25992708957952904
1882,0.012213515810113474,0.049446460821021575,0.18445335505327723
1883,0.012151067310390978,0.04515679162990055,0.11410314922470624
1884,0.012252054046660688,0.06113682739207125,0.306200142516535
1885,0.012188547402813164,0.05528895631020425,0.14939495139123737
1886,0.01217642136566223,0.05141439610518871,0.17838783520560686
1887,0.012214891626890042,0.055411880886377364,0.20841721850463657
1888,0.012258967839986567,0.052990929673570546,0.20169231399386542
1889,0.012293803601684085,0.060344692152944336,0.1753704578929181
1890,0.012209437645304478,0.052604073002766455,0.1707954277450457
1891,0.012238148928515937,0.05738755798584675,0.18031085603478272
1892,0.012251996244280134,0.058888889940877126,0.25719677793728896
1893,0.012142026720519703,0.04228459728545475,0.04862062754881705
1894,0.012189249743026976,0.04998463128351938,0.326584150122272
1895,0.012227282931182944,0.05890149786462791,0.14741326645403194
1896,0.012147492408814312,0.04986561702742259,0.18748795026456613
1897,0.01217745321627346,0.05110123847369862,0.2530544385206558
1898,0.012142257121276652,0.046501425173760075,0.18859857812860148
1899,0.012232267977215652,0.05679006750671373,0.250263729909094
1900,0.012265564098790883,0.05742132346416797,0.20634712751435647
1901,0.012168475607979486,0.04628407703167937,0.00557219114197192
1902,0.0121854584317973,0.049414355943321144,0.20685896231393452
1903,0.012060941852244867,0.034434015666662786,0.12325442878308457
1904,0.012159718019780257,0.05614218794213736,0.20380615706933183
1905,0.012046104385963772,0.02765050676369679,0.2577935482448539
1906,0.012230585625420665,0.06224048199004968,0.16887293260616415
1907,0.012233038806542158,0.04870201661737982,0.10483027792699216
1908,0.012211253898631676,0.05409251733608534,0.23597309228900737
1909,0.012101905469692054,0.03978773685981625,0.24126245629756096
1910,0.012043548151400992,0.02961234435241937,0.16561471243904774
1911,0.01211474029366079,0.03477332067145025,0.21731652491098657
1912,0.012137257287470286,0.04502150709424706,0.3168087182373275
1913,0.012158066143788702,0.04900364856492033,0.1700570642739598
1914,0.012097496380874224,0.03828405374106993,0.15818516757886197
1915,0.01208481768617156,0.04161763786415677,0.19661248787879063
1916,0.012155499466972239,0.055934855371612996,0.16213780258995653
1917,0.012069221379360279,0.040059181064984184,0.18882220175178127
1918,0.012081534961247389,0.03749215124071892,0.16573524589589578
1919,0.012113532909782884,0.04567797473305981,0.20770628852677786
1920,0.012074291022925225,0.03341373340049985,0.2465433686978039
1921,0.012154100293464082,0.04566378534980054,0.21048898975000993
1922,0.01205369206185918,0.026262848850779896,0.25135069804606447
1923,0.012142428290271182,0.039967439823786616,0.24790119580141454
1924,0.012137907324547448,0.05143993612074313,0.14016816449970743
1925,0.012076938318441846,0.033594854872330486,0.2139912519160095
1926,0.012086769962339323,0.031852051890546546,0.28040516800447574
1927,0.012174256317256826,0.038890320592928754,0.21125613555868175
1928,0.012081362453798934,0.03251454802628353,0.20626192657582834
1929,0.01220382335822087,0.061360062614952096,0.18655571979022445
1930,0.012087167371576403,0.04042539812632968,0.1186621609774898
1931,0.012093367608178232,0.038001098913541274,0.24802048086520265
1932,0.012078139712981096,0.03194899183685424,0.12249158951158842
1933,0.012240584268187365,0.04957018592913296,0.08660784818832955
1934,0.012164286585548927,0.05005545479537187,0.16117422425866676
1935,0.012036171877258073,0.030371717217751167,0.1339875822547046
1936,0.012118361172672086,0.042588988166832556,0.010646384231814262
1937,0.012188378031681497,0.05200267673541838,0.19157202228478387
1938,0.01220866106623102,0.05321941087500203,0.2253020952675522
1939,0.01218459343275566,0.05520372123241453,0.171477479870855
1940,0.01215463200751017,0.0498378758075282,0.13247735031854677
1941,0.012271553574789195,0.06233040745187236,0.1728758417611937
1942,0.012163252672497361,0.05072917409174923,0.16763619577679054
1943,0.01224262768061374,0.049892433643034875,0.2991523219770877
1944,0.01218004608903083,0.05102676781591928,0.3198464275958298
1945,0.012223095503488114,0.061813999571715274,0.197263078172032
1946,0.01219371560947384,0.05549934081026326,0.09762037232604391
1947,0.012211678244932916,0.05309161400906954,0.20501314787585262
1948,0.012183502451108259,0.054665276537699745,0.1722855097723956
1949,0.01221659407045792,0.05294161339618209,0.14815646422294074
1950,0.012257071532692317,0.06279639060770752,0.16133528382980572
1951,0.012211722286192992,0.05475443518069803,0.1346221146624371
1952,0.012207472556306094,0.055528733094780056,0.15952867205835367
1953,0.012245387720226295,0.04928901653177541,0.2903299523229523
1954,0.012215318028473882,0.05304695900080002,0.24628070734043414
1955,0.012327360378563718,0.06593655779129382,0.1670439039832725
1956,0.012240751725428751,0.052375157656837555,0.20461352538499994
1957,0.012129029722626491,0.04541538529779252,0.16258626470672646
1958,0.012181262295848155,0.05522940888661885,0.1807736469917478
1959,0.012188288753460572,0.05601513732633507,0.13742673423052823
1960,0.012206667966485575,0.05884756009558737,0.13151808978211627
1961,0.012175819256033955,0.05570710896548184,0.16321268998706434
1962,0.012125949664601865,0.04375657758471565,0.14500309889883506
1963,0.012193751389952998,0.055524838985664515,0.22324897239634386
1964,0.01218743732244355,0.055463846308373296,0.22418661502410078
1965,0.012192591469326088,0.04951203285676985,0.32538721375806484
1966,0.012193648419428457,0.04948452416511193,0.22405004009276877
1967,0.012141819786755432,0.04541773020617354,0.2034930672521258
1968,0.012123237091958897,0.042817141726329555,0.3473412684587435
1969,0.012207241798728915,0.05334858148482654,0.2531658305719235
1970,0.012132485994892844,0.048428467020068505,0.1969125856181141
1971,0.012262834180329613,0.0670031308259635,0.13727623532891808
1972,0.012115213130144423,0.044610494124651394,0.18335244488657992
1973,0.012253682325750092,0.06595282558612162,0.2132621841734912
1974,0.012172243998456931,0.049474442288104784,0.18574079158946724
1975,0.01227797288447906,0.06567396139189713,0.111126594890289
1976,0.012193830699812981,0.04708961477427969,0.16912444506583407
1977,0.01210793329473973,0.03518720862072654,0.005660202620657454
1978,0.012223952989564541,0.057401652304499944,0.23605444401288045
1979,0.01205617502179562,0.03240837141404203,0.10425596470393232
1980,0.012147660815326297,0.046469567511130856,0.18397614369829846
1981,0.012140690993705383,0.04426142378860024,0.2247808516121685
1982,0.012063310323165708,0.030686184377048918,0.20833419617094892
1983,0.012293161580251509,0.07453436071240706,0.2244676921307226
1984,0.012029953264352094,0.0280158914502043,0.1369902531273833
1985,0.012102580899606443,0.041717846521606636,0.32954826959720723
1986,0.012196684617160848,0.05032516427747059,0.20376276211274796
1987,0.012079078107877022,0.036541724896103515,0.1384397890771933
1988,0.012080878652611256,0.04097672988471104,0.24056764266482894
1989,0.012140993037599206,0.03524948193907751,0.3215285495058587
1990,0.012066881122759446,0.03582359355193961,0.27690685163155604
1991,0.012056816281884375,0.02760012411482267,0.2150322923582624
1992,0.012080726705172622,0.03362365700385755,0.17641985827588597
1993,0.012178914595640604,0.05732822880648592,0.12595919551276485
1994,0.012071823575903199,0.03377889994890661,0.18473901573805102
1995,0.01210116997303271,0.037608042463131805,0.31097537179260837
1996,0.012096372759897153,0.03835017087699262,0.2531752285123492
1997,0.012109250438533541,0.04321995703068039,0.21810485772189345
1998,0.012099786832979097,0.038291696614881784,0.08406616400719787
1999,0.01205598531929619,0.03731474114518405,0.12454594911775922
2000,0.012068055100141414,0.03479100744321786,0.24292643658160004
2001,0.01212352055379831,0.049257279098712865,0.054607185137443434
2002,0.012074374637595588,0.041446921526488587,0.12789545421242224
2003,0.012112229580377389,0.045636091186291236,0.21844046437694636
2004,0.012029479844352152,0.027525254763319094,0.15663075445381097
2005,0.012029188170945074,0.03033012416299728,0.26770876252438064
2006,0.01216082868417547,0.05700522321815728,0.21216910546273024
2007,0.01208644666537491,0.04251605353162521,0.12787772148114013
2008,0.012110680562526727,0.04692957806368134,0.19049228110235572
2009,0.012255270884632439,0.05924220491923254,0.31487820615475853
2010,0.0120960233527255,0.035302969984524084,0.15562135259277363
2011,0.012087719235599722,0.035257173500951526,0.19389808928630392
2012,0.012125492487198467,0.04477823106742663,0.2734545954337072
2013,0.012205385276030744,0.03895209376910328,0.2902767137980075
2014,0.012146169862514766,0.04006538360155676,0.2782231970980292
2015,0.012114603149916492,0.03323168753285506,0.27108438749568575
2016,0.012098915551448488,0.03523793571563373,0.18032207654194435
2017,0.012125760851773816,0.04788314237792856,0.05842792875740951
2018,0.012086634257303656,0.04482405012237951,0.15512094578551314
2019,0.012152739024082546,0.05070322164158613,0.010598105804182252
2020,0.012225279289938077,0.059891441675545484,0.17936736049256988
2021,0.012325788462388519,0.06278624635052071,0.2413436118567139
2022,0.012195008950000561,0.05108261147014674,0.11356095149671076
2023,0.012136340377478521,0.04578795505703785,0.2113240445543818
2024,0.012202505021848603,0.054488593975947505,0.34165219184350687
2025,0.012165323060326057,0.04889191368666413,0.18959969077812328
2026,0.012263552083452053,0.06242634329084259,0.3086090225614077
2027,0.012101350210933063,0.0403483100441173,0.14877594855677412
2028,0.012121330064625855,0.04051141307451553,0.3369974154210743
2029,0.012228165864520253,0.05425032079509397,0.2339477151126459
2030,0.012199073142798191,0.055868209084648776,0.20341035765627008
2031,0.01224912378572041,0.059198639449151616,0.14625072891281182
2032,0.012169428638045291,0.05422136978853625,0.16710079637087683
2033,0.012236781418032694,0.061068200597127274,0.1566452642164435
2034,0.012158970365299155,0.05361372304059301,0.15500983835012153
2035,0.012177869126579716,0.05562440017628424,0.15763761591110262
2036,0.012205966418528665,0.057804838919352584,0.19376352329930713
2037,0.012116570238740533,0.04109327853486111,0.16766688461572893
2038,0.012200052025952866,0.05467798544037706,0.30809452546342464
2039,0.012172328750447488,0.05357781054599857,0.1311865959116441
2040,0.01223541692470657,0.06169571031558091,0.23619399581162678
2041,0.012160345869070447,0.05342624368782629,0.18447924499297047
2042,0.012178570497296442,0.04852278839357879,0.24597615657682084
2043,0.012150586020468757,0.046909535957553636,0.19911349417640617
2044,0.01224244858226339,0.05704201603643135,0.14866992683224697
2045,0.012316601119178396,0.06173480616910122,0.23193426208322535
2046,0.012161325077320491,0.05047425840311265,0.13393456839300988
2047,0.01211000220463783,0.04473818473907769,0.17199132060398956
2048,0.012213258266203142,0.05827871261004972,0.2581557582528734
2049,0.0122048934838,0.056348374600793776,0.2057617907265752
2050,0.012124650225824698,0.04703857078091292,0.2012547795908223
2051,0.012246234254709722,0.06469791924274633,0.21004291432250888
2052,0.012143861259887166,0.04938772629905819,0.2146064931528039
2053,0.012173705996211532,0.05094187264313794,0.18951806621240444
2054,0.012244135935057162,0.06259429741722368,0.17147790258533424
2055,0.012146393036193897,0.0451102754830475,0.27568699973820787
2056,0.012218272725460697,0.045710106291597476,0.2139084887736364
2057,0.01239941011881296,0.07032761560537788,0.20097742250687342
2058,0.012188615953097436,0.04991111853914987,0.13877921616640576
2059,0.012156883919575527,0.04981146257637091,0.19185582177094307
2060,0.01222286523856662,0.058629758141858966,0.17993495302353335
2061,0.01220412838075773,0.05014484782175462,0.14472433321229958
2062,0.012176116755309371,0.04699588357884582,0.11453756070035642
2063,0.012123164774983486,0.04362378121172456,0.1342068295271501
2064,0.012206833784143046,0.052367803423871734,0.29987449978418246
2065,0.012142597551808378,0.04317791413758092,0.2876561694292481
2066,0.01221172067076695,0.053337311895116694,0.2184655630551326
2067,0.012177753296114162,0.051307174255877656,0.19741221880913448
2068,0.012218215353188828,0.0494309342336546,0.27141479849290867
2069,0.012111724818554492,0.03800927176157753,0.2603264940195508
2070,0.012190959673551502,0.04858663061744767,0.27290652365859
2071,0.012229322483982882,0.0606878869369147,0.28983669003553914
2072,0.012156960433274605,0.04892513647677967,0.16660861181985406
2073,0.012252990704064527,0.06543751184190777,0.16053771406888476
2074,0.012165268075639713,0.05741877443954755,0.0057244147550715154
2075,0.012054152854079236,0.03803789972014182,0.11022467744233037
2076,0.01207552467455248,0.0355685790595186,0.2581349749697205
2077,0.01217507328665946,0.061777146768602055,0.20317916697424493
2078,0.01204241663410543,0.037689150601185266,0.12997796583345533
2079,0.012061585902597432,0.033800579592035446,0.20467966192100145
2080,0.012048871721919971,0.036210337638777915,0.2297437667642495
2081,0.012139893351483353,0.05191839932411462,0.3839522147013718
2082,0.012100989640528083,0.04479716154210127,0.15467945683415646
2083,0.012062197366473612,0.040916545580763575,0.17533310982216116
2084,0.012086560976538263,0.034799426473433245,0.25490943515144654
2085,0.012090514759044288,0.04116056762976933,0.2590569613452213
2086,0.0120657797763192,0.0374107835654644,0.2473901120660822
2087,0.012069225544630179,0.03628031708706766,0.2054490279453229
2088,0.012197825176946548,0.05784492981658989,0.13936861994375055
2089,0.012168939608322939,0.04716369390023311,0.16756423477776036
2090,0.01205307166965575,0.033804794748956125,0.15011047746559025
2091,0.012055978305971483,0.03512170609404133,0.1646858395945104
2092,0.012168510493250788,0.05876849353713167,0.1949473037470858
2093,0.012049302883633532,0.03491261183830183,0.1394747996348131
2094,0.012148859828762829,0.05090655646463751,0.19611999310875897
2095,0.012167291556363804,0.03632075049599555,0.06394967677523145
2096,0.0120813142280243,0.042373971903817344,0.11372656328302755
2097,0.012131280320886508,0.04991786733964346,0.19036873161531637
2098,0.012059731263751892,0.037159411284449495,0.15608161886381847
2099,0.012123302642360605,0.05054394982312779,0.22844183635327664
2100,0.012057964887718911,0.03077791233718972,0.2783491822948094
2101,0.01202930510533792,0.027337539068109318,0.29111710326261503
2102,0.012097325813735921,0.04204563380920238,0.2599282014266776
2103,0.012101345069923348,0.031491641590406065,0.20144293560598925
2104,0.012136732564946781,0.05038799930908923,0.2261175466032786
2105,0.012048674962927521,0.028127416014463676,0.12415924068464447
2106,0.012103594909125623,0.04501626599962698,0.2559831857296533
2107,0.012055359555378939,0.029737900472084744,0.19647485316593521
2108,0.012137840450004201,0.051526105899030915,0.27797436670240944
2109,0.012065316523661265,0.03561305809993769,0.131637307990301
2110,0.012030697305750623,0.028934763696432293,0.29113050483286307
2111,0.012034662975821332,0.027924056348359757,0.3397200714373096
2112,0.012102154165510816,0.039473292780884975,0.27771930146601603
2113,0.012080261271150786,0.03830202620295348,0.1562673942019876
2114,0.01214458479499904,0.045469736573609705,0.01031838460025884
2115,0.012241291409251967,0.05927397129195517,0.23775478165195224
2116,0.01223935163966503,0.06221990119641977,0.21069264283177844
2117,0.01216119771511712,0.05172002953196019,0.20777939997152792
2118,0.012243372332465785,0.059818185223078864,0.19575416650731664
2119,0.012115080922706172,0.04262277027323182,0.18608892319738055
2120,0.012230974617397328,0.06280135425888861,0.20368600534104525
2121,0.012150839980462888,0.049729785192744805,0.12180522757722266
2122,0.012163804852093696,0.04660356264455188,0.2096226729891164
2123,0.012200648267808329,0.05497953224623013,0.226504567269331
2124,0.012186661445276192,0.04930424476412183,0.07985196733784623
2125,0.012148458091362675,0.046834652550204976,0.2545615358117524
2126,0.012231387971637489,0.05739996033980273,0.22781972297244585
2127,0.012241996044031799,0.054978422583025606,0.16829497203534366
2128,0.012135049590007373,0.04548339205577967,0.1641994406541422
2129,0.012190718259337058,0.05271989045584565,0.2853733648042144
2130,0.012185847425786819,0.05237078140735134,0.2037249626656149
2131,0.012200335014532703,0.050877430972210605,0.2540468894998532
2132,0.012288751715594329,0.0660131974347305,0.22008730721520847
2133,0.012149448960795362,0.04636677891360385,0.11801277942817126
2134,0.012311031410501527,0.07540469322807747,0.21263399109106318
2135,0.01210987400403445,0.04433376687974064,0.13533890031246443
2136,0.012146607781452726,0.04600135444476454,0.2749826249546438
2137,0.012194653715142915,0.045281637951241044,0.3418928382888715
2138,0.012173909656419872,0.04364729798194804,0.29270020360624915
2139,0.012185144260330754,0.05348769338290568,0.2981656978565686
2140,0.01220855298721053,0.056792956664659236,0.17792459451818007
2141,0.01211967900653832,0.042871999027830454,0.16605992634205213
2142,0.012146689747641156,0.04152454089788524,0.2873008326168423
2143,0.012152622959230978,0.04531941890578933,0.2685286043655578
2144,0.012198314580605508,0.047588043623772225,0.2439828703427157
2145,0.012176310853453632,0.051685400641497174,0.257567791261493
2146,0.012224539556810398,0.060057343513283144,0.06829038810195401
2147,0.012159573670298037,0.05228609259349278,0.15262411407359147
2148,0.012142841088190885,0.04407522260993343,0.20069738373494872
2149,0.012081732814999364,0.03821230811077448,0.23154882774591737
2150,0.012200174933993327,0.05451137908374396,0.34894303503858465
2151,0.012174831247700652,0.04724708084770205,0.22107506368536797
2152,0.012228761646820031,0.059941151249667854,0.24135876386236427
2153,0.012194275611505427,0.0505550005634754,0.10089074478314755
2154,0.012188423693388732,0.054014436825348566,0.2341842672065706
2155,0.01225954694592939,0.05850320849295853,0.14320980097784078
2156,0.012251550613839831,0.06047153271017935,0.12286848897404194
2157,0.012252582440781102,0.06131928976565149,0.12145199502398761
2158,0.012275491074608662,0.0547737526122205,0.25926242260347193
2159,0.012216603427627943,0.054785220951506945,0.19774667578946437
2160,0.012306912728878447,0.0667957533438929,0.163740804336679
2161,0.012193155579549239,0.05103108269112765,0.14804484252103164
2162,0.01219650614797871,0.05580481584283154,0.05264834834265872
2163,0.012121846752550415,0.044193088423874476,0.1964621359841468
2164,0.012129928061604482,0.04313190560170074,0.2902331765362634
2165,0.012158471166219369,0.04812133728115557,0.24215557515472302
2166,0.012144007693678203,0.045166386091172336,0.2950973622600307
2167,0.012350475815922513,0.07044100081649644,0.23108301300991715
2168,0.012107696074100222,0.03918035693855177,0.14900957386120325
2169,0.012217969290872757,0.05775105754154748,0.2747902596103264
2170,0.012194722907780921,0.05321807830756673,0.16623208681108348
2171,0.012182126234239095,0.05215676754046323,0.21041630907636094
2172,0.012133762417167125,0.04682799301046825,0.09555461593393134
2173,0.012122886532630769,0.042514352200155564,0.2455075708937021
2174,0.012308617023096345,0.06551224091047815,0.21579074974912782
2175,0.012295252303079962,0.06228164843639511,0.22546087999114434
2176,0.012175578427568522,0.05239916844477425,0.11523767055872082
2177,0.01212511949333867,0.043086241193873505,0.2674474207234286
2178,0.012206564888237374,0.05562338719552171,0.29295322155033166
2179,0.012159746966120173,0.047900122633073514,0.20118613613850453
2180,0.01223257944286477,0.06021312001323332,0.16957298299466844
2181,0.012180887710807952,0.05282430044281365,0.1105866606025554
2182,0.012207156142121157,0.05439223999649853,0.21735357983387213
2183,0.012130384170411278,0.044538252005179274,0.1757051966189946
2184,0.012042373339275976,0.030805639312873768,0.0056704539252541
2185,0.012076434501874726,0.03077223030865671,0.265889628804319
2186,0.012068855854088449,0.02959122173879785,0.23006809486602176
2187,0.012051585532164745,0.027697802383201988,0.19246723182216155
2188,0.012245013309708067,0.06028296009777309,0.19829329287988612
2189,0.012164938677600013,0.048127789368882644,0.16155121122754185
2190,0.01223367686858494,0.0603134201761273,0.12186902518432892
2191,0.012013234093211,0.027247508404056882,0.07995940146480748
2192,0.01214419775422453,0.043577457621493565,0.2705238731562225
2193,0.012244636035555525,0.0658829268412821,0.12217012070132668
2194,0.012046699761091831,0.033306627234517286,0.1327162131185512
2195,0.012056504957469865,0.03191509945000855,0.1685095472837883
2196,0.012118943950711515,0.04191457361634072,0.1956328622281416
2197,0.012094115507085577,0.039083905925644466,0.1840104361906443
2198,0.012143519840715244,0.04572474198677044,0.2197438073590921
2199,0.012151521355042126,0.04562144327494609,0.1546728791030071
2200,0.01204528406195135,0.03142571201780206,0.1697246577269418
2201,0.012187407309333001,0.06317117081335054,0.22030939186110682
2202,0.01199986261983531,0.02385855284782461,0.14084230087114843
2203,0.012089010854540611,0.03953978676370009,0.31563582556608893
2204,0.012289006269151345,0.06690098407962286,0.2165824647465589
2205,0.012128450064004046,0.04223395384234136,0.19868494636995626
2206,0.012185976025897535,0.05488355538533229,0.15771554054453263
2207,0.012097081166871528,0.04312002798978845,0.26254901230147176
2208,0.01203809933626138,0.026469579298367785,0.0575628482753001
2209,0.012231157302364792,0.04941744427874155,0.1307976594015927
2210,0.012058632311520023,0.032695737413644704,0.12171461025985252
2211,0.012154893646500372,0.05855039445629876,0.16017737260894352
2212,0.012055645131585739,0.03393917682606804,0.21461636619979316
2213,0.012200134286291627,0.061894104646795296,0.24856650873383612
2214,0.012085794652496708,0.041123498520270314,0.14232857157849432
2215,0.012099567142621526,0.042128022194408914,0.2872042067261944
2216,0.01202476356379772,0.032001519578795504,0.1573097819067449
2217,0.012104098605725389,0.049666947132205194,0.19512245081154042
2218,0.012064205096368722,0.04164264863894995,0.19519542060157338
2219,0.012121413142617813,0.0526474735936758,0.1338373021933439
2220,0.01215001983063549,0.03960433725489994,0.3300198515604477
2221,0.0122226455947916,0.04814295803684267,0.010279068891361811
2222,0.012111416381158549,0.0442078783396652,0.16549813537364347
2223,0.012219769904448015,0.06082431610874101,0.2624122752691887
2224,0.012155779475464808,0.053640995854520555,0.15411315803451742
2225,0.012161691440314152,0.04891539511504239,0.2009056806468357
2226,0.012176315188000523,0.054043107199351924,0.16478481464183814
2227,0.012253031197142572,0.05151542052182884,0.20193632663784916
2228,0.012133524959175569,0.04434149951839206,0.22737117442322213
2229,0.01221716147110113,0.05011389703047021,0.27364675366193675
2230,0.012214344209073314,0.04471275718243699,0.25495615459357507
2231,0.012283017454644649,0.06643363772648539,0.19652232791631594
2232,0.012165822144785579,0.05070393522886936,0.11709525553818641
2233,0.012152300525703128,0.048098255887671866,0.2199298149852901
2234,0.012235870145770269,0.06060159742453736,0.2542448782627214
2235,0.012128403950501115,0.04311106637968052,0.16413187116389208
2236,0.012113189547837829,0.0414017275603696,0.2285350809897498
2237,0.012228576903482453,0.05316083639303959,0.2360408257506571
2238,0.012086742153820362,0.03800565026985887,0.13582917094609423
2239,0.012252604192054208,0.05871218372803574,0.3422814445304301
2240,0.012176260770756436,0.04860764352430793,0.17897548459226115
2241,0.012103155598346453,0.04102115280596459,0.21758549010244696
2242,0.012197797998201747,0.05663530304426397,0.24649196343487587
2243,0.012194775562163243,0.0581814016618221,0.147206667964336
2244,0.01214494013205886,0.051453407367815826,0.1976179420318998
2245,0.01216459886254014,0.05087192816448619,0.1628681127193802
2246,0.012171982450241477,0.055235309725508615,0.1932650113076634
2247,0.01216347362447426,0.05044020193292762,0.25429250403700665
2248,0.012177759275494991,0.04866302361987881,0.16932580271199926
2249,0.012146485948271193,0.04546093034474633,0.2400102033952337
2250,0.012174087569869738,0.04686411274791545,0.2366826008407798
2251,0.012142467778294752,0.045894931480220155,0.2312982410487202
2252,0.012288977303042518,0.06420383648999443,0.25777688462061527
2253,0.012125279486648327,0.04344718358751641,0.10737581402099101
2254,0.01223891586966797,0.06054627538054369,0.24340973090707602
2255,0.012167544899192575,0.04925276987732304,0.1614933381772696
2256,0.012263432563034924,0.06624934618082547,0.23211667167865735
2257,0.01216503423241317,0.05095411347028656,0.12339982956646989
2258,0.012216409903991306,0.05811628904944302,0.18272907105340702
2259,0.012197114113010565,0.05639399753074908,0.120597228486006
2260,0.012160765978280834,0.04867796388682194,0.1596026711715853
2261,0.012173599614981932,0.05049379658424859,0.26980162545051406
2262,0.012138440932962496,0.04221845239633144,0.2356259292398743
2263,0.012144479821441737,0.04110281801697816,0.24584801263057687
2264,0.012216817631680803,0.06124480312880823,0.2245686873912424
2265,0.012132484713801968,0.04709887508132274,0.14063413687910364
2266,0.012164064265447494,0.04812028444906573,0.20343544196118457
2267,0.012282885497094153,0.06084812737954827,0.2142455358693182
2268,0.012280038497763112,0.05793138844146496,0.18156392833088722
2269,0.012111624496958984,0.04320675718675134,0.08931814798605214
2270,0.012255554081989504,0.0610333265286901,0.1099931866997392
2271,0.012215526837713037,0.056694781782319965,0.19476477060039354
2272,0.012131611023988471,0.04722608269787348,0.18766836649697538
2273,0.012124037934788895,0.04279938806900211,0.25538509852643076
2274,0.012262026876692941,0.06692207630222229,0.1316589434741686
2275,0.012121711566333633,0.040179071601736845,0.17918594348541583
2276,0.012188971983013448,0.051009811150230254,0.2702779674914977
2277,0.012248865157264541,0.053331129181881,0.30359953247024196
2278,0.012159750354128088,0.043486905759992374,0.005703663332511505
2279,0.012166616441262034,0.050365949917205305,0.16293742853344367
2280,0.012113228617970932,0.031950465256493796,0.18359658302697587
2281,0.012157627028397644,0.05233618650388899,0.16360179426720278
2282,0.012109500491236453,0.033341782442881364,0.06351482198207302
2283,0.012115856988689083,0.045094888390734236,0.25248592949426785
2284,0.012053236662934334,0.03804729183233344,0.21709223883722387
2285,0.012041838484396446,0.03555866649251302,0.2500279740442629
2286,0.012107236415739606,0.04727137074950077,0.2818201626484334
2287,0.01203881482706783,0.0353722257802322,0.19468868800748143
2288,0.012082537066481889,0.03896959692125771,0.306324126798142
2289,0.012129682757656668,0.0419685086652828,0.17618224567878818
2290,0.012059926099490094,0.038583787708804974,0.17905380041082344
2291,0.012033072492646926,0.027663690789202337,0.2150433437374526
2292,0.012151227842232853,0.056880955828645885,0.21918957953833576
2293,0.012064389375656478,0.04076052409146001,0.1455842692631954
2294,0.012053464675646676,0.038398871347471934,0.24618107126351976
2295,0.012110006764684478,0.046562397353667614,0.189514217088609
2296,0.012155725249422218,0.05202888669385815,0.2138535508682421
2297,0.012095013076129096,0.044032026470569745,0.15220686238193096
2298,0.012039895870075966,0.030891579920081177,0.1680522350459356
2299,0.012101340769230034,0.04530669073630684,0.22497422900868866
2300,0.012045304432080923,0.026451815776671214,0.19440289623098697
2301,0.012070010016148417,0.03967268963556638,0.3105863540897149
2302,0.012083748950469767,0.03424809347292145,0.29827190324476793
2303,0.012115446610752213,0.04750702252676318,0.18583940020175416
2304,0.012175679673199354,0.0584392078801358,0.14078434854015912
2305,0.012070774547289059,0.03716057905347379,0.15849810023817834
2306,0.012090109015995517,0.04086383582864535,0.2504599380445001
2307,0.012102706830636117,0.03533993062399633,0.05467813429375216
2308,0.01215604266667276,0.05234444796266181,0.20816335559198648
2309,0.012031301157566166,0.025779193272106343,0.16085386466644133
2310,0.012234636976350268,0.06024755481878715,0.2541415006499137
2311,0.012068937043610471,0.037528859325628605,0.11421820644791003
2312,0.012121043473094575,0.04829547573144026,0.17256567078419618
2313,0.012041313193019437,0.03454068840333197,0.16900080722659938
2314,0.012135770439722587,0.05445938465977988,0.20011493716032674
2315,0.012165517740174344,0.05527578005691456,0.10383303126114533
2316,0.012057833084196156,0.03786779408040073,0.2308709388449928
2317,0.012157694551590156,0.05399750726370515,0.20956170820967324
2318,0.01210848693465193,0.04736367290398858,0.1465750667239551
2319,0.01205984739727501,0.04079126302290067,0.1931889387704235
2320,0.012053646063552576,0.03368595375635471,0.240513983933321
2321,0.012069612916228104,0.03717152286137996,0.25429343436332386
2322,0.012081219895866234,0.04169040492110658,0.21632589780351216
2323,0.012033308356255091,0.028120861901443785,0.23917264018538656
2324,0.012183932059518924,0.05660157861233436,0.19720352959048418
2325,0.012112283376409938,0.04108460713893778,0.17052282880304878
2326,0.012152936921914518,0.04963083751501264,0.19683509381244138
2327,0.012134431032646532,0.04965751864119747,0.16970493722082242
2328,0.012086829080691332,0.04291996966434302,0.20022510218185002
2329,0.012098746936845685,0.04333481793772315,0.2634386412791349
2330,0.012130536785758865,0.04987554449008088,0.19813912645522655
2331,0.012091145780937713,0.035060420404706916,0.3025906954964044
2332,0.012091003122379788,0.04329464068817094,0.25073437583054087
2333,0.01208414425344598,0.04206028166987995,0.23454896164255354
2334,0.012124092440939956,0.048593444325837856,0.1676510401424769
2335,0.012089494881892135,0.04540648334286376,0.153467974087349
2336,0.012038588207836546,0.02923147970596703,0.20333941512567008
2337,0.01209350958358767,0.04743361509115383,0.27311233949920716
2338,0.01210068515332859,0.04884838989821306,0.14295765967800161
2339,0.012087479385945553,0.03173384234425633,0.2767210535280406
2340,0.012194825445415381,0.06206548076445997,0.22568916443896642
2341,0.01208388008682183,0.03823060960445073,0.1339505492860391
2342,0.012099656915179979,0.044339196787859934,0.28244549824185033
2343,0.012120846130087811,0.04455874196851533,0.18507932625011583
2344,0.01213461918018704,0.04452674785148287,0.1785229890128978
2345,0.012071485330629935,0.03599303724310147,0.25878633523718403
2346,0.012042087868670585,0.028328400816023898,0.16229419455490326
2347,0.012076385958631508,0.04194878784177914,0.2584477048091657
2348,0.012185530037253561,0.0624094008048286,0.14553247750245196
2349,0.012040705509093415,0.03524227104336044,0.1787711700655233
2350,0.012088574105313268,0.04135609542435116,0.3106640048805386
2351,0.012150058912788999,0.047799376795724324,0.01025018009989184
2352,0.0122746012587747,0.06917929976710295,0.21892875941418372
2353,0.01213180417183192,0.04807153832946475,0.14194434042475196
2354,0.012291886581512035,0.06363475916052905,0.2097860412415489
2355,0.012145014412904,0.04856282736175279,0.13331922802386528
2356,0.01216889308750381,0.052631555027109894,0.17200000534927348
2357,0.012175657680029553,0.04668148218812938,0.23396221232405218
2358,0.012242766072670773,0.047801920553016915,0.10640623123009701
2359,0.012181850612317812,0.05281668785114218,0.20743264580245807
2360,0.01215858994148502,0.05069196274384829,0.21734426416425995
2361,0.012255806801312304,0.06823304264110217,0.15535179237489752
2362,0.012137924551204915,0.049473072378148714,0.1414796835621138
2363,0.012233155716207086,0.06500582858452297,0.15433303705656395
2364,0.012147273076034228,0.05135653780288828,0.10975452850038324
2365,0.012159043602254765,0.05031763166558004,0.23296651620356126
2366,0.012169041947739134,0.053514971605397164,0.20281960790425924
2367,0.01212635043115638,0.046470667460580255,0.17540806383473287
2368,0.012215658624693485,0.06283467330882225,0.16707924476790792
2369,0.012142721884564662,0.050444783000302855,0.16619663567146536
2370,0.012209337323988522,0.05929593849767011,0.20833229872020126
2371,0.012192988290964548,0.05432080936499567,0.2364678405965412
2372,0.012169086793040296,0.051095037819161776,0.20344059821439753
2373,0.012269999781674026,0.06625779503601371,0.15405474717350776
2374,0.012150075380607831,0.049433611813914355,0.22782773067170356
2375,0.012059192382742917,0.03683633964361457,0.005667088163648682
2376,0.01217918242302647,0.05161298455688339,0.2194788825334973
2377,0.012122577159183143,0.041984438301043744,0.20780435312601558
2378,0.012206049969418457,0.06050478363639518,0.15025411496524463
2379,0.012106007136738992,0.03934166654771145,0.19328629044680545
2380,0.01207057354767763,0.034387061672272075,0.24519502035879798
2381,0.012101669831741905,0.04432610754642311,0.20432812836800224
2382,0.01210325573262013,0.048264331856196864,0.1452597107554872
2383,0.012089592946867326,0.04548677443587686,0.1395423444612493
2384,0.012067991772038095,0.04524368051271234,0.19801793084209346
2385,0.012110731505429465,0.05125468238279925,0.16363074378822814
2386,0.012102889004890155,0.03719841114945831,0.2740820790149371
2387,0.01208342817161391,0.031243207794509006,0.12052194190999488
2388,0.012064096948343397,0.03657838144193815,0.32831651064512696
2389,0.012034467728492782,0.02953822658703079,0.18837153478075255
2390,0.0121965380447682,0.05553346244247275,0.22483674855949273
2391,0.012093383637264683,0.03714032479200131,0.2015111730615563
2392,0.012089062800566805,0.04163017498519977,0.2481177482913923
2393,0.012084234763131044,0.04394400670758042,0.2047333918739807
2394,0.012107610677728834,0.044891223893361296,0.19976429365587123
2395,0.012123271770381156,0.044896702327446386,0.20334181649544283
2396,0.012144959271524008,0.05067737954591195,0.24037164180474319
2397,0.01208099271808691,0.039083601355916354,0.12104025535449783
2398,0.012088504630851924,0.03632882252541197,0.18119335676429216
2399,0.012178728991925096,0.05661838427095507,0.2850018487542316
2400,0.012134434292175466,0.04238313049297524,0.11576917575814984
2401,0.01213916982243908,0.04767763067088918,0.14252058679438234
2402,0.012087621576011745,0.03344320245364603,0.21314101198497265
2403,0.012135347907035984,0.04337376210501858,0.38187712509010385
2404,0.012143554521978047,0.04687457485838846,0.2257735448310803
2405,0.01220164465757409,0.05090091786951444,0.0725441868139035
2406,0.012102777178705398,0.043520804286309105,0.19359925301661168
2407,0.012050522057114217,0.028555738371921817,0.23859981979772593
2408,0.012069811210118703,0.03573320952686778,0.24310233950735988
2409,0.012024175285090777,0.027543004601524958,0.2286177465927528
2410,0.012064968337902753,0.030285973937475275,0.3550184380997266
2411,0.012061860213424968,0.03514961041707221,0.2625440631292962
2412,0.012143362270324705,0.046645899946370806,0.010497351719844374
2413,0.012180905370030155,0.05290214676282905,0.20517757860047667
2414,0.01233554263176191,0.06655957652119074,0.18641566521381406
2415,0.012186370343356536,0.05037190479435153,0.1727091751838374
2416,0.01217826386636617,0.05071291582881418,0.21221682829860564
2417,0.012097439648174082,0.04027600686365144,0.09058727425511182
2418,0.012321338467402297,0.06725007205481559,0.13436381992640006
2419,0.012183722881716296,0.05076657861991838,0.14563170317940913
2420,0.012219924012324202,0.0630212243932879,0.20853793721945893
2421,0.012106847704046736,0.0442605990339378,0.15948624649439339
2422,0.012239811130021339,0.06372769350747698,0.22654455146740674
2423,0.012116704540473127,0.0461674932957527,0.1492589835917845
2424,0.012117544568424055,0.04534844019548798,0.23840625579727465
2425,0.01229487287399767,0.0680120124531274,0.2019635683977182
2426,0.012197962094318398,0.048668245606008506,0.17286120933532623
2427,0.012143115573982698,0.047105383439675554,0.2099631252698885
2428,0.012103399534928491,0.04089166575701767,0.21600490128464378
2429,0.01225273871734822,0.06112391832473546,0.29273377906776543
2430,0.012160922352810183,0.046405172612706054,0.16276270481741348
2431,0.012166858625573106,0.05168800850748863,0.22205624048259828
2432,0.012174349527885337,0.044335695184857124,0.2955049528681591
2433,0.012144110954662267,0.05035934313754641,0.16808331371696483
2434,0.012193595181603201,0.059807624662492745,0.22287748798915696
2435,0.012136588248326525,0.0484250769068455,0.1775687864224015
2436,0.01219913425090015,0.05689697945845109,0.19421927679180964
2437,0.012105631464970899,0.04394163103449631,0.1273111164370659
2438,0.012146469925513043,0.045017304660558026,0.338754271383094
2439,0.01212673125982412,0.04140341376509487,0.3590992606560882
2440,0.012172369758966703,0.05252063819631382,0.33525848812910486
2441,0.012209059266973726,0.05816388076694824,0.24308055718666616
2442,0.012194418158364475,0.05785525286490363,0.12651770182977537
2443,0.012151966156624,0.046749018702633496,0.2390363447549762
2444,0.012242076948137183,0.05245446016705697,0.19425598644457057
2445,0.01224935902362897,0.06295253316619896,0.1262242151052718
2446,0.012201439777145717,0.055748341646276206,0.16130024659572653
2447,0.012166557587289604,0.055475731245641736,0.11360942406538711
2448,0.012201407784543889,0.05660317336489539,0.19495425649904846
2449,0.012185846708130098,0.04723780386245835,0.23366574457043973
2450,0.012140849779720644,0.0440432540483646,0.21442701723816673
2451,0.012180137681709733,0.0496230260843913,0.05741789254184944
2452,0.012575763183288109,0.09579771229011955,0.17708218646983914
2453,0.012205726110158828,0.04600298372607576,0.12156867192171986
2454,0.012150068098472824,0.049948036491912665,0.2610059168110835
2455,0.012159019469023273,0.052345352221365556,0.19185578851539958
2456,0.0121547400100135,0.052026342894420895,0.22208609993702966
2457,0.012145576779889013,0.048471440680171125,0.24121716181861325
2458,0.012061825971163823,0.03757083054157281,0.0056767072121444275
2459,0.012137055767603986,0.05270580308397505,0.173627505727928
2460,0.012132772869924074,0.03493100152510447,0.2186637731943291
2461,0.01222931338501056,0.04630736419584008,0.24641227124514825
2462,0.012230964770532114,0.05620254773057767,0.15398874074442828
2463,0.012228983251139155,0.050916311716358915,0.19678703056518398
2464,0.012083680671996532,0.03597519765690253,0.1691477941789747
2465,0.012122143987789767,0.04886762222968539,0.2776689273852701
2466,0.012116717473978097,0.05122079894855674,0.13396351954988048
2467,0.01209557655003205,0.04461529425058042,0.19858279883966204
2468,0.01205420074586774,0.03701081525515917,0.18693037248094094
2469,0.012049770439667085,0.026477392448696912,0.22649134963745057
2470,0.012086623506825461,0.030525196149058083,0.2216715396063116
2471,0.01207491069216325,0.03929162261772841,0.2568257004980861
2472,0.012071925817456535,0.03706891400706591,0.18404158278323185
2473,0.012068287633905385,0.031187499215954272,0.23115192528417752
2474,0.012097326942394647,0.03689491725064331,0.4095048479785037
2475,0.012108756366200107,0.0385226782510727,0.2609013777419537
2476,0.012174110551863739,0.044308178244034255,0.2820874001046903
2477,0.012144248572202539,0.04266202582274659,0.22586942461233928
2478,0.012091194134375576,0.03831655097997865,0.13802781178149792
2479,0.012130812868633947,0.03323313768373309,0.2857213700929305
2480,0.0120332660069718,0.024375252365249653,0.1613579610002246
2481,0.012101733733742005,0.03488174175420579,0.37090507429815595
2482,0.012070889349311867,0.03460973292822864,0.17217269466859725
2483,0.012041658142125716,0.027950587826290698,0.23155265842242984
2484,0.012221783769668525,0.06655073683225807,0.21913612120962003
2485,0.01207400796462752,0.030969390515750306,0.1664260965311621
2486,0.0123905342412747,0.07992826481112876,0.24527583203097686
2487,0.012082440706327168,0.03013762295666404,0.1129761104020349
2488,0.012101663140537944,0.036573750725188835,0.39497656038133383
2489,0.012227808562689083,0.06466851554548132,0.1696332439333256
2490,0.012073041843795493,0.037088410080628686,0.10438356921035195
2491,0.012081352191215249,0.03595354502660939,0.2670898090947396
2492,0.012131234446202076,0.04349849531227597,0.19154360558487898
2493,0.012127375306723972,0.04764739577637627,0.09614586933595032
2494,0.012133647118252123,0.05051254867842001,0.15640058999317258
2495,0.01207302954540576,0.03752401526094286,0.17543158559458685
2496,0.012125201665827357,0.04035411199666992,0.35567499245391787
2497,0.012226066854196622,0.053151663512967684,0.16363079469487107
2498,0.012152379796491012,0.044852797741347504,0.2558967976364908
2499,0.012142464669738682,0.04044458726432608,0.2622420653590177
2500,0.01214098970816154,0.04095239681842583,0.2516687782386541
2501,0.01203934845402586,0.026420883043445243,0.16679584982336587
2502,0.012025794664074576,0.02495057690699655,0.2899029923580168
2503,0.012103115573705884,0.042997175855853144,0.34684124233264557
2504,0.01211663679440493,0.04517640433309837,0.2042835668274436
2505,0.01216703700413637,0.046438516613581414,0.21207151467775778
2506,0.012054646034787392,0.0285979720628803,0.1315890773379924
2507,0.012086560041730667,0.03066090056526908,0.2951056057149286
2508,0.0121441323566165,0.04109367318212386,0.29907967689042436
2509,0.012122854611743162,0.044936475239602106,0.263998705925419
2510,0.012126837785199214,0.03953695147014433,0.197503650260735
2511,0.012204917840648963,0.05523852717730719,0.17086945634411316
2512,0.012061190505047292,0.033690341579727424,0.19499101082712555
2513,0.012138956133399643,0.04954699346577281,0.28295537885503413
2514,0.012119071185765119,0.042986844253458965,0.19882728259282853
2515,0.012092503767827213,0.03727095000938416,0.30609106478777737
2516,0.01204466968695188,0.02619763894824991,0.12791515881111776
2517,0.012214495287879986,0.06476651749117113,0.25122038977213723
2518,0.012056249588766518,0.03522688012367491,0.14747174203567395
2519,0.012099478812032795,0.04138477143995493,0.19685400807867615
2520,0.012177336009046956,0.05251274077325263,0.010391431534868389
2521,0.012221952267556733,0.057264801077421164,0.1668386060803994
2522,0.012208566153066126,0.05735303069494818,0.16340722682260128
2523,0.012118636137525281,0.043072479233707515,0.1990763677958461
2524,0.012150798130243884,0.04375549790657976,0.32435468314009025
2525,0.012336528129380462,0.07273520985982122,0.22817677960713914
2526,0.012237200737235563,0.052418318710896195,0.1823057564702631
2527,0.012274080540095888,0.058541695693254056,0.23642858087213653
2528,0.012178135103021959,0.047929327859179686,0.19108441231920545
2529,0.012124828389134925,0.03999685082499987,0.10939836405484257
2530,0.01214385201008187,0.041009391301833606,0.3567251850403655
2531,0.012163260947522294,0.04584179868244693,0.2588416019003119
2532,0.012138189670641184,0.04552131754417876,0.17905328159533046
2533,0.012149504647539172,0.04243803978943016,0.16312696861094297
2534,0.01212818748282358,0.043413926187628855,0.16717208904395559
2535,0.012119884524164584,0.04244334978185946,0.2623017937075649
2536,0.012133091705406098,0.04020060343840835,0.27042644456671316
2537,0.012165506145285181,0.05006769509580137,0.2059335169341087
2538,0.012184604807739837,0.057048704713644545,0.2247659009028864
2539,0.012178928702468578,0.05455798454548311,0.17408348396737172
2540,0.012205454379935832,0.054747790494115094,0.21785857176037565
2541,0.012156998904935382,0.04495373888755162,0.24484507545556164
2542,0.012167332677257628,0.04904951819950416,0.26073784245948817
2543,0.012223724548178265,0.055865293797379145,0.24620014774353438
2544,0.012285752173412287,0.06746344084073418,0.24821752332014155
2545,0.01218114898965518,0.04900247251103786,0.13920515389870367
2546,0.012224821604587337,0.057297501641572594,0.23711743777027552
2547,0.012175498804671475,0.04558176740091971,0.2737846861015805
2548,0.012197756692724515,0.052817756960767896,0.19116506094074154
2549,0.012208033321967302,0.05253833778572847,0.26429098575000387
2550,0.012214896331466687,0.05705685196039781,0.17472628475986837
2551,0.012186585809612804,0.051533766880062504,0.22850374176020058
2552,0.012168408622781037,0.04330927722217577,0.05433034911497709
2553,0.012381731080385493,0.06311493913335575,0.25127510369126443
2554,0.01222132166302753,0.04974188401279582,0.21306708539615712
2555,0.012407759498783817,0.07556696376109251,0.1728008046278778
2556,0.0121486201936674,0.0428190300876529,0.18279675191217865
2557,0.012110380934130933,0.041706585932575986,0.22060797262678775
2558,0.012221719640944413,0.06121440730806824,0.23319629376135126
2559,0.012150464208643014,0.04730699463436041,0.1839470266543531
2560,0.012069216628103237,0.035714111234934,0.005794975645294286
2561,0.012067610025033976,0.038628817466246336,0.24060482983879727
2562,0.01212710742534361,0.051684149971288125,0.2566225242024827
2563,0.012097382036520107,0.04405542198134491,0.1728988309075541
2564,0.012176082554440852,0.05542849358363243,0.138064389881936
2565,0.012071631144406706,0.0383811656348112,0.12530332604280772
2566,0.01219228730115986,0.05415736762235659,0.16904779184677848
2567,0.012079158607338129,0.031924124500576474,0.13176566377658144
2568,0.012083252382133564,0.03991615729127357,0.08781689765705727
2569,0.012121358038023482,0.05168069621461547,0.1752247191911712
2570,0.012088532094141404,0.04150065736870993,0.195451163060559
2571,0.012175263843222347,0.05652291686229236,0.13700287038035774
2572,0.012087087331245328,0.03890238615563072,0.20464542549706347
2573,0.012193512094872917,0.04634226672044498,0.17376359527786975
2574,0.012108066350760874,0.04107597276887662,0.2346461571730204
2575,0.012050345662249938,0.03494169080867636,0.14314807102425306
2576,0.01219382447819872,0.05321130051644812,0.19700683676599773
2577,0.012059730950193921,0.033085909706107926,0.2372644566891642
2578,0.012053964330291773,0.03117164371748446,0.2556465003350575
2579,0.012082661016325623,0.03751576657294182,0.23680736554162704
2580,0.01203141361817654,0.02809966638580052,0.20228865544259997
2581,0.012224624753512853,0.06511039755052794,0.34342307916752307
2582,0.012031673580602842,0.02804850450655825,0.1229128104942152
2583,0.01208292309932254,0.033022603664961396,0.35305711753580943
2584,0.012067640258663432,0.03679546890571988,0.21061707260272858
2585,0.012138940006483604,0.045896558669867756,0.2109587178891566
2586,0.012143998594078078,0.0483027713403214,0.22450882619123674
2587,0.012146455169550086,0.052679079552268346,0.1703822550845316
2588,0.01210818901301473,0.045721901465684445,0.16691473993572029
2589,0.0120932397422731,0.040972222249946726,0.2762190545837483
2590,0.012063822429074493,0.03524245881538264,0.23667010157084967
2591,0.01212149952310264,0.04670821822576312,0.38846479609774165
2592,0.012091635187204823,0.043273978933773674,0.2174761229650207
2593,0.012066792307578815,0.03281564713925403,0.2381417084547925
2594,0.012115210646779112,0.04525757760698472,0.25347668387369454
2595,0.012060419786571805,0.0349382528520494,0.22080692556353154
2596,0.012118703976260359,0.04471242948430295,0.2543814346736898
2597,0.012139595526373292,0.044304093656176984,0.16732073253042629
2598,0.012225719980818995,0.057539213657451384,0.1626374530327692
2599,0.012104949104050314,0.04137515465853373,0.12041206792183401
2600,0.01215356482038728,0.05445532580647088,0.17147953768831056
2601,0.012048674594541694,0.03528316231706662,0.12098976429983009
2602,0.012074047917408326,0.03716480686179162,0.3004860276353281
2603,0.01208228182492636,0.03626043161991812,0.23072461397342917
2604,0.012108412956417194,0.045894558758644045,0.1967476068570201
2605,0.012087244554281106,0.04206683631482119,0.20966350277197918
2606,0.012079548384442841,0.038111562619594475,0.2098008223320241
2607,0.01213407521789856,0.047327281326251205,0.04317181913105433
2608,0.012106262622581678,0.04857425176107988,0.16509546869998268
2609,0.012048860669374738,0.03134946674276114,0.17963953038386432
2610,0.012131097174744178,0.04999185776851419,0.3120477255372801
2611,0.012083006913374845,0.042270164307430885,0.18662765078927043
2612,0.012122698027032633,0.046011668071035676,0.23168385429963295
2613,0.012079964085778406,0.039803006791641594,0.14448967002681995
2614,0.01206314123131531,0.03558517677466844,0.3251901955600234
2615,0.012209383123194091,0.06378142446380912,0.17218967807992844
2616,0.012051517530790529,0.034846421395129,0.12720537558215686
2617,0.012083791597580319,0.03722688280298774,0.22690634836086881
2618,0.012173630186967169,0.05402728988085199,0.25838030240910465
2619,0.012082599907775375,0.03975744334264853,0.15496993995207856
2620,0.012203230477393965,0.055680970011561456,0.18742763286663489
2621,0.012078724803547053,0.03675805310646094,0.15408236549425705
2622,0.012082530596093414,0.03569509883587784,0.17010761388514994
2623,0.012103612949578464,0.039684477948497075,0.29727297943583575
2624,0.012126388381628644,0.04670612927393639,0.20663618011131443
2625,0.012070549367104798,0.030306864087885143,0.14161488854693005
2626,0.012355637879019707,0.07678989340620564,0.1796089199520959
2627,0.012164747856358675,0.037303545407431256,0.15906052569196538
2628,0.012233263084133214,0.05439261411523106,0.2974837642635483
2629,0.012116184351560526,0.043393702251261816,0.15438219210778156
2630,0.012196354120402564,0.05890442891317244,0.15538348223720966
2631,0.012094441839155428,0.042680368519599665,0.139302296478157
2632,0.012167234871772428,0.0502063134362194,0.1618935356943446
2633,0.012227191392186402,0.05518898849342658,0.009858095741243345
2634,0.012252099900558346,0.04559913576892744,0.23026975614453007
2635,0.012232311832666449,0.048106929374580276,0.3602976315972665
2636,0.012132394808606013,0.040254206204160765,0.2051521997435399
2637,0.012154051402249047,0.050907745464498,0.20994469178428135
2638,0.012220229113781279,0.06108438231211168,0.19208524831758342
2639,0.012160529453420726,0.04707971832259594,0.11566160982016083
2640,0.012107410770206904,0.041422443663215375,0.2122904419725389
2641,0.01223347734485118,0.06287871765306985,0.30262362186993214
2642,0.01212434731557775,0.04526917401468651,0.16469274465043518
2643,0.012167005889027123,0.05287715090433628,0.2839518786709068
2644,0.012161712536019153,0.04719105824243434,0.22254375233108886
2645,0.01215284672885939,0.05084471159884852,0.1973306764630645
2646,0.012178899852694195,0.05766920552770992,0.17586641688736437
2647,0.012150500566641924,0.05136770615334497,0.18590151680142206
2648,0.012183550270935995,0.05487173138765528,0.21656454958040303
2649,0.012162199862307177,0.054754107524997916,0.16236665404293696
2650,0.012109187280434662,0.042635562834401314,0.22398242252929762
2651,0.01220372198063337,0.05889401329131575,0.2149303924998392
2652,0.012148631283546232,0.05023800429646438,0.18876061282261605
2653,0.012152657382835864,0.04354225629148474,0.26732946813242753
2654,0.01224815661511707,0.06477333908288539,0.10486834076868443
2655,0.01215122382542102,0.052351312141153995,0.15165883438907582
2656,0.012173900308226378,0.05532623483924151,0.20682459946474635
2657,0.012152416991173547,0.044486199387902506,0.1871887781283142
2658,0.012166614464828333,0.05090108548742867,0.18904024319955248
2659,0.012176382049858813,0.05177760233146241,0.20637240882993135
2660,0.01224486627630255,0.06272746552895021,0.19442613559157768
2661,0.01216029900692746,0.051021775154251,0.12604718177010682
2662,0.012219378829899551,0.058173747407290866,0.14111327776649477
2663,0.012128796479851317,0.04723612898872537,0.005745281161999518
2664,0.012061056611325598,0.03868825330590554,0.15417715854511566
2665,0.012158713604952248,0.055942536754212575,0.17549713035641584
2666,0.012082643708990884,0.03567174484186272,0.13286952278953296
2667,0.012197328564825447,0.04837967232697593,0.28485877198597814
2668,0.012229210880966608,0.05315836955640728,0.1570992227934152
2669,0.012247394711474074,0.059208846091812165,0.12090746177341354
2670,0.012017556560061064,0.025160193588880355,0.04383706851541632
2671,0.0121488703902971,0.05135573744572112,0.21158977086840997
2672,0.012082907048928218,0.04344213519285057,0.15665864365230994
2673,0.012055593504545116,0.0359083501027852,0.25624014033893555
2674,0.012089021222074234,0.042326332567128915,0.2534080430501127
2675,0.01211416682625457,0.04712969490598266,0.1928413158367844
2676,0.012089025586701474,0.043632592242856365,0.18295371325757182
2677,0.012139300582248762,0.05369255057819456,0.15494183454589597
2678,0.01206738611324289,0.03957366988997966,0.17676571344295292
2679,0.01205275411070979,0.03306555954178234,0.22960323473350833
2680,0.012123799567079005,0.03368050156461511,0.1944902759548604
2681,0.012031641889926361,0.029595667208058472,0.1765617537911181
2682,0.012099029005956111,0.04347462222530558,0.17722427277808409
2683,0.012049847216989143,0.03817791195989374,0.2501940187485442
2684,0.012132419103322543,0.05464673193691396,0.22906143229162887
2685,0.012077754614129795,0.04255441298464098,0.155471140990424
2686,0.012076160058525237,0.03340610999253199,0.22997622086556765
2687,0.0121410538663401,0.0487810313368061,0.2653380657616787
2688,0.012132524842795023,0.05342314952752742,0.14041764299784518
2689,0.012106981664342554,0.0491059497804941,0.18603917127982653
2690,0.012144118528780487,0.05649220438845345,0.16616151587546824
2691,0.012045091002962522,0.03585029282387498,0.137683325937721
2692,0.012092712743952164,0.04344017551281204,0.26158410022611756
2693,0.012127739397376328,0.051676741055100124,0.14859641216304822
2694,0.01210135828333898,0.04592881523172265,0.13276476778458354
2695,0.012072429937531355,0.04015410522567849,0.2101747726372312
2696,0.012107531481468078,0.045904094286830524,0.19734268816751394
2697,0.012118741522251607,0.050333679728722845,0.19043856723527763
2698,0.012107601907943398,0.04646110232917702,0.1607510111282247
2699,0.01211813692027515,0.04947622740913433,0.13529172505926582
2700,0.012088944868334006,0.04510469161640712,0.15394275974239222
2701,0.01207342640887221,0.03467269091412706,0.2032927300402988
2702,0.012114124961973853,0.04824670923477278,0.05779895711636195
2703,0.012030357724969187,0.03475239007882857,0.20805388323112128
2704,0.012060444089483728,0.03773937192257477,0.20897717717874278
2705,0.012106820534490886,0.04811695386310577,0.23270792389764108
2706,0.012149318544036548,0.05054119003234487,0.009895636468282386
2707,0.012172571769909593,0.04998301073931598,0.1705388085233964
2708,0.01213502913139948,0.039854591182687665,0.22137374256193737
2709,0.012227360238535783,0.052097554079430085,0.29556886677541033
2710,0.012276589244586182,0.06671091951365613,0.13442402583426866
2711,0.01220129267141817,0.05444460800943503,0.13623493849911067
2712,0.012243796242170252,0.05873021550781891,0.19567735623652688
2713,0.012165055659873653,0.04700078923427977,0.20875495828226426
2714,0.012147438774755985,0.046607805721614146,0.11291571602403942
2715,0.012205521336453144,0.058781392560098775,0.2539112659366573
2716,0.012155797076635048,0.04387823774492978,0.18346547778012656
2717,0.012209013642484171,0.05145968195442552,0.2713135220207081
2718,0.012146138587430357,0.04441425992064488,0.1749416169812559
2719,0.012196574724818197,0.05461979696425681,0.25434520286397533
2720,0.012187358307481305,0.0567950377966883,0.17861883070492746
2721,0.012168047580452514,0.05280963041304025,0.19724735620267803
2722,0.012176006268899272,0.04585684439358068,0.3759661414810262
2723,0.012228955617754273,0.054884179606963866,0.19844871941511638
2724,0.0121923608536863,0.051301397438119616,0.18323683359300066
2725,0.01217781906697213,0.04936208318322297,0.13667940418452784
2726,0.012177765953718635,0.04933280995558809,0.22714504339067665
2727,0.012295475892800903,0.07043558994083546,0.18064513791346035
2728,0.012145775991248565,0.041466973237709676,0.150548777269606
2729,0.012099220493976373,0.04015027552029918,0.20806239340561739
2730,0.012169952553918126,0.04526056432110601,0.10645728740251756
2731,0.012228236640795738,0.045868198566314286,0.3114352868084687
2732,0.01216174114284654,0.04308052897981629,0.32456870392255704
2733,0.012287124405665206,0.05679105769596178,0.3012895289066423
2734,0.012197417505809013,0.056013059039269494,0.12599108130064784
2735,0.01218054719495792,0.04993957218775192,0.17923212717610523
2736,0.012204048970915449,0.05859861322949938,0.26112824122918527
2737,0.01216978467303888,0.04977639583359751,0.2184947030692048
2738,0.01214052644938181,0.046079877988298816,0.2035243749948487
2739,0.012172257674539028,0.0518529548955051,0.14181144391139314
2740,0.012180322342893573,0.05080299547000209,0.1897465762965104
2741,0.012209637159225085,0.05794782208844962,0.2188356796582509
2742,0.01212039779403264,0.044024144515821824,0.1168483848694505
2743,0.012208035229723463,0.05726756487401631,0.17522329342071072
2744,0.012200191896667973,0.05248750046881307,0.15636477899580117
2745,0.012189091387588448,0.053773325580382086,0.06342449327196961
2746,0.012182429061400392,0.05274618893464017,0.20463424608555292
2747,0.012218764821079961,0.05256353819046746,0.17535561720935236
2748,0.01210812369477064,0.039277833762106966,0.20331897637657792
2749,0.01230418992691642,0.07021872903676912,0.29058728219628255
2750,0.012115575286776016,0.04060079041770592,0.10344566916220022
2751,0.012340042300524469,0.07592862833976215,0.26150766095972955
2752,0.012125764001025776,0.04511115039573794,0.11215666429758332
2753,0.01217686722748304,0.05487202610391652,0.2661346903399828
2754,0.012165369919724051,0.054459523506061744,0.1872221507327959
2755,0.012180299659903993,0.0539616903706683,0.2151173947303812
2756,0.012199799323105259,0.05596795647702567,0.1960779113362132
2757,0.012158344941641407,0.051592229113306076,0.1395292453312465
2758,0.01213754776111243,0.04717872876352246,0.22291972949568029
2759,0.012159934626030778,0.04789088956517018,0.1999104602628745
2760,0.012193341250956988,0.057697383121625395,0.25123125667748264
2761,0.012194172803721879,0.05688103858216156,0.15717625683506348
2762,0.012189142064088233,0.053767546437825,0.1579283079793355
2763,0.012146496677337169,0.047897038947908935,0.16224882809563293
2764,0.012196377430488452,0.0584648489034455,0.17921081384141455
2765,0.01217655547609288,0.05068236633628017,0.17244452831423485
2766,0.012114241652479549,0.04063636847519751,0.09627051760585294
2767,0.012197991742374415,0.057037628334340104,0.24531261690186562
2768,0.012184671942910263,0.049247337505730494,0.218940322101952
2769,0.012145801537433951,0.05095438899021069,0.18165977991213297
2770,0.012178029517545947,0.05496846256238451,0.21644048498202556
2771,0.012129767483015984,0.04325494992127318,0.21723753624672199
2772,0.012199785496257262,0.05621226367570787,0.26000643024696934
2773,0.012112046430053326,0.04536992063098633,0.005815530468912452
2774,0.0120903214435516,0.03750534304077676,0.18633591039973604
2775,0.012151814770810386,0.04459137998214065,0.225259418648819
2776,0.012035282090274031,0.02948367069792419,0.1369871363013944
2777,0.01209463278172001,0.04733193487314636,0.22369310706423282
2778,0.012135112857182724,0.05088928339627684,0.14563547760583773
2779,0.01207515472491633,0.04208004323273857,0.19885882569563332
2780,0.012140569936195882,0.053488583036723235,0.1577369896749868
2781,0.012058170512039602,0.035985509006127826,0.22756395827977874
2782,0.012089997355477855,0.04077427291335458,0.33792722697590144
2783,0.012130093657059417,0.04908077879640733,0.1547698776718197
2784,0.012220927181856637,0.0571335691033226,0.19041688197475215
2785,0.012261439640513063,0.05923689010632146,0.009726203354811619
2786,0.012186194117203706,0.049562837965791924,0.19916798182750187
2787,0.012136756783391909,0.048102768774401373,0.1712704538855681
2788,0.012169189501890807,0.04418831780333474,0.26888748641261734
2789,0.012100558953269403,0.03818616278082343,0.2839312955754708
2790,0.012185339481638123,0.05260984492291302,0.33352231928077414
2791,0.01218454655090007,0.054726976297166295,0.14064718072416085
2792,0.012215200153431712,0.05824548582564384,0.13841265101998848
2793,0.012133431593113437,0.044772511629674897,0.21601543281803964
2794,0.012225744970798357,0.06162858019793479,0.1986370327491007
2795,0.012149397776702374,0.04816298754994979,0.1634552129774358
2796,0.012186213513330543,0.05636403761124483,0.2150159124951215
2797,0.012194260347403745,0.05456488064652862,0.15229625948446934
2798,0.01222689259351637,0.058912654488436064,0.15977020343097484
2799,0.01217460961484903,0.048660745774079465,0.2104545827819588
2800,0.012155581341648685,0.04967608907734033,0.20501496456091928
2801,0.012124935177505321,0.04066422636326651,0.2532464397009465
2802,0.012144016504013255,0.048818259635271116,0.2661311761241897
2803,0.012375805919393515,0.07373940720919979,0.17742444477217315
2804,0.012179069500334221,0.04414528301041623,0.1933210298892902
2805,0.01235326132117449,0.0734062100772426,0.18294255414289118
2806,0.01215152759767529,0.04274111016989087,0.15067741066199875
2807,0.012109878233690802,0.043579116510989974,0.09086974584792994
2808,0.01227174801445705,0.07039209099526433,0.20107695860053412
2809,0.012113600777899068,0.042333230160952126,0.15398591649844193
2810,0.012167254360119882,0.05005917353090593,0.33721859463254433
2811,0.012279354520954598,0.06643199406887719,0.22666261150400982
2812,0.012120140909570597,0.040865206661126724,0.17297694888293957
2813,0.012188134487499959,0.047123515812128376,0.2731796656498328
2814,0.012297452678859662,0.06427760747352299,0.1923341480457898
2815,0.012153069308083823,0.04384654351426664,0.15337922938449247
2816,0.012265537708846625,0.05697133853940046,0.18372487989047304
2817,0.012322706394503719,0.06453003655017678,0.15870396132630848
2818,0.01217803526286812,0.046535358896145185,0.180870563498004
2819,0.012180929132365027,0.05338567543220672,0.21758611172492298
2820,0.012122414216505619,0.04470681822935389,0.1460700187783405
2821,0.012191524048539007,0.05016063132285286,0.22276142501782545
2822,0.012173433043921884,0.04844771278266426,0.044570266926891915
2823,0.012115581497872637,0.043550668748591065,0.21393493870619387
2824,0.012169407965462875,0.045657586373823715,0.23717002692061878
2825,0.012132688242392638,0.045149129122505564,0.15463930946436372
2826,0.012234829775522867,0.05351614200852681,0.23791373240466565
2827,0.012160884710137182,0.04873647776299469,0.1721869860010933
2828,0.012216550284404958,0.0601377836758102,0.2006001548494832
2829,0.012155214405600898,0.05280648088111094,0.11474298161924139
2830,0.012204068982466402,0.05754111262255927,0.1997263878129858
2831,0.01221212227266685,0.05959388334040019,0.1694865337832594
2832,0.012227762384204782,0.05562667393639612,0.3376018282249688
2833,0.012133904570946624,0.045972562646972005,0.16521335441484464
2834,0.012207861567698328,0.06078446893320471,0.12933531011587387
2835,0.01218159107040309,0.05707491770176706,0.13843198927747075
2836,0.012162568355935151,0.045612477652511085,0.21360065394495603
2837,0.01216499172237517,0.05208465812697892,0.20505907230252576
2838,0.01219116360881994,0.05443958198998216,0.095756175007741
2839,0.012121078261188429,0.046560900951769825,0.14300078532135016
2840,0.01214083768367929,0.04649708845144567,0.3096143488745002
2841,0.012162552679266544,0.05099493206967959,0.2037518884526475
2842,0.012171901127812801,0.05365748475065323,0.1879227124971805
2843,0.012138004081461559,0.04476619529724734,0.25250228304117706
2844,0.012261212621707162,0.06713527693081732,0.23137927310544065
2845,0.012126827265056789,0.04845353308613173,0.10791202776203102
2846,0.012221994585577246,0.06379563606052907,0.16695528337550522
2847,0.012137416663023828,0.043411513337798316,0.17950572741316995
2848,0.012238395727830545,0.06479633585296994,0.27115191971371916
2849,0.012156448421773856,0.050642518744304046,0.14987675325368208
2850,0.01222745090240716,0.0594116348401032,0.14391057009084068
2851,0.01212371872674903,0.03977505455965768,0.32474276866980784
2852,0.012245232408880412,0.06520187084639541,0.22506003680697484
2853,0.012145601308229705,0.0498278969399161,0.1566526540377469
2854,0.012151792423613245,0.04758612737735279,0.29136051148659425
2855,0.012084847959750018,0.03945574239257897,0.005900833575451104
2856,0.012156315052265781,0.05712015532069717,0.1301012709248327
2857,0.012061989449927167,0.036707234143927035,0.2124817493038012
2858,0.012164697261209367,0.0478263478786484,0.06522780110764921
2859,0.012115539985726242,0.04668371472459147,0.18586633144515421
2860,0.012137487501766015,0.050273413441023276,0.19011934065007977
2861,0.012092730545996765,0.047547753073100954,0.14650060540565377
2862,0.01210898720202804,0.05054519737980692,0.11008429207874375
2863,0.01208316129004536,0.047446264819095176,0.15468094269971158
2864,0.012017544887536778,0.02757975060002431,0.20162391297584262
2865,0.012134277265192343,0.04908500446376031,0.35888868380576117
2866,0.012094320316256475,0.04220038753570548,0.18227280479683267
2867,0.01215034763711821,0.048749246377153846,0.1952006407098314
2868,0.012091079423868192,0.04002720427952507,0.1551200902667808
2869,0.012096092415642279,0.04759476047520923,0.22308327272140704
2870,0.012127979345674928,0.04511321731960802,0.13236655376855183
2871,0.012174443186860964,0.05517579354546264,0.16770419125510652
2872,0.012051879361624593,0.034470050675186055,0.14557977165759653
2873,0.012200785284975577,0.060533265815151414,0.2460317043964706
2874,0.012111471949156762,0.039053661709450835,0.16071067625595506
2875,0.01213470654309715,0.050071371389199815,0.19420588046726894
2876,0.012051185383438653,0.03574787419323646,0.09006313768009475
2877,0.012089851928127539,0.046055816521750746,0.18783402480935718
2878,0.012143502752688514,0.05618431957341613,0.17368311449206508
2879,0.01205685140613958,0.040518676173484106,0.12489743399562502
2880,0.012086988682128156,0.04100436910930082,0.18046678992406612
2881,0.01207463867080182,0.039635684728286505,0.23050439172944145
2882,0.012084700908176585,0.03895235518954405,0.20271031152398702
2883,0.012077070994995597,0.03968191505663193,0.21561419047175798
2884,0.012139010399791277,0.047010154574417054,0.15589556382290862
2885,0.01212651512233821,0.04870253146484663,0.16662666090771172
2886,0.012125165134906713,0.04911977722278231,0.25042707508183154
2887,0.012075978209481095,0.029773221260076463,0.23511169983498925
2888,0.01226611793002241,0.06286617283231918,0.2167984996668637
2889,0.012191772097929625,0.04120105425571263,0.18049094152939474
2890,0.012180748081217767,0.04846385172674073,0.19598029565002043
2891,0.012127962448099706,0.04586314209537553,0.216685258456488
2892,0.012159882558756965,0.05856373201492102,0.053369601763187224
2893,0.012069649791958131,0.04170854578945849,0.13467726605111324
2894,0.01204174488164605,0.036817277168981956,0.23969343578320623
2895,0.01211730114753643,0.04769454067061647,0.32858096383765906
2896,0.012172076627790454,0.05271544768229263,0.009854906373086737
2897,0.012117594046686938,0.040889452084342956,0.20915162666463907
2898,0.012315569295714486,0.07277354793984399,0.2346233961876612
2899,0.012131745788908374,0.049502920285594734,0.1063530829972748
2900,0.012122625272428003,0.04222851303606106,0.2710537030311249
2901,0.01217012226392552,0.05034014559372339,0.3641057124805581
2902,0.012172624767340415,0.05401060438903165,0.25386242661404046
2903,0.012179052248989436,0.054169041498591065,0.14716752897344687
2904,0.012108027949372619,0.04506224653165225,0.07300060446443983
2905,0.012117460865816393,0.04191068645598368,0.19683480558722852
2906,0.012175209694939938,0.046700915875635775,0.21561616998448238
2907,0.012108595031141279,0.04483907504497737,0.18109353368588643
2908,0.012179655823950955,0.05284045552169233,0.21573020508555515
2909,0.012159535517618015,0.044068416511231064,0.20366789813124506
2910,0.012161902877117813,0.044067502273989215,0.3142284740577473
2911,0.012155873604336096,0.04432990316134671,0.2430262425392707
2912,0.01219396573820496,0.053443537804190686,0.2462645463285841
2913,0.012176024384561368,0.05478821437694176,0.12244136512363138
2914,0.012155221722041731,0.043222638574663144,0.2297449865607897
2915,0.012269253333581035,0.058264612734903215,0.28002735866525097
2916,0.012207313263651673,0.055569317425115804,0.12573090514898
2917,0.012240114319617624,0.06105615164715676,0.1507169337564652
2918,0.01213103973357618,0.04870044345753698,0.10926648881381554
2919,0.012123502280956154,0.044481675061494516,0.3467802695153622
2920,0.012184937944143949,0.05537518151886578,0.26365280222547144
2921,0.012197559711604843,0.05749057526425011,0.14982867048249052
2922,0.01209931563858381,0.039277384224521185,0.2001970669248098
2923,0.012188252064810248,0.05703293343535845,0.21804948445811262
2924,0.012189165627144978,0.05461145296280698,0.12885809980741342
2925,0.012200322098867091,0.05100673090642295,0.27699913547511923
2926,0.012259173520816605,0.06170951675875811,0.19736020248311628
2927,0.012202896212601037,0.05335606832865522,0.19494481318069332
2928,0.01212373372203876,0.04147678242477253,0.19474566785763753
2929,0.012244453595364628,0.05810848301425062,0.15312029449348818
2930,0.012114868219157006,0.04198272455408427,0.18900966594788104
2931,0.012241025982454705,0.06358176479535567,0.23515023759196835
2932,0.01212855200471801,0.046090413719289056,0.13360230009581067
2933,0.012188539604953096,0.05720485036198127,0.16461368676134128
2934,0.01211845948641128,0.045387259023356594,0.16797144546691417
2935,0.012139312092141608,0.046057968393727465,0.2508370690783065
2936,0.01228054003663329,0.06887704177372653,0.1638523349120573
2937,0.012143156579384874,0.04741181396085164,0.1346944945587999
2938,0.012270128628275317,0.06975663073566331,0.11714559191855606
2939,0.012150447338776002,0.0485558296397881,0.1636057138487345
2940,0.012173319288129628,0.054932363944729244,0.2192146252143683
2941,0.012117665383231838,0.04297358779487499,0.24782405606558566
2942,0.012255806893540224,0.0657308100699186,0.21427467849006782
2943,0.01217272386616695,0.05764874557082377,0.005910343946680568
2944,0.012037004687263214,0.029130815002994886,0.18930253321843166
2945,0.012098788998235238,0.04190644080602008,0.10870806892144509
2946,0.012114949068356196,0.04863159900170894,0.21731726882203192
2947,0.01210938918042591,0.04717887555575282,0.13057780005805733
2948,0.01212904564935863,0.04076467460286213,0.18919518398899518
2949,0.012058191954561273,0.03939583378278731,0.1672493036639555
2950,0.012186562087957955,0.06078250777152555,0.1585394384168629
2951,0.012096322186880792,0.042943660950202925,0.11437902994413725
2952,0.012055810814908568,0.0404775234871054,0.2046971995390035
2953,0.012111851562651718,0.04804573301234955,0.24653571800676963
2954,0.01213754562585491,0.054301856197636986,0.11809084735079382
2955,0.012068138245205003,0.04427044856331562,0.10585619938299293
2956,0.012068841490952073,0.04165712832217604,0.1473185993393424
2957,0.01206709763666541,0.03958991599594859,0.07040011672172572
2958,0.012069171768340289,0.04314365585686137,0.1819596754704367
2959,0.012024303456360822,0.031038865495151613,0.19200307445945214
2960,0.012047139158680093,0.031731602028802874,0.25937755520879324
2961,0.012042472934971309,0.03300191814218279,0.2813480793040522
2962,0.012172520219359528,0.05991272999619968,0.23880722472525626
2963,0.012064068859129673,0.03332759142909482,0.22188366029192536
2964,0.012263189177544754,0.0688351758923738,0.21381678960001482
2965,0.012081219083552346,0.03852041743377497,0.12179002247021234
2966,0.012111740032154582,0.04064850317022578,0.24425978576773402
2967,0.012112167302369378,0.04957066352985341,0.12928765124365965
2968,0.012105446170643172,0.046961657661313244,0.15418708261645755
2969,0.012131737554443134,0.050039881851289554,0.17424141224099982
2970,0.012133636855545827,0.05180382429352364,0.18019505779078274
2971,0.012119021699669547,0.03569865033922421,0.19998307497816276
2972,0.01208674384598255,0.04173463861159071,0.27527587555994465
2973,0.012216816951164779,0.05513722623822118,0.20823328120248585
2974,0.0121239193120272,0.0461897165223211,0.13201256536950245
2975,0.012108756240551967,0.04488592043666199,0.1781048819113992
2976,0.012128996921200143,0.048642579167046104,0.20327605802629256
2977,0.012104452230601132,0.03777608877047441,0.14949927562941795
2978,0.012106246731072181,0.0391048992656652,0.29027154068912175
2979,0.0121248470642854,0.03262950189553671,0.3175057302300162
2980,0.012098218346340544,0.034794629195095655,0.2574428225001925
2981,0.012212227586801504,0.05744448174290232,0.17490010048176619
2982,0.012176793364394709,0.05583542520062613,0.146450799074087
2983,0.012222026429713732,0.05902593662610703,0.009904529181977451
2984,0.012226897227986786,0.05379750226980353,0.16272965782455268
2985,0.012224158666728383,0.059944858636727605,0.11183157119873886
2986,0.01210981332977663,0.03990499531044307,0.21286865864971188
2987,0.012214418064674689,0.06069166804763701,0.18192699543159505
2988,0.012156623195281957,0.05177001683598654,0.13889373457796345
2989,0.012193038204037727,0.045817091876834366,0.17618165248812395
2990,0.012284407551830204,0.04855079784885724,0.319935436706831
2991,0.012259839318747546,0.051245828998287966,0.25350825096877183
2992,0.012217680215575101,0.053799837008678256,0.16586637208865274
2993,0.012153680682730676,0.043868696779557514,0.1615421706031715
2994,0.012319544945619789,0.06153168452128198,0.2657357849275567
2995,0.012167024872761273,0.04491892531198241,0.18629387351524043
2996,0.01216596690916074,0.04639833740775539,0.2729214722165367
2997,0.012163350143592804,0.04767244120163187,0.18877128562122408
2998,0.012158598659440153,0.05341579525296969,0.16144838512185847
2999,0.012121872443175622,0.04058269215646256,0.23242841790979077
3000,0.012222158600879492,0.05969806741656098,0.19471005116048348
3001,0.012135298525921885,0.0442592641744542,0.17105377076937317
3002,0.012161086884645457,0.04825851501645715,0.22723052027350896
3003,0.012155189964100387,0.04546145892535094,0.33010592157691354
3004,0.012279232466308796,0.06576531345905529,0.1812087163143077
3005,0.0121426417502858,0.041856682831131295,0.14976474871905487
3006,0.012153624712158684,0.046337233569795376,0.20123360836289578
3007,0.012225416400869635,0.05485554031721693,0.23762331949421897
3008,0.012188196466684561,0.05488775033890009,0.1966006073804822
3009,0.012149540153520686,0.04906848191833514,0.17456238384744058
3010,0.012201922105251874,0.05728893369694382,0.19090771302308773
3011,0.012163400266180844,0.051937669308644324,0.17812743411393492
3012,0.012222309422474039,0.05757422027373481,0.14385810331457047
3013,0.012087191935788107,0.03732572811976653,0.09419235142550647
3014,0.012183410266382274,0.04375062358012315,0.3800463900683046
3015,0.012313290092291184,0.06826182120923356,0.24826296018426974
3016,0.012136915782211235,0.0436017116729316,0.1536746000886639
3017,0.012151271188173496,0.04246354548464003,0.2551433743110104
3018,0.012212112243627707,0.05106198572966549,0.24291664140224617
3019,0.01208797468594096,0.04082670622337167,0.08034868829114106
3020,0.012248601578395187,0.0664594147923901,0.16196565879730387
3021,0.012134342383977747,0.04607268438270684,0.1506230079573562
3022,0.012189409339721777,0.05682538338207891,0.21842711812988852
3023,0.012213158353019784,0.048279890285781966,0.061596549713832965
3024,0.012176604298385992,0.047796280650022026,0.22987499405602446
3025,0.012093614997643897,0.03756477855599799,0.1902133586955441
3026,0.012331047914983177,0.07395818233264818,0.2442771849054021
3027,0.012120860072596228,0.04199409504146607,0.1497739631069495
3028,0.012274840754189983,0.06863004566921536,0.18191568357831386
3029,0.012113635419627925,0.041961898700778925,0.1281347489459963
3030,0.012126854450336977,0.04189085400250505,0.36658634619893943
3031,0.012219115712524988,0.05943973399658722,0.27257419770572566
3032,0.012223294468657313,0.057335155529096474,0.16928682269226955
3033,0.012196419118644662,0.05341450322869407,0.19164619795058124
3034,0.012241506341827782,0.05941030511237607,0.2040673825946456
3035,0.012135045892068933,0.04567912323984022,0.1697219877552942
3036,0.01213276107165457,0.044129275033039116,0.053338435961578175
3037,0.012436567107519624,0.07954416638657104,0.30925856053031553
3038,0.012329910407766643,0.0697312783083836,0.00576630097900949
3039,0.012074404719219651,0.03373198940434428,0.1348602633426815
3040,0.01223708129314244,0.0650752582203298,0.15991908362331872
3041,0.01203498585676207,0.028605234906440246,0.11734233979774801
3042,0.012126465607102566,0.0365104917592344,0.22323408784637372
3043,0.012053609207233007,0.028381287872430015,0.26415084422765045
3044,0.012248402912038617,0.062187827526096445,0.2992143150717151
3045,0.01205108299285336,0.03221039853781035,0.1382134918534001
3046,0.012195419029208256,0.0562094401913208,0.2131936559702581
3047,0.012083189642440317,0.041347983297909924,0.14619670302035614
3048,0.012134335906988232,0.050003513860435625,0.12722314635146798
3049,0.01208038440313785,0.042699310947142716,0.13736872703827033
3050,0.012043131091424214,0.03159075394979843,0.12440506729193074
3051,0.012104656154694622,0.042938351788577384,0.35634912091365767
3052,0.01202744298421779,0.029536133139619985,0.1838319301099364
3053,0.012149126169350188,0.04623852634355427,0.20527966112224202
3054,0.012200102506531973,0.058937095270963476,0.22101582648187781
3055,0.01207591270620679,0.039862124872267424,0.15159787743899694
3056,0.01205559350536613,0.03346741252370516,0.30920469255524174
3057,0.012203362421643656,0.061351083754628666,0.24615563016997052
3058,0.012026098266324182,0.03167564304818316,0.1397406058687396
3059,0.012193930455965936,0.05516979076448024,0.16965592839109503
3060,0.01208407842608925,0.04222870866168736,0.15981528228094752
3061,0.012107511254447527,0.049783956411499714,0.15586390251557117
3062,0.012121230172395976,0.04960572942276855,0.18064513664384538
3063,0.012094579746657152,0.04384760210158028,0.19129579854914086
3064,0.012005278972762433,0.023901645428438267,0.2227971098916529
3065,0.01219588948660811,0.05491829043294103,0.22527860900456628
3066,0.012125342758840673,0.04300191924601391,0.15453085089783963
3067,0.012113103430239134,0.04478181584421259,0.17246131016690178
3068,0.012184099385710358,0.04554535136762118,0.17093929026127389
3069,0.01202729163797272,0.029871193821400875,0.09631174026037474
3070,0.012140524712794556,0.0541787292183057,0.28149159578472266
3071,0.012067389597339783,0.03952400197516523,0.18164675110875053
3072,0.012110085385239715,0.041931591097964634,0.24794752861064015
3073,0.012233957068135185,0.05855034754146016,0.22347729999686786
3074,0.012082547804221976,0.037561436519961966,0.15879399454597903
3075,0.012054782221188543,0.029280799759036684,0.18961084785512566
3076,0.012034510362149529,0.027405314802789873,0.31982692093713594
3077,0.012234892877075064,0.06712864350188666,0.15764790777339158
3078,0.012118669091350901,0.03304972052131118,0.19843308705709506
3079,0.012112236382276912,0.04033796086653527,0.27708539044176167
3080,0.012164213965792224,0.04894887833189995,0.14563489932538917
3081,0.01211065116779577,0.04352131469098751,0.20369450916427426
3082,0.012222162071322228,0.061138609993849874,0.1370054917449353
3083,0.012113355625375648,0.0425446829964645,0.14539402110438196
3084,0.012053989047627726,0.03164866050130434,0.2602373686060979
3085,0.012150484905752674,0.04668224246456911,0.050639972893185066
3086,0.01208093307239297,0.039010154500847806,0.1804733276779439
3087,0.012103969202211783,0.04742273726552667,0.18719443822094864
3088,0.012087119131722874,0.04611105234342118,0.19365451463064307
3089,0.012113327162018513,0.051007002068620494,0.16379957144094898
3090,0.012067345377671006,0.03799239683184676,0.15012886882576829
3091,0.012064809428486725,0.03631817680192443,0.25123825980322817
3092,0.012106976155413098,0.04935747480615662,0.18231358225354044
3093,0.012060539172166486,0.0393177228424847,0.10137273475025482
3094,0.012074143144561084,0.0433153638847418,0.1442137956685933
3095,0.01212988653317414,0.048714637993912034,0.009802775728846918
3096,0.012176575212964504,0.05616706397516153,0.21160748100501223
3097,0.01221091300599474,0.057475459290481416,0.1368952195397763
3098,0.012065455580577032,0.03598476448223125,0.20090605580749535
3099,0.012277487489761285,0.06673644396753359,0.2669536511558637
3100,0.012077582039444168,0.03869068352451184,0.1503884874444154
3101,0.012200241788833232,0.059872357425696285,0.20069198447043093
3102,0.012144745616637344,0.05046512433403238,0.21331508682057004
3103,0.012122121818384492,0.04557486870966112,0.2716278658211497
3104,0.012272298476098198,0.06870878845793012,0.2347584260691004
3105,0.01214104076460053,0.043997478553122964,0.23265233498830504
3106,0.012229846017047966,0.05630306272430589,0.2166409957657767
3107,0.012285690073991036,0.051903604579508204,0.21094210558415075
3108,0.012135145501653042,0.04379691341336194,0.14932590542990534
3109,0.01214685368590066,0.05098626329322851,0.16210793446574132
3110,0.012162467241507673,0.05092193186420482,0.13593518286227088
3111,0.012135106179699312,0.04778178321907033,0.17702957223853621
3112,0.012105814904806117,0.04147098492531858,0.20261776780587828
3113,0.012168901121696017,0.05007065566672256,0.1971094679028448
3114,0.012146771274837811,0.04856336137647055,0.1576227582386074
3115,0.012208514410886684,0.05988250855631977,0.20998518591718124
3116,0.012157065855350159,0.05145488319996728,0.18752946162831682
3117,0.012188454101833097,0.0565312936181735,0.203463321622059
3118,0.01218051431780657,0.05584231250903259,0.12839044546277853
3119,0.012188046903496959,0.05661956615906137,0.12713499275506046
3120,0.01218501462635661,0.056341128180709264,0.149535794554481
3121,0.01219803547596313,0.05224652140777947,0.1355362831283507
3122,0.012245365755424583,0.0584102343872462,0.23566511824978653
3123,0.012140201006728421,0.04314525524199654,0.18432505781979383
3124,0.01229335625185056,0.06469503341814033,0.21223756890239914
3125,0.012165289813868888,0.0486983208227009,0.14414215767809424
3126,0.012162742048195794,0.05214491435831388,0.20294949823273586
3127,0.012193360028034981,0.057925283979853075,0.1440322915741679
3128,0.012116364284083117,0.04967723247865559,0.005917888827888
3129,0.012169411641319898,0.049087651049278515,0.2047476748899278
3130,0.012047635791149692,0.026933147213155366,0.22341924620401474
3131,0.012216442371430184,0.0629940653997348,0.2547523532939066
3132,0.012078588107950232,0.040453381200648286,0.16393942502436776
3133,0.012105257639019616,0.03719454198563078,0.19475373112289285
3134,0.012220418025788379,0.05786611114300725,0.23733874457958143
3135,0.012062737549104837,0.02995188760991022,0.13384389011758088
3136,0.012146000359956168,0.04759269237914994,0.4555379130368267
3137,0.012073398946653898,0.02820763907100504,0.16615477667591141
3138,0.012214987413122779,0.04834973335053638,0.3067669459559812
3139,0.01218043669142655,0.049627020523539796,0.19194227827652144
3140,0.012069599619322923,0.030404335816411356,0.1540518399458453
3141,0.01210274165335467,0.0363341403558987,0.25815650157367565
3142,0.0121639674018359,0.04913696774849442,0.1901807441903898
3143,0.01213601529489053,0.04421076778629984,0.1471208200468036
3144,0.01211609259847303,0.03237837989157064,0.1796702294476508
3145,0.012143762986530306,0.05062747267716567,0.2952091421238477
3146,0.012129131511602964,0.03998623368045718,0.21860451720046883
3147,0.012068655351984953,0.04005733889274532,0.10309949244164415
3148,0.012095931920417925,0.04658042268912853,0.27323936531523596
3149,0.012058706964401577,0.030336702328608512,0.17051180281503148
3150,0.012233613801296277,0.0440039830732684,0.22587802989583222
3151,0.012038842794777708,0.027189990083616677,0.17850152821436524
3152,0.012206533736798045,0.06486121435680725,0.19348759815548963
3153,0.012055827603828997,0.03725764933774661,0.12880307207874098
3154,0.012090283395943582,0.04085029584495435,0.25851027832270734
3155,0.012095910261622973,0.04525905925705261,0.1684374129572993
3156,0.01208611519154552,0.040949285452889755,0.2788468944752956
3157,0.012101914775113824,0.046310027186315154,0.1549172174985345
3158,0.012053123488918823,0.03597835655312027,0.18133936763019806
3159,0.012148714457131457,0.046047966258128625,0.06585754472349754
3160,0.012098835766836473,0.04391083478993124,0.19413392262279042
3161,0.012161713516430781,0.052367937449663574,0.2008551732125226
3162,0.012082606696098872,0.04049148523423733,0.17265306696949667
3163,0.012138120379517241,0.052745564571886776,0.17031159605078974
3164,0.012029075902063327,0.034247347355797535,0.12930562615000882
3165,0.012082953759808399,0.04141503503006215,0.2003583017056395
3166,0.012092301378925842,0.04585807417347943,0.1584725095004811
3167,0.012097046003568444,0.04391619514426789,0.14589037730417156
3168,0.01206716154712715,0.04045607837723667,0.17757606544490062
3169,0.012079789966527442,0.031386470618158434,0.234513975358979
3170,0.012238993956428966,0.06432505868638459,0.2519849674813334
3171,0.012095557719073355,0.04061749573616731,0.1315687552086688
3172,0.012067584792027608,0.03252988299801858,0.2282935351639887
3173,0.012067118966320189,0.032394127109869615,0.35507819603978497
3174,0.012192315754788253,0.05354215785482309,0.294229617581631
3175,0.012106714239067933,0.04133210033332139,0.18627766748054017
3176,0.012168175437200505,0.05552015826660389,0.1232780289915565
3177,0.012066411946216176,0.03712072921502658,0.13406233081110175
3178,0.012186308809587655,0.0489505632609821,0.3493486469491909
3179,0.01203819420746887,0.025533581021473097,0.2775053841290002
3180,0.012242420207927741,0.06629739079450551,0.21545241711988636
3181,0.012073125912648034,0.038090704248044435,0.09620041107990174
3182,0.012128216652636423,0.04723548673869541,0.218201618149137
3183,0.012124990626141648,0.04269927575088922,0.15616030815352563
3184,0.012057054668266396,0.03663470656580001,0.15875459464676525
3185,0.012144779527359704,0.05161996936774362,0.17764428393754816
3186,0.012124042213480797,0.045447409329525845,0.19937635245299276
3187,0.012100302776753424,0.034175816532265334,0.18620287544549444
3188,0.012100867906708139,0.035345910912013535,0.3083560364291209
3189,0.012141405121882842,0.04683431377051749,0.259973813119902
3190,0.012093644937057705,0.04173869596563419,0.22337966252477112
3191,0.012056032260597737,0.03183603903740723,0.23148471504186044
3192,0.012161316531033656,0.052660353330857175,0.20908967325315436
3193,0.012091571166149947,0.03703883869293489,0.21575787337173183
3194,0.01202997734102525,0.027501994697701274,0.15540688108796819
3195,0.012156624808339548,0.05878795148202646,0.2576125530974305
3196,0.012053903881350204,0.03773116610244749,0.17362681473582106
3197,0.012158854225529198,0.05523026952518691,0.22421894399180697
3198,0.012061164193107854,0.03568937634121472,0.15425370968557367
3199,0.0120723847086637,0.03885513665166177,0.2472361191528314
3200,0.01216991602377676,0.056787223808108724,0.19791997273085968
3201,0.012094132833658396,0.04285364420478649,0.17889798390870285
3202,0.01215366525328257,0.049617847992049116,0.22713963642979004
3203,0.01209127216312789,0.040281753114726475,0.19117484985732894
3204,0.012133808066865483,0.0486842718909431,0.247318205079171
3205,0.01208644933677314,0.03231741100168514,0.2829576015790315
3206,0.012146932217675549,0.05458584990223484,0.2235315192658619
3207,0.01207250716333238,0.03996770728780024,0.20627644012220117
3208,0.012144053581283287,0.052709134342500547,0.18356451316554412
3209,0.012063246353574432,0.03679670660185435,0.10181394107585959
3210,0.012132544580250494,0.048643265673567304,0.23594602877142057
3211,0.012058636431721175,0.03641229772054627,0.17950218538847168
3212,0.012118271683429173,0.04429977236286658,0.00990717699233741
3213,0.012213166207125564,0.0545237917849461,0.0771126502002276
3214,0.012133604240196627,0.04912973622929157,0.14982227430645748
3215,0.01214822167474576,0.053543677027561694,0.21338951349584231
3216,0.012094076428974598,0.040000755629106814,0.27501897760197525
3217,0.012312731524246348,0.07301824858675621,0.13750439198441272
3218,0.01209577074451877,0.04264854757163368,0.13616943929775177
3219,0.012119358976089192,0.041388302029738644,0.2528342059069237
3220,0.01215730952046405,0.05399015305144048,0.1784582091346624
3221,0.012080032224861677,0.044460513255064976,0.005827321613467054
3222,0.012099790652146003,0.04608090397356693,0.19231134255796611
3223,0.012023820962925542,0.02694343489960939,0.2279694191475734
3224,0.012177538082829792,0.05450636546478296,0.11989428413249935
3225,0.01209851289821956,0.038828706763442064,0.22942845835321218
3226,0.012206184576326827,0.05850598574070276,0.21886002513604408
3227,0.012066351335304712,0.03965479721480352,0.12696888536142792
3228,0.012069370904094514,0.03872343680188291,0.2789533954005947
3229,0.012061823995579344,0.03878300801014895,0.24953855388795765
3230,0.012161023797252767,0.05921075992474461,0.16857865652425708
3231,0.012066502824801099,0.038862266613797804,0.19891055311237335
3232,0.012167450623916136,0.05599794429818727,0.17119465400815587
3233,0.012019150652671041,0.028476816426834223,0.11763575332963415
3234,0.012182624789315269,0.04755941095804397,0.19663901131371261
3235,0.01207494465891979,0.033876765753987396,0.20935029191177226
3236,0.012120440055601705,0.0499366477051678,0.15114624705288504
3237,0.012210947730197295,0.05214671439597089,0.1301340425183328
3238,0.012116665506288402,0.03361463571602016,0.31974435003392937
3239,0.012048866134713097,0.029882610885092826,0.18067179175850648
3240,0.012048514784840059,0.03880764133164659,0.23415798568483714
3241,0.012068800118204801,0.0415196572920224,0.22817759650829142
3242,0.012187826105561555,0.06375238593427494,0.19653290734700316
3243,0.012059340892428034,0.04080138332837836,0.132670606209944
3244,0.012089300297163347,0.04075512350171149,0.2441981015369873
3245,0.012183398608704722,0.05080819829346328,0.15268518060360037
3246,0.012136505079044756,0.044872486097438165,0.19203460557206686
3247,0.01218398859999146,0.05699497347022475,0.20806644668683746
3248,0.012158329265994064,0.04544057010503577,0.21652312787634787
3249,0.012052640578903184,0.03450710770079828,0.2061121780450568
3250,0.012165268000806122,0.04582888072751367,0.27503520047438523
3251,0.012199617343819988,0.06069874293405584,0.17582342829074354
3252,0.012080521584110326,0.04045698999650915,0.14588033301384082
3253,0.012046891308109799,0.030434644945103086,0.21339388776433796
3254,0.012067644806347397,0.035995879772608354,0.28902813248146064
3255,0.012075785520968703,0.03978088414653033,0.24052844103084442
3256,0.012135038306814814,0.048957625373019086,0.20919647323460067
3257,0.012084744854416109,0.04285282390679117,0.14026599320075428
3258,0.012125678682652226,0.04789770090012122,0.1771975311775411
3259,0.012061974520099291,0.03494564002953707,0.1819780686596658
3260,0.012128638338143725,0.0498830910165315,0.27395377839723206
3261,0.012018559329760847,0.027486419066351988,0.1740240508178022
3262,0.012164680083051022,0.05492552914130434,0.2607186266402303
3263,0.01206095584815952,0.03432368051477232,0.23733014130845131
3264,0.012065280673082006,0.03051167748304398,0.30089941055795394
3265,0.012132650072279713,0.04424526049933832,0.1837326949723327
3266,0.01221757549307754,0.057297246934471434,0.22082943222596552
3267,0.012047079322639426,0.02998609833500991,0.16949676257320836
3268,0.012062453244428926,0.035499479711172836,0.15442657465013
3269,0.01217708026355707,0.05974158523104258,0.15927670609962977
3270,0.012119200357493712,0.032916669996616445,0.19045632451091654
3271,0.012040354592305437,0.025762443576210745,0.23872303471454365
3272,0.012071539794015403,0.030369317721596917,0.2722013956360985
3273,0.012188012644705232,0.059358490692106976,0.20661879743307338
3274,0.012079831940432337,0.034671780535253334,0.14520195699205032
3275,0.012218586581814215,0.05220179865353855,0.2609605827932803
3276,0.012078911216448036,0.033108088818555995,0.16328398798258228
3277,0.012151647752688882,0.0471649656946741,0.2121187744501985
3278,0.012142581084960937,0.03585183819605591,0.1946978005421585
3279,0.012032342038549707,0.029648959920272923,0.11451720579912637
3280,0.012193789667540828,0.05584675266997411,0.2851478916832119
3281,0.012101212761693665,0.040232461516950806,0.18738132145377853
3282,0.012171944827674697,0.049397807949636045,0.009992885445634083
3283,0.012215296250670428,0.06114258384403243,0.22655141216312027
3284,0.012151844582821628,0.05054600953990156,0.13051699282030788
3285,0.012250213753944531,0.06319229695793419,0.17889355993333278
3286,0.012166811685044989,0.04991565043729828,0.19751927187074123
3287,0.012288068311192887,0.06861024875207726,0.14772665705132942
3288,0.01209377303447567,0.04186522851564386,0.08084068482630356
3289,0.012163724563386127,0.04740176757800498,0.33876704626028675
3290,0.012151893011881671,0.05043270752527757,0.1971052916631334
3291,0.01218487426249909,0.0545385093926649,0.21012648002620568
3292,0.012146268725348132,0.047269686465151936,0.19034744838664136
3293,0.012161797765238389,0.051439098185266846,0.16496835265076584
3294,0.012150349394558257,0.04948355211901729,0.06288878575369482
3295,0.012137866379538531,0.05081530995252272,0.1823850925285925
3296,0.012179546678097411,0.05673900669017369,0.18640764934622162
3297,0.012128339214061196,0.04681554061828386,0.19763953226089306
3298,0.012269877454229264,0.0703219389971376,0.15357696274037208
3299,0.012123451564948299,0.04604185975519609,0.1562318675749585
3300,0.012164607976574891,0.052781027454787376,0.24619609707239606
3301,0.012134362429628717,0.046886889816257084,0.14784371716796688
3302,0.012194004168202639,0.05545410587154313,0.18910269212835631
3303,0.012137988968958575,0.04224567125037994,0.28539026289972025
3304,0.012209420938312508,0.06128985608447077,0.21835464634380514
3305,0.012128730888423613,0.04728034183603658,0.18055809282531163
3306,0.012165755285259969,0.048338020013492744,0.1336083342479917
3307,0.01220879103681778,0.06044668298466135,0.19458923884334767
3308,0.01211214185027905,0.04495046469816486,0.16929832228336378
3309,0.012096671113797983,0.040355785809777195,0.15109795253305097
3310,0.012190785309887498,0.056929924618939004,0.20630789236741784
3311,0.01211170263655136,0.041701100646113105,0.25157809264191416
3312,0.012147666141700533,0.049068114076937515,0.17732950372544665
3313,0.012215067857866326,0.060423524143989764,0.20805466644000642
3314,0.012156950280651516,0.0507389562032483,0.1567914244158689
3315,0.012219159011958363,0.060313395428126346,0.20751548422826951
3316,0.012212855975195828,0.06039313203808631,0.14504698239500238
3317,0.012171358207083028,0.05313961147635292,0.14975944465271085
3318,0.012204304611698184,0.044474667502335447,0.24988861061967874
3319,0.012129896212543961,0.03956423973967229,0.22007463054434703
3320,0.012233893108059295,0.05800986693396131,0.2540370917355607
3321,0.01221528630932408,0.04683798851578208,0.19872342757686187
3322,0.012192429043086622,0.041805477463079097,0.33280700700884147
3323,0.012140549727608634,0.04106418591568405,0.22688780903157524
3324,0.01216002310902423,0.04387792779718726,0.24587058844248555
3325,0.012245388985430277,0.06281985975562233,0.1495900762992884
3326,0.01217543975137414,0.05230808926279534,0.16855237356761155
3327,0.012205745615664891,0.0532025370967696,0.17788093875082897
3328,0.0121559821779304,0.04964890532023534,0.11552877470089515
3329,0.012195268765055244,0.053786109325516036,0.2290801670748851
3330,0.012174762135332442,0.053123100567997,0.15428184800138214
3331,0.012115403395908915,0.0425096517466974,0.16853591431643597
3332,0.012198846165063747,0.05217047608542263,0.2280549231153722
3333,0.012152872338413953,0.047629046935123445,0.21076551787850117
3334,0.0121646851567556,0.047162947852415434,0.23622669526199586
3335,0.012291822378323259,0.06520908131309953,0.12323945943543865
3336,0.01215649826061212,0.0457508248061549,0.15445896975897178
3337,0.012212091925648495,0.05532085363655145,0.18986752193249765
3338,0.012167646246842611,0.049083690234280046,0.1960284876748182
3339,0.012213572601423514,0.05196912585130375,0.20268504189965997
3340,0.01220577908996758,0.057797537156580814,0.12417136305692707
3341,0.012183246750534147,0.050993127852971755,0.16252650242867994
3342,0.012134946963003568,0.04253185094664963,0.16378492594035637
3343,0.012181226038059252,0.04739000113790687,0.2763015796228566
3344,0.012267526486891422,0.060997283013256756,0.18739473115436525
3345,0.012138840975174594,0.04397190244191233,0.23830841762702726
3346,0.01227259832772327,0.06527382897598487,0.19609784829556204
3347,0.012162847405509028,0.046708019330758424,0.18809894781976977
3348,0.012310930801680128,0.057708360888717704,0.21217500591868643
3349,0.012096985579520261,0.03861511445323919,0.04190838739347693
3350,0.012195673806934454,0.04815237788360439,0.25364895561907197
3351,0.012173859360421976,0.04240046081871432,0.275394911120717
3352,0.012184964683701399,0.052053991521586455,0.05613999917972028
3353,0.012098719786508219,0.04080624403654727,0.0057778745438705524
3354,0.012064123958896548,0.029643607348007233,0.2397669665259653
3355,0.012068876058687996,0.03859089264446816,0.2174650905697935
3356,0.012105298916874273,0.04049795307471893,0.20735359213382062
3357,0.012075541264217506,0.03828031190955667,0.23192636718505807
3358,0.012121555786718379,0.05112179015353513,0.1695779160115869
3359,0.012079276036543981,0.044999106060753816,0.12331605820621724
3360,0.012111126890156126,0.050745610546289684,0.1714895120768641
3361,0.012054255362589335,0.035153089653515206,0.2592848010799784
3362,0.012084234241740639,0.04077037379688954,0.2141577130562823
3363,0.012035447229073053,0.027896201590673447,0.2997367862714888
3364,0.012136106835851182,0.04855832112201158,0.2303169395186903
3365,0.012174696608632567,0.05381287201474435,0.15457172281992548
3366,0.012104704839571039,0.044171860575295055,0.22389892354852398
3367,0.01212705580433337,0.04563512112040628,0.20716485621422598
3368,0.012051023561376646,0.03371006404257664,0.20328773566248182
3369,0.01212029328346364,0.04380366221385525,0.009872467812366927
3370,0.012173315159051349,0.049907521931917845,0.2256341522001823
3371,0.012184219056603874,0.05082714647302275,0.190914637102638
3372,0.012144699619199834,0.04725717107812258,0.257697210832396
3373,0.012249555085556307,0.06729083118019825,0.15054583338979294
3374,0.012124011815177969,0.045290126905407964,0.12744201685289333
3375,0.01214106658451031,0.04308489104080283,0.2798192914068278
3376,0.012224039243609982,0.05906188607498845,0.267367943975079
3377,0.012092321132924456,0.03773324519258668,0.21627229150871088
3378,0.012166418470331914,0.049581899412242426,0.28308173972861933
3379,0.01221804076986647,0.05295650803796359,0.17763726040074496
3380,0.01222177664454221,0.06004323002853415,0.22284988301611233
3381,0.012074171487062434,0.03771071214933564,0.0389509367948769
3382,0.012164904077981747,0.05017470719688872,0.2653572511548473
3383,0.012222233818257214,0.053466464921558446,0.24809002560285934
3384,0.012190125912986134,0.04688485643644178,0.19213882782803512
3385,0.012296594878601136,0.056814274460284094,0.2353571054798626
3386,0.012169889202098789,0.04801120913703331,0.22568757875542303
3387,0.012222400008834074,0.06011266636550765,0.23384124723778704
3388,0.012121466753360174,0.045355226063062824,0.18692539756216292
3389,0.012146754031704616,0.045855062338293305,0.26907429593516835
3390,0.01221891101859799,0.060133041325982226,0.18463693947301257
3391,0.012157432223913881,0.04713028928922649,0.1905464584799519
3392,0.012224107088153498,0.052154102230248085,0.21873285578484697
3393,0.012267185438108646,0.05761251554729231,0.11222852905214088
3394,0.012218369534503152,0.050667162985416174,0.21942016927196117
3395,0.012240006435819855,0.05947814595979204,0.1983632756434645
3396,0.0121925982619286,0.050946358661217564,0.16169551664377244
3397,0.012197002272582247,0.0561022072064257,0.2587258415741743
3398,0.012102066062896948,0.038824861576774936,0.0912704960961846
3399,0.012112657756312054,0.04059165915277311,0.20074451653214756
3400,0.012233440680668369,0.06504372615956808,0.24505065048826952
3401,0.012137212897898087,0.045579651185012414,0.16730495698934825
3402,0.012213234392769263,0.05431543815939396,0.1833626999749053
3403,0.012191793253137094,0.05743184255996468,0.18116358592903922
3404,0.012103276340692151,0.043468496977599226,0.18818380629374068
3405,0.012233088108544059,0.06337396107987087,0.2955595910913769
3406,0.012161746935282271,0.04996913191479365,0.19979441770884346
3407,0.0121966550149618,0.05922028452777272,0.13781226218518278
3408,0.012181219954411413,0.05564354842132525,0.15344967805798318
3409,0.012148769291974176,0.04762423615115846,0.227406776902673
3410,0.012124361559182251,0.04199516148711214,0.19290292131175918
3411,0.012317159122938058,0.06709121750050556,0.2839795457760886
3412,0.012164651078242269,0.04682423379241111,0.1213913366538857
3413,0.012327682531849883,0.07050388973748185,0.17711497857254682
3414,0.012210978917160643,0.052780909439660934,0.17190706011368867
3415,0.012157802655572331,0.04469978614775503,0.26926612174946424
3416,0.012226023690651266,0.051092442891479205,0.25080053429620297
3417,0.012264503212750005,0.0553397568774448,0.2547947930890158
3418,0.012288012846732818,0.06383131102801691,0.21505994281911203
3419,0.01222688408652054,0.05344937461137546,0.19133818830121252
3420,0.012251726011843355,0.05070138341557081,0.2594280570685889
3421,0.01219589251518125,0.05384544259391174,0.1449766613594183
3422,0.01216637327960217,0.04632996983985628,0.2068675177814791
3423,0.012234451744693247,0.06290023319504619,0.12761791620285767
3424,0.012134522225814926,0.04203673225851291,0.17256812520540474
3425,0.012132011897174493,0.04423137327623497,0.2092439518075813
3426,0.012202700253196799,0.05728929937955083,0.2413826063977084
3427,0.012275340703458362,0.06607473673176624,0.18418602123435668
3428,0.012133661671965461,0.045692515708412304,0.16122560504269118
3429,0.012155869703060231,0.04770483813008073,0.28020834677211914
3430,0.012213098935830313,0.06196871932619584,0.16802898598185595
3431,0.012132290101184637,0.04839226340794361,0.16561322548153945
3432,0.012286812958776754,0.06720849986502622,0.03915603832519715
3433,0.012183921885003859,0.056136131519679444,0.005742005599018658
3434,0.01207476729942307,0.041078717381679,0.13228568466774598
3435,0.012179431565241913,0.05694775015854065,0.23968436318154385
3436,0.012038475879658615,0.034028824454468226,0.15177886921124753
3437,0.012066196197386442,0.035296408311723655,0.2588085546291208
3438,0.012212276154777808,0.054782554613340056,0.2235500907376102
3439,0.012068597726533521,0.035756443129650574,0.13971056456030323
3440,0.01211149535316274,0.04922443450012366,0.13887476851768427
3441,0.01206689946757796,0.03957937568401156,0.15494577714049626
3442,0.012066084560888032,0.030026476473131437,0.38484538171247085
3443,0.012270604406259527,0.061756888870339394,0.20610778042017164
3444,0.012075650210727224,0.031888847144290564,0.21478944820062307
3445,0.01203499092780471,0.030352423418098514,0.1744320240464957
3446,0.012210027833907877,0.06562729173259679,0.2596358458801426
3447,0.012179764080197514,0.0549188549057534,0.19893841855608482
3448,0.012098072852405101,0.04438449460288577,0.12065996119025167
3449,0.012035654180353975,0.03136494435051706,0.21767720818801262
3450,0.012123392047785857,0.047654363455199744,0.28038474667924196
3451,0.0120598813814157,0.03539331165998587,0.15612241594590787
3452,0.01211651501151375,0.03874078225647943,0.35002760859296905
3453,0.012071000192974734,0.028732932654859142,0.17277423539878373
3454,0.012104720772764251,0.04082812104206747,0.2823354414543228
3455,0.012163543057040328,0.0495088551609782,0.20863198238720163
3456,0.012163015699376346,0.051140356638443636,0.14172805105805453
3457,0.012112877276788666,0.03762032932540102,0.20954999594262277
3458,0.012050948478090504,0.03573580721638783,0.10073711081237327
3459,0.012089764445439896,0.04253601958180517,0.1565343930888204
3460,0.012099434867222267,0.04021953261181443,0.25855148124217453
3461,0.012058538170632233,0.031057433196823067,0.21640937008173172
3462,0.012063444770651821,0.034887362524566,0.2201581261546391
3463,0.012102608900920788,0.04471966297585801,0.23048814688900604
3464,0.012039467987925363,0.03414837851149925,0.18276232081295074
3465,0.012275212220459603,0.07381649781974718,0.1441775557183997
3466,0.012024333652614334,0.030275597192405888,0.11279859502319924
3467,0.012101833714488926,0.04703820378841442,0.2565888445232937
3468,0.012073174413331035,0.03726159996941381,0.16872851153445956
3469,0.012216872542112374,0.06228287913836457,0.21489504234825785
3470,0.01209619674270426,0.0420497992666161,0.15795469131861165
3471,0.012140378670572974,0.050710887083762354,0.18461267657005376
3472,0.012061300722374015,0.0328318264119329,0.16538713698742427
3473,0.012230466867373169,0.06563841706930487,0.17422527513591068
3474,0.012073700412274275,0.03639793762848172,0.18671324446800888
3475,0.012218291226473166,0.05880009485868592,0.15980963898239378
3476,0.012120085934290382,0.0444672685768698,0.12453379095096881
3477,0.012056401705132967,0.0315498550914519,0.25281380570602036
3478,0.01204209223526923,0.033907107666608004,0.24628095573171827
3479,0.01220030965663371,0.06145441685712161,0.38111708236116015
3480,0.012076870409341025,0.0424858036270337,0.14536576070334825
3481,0.012120087276493007,0.05014513005290906,0.21017237876687764
3482,0.012181678689399912,0.056022659209132915,0.010115635286123062
3483,0.012176932169109997,0.05443542175659073,0.2018660789948308
3484,0.01216227302028552,0.04576142887364582,0.18926026140546523
3485,0.012191436474508028,0.05192795509450734,0.27442480888568405
3486,0.012121823689255974,0.04568338625747956,0.21029108117040396
3487,0.012118997790565121,0.03981384880238507,0.20559941688009173
3488,0.012245386658090175,0.05463442677733494,0.3427651344486662
3489,0.012168395187080265,0.04857375514692296,0.13386257850464559
3490,0.012238653833965909,0.059207646417652283,0.20402076199238217
3491,0.012154995277294045,0.04554979293434092,0.19407895592330476
3492,0.01242528460370474,0.07068127301722937,0.07788249532942686
3493,0.012139698137491798,0.042326037729715,0.124692982743588
3494,0.012208603380893116,0.056219765059522316,0.21464491715652487
3495,0.012168425727321176,0.051805667702260125,0.1259511574265746
3496,0.012202316028692983,0.06120221486730319,0.13570476265455314
3497,0.012147372357044776,0.04971659625303598,0.1890345683872578
3498,0.012211492212763339,0.05984472988901484,0.18142546932654702
3499,0.01218087361022269,0.05733577271572439,0.13504455459329634
3500,0.012175634029721211,0.05435603795620726,0.1731216420782813
3501,0.012158170109878443,0.0489299996346254,0.1585051003826518
3502,0.012087056498665268,0.040551044981447106,0.07521699760533627
3503,0.012158262002332899,0.049392643613053164,0.2424088374425238
3504,0.012196520888212718,0.05570145102587767,0.22524726099524003
3505,0.01220155001668387,0.050798089663970494,0.14054865739391814
3506,0.012191639994226539,0.052669989163512704,0.1795678444976548
3507,0.012240420718440375,0.059519978715615644,0.1820762093491716
3508,0.01221795662119114,0.05810398410010856,0.12054534712502825
3509,0.012215649504115286,0.05875835831062515,0.12064142336571325
3510,0.012114135758943836,0.040802448642437913,0.23431328873168975
3511,0.012247271309643768,0.06259269782529585,0.2968288908473293
3512,0.012138189898038368,0.04364569456494587,0.16135210766875083
3513,0.012219859624243429,0.058833299137316934,0.2443530862013104
3514,0.012171391988893488,0.05110840889386065,0.1983406726459947
3515,0.01213291787479986,0.04614567250456652,0.19561067403305604
3516,0.012175743478101343,0.054860321734064486,0.1904582586797979
3517,0.0121723156361983,0.05331783915163423,0.2009993121770439
3518,0.012161265522193146,0.051979382307076376,0.20515276383875022
3519,0.012119165564531976,0.04243191244016845,0.2932097335080937
3520,0.012162947468146883,0.051416515312411974,0.2604649646556745
3521,0.012155009689806213,0.04745699319186173,0.252717971527844
3522,0.012189838212838701,0.047611224350978795,0.26475464825623146
3523,0.012131974349432662,0.04399732401361291,0.17781008832506165
3524,0.012259355185620532,0.0638503016699171,0.2067187595166554
3525,0.012138459476877422,0.04131342109444068,0.18213732500138677
3526,0.012136887724102319,0.04041206947600304,0.3179145548923948
3527,0.012309403013549642,0.07283593437927342,0.1525497751226498
3528,0.012152660436773446,0.043949447281522745,0.15037235137088054
3529,0.012185278789486016,0.051381352833950455,0.3478129808724079
3530,0.012190691612586102,0.049716252200292826,0.06606933387554055
3531,0.012409485246707928,0.06508142962335894,0.13212945708896318
3532,0.012195791579152305,0.04897718599128476,0.10791195032922091
3533,0.012114232070661072,0.043968184355865976,0.2046628810028823
3534,0.012148770202583778,0.05085824658098917,0.20627045472377556
3535,0.012156580538245093,0.04211267858483612,0.27573459584264715
3536,0.012106940649029336,0.040092822214340344,0.21137617989352586
3537,0.012195036277702551,0.053323959349321264,0.20964320603190964
3538,0.012156547533952325,0.05244026459231283,0.17152778919046036
3539,0.012076861242141967,0.042337965672598135,0.0058150002294789435
3540,0.01210408007173941,0.04693446604657126,0.18848096680046092
3541,0.012062706900152063,0.03565167745760882,0.30553626097203757
3542,0.012029315733878996,0.03292674218816437,0.10745858252690767
3543,0.012148050911174251,0.05266064895205512,0.28086560381636344
3544,0.012094869410988552,0.04545025966531658,0.1354759825230526
3545,0.012070826729747148,0.04200848680180621,0.19431550353590582
3546,0.012121241717222111,0.04820389291095283,0.2173558835866288
3547,0.012103106612082259,0.047765071806634876,0.14840431246271005
3548,0.012045938516772334,0.03425362005730377,0.11950755449608086
3549,0.012133533139018157,0.03824919870926816,0.3621024203396842
3550,0.012015668826541275,0.027696398264306005,0.15250740549820918
3551,0.012117431112735605,0.04294666451579292,0.2869714792194337
3552,0.01208933707101506,0.03874233692693095,0.20519221135786864
3553,0.012119023232903295,0.047504031319731,0.20862625079884034
3554,0.01208187518337491,0.036669126910022526,0.15981480712048304
3555,0.012109348953828555,0.04204294869828236,0.31094214329295305
3556,0.012275681351539898,0.06399657237602051,0.2782044563205624
3557,0.012059218732856323,0.03130895931028993,0.1881190326358952
3558,0.012124706072535064,0.041129961979884805,0.00979097544489159
3559,0.012106683676136668,0.04264077327883958,0.2639772795499717
3560,0.01212853373610277,0.044250761276016806,0.182447775712394
3561,0.012161165373620489,0.05111481118654258,0.20571523996937324
3562,0.012163794307821493,0.053827127763170196,0.1531008974947077
3563,0.012171389819831365,0.05361553117410625,0.18423422792182823
3564,0.012150663295635472,0.04750124715411289,0.20444610746965758
3565,0.01216191044348756,0.04945049819403403,0.22319296281730666
3566,0.01221335079699173,0.054222064962633654,0.2024727850557993
3567,0.012176552420903361,0.04877632786301727,0.17121794343736027
3568,0.01217964795333167,0.05011621132130362,0.24382520454475218
3569,0.012218853402265547,0.06115093177852211,0.21412925534743127
3570,0.012140405572126091,0.04916323057233117,0.15277000093418677
3571,0.012097711468783865,0.040632929326024754,0.10435334694274216
3572,0.012149012397958753,0.05009581186345087,0.2598277828576176
3573,0.0122167060103832,0.059252430842767025,0.19129951715298557
3574,0.012115561890104315,0.04529491255722798,0.15392320171934537
3575,0.012163620774432343,0.04880416656658324,0.3193888455340428
3576,0.012113305122791176,0.039066440399712236,0.12472890602261444
3577,0.012185523562324538,0.04953457409975233,0.31558598729230847
3578,0.012181511047883918,0.05357314967218077,0.1864502638186024
3579,0.012086139067687632,0.03781477585403842,0.13594800454120398
3580,0.012143290953941104,0.04713228218161828,0.2960878074439953
3581,0.012219024519191771,0.061762755175074284,0.21248183693524997
3582,0.012177659453089401,0.053331433385058545,0.09879326191670657
3583,0.012155248883553064,0.05350189998152538,0.16536787838576972
3584,0.012114887753767819,0.04401625969293115,0.2519541820528525
3585,0.012111081969925568,0.044932569877290635,0.21588066220540988
3586,0.012280655238110201,0.071675644499863,0.1371717546328336
3587,0.012082536715533788,0.039474979644320576,0.12176425167044742
3588,0.012083847357029909,0.041000350919214744,0.2777336348299088
3589,0.012136402247436995,0.044883783428689115,0.34161949979741035
3590,0.012200450888549152,0.059909314224102256,0.18065448847467952
3591,0.012187926309600755,0.04906165735167228,0.14580724045314095
3592,0.012334209505320007,0.054055930200628564,0.08089489823462971
3593,0.012118985455629857,0.040382226184751506,0.13725142978589883
3594,0.012151632135762097,0.05017117701631787,0.3511467732235507
3595,0.012168406546957663,0.05481340071042321,0.16240246693642915
3596,0.012154893653207507,0.05529085625378663,0.15920399890978515
3597,0.012117293947034856,0.04141279951647431,0.20793052587347358
3598,0.012205500470950408,0.05989049733284786,0.29104552177578674
3599,0.01215683766266139,0.0523812344622507,0.1409554034199433
3600,0.012223085732935922,0.058752860104571494,0.2101521136492354
3601,0.012186537459772469,0.0553544013753605,0.1519333798693006
3602,0.01210618622905608,0.04638523656828545,0.005901302206244147
3603,0.01206301074466762,0.03999456123172109,0.17931978054996628
3604,0.012086622536197933,0.03955841976274102,0.2182882337497639
3605,0.012097304202484777,0.04474723633134377,0.04226939849222917
3606,0.012065513179890346,0.03985640197422604,0.18798024562948284
3607,0.012046400021318475,0.0345578217686243,0.1864665834492512
3608,0.012101125571861366,0.04239753363783822,0.24180007906050283
3609,0.012470908830869794,0.08654534515077399,0.3025303916535293
3610,0.012082130249488333,0.03286814409441061,0.08840238528311495
3611,0.012243312830105098,0.06615712929929791,0.30125107103116144
3612,0.012072135038804327,0.037929147608570184,0.12442377412754178
3613,0.01215230071082082,0.05174729656467924,0.34630776418062437
3614,0.012065238093369256,0.036550780774111155,0.18283103148396984
3615,0.012147455693040684,0.05359995169058334,0.23091694982086036
3616,0.012097145391187274,0.043470593081831335,0.1398117734200473
3617,0.012080148151585413,0.03976484274749732,0.21801251267862914
3618,0.012046834262098653,0.03629632387814902,0.17018850103307182
3619,0.012075056070012084,0.03639809868847929,0.2742960877878433
3620,0.01212714520663985,0.04379593098150957,0.2572184060385029
3621,0.012074602059857427,0.034182362274444655,0.19483273839824355
3622,0.012112481810357765,0.04365383145930103,0.2574116996135291
3623,0.01204984995979596,0.031892318473631484,0.2503579568727623
3624,0.012219409227761283,0.06416239173878875,0.16907774077793802
3625,0.012072238626617488,0.033366092524058796,0.18691631357020458
3626,0.012090747093089906,0.04079994214092726,0.1871545139249652
3627,0.012050407956583381,0.03384260963736723,0.2523564927829227
3628,0.012163554826996659,0.054967261092526525,0.24436597964269968
3629,0.012107588615348873,0.04517217283428191,0.15666694950071824
3630,0.01213278273061031,0.04051359062327432,0.20668845062508673
3631,0.012149837245054118,0.045881881209017636,0.12947539488609008
3632,0.012089995214939002,0.04578125054663939,0.18879587556142688
3633,0.012184289894603935,0.04984527464318786,0.24509103800834742
3634,0.012005863022375388,0.025851092191301907,0.10299298538542592
3635,0.012092819941867363,0.043389576059491106,0.28680210102846027
3636,0.012134702436010796,0.05053637345174781,0.19200232404060136
3637,0.012058192074058633,0.03867397625374397,0.18546981041202404
3638,0.012089388642417048,0.04352995387636353,0.26718272388676256
3639,0.012122805813497495,0.05205239790702866,0.14128090000651708
3640,0.012051976091618356,0.03555065284355138,0.17805182988836074
3641,0.012055206604548601,0.03313847285205117,0.3044238512793172
3642,0.012302839579274066,0.07822482997973051,0.16584594125698107
3643,0.012004298897463744,0.026272513604265555,0.0876823703331942
3644,0.012085320275429653,0.043259997327780825,0.32838903115493595
3645,0.012134624812256078,0.045154967349336016,0.22448932500069194
3646,0.012165457392626658,0.04571080741260619,0.1893319287461188
3647,0.012101368745498275,0.035483019934059196,0.29849804315941786
3648,0.012090193445249104,0.03914241505591648,0.2567488977819648
3649,0.012091905206827612,0.0401709876504759,0.24316845043690472
3650,0.012132423735511957,0.04934211703106225,0.1483423358229404
3651,0.012077836133052954,0.03629384921555567,0.22981064796142678
3652,0.012114062553382392,0.04039858775312116,0.2953399571191361
3653,0.012194860233803624,0.05549812049403664,0.19529945952074623
3654,0.012171163927837642,0.04996182877791291,0.13045005189037046
3655,0.012142255705665314,0.049965478046608294,0.1358196974089473
3656,0.012094144375525584,0.03678302269929587,0.17796046516538286
3657,0.01212193144839981,0.04765068735672756,0.24528347201178585
3658,0.012206683000652035,0.06119622556697637,0.05745918846224593
3659,0.012054983198555492,0.03650502955254707,0.13006573695989507
3660,0.012121362304747477,0.05170546063003142,0.20769712303319554
3661,0.012185931911774943,0.057851539529280675,0.010091166655017017
3662,0.012161527103088756,0.05470919961376594,0.1548633965472217
3663,0.012165392690069575,0.04867660585579722,0.23838909830183636
3664,0.012237063506867565,0.06393222529522301,0.15409837313486024
3665,0.012154820159839085,0.050069306831247315,0.13920322869979043
3666,0.012189478470187132,0.05449034187195392,0.24903870039980183
3667,0.012117675535005796,0.04543401831451891,0.10120135605821505
3668,0.012224510104113072,0.05521483689501336,0.28530799131741186
3669,0.012110514834504336,0.03951505534949769,0.24466786271597496
3670,0.012140716316869134,0.04335796379769198,0.32305857960794493
3671,0.01212502052403637,0.041688324275790244,0.20852916695081686
3672,0.012113665742142532,0.04500612744644199,0.15420254676912937
3673,0.01214976555928098,0.044130836233527225,0.30624152190842685
3674,0.012194682833584406,0.054762604881194436,0.22313430215790908
3675,0.012091526335667888,0.038234409293507826,0.1949456914744646
3676,0.012213051783068083,0.05198811836365263,0.19812863781760917
3677,0.012085055914090495,0.03806729736772588,0.1622253807809639
3678,0.012201352083294053,0.057139640739339755,0.2652152576036702
3679,0.012136381101145715,0.04855040250609536,0.1980120769652509
3680,0.012138003285322888,0.049113778713955766,0.20264196046398808
3681,0.012121347989600108,0.04323356437206816,0.24546360662897754
3682,0.012341713305210646,0.07749129890142144,0.15619482310069394
3683,0.012128870839915061,0.04376626738510257,0.12878795628260697
3684,0.012202314692875013,0.059564218661780015,0.2696162121608265
3685,0.012133804885816933,0.04836570255975913,0.1764684152622966
3686,0.012259532651647339,0.06671278637400004,0.20376485712013945
3687,0.01210196821997733,0.04362740515842156,0.14337816174249587
3688,0.0122022076950209,0.061533123921691184,0.15795298079658585
3689,0.01215826405826323,0.051254637719653204,0.1706808291191965
3690,0.012175729509904342,0.05509698863273378,0.1928244123453513
3691,0.012109940546322459,0.0430389787733847,0.14872080017811937
3692,0.012217566577629534,0.06241299166850332,0.17780571584544633
3693,0.012183770024609653,0.04886356434870428,0.1484832078349233
3694,0.012134312169297482,0.0446678997085626,0.21473992918841028
3695,0.01215598905890859,0.0463868585350603,0.2907722583151156
3696,0.012203190104754586,0.057937232836080314,0.16778758313655542
3697,0.012195028258117607,0.04964324795018574,0.2453027078716728
3698,0.0123255815124959,0.0656214822922243,0.2027232562904605
3699,0.012182807696236041,0.04958092168177558,0.20572656565043998
3700,0.012191960226510942,0.05393314158532545,0.14685636784047262
3701,0.012157047162146028,0.05034994480093938,0.17503203573059092
3702,0.012152763654876933,0.04713300888915689,0.2193793096703121
3703,0.012252193440840978,0.06073408909440862,0.21023395076663004
3704,0.01220056072731262,0.05625304718849827,0.13231753832131457
3705,0.012221968130666493,0.06187085616004355,0.0933635963738321
3706,0.012160251658599366,0.04989694806040233,0.15440331116278525
3707,0.012175613100697731,0.05359157338276877,0.1610761238360399
3708,0.012152372071440324,0.04798394360036398,0.1936619599246978
3709,0.012168270571824914,0.05549456541363323,0.16235012126008816
3710,0.012100423752510765,0.042580065122003664,0.16200476933699623
3711,0.012224413870801237,0.05197744965145969,0.2328256841080119
3712,0.012199765296954254,0.053385919017997524,0.22458052376583398
3713,0.012254850660883923,0.05846005518889291,0.1295649637706069
3714,0.01218595492454876,0.054166942418630584,0.14770622723355034
3715,0.012228505780777355,0.05903324845635138,0.1740114235154381
3716,0.012206920509131377,0.05015602452345814,0.21094237994540496
3717,0.012175143741411628,0.05375070428325887,0.12423876861722023
3718,0.012174877574229708,0.042325923084414505,0.21357374125330775
3719,0.012487335779355365,0.08305087001467085,0.21374621906888808
3720,0.012193365327606669,0.04568150957097663,0.12671796946468766
3721,0.012117665105676386,0.04255231991724347,0.17325578797894092
3722,0.012274957190965231,0.061424241003517156,0.215515230362461
3723,0.012132821003020558,0.04717384001108782,0.11080956069520986
3724,0.01212156266314647,0.03965531372795652,0.273177643893939
3725,0.012257235835198096,0.06438649204130312,0.17953496900707475
3726,0.01213905947739849,0.045754492238407135,0.21388734743701243
3727,0.012175814758947082,0.05016587398142477,0.24581281966013901
3728,0.012210605068348462,0.06143671510200806,0.2439403961826964
3729,0.012166438636697769,0.050708949956115856,0.1363011733722699
3730,0.01210009351002938,0.04323016670375609,0.005896300597839576
3731,0.012090715213849516,0.041676065335803016,0.16495757670250227
3732,0.012057235172150347,0.03255597199659907,0.27552979629010343
3733,0.012098984410754408,0.038308025208946016,0.31615232020750195
3734,0.012200978413899534,0.05542872066249027,0.18343240160404103
3735,0.012120121404186734,0.043639716578590775,0.13721579862367309
3736,0.012111573857723892,0.04303946037637347,0.2528794798395327
3737,0.012070292716426087,0.03534432120083495,0.24294991776917643
3738,0.012126604609917479,0.0384381696599907,0.13099120123020883
3739,0.01206019525556937,0.03974901343916391,0.15807451438829434
3740,0.01213075118096504,0.03740886143823993,0.05332257401821684
3741,0.012175252633789211,0.058457606363528904,0.17211371575607387
3742,0.012090706982175225,0.042654991960276764,0.1488348558398984
3743,0.012110764716930419,0.04915327841913804,0.18767469878416926
3744,0.01211280250861774,0.051448810953954295,0.17902019178709067
3745,0.01209865157134517,0.04604057745628157,0.17469520062272076
3746,0.012079225379737388,0.03971415336855281,0.14388722963707676
3747,0.012053089733749862,0.03043393024594571,0.3044056214651466
3748,0.012159415999193304,0.05312437088530842,0.2665932505042999
3749,0.012097739399380407,0.03677370236098468,0.18769220115339533
3750,0.012064624183902943,0.03447521941751731,0.188070329202092
3751,0.01206865929752227,0.034830504393048654,0.2398776733041724
3752,0.012113834355533329,0.04447936108775339,0.23018897317502707
3753,0.012080442235279577,0.04069703867823499,0.17283860661510703
3754,0.01210514491511733,0.04051303778471865,0.23386933248670855
3755,0.012100916388738413,0.04288194149634451,0.18547328012503142
3756,0.012186204965292087,0.052979583534220075,0.1575243752260694
3757,0.01213689567503469,0.038087390852271974,0.24328746399100562
3758,0.012238349805293416,0.05953870333205443,0.16421082325845388
3759,0.01218350929302603,0.04549755036172535,0.2218227964330398
3760,0.012089248876383074,0.03893835350878699,0.21863806425728122
3761,0.012085651763043482,0.04081406868549109,0.26527803989066584
3762,0.012088350175089484,0.03931334892985231,0.20723593357657707
3763,0.012157255579026175,0.0344057655144954,0.34870339874214507
3764,0.012267328885172884,0.05874005600318203,0.2724045872988623
3765,0.012129465780489004,0.03948666311875991,0.14610238597175718
3766,0.012168770568489536,0.048243000092959294,0.2833984938833089
3767,0.012121624015280351,0.03801410240973462,0.2702176839397029
3768,0.01203376908115628,0.025331219426300972,0.20532986035771944
3769,0.012154604350291472,0.05146404000863363,0.1702490543820367
3770,0.011999958500032765,0.023800939667928,0.07211632198650131
3771,0.012070456306903486,0.03676038630073079,0.009895121907707468
3772,0.012173721939538968,0.04810464194149972,0.07501174632730505
3773,0.012219846987211186,0.06302314818871846,0.23949561008345036
3774,0.012103685638336569,0.040387477271831354,0.16177790038420306
3775,0.012159813848507381,0.04343790332893688,0.30588929203840426
3776,0.012148382318865194,0.04249577327864982,0.2560618712262035
3777,0.01214596366280652,0.048566117303700335,0.25529866550630775
3778,0.012183383967240414,0.05660509051533295,0.20305536766999133
3779,0.012167262017864175,0.05347514418243222,0.1506161896691908
3780,0.012133068382694675,0.0443720336535921,0.1565432117902737
3781,0.012160229844842128,0.05173653277601939,0.3308000404477043
3782,0.012138019674550457,0.04696055933854803,0.19576265644282567
3783,0.012177407878599349,0.05201864308750544,0.20240803280629813
3784,0.012196689679101277,0.050879794558414855,0.2028181142794606
3785,0.012135744437954411,0.04860577306672277,0.16921278335511566
3786,0.012202551600401632,0.059796255511967634,0.21210980130972842
3787,0.012105997288372385,0.046402477864518996,0.16244624861991908
3788,0.012211758157420727,0.0636678839288517,0.2137219735347502
3789,0.012120146824174165,0.046733027824951284,0.12186940362940829
3790,0.012199421498358658,0.05473177152884133,0.13955145769029376
3791,0.01216392850007157,0.05408437821159611,0.1612911617781646
3792,0.012159692211157314,0.04947389699113571,0.22214935527470997
3793,0.01214791614401131,0.047376765551626863,0.1373387665825008
3794,0.012143918318671293,0.04075870465460408,0.37908577087455947
3795,0.012329730827802494,0.0675764846188357,0.2745748592005859
3796,0.012150993035155941,0.043726231384305064,0.12022395019257111
3797,0.01219281695296453,0.04937259497031875,0.15976663044760794
3798,0.012224486407196323,0.059166802132622334,0.2336617696421749
3799,0.012148950948103355,0.05182934146189923,0.005857649461782412
3800,0.012068867856793229,0.036692816296559655,0.22079869093440938
3801,0.01211956561190439,0.048351137819456616,0.1551560926860179
3802,0.0120865860247096,0.043409705752259796,0.1555684507937206
3803,0.012078675857910857,0.04283890042702076,0.1684147684992669
3804,0.012027234931698256,0.027284193522382257,0.24162506740865003
3805,0.012127150340696419,0.047376713315997805,0.3226325761148374
3806,0.012047481171395105,0.034706390677209424,0.21418924955432572
3807,0.01216738787066215,0.058520507575146985,0.2138078575215299
3808,0.012089355239712662,0.040770131434059394,0.16956946930965805
3809,0.01209044401949259,0.03965977894830441,0.22046644518743722
3810,0.012100373665154145,0.04172284240226684,0.2426892976661918
3811,0.012096257972747841,0.040132357620228216,0.19261504424306683
3812,0.012223797247159003,0.04932174934642578,0.35484476077916705
3813,0.012041641853422205,0.030550623787365002,0.032163266395859
3814,0.012242298409941822,0.06491758374589199,0.19632747824979105
3815,0.012088836159968492,0.03845099897333269,0.13868805062824488
3816,0.01202667433851658,0.0321078113030366,0.21658873330408332
3817,0.012157506201343383,0.05965403098386252,0.16200912850612256
3818,0.012029476302522588,0.032915409992621415,0.11736672620565915
3819,0.01210952636992969,0.04988177421733289,0.2352689434387396
3820,0.012044833006619167,0.034907805682873876,0.18271128065468406
3821,0.012095986700488481,0.04119272834676397,0.3243380439809148
3822,0.012136770597077908,0.04680424213516777,0.19109599890885365
3823,0.012110647863496702,0.04893755114105591,0.12003932690482254
3824,0.012091523951602123,0.04722737949657838,0.15455347105520917
3825,0.012090447062040653,0.04780005862873273,0.188767498587413
3826,0.01204302550484716,0.03065218818071303,0.12159512161854419
3827,0.012217386130922889,0.06404868496447372,0.2629255989082065
3828,0.01201427627004262,0.027294282965215872,0.13833292079065684
3829,0.012102126409329414,0.04578978883800823,0.208748805094665
3830,0.012065769332984321,0.03378242600268859,0.21086963942434922
3831,0.012131718190704039,0.04364782116850594,0.2317561200444171
3832,0.012032890972903826,0.03199828242576611,0.14992839116628334
3833,0.012058965746566995,0.03332863920955917,0.28906238504812426
3834,0.012037372007783225,0.028966441651853143,0.15391322371310034
3835,0.01215347046998692,0.040427489534479354,0.296969768460121
3836,0.012055160323029277,0.03541697775843459,0.19833921092313814
3837,0.012251693323282978,0.06310451493749798,0.21217406616108156
3838,0.012125614620324379,0.04501763365602613,0.1298132040384961
3839,0.012146806557990303,0.05415721457254471,0.19578653942260724
3840,0.012115744961678106,0.037193896513362905,0.21685128838453002
3841,0.01204067015392946,0.03323271383037184,0.1850151472177315
3842,0.01210809857405119,0.03913557928927939,0.2695297655634214
3843,0.0120642240944064,0.034903805927152226,0.23587228509026265
3844,0.012010589382289915,0.024850216441715277,0.14475246588277357
3845,0.01210924480391873,0.034643257316436915,0.29363609541201613
3846,0.012123664035196446,0.041804872096888275,0.22700338082282806
3847,0.012196556583444065,0.06048593723107308,0.15574704290347008
3848,0.01203743143553584,0.03352317029623375,0.0955594611234082
3849,0.012057863791676452,0.030597555855531918,0.24814265328331267
3850,0.012034483322899484,0.029611426423880042,0.27300649132351457
3851,0.012182458191840164,0.056414950314098045,0.2769407279891432
3852,0.012068768847502968,0.034456612418223835,0.14829615477884142
3853,0.012060170854081355,0.038303735760242055,0.16723438584304895
3854,0.01205885636105963,0.03733819458784251,0.31546221677770725
3855,0.012081880224596357,0.04189191366725043,0.24411977114434225
3856,0.012051654591489724,0.03198116744557961,0.27223030989038505
3857,0.012104371158936861,0.04698096452865068,0.11582785346797438
3858,0.012142464909968096,0.04912010569552616,0.009639153343733822
3859,0.012134548298703977,0.04900746999069405,0.15611233283329468
3860,0.012091310347101071,0.03951815319638868,0.23127421030728498
3861,0.012185450369603995,0.051944368453194105,0.25604011832021817
3862,0.01215313889144605,0.05048655866174286,0.1586111491069991
3863,0.012103859584671145,0.040579812551481374,0.21299247097821947
3864,0.012178812660061232,0.05338054104179437,0.18529757772309174
3865,0.012166551013548762,0.04308619193224641,0.1730960941611524
3866,0.012113260317339091,0.042153150982454826,0.27971727777934474
3867,0.012208784830411528,0.05839698533265473,0.29591153755802013
3868,0.012161340357205123,0.05013260063664223,0.1958175304737118
3869,0.012138047985805502,0.04773283839712181,0.22368362236674594
3870,0.01217203936215604,0.04711911315312362,0.2382420147887173
3871,0.012133194842697061,0.04518601446465863,0.16178084086355293
3872,0.012174534823791116,0.043109140545610075,0.20706564964558152
3873,0.012327283586107842,0.06736328376458192,0.24379994650170037
3874,0.01213225970517764,0.040886636612342576,0.1759587409128303
3875,0.012251950725133253,0.05908717594858002,0.2671054613550531
3876,0.012113536223146459,0.04217203785957861,0.17921538116895033
3877,0.012186375853831255,0.05312786072307537,0.2964728234837796
3878,0.012186999375906584,0.05232324662537455,0.2059049422585706
3879,0.012263629213870147,0.06675822249228452,0.1919115475945743
3880,0.012170202996495039,0.04908790341096887,0.1640595085991908
3881,0.01215680815467171,0.052159990972628606,0.05010708238903033
3882,0.012123143434560587,0.04902915502687113,0.16595517643482427
3883,0.012165182528425937,0.0449260854079929,0.16575101928016922
3884,0.012098111592161474,0.03929479266236949,0.19113157891442079
3885,0.012139049893323683,0.046580702295579854,0.3196586034111367
3886,0.012159785648644528,0.051652093654149786,0.2785158211081595
3887,0.012195712021031204,0.05617392816897405,0.20370939665183127
3888,0.012149950877926568,0.04878346337593832,0.1370666398132252
3889,0.012173659424664536,0.05286081751531888,0.2567594016689487
3890,0.01222742216633967,0.060018867692931,0.17306458166706426
3891,0.012177991461318904,0.04977068170439143,0.1961765933587907
3892,0.012105363502666736,0.04107716145343325,0.005908060767550843
3893,0.012116061814764883,0.043151912905014626,0.22719563845062968
3894,0.012160913814444764,0.038721321099408026,0.11827716015316586
3895,0.012083505025253658,0.04164391525618304,0.17722008955296428
3896,0.012143248348129038,0.05233142106720617,0.19630090567750982
3897,0.012047586748890348,0.03860664218558636,0.1776636706582557
3898,0.01212218639345364,0.0515202278636183,0.21269487132148474
3899,0.012037224672188943,0.035160507929856526,0.20510889710609254
3900,0.012139719987766907,0.05436067217125158,0.17619029261571653
3901,0.012079350544177766,0.044154822702745275,0.1492927363414127
3902,0.012057645177123537,0.03829404568867534,0.20223909170294466
3903,0.012138443397374181,0.04510100688920476,0.22203297011355794
3904,0.01207226571739186,0.029149969989424585,0.24311401054644632
3905,0.012183429064668348,0.04668878522241685,0.4561648755643554
3906,0.012124713333815849,0.039182970482520244,0.18734065540488534
3907,0.012043471447865883,0.030268062876903038,0.1541323956257216
3908,0.01215793234059429,0.05291717557658714,0.17338040046372966
3909,0.012060970552362908,0.03800693728129655,0.1645895238845765
3910,0.012097391518472209,0.048216839190302306,0.22504574542662983
3911,0.01209179492294532,0.04478764466111951,0.22922632538614354
3912,0.012143048042460419,0.05612128278999105,0.15817992248166796
3913,0.01204782045344486,0.03475353437934231,0.20421340815945382
3914,0.012125340663518287,0.04782777974034449,0.20882485685576938
3915,0.012124558406681621,0.03733951219729188,0.2241714868204982
3916,0.01209110723750102,0.03473239233596609,0.2302781447526468
3917,0.012193381555703832,0.05115669593004949,0.24138881592300615
3918,0.012066565608896067,0.034521402798030856,0.14486025933075608
3919,0.012041622536475966,0.030533467801427846,0.20703368036593048
3920,0.012051696009379652,0.033754471532360976,0.2623640245072732
3921,0.012120316207426474,0.047592274771113594,0.19463312047391568
3922,0.01212456665446046,0.04993754904026174,0.17764250715707894
3923,0.012080414071354378,0.04028050995829615,0.17482480035668113
3924,0.012118915676569987,0.05338468456808451,0.060477509304333175
3925,0.012035952814398829,0.03591353663425548,0.10942745899849583
3926,0.012072995405070676,0.03312963285654162,0.23236297944572498
3927,0.012215966882428824,0.061996942711355967,0.16629835520844208
3928,0.012067311106356135,0.03727240492188755,0.17191100733639764
3929,0.012128662319981588,0.05216191449553428,0.16653225077817915
3930,0.012091674133121314,0.046309725962463834,0.15712328582774168
3931,0.012139172288210636,0.05075047796470584,0.13153160079029277
3932,0.012049965693701627,0.02938569634322974,0.3403656332675499
3933,0.012094248609838883,0.03651297763503903,0.3669815445031957
3934,0.012111097666375418,0.041617817158049124,0.21629149985562754
3935,0.012205145761583611,0.05938869804892754,0.1960948439891976
3936,0.012123484152447484,0.04439716747040786,0.16255365233937166
3937,0.012167071291860372,0.05632770053376201,0.17740763829622203
3938,0.012066276648933253,0.03348622536450991,0.2165745410821211
3939,0.012230542072273394,0.062358752221180015,0.23545929771624585
3940,0.012214249597028317,0.05859112642374866,0.20655846453210663
3941,0.012026237143978801,0.02836020870866449,0.14937982143123132
3942,0.012240246684411172,0.05755479308938258,0.11599782464053983
3943,0.012155287719542147,0.049747090776138994,0.13357037766853985
3944,0.012101189893368485,0.03661717929507252,0.1920357599748596
3945,0.012164817026353159,0.04497548453395733,0.009890258935266894
3946,0.012154106909711816,0.04203076258723886,0.2736900030221311
3947,0.012122506339660468,0.04567795348352901,0.1492435412887916
3948,0.012182106429881726,0.04887180347504976,0.24445085345764983
3949,0.012088851335297145,0.040136626582962076,0.23302196853112628
3950,0.012226814697126179,0.05700081348932923,0.28397904335133617
3951,0.012199274888532473,0.05984653818396972,0.19348910303439207
3952,0.012149780699418756,0.0424949110532795,0.14239020525134474
3953,0.012396720897236315,0.06886399467975116,0.1350790846997493
3954,0.0122379935166613,0.05272300287403855,0.15841049557847825
3955,0.012213090910999834,0.057804661986436676,0.21477534131167444
3956,0.01212343965622016,0.041125150977096264,0.17837576748202735
3957,0.012153569678581957,0.05066676444818137,0.24067510316643298
3958,0.012306366243281096,0.0709414691603758,0.14833760141453795
3959,0.012134755803526541,0.04532284086464562,0.16644727401081577
3960,0.012131527493527429,0.04748654693513981,0.23860972077640763
3961,0.012268392414338214,0.06329902696440691,0.2247008505161839
3962,0.01208648090237295,0.03746637039122577,0.046966416765577
3963,0.012206930664379122,0.056153736015592565,0.20734742454715036
3964,0.012156553410995207,0.05296672358518186,0.19441757943555898
3965,0.012183693311364395,0.050248119699803355,0.10392860141364309
3966,0.012252230008257113,0.06573349960734733,0.11902958934205338
3967,0.012121316824895837,0.0447236419510275,0.18713905262368505
3968,0.012251241051365748,0.06810183427511485,0.13335121736464042
3969,0.012132437491651715,0.046626538873268474,0.15993869992705068
3970,0.012160556549539096,0.051862253585820084,0.26631044348308064
3971,0.012220609567912561,0.05242632305628816,0.19588866301341804
3972,0.012084503850282953,0.03950470466709977,0.13372385992552713
3973,0.01215729952936361,0.04985528383708306,0.2626432066798627
3974,0.012168421321965155,0.0549766325960743,0.19298319328557315
3975,0.012142466736929262,0.052744140137571054,0.14471139650716291
3976,0.012174736296290284,0.05756828887582328,0.17996713249554486
3977,0.012167136540241322,0.05307386442513806,0.12511458326735617
3978,0.012189263326220405,0.05735826541610543,0.2534338751245429
3979,0.0121660692335128,0.05363794192773772,0.16873287477666454
3980,0.012224698213305957,0.05602621245782777,0.2479362924547148
3981,0.012127532060864676,0.04527967981885376,0.22046880560979776
3982,0.012151545277221338,0.04827951214897272,0.31256166168809446
3983,0.012162613316651324,0.04549389025316983,0.2710983660333389
3984,0.012271240874244877,0.06704023857342926,0.2589168385634924
3985,0.012156207256510024,0.047138291349297506,0.09140990720085167
3986,0.012214507984760847,0.06357847115289673,0.14861732280158602
3987,0.012106759231833396,0.04122012603735881,0.1718502393692676
3988,0.01218814133575616,0.05780297290818381,0.19621908292063678
3989,0.012147982568092894,0.05016503002043851,0.17802320377814
3990,0.012151372079192155,0.046887725648759614,0.21016128758824948
3991,0.012290610370742135,0.07119708670072745,0.1693190556186417
3992,0.012127493544732417,0.04686471968387948,0.10299073945377218
3993,0.01221720761989076,0.05938633145985374,0.21994106407946973
3994,0.012115483342772891,0.04467283530634734,0.048752637339879376
3995,0.012273701299013803,0.06769431550292769,0.2066302273002542
3996,0.012114294232915648,0.047506129952750276,0.13818084573516973
3997,0.012246328842075035,0.0645151545255824,0.1715036745802058
3998,0.012135381424962507,0.0482594372411262,0.20104103635784618
3999,0.012087955835942852,0.042009921454049116,0.17033903843384288
4000,0.012114609247574912,0.04403650000646752,0.17333546560238564
4001,0.012162615920043293,0.052608551855196146,0.26843869398907044
4002,0.012125251226827788,0.046227554967621674,0.20563609074252912
4003,0.01220500786315911,0.05670881268233594,0.2383297768582933
4004,0.012147972576993907,0.05027141647369667,0.11945585162222773
4005,0.01220852437116086,0.06257832183579892,0.16533263463569195
4006,0.012115603183424795,0.05188237792948866,0.005809327833799616
4007,0.012041037179853595,0.033639163415247544,0.22250479265825648
4008,0.012001777187208506,0.023654743772405767,0.27219059402741647
4009,0.012124968270664846,0.04906380023522729,0.18825335364094203
4010,0.012067368036355944,0.038282099406554596,0.20161780883166014
4011,0.01209971508415056,0.04889630758457943,0.21817385414108217
4012,0.012122147184218019,0.050823175901752934,0.1355978555362166
4013,0.012100951106928937,0.04523464264339192,0.19172610314164468
4014,0.012149658405193147,0.052839690474110815,0.14653318529463746
4015,0.012105170641635266,0.04262255942379991,0.19932111854856274
4016,0.012045327461267406,0.03551289781572812,0.13091614884536268
4017,0.012094188284299052,0.04007926695369874,0.24698618816398918
4018,0.012045314890569526,0.032587904808025626,0.29378065979908846
4019,0.012201450307337316,0.0625043178648499,0.2171583922460766
4020,0.01206604572797644,0.039226372224929855,0.1025046331249029
4021,0.012129183574593666,0.0549691271684613,0.21981891754859278
4022,0.012064389889636476,0.04092687444078263,0.17454755884665454
4023,0.012079147995362154,0.03794570466764087,0.21022742431130442
4024,0.012148861002119404,0.05566558657052099,0.2480189367636713
4025,0.01213737337861064,0.05306126233549715,0.20205918133964412
4026,0.012041662985639672,0.032124724557871395,0.2771075727086257
4027,0.012157294735237563,0.040572113682492694,0.27470386485852233
4028,0.012119408381859851,0.04777303188604767,0.21055201066772103
4029,0.012072261926310513,0.04178200609821517,0.23554951519565734
4030,0.01211790994316457,0.046152676856379304,0.1041030113956229
4031,0.012071300441618537,0.030040555950130027,0.3735315714001387
4032,0.012073194686587836,0.03555826689824156,0.334146799972676
4033,0.01208530374056574,0.03589106530757655,0.21001199799124887
4034,0.01219721286876344,0.06130768971785355,0.17826656160158988
4035,0.012043821538538516,0.032386597878005075,0.15300290634828545
4036,0.012108269865631249,0.04681926700345841,0.23199839881194187
4037,0.012112152283171715,0.037915477111961575,0.24755865428685192
4038,0.01212957462890704,0.05076038935257205,0.19006831263128485
4039,0.012116564196824279,0.04646429518332845,0.1358423776845144
4040,0.012090831256397991,0.04168052422985874,0.15438402849332522
4041,0.012126712325866847,0.043283795814690815,0.19750520059832405
4042,0.012140478220994514,0.043573672980126835,0.22222077181943964
4043,0.0121358209566009,0.04463579381712634,0.20960180135624307
4044,0.012117214182609089,0.04179255429371502,0.25878061856468915
4045,0.012083957051482566,0.03183123072152308,0.2443473102771961
4046,0.012181536350219176,0.052577189874856364,0.1811022308276407
4047,0.012145635518507563,0.04474568145089415,0.13799964660398184
4048,0.01208936171499538,0.040624517409640036,0.17233540584270973
4049,0.012163662446362718,0.04909620688605679,0.247708006749345
4050,0.012107419586545232,0.03581482234640656,0.21898198995247958
4051,0.012031473391612705,0.028125474284721435,0.22448833100731236
4052,0.012077948511368147,0.0397191519133417,0.2798008322501205
4053,0.012123566939986225,0.04663573014719897,0.2203611928365915
4054,0.012035038297412466,0.030365028030665372,0.17917897442331704
4055,0.012080495269946343,0.04044990774940892,0.23820597172527586
4056,0.012109248652889799,0.03854304755915992,0.23619774486882336
4057,0.01209820996835867,0.04377572120716288,0.22050995228394188
4058,0.012157524522144565,0.04627844784179793,0.22342104644367095
4059,0.012037441812185834,0.028105373882755573,0.18156164582737724
4060,0.012159066655575977,0.056693497429185086,0.3048495692622886
4061,0.012063457823482258,0.03643221352396301,0.1946277617415801
4062,0.012132019848751936,0.051693268599719,0.18312867607164807
4063,0.012063225507096702,0.034713800290991324,0.20566444742487944
4064,0.012139640075356537,0.045339443925958706,0.2355514758920918
4065,0.012106731356597443,0.03659077179605448,0.2005447269642047
4066,0.012076904607718148,0.038953738017240974,0.14438109419603956
4067,0.012124595118606472,0.04809990741442462,0.19745152524790566
4068,0.012048442018010551,0.030331925904969678,0.0905389769222005
4069,0.012116090731989977,0.05060245713147516,0.21962682836055394
4070,0.0120830402942871,0.04290108155652133,0.13329488356291772
4071,0.01207927708728724,0.04074171592365359,0.23465343290265603
4072,0.01207366949018335,0.0396257852138162,0.2701174399126086
4073,0.012078314877548367,0.039427119077482795,0.2203465575304337
4074,0.012115564801176983,0.0427637220488576,0.23022095492203662
4075,0.012092062775172175,0.04431262468917108,0.058676080230914744
4076,0.012062599972040303,0.03817627253806294,0.21023465320410253
4077,0.012124906791512331,0.04560597340582769,0.009782097266525876
4078,0.01216217850546777,0.05058832159548633,0.22958849744415347
4079,0.012170589794298237,0.05316112137976819,0.24028542728675664
4080,0.012184890572518845,0.056406556544042016,0.2238497656843679
4081,0.012138771928837352,0.04776966718430013,0.19719097629416646
4082,0.012248666261036446,0.05898004014138251,0.15380563363451258
4083,0.01228508746639438,0.051453595922215094,0.18772023579300295
4084,0.012484121319614773,0.08172346841633803,0.15953199146684208
4085,0.012208164497340883,0.04804168922979283,0.11988927793342899
4086,0.012317896007344536,0.07243960883620787,0.17509157820905705
4087,0.012119461920402728,0.042428215109634584,0.14641811843756194
4088,0.012324595766294149,0.07184943044325605,0.21111323097675805
4089,0.012200054883634591,0.05008018537951666,0.14359169547053693
4090,0.012312243138011752,0.06473286510099505,0.19833352177621844
4091,0.012122979067574875,0.04130920031520453,0.150711393129031
4092,0.01222192639292292,0.05779183553484334,0.2012777821082333
4093,0.012135123566315846,0.04752289402863636,0.0057787714068961
4094,0.012057270549632668,0.03493040351888856,0.1779729726879934
4095,0.012174638803503985,0.0549308631708118,0.13667552185558907
4096,0.012024675279064258,0.02755723732973396,0.25784619822589866
4097,0.012166910538893011,0.04875806204650186,0.17849641156119453
4098,0.01207472801464886,0.03739955893823124,0.20180979621969536
4099,0.012153532270119331,0.04554786230589034,0.25965084426657276
4100,0.012139751416599044,0.04894922228285756,0.15146428880104318
4101,0.012077312987342805,0.03380243644798662,0.20523595592997246
4102,0.012168731834940058,0.042149514538989324,0.26628803637925125
4103,0.012090441481929167,0.03788781906964719,0.23508054938024062
4104,0.012190290489165938,0.05732187052429282,0.17626148173892453
4105,0.012113779463434067,0.044351803372543915,0.13053954656632835
4106,0.012132705964007487,0.05058707494104639,0.1931393303978586
4107,0.012099738304396179,0.04524029204675395,0.1147590473313686
4108,0.012153863190426559,0.0544936734428514,0.15171860148085797
4109,0.012045264944972553,0.027540330426823342,0.10602348068669881
4110,0.012182979707852341,0.06304444001257793,0.2014818889389155
4111,0.012052953522569949,0.02940628342276175,0.04984781382212993
4112,0.012236407709341226,0.06047665643351438,0.26676274952927076
4113,0.01214746491029513,0.046571595215837175,0.14096524824109777
4114,0.01209117774113257,0.03961348785733566,0.21063048774919427
4115,0.012067401016424813,0.039053338752615,0.15725612681362705
4116,0.01208410551114422,0.036145260280578,0.2208031249699277
4117,0.012006493355570646,0.023835272841070076,0.1043107953569938
4118,0.012240114477119287,0.06707676020775326,0.21538599159353825
4119,0.012038301289662956,0.03311434924480341,0.12636107407746325
4120,0.012055195349247056,0.03355213535502145,0.26199018911340954
4121,0.01208683727306155,0.044498913519198234,0.14884423388307214
4122,0.012061238411152206,0.040538709341308994,0.17224546173908128
4123,0.01207417024768525,0.035769393599537624,0.2758210104231227
4124,0.012152840051362787,0.053995097199352346,0.14841245983053164
4125,0.012074926939096444,0.041771339073492286,0.122057791260497
4126,0.012074374228127556,0.042367208641051465,0.1489251480075741
4127,0.012092659266612201,0.032116386503667056,0.2843767850822444
4128,0.012067302420898533,0.03389354747964491,0.28124274558273427
4129,0.012105819016790408,0.04344238707028491,0.30120713836633345
4130,0.012084093564371996,0.03234063523869126,0.25001292816856124
4131,0.012151042722135607,0.05369031491427461,0.17015191391140655
4132,0.012078763829074772,0.0390267206659416,0.1257941855865769
4133,0.012150146711803951,0.05146572797343111,0.16618820789431216
4134,0.012133807370800507,0.04562924010076235,0.2969242192184158
4135,0.01210786110571064,0.04001812767453241,0.17951931940501722
4136,0.01204382243274492,0.03312656870909679,0.05521154664554832
4137,0.012121495986117907,0.040108920698103165,0.24336808860852635
4138,0.012051593230106567,0.034417970494282954,0.1243416730293404
4139,0.012095957414166294,0.04428799129208426,0.1664015517486808
4140,0.012145390924164905,0.05442055818217309,0.154295012855102
4141,0.012095031923282916,0.04224378891993291,0.15541808028682721
4142,0.012114042107881308,0.03463496616121817,0.306057114113424
4143,0.01207333480995876,0.033698568176961693,0.24928299375311086
4144,0.012033256457665275,0.028823423994173834,0.31530727735800507
4145,0.012091268000397733,0.04509631671615201,0.29373974168440864
4146,0.01204695648925014,0.028429767155795236,0.23145241539607986
4147,0.01236713419945704,0.0780532089020978,0.23675523611358332
4148,0.012054910632844265,0.030568353066851545,0.11705514112068363
4149,0.012056170682309457,0.03211967072000143,0.22872876839185038
4150,0.012159297077870886,0.05437623990887143,0.26530193266316593
4151,0.012083244930833048,0.04002865188040916,0.1837228890252747
4152,0.012142375291855374,0.05390893749540494,0.20183350763530836
4153,0.012063370646994224,0.03910231417697975,0.13973682092290496
4154,0.012052808691714361,0.03231665996652374,0.26691673563612145
4155,0.012120422547937191,0.042685330739313944,0.009769590015439662
4156,0.012144734518693336,0.043078281421534144,0.2568527455830075
4157,0.01231726252545469,0.06268731877933968,0.10420538972370272
4158,0.012204902654179546,0.052523927702736915,0.17275659136039923
4159,0.012132899937202877,0.04820513665200888,0.12636665835099575
4160,0.012154599395760527,0.05277368800974329,0.14770030052537134
4161,0.012157392800845941,0.04849400032952629,0.21569199313769025
4162,0.012100612211287528,0.03819960837141342,0.18843918576008747
4163,0.012255873407056113,0.06554693220318726,0.2851112569669321
4164,0.012139436494230549,0.04551253933344711,0.19017519104449723
4165,0.01218397469742793,0.049285731044743236,0.2929132974336135
4166,0.012160467817970387,0.046510377567873025,0.22357219977863213
4167,0.012131977357970374,0.04685783686531862,0.08730427031528103
4168,0.012156168488788787,0.04606156455098986,0.31940375984891956
4169,0.012197876925556881,0.05900493851137441,0.17660090058503153
4170,0.012122372892893314,0.04598989353779144,0.1866995021236206
4171,0.012136182874254364,0.048655319149164315,0.26705579518715905
4172,0.012203374726037247,0.06042796612735304,0.2314679781574241
4173,0.012137398211134475,0.045649726935645576,0.21007950331161004
4174,0.01225770029712732,0.0675416077470775,0.20186364914047364
4175,0.012115235843909673,0.045523106412490404,0.19472563353350836
4176,0.012184805797055035,0.0525021340974196,0.2854202084525881
4177,0.01221275798130577,0.056973702063959214,0.22276083226699683
4178,0.012169341719339057,0.04544044070668315,0.21879747615502781
4179,0.012310972570943563,0.07399867826077317,0.17733290215677278
4180,0.012104464604225337,0.040316609024846656,0.13970658808024614
4181,0.012139968748636116,0.04300549506036684,0.35062273470027483
4182,0.012147739674060562,0.045327231509552805,0.2419825575383213
4183,0.01219616387367174,0.048843411864072775,0.2753690721083953
4184,0.012145233416104342,0.044041171615635206,0.27284729950355446
4185,0.012229890556048537,0.06276392224715756,0.23734187610498086
4186,0.012131771001572415,0.04512591810136581,0.20340184660716934
4187,0.012226862004257684,0.06174012434437846,0.18283040743481066
4188,0.012122120026463453,0.044425762227443634,0.21118490149997404
4189,0.012151291388129216,0.04621907267062893,0.2892865299771379
4190,0.012176808647495877,0.04664578668044549,0.2369275056614885
4191,0.012223502738469297,0.055251082910986765,0.16975738636212642
4192,0.012176104279365484,0.04936348254804276,0.25085173613314043
4193,0.01213287759067302,0.0447079074742308,0.2283609216683331
4194,0.01212562260221808,0.03992070499351613,0.12492790254103618
4195,0.012085785394547565,0.03748068092040424,0.19568060155186273
4196,0.012318467290602939,0.06946168067685819,0.1343415320479023
4197,0.012115274222827996,0.041201838027375974,0.23301908460831536
4198,0.01222838474689094,0.0607727622950231,0.17044346779239636
4199,0.012189831500790949,0.052898335301823377,0.20482704670641072
4200,0.012223748515173553,0.061085360848710725,0.1888862186169995
4201,0.012189647788359041,0.05617010839017782,0.16665766848396757
4202,0.012143392011343445,0.04683974621960068,0.22811215625785594
4203,0.012113356199617568,0.038704598365759436,0.2335882210246715
4204,0.012137489857374882,0.045801500505464186,0.2817850438993534
4205,0.012152057999868616,0.043992043404941804,0.30910136774689795
4206,0.012298522639093305,0.055791383960947724,0.06937919808783402
4207,0.012180921637489437,0.045508461270612324,0.15936519701773175
4208,0.012081771675034391,0.03645338430000859,0.189148292917051
4209,0.012123448737999764,0.04080866700650329,0.2825546231412277
4210,0.012149040936401323,0.04965768176200872,0.16337133948889854
4211,0.012173935020774795,0.04429102653872815,0.16930907382823238
4212,0.01217136778139948,0.04935530617623185,0.33663857573130773
4213,0.012191273809376242,0.0559125238253855,0.18197350774775128
4214,0.012180215088311071,0.052981104564633466,0.16872122705753326
4215,0.012112389040572642,0.04222549385938235,0.20698550506059973
4216,0.012174007091696285,0.05376968496799361,0.23758670734920312
4217,0.012204094786132371,0.05149852634805786,0.25246114493217203
4218,0.012138720383385522,0.04796568123341369,0.14623985776812204
4219,0.012136547849860381,0.04849619093207177,0.14122733290743486
4220,0.01205755027935648,0.037432198129029065,0.005811916970479838
4221,0.01208049501321953,0.04284208376853775,0.21800683308507332
4222,0.012069108115881978,0.041694514628618035,0.21146251801827962
4223,0.012119144526971432,0.05170087210403832,0.21617796851250312
4224,0.012085227748624206,0.04566925754605889,0.12773165134691608
4225,0.012061243483369965,0.040564449711113906,0.1021879269194832
4226,0.012117807835305213,0.05245098531154039,0.2097861856686638
4227,0.01207615528383599,0.04142802090198955,0.1493505599464648
4228,0.01221576477424848,0.052484260155351674,0.20776803246957234
4229,0.012115737933206479,0.04404316928207038,0.12526147140227423
4230,0.012058399417640522,0.0292754499291162,0.21950391746032216
4231,0.012126511554936437,0.032809052731448976,0.22166651276668167
4232,0.01215120890222767,0.043020000318909395,0.22907127086383983
4233,0.01211964210185053,0.039671263104074504,0.21587398902664567
4234,0.01213015178958612,0.043059574700748726,0.11133502176062082
4235,0.012189730872116781,0.050308603796850405,0.009937207945448136
4236,0.012159075863258097,0.04769767090834221,0.15559891929318093
4237,0.012177024971922712,0.05065404879938326,0.20963863250790857
4238,0.01214104153652563,0.04290476625162024,0.3319393090476057
4239,0.012151517125137089,0.04603951440699997,0.2471503707225146
4240,0.012177928431913945,0.0514368348797522,0.1476133920097722
4241,0.012195810057564874,0.05551083620384918,0.11291119764782369
4242,0.01219171372861483,0.05172800474486582,0.15188970034892985
4243,0.012170811662006925,0.051111213227802564,0.17491035133577884
4244,0.012131005720451915,0.043761255203028135,0.25230712437993824
4245,0.012185960421380112,0.05208420144024056,0.2616230588821965
4246,0.012138336499621786,0.04837971066704562,0.049298113427924936
4247,0.012242154523235325,0.06229557321306161,0.23928278093046382
4248,0.01213194594277966,0.04691077352121142,0.17344691276285396
4249,0.012172105559854759,0.050461738958123205,0.17561687584910857
4250,0.012213329097604957,0.053439682435150695,0.26057110197247835
4251,0.012203047368519758,0.051449666912392764,0.22041243171685518
4252,0.01220207756840541,0.05112253791316518,0.2193569796398234
4253,0.012165357611481468,0.04847307497767711,0.246484681959357
4254,0.012124503816040792,0.04073859214909251,0.3351288931411697
4255,0.012164626522405443,0.04425274100678478,0.18226647244081062
4256,0.012096384048741752,0.03869422799660567,0.1997398550745439
4257,0.01223151079598993,0.051888490192337336,0.2572442941398605
4258,0.01212437297118535,0.038649740218816835,0.16676459590658815
4259,0.012166387175879293,0.041089511328645925,0.28863733692442084
4260,0.012104202137148933,0.03777394564617675,0.27368105228199513
4261,0.012298246083655795,0.06916559012874307,0.2746830061409575
4262,0.012223489089067474,0.05003309994579398,0.14956741838267834
4263,0.012164133894470647,0.05287904995321739,0.14924316436285776
4264,0.012129643949217533,0.04322413997911077,0.3004901672648669
4265,0.01211108682740995,0.04011622653718726,0.12053964455462772
4266,0.012230332580165362,0.05727097782977604,0.2538856291454989
4267,0.01219203163301156,0.053987805403566236,0.1425651850912744
4268,0.012106362369325852,0.04298811766000507,0.1317067897829367
4269,0.012192928192606482,0.048219967807679946,0.2789131872436832
4270,0.012233384827084012,0.05875873740193729,0.14842811767955366
4271,0.012189110185118231,0.05593117333058503,0.27173259244361286
4272,0.012184226250829855,0.04542433778578395,0.25452356033800316
4273,0.012208175247485771,0.06026179914927745,0.15674023987490793
4274,0.012160112239517106,0.053501368407478496,0.13770400981519407
4275,0.012188528032576421,0.05575029727349322,0.18082776343697898
4276,0.012201988805294509,0.0573409957891536,0.1863897490063042
4277,0.012191799819239138,0.04894351985622256,0.2369028906817958
4278,0.012203657705886066,0.05741281738733118,0.19033521172050188
4279,0.012144367602470518,0.04597720847147391,0.2514212774311796
4280,0.012287045864578313,0.06947520849315937,0.17264776370877993
4281,0.012143206136453378,0.04973318705943652,0.09893888962354347
4282,0.012242923015846476,0.06637164082321556,0.18479899618700465
4283,0.012148067285021234,0.05656887347328399,0.005910096813189077
4284,0.012067188589204282,0.03783861018825794,0.1746763635741663
4285,0.012118398079133537,0.042708373454988235,0.22211159391462196
4286,0.012112248896457565,0.04540847677388186,0.19197886428222616
4287,0.012091129974153387,0.04219909420820434,0.2051926368068617
4288,0.012099628355375905,0.04463080114936777,0.20267520135097813
4289,0.01215163283047044,0.05595043106651941,0.135011111225037
4290,0.012084274668444568,0.04146328031307165,0.12245858336970906
4291,0.012101186272452545,0.044867758634436074,0.16644402033182853
4292,0.012087768916187715,0.03313193293174013,0.2413164654822649
4293,0.012131588932007014,0.04315033048414862,0.24282760900343367
4294,0.01204957280790282,0.03384273087550809,0.13769611408797794
4295,0.0121034467345247,0.042595233446849574,0.2571090177822916
4296,0.012050835993225158,0.02966524771733733,0.22303830779051068
4297,0.01223228231637942,0.06136198157080585,0.2383270247424906
4298,0.012058293002423864,0.031169702625107966,0.16028717883610671
4299,0.012227975102175374,0.06338533137109252,0.2230091478650318
4300,0.012065690278144539,0.034999306919713154,0.15118093532916313
4301,0.012142373313867989,0.05461751274056527,0.17719887720005761
4302,0.012091533724838578,0.04045872892508604,0.10342447253402112
4303,0.012359953849139097,0.07180247148985129,0.13875696837651627
4304,0.012034262378977522,0.027553155974416838,0.07066457298561774
4305,0.012030379889522495,0.027831128180185974,0.26813813556850463
4306,0.012029108999405933,0.028932816260291257,0.2203267292497021
4307,0.012088695624842698,0.039524981525599745,0.25992580552964756
4308,0.012060776808436719,0.03466484170498864,0.2212778680458525
4309,0.012154872112385749,0.050409369114218415,0.2225124890806964
4310,0.012112393978397732,0.04113973780966202,0.19706128194960346
4311,0.012220944011053819,0.06005355642339587,0.18176339338449343
4312,0.012095267792737854,0.03910980176167542,0.1255991829790391
4313,0.012175757308785628,0.0586129723784759,0.1727853205913003
4314,0.01217529206284835,0.0584971861009724,0.05929733024053304
4315,0.012053010200250545,0.03799349049937425,0.12421885979602271
4316,0.012052601170959713,0.037169321107927325,0.2040887780191619
4317,0.012093782221316228,0.03991465826516436,0.23681343662718182
4318,0.012096144613857955,0.03883582255041992,0.21889584266606338
4319,0.012145780404393378,0.05282047577179281,0.2359032551808334
4320,0.012093425113199892,0.04481032061333345,0.16854861034441668
4321,0.012124592128028891,0.05002664565136758,0.18011473317506344
4322,0.012137350382259469,0.052831622474343816,0.1529749638463106
4323,0.012054987108401157,0.03264976657466665,0.21469901387910723
4324,0.012158830653445366,0.05426290173674671,0.23807726769785378
4325,0.012070879875850706,0.03915294148271562,0.14979933042665186
4326,0.012088724260125066,0.03812404355078598,0.05595757343773012
4327,0.012070470324639334,0.04213014740044539,0.17140941606857937
4328,0.012082788710618677,0.04435837898615358,0.19252065188102285
4329,0.0120318857637213,0.033152287169577965,0.21736122581527442
4330,0.012120713318717665,0.04718662425390934,0.22972906545407087
4331,0.012040544125721244,0.03552945846446382,0.18231434414147396
4332,0.012067545887394072,0.038550671630222445,0.30611319481775
4333,0.01210546526305705,0.04780464043582497,0.16911053321994748
4334,0.012031187131307434,0.02808687001109677,0.252881572748568
4335,0.012091618374307575,0.04339599852224915,0.378766203075157
4336,0.012126355404484594,0.04157997953409125,0.10670131434314906
4337,0.012204813165523208,0.06337807479414101,0.17492412497252957
4338,0.012083342963968745,0.03785394790026311,0.111941801341344
4339,0.012072375014483213,0.034982835273816126,0.22247179345792115
4340,0.012068971154103,0.040941004702063556,0.1546280164752022
4341,0.012099993492208739,0.03735589580064591,0.18204471371417136
4342,0.012174054390708853,0.052290651615670626,0.2081629383834166
4343,0.012142913529820823,0.04462246081442086,0.1929480311826223
4344,0.012079563666235811,0.03830890391160171,0.19516312650981182
4345,0.012116760428894136,0.04344994511549219,0.14744207029994574
4346,0.012101963623670083,0.04702639243884086,0.18799796952295697
4347,0.012076922349990412,0.04463246529350742,0.14671655408889267
4348,0.012067405630431126,0.040078022956267986,0.22663321926514146
4349,0.012120275066363722,0.047708199328182876,0.19454308882115928
4350,0.012071379588389424,0.040066997783395994,0.21489491949397369
4351,0.01211941756675773,0.04717640160542188,0.22268792828282516
4352,0.012074481559876995,0.037646017965696964,0.1667243019385421
4353,0.012070642012470434,0.03849910291428604,0.24093862468350802
4354,0.012065747146045962,0.03350341102152831,0.26069751263313334
4355,0.012054623766362824,0.030486542903077972,0.2931247309160716
4356,0.012105477079283718,0.043830306525303876,0.23237691433426413
4357,0.012138804351613094,0.049424451634017076,0.15625574507483475
4358,0.012119914666442327,0.037230429752011455,0.21296622906288046
4359,0.012021079826540064,0.025618786888075104,0.18099962209894818
4360,0.012090537111797103,0.03789832769664457,0.009810390757122544
4361,0.012101147432093501,0.03852628762440252,0.28760385371091857
4362,0.012205681808485776,0.053035708213286445,0.21997244352256068
4363,0.012163459793171873,0.05108200541956208,0.13342668140772002
4364,0.01235358153124571,0.06744241203061709,0.2453470982100102
4365,0.012253622436883464,0.05120287320259116,0.17760965576570764
4366,0.012249455453083485,0.05826958196447787,0.21175986998074908
4367,0.012161175319718777,0.0484218556999903,0.2878614325387846
4368,0.01208649974371948,0.038196069707985496,0.005896782824814571
4369,0.012137444734977243,0.05029357467373676,0.24298598035419292
4370,0.012033402058004542,0.030914862148466345,0.11455508614117842
4371,0.01214292096961632,0.04552813251403996,0.28251958427030943
4372,0.012136805093683674,0.04960595745403,0.14768806003546733
4373,0.012109658317488368,0.04310392832610945,0.1868089795188257
4374,0.012032102175953211,0.026067196569856777,0.17531834328179732
4375,0.012290560645559216,0.0698046569693731,0.23289930213374657
4376,0.012055293659323823,0.031299015352136285,0.17138460932788413
4377,0.012042022047163611,0.028376323059108335,0.2846656324526415
4378,0.012151900625681916,0.05680099387183196,0.16738630511460434
4379,0.012092276113303282,0.0440152530909983,0.1344337272151337
4380,0.01207753470179038,0.04125872273036217,0.16650491359022063
4381,0.012051539608971436,0.03035255527392843,0.13357777704952942
4382,0.012185069474347908,0.050783672669777166,0.24815413492156954
4383,0.012139992538111252,0.048557333569110205,0.16751059871100524
4384,0.012169108252108124,0.046955309038600596,0.23501590803978775
4385,0.012129399369403179,0.04385456199677055,0.20482137793230626
4386,0.012086504360950984,0.04054213281590396,0.18711316490970684
4387,0.012117321810086623,0.04354713920577636,0.12115330153617646
4388,0.012239602335861355,0.048325378197555384,0.20762019856947117
4389,0.012216031379459555,0.05180083119764531,0.1530151184168554
4390,0.012284235105704804,0.06053903713055623,0.15803704333543725
4391,0.012249289385559501,0.04942028041034673,0.15188849387421635
4392,0.012241392421923156,0.05774888267028801,0.18626674876636276
4393,0.012118159774538933,0.04164482787260526,0.177815284519247
4394,0.012102174493778987,0.04671079576457592,0.08309343582891189
4395,0.012129406218164236,0.047376372256164354,0.2405494438348426
4396,0.01205435482849763,0.03226567543746507,0.2414741798438124
4397,0.012235821083154493,0.06604207621203534,0.1736835468956616
4398,0.012046875044944845,0.03327053860494533,0.1417951306657258
4399,0.012116004045838681,0.04603634279038857,0.2651487483293425
4400,0.012034632896712291,0.028544239094597974,0.18030088176220446
4401,0.012179122790899935,0.05015536134705328,0.24926618616712554
4402,0.01201769610159661,0.023423304710220416,0.18226689177710909
4403,0.012115745893755,0.0422209229862082,0.2475083688073314
4404,0.012051382229800463,0.032891281188201164,0.22248046122158704
4405,0.012095960922977813,0.03911403558472684,0.21340569154134462
4406,0.012158921726469414,0.05125404445010341,0.1847334597193569
4407,0.012061936918976269,0.03554195058336551,0.20098967251377953
4408,0.012134121795322571,0.03777960909062733,0.06116480523987965
4409,0.01220268439594882,0.052922498528411,0.2996141806177673
4410,0.012097686162422192,0.0436984914284978,0.13087978786693646
4411,0.012081402037848214,0.0411345163606596,0.21276966321679738
4412,0.012098040817402412,0.04533671225271218,0.13177073632338604
4413,0.012073608039996122,0.03971594992657165,0.18379279642980753
4414,0.012144273114104405,0.05624941736326464,0.16303051938682867
4415,0.012068862044075956,0.042653998761951,0.12644219001039994
4416,0.01211205881212177,0.04776476702442249,0.21713782539911164
4417,0.012072241220304824,0.032705713395131376,0.15515465188471728
4418,0.012048226091586312,0.03243776585524302,0.20984457721641678
4419,0.0121808076807676,0.05875507304761153,0.17190483495777306
4420,0.012066393010156268,0.03591199014025809,0.17319353985906563
4421,0.012123633918989227,0.03669927045710016,0.222041059541679
4422,0.012265587689859359,0.06565113607129874,0.18961733506714792
4423,0.012134106790946652,0.04501572047435755,0.13400856220330754
4424,0.012093889029495212,0.04242076506341717,0.18210288333185057
4425,0.012123888041317768,0.04757657962187994,0.18738467883442206
4426,0.012145583706659864,0.048537147058510956,0.1355806342546209
4427,0.012167168224635679,0.04239789980287072,0.2205331854023059
4428,0.01224645888539427,0.06352664256048593,0.1746647630149919
4429,0.012088244815758046,0.03871760439007536,0.19110032310876385
4430,0.012219020768635468,0.058250158510943735,0.16691517843412193
4431,0.012064799295014125,0.030607175035119595,0.21376679134791468
4432,0.012076683413529644,0.03577188011734292,0.08030852289322055
4433,0.012190389782416182,0.06350926760649356,0.18189802246376996
4434,0.012026732160717368,0.03347910981399061,0.1156619309645499
4435,0.012147138356383085,0.05364742633195054,0.16561849363676764
4436,0.012060373916661411,0.03730468608045932,0.18787631732487026
4437,0.012078542454032615,0.03908478206710683,0.24607096982941928
4438,0.012154110371130374,0.04984219347353667,0.2148004055470016
4439,0.012075839883039844,0.0375915119800504,0.16398010374941294
4440,0.012133187999769939,0.0448311194663247,0.009686168262652351
4441,0.012250702143703914,0.06517758094998748,0.21515401065974357
4442,0.012160367086992337,0.04542241210070984,0.16056754196388945
4443,0.01228990593096869,0.06504778570280656,0.20114879571789812
4444,0.01225289460280142,0.05537285340253514,0.17916758696788976
4445,0.01214339397113847,0.04443904826212588,0.23819537569512755
4446,0.012192618764543504,0.05282015826395176,0.22820409790545357
4447,0.01217650170992316,0.05187341255188914,0.23272422812301877
4448,0.012207090160106663,0.05627831471029784,0.24750834619690665
4449,0.012195842881196206,0.05210448347007053,0.21581358145939755
4450,0.0122220696796108,0.05760152746603769,0.2176508809126273
4451,0.012204119405192084,0.05975438481447829,0.1712185611683172
4452,0.01218211333179966,0.051791700704196524,0.10720195150611771
4453,0.012188542758393968,0.05722348241119559,0.19654401020351697
4454,0.01216322503723454,0.05439504848386093,0.13878351713920117
4455,0.01216835670839733,0.0508787923533137,0.19205817364078806
4456,0.012264192282314151,0.06313264523931646,0.1461943601941523
4457,0.012164010788586347,0.04922119927070804,0.21509069481953583
4458,0.01212379830441145,0.04375472750058736,0.1388962746109744
4459,0.012214067205767955,0.06091006767849049,0.26905884096751476
4460,0.012122217441457243,0.03935572568983883,0.05060075269932299
4461,0.012220181443259455,0.054456132965735135,0.26147207370779996
4462,0.012168133947770656,0.04894845853786797,0.22183762591921227
4463,0.012179892185015076,0.05675543339930875,0.22673466823840457
4464,0.012175650292615163,0.056115106187781365,0.1403971374292994
4465,0.012097589038548155,0.046824513695894555,0.005879312069071529
4466,0.012103834829440021,0.048683310078665214,0.17354639106944586
4467,0.01208646970829559,0.03412012156291611,0.21741326180647005
4468,0.012063691165067192,0.03583225876783857,0.0460196062621156
4469,0.012083598241251728,0.04406327292673858,0.22154924221475644
4470,0.01211173055527899,0.0486243798331802,0.1368158897461311
4471,0.012015789916995498,0.025679133600884644,0.22707947635303843
4472,0.012119138698077021,0.0432883307893284,0.28491693713486027
4473,0.012107650064270647,0.04095804958699662,0.23261866556935068
4474,0.012111485287443324,0.043905395627484384,0.16923041298223615
4475,0.01206775873545439,0.038469440955769714,0.1305361575130405
4476,0.01208296613656261,0.037569819907619595,0.24930648324697105
4477,0.012154411148648805,0.053414098120499055,0.1860102918624195
4478,0.01208907995383242,0.0459105317543505,0.11748376172500423
4479,0.012100650435982057,0.04641484226227959,0.19801283562923994
4480,0.012064922401413124,0.041679798547377654,0.18165907775794665
4481,0.012047276648040952,0.03352785498105181,0.23374807225689134
4482,0.01206833460542716,0.0341762852629032,0.20089612280942423
4483,0.012188185667988098,0.06119504101435314,0.16927365603621544
4484,0.012051850901449472,0.03826062606376988,0.12333102830048306
4485,0.012088380474304402,0.03398067542286402,0.23232604270038454
4486,0.01217427965847757,0.04527010849505755,0.23468241784040175
4487,0.012180873008040344,0.04767339166037903,0.21944381532408408
4488,0.012063368402017218,0.03396697711044947,0.17364851704079645
4489,0.012094232015585172,0.048141035376616174,0.25257988440196233
4490,0.012087421906281613,0.046240320356378026,0.15282467694155888
4491,0.012137030774299739,0.05511734551043539,0.15115400129626755
4492,0.012090393565583467,0.0454049768201323,0.15254133476880782
4493,0.012117740686635157,0.04934880396626839,0.19885696541930964
4494,0.012079686990262349,0.045004503586015814,0.18693083115859518
4495,0.012137477611650268,0.049801426688701037,0.26030273281222577
4496,0.01203807784087713,0.033344214847226245,0.20029304401760648
4497,0.01209203130605939,0.043626560095860446,0.21557963631664873
4498,0.012127418459879627,0.05416722022004095,0.17041257465817908
4499,0.012068408685085324,0.04440651450850524,0.12600112771042274
4500,0.012110931252799245,0.05029472347593303,0.26611204602269234
4501,0.012093839897466865,0.046457247757827135,0.1357584940561144
4502,0.012175778348139646,0.048096715732914457,0.23056492993273214
4503,0.012192983054164292,0.05844976959195254,0.11668174822562753
4504,0.0121452852359193,0.04651971886111624,0.10818746373860448
4505,0.012221156191529558,0.056292710507195955,0.29418110734721914
4506,0.012197809156411627,0.055643304004571785,0.13496131450090765
4507,0.012114666581328582,0.04672306998468667,0.13710083109196713
4508,0.012000766284371574,0.026207575623009377,0.10213492745941982
4509,0.012187351419125731,0.0607431329428586,0.2632562948989893
4510,0.012066661692075004,0.03601081445098041,0.15540963836396018
4511,0.012068872921451293,0.03482070372679884,0.3079172102130804
4512,0.012080699680003604,0.04036775950459864,0.14929176122238713
4513,0.012095725426930782,0.04513117773932429,0.18572753512732673
4514,0.012080968984933497,0.033308161591594186,0.2059842322705989
4515,0.012215661538060313,0.06324287853322802,0.27422751882433627
4516,0.012096604769626892,0.040258951648222026,0.1892246451446926
4517,0.012136384381427872,0.040722594071037684,0.24999515487938015
4518,0.012198391675745894,0.04852700192607652,0.26839527478606984
4519,0.012209292588190757,0.05669597409059915,0.10501750421980233
4520,0.012070711414550942,0.029996525906432453,0.1542741445506979
4521,0.012084767880427132,0.03472777156664591,0.051783156535556034
4522,0.01222974673374589,0.06113612377935147,0.22052115455575497
4523,0.012062877275115265,0.03133361558358859,0.16234942076328204
4524,0.012053166947400079,0.031598332792241196,0.28884484333679633
4525,0.012200048826180207,0.05825677825712021,0.1380429115095385
4526,0.012053100210775377,0.03588526745186299,0.11771365689571982
4527,0.0120983110226945,0.045277494284779285,0.15722138464875615
4528,0.012121804342423539,0.05226631428410664,0.13125877906861516
4529,0.012093876080355287,0.04492257412817822,0.1460265203277913
4530,0.01212080769329121,0.05201016656442164,0.1436324629881536
4531,0.012084160744412648,0.044195399769729686,0.16293339642049806
4532,0.01213098907226078,0.04846794759412203,0.009874851136387872
4533,0.012157366314014388,0.0466857260221147,0.11449807047362669
4534,0.012181049429626653,0.05461559020588823,0.17060474523603664
4535,0.012104204034869193,0.03972216003975742,0.220236695300858
4536,0.01212657498446527,0.04364228734284308,0.2572244509989843
4537,0.01226892899591835,0.0689180296230709,0.2565414644896458
4538,0.01210995861152312,0.043646543144662486,0.16871906234939918
4539,0.01212644720536438,0.04172982955157347,0.2535968291142809
4540,0.012102823788225244,0.03860380751982656,0.23057687875083102
4541,0.012185199319017608,0.05220278819982579,0.20795364574179198
4542,0.012144388402744805,0.05170851227311831,0.089326847987812
4543,0.012164993168434316,0.05208142247325886,0.12708102907156443
4544,0.012147952732271965,0.044172107076533185,0.20550197800289458
4545,0.01209365965754221,0.038797672946612974,0.22828063576062557
4546,0.012160070285525086,0.052892380934343355,0.29849887182561746
4547,0.012141500086321613,0.04372819492146031,0.24203832055611227
4548,0.012097845615312337,0.03733797204444692,0.17236489603315774
4549,0.012186933543478844,0.04833096759558681,0.3110854572606504
4550,0.012155955882922585,0.04635326762146591,0.3103061367708085
4551,0.012208508717411096,0.05686427423295901,0.20512457718816518
4552,0.012209539737359863,0.05783757955837971,0.14267142242278583
4553,0.012164955427152832,0.05114911269502427,0.10064210263292875
4554,0.012148154599697935,0.04682386647942754,0.1086150180703776
4555,0.01215247072281592,0.0442955018190813,0.34484777272738065
4556,0.012206570088717634,0.056224885594950286,0.2808097401750716
4557,0.012182313470622003,0.053613594473095424,0.16713382558107928
4558,0.01215679656180919,0.04962296090873439,0.2588280317576752
4559,0.012164510188377808,0.051619530527188554,0.158427420636836
4560,0.012127409849925469,0.04906824359776739,0.2174220099356423
4561,0.012245452458345107,0.05990430704332095,0.07404817682312749
4562,0.01212440611867369,0.043823360007115626,0.289115699534447
4563,0.012128065890374996,0.04717449777842517,0.22966539314699005
4564,0.012171110060684654,0.050941456032813894,0.3012074660522658
4565,0.012162943019622252,0.052978864765946404,0.18334418437299838
4566,0.012136357498676918,0.05029804409451345,0.20008649141850154
4567,0.012105093831197173,0.04630334662549476,0.20672428947315624
4568,0.012143127172500228,0.04353170132793702,0.15547700827693464
4569,0.012075521787128007,0.03403261329424571,0.005960461689637385
4570,0.012089774799554033,0.0428452439824163,0.22865359131419555
4571,0.012018644518830685,0.02780156122872035,0.2571032079270271
4572,0.01203305476891873,0.027689984959171993,0.23636785891143666
4573,0.012145567652508321,0.05444171412294153,0.16682897658466764
4574,0.012066411000545212,0.040746034054279935,0.1490323658459684
4575,0.012056028184617247,0.032989009077634114,0.22457884429962297
4576,0.012082056587200688,0.036327051724686796,0.25529176094931216
4577,0.012097249488019381,0.03709616462621751,0.3150549675438722
4578,0.012103032181835359,0.04447733171044244,0.21692066873804183
4579,0.012075352341231398,0.03870409557196196,0.18139434608124147
4580,0.012082395847265795,0.03843465660341081,0.20441309249040712
4581,0.012113816201355992,0.04851969424457639,0.19322182618937306
4582,0.012009574246403216,0.026846979181546216,0.16311051672328572
4583,0.012111864163835239,0.04130158691729916,0.34375165168901284
4584,0.012054167941763663,0.03232256922907448,0.2970164581066231
4585,0.012260251458440934,0.05416646489778092,0.1274415451577977
4586,0.012099899713600423,0.041221777751210636,0.1558788659675776
4587,0.012119638862675081,0.04435682259306977,0.246732017905728
4588,0.012088619490198994,0.041763113069189325,0.21095171685726916
4589,0.01207880110052336,0.04467605386542725,0.16571597639109112
4590,0.0121145570278633,0.04896301105212341,0.19638921344815355
4591,0.01214795066904056,0.05137140927847221,0.10519080718765839
4592,0.012107061300885439,0.04830235137695181,0.15562804620097415
4593,0.012123859268190705,0.04125608650016917,0.1620512268158839
4594,0.012206844092735102,0.06112599766147553,0.16914274959926348
4595,0.012117908019954219,0.04510121582205052,0.1278813824688104
4596,0.012092601378312803,0.04374545374215676,0.20330333293529243
4597,0.01209309239074705,0.04654263730617477,0.2200446569097399
4598,0.012116644432873405,0.04626140252692944,0.1985050483041322
4599,0.012016695325365676,0.025083307374479856,0.22701957602574444
4600,0.012117174798785628,0.04474593795826815,0.2542634843361819
4601,0.012033328076024759,0.03158477330479899,0.24636586803524863
4602,0.012137251919184643,0.053482131223863506,0.2510990999936392
4603,0.012139489806176884,0.053841090967617265,0.14386426708003056
4604,0.012031072418790197,0.032357113735350836,0.1491452251520082
4605,0.01204093443414347,0.031165189142374854,0.2688197673274227
4606,0.012073559047773108,0.036217450985250706,0.26366370524076677
4607,0.012154114736044077,0.041690628127176194,0.2805872647237105
4608,0.012203018338281949,0.054469393068742836,0.2567831545058071
4609,0.01201601015691385,0.02638826387787052,0.18942586141267606
4610,0.012106506717476172,0.044508705894787934,0.3203241387355106
4611,0.012100883026398612,0.043979482561311053,0.13123040628924854
4612,0.012094979892533957,0.04534945519715327,0.15505203795928615
4613,0.012096663310850648,0.04592655145608381,0.1947448615166868
4614,0.012138735382678217,0.0489582794791963,0.009628261032751058
4615,0.01216221806108394,0.04469848143411229,0.353568722928348
4616,0.012275959288549845,0.06413693951356597,0.1624664949755934
4617,0.012163943924216577,0.04385267948616602,0.16986101143231921
4618,0.012130849829966836,0.04038685354358789,0.2511992607581994
4619,0.012254902776165073,0.060692009469185855,0.2138239244952702
4620,0.01218180248912942,0.05372857250855521,0.11287497455776134
4621,0.012176884943896814,0.05598401001163807,0.17324066934630888
4622,0.012145053247046107,0.04933220203383409,0.23487207414362293
4623,0.01214590928033705,0.05059386323693908,0.20048646688438615
4624,0.01215513387271348,0.053560376796903605,0.2125993998062749
4625,0.012162795810415527,0.05359823806565308,0.16062458548455924
4626,0.012108255880799302,0.04208813420694211,0.21092781584464376
4627,0.012135509616359839,0.04851067853234899,0.3185533289484316
4628,0.012233729198334153,0.06318247148064272,0.15071212530300274
4629,0.012144630853594088,0.048615407633763076,0.1694144837534514
4630,0.012230092841124045,0.06289670281012803,0.2170143272858588
4631,0.012107610661993378,0.042045734183224354,0.18904407113119762
4632,0.012239581626169867,0.06171129946484053,0.16623001668361706
4633,0.012135827652356806,0.04716824955354339,0.1547031512980547
4634,0.01219225719287123,0.04902802489134244,0.18918329578500306
4635,0.012326236782875555,0.07467321688642305,0.21518102351895238
4636,0.012115366089014987,0.04413120898279859,0.10330501925104738
4637,0.012256345570701321,0.06818756990263455,0.18674572556777597
4638,0.012126911759863053,0.0441915989146905,0.0986792916030352
4639,0.012220191374617072,0.061116065706757504,0.2180959261952919
4640,0.012132963914301445,0.04633186876289594,0.13304000535238028
4641,0.012140563987797396,0.05029848580815731,0.24449974396292662
4642,0.01218543627056761,0.056951863927140065,0.11604847274003219
4643,0.012071123574355823,0.03660087137718481,0.04983973014415273
4644,0.012110661761913834,0.039521201647175014,0.29970946081415833
4645,0.012205958255970739,0.049961073054972126,0.20751548567391856
4646,0.012105454067177614,0.04357259106015431,0.15718576952542546
4647,0.012205509223307053,0.05994080475422558,0.18753019991288156
4648,0.012149933805667963,0.05213970283267174,0.15434862127095256
4649,0.01219381475907824,0.052882378946932346,0.12080415679412475
4650,0.012113952969101501,0.045764287241278304,0.16173384825174558
4651,0.012116405536736083,0.04600419561553055,0.25661771780841364
4652,0.012163156599810277,0.04573577667564328,0.18344122561840515
4653,0.012164472483248758,0.05100534427075015,0.28544852145399807
4654,0.012308494914413996,0.06557509010806518,0.2736646033205813
4655,0.012152239365213941,0.04572060802530071,0.15077797218933162
4656,0.012106768586831436,0.040711898992830675,0.2169804611497911
4657,0.012196998446890102,0.04559742074417377,0.17489326497855728
4658,0.012100676153868754,0.038242812823371254,0.15342753023628808
4659,0.012188571995870796,0.045887231187881086,0.3208511986714749
4660,0.012104983876442557,0.039067690715050084,0.2425619343228309
4661,0.012176551000883894,0.050045979897414786,0.20336743461744652
4662,0.012197711273994409,0.05249406311871655,0.17399465933190836
4663,0.012286370205428127,0.06897957088586282,0.18693224477621673
4664,0.012121201990618,0.04629554159491031,0.11876480999489063
4665,0.012105240501611846,0.03803205417356688,0.17334132041368405
4666,0.012175195685640681,0.05249136444447229,0.2438605126195824
4667,0.012168138099739654,0.054139299577068124,0.18660431184274692
4668,0.01218965631402184,0.05916164003407105,0.16413655160596005
4669,0.012341805014669135,0.07599744392059579,0.05932182590017904
4670,0.012065847133018656,0.03676434173375802,0.096482330222779
4671,0.011998948919683878,0.024894142370209708,0.005933534272478731
4672,0.012242651237583882,0.06789168827965847,0.30770267541938384
4673,0.012035486990264778,0.029516810429778533,0.13727959495511455
4674,0.012245209081259206,0.06584649536662815,0.24999786134688684
4675,0.012082332918655625,0.03932136732986162,0.14719352462338062
4676,0.012170394804876687,0.05546803622982127,0.18302541021953517
4677,0.012168614812702455,0.03994649863848447,0.16027424363003787
4678,0.012099539034929874,0.043539911041863465,0.1694205168893595
4679,0.012109966504937243,0.041285148175366486,0.25735136840089085
4680,0.012055995489865919,0.029044572643786962,0.3239361846520316
4681,0.012133894954017725,0.04101803043445916,0.2963564927983349
4682,0.012065317726113006,0.03528971507417723,0.17848136665589123
4683,0.012151742525837513,0.050047524476742024,0.17894541899250074
4684,0.012095074925892253,0.04596038872059975,0.1033911863257903
4685,0.012063329790548027,0.030189573977942755,0.26006268278451916
4686,0.012181986199656549,0.05437945888379982,0.1874745153213305
4687,0.012106330056041377,0.04413828921018291,0.13469785012529792
4688,0.01207372776539504,0.03765383053721079,0.18281088079862529
4689,0.012094850680345449,0.042958837184615864,0.15327559593762818
4690,0.012127449376992965,0.04592216101716389,0.19921517620374946
4691,0.012088413423481601,0.04250042135212652,0.12412807624606284
4692,0.012152359385106106,0.04526039508085973,0.18612238412404117
4693,0.012079552598807417,0.03521013652380714,0.1713608578434047
4694,0.012134487287357743,0.04851092746999317,0.238818311335237
4695,0.012078804419343137,0.042040533172504904,0.2071341735963079
4696,0.012058080685961188,0.0361358531043845,0.08367933434183705
4697,0.012054573096892366,0.037934327398723565,0.1758894929990366
4698,0.012259494414630465,0.06676172971647039,0.2332248492096918
4699,0.0120197434260366,0.028011240697677242,0.1208809877448344
4700,0.012072389433227991,0.04300368103834378,0.24972206954668585
4701,0.012107830832401923,0.04243679495471856,0.18610873221704377
4702,0.012145880955713692,0.04382765844959605,0.16632066790981828
4703,0.012142014089759724,0.05109368966776553,0.18433483125512978
4704,0.012118544502461468,0.049639920917540326,0.21041884363159763
4705,0.012100902681645574,0.046245255012902574,0.17942404460777397
4706,0.01218424268748765,0.05688671273408861,0.10338332803231014
4707,0.01208477965554314,0.04184484839184209,0.16269903679353082
4708,0.012158026208063947,0.04971102186522975,0.2498591463975062
4709,0.012096243624702022,0.04104802229891972,0.16622002881997372
4710,0.012084622315304666,0.036312538787118896,0.23559659936001456
4711,0.012101953195635678,0.045219629762973806,0.24997944049224005
4712,0.012137482612510546,0.04558123604598109,0.1952546198337422
4713,0.012047484638493693,0.03334505869429143,0.12338597349782274
4714,0.01217577942805144,0.0601907347014962,0.1553965474419504
4715,0.012211010996725188,0.06137439757602921,0.009502418846861142
4716,0.012165916404428604,0.051223087304176906,0.23086068313157213
4717,0.012147283135028301,0.046067410042480154,0.19599132658960813
4718,0.01217463698356182,0.052831405748075676,0.22251937856980827
4719,0.0121138386786146,0.043170650809395666,0.1572311817533766
4720,0.012194672579041872,0.04892869875407408,0.19283190351997284
4721,0.012152939780002094,0.04686808813280075,0.3014854704382689
4722,0.012138203073004296,0.043643205118994874,0.14546080676939796
4723,0.01224738541033716,0.062306914392060944,0.1748467193731091
4724,0.01212846989514699,0.0447421105759169,0.1985109152546893
4725,0.012166548082315244,0.04790025348890544,0.23965211440543271
4726,0.012209979657593592,0.05925581395080407,0.23255396426359462
4727,0.012131587336625957,0.04805315411808014,0.10303959348975554
4728,0.012130446840855777,0.048977281297276416,0.20242883069002454
4729,0.012169209641990362,0.05292551329241293,0.25754780311223907
4730,0.012161808915819793,0.05528689636350734,0.1824230247191729
4731,0.012129693222058022,0.049669490667320404,0.15839513975926575
4732,0.012171995159058762,0.05529503864739814,0.11549252002589638
4733,0.01215573571562175,0.053742219447823654,0.16673252657616264
4734,0.012203886924063214,0.0565484288913415,0.25391632480770376
4735,0.012136984851621247,0.04764829601448687,0.16775888659304222
4736,0.012156971823241781,0.05157424264524927,0.229402359673707
4737,0.012146306193598352,0.048112141424896636,0.22356747572517185
4738,0.012116435569225141,0.038750085417178226,0.28890951596694614
4739,0.012158429658699451,0.04314322373635551,0.24629791915179367
4740,0.012116229673920138,0.04389464017232762,0.1276938188736285
4741,0.012197604790363789,0.05888244061327065,0.16313871647349326
4742,0.012153649542004942,0.04188719137582816,0.057221950190969165
4743,0.012308090523705673,0.06507844355312799,0.2801401950024414
4744,0.012213819125919005,0.05467648242836319,0.12231673003526948
4745,0.01211586613085051,0.04348263982698944,0.22411196833329225
4746,0.012154832787785997,0.05001376071509385,0.1566755410286913
4747,0.012171752063266483,0.05202416674075354,0.20920479656934035
4748,0.012184990856514854,0.058197017543464936,0.14196193390977394
4749,0.012112858878089112,0.04579917153448391,0.17199282031366694
4750,0.012262182130597512,0.06436808809968393,0.20024570655168838
4751,0.01210253899019563,0.04338393801466378,0.1164239262604224
4752,0.012158539283827218,0.0480256166891871,0.3066679216736322
4753,0.012158498629099374,0.0439673584150198,0.2578078430311126
4754,0.012233565064981597,0.061034170778529954,0.24987853688321973
4755,0.01216219942874876,0.05094859179322623,0.11889568611722154
4756,0.012201778537868151,0.05461944777115591,0.1522538948238447
4757,0.012151843997104474,0.04991260851511666,0.1425169728240106
4758,0.012205598820997443,0.05939569548339237,0.24324222913825724
4759,0.012202467097391737,0.05511725043306565,0.11744230218347464
4760,0.012169661178494294,0.05439130899056825,0.14989408943128116
4761,0.012147665538919192,0.04988047137049198,0.167503569680435
4762,0.01219703344357596,0.05738649328056584,0.294968032648802
4763,0.01216353490776997,0.05385635009935838,0.14224105020947736
4764,0.012132363657308463,0.05086697342989017,0.1432214617847639
4765,0.012130334029050593,0.04644651617492673,0.2267132703427673
4766,0.01229033205809294,0.06818281356383835,0.17079027960357035
4767,0.012297404387366342,0.057572622585091014,0.15346260973511264
4768,0.012139927938267275,0.04698531975307389,0.044915144730658524
4769,0.01213817155894709,0.0454396500713621,0.2362642630183266
4770,0.012159806705137865,0.0547207186461035,0.241262007482058
4771,0.01213348769996334,0.04781347985626864,0.17690057488886202
4772,0.01214540525277837,0.051546756530322015,0.24811075271550959
4773,0.012228615996960386,0.0652960026132186,0.1520369761557968
4774,0.012106027129806397,0.045337719232281304,0.16433774360374503
4775,0.012204067714744063,0.061515599441641554,0.16027034396985224
4776,0.012134752514224476,0.05489234246110041,0.006021952705344461
4777,0.01203245763431461,0.0317817824744484,0.09617545855657543
4778,0.01211394620032484,0.04766031792594345,0.2062327838802951
4779,0.012081882018850663,0.0443460039988913,0.18305155086700237
4780,0.012113149389209921,0.04789820472680518,0.17756180876484162
4781,0.012052964494684916,0.029675292986704144,0.19047555416895737
4782,0.012193324898968265,0.063244761613969,0.22933015281874336
4783,0.012051887021099904,0.03339125681073034,0.16617102332762312
4784,0.012046059304407535,0.029290600648620553,0.18728687439337635
4785,0.012062053616270227,0.03461359106623946,0.09183750519281231
4786,0.012227650777773753,0.06631383845136421,0.21768670542655713
4787,0.012047849239595438,0.03616653108970075,0.13246869130557787
4788,0.012116777670660855,0.048675269262667555,0.2190316367858263
4789,0.012069509563796366,0.03925276427471426,0.19048520192947932
4790,0.01211071075776113,0.04591951416392388,0.28968229405894264
4791,0.01204393865935717,0.032374347158640925,0.17049821562608003
4792,0.012133654511037636,0.0521797770294984,0.24329210831464432
4793,0.012087013015707177,0.04325126137589762,0.125858525110575
4794,0.012123633139510523,0.04948886047558039,0.16988835576957145
4795,0.012088460153497776,0.03838203063547296,0.19003363229749654
4796,0.012148250668600313,0.050668277446883715,0.16232515853690416
4797,0.012074055487369758,0.03622499940250853,0.21538163203021987
4798,0.012118734762121124,0.040333071429987655,0.3647209589139511
4799,0.01212896308859728,0.044349616887621304,0.2276775191235482
4800,0.012184911000993302,0.04094820553341137,0.119470461825864
4801,0.012088506657907372,0.04311947813991527,0.10931364300801016
4802,0.012031123086645303,0.02928857195130812,0.2779525435075209
4803,0.012066154907661792,0.03206009059412858,0.2866272226294489
4804,0.01213107390652705,0.048046622380067655,0.30486290131630056
4805,0.012199519574081589,0.05898293096713228,0.05319507746457293
4806,0.012076703662876043,0.04034905322166709,0.10813172747588856
4807,0.012113456269931983,0.045761325577038464,0.13477045998509662
4808,0.012105866366918808,0.04203570101939683,0.21835566385227365
4809,0.012041496201763018,0.03327990703693447,0.19448599124334587
4810,0.012111843983952325,0.03958100330444015,0.2838136363914848
4811,0.012136581276859092,0.04964006974175868,0.18768350513188886
4812,0.012151955696817965,0.048327007425524954,0.1286264197870542
4813,0.012085451948877491,0.03991155974911446,0.18886514848469077
4814,0.012018638589979114,0.029399806092881235,0.22139665935710412
4815,0.012156135229393558,0.054139040129199525,0.3145939297430575
4816,0.012039605126840202,0.03179822625692157,0.12831950222635044
4817,0.01215680415550016,0.05080822123198993,0.34059579567354975
4818,0.012089519342668907,0.0436266137727545,0.16453206191064995
4819,0.012076037608313791,0.042085916178449916,0.1792590244091743
4820,0.012131372429462172,0.04455345152902852,0.266200573304624
4821,0.012122147766250303,0.03827686325883303,0.22683174424135988
4822,0.012065281592284075,0.03301152380797059,0.20620994687085373
4823,0.012142339444066416,0.05203132395420358,0.17376034064115278
4824,0.012079461627763747,0.04007025494574681,0.15135559463225595
4825,0.012050126423556738,0.03318493412676445,0.22947884986122916
4826,0.01206175601989939,0.03441481113038618,0.1796346480296532
4827,0.012167009075714868,0.05125172037016037,0.1884730303778987
4828,0.012327122521955121,0.07229812988441535,0.29706964062311075
4829,0.012079715500468576,0.038052199631413874,0.13342835567265335
4830,0.012233795556331913,0.06364231301321853,0.1962470911304351
4831,0.012110401326055549,0.043298913456932854,0.1463799195945121
4832,0.012188551792685826,0.055973525132624116,0.18000490499570562
4833,0.012032875182959982,0.030454965822452426,0.11691686156156562
4834,0.012065880222364034,0.0357170675849992,0.20279233923259243
4835,0.012118558539008777,0.041825562041892,0.17429461744846664
4836,0.012171283024998281,0.048381402517993784,0.009589754913597547
4837,0.012169993216158484,0.05039640391647275,0.17010982883404704
4838,0.012154966850098162,0.05129282973889114,0.2337720457064526
4839,0.012139650575980073,0.04399447956481484,0.17027267986234035
4840,0.01222323541487885,0.05528946309700533,0.25697910005455316
4841,0.01226663751326219,0.06132838432716304,0.2474589214112425
4842,0.01216624169116096,0.05257078552458237,0.13456920798247554
4843,0.01209476073369224,0.03935716421525626,0.18114313503819152
4844,0.012245611037406578,0.06649739356389474,0.3045586307589154
4845,0.012129639641629289,0.04834474958249627,0.15839349716439993
4846,0.012165466483543162,0.04997394238385745,0.22828966709774945
4847,0.012146461653702412,0.051599527629058804,0.17621119496705964
4848,0.01219968548116204,0.06040344766006297,0.12306918581463241
4849,0.012250302684362616,0.060094286607024906,0.06848870701870392
4850,0.012159671847928512,0.04885126486894235,0.269136636283097
4851,0.012115141030944576,0.04066046195036945,0.18091229715003698
4852,0.012252740104115555,0.06666914595566899,0.22726830899502137
4853,0.012091874422999834,0.03954731873575804,0.18645990193034143
4854,0.012299663225743628,0.06736546792753985,0.2960288099935756
4855,0.012105251461006534,0.042543308859314705,0.11898714127189754
4856,0.012177690553808875,0.05402536673781585,0.1878894257686494
4857,0.012167832307019127,0.055046558853980555,0.17495931308275045
4858,0.012091632443788523,0.03815826438587243,0.27612992164418826
4859,0.012327432822283735,0.07763068340903594,0.1518998571176607
4860,0.012087607367496566,0.04116702947634425,0.10456159935872879
4861,0.012165400489960976,0.05335296153503892,0.2633247871899043
4862,0.012179882515418695,0.04894576165821148,0.15664860229576794
4863,0.012178403481781163,0.04987730901216046,0.37022682782423133
4864,0.01215327055833584,0.04814032741485448,0.2197195026261984
4865,0.012270928266999258,0.06506089620397801,0.2026633133932608
4866,0.012107236345144561,0.041735279873958656,0.17081696119582807
4867,0.012148300267277116,0.041515171889125284,0.2544973595407226
4868,0.01231426533416777,0.06622813413883752,0.2424762612955843
4869,0.012226876648118709,0.05744834721943819,0.005983193252168987
4870,0.012028606346963188,0.027691294522826024,0.2407827556173681
4871,0.012060585547460563,0.03342161562705749,0.2515672488542595
4872,0.01206367052169123,0.035319313211250446,0.2347343738609152
4873,0.01225733244595248,0.07030691794458502,0.165448939570655
4874,0.012084554471284608,0.033173885929220444,0.19358762596853338
4875,0.012226651419901821,0.06068077218869723,0.2173682913112037
4876,0.012093416414331003,0.04140978278061373,0.14613344639446774
4877,0.012070132232945157,0.03677727917558103,0.23864103750160598
4878,0.012081558719167497,0.03937043683853356,0.20490198769383075
4879,0.012056330544263305,0.030368820710997467,0.22091541166166867
4880,0.012125992564893025,0.0439319278386577,0.2879097457808881
4881,0.012048374338275485,0.031117658155847633,0.20279883888125452
4882,0.012252955395980137,0.056694737820182126,0.2658848166268409
4883,0.012154674121122186,0.04607256671113899,0.1424465102943654
4884,0.012146169474943706,0.04547725496644103,0.21249608297103723
4885,0.012152163414343765,0.0483774637381252,0.20003635417277013
4886,0.01205259363175509,0.034186295813255954,0.22827354469515765
4887,0.01211106923516555,0.039448077727613995,0.3097705793359284
4888,0.01212081105653939,0.0366871896001902,0.15711628301889524
4889,0.012130511469216685,0.05002996567226601,0.1870436218965146
4890,0.012127529566676407,0.04816241163658769,0.1776451000191266
4891,0.012117717066720522,0.048406619183930126,0.1738892005803792
4892,0.012062383458053796,0.03829255932610974,0.16179072806625278
4893,0.012204537400383174,0.05099635186628124,0.17360262755387526
4894,0.01216073930023689,0.04567180200293229,0.26370840489364833
4895,0.012218877185267497,0.05755539201071586,0.20208157259417306
4896,0.012088344154589715,0.04059759409985884,0.10773775385901874
4897,0.012057410755088972,0.03522363364423965,0.1958203320526726
4898,0.012115521184878717,0.044317513837640314,0.26814071967169467
4899,0.012070703012722818,0.03745422042270758,0.19138727943703843
4900,0.01204197137892261,0.035288601950834796,0.11457248421362794
4901,0.012125014289663998,0.05359482007539783,0.13687649876757305
4902,0.012021867718767064,0.02542347931864544,0.06116301967136181
4903,0.012207456611150753,0.06468995945152234,0.19190959299375762
4904,0.012021829758848907,0.028208306965047072,0.2059069462039281
4905,0.012076053848032713,0.038653334044416426,0.24556474459932046
4906,0.012057969100748798,0.03473767226554307,0.21005691158708348
4907,0.01205097983008955,0.03229429738636268,0.34258376807800617
4908,0.012142560875002512,0.04828815333289924,0.2268849752731421
4909,0.012093562937642596,0.04400892238461789,0.2295031817037581
4910,0.012088721125704815,0.044355411752088826,0.1681034290404034
4911,0.012060292792385722,0.03740193189147101,0.20501805719297136
4912,0.012133337834021533,0.04247060989757103,0.27156934303115265
4913,0.012092512599142945,0.04547309378791709,0.20781831332470255
4914,0.012108469951789732,0.03926837930251541,0.17480906212286776
4915,0.01212118032297446,0.04055326423921039,0.23061973526979462
4916,0.012096565624644675,0.04419881821897247,0.20459812459765486
4917,0.012256580705701577,0.06511819558939592,0.3080570098634649
4918,0.01206383622696042,0.03423660368512574,0.1751863202348213
4919,0.012192894993223076,0.057891054514879546,0.11083719078721964
4920,0.012116925864302993,0.041611356935144755,0.19841338344795517
4921,0.012108947872241083,0.04966042834836385,0.12493227642159083
4922,0.012106936439626056,0.046780269030543234,0.1601722488610926
4923,0.012050395141316938,0.038077037199175344,0.1667813130836088
4924,0.012141791074436994,0.05570944649456435,0.22275757425118217
4925,0.01207158085366764,0.04204198239657945,0.18415504766671378
4926,0.012074730472231631,0.039143676289929104,0.22966468969021217
4927,0.012261377117255499,0.062007841658254445,0.2483882565979114
4928,0.012123287865694214,0.04753306578261652,0.11484068159050984
4929,0.012092399629656922,0.04315172535314544,0.21868311984224076
4930,0.012075213813151702,0.03821253485189623,0.1983311100837654
4931,0.01216910469857728,0.0578245194394209,0.19314884170749286
4932,0.012087816114677945,0.04331642021858092,0.12499681204899275
4933,0.012125202454574,0.04595735092119073,0.00949542341898489
4934,0.012231206995321054,0.045126285596861986,0.22222240712025426
4935,0.012226936889767854,0.04667565878792985,0.313956575577848
4936,0.012158131711207729,0.04937870235124758,0.1997578654125007
4937,0.012185739352607392,0.05462065786724735,0.2150342066448602
4938,0.012158067817968044,0.05160423048280627,0.18427540531334272
4939,0.012187844437012926,0.05693148876765125,0.15329126568222134
4940,0.012182525984365101,0.0569008310474336,0.15994698227288418
4941,0.012166923580128627,0.05315239681089065,0.1858316255432286
4942,0.012229977954461669,0.06316788337584318,0.13340693585973845
4943,0.01214614623062475,0.04864712016743327,0.13133001510766446
4944,0.012205579847599889,0.05851265433433935,0.15338802054393405
4945,0.0121807909898552,0.04624385565789034,0.11638506739106537
4946,0.012172178399234897,0.044234441443628786,0.2573354821089385
4947,0.012120374092088783,0.03997129913860941,0.1833865573568551
4948,0.01226979510891538,0.06318376791587908,0.20318353657173713
4949,0.012124640718090053,0.043471963184155644,0.09638544808638023
4950,0.012113184649224366,0.039875456194344246,0.16917898040980314
4951,0.012148609456418649,0.04852499400196148,0.29567970013637185
4952,0.012178832194058475,0.049216304193756596,0.16807085743472533
4953,0.012207405354663916,0.043894741429480875,0.2559783780826445
4954,0.012142783208923577,0.04785523886992112,0.2034550513721239
4955,0.01221019775111268,0.06104759204473401,0.20374761577549588
4956,0.0121632366451568,0.05098506070405453,0.243800609711494
4957,0.012167050377452792,0.053316472948841544,0.16981380439851715
4958,0.012183184633093367,0.04643778241399085,0.15805117373111563
4959,0.012156092362258553,0.04596551823144156,0.24036631747979278
4960,0.012212933277092027,0.04980770537013803,0.27347735590912364
4961,0.012128021046917688,0.04295544488167521,0.1834242672694947
4962,0.012285184028132787,0.0701197198753052,0.1411189639489446
4963,0.012125282648867242,0.04446839835190991,0.11637286092542548
4964,0.012252913710645939,0.06309749107255087,0.21627303085587365
4965,0.012209978211056937,0.056191838531003395,0.14772586573250804
4966,0.012211673241385685,0.05508551041160279,0.13832506022353705
4967,0.012195727024027945,0.04891375232300823,0.29213934026032085
4968,0.012102323747122844,0.038175492732042654,0.13172592017499898
4969,0.012115804620577666,0.043123405790993045,0.17138739997255065
4970,0.01212097080596886,0.04365016319921388,0.2291956917085415
4971,0.012131110558492567,0.04129769312192486,0.2709200474793875
4972,0.012129979675308239,0.04085652201617087,0.3096829383567665
4973,0.012176642541201323,0.048480077547097204,0.23801999351916064
4974,0.012144694261269608,0.04495042441695524,0.25439277998811266
4975,0.012140109697163398,0.04469564869512198,0.30143544076483064
4976,0.012127161441889996,0.04487772628725921,0.21742807935519548
4977,0.01213310395789951,0.04318680600333763,0.22631287818007276
4978,0.012167919200621439,0.04836084570290056,0.18464590707286957
4979,0.012187849426849943,0.051872034349850556,0.257307932752028
4980,0.01221072255008375,0.057128089044348136,0.24370134115549053
4981,0.01208083902482103,0.03705735576028037,0.05198136261031535
4982,0.01212126966663348,0.03900164752583248,0.3515558765693144
4983,0.012181032252369486,0.051033423592556096,0.24418184041329494
4984,0.01221243236156984,0.057592026351352445,0.22570912080394004
4985,0.01215993311414661,0.05016187332169545,0.2008418934330778
4986,0.01213817802843836,0.04502758149680183,0.22425567769766228
4987,0.012195852230871808,0.05237538753078399,0.18361929054444542
4988,0.01224222692392818,0.0643246762143169,0.18932895544063008
4989,0.012151657625099385,0.049526411621161996,0.1481355273856535
4990,0.01218447735462169,0.05868451357878845,0.25671689712445306
4991,0.012171824091243589,0.05342646410832983,0.17463709139290726
4992,0.012157923904936927,0.053805667475219456,0.15154096853850893
4993,0.012253937428918298,0.06400745335071452,0.048717150677507974
4994,0.012164199618087033,0.05173003633515996,0.16105754239102188
4995,0.012189417256281346,0.055973569890235816,0.11960818998054146
4996,0.012122030399545632,0.046714434008773446,0.21260930923818397
4997,0.012145431302760487,0.05112005452574081,0.2992031233608338
4998,0.012161355901286957,0.05383751374126785,0.20243125957604113
4999,0.012140419604888125,0.05000275310322095,0.14240384904932113
5000,0.012174030412186633,0.05360815437172123,0.15060635978541562
5001,0.012102693386502371,0.0434022774255512,0.17073467966679662
5002,0.012141815225279738,0.045030420910133165,0.20156440434395526
5003,0.012181532742074763,0.05387092701574751,0.3195529232570648
5004,0.012164494144667491,0.051649046701450284,0.1706864622668091
5005,0.012110597302862857,0.04564542226757661,0.18296821800677485
5006,0.012157955926505686,0.052705977333292214,0.23026477762444555
5007,0.012196448403816963,0.051005697176387206,0.1838813252860141
5008,0.01217933870755882,0.056384179128766046,0.19987251968219763
5009,0.012182487555159919,0.059517256522794756,0.10346029244060109
5010,0.012158206128638636,0.05376145515187202,0.18052707936587883
5011,0.012165401143573196,0.047467476773280066,0.21760423012612282
5012,0.012304603287751993,0.06340670406071149,0.21962721415032893
5013,0.012188392775791937,0.04934702830149633,0.16196637745995068
5014,0.012086712828544887,0.03717773076261841,0.17962973308626387
5015,0.012208599780686946,0.05262624509644388,0.2902249884870519
5016,0.0121461953737356,0.04850789919351736,0.15824080372087532
5017,0.012169833863465524,0.050725491452014576,0.22161853522894126
5018,0.01212972160236453,0.04407860959516647,0.20156765569863327
5019,0.012158927911958271,0.05131935752207218,0.2808646536233698
5020,0.012225223189727416,0.05621863682285482,0.1118576713406518
5021,0.012114099765681365,0.04255117374011126,0.21119734315993544
5022,0.012198594114595233,0.05714586347419312,0.1612699153273382
5023,0.01211732806431464,0.04486757305300432,0.17946573600029847
5024,0.01216552986667762,0.051052186377532074,0.19882165721619105
5025,0.012124565404225273,0.04014934288447971,0.1867139662575774
5026,0.01218506231330191,0.05077469623977065,0.22386288066440113
5027,0.012199686876862008,0.05459932351833168,0.23571771651026632
5028,0.01220243951969348,0.05827339530974171,0.3462239765401823
5029,0.012126312289106572,0.04991819251169343,0.005990619818675646
5030,0.0121192730254509,0.04057660588966365,0.25137894907264735
5031,0.012155166064647288,0.04864306843348821,0.20690010935792463
5032,0.01215754109277511,0.047388594198909034,0.1691808003697772
5033,0.012174428715610143,0.04933891053121228,0.22813583862310846
5034,0.012123549965276524,0.04100164938826504,0.13234286586331567
5035,0.012137014543118966,0.051917929328332085,0.19425262354040942
5036,0.012118273052246789,0.04856769154887091,0.1533728732015407
5037,0.01209596661887064,0.044513351907396845,0.18829632941075272
5038,0.012072782428099133,0.037688473820166345,0.2220504979179752
5039,0.012097563492515591,0.04457997615893897,0.17724332259536751
5040,0.012089059723218757,0.04066784181908159,0.19476621022944118
5041,0.012145146217465347,0.035633238539128635,0.23469794053334575
5042,0.01208405350858309,0.03623135603441205,0.3165344461030513
5043,0.012113424159342358,0.03674967806957958,0.3119869381519734
5044,0.012182364750418269,0.04946355025876522,0.29578995065444486
5045,0.012137190039317286,0.04661747391431613,0.12643850067959667
5046,0.012185023548883534,0.05449115480572093,0.1741612004927375
5047,0.012098269132140314,0.03494109756967558,0.17339902247247227
5048,0.01207670494525581,0.03545288933278241,0.2390481037943761
5049,0.012057447670057583,0.028001633463524113,0.16030011560855537
5050,0.012341678227151697,0.0731278024029196,0.2423257885031194
5051,0.012057231884119973,0.029747901121621217,0.14185088317318192
5052,0.012242633420050667,0.057331667418897544,0.27421214695463175
5053,0.012074002553040962,0.03450441283225513,0.165516717132371
5054,0.012420434988267032,0.0899512135834293,0.12982788214552382
5055,0.012030138919448784,0.029115570410263296,0.1134070215893707
5056,0.012245800971668889,0.06481946962316461,0.2495135425113102
5057,0.0120929541240789,0.0417209651945924,0.16672539789847532
5058,0.012078087893777133,0.03972038320816544,0.19352408172161656
5059,0.012125738645467881,0.04455288814161511,0.009504467335261361
5060,0.012263352793438955,0.06786824341159738,0.1754763871005393
5061,0.012110826230892649,0.04412044033933664,0.11927059009264326
5062,0.012222696072144022,0.06306069619150663,0.2001552100056421
5063,0.01213013480233443,0.04750468903534713,0.16638243449205145
5064,0.012143873661269013,0.05125611480424558,0.1436361631758831
5065,0.012202991292750888,0.05858426897524409,0.08292606707439772
5066,0.012107128853193923,0.04368138044365188,0.12911591952464274
5067,0.012120809174411282,0.04572616911723119,0.20093684682400378
5068,0.012224999577683408,0.06487303373925235,0.23163539118336443
5069,0.012137215014694627,0.0469198939214141,0.16899322732180128
5070,0.012150863406629863,0.048075118670257946,0.24730108783048263
5071,0.012135071678153714,0.05048029535513213,0.1710267210516932
5072,0.012133191353793808,0.04581099128736925,0.16195381337684853
5073,0.012176885143994459,0.05835261846680098,0.20523981727376073
5074,0.012135683468498908,0.047338957148809306,0.29256527618614814
5075,0.012158004842624035,0.04847120852933565,0.23708675199187612
5076,0.012240321668296156,0.05387287899451961,0.29954657071261254
5077,0.012128145531443466,0.04335673985607536,0.21565908320405666
5078,0.012086488992144616,0.03960179404895233,0.2432796608238804
5079,0.01234280022972052,0.07890643280205169,0.1826950903701731
5080,0.012078405220143274,0.039367889688271804,0.12915997715015975
5081,0.012176122645098124,0.0509735331374619,0.2130559817177051
5082,0.012152865357998187,0.04333301423722537,0.2536807618367729
5083,0.012266833292951577,0.05987738965252173,0.3020554889105745
5084,0.012109411314375386,0.04125923663975117,0.1338057524936044
5085,0.012199430894621478,0.04867514115801077,0.22065965175809174
5086,0.012121785548687978,0.0403081685728334,0.19862975449743792
5087,0.012177606278375658,0.05415748141703267,0.2872302563230705
5088,0.012163861845654994,0.050630326407739075,0.16960064676748568
5089,0.012124732213237262,0.04380993183925527,0.25389487923227616
5090,0.012228299323968668,0.055432675142213415,0.062393100474548414
5091,0.01219951247257389,0.05435154917283891,0.15103889492760184
5092,0.012230966544741005,0.06039388190075678,0.1425788263632582
5093,0.012166705802235622,0.04362884300475628,0.21831313898524715
5094,0.012093247813915135,0.03709563859753169,0.1495957374898417
5095,0.01213423782441131,0.04124212135995537,0.24743642644326347
5096,0.012336852745932997,0.07188692034208351,0.2729404504276932
5097,0.012111485685578807,0.04171611256860018,0.1641813831116738
5098,0.012281988644836643,0.05995829259592232,0.16658148648612897
5099,0.012130903222325035,0.04290928706381914,0.18166985732932295
5100,0.01227257137868987,0.05803149619695973,0.3472319761310527
5101,0.012220837367640975,0.05762757393741931,0.15881770473771079
5102,0.012152414180105157,0.04684395786814143,0.15620928468714035
5103,0.012125796249202183,0.04309053923603961,0.28120410955776826
5104,0.012216428597594583,0.05620167751141217,0.2368133174701975
5105,0.012157195825441024,0.04963896073164436,0.14695533599840818
5106,0.012087281117486921,0.04101162374457316,0.006011393903945525
5107,0.012097628128355721,0.03889838726865859,0.18354578562737997
5108,0.012058109293794762,0.037440389770287366,0.21324659350775702
5109,0.012138578384581794,0.05241861573942001,0.2148554684634532
5110,0.01208362166613179,0.03445355625475652,0.22871500379811086
5111,0.012058691755506673,0.03488623609469193,0.1441317094353584
5112,0.012087000937152663,0.039386793987926265,0.20045164236101062
5113,0.012148797294370881,0.05543343051855621,0.19502291151823992
5114,0.01209168381151247,0.045668729049833316,0.17401486823751824
5115,0.012089998289534942,0.045713300860113874,0.16156973253190554
5116,0.012072805776364253,0.04377713042342718,0.1268933405517798
5117,0.012090044762211658,0.0377811037087953,0.2131848203472431
5118,0.012098805294155445,0.0332952084252965,0.23757252932201905
5119,0.012162638503815553,0.055440263680881834,0.2255426528516679
5120,0.012079692639768658,0.03965340139972447,0.15628826202944038
5121,0.012126453165257428,0.0406609795163175,0.295790630788523
5122,0.012142032706603948,0.047963794926733354,0.14875972406496313
5123,0.012106655633370633,0.04667449572967318,0.18470903945965939
5124,0.01210339265878032,0.04731417690635538,0.1852814395244297
5125,0.012120883927786208,0.05221509257371291,0.16251523990693417
5126,0.012069974284622408,0.03296940064100764,0.12921372907788284
5127,0.012089570592471737,0.043908172760510275,0.20697461907983267
5128,0.01212227990510361,0.04081172679164279,0.23589400031271537
5129,0.012267476588995905,0.06329717696050642,0.17880553780929848
5130,0.012128721930861678,0.04326523091807691,0.18067952233632414
5131,0.012203792962837072,0.056904920547042125,0.15272823632851448
5132,0.012112602819320646,0.039351648273475835,0.30106859840525224
5133,0.012184062601790337,0.056625602878769776,0.1733568551425964
5134,0.012154167226650086,0.05151829521287306,0.11334954171273232
5135,0.01205607071762567,0.034564766260675596,0.24829583121188206
5136,0.012206347344736815,0.0630929514021698,0.1639057858399466
5137,0.012041917410957599,0.03257963553614411,0.1182804422351231
5138,0.012107772938833673,0.04491227143504468,0.31693236857568996
5139,0.012098223521943473,0.03944948866159969,0.16348186737816559
5140,0.012081104538893555,0.038675859621273484,0.17757149021502042
5141,0.012063010220310647,0.032918246034891865,0.2141525331290009
5142,0.012172559785983108,0.052764858673581556,0.25060536924784566
5143,0.012110833203720694,0.042884880484770654,0.14748285102513997
5144,0.012079976196225611,0.035714392313330685,0.2307013075189767
5145,0.01218212958558363,0.059705739043227284,0.2457299656160186
5146,0.012071436412250159,0.03693436620368271,0.12848030518930345
5147,0.012113356953126802,0.040652979144873556,0.22094055700437523
5148,0.01223933093323766,0.05988731130712664,0.17640733359546584
5149,0.012087759911281915,0.038387315169652166,0.14547290936736687
5150,0.012153387776800967,0.04752538836734969,0.13405431889067648
5151,0.01217210750971987,0.05271174925051469,0.14013234182686318
5152,0.012180185667281334,0.052710552482627994,0.1383817133695248
5153,0.012027527951512245,0.030410141136123198,0.10072934471108284
5154,0.012140924804663193,0.054902205485805426,0.2089342637741564
5155,0.012084855292543956,0.032815994446120524,0.054064196291227155
5156,0.012110858318977296,0.04393090651776178,0.27671927620362363
5157,0.01213294540981217,0.04860315594275738,0.2517958066803518
5158,0.012143117267516625,0.05345906151653307,0.15355936770534273
5159,0.012105544805997657,0.04284710708006283,0.2930290103479939
5160,0.012049236619340443,0.03807826229934657,0.2004049600886596
5161,0.012103906086972661,0.04522698159103651,0.0096331751540141
5162,0.012136211058813885,0.046884801227396536,0.11495604763688724
5163,0.012087658301246848,0.041409729715074825,0.09653718374174944
5164,0.012148071316119382,0.05002392166495157,0.2592210025279191
5165,0.012238172872969437,0.0617997616161315,0.23916176665152267
5166,0.012091161553592722,0.04095161147752633,0.17598847044989613
5167,0.012196959944949522,0.05103156464205317,0.24972248261479835
5168,0.012119785581042814,0.04585956508629935,0.18623126869238568
5169,0.01217663641245326,0.05478512801169085,0.15450467842581692
5170,0.012137715211270498,0.050127463156118435,0.1781348652551392
5171,0.012140070462349332,0.046035580614509915,0.2248186666261444
5172,0.012179923576681453,0.05160194502359057,0.2500714906310258
5173,0.012133357051482132,0.04506054602522042,0.17678736891301114
5174,0.012221631642511189,0.06186064236030763,0.21374985245886047
5175,0.01210462932863155,0.04097166098247531,0.17519085661542474
5176,0.012233758323087223,0.06697248833496029,0.2478936665804544
5177,0.01210962394665605,0.04495148450308103,0.1437698892126445
5178,0.01223624696457241,0.06520227018621058,0.2146966528487744
5179,0.01207536223231526,0.039995475963123174,0.14474684143515434
5180,0.012134968581798586,0.04113686605302277,0.2747202494089522
5181,0.012231054548966891,0.054882362224370124,0.37582929314957075
5182,0.01213377937232209,0.04390197239087677,0.1827255288399536
5183,0.012225559804764025,0.05554819407837414,0.2120064613888155
5184,0.012203183858986744,0.05036928563434143,0.137908767701653
5185,0.012219144071305832,0.045063379393205025,0.2337536242188998
5186,0.012165813440104672,0.04785794724351677,0.2335626146595438
5187,0.012218307707910625,0.058677890467497155,0.2301285436532835
5188,0.012141363186231866,0.047023364795807356,0.15265285932377348
5189,0.012127441867269634,0.040794298274361734,0.24520767442207073
5190,0.012185032374402646,0.04663347841354709,0.19488025007503593
5191,0.012210173311549409,0.05514443292146134,0.18236189393038182
5192,0.012177937217917902,0.05201942125944169,0.17966878138333894
5193,0.012228582168663437,0.05662276741394167,0.2851198388103196
5194,0.012154612414864773,0.04807712164373593,0.21198850150569645
5195,0.0120695852532326,0.03573404252812783,0.162220036025696
5196,0.01200425589746449,0.023474670762368907,0.005963620831030545
5197,0.012129941982270513,0.04681030341462176,0.2802177344528883
5198,0.012084816486186669,0.0415902997699775,0.17004245355799125
5199,0.012089676453001965,0.04326011274318425,0.17138140942580082
5200,0.012126781221081231,0.044831751564648865,0.17912360669617958
5201,0.012049349459820526,0.03345842182686521,0.21516339016279565
5202,0.012079061466896994,0.03444433990680137,0.22908947072377409
5203,0.012258952068260802,0.05823636467885792,0.2038240723313104
5204,0.012066614107785346,0.03578614797550768,0.10957008374014707
5205,0.012141212387902158,0.049893404093682724,0.23298864563316998
5206,0.012100889125226158,0.045397302153634064,0.14474749502646456
5207,0.01210478220170267,0.04573085152165993,0.232091678477951
5208,0.012118529752200518,0.04911492658270976,0.1944107310083682
5209,0.012090334941661113,0.04310045374162438,0.1756218247841022
5210,0.012127614421964552,0.05159440758515174,0.19483128983958792
5211,0.012097077302295752,0.0413252317875531,0.16512342458497825
5212,0.012101423662578019,0.039210186316071836,0.24954171597599528
5213,0.01209956621699916,0.04170080282554104,0.33895571468681107
5214,0.012085285600901052,0.03863902168055372,0.20666892491286126
5215,0.012101357911311861,0.04017125540995832,0.16574437736084216
5216,0.012104872349846259,0.043432200123348884,0.2486351437228928
5217,0.012151003011119276,0.05195164222887631,0.19842230263884256
5218,0.01208574583216296,0.04415222189337967,0.17386294917214892
5219,0.01211455966408498,0.05077627567510296,0.21987589252598208
5220,0.012038796627134982,0.027635619001563003,0.11035003002647821
5221,0.012045695634937834,0.033912056315016224,0.29225248305212875
5222,0.0120686730170856,0.038123419307035604,0.3120558719672663
5223,0.012137012511134688,0.054651723504026424,0.22663884846453153
5224,0.012022104483055313,0.02956000173736864,0.16659248592942622
5225,0.01209333812606904,0.03572861827735867,0.0736858603716897
5226,0.012175730567748467,0.0552937202502546,0.2771695977608511
5227,0.01209895243595007,0.045874063156172214,0.18463192175652365
5228,0.012095449081160371,0.04354153015915742,0.19259023532357392
5229,0.012096417550920637,0.04918090560259364,0.16857725900368628
5230,0.012064079748105437,0.0433232709884134,0.1662510066849316
5231,0.012043755795588907,0.02846338497387191,0.15591431841608341
5232,0.01214999482099131,0.047599998603371586,0.36092280801944354
5233,0.012130332875608149,0.046423668459735556,0.18672927249648127
5234,0.012179136986064374,0.05077913613563004,0.15272009110894347
5235,0.012051457979887768,0.032091753263477546,0.1292523471572875
5236,0.012264002613757225,0.07121944286211644,0.2139473572347215
5237,0.01205554577094044,0.03493380942265503,0.14798812304702158
5238,0.01211959682204208,0.0522456620731948,0.22092402005100822
5239,0.012104352197382937,0.04632355523399489,0.13370893031671824
5240,0.01212903657191735,0.05168865689347754,0.15647456813786012
5241,0.01206817960648633,0.038361682373919515,0.2436321457672707
5242,0.012080661787290827,0.0422707481727541,0.2185925588711068
5243,0.012146092989437208,0.05638067725182575,0.14640980397272693
5244,0.012084773533074347,0.04238515874814878,0.15280991243638664
5245,0.012059913812259463,0.03250480722548549,0.2769985496459725
5246,0.012065042752578924,0.03929961651526944,0.09126803081292367
5247,0.012047606853402292,0.03841057532232473,0.15382114926955642
5248,0.012088206946591165,0.04623528802220556,0.16079049592121405
5249,0.012063744033273774,0.041066160013632114,0.16392320545074165
5250,0.012131665794162827,0.05031961511532883,0.22482709429048398
5251,0.01208780124692695,0.04119093550311087,0.20401615183108945
5252,0.012223344615302226,0.06387761389223691,0.17651608524654144
5253,0.012012867720523257,0.02628216975758358,0.16322235308323715
5254,0.012026389580415084,0.026461499548945354,0.336911422798336
5255,0.012095703003350937,0.036186807261305236,0.06805775975973043
5256,0.012041463663948234,0.029874541746107514,0.2508588629699891
5257,0.012084798755400009,0.038521932986076056,0.35751643942702627
5258,0.0120624549112052,0.03296440949898648,0.2036240293219207
5259,0.012263411527642277,0.06844165506182805,0.30035238724117097
5260,0.012077724900286002,0.03841652810010781,0.15030253662161164
5261,0.012024037839519294,0.031802919913321195,0.14612565092787783
5262,0.012050698981981097,0.03308822671672101,0.25370230264233934
5263,0.012071634982400875,0.039364984597860156,0.2720648873617617
5264,0.012119650657680493,0.04994296244458251,0.12467632012537525
5265,0.01207627262614601,0.0394838082438267,0.23612943666986896
5266,0.012053658099695143,0.03275222055131894,0.19999399593111286
5267,0.01209393333225961,0.038612703879354664,0.21802299985806925
5268,0.012149916068338661,0.053045540623784526,0.3481908580858395
5269,0.012047031281981712,0.032604951219803585,0.23733486057908754
5270,0.012104810938709822,0.044631100944266484,0.22433752169888593
5271,0.012147557070926324,0.048818363360701306,0.009404918586845683
5272,0.012171205663537236,0.05412930726969405,0.19923013464597322
5273,0.012109459639934598,0.04316213636828445,0.24129169247406582
5274,0.012238732908762309,0.0657416240503316,0.18752337505325373
5275,0.012120055008649874,0.04677487131778797,0.13712648775865505
5276,0.012206899213145595,0.060208564075224916,0.14940923898126854
5277,0.01217819380786573,0.05579886092126183,0.19032160410863655
5278,0.012157040579012894,0.04895238226466929,0.1740212709751822
5279,0.012217867022046242,0.05753015068830274,0.20704945130943203
5280,0.012201640866406085,0.05959014330135915,0.16875680087795097
5281,0.01212509029633434,0.04525903629526675,0.1660635044243369
5282,0.012215913014093896,0.057602286513295235,0.27362461782428416
5283,0.012147209605689425,0.046485767360326516,0.17873747120452563
5284,0.0120989266569221,0.04016751620952625,0.32842860847343086
5285,0.012098206115090946,0.03800637319324262,0.2486271974317187
5286,0.012147635413129456,0.041107395763393756,0.28880737229019976
5287,0.012297732082171184,0.0660998114081573,0.24765081727871735
5288,0.012083658779598381,0.037369108125053736,0.10371138129429366
5289,0.012271141206929029,0.06984349486888394,0.25028258174557033
5290,0.012145365710961219,0.046148153748139194,0.1983267491829728
5291,0.012172921749873238,0.05365925850690702,0.33586179902481356
5292,0.01214573805326282,0.0414935963034163,0.21791352963826008
5293,0.012333988765592708,0.07158725520605819,0.2555737398590527
5294,0.012180919531854925,0.046513346968987505,0.18608824449896227
5295,0.012180950266403626,0.0543273208861508,0.25655680070181675
5296,0.012219196561819587,0.054797113310871184,0.25049915060772493
5297,0.012178808512695156,0.050957445708232026,0.20194770499297124
5298,0.012147540250791329,0.0512679246782551,0.1750841447655787
5299,0.012139699252109133,0.04961082680456379,0.27159162643993456
5300,0.012242865580338184,0.06519844225485831,0.15412138362754305
5301,0.012134048592861992,0.04620381706364659,0.11601488236831115
5302,0.012205816022020723,0.0579239232045837,0.3110345534999187
5303,0.01214617204737109,0.04620821173395752,0.133012520754191
5304,0.012272445370454521,0.06778274899887106,0.1836197577944028
5305,0.012119136587141359,0.04263252462061187,0.16809192790213737
5306,0.012219919787301697,0.06180401094927878,0.22864738183034583
5307,0.012099632544176725,0.039217544530751894,0.20573564674730246
5308,0.012131785155786614,0.04486367301204579,0.18043221896273734
5309,0.01220926089187701,0.056792512903648396,0.05726560386599769
5310,0.012146592172387666,0.05038896483834993,0.1379482542227951
5311,0.012168126811182407,0.0500685638659738,0.20140210524237165
5312,0.012113534556041939,0.04620242343632961,0.16556243867843162
5313,0.012130704490856379,0.042516028272272834,0.1253117234543429
5314,0.012194256163796735,0.04788734066517939,0.2228275281427848
5315,0.012124716212941805,0.04596521008034842,0.1764352412089089
5316,0.012119924498032838,0.04549032207838234,0.21203905064224884
5317,0.012052133979753714,0.035357747158281105,0.006008045678332228
5318,0.012090375257259327,0.045109002119762424,0.22327477181260985
5319,0.012078770649218088,0.044589233353350466,0.18809981457264707
5320,0.012115529719245647,0.04832212936187895,0.31832068357968796
5321,0.012133836533627516,0.04825328461814837,0.16387995914849013
5322,0.012049214690150469,0.03346082675674396,0.22871808015280878
5323,0.012101671345430887,0.04707847616729569,0.18510603817251206
5324,0.012081346649613658,0.039841042363802516,0.1514173796891221
5325,0.012119671785790646,0.050302132580174866,0.22968157581196777
5326,0.012107721335898772,0.04945556321525021,0.23718054014163265
5327,0.012120364024387322,0.051264750458465735,0.17104304457814792
5328,0.012066861149294896,0.04174222777099153,0.1839986878448559
5329,0.012123260406313527,0.05089359644433475,0.19984719786397412
5330,0.012067903690849568,0.04122118789651973,0.17463430783609304
5331,0.012082092105035802,0.0376851020746194,0.21898021804462103
5332,0.012182450846362717,0.05476350782549918,0.1429696316578571
5333,0.012169585338883791,0.051666838345289234,0.1371547667411119
5334,0.012207479103624946,0.05468122264711744,0.009443309997900861
5335,0.012132585565264226,0.04713950932167459,0.17798085312961012
5336,0.012242577404608778,0.06654530226138947,0.1461534751220771
5337,0.012102269652596283,0.043018481553333945,0.1843665114063688
5338,0.012122730234737077,0.04538286133366991,0.14602203651465367
5339,0.012216462540407324,0.04774947527589395,0.27852225198995223
5340,0.012196476553112413,0.05781144233641755,0.16151670075131194
5341,0.01209734534021665,0.03990131883233874,0.14923205864330089
5342,0.012194275246332216,0.050810053704415326,0.34085372560033445
5343,0.01218767571232508,0.054625213855689664,0.17433543100411084
5344,0.012134414410875672,0.04197623093700855,0.2538660310820549
5345,0.012206663146018402,0.05178434051928275,0.21926482691650087
5346,0.012113569248172385,0.04506279899012905,0.15425239594169846
5347,0.012177396573610926,0.05332695536405752,0.26733717142390345
5348,0.012165584017006846,0.05219764261785565,0.24625078765080144
5349,0.012183774823431017,0.051907362035638706,0.18837290478422364
5350,0.012116847778574734,0.04636982545837719,0.10960523787018354
5351,0.012169341001350566,0.05592249406547714,0.21634339521202828
5352,0.012129647348121471,0.0484019842328161,0.20734449615237693
5353,0.012107616177618049,0.04521829423226548,0.21481074157741542
5354,0.012183336614255203,0.05706536553147522,0.2051699650904153
5355,0.012118012465582131,0.046189877095912685,0.11218524382185396
5356,0.012118736094931103,0.04655451621863938,0.13711349455132602
5357,0.012107196537738748,0.04316910382010933,0.04896127530043438
5358,0.01220344477966297,0.05787631890323027,0.32211612938228734
5359,0.012138763041454259,0.04857610877050655,0.16163014154243827
5360,0.012107201702881282,0.04451955781383069,0.2048221816451459
5361,0.01229479031666501,0.07343338541795003,0.1662941232987563
5362,0.012097302816059492,0.04309503135639924,0.13548906939614525
5363,0.012174996402062316,0.04752960619129717,0.2518153120141908
5364,0.01215966382459679,0.0540201049762222,0.20984762483516103
5365,0.012177672561331756,0.053590794416774105,0.13714744750911623
5366,0.012200157782928147,0.053212742362688845,0.24273949156816751
5367,0.01228249982686418,0.06540983482094911,0.14704728342786005
5368,0.012168334934129612,0.04693354195262165,0.16920018758641608
5369,0.012159302891150253,0.050451642883571665,0.2258681294500575
5370,0.012203811552412732,0.05621788592491783,0.22510017749377464
5371,0.012118055032781896,0.04356665708627706,0.17653934118182987
5372,0.012141562850129356,0.04754521060102294,0.22300113621637302
5373,0.012239847545956497,0.06109222978250653,0.18185888794742308
5374,0.012163634882344542,0.04767469906012105,0.15647889647906643
5375,0.012109675839424527,0.04354987954894241,0.26385949561504674
5376,0.012076331927206524,0.03766064751561315,0.29200348929642583
5377,0.012161690576126288,0.04970380704354679,0.30963786142297195
5378,0.012206558038027093,0.05349440632129585,0.19438305174222312
5379,0.012127759289851789,0.0467573407496395,0.17428280357266826
5380,0.01215008072276588,0.044448005545756855,0.23883565954171532
5381,0.012248879853797712,0.062045136282630545,0.2237759834584156
5382,0.012163438917922997,0.05134696555625012,0.13238382669026694
5383,0.012201282556313945,0.05826530664680526,0.20071320352035085
5384,0.012161567339516397,0.04662879817952571,0.2555459957924261
5385,0.01213990232161871,0.040925781534755505,0.3121198521168191
5386,0.012236863936175986,0.06213453180089348,0.18121247929999282
5387,0.012176468140495215,0.05236705331972084,0.21388570331019544
5388,0.012190941543141891,0.05278230335677843,0.17438618518232932
5389,0.012217661505248138,0.05269039135429058,0.3166812664546162
5390,0.012119725882057042,0.04197740796467,0.18240874901197895
5391,0.012064480553210946,0.03473394997312323,0.006070451448859068
5392,0.012135566966677074,0.04394193979700025,0.32123539825389225
5393,0.012073399960005242,0.033429203527501984,0.2190683087849887
5394,0.01216037685116139,0.045884288527941144,0.25792214849819467
5395,0.012087239797763596,0.03422018310071091,0.22010679272839026
5396,0.012060343642154475,0.030802161351334994,0.2701598018024572
5397,0.01217546839562919,0.049916690862868186,0.36137358929253877
5398,0.012020090889740364,0.026713368702765812,0.19702569937357717
5399,0.012164826653837056,0.055643638019181665,0.298551850903447
5400,0.012141367754074374,0.04751228002467189,0.1369682749627659
5401,0.012103989652315798,0.03563674636992251,0.2493894164420736
5402,0.012086172911342364,0.040861982455857,0.2237933234314543
5403,0.01206326478453361,0.03621421961526044,0.18145624025919874
5404,0.012146618806892313,0.04720706291902458,0.1922300854344879
5405,0.012033768290708917,0.029227620567630848,0.1230777221098635
5406,0.012081056555916634,0.035647545012291205,0.15353498802817414
5407,0.012005905944760198,0.023383589010139625,0.17957024979425534
5408,0.012104437428745105,0.03843156487091389,0.2613413675921526
5409,0.012120230202116684,0.04095593594309086,0.2146795416019452
5410,0.012207914399218363,0.05429784957974052,0.22007269752578557
5411,0.012133326596107153,0.04681084303434033,0.17312750822744463
5412,0.01203637658424268,0.030993150460534278,0.28036450371115024
5413,0.012175842844945455,0.05640633486465277,0.2305427522327593
5414,0.012110051424863833,0.041415952809850165,0.2874749800438433
5415,0.012050856485387406,0.034160586471711545,0.06361393047722587
5416,0.012120742903987677,0.04268462338317004,0.22234449523418423
5417,0.01202362101238816,0.02639809015705085,0.13370639164176326
5418,0.012291286945942769,0.07302268112631836,0.18974427998366655
5419,0.012027429316882398,0.028342617904548038,0.10254011714067685
5420,0.012084621701637162,0.036839039189744224,0.3107344479926667
5421,0.01207272256470915,0.03322752374164464,0.2826715778740642
5422,0.01204806015312581,0.028732446174430513,0.23656655680972236
5423,0.01204121977811946,0.02805086267613944,0.3105186207136981
5424,0.012261545829064593,0.06726179898495815,0.2410736914771381
5425,0.012069938026076575,0.0386630715763624,0.11978289348546278
5426,0.012089994099100106,0.037006710436944805,0.07399909680853964
5427,0.012119584811840894,0.04557285666769674,0.25684583505613723
5428,0.012039561246451044,0.032923080191331555,0.13934064170877047
5429,0.012185524434866138,0.056102779277627496,0.11759605301770502
5430,0.012096094148000253,0.04421717208601214,0.11839284640621173
5431,0.012064875435993204,0.033535966138395656,0.1691547763888185
5432,0.012085090709250935,0.041382764271878765,0.2381864467441381
5433,0.012088134839906466,0.043648580752061024,0.19648562260631525
5434,0.01211218997524431,0.049906574929898674,0.148430925774098
5435,0.012107508728820363,0.04866745376357696,0.167799570544456
5436,0.012058228078543889,0.03901822673575234,0.16255975183241833
5437,0.012186248837412586,0.06265609693294479,0.163311360640866
5438,0.012015552406188788,0.028168413948451612,0.1661612917882376
5439,0.012061475480983831,0.02970758260397504,0.2719388626351852
5440,0.012076290432395342,0.04182458820938767,0.27600098451907157
5441,0.012129959167562952,0.049676828267735236,0.25110811274935046
5442,0.012032916267425838,0.036353087923660786,0.17810253212330943
5443,0.012102143890470407,0.04877581348458466,0.20272057121270037
5444,0.012084779746205958,0.047311427727408505,0.16829452312116452
5445,0.012059786120665935,0.03747780048267151,0.1951914910812619
5446,0.012030846627091661,0.0282701875721169,0.2526086405863132
5447,0.012085239487955023,0.03733754992085118,0.33196199222391726
5448,0.012081824884534052,0.0438618370442727,0.1644183380461667
5449,0.012074481658928929,0.043631521941594704,0.25015729543718124
5450,0.012092496072975351,0.047932238128488,0.14250158119036743
5451,0.012133762212925558,0.05148493217595993,0.00944576125698412
5452,0.012130293149134202,0.04658827850348484,0.23598732780136006
5453,0.012075281243860895,0.036012723760024186,0.1842970253803409
5454,0.012084725933215242,0.037330860716443315,0.11334342228803788
5455,0.012338768791038365,0.07911468915347276,0.27462472281854733
5456,0.01212078255572246,0.04060669268444002,0.1430326007710933
5457,0.012257957564855756,0.0681994263757701,0.17374589345661443
5458,0.012104708340212378,0.04226935314019564,0.11909190211591152
5459,0.012153398337815096,0.05317870054716315,0.17878511338115052
5460,0.012138114419455072,0.05091501865158983,0.16379355776971183
5461,0.012149588586497517,0.05282368946610246,0.18188302975413015
5462,0.012192753530722782,0.059139898381706094,0.16883990886931294
5463,0.012165851972216576,0.0496622174004398,0.20545817493947688
5464,0.012126371072196687,0.04653517606934152,0.23992491486520937
5465,0.012162214016751141,0.050466084917209234,0.16144561555073728
5466,0.012211009881132282,0.06100094274086111,0.16922752429879379
5467,0.012158917301226509,0.05434699436676264,0.15003815114532212
5468,0.012121109705504856,0.04744215020801659,0.11851268305044364
5469,0.012200188129615526,0.05961856538415971,0.1896574166818029
5470,0.012116911203925428,0.04806738191466267,0.13664251813748948
5471,0.012156417615995722,0.04703554640620477,0.20758017027496015
5472,0.012209367990677785,0.05562738599595669,0.22054946533282427
5473,0.012110937669496757,0.04449351722457288,0.1681026019677414
5474,0.012157543284887145,0.05267369834582334,0.3218488945883592
5475,0.012142436525251753,0.049273954137047514,0.19949950823241622
5476,0.012176920071511034,0.049209112565205174,0.200791836881302
5477,0.012214554117535676,0.06147052519960707,0.18098966902050606
5478,0.012112744892773267,0.046620203769649454,0.1363291341515174
5479,0.012217782026112439,0.06439994955454059,0.14635434708522743
5480,0.012100399607000488,0.040438165175996486,0.15111833763958776
5481,0.012147882935039666,0.04322637481406689,0.34075417542314285
5482,0.012213493090420895,0.05585509957857438,0.2488467158051821
5483,0.012112466686810737,0.04361837864311857,0.11623078603797872
5484,0.01219341671541175,0.05703828075865272,0.15345511013665208
5485,0.012104596248067137,0.04118929028136079,0.17782599508015717
5486,0.012311950024552322,0.07051903697803084,0.228292953712417
5487,0.012222244503734363,0.05213878444048518,0.1705606647438794
5488,0.012465429523241771,0.08392846101162603,0.18490406386744013
5489,0.012147025978884122,0.044095716853164615,0.10796222889985312
5490,0.012068755646140265,0.03594310419988157,0.26329817884193524
5491,0.012175636185384545,0.0522524112584781,0.3780710531075664
5492,0.012215460328286989,0.055473329216254426,0.13442142759367903
5493,0.012130169629805022,0.050003762936816916,0.14032520092683076
5494,0.012190989163629705,0.058525258424473224,0.18716875158864538
5495,0.012188213367088304,0.05985147366181254,0.16867269984613922
5496,0.01214237373196913,0.05232790663428702,0.15155703870678544
5497,0.01215901177406221,0.055929516737942477,0.16268564873418004
5498,0.012150157334002288,0.05298712440075805,0.15659084300481863
5499,0.01216469573320735,0.05381990736124089,0.13680392364704322
5500,0.012146130443844615,0.04204712815447811,0.30149237743022567
5501,0.01220981587090574,0.05532771707942328,0.2658136510671285
5502,0.012174063329471655,0.054347259413545006,0.15687769981613553
5503,0.012125611176072339,0.043676030472669825,0.23235560595811228
5504,0.012133939283220482,0.04228439926649154,0.3096761055298399
5505,0.01217327080922417,0.05273838366640244,0.20858106865674733
5506,0.012148994061869532,0.049568794081487046,0.16552242663718025
5507,0.012113940836471429,0.04439362824841662,0.22901911206551706
5508,0.012050368082988757,0.03551440180290921,0.006057543824411129
5509,0.012119266442555343,0.050833064646395885,0.25947734869995265
5510,0.012059894905357223,0.035999542756577865,0.15565150144416373
5511,0.01210307880088734,0.04255062876296487,0.29297876057428324
5512,0.012137535001699425,0.04940766048505935,0.14616960757537123
5513,0.012134221970524267,0.046370662282538416,0.17483734164584938
5514,0.01212068097381191,0.04426724453857423,0.18267262363917164
5515,0.01209780951361442,0.038885418640639,0.19086911839478898
5516,0.012096386210034912,0.041603632901951924,0.06791337640076299
5517,0.012213185270902871,0.04919402092694113,0.22421933782821662
5518,0.012057712113055325,0.027834611350401973,0.24552212857899133
5519,0.012099660027153512,0.03336853969196158,0.3638040891560444
5520,0.012150901613645114,0.04313668047071256,0.2571286517743928
5521,0.012031144055675878,0.02889643925537681,0.14635078840358678
5522,0.012166667644635223,0.04698517532382337,0.2534391614843501
5523,0.012190539532081742,0.056967009669828046,0.17578772811918325
5524,0.012120057310801322,0.04364964766990091,0.18677559221779888
5525,0.012186731878425755,0.055025108450644296,0.1917225128493307
5526,0.012212853408696137,0.05557039713558757,0.0091592533912785
5527,0.012218371283261427,0.05466569478361003,0.1969819451067019
5528,0.012165015885986568,0.051438617719213486,0.1858550175606048
5529,0.012152819989107255,0.04726443486766084,0.12832073956524337
5530,0.012184935394896576,0.051046557173642725,0.26289321799680526
5531,0.012249949982821752,0.05887654449213806,0.22030321263572458
5532,0.012214456240810315,0.05386436736134908,0.1682187065130677
5533,0.01218224072281804,0.04773411888765817,0.22145131358170847
5534,0.01231033641923412,0.06935216428511455,0.19134443874392645
5535,0.012074529215368793,0.035885649515018436,0.07383682925192302
5536,0.012134863541908568,0.04400028777596424,0.06694308891362509
5537,0.012288214623303238,0.05365701336580932,0.2524329453861916
5538,0.012209094505126843,0.05186339396638962,0.21218468099264248
5539,0.01223276117532005,0.05326516449754806,0.19157369440186997
5540,0.01220913531344946,0.05893342412167042,0.15197199218118548
5541,0.012129199464787818,0.048839465628227524,0.16902003440207594
5542,0.012198330323724785,0.05912632519130528,0.19500433776051337
5543,0.012144990996507513,0.04984349044618932,0.15506342375932897
5544,0.012085361391020072,0.04218125023993477,0.14105690462666076
5545,0.012277946419468416,0.07248635985311852,0.12665649152192968
5546,0.01211825322630222,0.040204772764698825,0.1743703925436961
5547,0.012138111895304832,0.04944907517630696,0.3500335066837017
5548,0.012163614163641983,0.051293462321811104,0.24233364529457443
5549,0.012163556121976426,0.04579441074653791,0.2236304408877257
5550,0.012201939807366984,0.05770111941838539,0.14729801938150117
5551,0.012172324720849783,0.05285435525994682,0.18011788533406725
5552,0.012109521403934254,0.039787788223343695,0.2815632423295092
5553,0.01227112538873878,0.050580709268505865,0.22586379675662294
5554,0.012178346589424207,0.05255622726711496,0.12646654297640691
5555,0.012229718243888988,0.059934103702310886,0.1652900654578158
5556,0.012132782630635225,0.045890541207439794,0.16768278093472788
5557,0.012177651901793473,0.055041848842019375,0.17457895423698597
5558,0.012176914742597278,0.05690185210548378,0.13510255660218287
5559,0.012127702719923411,0.04044104512763336,0.19682310223382837
5560,0.012180571082354062,0.04800642169189482,0.20795878676251803
5561,0.012223646711300353,0.05543756884463419,0.19975499513185518
5562,0.012265647457109764,0.05885626227825959,0.24300545977617896
5563,0.012090223309378758,0.03713195267317911,0.1473758012557956
5564,0.012244319521594103,0.0556493836053009,0.25367952489383716
5565,0.012108414180395129,0.04181431356503359,0.18265446541314487
5566,0.012196353438115728,0.05905112682956889,0.22437584275173156
5567,0.012140854640333848,0.05140616303217613,0.1959675098740584
5568,0.012214664424110703,0.06137767168160967,0.1520386503973027
5569,0.01219475124813827,0.054917689580443164,0.21209638295630698
5570,0.012171024147383126,0.04878296864573739,0.2236652497151504
5571,0.012295759112441676,0.0656921959279328,0.1505165824291744
5572,0.012114219734687395,0.04362216861022361,0.1746186217605657
5573,0.012093825033472793,0.03910178295437551,0.3363468121878776
5574,0.0121721106487729,0.04681967979054664,0.2707693423974325
5575,0.012281957909787334,0.0663843036012931,0.2370922254204982
5576,0.012206590377259281,0.04861913552671667,0.1967638752594334
5577,0.012258514170326633,0.06164799618308726,0.2323213985438804
5578,0.012116303890125519,0.04330100606292965,0.10869879299622126
5579,0.012197167672215651,0.049877575262682126,0.2003559847533987
5580,0.012094046270038784,0.04197170403324393,0.13263695883553178
5581,0.012243456319985892,0.06535792242581522,0.18625055251496017
5582,0.012135606944836532,0.04933600962480914,0.14126199811832493
5583,0.01216525665175512,0.054904745411059594,0.1633699370391005
5584,0.012105058287599429,0.04533808746450768,0.1825250048286048
5585,0.012182557827361733,0.05699345656545794,0.15187411470167497
5586,0.012148970697421288,0.052570830125480764,0.1405111136594883
5587,0.012108214324955473,0.04409057710346667,0.22526440379813087
5588,0.012221661057164592,0.057781085493229765,0.22916783547200492
5589,0.012183883102456019,0.05767575764118535,0.18148009041214555
5590,0.012123917150792392,0.046768662387261004,0.14517694153938399
5591,0.012223734624519143,0.06403666011097069,0.1823319558668434
5592,0.01214191722651508,0.04656498420048896,0.14754874296738574
5593,0.012239411716334393,0.06376436153626873,0.1519558048649509
5594,0.012095454810171337,0.03881313886924552,0.20172006632323378
5595,0.01221522374813326,0.05704527400329774,0.26572457461746385
5596,0.012234367770204828,0.05064820408538212,0.21826390214592967
5597,0.012239687844966794,0.05044203767261319,0.17613489863277657
5598,0.012081549099646243,0.03639116561256699,0.18697892662890087
5599,0.01211987789777394,0.04369529958618603,0.2457997004121226
5600,0.012137870156274252,0.0428904884847111,0.35113649540127884
5601,0.012143313326221272,0.045488712254703016,0.22265352825862597
5602,0.012110192993363203,0.039798520500440034,0.3667655767543196
5603,0.01222282235792809,0.05596209623087769,0.06044613590744854
5604,0.012188763939298316,0.046453819861753676,0.3019673783665081
5605,0.012190793265629435,0.056801657706061964,0.15049654842126697
5606,0.012118157915613851,0.04448189493894722,0.16367024429849056
5607,0.012089280735273687,0.039973181043412534,0.23805020628139256
5608,0.012191956931659875,0.059376219769450775,0.25179700802756827
5609,0.012114682323721565,0.05024955753144055,0.005979982287521913
5610,0.0120785231053659,0.04142517868551819,0.16134675206807944
5611,0.01218815750070894,0.057802075539166595,0.15006480307367717
5612,0.012077434974166709,0.04217104118847025,0.11182207052958824
5613,0.0122190716763152,0.06036922544176304,0.19320006909265514
5614,0.012135055048928933,0.04005802655093081,0.1380115868500503
5615,0.0120561591545253,0.030430408999241928,0.2308087587613797
5616,0.012231082368302601,0.06732069820266162,0.17332878550996092
5617,0.012104389827867294,0.04453856407614729,0.1152761849873085
5618,0.012168139648786182,0.057436715359795054,0.17399388492128207
5619,0.01206343294985954,0.03292230012614803,0.13747024915902903
5620,0.012192355209160146,0.05613727804588834,0.3012778357364441
5621,0.012061243074833717,0.03639577007756191,0.1627343311640117
5622,0.012186025216265118,0.06140722422970158,0.18597565896827464
5623,0.012081458436274015,0.04093739111732165,0.17017235483974757
5624,0.012058264982385951,0.036662397041358284,0.25400197405740993
5625,0.01210677583303887,0.045230003495394494,0.1982018137176335
5626,0.01210457432609253,0.0488004193830485,0.1533672216846012
5627,0.012028227902662902,0.031383809368999566,0.14982855095295028
5628,0.012132692070919143,0.04942782579863017,0.19038523375674626
5629,0.0120478118259555,0.03689788401779838,0.17360030497990858
5630,0.012055792534903584,0.0325704969016284,0.33060475376456894
5631,0.012144439266597478,0.04044418972849315,0.22357196131246065
5632,0.012209151545245558,0.04724240422224184,0.29222448872665885
5633,0.012204629952515698,0.040268663387817906,0.3516688110147169
5634,0.012075745078836951,0.03390475404859234,0.18718852838000255
5635,0.012214463405132915,0.05915052105578525,0.18824566346543595
5636,0.012060821406542544,0.0329746170384295,0.17492802787599282
5637,0.012043771902753145,0.03158445194989202,0.25237201041451196
5638,0.01221345176540368,0.06414777807467915,0.191387519595695
5639,0.012047516430876492,0.03157714566819531,0.16688138102871708
5640,0.012185742135492878,0.057881234713791856,0.057216136620080904
5641,0.012121679900769273,0.04447766081763897,0.20663894474047764
5642,0.012110912305900981,0.046707363147418565,0.19180165871942578
5643,0.012097265658866443,0.044503906185958154,0.21635505058729163
5644,0.012156982627689192,0.05567781570495282,0.14084567825106142
5645,0.012092891871417374,0.04393369726034125,0.11866214779498566
5646,0.012065091824041155,0.040577524158811315,0.15062444612982168
5647,0.012126492081544182,0.04747787174550138,0.21576820280125247
5648,0.012052734596445682,0.03631737279455435,0.17927078599977564
5649,0.012117012410257665,0.04618580235616849,0.2650487030667292
5650,0.012082147251683207,0.040084888837076046,0.20022680141170238
5651,0.012046315076438507,0.036274798650059725,0.16325266911609232
5652,0.012182315121576914,0.0562191035962899,0.22528656177292003
5653,0.012031747902580787,0.029641383843579762,0.1696261978927338
5654,0.012110641426409907,0.03625062518125456,0.20304005463113997
5655,0.01207052651569409,0.04088682777699352,0.14942345318084987
5656,0.012065708894605719,0.03654537430528903,0.21893293548014098
5657,0.012158568825856898,0.05064078742371422,0.20580425422405496
5658,0.012167100374610629,0.0495497296316606,0.18937304302042574
5659,0.012207149849012717,0.055284006305405364,0.1721289422256271
5660,0.012097120218881164,0.043368554479019716,0.13163352319442567
5661,0.012034106230580576,0.03254736461388535,0.20545657561618028
5662,0.012137883510125291,0.0508719310273389,0.27060713643173473
5663,0.012092990134155296,0.044024037524103866,0.23068355325910214
5664,0.012136354073174288,0.05081180244675004,0.14762277203544694
5665,0.012103370377737326,0.04679284501153403,0.13944785068191007
5666,0.012124355835855817,0.049953236652523436,0.2741035411999303
5667,0.012091286311307809,0.04406819147501051,0.1454571082275631
5668,0.012106873058852205,0.042912789576708806,0.2186281767409885
5669,0.012048935777446089,0.030050675672414234,0.2801010709188456
5670,0.012095580938307465,0.042133903462149645,0.15200324717014693
5671,0.01210618644446044,0.046932515425936266,0.15526834494782002
5672,0.012112713127004276,0.04806042299999357,0.16424312222895138
5673,0.012060947626360601,0.039335862993011346,0.17539487098091724
5674,0.012069687279009677,0.03247287011005604,0.2694508896012294
5675,0.012121941616643948,0.040081641607506005,0.009315065373702344
5676,0.01216531854870227,0.04379007394161552,0.30080608236506345
5677,0.012202483053972953,0.04820215190165613,0.3767089479834891
5678,0.012182513950994919,0.049345299767803885,0.1770832941178039
5679,0.012187375857403397,0.047746325334131874,0.20526392054280534
5680,0.012191345546470089,0.05565654684665862,0.2398109164617861
5681,0.012169758129603676,0.05302277272098101,0.21237881157902141
5682,0.01218742769349955,0.052031092038560614,0.18725189668076117
5683,0.012239301009337344,0.058871377231120195,0.12250423211054631
5684,0.012163087990170279,0.05100676216066919,0.15869131620470114
5685,0.012156287772388032,0.0490973827863283,0.23348423056699033
5686,0.012189107479059092,0.04635747529074432,0.04934760248787692
5687,0.012225777591822518,0.05404177329292143,0.22951495322352874
5688,0.01214838010282123,0.05231875126940792,0.1740235510546491
5689,0.012156760092334249,0.04556485687244253,0.23763654662273825
5690,0.012135204062384846,0.04591796234410865,0.21757972339369724
5691,0.012241205265629393,0.061718733078589175,0.17238375777090678
5692,0.012075410260388032,0.03701000301297564,0.123436745339723
5693,0.012198472151299088,0.055911311195629976,0.26594555512751367
5694,0.012149793014489658,0.04971226428093409,0.20098591244907318
5695,0.012243930610570858,0.06499973282431307,0.14506470215387654
5696,0.012168584550144874,0.041131883696635896,0.3118734087275578
5697,0.012262002501601758,0.05590908219281321,0.31102268204914957
5698,0.012143547336288326,0.04178160763855717,0.20821040563383825
5699,0.012305933937822228,0.07063809915574377,0.2543081020993528
5700,0.012112031302033234,0.041934708559457703,0.13051818668621545
5701,0.012243114186777784,0.0490606893200781,0.2394424340739914
5702,0.012142333257503544,0.04541702603049249,0.20342941240858445
5703,0.012173244134371491,0.05429125831049821,0.15218315090908227
5704,0.01213622190806576,0.04856254328069654,0.24165009501304135
5705,0.012131086235668833,0.044391811245234766,0.22937682950913
5706,0.01226443500181853,0.06316226558225577,0.21563155957814262
5707,0.012155412621085625,0.05064218431051947,0.12887695910357014
5708,0.012277672605566012,0.04915609577799751,0.20102527228422534
5709,0.012277364864758299,0.06110092350687558,0.21138395700582685
5710,0.012150534578837292,0.04612564541532371,0.1787440737166953
5711,0.01222400778287089,0.06217396543787613,0.2078082080839987
5712,0.012145373628919197,0.05004420324397238,0.22428433676609472
5713,0.01218463396670391,0.0578077938577465,0.17824073443812855
5714,0.012155772631791595,0.05045056219797937,0.19145396493228917
5715,0.012182948885838207,0.05539919597992047,0.25163017731494064
5716,0.012154544926072321,0.05215607822100018,0.18809683744626582
5717,0.012199779374558191,0.05269372562858365,0.2125704421380152
5718,0.012081057395468348,0.036897423355286285,0.252007640483581
5719,0.012183036124885695,0.046187296159651274,0.18524925290007058
5720,0.012291763962696082,0.05554190959651648,0.29123816323523494
5721,0.012182120555056799,0.05160535462889051,0.1437116349416688
5722,0.012194249117405496,0.0579744724885942,0.19730987223144783
5723,0.012163375246182875,0.052633296302942216,0.18911931004079
5724,0.01213399189970192,0.046968445296514345,0.12125674077587317
5725,0.01213855590384637,0.050643459482265965,0.1405050372457144
5726,0.012124268972193177,0.04411412079999227,0.15917120210167793
5727,0.012104110815309743,0.04376705331775839,0.2614151461452572
5728,0.012177529217080112,0.0497570068415767,0.22833736123563
5729,0.012127715498580776,0.04457070569551205,0.19113472246721058
5730,0.012123491922228913,0.042751936072416334,0.13428686851830346
5731,0.012207475109149213,0.06264829964564883,0.16935214035576918
5732,0.012091001099435452,0.03919472779788571,0.2340100915306874
5733,0.01212630328145119,0.04410935517510162,0.26861848949423894
5734,0.012123718846113773,0.04620547200345958,0.1078943091509247
5735,0.012147246007783241,0.050823064112234584,0.19521660035174618
5736,0.012220286029345766,0.05845153601311875,0.2516330866536575
5737,0.012152401677748892,0.05151748579884175,0.006125173280239186
5738,0.012084267864878,0.04230299709557109,0.15515244295727532
5739,0.01207662874788327,0.03796171094527061,0.23163467852630457
5740,0.012137525813053935,0.04729593546706056,0.30995099412798294
5741,0.012117242892962654,0.04974299629233673,0.15357196808810894
5742,0.012035613494685026,0.032124130453117676,0.14983590890298504
5743,0.012163500874605056,0.05629670237465135,0.2051171005669623
5744,0.012044139088308667,0.033535027728848525,0.16810883901712234
5745,0.012182508000544167,0.05975718618217656,0.24884213214498427
5746,0.012073914935847408,0.03477344262950219,0.16669753832471557
5747,0.012217259993346148,0.06173733954776212,0.15252051125506622
5748,0.012063004911957753,0.035751040796500926,0.1853519913957162
5749,0.012136080195271964,0.051827489770674785,0.2597658318759735
5750,0.012089412509434587,0.042587945249669655,0.14250052894212578
5751,0.012191170118516536,0.060202989467756436,0.14463024131278232
5752,0.01204969302069523,0.03500469350327045,0.10792973311255329
5753,0.012136989787738911,0.05008842314987332,0.2602745533924104
5754,0.012068871796854917,0.03852361613939248,0.11083321806985408
5755,0.012152557675222768,0.05130270412166706,0.20126178151416005
5756,0.012090350306158612,0.04234260332031571,0.1987146488823969
5757,0.012127107925707521,0.04950395441051072,0.21759736483756492
5758,0.012048483466406074,0.029451216600061062,0.056968785510100865
5759,0.012075293974058189,0.035654883820624435,0.2868253504853068
5760,0.012052765123238489,0.027724557284976074,0.27982853287635234
5761,0.012142977572821578,0.04478474681631638,0.3034053653749973
5762,0.012158817253278779,0.047048800982251684,0.18677120454255017
5763,0.012081371884965652,0.03835206318415945,0.11230148501004598
5764,0.012020506997137241,0.02876702049413736,0.20597937811354056
5765,0.012107907675443423,0.039277012698298204,0.17577992200583112
5766,0.012175829295019343,0.056621685325731634,0.20012415764731237
5767,0.012124758750740082,0.04525643767889548,0.1586473101657855
5768,0.012101235351745997,0.04639434505055889,0.2237089880029989
5769,0.012113624701568253,0.042180065289596086,0.2113383845926231
5770,0.012063786247011146,0.038257320428164876,0.2695751364238733
5771,0.012132903244716824,0.04886454614235202,0.24423709954239112
5772,0.012131624502802597,0.04694357159244641,0.18390287941966513
5773,0.012218232139447205,0.06189674768264592,0.1599148283052819
5774,0.012085833090627326,0.04134165152319858,0.13120554015241018
5775,0.012180461571654606,0.05246642144959643,0.249515954109846
5776,0.012058367723991187,0.03360649142099762,0.2225983439255175
5777,0.012049481332420337,0.029914956270771464,0.19648387719449356
5778,0.012155008423067291,0.045582722987295696,0.2502279211811724
5779,0.012208380548597896,0.05898416328196048,0.1440701428527225
5780,0.012136330707324533,0.037667493428646885,0.18039409755142213
5781,0.012193603858327153,0.04972263916268883,0.28291659702486177
5782,0.012192065268616843,0.05353034667136133,0.24396146931662221
5783,0.01211004911505424,0.04038093727097222,0.16950955429812045
5784,0.012121369932253831,0.047979191212270816,0.24928849412042997
5785,0.012157497659521873,0.0553360222379552,0.1440839413522887
5786,0.012117630083946371,0.04231004818208378,0.17992559644123873
5787,0.012179973943577548,0.05364273720396314,0.19157014607550532
5788,0.01215251624864668,0.039220157360781716,0.14672368071155148
5789,0.012083173839715015,0.040765713383766736,0.04771499316626825
5790,0.012175151644778363,0.05357279851624073,0.17071050446786384
5791,0.012113812366919167,0.04132420730575431,0.1897449720145901
5792,0.012163698925439425,0.04727349499562102,0.009389795963417772
5793,0.012144175269538857,0.04763887704148891,0.15997886332137176
5794,0.012100645883350749,0.04328759489494299,0.24878102456252035
5795,0.012130780164466183,0.04486808883409709,0.20129886908598296
5796,0.012163232640843478,0.046473428413546,0.23962990689637476
5797,0.01210990331623632,0.03938149102262705,0.1998075710563443
5798,0.01214847145672612,0.04782420883075044,0.30443407427230873
5799,0.012159138838165702,0.05039188709925614,0.3038772359234504
5800,0.012167214508977576,0.05204850887799867,0.17366045433207933
5801,0.012160968379968733,0.05024102950917391,0.18455283742363338
5802,0.012148938344389126,0.048950506955862706,0.18316204697741162
5803,0.012144615950636851,0.04686847572909679,0.22492524767006802
5804,0.012146697670506967,0.04761254606135542,0.22798822232971774
5805,0.012136633717501224,0.04359737522359275,0.22787202667868586
5806,0.012156046968894463,0.04868569442155134,0.2310955278192416
5807,0.012098894779066104,0.03699242129921554,0.18152805965850252
5808,0.012148588117300031,0.03973056843845234,0.2914165553649878
5809,0.01217632071926305,0.04669967034484569,0.2771043714362211
5810,0.01225572191982174,0.05734764586839508,0.06127362184325922
5811,0.012211274985693386,0.047180965037161494,0.30977424594011094
5812,0.012172802780681297,0.0497152711734642,0.20927741144842854
5813,0.012101479803265655,0.042009517802349565,0.14843928703015188
5814,0.01217753800966686,0.05465940366877692,0.23574505337744753
5815,0.012148639110091609,0.05281404248024906,0.16985654350017496
5816,0.012123707207732929,0.04567920678174275,0.23826943164393755
5817,0.012142603472938985,0.047705917683335895,0.2227285390893209
5818,0.012198901567240291,0.0586807815984891,0.18517534209812037
5819,0.012149793255332993,0.05053010698501071,0.22864259064866232
5820,0.012187769995342023,0.058025507649225455,0.2287462729327289
5821,0.012152621915790978,0.04918191524117597,0.17797280562332732
5822,0.012247318410132753,0.05828867057391072,0.1531399838279487
5823,0.012272516451787169,0.053773337971355965,0.19615193938003062
5824,0.012126719559773107,0.0481622542643016,0.08324644256411833
5825,0.01217523324559829,0.058027149846702646,0.13191397244973824
5826,0.012158554793878857,0.05448892951605834,0.15124983674430825
5827,0.012113384978193443,0.0475465434071581,0.16968929517913073
5828,0.012153856421908703,0.05499553908733958,0.14625846843234364
5829,0.012102279806686989,0.0410292363485616,0.2352149260031066
5830,0.012357604526757743,0.07673521756223689,0.1628497428187738
5831,0.012086694319104524,0.038777285975702874,0.12033591668749206
5832,0.012248011971922573,0.061367501008545315,0.20065085595034765
5833,0.012111602812853835,0.04506346299752164,0.12748762083764362
5834,0.012173759394427735,0.05422002338209436,0.22536620145639438
5835,0.012160969492665853,0.05699662625106497,0.17171878777283567
5836,0.012179006620603425,0.057426757419793466,0.1551957653979786
5837,0.01216629910022516,0.04500285389699283,0.284593797522072
5838,0.012300877525954398,0.06558838867716123,0.1533626054327138
5839,0.012158539021665356,0.048766747664786676,0.17720877851194689
5840,0.01213494360569957,0.04788202385066339,0.21792494850923314
5841,0.01215554390324319,0.05005484802883617,0.21222463302276107
5842,0.012117467985797355,0.04327188896476561,0.1828337650805114
5843,0.012207331200472646,0.05812821836650375,0.2506642288740926
5844,0.012145563267246511,0.05076697726919678,0.13607095573923286
5845,0.012240213834136905,0.06759532942747509,0.14005446275584968
5846,0.012100561862272817,0.04135692348043803,0.18953037778273849
5847,0.012134820472988295,0.04499441761791303,0.24227768311163975
5848,0.01218872089083655,0.04869174560972372,0.16895422265042945
5849,0.012290268128899549,0.06581690277221755,0.16061785227624464
5850,0.012222692437653438,0.057733577825157964,0.21456684579237503
5851,0.0121107156467101,0.04457307711405475,0.10928357295306436
5852,0.01219157678613826,0.058536873054880416,0.196420752810027
5853,0.012122897418957595,0.05129821868023136,0.006094245756660243
5854,0.012062126925016833,0.03860275897986207,0.18653681989466125
5855,0.01209681437236679,0.04799008044276483,0.19370030789681394
5856,0.012079524468197444,0.036989872417864736,0.2267135281172593
5857,0.012090798202572764,0.03585161306682506,0.2550734079093543
5858,0.012144092061318716,0.05379801322713577,0.26441640380645254
5859,0.012076010172381335,0.03806973468740977,0.2636704759582343
5860,0.012095133290889789,0.04312106894271468,0.2626435293666102
5861,0.012080142140397692,0.04249648169388996,0.23228794438388606
5862,0.012119788108632413,0.04505742807513176,0.2665681911763157
5863,0.012115822190614786,0.04972390385432807,0.16505309876507254
5864,0.01212499111336576,0.045896400838848585,0.18551920871062647
5865,0.012060148130754463,0.03699679786783421,0.20948344526166296
5866,0.012099560515339863,0.04288700210769257,0.26130620322621023
5867,0.012068174676864924,0.040102936172985146,0.2198430502940511
5868,0.01206585871420419,0.03615166467156656,0.17293595959983807
5869,0.012167245510942492,0.05480552359350513,0.26498521928513236
5870,0.012076736304134701,0.04179283632386465,0.14440209700884155
5871,0.012089269881580069,0.043551257711770194,0.1921988760037175
5872,0.012058415558280458,0.03489523029419752,0.10516249874103657
5873,0.012035083156015182,0.030682428344562095,0.2311869135443005
5874,0.012187328061282348,0.06031133267337294,0.26540595568927383
5875,0.012085893716358416,0.04331939702866251,0.12624537923076318
5876,0.012173652161537589,0.05851154804024675,0.1759645782822897
5877,0.012051595704795132,0.03225108405560571,0.17609945479781852
5878,0.012068113560074067,0.04356727799011483,0.09560492546655656
5879,0.012112643518239213,0.04815763246951265,0.009377216074878353
5880,0.012258230268745987,0.06478501125153857,0.23844886363769238
5881,0.012121238478156278,0.04847870261662763,0.10902498885564316
5882,0.012156582328428308,0.05181083311459178,0.1697230543052113
5883,0.01217218340499018,0.05471717903540931,0.1755795871038246
5884,0.01210988567033751,0.04306529960366773,0.172737315831341
5885,0.01208803499565197,0.037827202046506844,0.35668970052562976
5886,0.012098082614936261,0.03829394084489829,0.21602460414587374
5887,0.012156153891710673,0.05003067071939427,0.18018915063170862
5888,0.012116988151120158,0.04358779264600865,0.1429130353260837
5889,0.012118097224299424,0.04285734689947399,0.2356356116786658
5890,0.012123109789066548,0.04547867186861983,0.22510282348722774
5891,0.012232029894886469,0.06271166776582521,0.20718734239859485
5892,0.012086225555052569,0.0398551884536056,0.16860197026534085
5893,0.012251951115251111,0.06630375466526572,0.2318739333742538
5894,0.012113273900562776,0.04398019844430575,0.15815561806958542
5895,0.012214723009461777,0.057556670790597106,0.2224743909129209
5896,0.012119251256358684,0.04005592209198597,0.26495159650599887
5897,0.012142908463810761,0.042036308773728256,0.24193698545723094
5898,0.012221910019768623,0.061424643730336015,0.17486857442887413
5899,0.01211486571432257,0.04503487760788382,0.1598734797688498
5900,0.01220486340455156,0.05955297033450727,0.19037997261239298
5901,0.012248783077567308,0.06367430376973109,0.05749026143372351
5902,0.012140001851224807,0.050638349236077684,0.12288675362743148
5903,0.0121355397688547,0.050729018624671975,0.19348901882748049
5904,0.01215315353884604,0.05432767512882616,0.21840418663186345
5905,0.012120030943203814,0.04935989496346637,0.16458661127441807
5906,0.012401512468973551,0.08480404814609425,0.2827454615823565
5907,0.012080334436516947,0.036270948360259715,0.10179933997482975
5908,0.012104134014122117,0.03982418190379019,0.4398472847419888
5909,0.012200454735836067,0.05042360141432795,0.2776484660644631
5910,0.012168719945538815,0.05347718668878536,0.15983990355452746
5911,0.01213031930434245,0.045547266376565164,0.23869540963402117
5912,0.012278999157839485,0.06591220541504503,0.14993367696575818
5913,0.012246280113468505,0.047811965810465866,0.22271382132943102
5914,0.012111665252063097,0.03830083742546097,0.1781356507670613
5915,0.012136629206222441,0.04762667232215697,0.11355609002060954
5916,0.01220027710582509,0.04921001036831338,0.2623467625857065
5917,0.012191087039186373,0.056200133986302275,0.2744600605100208
5918,0.012139123675817745,0.044671066093604994,0.2663958837909505
5919,0.012192941315264542,0.05260730791789189,0.2362172746759499
5920,0.01221016585477581,0.05867572418732781,0.22803419940307393
5921,0.01210687498673934,0.04023368905141704,0.13782827188840274
5922,0.012145786361029663,0.04201945679942524,0.269278111016589
5923,0.012132465903903723,0.04807803294663723,0.1928304385928251
5924,0.012227884950972967,0.06222767693624307,0.19407690127643634
5925,0.012110771050101011,0.0407489568729427,0.17533538567437162
5926,0.012380440805865022,0.08090558410061487,0.2429200520445535
5927,0.01211347045870072,0.04083015359759633,0.04095859678310197
5928,0.012313222252430676,0.07360479561226616,0.17002038738635378
5929,0.012140334606453978,0.041040481597648504,0.15009968220931624
5930,0.01212798456440112,0.04608797099475608,0.18403476535438257
5931,0.0122708265166896,0.0676282490764274,0.12928065781630285
5932,0.01214002190279148,0.04897928693447711,0.12430721151771061
5933,0.012125629486123855,0.04739870123502302,0.20906862390339803
5934,0.012147305522628642,0.04728986338571302,0.24875411233595743
5935,0.012227817468292355,0.06413089090854383,0.20089160137123935
5936,0.01213900209414905,0.04430285034280244,0.15844858371566206
5937,0.012164493737507102,0.053701592916587146,0.24322548275975073
5938,0.0121618770113688,0.051655265749826505,0.15830468485507493
5939,0.012140403440268167,0.04682945506318014,0.2033928239492224
5940,0.012237230678379207,0.0609804364303436,0.15752245282766894
5941,0.012148573864308019,0.049981845712570805,0.18669979210064935
5942,0.012153601880478784,0.05103573721909279,0.1826792327690019
5943,0.01217082554978023,0.05469811777985975,0.14361276399906797
5944,0.01216788216389882,0.053876231627895434,0.20777668594160137
5945,0.012205691493289008,0.05840776200033911,0.11063286226697938
5946,0.012166903732654995,0.0535447324578798,0.12198879341425911
5947,0.012098255374847395,0.04498862510098054,0.006064288115445603
5948,0.012125500270442792,0.04617028174796835,0.17885744024230055
5949,0.012148421444885451,0.050914666887409726,0.1975925403458597
5950,0.012050050683071668,0.03400089113940296,0.16619335480218372
5951,0.012106472749117672,0.04058808235984992,0.20196724599597773
5952,0.012031770105017572,0.030997807419593515,0.22232456999628675
5953,0.012085469374338909,0.03893444376404314,0.009342461706500427
5954,0.0121981219804612,0.053331439761237595,0.24321658852133937
5955,0.012218940294934397,0.0551500937452486,0.1774075216956237
5956,0.012129777545121815,0.04291641312190788,0.18393342218905068
5957,0.012191816894646252,0.05591297243717128,0.2042526107728967
5958,0.01215927850467723,0.050495073170997135,0.15054890682520558
5959,0.01225923912865291,0.06597078902149284,0.156365508187849
5960,0.012159695194904577,0.047777436921220565,0.20692324764060385
5961,0.012228499099048199,0.0617782114584685,0.214053479399787
5962,0.012099994227668854,0.041396944441894026,0.15217991525317712
5963,0.01226461340237325,0.06749293820991835,0.18655327908659838
5964,0.012131584768420552,0.042114563692359094,0.15804182526892363
5965,0.012342789253979473,0.07076422495457534,0.2305011916618048
5966,0.01224246938656725,0.05249242989754343,0.1610261600850026
5967,0.012062507980095968,0.03527772282339608,0.09724296846325012
5968,0.012137178048762864,0.0470449361193247,0.05407331280109797
5969,0.01216086908625553,0.0417109179769227,0.3942211609081191
5970,0.012175751740357671,0.05137422321333598,0.3361380771186684
5971,0.012184216566664621,0.050638601231587706,0.16609640581405244
5972,0.012129924422870354,0.042377541206909515,0.279098080021882
5973,0.01217008330760029,0.055652692478805464,0.17399666825796725
5974,0.01212836963650509,0.04359389825953041,0.17481364828366097
5975,0.012106649246102368,0.03921726680283984,0.20572479130572643
5976,0.012188012729588233,0.054231818887591515,0.24682615913644748
5977,0.012158175094719247,0.049611510690368975,0.19759158083289016
5978,0.012153607342254862,0.04878019835814892,0.18955862658655762
5979,0.012132839862632826,0.04422883386810963,0.2260412048874185
5980,0.012223979234119251,0.05827874433348101,0.11059649300264819
5981,0.012093912969488195,0.04105276211109361,0.13289541140346228
5982,0.012144917895939038,0.049776848811074505,0.3593629853706994
5983,0.01213912525075629,0.04552320631859011,0.24830250892251252
5984,0.012116545013182163,0.04757114834037121,0.3375370011242378
5985,0.012133561890943305,0.04942521132517243,0.18554643690780026
5986,0.012202363104353213,0.05906914841055597,0.13522475705855352
5987,0.012192971643863227,0.04783623285718998,0.23647958711637296
5988,0.01217629070834006,0.053533581538176604,0.18925817410183177
5989,0.012160810907399887,0.05119306672012057,0.19492154180281696
5990,0.012158667497611507,0.0521247788076308,0.2807676790534094
5991,0.012147407351945708,0.051333131114012706,0.20006387720217733
5992,0.012115400777718499,0.044495287498907354,0.24537929119655227
5993,0.012106716008688704,0.040589760781960346,0.2034103604433881
5994,0.012180868138567598,0.053284026902030206,0.19302031623702734
5995,0.012157736223120002,0.05201098596212759,0.17252551927065898
5996,0.01216132525305814,0.052582588374015506,0.15809007856599436
5997,0.012180034838762914,0.04958571445817674,0.18131239788093786
5998,0.012180334300374431,0.04954624179083398,0.3407096328252817
5999,0.012123706660353631,0.046119881690644945,0.2261836585293518
6000,0.012149874854923507,0.05149090515848043,0.07959170963165318
6001,0.012171821274544659,0.05454766571852475,0.22979283970440365
6002,0.01218744011472716,0.047295038642093175,0.06754039301946897
6003,0.012221216869646253,0.060871185117396844,0.15266967800802148
6004,0.012095846949595465,0.0414779723225298,0.15585661456453553
6005,0.01220359192249452,0.06158177525039169,0.22252097479129193
6006,0.012156214474112179,0.05341333341849228,0.15992507839892578
6007,0.01209892571231201,0.04385067988702564,0.2138340289982237
6008,0.01220383547262559,0.06036340636195053,0.24160310831300275
6009,0.012141537745266892,0.054134826549398433,0.00612649288025646
6010,0.012065967734660066,0.042064052520503076,0.1350716626081647
6011,0.01204335439732612,0.03475145540884523,0.279059151505465
6012,0.012139871422161434,0.053623462950027026,0.2936018729683273
6013,0.012046713731247254,0.035923283668011306,0.12758312062248486
6014,0.01213094510932215,0.052236353293648785,0.18588775867958715
6015,0.012075677005910796,0.04311005872002429,0.15624041671200445
6016,0.0120708462990245,0.042023760182589756,0.1679544483525982
6017,0.012050292033253389,0.03538045431491206,0.20531910324611422
6018,0.0122029682245006,0.06257118273127804,0.168265390543912
6019,0.012055279330330208,0.034428775868044166,0.1978759424093173
6020,0.012065404315490236,0.0368662588208723,0.22845312410889115
6021,0.012183934272172594,0.059723137892061684,0.16703809742948414
6022,0.012033253191699244,0.029962179419586454,0.17991845138122747
6023,0.012089956424778251,0.04215983499828515,0.22217708543589582
6024,0.012081187483590789,0.03826133338891947,0.20443266313366787
6025,0.012120327784722924,0.04795736273622209,0.1886965669763005
6026,0.012111132206041033,0.04578882065247855,0.19278841902113775
6027,0.012134580935023932,0.03717770837647398,0.14330490058877252
6028,0.012043645849163167,0.028792284758683423,0.16164568814685065
6029,0.012082068550967067,0.0355753099599062,0.2883238569247849
6030,0.012099895939580276,0.04202306274773742,0.25467115587979283
6031,0.012205117524377066,0.057521412198154584,0.25646861865705906
6032,0.01212068933712731,0.046242494300572944,0.14589592537913204
6033,0.012119771444128603,0.04618165462596149,0.15767453557674277
6034,0.012061054773669944,0.03328853105002244,0.22317973459400725
6035,0.012164595096544535,0.05763247398638707,0.234562120266242
6036,0.012068879977249106,0.0380776066737415,0.2007398448933837
6037,0.012118075908003276,0.04113228996606774,0.22741434003411054
6038,0.012056014214480002,0.03444874640590865,0.19891396346725226
6039,0.012150756401297015,0.049552419496384635,0.22096901613637346
6040,0.012091193058195431,0.03959546715604073,0.13035955475570216
6041,0.01216585014732798,0.05798190670927048,0.12573785636906867
6042,0.012080607258975464,0.04279274899778263,0.14945452535970644
6043,0.012044118357880839,0.02825955151820224,0.24622006797845344
6044,0.012314909073314667,0.06910510792157921,0.20226848455609445
6045,0.01213464503919823,0.039360868964061865,0.2465188938052953
6046,0.012202695542711353,0.05906701942545497,0.2527881564851687
6047,0.012063298841180159,0.039860220340360464,0.18992796815034393
6048,0.012100091919269113,0.046639096507677016,0.2086392567292137
6049,0.012123455338552754,0.05191007474228483,0.1549654228827959
6050,0.012080711651727383,0.031405089402587974,0.22956910884926618
6051,0.012155180466323622,0.05408406955878283,0.2703102419716678
6052,0.012064156705302835,0.03269532827419131,0.20097707900741035
6053,0.012180177154912795,0.04493947013680925,0.23195092145408375
6054,0.01202954375841523,0.027136651503113254,0.05399157251651484
6055,0.012051429919626017,0.03229763038683115,0.3248204782931885
6056,0.012043284397241045,0.03118028596895064,0.21390536680144528
6057,0.012168388397031481,0.05214313772973489,0.22861695413631802
6058,0.012116063843044013,0.04189505980287588,0.3152169831348803
6059,0.012164627804528089,0.04828684735737808,0.21977011875773256
6060,0.012207668868724363,0.05199170171771017,0.009361993044932944
6061,0.012090458718282068,0.040227614664809425,0.16069749388080048
6062,0.01218771804857462,0.05866176130708491,0.2571272578415546
6063,0.012141940232527225,0.04470018493028308,0.19557478531915853
6064,0.012173023837665931,0.050391827003299035,0.22580890248644594
6065,0.012188437882432073,0.05722337243906199,0.20729098383414632
6066,0.01211827640783936,0.04484397635268959,0.1673583140433971
6067,0.01214306608363436,0.048501992017291766,0.21257984242296937
6068,0.012181267101879828,0.05216096714853005,0.2638610664920385
6069,0.012088053509624462,0.0406700366512716,0.262815390985802
6070,0.012119471091340128,0.042248546844195656,0.06696499657335851
6071,0.012102000222510099,0.04386849197132689,0.17147829173129564
6072,0.012098145630069217,0.040050285329504554,0.23876219395326112
6073,0.012150927181377042,0.050777791374496,0.25472880494452105
6074,0.012180660738808215,0.05835893971311456,0.14503434498339898
6075,0.012201259992524785,0.058797801411299686,0.1793812809519329
6076,0.012106413587964982,0.04370421280728747,0.21649150600737604
6077,0.012152193917931377,0.05006381163924555,0.27381998985516104
6078,0.0121502271096615,0.05120454246736781,0.1843132886314924
6079,0.012132077009766852,0.04995501730336352,0.21469424549530547
6080,0.012189336116168736,0.06007927023639063,0.1345857604469285
6081,0.012122570989620433,0.04191152003678331,0.12930965296831376
6082,0.012311706108710777,0.07373400045252938,0.22497313834684715
6083,0.012179328837179001,0.042490761755538745,0.17552454727343497
6084,0.012264314410626146,0.0617572445987209,0.2921182498234155
6085,0.012116321244002236,0.042614464766065376,0.14446857217908263
6086,0.012254158277681547,0.06706954016502016,0.19500698758828336
6087,0.01208523479673001,0.0405903057192673,0.08795895537399842
6088,0.012236768267679072,0.06420039960438927,0.16805982710798337
6089,0.012100886949237851,0.041397457103373496,0.1520789326427644
6090,0.012238581738781777,0.0652608316338852,0.27568455969861394
6091,0.012161930514876657,0.048388696917815575,0.13907392335312396
6092,0.01227251324984134,0.06514635249467575,0.27311666577504345
6093,0.01209657109076654,0.043580881525053725,0.14783268721626006
6094,0.012158528221919294,0.05101278910905785,0.27651287205718955
6095,0.012159738620751632,0.051023830650452545,0.20056855126481
6096,0.01223613360368242,0.06281739444473686,0.1661482015355839
6097,0.012133937979501857,0.045705775689775255,0.14923228961030283
6098,0.012147080301506769,0.04309682238032832,0.3244489695313453
6099,0.012157877075718347,0.04633405417177773,0.21202477174413642
6100,0.012189140365137314,0.05429091429898322,0.2098827739119423
6101,0.012175631157875967,0.0501485249453266,0.21539257123417133
6102,0.01219152745356157,0.053391901728790714,0.15353444236836103
6103,0.012133865167583685,0.04554918718853986,0.20406741755121616
6104,0.01227196321061032,0.06876659679718099,0.25368950285253866
6105,0.012124696454683578,0.04601881263734613,0.13018651308290466
6106,0.01212498649702624,0.04053978975099671,0.14320819079720706
6107,0.012227903809576723,0.057231675438841056,0.26669919347097304
6108,0.012214198431325865,0.05854981106791451,0.17218020198392747
6109,0.012200857080799307,0.05817834603672646,0.13214993724815677
6110,0.0121397838045457,0.04502690011377412,0.18769616448761411
6111,0.012273657289638938,0.06887777281699667,0.21771012044268342
6112,0.012167213681709074,0.05001476268186314,0.16149946887032765
6113,0.012204995860323191,0.05937990723161423,0.14477098811486575
6114,0.012184546316406574,0.050640808745546335,0.1790996321348556
6115,0.012099116685377689,0.04007190797207213,0.17229184953404275
6116,0.012232754513084367,0.06299722494505357,0.25404786901799675
6117,0.012135859439528081,0.04646709423207423,0.20635422788591404
6118,0.012126951681844862,0.04475514067021371,0.06510158313456686
6119,0.01219818165298853,0.06140011654680913,0.14160577465704244
6120,0.012128127140520376,0.04877393805571338,0.15661666994322368
6121,0.012222539685058554,0.0641113473393137,0.19085451534308495
6122,0.012115397774682481,0.04649771173762144,0.1577385600518607
6123,0.012120520013306546,0.04531624629800644,0.1781712719055479
6124,0.01228172761500155,0.07013168748886704,0.16422192234226518
6125,0.012126844190496804,0.04485298342221137,0.125875440095739
6126,0.01209016971373925,0.03732193239029031,0.23139234702715789
6127,0.012341740092411147,0.07187828318251499,0.17277154726620036
6128,0.012105963325517556,0.04190759509388095,0.10880383877676489
6129,0.012215090930970977,0.06012155135660669,0.21102431187980444
6130,0.01216439551807346,0.05334684341386714,0.19663891794144356
6131,0.01213619461195833,0.05104205685138224,0.18304582620220963
6132,0.012163366504342165,0.05255312377766233,0.20889575942629265
6133,0.012146371538052982,0.0449854354041377,0.0657056164908573
6134,0.012106570131714093,0.04191167780617478,0.254727962606693
6135,0.012128860260568556,0.04524387821158355,0.3606356118019242
6136,0.012092955177244253,0.03769682889721309,0.2220245937974819
6137,0.01225114970587887,0.05579762571412199,0.277724160094357
6138,0.012210619488382717,0.05731376624915555,0.1272005794827018
6139,0.01217055201943529,0.0547668480353029,0.1761730878911305
6140,0.012154951931980355,0.05058891747991928,0.23503881968570176
6141,0.012083472957251826,0.04076504001108596,0.006035359152835514
6142,0.012119956531685596,0.0475723071819373,0.2272608579690707
6143,0.012066580596311246,0.04026806292477148,0.18297991616591622
6144,0.012182219675697907,0.061572171788697436,0.18276171681397602
6145,0.012072028393591802,0.04116079801023961,0.1420953663908654
6146,0.012083367159750577,0.03143120954058904,0.06624287743639079
6147,0.012044432155040995,0.02977839367595215,0.3814721503915879
6148,0.012140783507409,0.04526230421031966,0.2302549270080927
6149,0.012048219432167235,0.03255029845825014,0.22954690707565276
6150,0.012068358932913727,0.03856102710495214,0.347705693265522
6151,0.0121533607539796,0.05561111335269366,0.25205843305397224
6152,0.01206499637414128,0.03424676462519725,0.09898470278283847
6153,0.012086583266208168,0.04090577297300823,0.1534131501027292
6154,0.012079886279923433,0.0423891931846615,0.27458086987246144
6155,0.0120636345930609,0.03588607048032059,0.21275627224920174
6156,0.012144568459045879,0.05327933347229962,0.22093264952386912
6157,0.012104260432289377,0.04680305585767118,0.2075300834602241
6158,0.012157434894686365,0.05356038840261955,0.22077012289574557
6159,0.012050813349082291,0.034652011037057735,0.16906548800751095
6160,0.01211248952225416,0.04360792764006539,0.009384437301747699
6161,0.012205917182482678,0.05634379954049098,0.2197189167702056
6162,0.012179615795260652,0.05657689902359161,0.16649343103305644
6163,0.01211419456066478,0.043976924203329326,0.18220098420290776
6164,0.01221457975172008,0.05791193141936011,0.11489364653649475
6165,0.01208744203095951,0.03763531670703691,0.29754966571377883
6166,0.012336404708838532,0.0748566645538757,0.24212686935329747
6167,0.01213396159472443,0.041560409691328966,0.19088764193424904
6168,0.012372213615109939,0.07739952632091904,0.22831741889775015
6169,0.012149418905933757,0.04580493934302863,0.12841381240102492
6170,0.012113080605742938,0.042330075117919634,0.2101928810937742
6171,0.012331651307363804,0.0766370895730952,0.1922686143951354
6172,0.012091278491594979,0.04005355357223093,0.15320718175653
6173,0.012169153981376205,0.05358275414980642,0.28879714828694897
6174,0.0121047111327243,0.03951132145291403,0.28294989827663064
6175,0.01224328402517967,0.059204072649065895,0.27044152283967726
6176,0.012184436647536934,0.055014861773251975,0.14678473967816907
6177,0.012104053785189316,0.03759931856272266,0.21717503797734442
6178,0.012207274239876128,0.05568901487885128,0.35889346706205694
6179,0.012200142375821144,0.055409448803431856,0.19546141561471989
6180,0.012122579510591426,0.0413860982636432,0.1482836433732771
6181,0.012118413333792351,0.04168897768058572,0.2108843155392754
6182,0.012227377627473609,0.061591981132665,0.24221504631524088
6183,0.012134041356346902,0.04814415712118371,0.1487933119228038
6184,0.012165073585126522,0.046911598042107594,0.19712532231929356
6185,0.012110491399808963,0.03927809073222096,0.19648566921741456
6186,0.012218822441731886,0.05957650001488196,0.27579565996379296
6187,0.012186933841169749,0.05433451160997179,0.1580724022678405
6188,0.012102666331094317,0.041565359967095754,0.20228725752547652
6189,0.012146102283793009,0.0460765616170976,0.24225186484108296
6190,0.01214160206941993,0.0467037161192811,0.23183962611831319
6191,0.012154505935009345,0.0501086890857904,0.2552044172579012
6192,0.012150750103500632,0.043179428419757894,0.24147817482131517
6193,0.012257568757982656,0.05323113715783229,0.31944785818605764
6194,0.012176938786333689,0.049705494865373866,0.20383671232226236
6195,0.012141083777936771,0.047909756880733026,0.12352705915673423
6196,0.012150510407550896,0.04770432607083503,0.23715499733286471
6197,0.01219992205781229,0.05897830985939455,0.17111237926925793
6198,0.012172591978170772,0.05070283705743189,0.12621118466346273
6199,0.012223510069566906,0.058701390084907844,0.2201859378767789
6200,0.012084976735495061,0.036795981721649995,0.16148996357819698
6201,0.012269710350505936,0.06606051519601529,0.21308180600036167
6202,0.012159910512142042,0.04300962876508592,0.18577185744138913
6203,0.01223328036021487,0.055726219660096776,0.23584583766464873
6204,0.012150394346778491,0.04922605719415793,0.1445945719949246
6205,0.012197623028299784,0.051014663141371805,0.2137790103432153
6206,0.012249605442223479,0.05040221273124057,0.22336896139781218
6207,0.012236871844194048,0.053150962861980795,0.2287921808097808
6208,0.012221590035997492,0.05548836091493363,0.17572254855461264
6209,0.012151254534254505,0.04434526986517407,0.1634608639680547
6210,0.012154556536369649,0.047553207517506926,0.052313699291664455
6211,0.012176071291988548,0.05092660074255205,0.18871702530608675
6212,0.012213287687341742,0.06078325070968077,0.18241388847667378
6213,0.012152770016058637,0.04781595381315732,0.19345740491409774
6214,0.012177056239272958,0.05491535151931333,0.239711915129122
6215,0.01211661191030667,0.043363351593191,0.2495645922791103
6216,0.012277092148401428,0.07186359894913787,0.17986492916559996
6217,0.012090829316805886,0.03841107563510631,0.18527829951148087
6218,0.012183507715284201,0.05079903404075771,0.20404729403798708
6219,0.012192967439181664,0.05412825510025838,0.1439204286182373
6220,0.012179092782858936,0.055832755162382806,0.11117190062192682
6221,0.01215130678986863,0.05240540810477202,0.16785943960263883
6222,0.012164486605189515,0.0526810825665977,0.2667239349870435
6223,0.012146663049263231,0.050912907809744515,0.16722926671122584
6224,0.012189605906090448,0.05204887685482036,0.23746614729309334
6225,0.012133408683366653,0.0450329504218223,0.2947493159279742
6226,0.012178463888644178,0.051934614957387694,0.25307148306133564
6227,0.01217762158699882,0.05678617292143543,0.15999233224673298
6228,0.012160818942674189,0.0560870323360457,0.13008220089347697
6229,0.012162627204801837,0.05392480401403412,0.21258979862768912
6230,0.012210874882508478,0.058997314879406,0.11838860893791976
6231,0.012148691819106284,0.042064108251909635,0.28196738018240564
6232,0.01230722878540101,0.06681635490196774,0.23445596223312015
6233,0.012109830004037654,0.039856157972611744,0.125423240931179
6234,0.012155387880513424,0.04784079314348649,0.22537058743808708
6235,0.012216018891881147,0.05933319593018082,0.20419318202392447
6236,0.012148818945778144,0.04861634363542411,0.17226847577686633
6237,0.012290895520375489,0.07115224127074506,0.16466315518937594
6238,0.012201418116812806,0.06158682566423611,0.006044625029563846
6239,0.012109793721128708,0.03530451148916845,0.20319298756503762
6240,0.01228578485656344,0.06273812076756162,0.13210168677900402
6241,0.012058449682418194,0.03189358812619276,0.11579628272764649
6242,0.012039202067138502,0.030816992939229477,0.24755632448080672
6243,0.012098122837176404,0.04028575542461295,0.009347039049544424
6244,0.012161467471115585,0.04858312601145748,0.22606379159684006
6245,0.01217791661821804,0.05022885330341921,0.21775011846387635
6246,0.012280841889331711,0.07151160157544369,0.2092253163002264
6247,0.012339880278391516,0.06509137981696297,0.07314347165120927
6248,0.012169614889573662,0.047510357317852706,0.18324028087125294
6249,0.012115420099753334,0.04401149137620641,0.13916063352383307
6250,0.012140272394464427,0.04611479027174209,0.3204936736237956
6251,0.012198296599123607,0.057401877986514714,0.17729045497759935
6252,0.012112662041001199,0.04382566740537193,0.15071849428322884
6253,0.012249620190371745,0.061580715829029305,0.218926171331789
6254,0.012222655719902503,0.05283353168813792,0.21464641239709178
6255,0.01212706645136643,0.04724376228537461,0.1700038225267549
6256,0.012176757327055003,0.047676076499134634,0.23434898277328645
6257,0.0121984539124602,0.057033513104324536,0.20751808425452853
6258,0.012135912295631475,0.04219487019357357,0.11350368788403124
6259,0.012133113343494737,0.04434874188951826,0.2709099674509492
6260,0.01222984616155492,0.061507203909475706,0.1732832976459946
6261,0.012223121144320559,0.05128593919231307,0.18692909021555645
6262,0.012087328097270797,0.03857332034966145,0.1922378004379397
6263,0.012146640316447762,0.042326131908303304,0.14473271142176675
6264,0.012194505906228219,0.057490443260455666,0.23553062689636875
6265,0.012131211195635996,0.046301680746160694,0.2173640911053598
6266,0.012222271589854337,0.062224127213119595,0.20052555831802893
6267,0.012110860757854032,0.04392830696265211,0.17683917811963623
6268,0.012241321854153511,0.06627393196630607,0.2175449808909758
6269,0.012136875824771472,0.049152764760249296,0.13368562621104274
6270,0.012181496731866512,0.054182426007118166,0.19300175299290812
6271,0.012188954341151715,0.0552636740301546,0.1320086339505494
6272,0.012198748803094777,0.047326768274171885,0.23300207070280762
6273,0.01208790543313038,0.04007021096534056,0.0904228652957915
6274,0.012251095191995782,0.06485067776807368,0.32204043369184376
6275,0.012094823813079145,0.03944549202062549,0.14623776220420326
6276,0.012184710415958462,0.05510581104594482,0.2760377212017114
6277,0.01216757566617397,0.055152232626897314,0.11949635976976239
6278,0.012176522868600893,0.05375696380930135,0.14183850036615384
6279,0.012169581515164873,0.0540767756572181,0.13227661914946953
6280,0.012108819125568292,0.042650067448765816,0.22544058167304554
6281,0.012134408744122107,0.0465925275827604,0.3093355964629915
6282,0.012229534638554583,0.060952887081150854,0.21078517850381337
6283,0.012112806031391797,0.04017948643263264,0.26118381538566066
6284,0.012124533809827483,0.0407396169600608,0.2338112396341224
6285,0.012225011138557632,0.05667462256660449,0.2195935526032196
6286,0.012245876166514888,0.06060577100383649,0.14000325090000137
6287,0.012217537047262172,0.05189002889275536,0.1262824478338233
6288,0.012223869623337241,0.05878068083206668,0.16868245929929446
6289,0.0121694810926038,0.04849833017572524,0.20751172422700154
6290,0.012180394826202078,0.049663253889835855,0.20789534915280805
6291,0.012135871714314437,0.037572618529125204,0.20285527324607985
6292,0.012190768504962663,0.04620398090313734,0.33659681731902946
6293,0.01220474391471152,0.0429711392166163,0.2038645111460182
6294,0.012151162411165045,0.04600518439992027,0.20152164255183788
6295,0.012143289687662434,0.04390848626087849,0.2087737021351179
6296,0.012231870710815608,0.059447722037655415,0.1670380691096969
6297,0.01222410009261434,0.05830098606484096,0.19149643361950253
6298,0.012162868903290542,0.0496351341675218,0.1679026792148879
6299,0.012249240402370045,0.06156212109306684,0.17635536568130636
6300,0.01216461955091459,0.04684263257318466,0.1860600447994354
6301,0.012253173860970724,0.06089153787380688,0.17362728257505422
6302,0.012195158908360712,0.05448989578299416,0.12496940893810302
6303,0.01217733684057317,0.04752511603652314,0.2145035174728031
6304,0.012248946745970166,0.056829652021050905,0.1849208728910089
6305,0.012156378891498378,0.04834783987924058,0.10330511658727182
6306,0.012177926920014747,0.04787266696682307,0.17888320765609939
6307,0.012158589654416707,0.05036237468923745,0.19173699728007115
6308,0.012228126674078623,0.0601469305083466,0.13338832639428108
6309,0.012104139983125067,0.041073076487387304,0.13025427884514665
6310,0.012166136713481053,0.04739927849328891,0.298868896814875
6311,0.012193999547662463,0.05280696490273047,0.1915537764994301
6312,0.012171805010955867,0.050112662244157086,0.1628893222061361
6313,0.012133991443463117,0.04250022617384571,0.22044548529152097
6314,0.012231076608971247,0.06178908753444966,0.23475014116454154
6315,0.012153794242338504,0.04637334153743133,0.17718888512991685
6316,0.012165421113101272,0.047260966593003474,0.19592818172370693
6317,0.012173524358138016,0.04969390885378453,0.22186472062665274
6318,0.012188414287769274,0.052170711907603,0.2965710260620205
6319,0.012190535012564011,0.053443653553031295,0.2044735522483102
6320,0.012183368027707059,0.051226683967713245,0.18731758812121252
6321,0.012263898228449466,0.06546357457091004,0.1573965643471116
6322,0.012200606777669556,0.049228548582046824,0.14967924901348512
6323,0.012193230652139609,0.04871472357576326,0.35527076824006126
6324,0.012144772330368214,0.04556319970063647,0.10544886853976534
6325,0.01213723822121894,0.04517219244483232,0.14357677775439795
6326,0.012160548670870493,0.043749915179968416,0.3365174205123794
6327,0.012220757738659925,0.056424616112863486,0.23830155801770397
6328,0.012122936104857644,0.04456918504747195,0.1554033059937135
6329,0.012198511466999216,0.05581815443767341,0.2003261473149047
6330,0.012168867839492661,0.05474585040907678,0.15957155885552984
6331,0.012134322640219847,0.04887464170321792,0.16254494024901708
6332,0.012193838973500301,0.05872710203335507,0.21654792880867862
6333,0.012109454996469517,0.04798881286739402,0.005999583081722903
6334,0.012146056548512347,0.04355543230484695,0.24110061044897757
6335,0.012038706132037705,0.026982106749526,0.1656892637617534
6336,0.012099159560334501,0.03716649693916572,0.009436789261296272
6337,0.012182639645985097,0.04583421347344987,0.26441401668632064
6338,0.012165551554458864,0.04983833481977952,0.10341869242244704
6339,0.012199850979750475,0.05720136426514113,0.1280797339934906
6340,0.012175040027280322,0.054244731355085674,0.13077067988482144
6341,0.012160816450687706,0.05146098197494672,0.17349656272944647
6342,0.012223496817330386,0.063140674512854,0.1685722918560773
6343,0.012160142661408581,0.04838817428775972,0.12794646479263236
6344,0.012244515929548158,0.06197467535456552,0.15912072503865224
6345,0.012124367584809595,0.045410500501918485,0.1277304849824076
6346,0.012260187597193014,0.06272242431126439,0.19455628037963688
6347,0.012202795424245395,0.05518637193599246,0.10779015712654287
6348,0.0122191239056442,0.05055797451349894,0.2118847957375299
6349,0.012163405731734559,0.04449872670625899,0.2800373781763799
6350,0.012268330076449029,0.0635418684677252,0.2082244052109553
6351,0.012161423382978946,0.048464538611830935,0.13724063129236144
6352,0.012244432955085661,0.06357303894424246,0.191365420464688
6353,0.012164071353590615,0.04774741240100869,0.22676423330218393
6354,0.012110795838775928,0.03996237049811542,0.218264366276625
6355,0.01222214969740511,0.058810459873798425,0.2187417208778795
6356,0.012157670018635299,0.05013408476000685,0.2045119100492746
6357,0.012121106386881636,0.03820057121895505,0.20633793397887304
6358,0.01230601208380817,0.06935519182274456,0.22427911393584324
6359,0.012118688291210867,0.040975527709215996,0.11704063801865479
6360,0.012110652195256921,0.042086655622263124,0.23845911725798138
6361,0.012173066095344773,0.050347468634788804,0.1943757376859792
6362,0.012130043452591012,0.046241366380792084,0.18713994132359357
6363,0.012217402426524682,0.05785221634655809,0.2111180069505927
6364,0.012165017222433693,0.05166921524808665,0.1424030286087605
6365,0.01208846273888086,0.04086750685808279,0.21651634199161224
6366,0.012239983290968252,0.06666226855496384,0.12896113436667325
6367,0.012113097259693579,0.04325521091344967,0.17888464928074044
6368,0.012121263072577318,0.044552174319767865,0.20489878626153596
6369,0.01223419792418878,0.061789872222606124,0.29916069715514143
6370,0.01217397563550755,0.050392513652454035,0.14495585660982985
6371,0.012142611925146032,0.04701350807197103,0.14219086053471144
6372,0.012106568441322543,0.03994746219641842,0.2588667111306656
6373,0.012205364170147354,0.055519989583433293,0.20149351699310733
6374,0.012104144752925752,0.03949214075173779,0.27097384538153113
6375,0.012201763927457325,0.050429093766158437,0.24481636627732656
6376,0.012222095065865626,0.06258011309166697,0.1120950392743344
6377,0.01220919808308691,0.061035827702054,0.05837807927770831
6378,0.012128911194749235,0.0493314813662302,0.12795129282454962
6379,0.012229196848883964,0.059818038033540764,0.22001977358915056
6380,0.012115581998124094,0.04539483801660506,0.2278698996876566
6381,0.012172866765126382,0.052541189726022786,0.27109438784394946
6382,0.01213984839089674,0.05039461562856248,0.16698303162792427
6383,0.012150909256010665,0.052166186948271805,0.21098999407627142
6384,0.012164788978797575,0.05066201734328787,0.25931268563231374
6385,0.012246010643594844,0.06424429858148098,0.16337246761527485
6386,0.012124361811190358,0.047715145097641964,0.14908795648302633
6387,0.012217354367349153,0.05947902650558626,0.17152552821352895
6388,0.012072097734904285,0.038590140262964395,0.09276349863370571
6389,0.01225435826873832,0.06914038026896116,0.22527246636963202
6390,0.012086910027294269,0.04266755707578185,0.1284090404977408
6391,0.012168153003930498,0.05242942144373415,0.20284205143065248
6392,0.012234787625898864,0.06111221462302445,0.1805827788037375
6393,0.01209091914391221,0.039502036691264945,0.18941898632142337
6394,0.01209396037394188,0.03891313043250233,0.41524925559575476
6395,0.012282092799777704,0.06771963675871427,0.1895514391067936
6396,0.01212661249355475,0.046292128618115345,0.09929017719476432
6397,0.01212480685335747,0.043984087361526016,0.24586251613412377
6398,0.012097901742119468,0.03726831530629017,0.20836844478361052
6399,0.012156626713045847,0.04412536817255373,0.3330940004501843
6400,0.012146866732022733,0.047546314166182616,0.17745552260351835
6401,0.012158103680085257,0.046792063474591125,0.27855801642140177
6402,0.012196511993092763,0.06141909865170755,0.20428782296353842
6403,0.012202521882261105,0.05662637694016184,0.07475712682595628
6404,0.012108428873960943,0.04201903115737,0.19941205700348402
6405,0.012186888812274243,0.04715208994572473,0.21128617738847202
6406,0.012167385315034574,0.05383710154563716,0.21120406137131628
6407,0.012182899027392082,0.05764250314464263,0.15850615087619552
6408,0.01215773542331558,0.04503392149381046,0.19886267761443643
6409,0.012225777744358766,0.06093560621900644,0.30287432830420585
6410,0.012085739812899435,0.03970032455654172,0.15435343346657007
6411,0.012262263695974196,0.06624547495927945,0.2590476934672106
6412,0.01215201564323932,0.051442878499416964,0.14828093104963905
6413,0.012114777774150098,0.04281734092353013,0.20755142551913008
6414,0.012254565258646887,0.06831288095015704,0.1830178858839599
6415,0.012087502675948748,0.039385013500116674,0.17085340310405844
6416,0.012166681033897953,0.05017295471003954,0.32914147880526873
6417,0.012158016625663274,0.042985938766989924,0.25539023242182196
6418,0.012272714018515651,0.06659957835983786,0.16853360981622087
6419,0.012132617158236101,0.04682154020592874,0.13410364848533646
6420,0.012130452360389699,0.04012453209307994,0.23556630065308318
6421,0.012230333391798185,0.05878780906121866,0.32017644238805093
6422,0.01217988721244286,0.05528759997334962,0.128772862348211
6423,0.012147251734480224,0.0519143294591687,0.10050021222770192
6424,0.012143744358154882,0.041754914926082014,0.3119898820935999
6425,0.01214113309688184,0.04572398128019358,0.2458664859356926
6426,0.012162144528020422,0.043459872265831874,0.32183787727128743
6427,0.012219296840931527,0.056809212588048996,0.14909583736272275
6428,0.012187868232602216,0.046716564903839915,0.29826847812234597
6429,0.012104805744913481,0.038529319250471636,0.22907077124714892
6430,0.012221460556602202,0.05622748600271807,0.3016004643770403
6431,0.012184598573795889,0.05291589059869536,0.18395171601863414
6432,0.01220776594918615,0.05366898625077802,0.1704992109632106
6433,0.012112616754743979,0.041033498312882444,0.19156932393218204
6434,0.012157597218023928,0.04867659312020265,0.39586235557019556
6435,0.012224453899476486,0.06161808321875395,0.18785576766731127
6436,0.0121336420292264,0.04540643560563174,0.1877890158952806
6437,0.012213548125610459,0.06101595837405085,0.1920092503019714
6438,0.012149490065208591,0.05013087972839269,0.1804801553783071
6439,0.012231785969720433,0.05619446804394709,0.2742079066439857
6440,0.0121368501949043,0.039828999090522475,0.17154906717369564
6441,0.012187650749929026,0.05018856729294478,0.25363100538629013
6442,0.01220727922130807,0.05539972480561857,0.20505361322152835
6443,0.012143254305689806,0.04590186263267001,0.21665486372015466
6444,0.012181550223069269,0.049826601907685945,0.1827681607511844
6445,0.012153119073819616,0.04694149083541167,0.23893400387035063
6446,0.012307991076739284,0.06942920676188666,0.15431880772216222
6447,0.012121947210127798,0.042519901741348266,0.12274143933869087
6448,0.01221799426333331,0.04972799939390443,0.2535409797923406
6449,0.012079757732690063,0.03663457522581982,0.12601266040008752
6450,0.012166599960925248,0.05000227512674543,0.2495484568767937
6451,0.012164772830472563,0.0501927060100899,0.2118606084174633
6452,0.012145186666278843,0.048394131613153694,0.1630718869325121
6453,0.012252920927129821,0.06519947974092116,0.19579230023757302
6454,0.012134726778085783,0.04755961516975655,0.15401686352344612
6455,0.012186532839415797,0.05777504903796115,0.1737010636332137
6456,0.012142508058290612,0.04921146503901247,0.1710413200609645
6457,0.012159841317269385,0.053362338062671086,0.2485548345185577
6458,0.012232874248759797,0.06264961958755985,0.06289881615281248
6459,0.012128326882157463,0.04995389837017773,0.14739860294658663
6460,0.012150020288032165,0.05253882767161594,0.2518279712280117
6461,0.012138149312477186,0.046371549445572126,0.2671754294960544
6462,0.012229259138945753,0.06440276170724181,0.16617166479294407
6463,0.012145708315088486,0.05207177380995523,0.1378811376077052
6464,0.012153053646171995,0.04868010637032988,0.19169778712570648
6465,0.012102628719510192,0.0374943216668427,0.24016046695547355
6466,0.012249385576150691,0.05290223373721657,0.29891833115729216
6467,0.01208084356380981,0.03651149541663841,0.0741190125374591
6468,0.012189128133107801,0.052403284345169186,0.24003722860222212
6469,0.012222411694446314,0.0626022825569033,0.15357657261224417
6470,0.012079559842439252,0.03743628456150254,0.14257402197329877
6471,0.012163309159529598,0.053868535579605734,0.2954764391988133
6472,0.01210647253909532,0.04297380483796538,0.19183591320412582
6473,0.012123058493530866,0.0470921982606479,0.2859991525215371
6474,0.012143764286169235,0.04901563125915935,0.20436550870215442
6475,0.012077557243329406,0.04074191423398496,0.006081529420095985
6476,0.012176650433353947,0.05364990055195502,0.2100124318471268
6477,0.012164621088875721,0.048490487880817806,0.194075513914565
6478,0.01205623042586276,0.03484152740404083,0.1891865296490953
6479,0.012269111201593894,0.0684143364149629,0.18474316684644115
6480,0.012137812570610296,0.04249187270635205,0.11638299568042088
6481,0.012219577127230789,0.0636538460349313,0.2069326001447407
6482,0.012116090144172904,0.03665824610908681,0.16801982221126374
6483,0.012331411451043009,0.07242414773043832,0.20308203478875816
6484,0.012073922704905397,0.034664482354967906,0.12080812608676642
6485,0.012263126236919407,0.0644481221664983,0.17919293541791223
6486,0.012110681278209695,0.0368593033900794,0.19960705549693739
6487,0.012196128002623277,0.05979748823133315,0.18487721822518258
6488,0.012043298405147321,0.02880600689654943,0.2154130052063868
6489,0.012186064135549495,0.04896223055120378,0.2673360149198496
6490,0.012139704750350085,0.043719034828122574,0.24521847590085394
6491,0.012097516386154705,0.04055350722080177,0.24038572304803038
6492,0.012155738469453947,0.04793259923798007,0.009418366824519306
6493,0.012160862982361988,0.05009165260106287,0.12996043038487962
6494,0.012181789149863675,0.048906389336646434,0.20232864826843958
6495,0.012155192694862524,0.0459220911141615,0.24731423094956903
6496,0.01218336685894351,0.057641296386120616,0.19186594604726914
6497,0.012137665599100221,0.04506777348018447,0.22353713526399915
6498,0.012092993933935368,0.03858377388516517,0.2306411942764919
6499,0.012227382728464496,0.06107452310604065,0.28463244203573906
6500,0.01219554059403676,0.055826298724930216,0.11591148932522569
6501,0.0121314428932385,0.044834752084797015,0.16888045277673272
6502,0.01226010476460371,0.06840415735852631,0.14876106340893355
6503,0.012133029293481775,0.04538381336223699,0.16466291122925908
6504,0.012212659910872677,0.059027916929345725,0.2820124683143277
6505,0.012130121337288234,0.04542316777482263,0.13081401670782727
6506,0.012241791850668215,0.06265336658495221,0.1799975404299233
6507,0.012107236957962928,0.04210079205851716,0.22462930799284056
6508,0.012147662692647948,0.044263408599868104,0.36953069988826787
6509,0.012316553319063835,0.0575286782498634,0.1828980745175568
6510,0.012150398598422794,0.04463353409154783,0.19919309976983335
6511,0.01215537131688091,0.04783994003920562,0.28625185943559667
6512,0.01218181553208705,0.05411551952888751,0.19965134612621482
6513,0.012162350378998824,0.0517053132826236,0.16482811448975968
6514,0.01217521971966767,0.05393461094967896,0.21637102698203825
6515,0.012172190350554188,0.04535294576393905,0.09552241716372639
6516,0.01216670066662474,0.04930401765569492,0.2689849820986723
6517,0.01216667145147392,0.052278693674104565,0.13809804803951728
6518,0.012122611989516644,0.045531756888667674,0.20144385925902844
6519,0.01215026949475709,0.045769043032235196,0.2302601360874794
6520,0.012174808192584947,0.053474762941676,0.1677688877815042
6521,0.012116546572736728,0.046016212989200764,0.18936076547693836
6522,0.012185350087457723,0.056333274941070405,0.16755066576263972
6523,0.012205600890944749,0.059083921895439644,0.1726059524876559
6524,0.01215359421799926,0.05109144824069015,0.1949500211106186
6525,0.012299860231998968,0.06423242604574478,0.05873264289730698
6526,0.01215101560109875,0.04959235941021375,0.172023098278835
6527,0.012202417734000276,0.05290313434610762,0.17617731190022978
6528,0.012101481555090459,0.043780686795449504,0.12407624312356545
6529,0.012151148233873735,0.048317986407297946,0.35683288102248145
6530,0.012230497787165453,0.06282939152241417,0.20940415876123653
6531,0.012074036232882581,0.03816627906608506,0.1764877357581071
6532,0.012147228884858027,0.044132595013804295,0.23277698186024953
6533,0.01226385914731292,0.0646815647008903,0.23182341056111658
6534,0.012119055892824393,0.043318949987024236,0.1535470788567299
6535,0.012194761326580424,0.057901764880202655,0.20911343888107825
6536,0.012241112987650939,0.06377581022982841,0.05876969444997907
6537,0.012135333078947418,0.050321175961615505,0.11354241874516367
6538,0.012120384137425978,0.04880720228305287,0.19142079654548946
6539,0.012094179070562767,0.03930843629144302,0.338067878576045
6540,0.012127488676550268,0.04301910703500187,0.2981177483535083
6541,0.01221486025015894,0.054242730875517065,0.1903365912069493
6542,0.012089489065758468,0.03997440108416426,0.2022375925032828
6543,0.012170882677408734,0.045636225896033306,0.27991268016800436
6544,0.012231828564046239,0.05708131461370259,0.19534258175886418
6545,0.012157351704935367,0.04465667356563197,0.1556768211163504
6546,0.012161792525938329,0.05020824155697166,0.19679233827377726
6547,0.012113647571899526,0.04497949757714194,0.20525233892965739
6548,0.012140847115150469,0.04902337061064033,0.09771399642923118
6549,0.01217087739609151,0.053003329534543016,0.23584024663775538
6550,0.012215897428055187,0.05430040815424019,0.13556706129750445
6551,0.012143798701634423,0.048949427006092554,0.16247282633243967
6552,0.012082186118614847,0.04184697738648826,0.006075760749343823
6553,0.012080626279853953,0.04091378851384952,0.21688506949988062
6554,0.012148204260901966,0.04850162818361014,0.25149019791348304
6555,0.012040697409779673,0.03127059591944584,0.17880454020842193
6556,0.012161652783568141,0.0581417397989667,0.24628821838440595
6557,0.012091479241069587,0.0450397299539925,0.13814626178484637
6558,0.012151476015601995,0.055776783637823686,0.20775501417967843
6559,0.012086981174648782,0.039947361442176886,0.17301489896852484
6560,0.01206679834204916,0.035127612970099316,0.3003400190269826
6561,0.012110279659002606,0.04184568324074771,0.2746691572449428
6562,0.012103796284950058,0.04183671308185075,0.21993691463674905
6563,0.012075456045038747,0.03735488636717838,0.18763876130269325
6564,0.012176461926049851,0.0558209346177545,0.20688675622320835
6565,0.012093833992772652,0.044192686022186636,0.15795117312967624
6566,0.01210050389189945,0.040325421496147026,0.24183076977508955
6567,0.01212042681259954,0.04592787274177893,0.19592919430276742
6568,0.012116538572636214,0.04840824233513446,0.1685559536322396
6569,0.012108071699978587,0.04647574314343577,0.15179925610892192
6570,0.01206325857412568,0.03637356677435594,0.23846635844104608
6571,0.01210571298838202,0.044262456375571746,0.1363443070672213
6572,0.012216434089304775,0.04747473927088844,0.1795803650958349
6573,0.01209515550888734,0.03131831597709936,0.29977878181449646
6574,0.01215471505618572,0.05150313587426581,0.2536331835734354
6575,0.012093155242032482,0.03665259943518486,0.19629384862578045
6576,0.012164235352496717,0.05503647112139439,0.22673936833083602
6577,0.012120281828953302,0.04698567090372526,0.13930642967085471
6578,0.01210742813168062,0.03758932515440469,0.24047784325241625
6579,0.012344168855547177,0.07326019237703657,0.2067644183688922
6580,0.012043769708219213,0.026336028202481914,0.10367068176571342
6581,0.012218002511074747,0.058455627757891274,0.32930440126918264
6582,0.012066861019202747,0.03211748155292196,0.11437927759500409
6583,0.012089522663126632,0.04289369479037538,0.2171336228515583
6584,0.012105914478475739,0.032334767439282285,0.24021772635226654
6585,0.01226813560086024,0.05467007585781105,0.17017324640214265
6586,0.012109721264672926,0.04196220203171257,0.1247603946735271
6587,0.012072578296494834,0.040313851953495516,0.2257845924811987
6588,0.012129955578182264,0.05319168088987145,0.21078521466075326
6589,0.012054188531989224,0.03820704366162461,0.1913114853489057
6590,0.012155101954354309,0.05551012494799158,0.1745622378218267
6591,0.012067674719611695,0.038444295066389154,0.1620977076359251
6592,0.01209560824935404,0.04149273632147892,0.2284927370459345
6593,0.012104755510512382,0.04402259997044181,0.24272180301003898
6594,0.012047547366378298,0.032615234036760636,0.17226170462009482
6595,0.012222162065729838,0.06495499149780298,0.1497318897615504
6596,0.012028232508305032,0.03359931955712978,0.1665311363733597
6597,0.01215681154134654,0.057373040219384025,0.20771804185786197
6598,0.012051375405884444,0.03542911541077561,0.154295787720196
6599,0.012170737048580876,0.057660430118585036,0.18735876375385263
6600,0.012100717633435877,0.04679846468667307,0.11594387504259059
6601,0.012113991376693493,0.049051854845045866,0.19546580770104108
6602,0.012077197675091448,0.040769655886964684,0.2294532831195903
6603,0.012120057708454333,0.04964463313261934,0.2423973583039255
6604,0.012076035275842755,0.030068487049767292,0.05202600542923347
6605,0.012094155909399709,0.0428596131965738,0.22604069707901592
6606,0.012107134502953922,0.047499276226738885,0.2285844814852135
6607,0.012111947357194985,0.04585607031496259,0.22059574852809188
6608,0.012118141418144478,0.04940967719804902,0.16953733647613828
6609,0.01209365171271799,0.03265671137318301,0.17153956468657958
6610,0.012308078968664248,0.06351016770266393,0.19771321813053072
6611,0.012053659461670996,0.03160715311707,0.09651520624006202
6612,0.012177656072646178,0.053479165373328065,0.26897255958837923
6613,0.01212747645912284,0.049971221996222934,0.13828197059554698
6614,0.012103679995994886,0.037119374556049974,0.15265230907751973
6615,0.012149011130267059,0.04207325907229566,0.281695606009911
6616,0.012176141221389113,0.046739916148339014,0.2463614743317612
6617,0.012082599140215587,0.04176749214770623,0.14999910512660636
6618,0.012142999227519735,0.05473047897496782,0.25501103255110436
6619,0.012072496130803124,0.04288432610038217,0.1747540988930025
6620,0.012125915846382177,0.04947130437450364,0.18846068377647393
6621,0.012161242354000549,0.051695049216727136,0.009191615527616428
6622,0.012200764595434382,0.05939720761999869,0.18558915130442538
6623,0.012150734024441494,0.05051063799677958,0.1633562044867343
6624,0.012140405108542878,0.048843433505454475,0.19850107392480734
6625,0.01223707339265544,0.06029154474510085,0.1797800083381459
6626,0.01222968588756629,0.061166021972466116,0.187738759155705
6627,0.01213004056959435,0.046261305694339325,0.17739586731567786
6628,0.012083549123062767,0.03856282206573354,0.09410800170197298
6629,0.01226954794823699,0.06297229255185793,0.22420050189222035
6630,0.012098910561170854,0.041688921900278536,0.14067434792108097
6631,0.01222881234594485,0.06456326843374827,0.21926772503637945
6632,0.012141803077747988,0.05003697049914436,0.10883552477843327
6633,0.012113623832460585,0.046391792252009525,0.20151565586896794
6634,0.012170369294381388,0.05683887074912147,0.26970094860691923
6635,0.012137617968071168,0.04925346322401377,0.19049243976031358
6636,0.012155922443667543,0.0516882251601904,0.23335400765460731
6637,0.012120504429114299,0.04782082228813859,0.16750937331158078
6638,0.012154834816004517,0.05389672035439437,0.2216917391154691
6639,0.012087736580368297,0.04611589465993473,0.006103451317837174
6640,0.012112425573476552,0.04183935239591848,0.17713821576655686
6641,0.012125202705287745,0.0508952209307261,0.21752880946329006
6642,0.012120779303984823,0.05180848816034815,0.15514720410816557
6643,0.012046156249119025,0.03358099491127079,0.18421847737457925
6644,0.01210020993682837,0.04645846720169083,0.20519610020626974
6645,0.012083672110032083,0.034402983642513145,0.2374884241712107
6646,0.012202390770725496,0.05085103937671036,0.24577927711654607
6647,0.012064289215650476,0.03598407655895578,0.15675662449881542
6648,0.01206634493767417,0.03236499657792852,0.23330584872076984
6649,0.012239604873461277,0.06567095101343409,0.20318359706822
6650,0.012020943436265502,0.027612839758765228,0.12002071615793064
6651,0.012190787519048731,0.06116021477550163,0.2875709472260834
6652,0.012155570619505155,0.046951897008564364,0.053032199983145845
6653,0.012020577296980257,0.03136278495163564,0.14551968757136208
6654,0.01210632176230447,0.048969076451672026,0.22518023856377997
6655,0.012095825368109613,0.040315317997968066,0.11160411035721422
6656,0.012120787566187325,0.04280331560311983,0.2191381018360602
6657,0.012124257827821814,0.048164527162255714,0.13688737801735182
6658,0.01212849475502209,0.0510119148975994,0.12577197163513673
6659,0.012051757615216293,0.03715066722064036,0.15109830828456067
6660,0.012137944980285413,0.04586807888956034,0.20706102864689319
6661,0.012185098730956202,0.059039040064660736,0.2148982446834339
6662,0.012022912514807228,0.03211811701095226,0.14970613972548422
6663,0.012201073293035804,0.06300450781671785,0.16558352996548556
6664,0.012095986509825827,0.04384964580514889,0.12122523582858426
6665,0.012011555852231936,0.026896339369867912,0.20273678525995745
6666,0.012198673534674942,0.060994949995452366,0.3071985567182056
6667,0.012028203479679735,0.03202594506183434,0.16503271340036646
6668,0.01207965163626067,0.0354359392647861,0.3249168965595766
6669,0.012132517912485376,0.047046059072366135,0.2988987255927116
6670,0.012079597591787958,0.04000441777874374,0.14978048757204734
6671,0.012151928518236833,0.050220593392543526,0.20256697149535854
6672,0.012085941403663803,0.04358488889653767,0.1260266282644796
6673,0.01206082373811268,0.03327899725360215,0.22410595125906974
6674,0.012084124179533678,0.035767668065072845,0.25519063581610874
6675,0.012099372088417321,0.04148285702737819,0.057355274924312485
6676,0.012094594870103914,0.04478639503824677,0.1688072084101431
6677,0.012065680129847663,0.034690767042732815,0.2221631938972173
6678,0.012161908794671192,0.055841610579363,0.2006773790199589
6679,0.012047596210472437,0.038227477751936634,0.1642844723098802
6680,0.012173136259087244,0.06107129922672875,0.15265832024193357
6681,0.012072619103990503,0.03862550019721679,0.16638874271304702
6682,0.012092034961905305,0.03985051530399268,0.1995593397281019
6683,0.012124293942352487,0.04448792363584724,0.25604009226007546
6684,0.012100395384706133,0.04163542395538338,0.16110252280374468
6685,0.012147710736917821,0.047046613347811746,0.009196606815675114
6686,0.012157691940127417,0.04890245359043976,0.180181074397389
6687,0.012228729523570323,0.056671979768406044,0.17453969648856085
6688,0.012225568459642207,0.047320960906438905,0.16000966804332117
6689,0.012121492771166068,0.04151636187456734,0.18775268891852967
6690,0.01226179799879482,0.06650029717455805,0.2151963329823059
6691,0.012116701704186226,0.04520876248772441,0.15198790126067174
6692,0.012125139641598793,0.04909197836911745,0.1258348082035214
6693,0.01215306381472121,0.04983673016028049,0.2235071141331117
6694,0.01215876182508548,0.055473610717770364,0.20110510898233278
6695,0.012096339551068272,0.04358688457371898,0.14311426005651084
6696,0.012238909604075737,0.06610495882587036,0.16209210466717672
6697,0.01209841968421695,0.04256884152855851,0.1529461305488529
6698,0.012185579542023834,0.06067189809029859,0.22243448486562614
6699,0.012127019794665102,0.051617287898031786,0.11111589094170471
6700,0.012176580710264276,0.04488425282124874,0.17906134452268632
6701,0.01216340481334838,0.04774701416791692,0.22038569169380057
6702,0.01210434649189137,0.043401730314795245,0.14226693251064793
6703,0.012142462614409617,0.04392595150030964,0.2482075942492481
6704,0.012156254392794188,0.04662973095359813,0.23929543782829263
6705,0.012122614602806314,0.0446346155942312,0.25956755090938594
6706,0.01215025077858706,0.04325687427453681,0.2409841611274187
6707,0.012178297352936263,0.049763715663268905,0.22249089997109783
6708,0.012114964166969546,0.039986136108631595,0.11950051829810121
6709,0.012188708374325914,0.05338541310156499,0.2922311878971319
6710,0.012204895665818581,0.05734439794650603,0.15631544531477268
6711,0.012187588944370534,0.04749937009680459,0.2682813778855604
6712,0.012127101942291267,0.045770005482677754,0.20853661515213534
6713,0.012178265862370915,0.053026610924414234,0.2150704362388872
6714,0.012159189541292895,0.05260066483389529,0.14613041695552245
6715,0.01216248166948257,0.055128684278904126,0.18607363976514968
6716,0.012154806670372416,0.05550770770068623,0.19527835748108396
6717,0.012110831170578614,0.04769505184028099,0.18527855050110253
6718,0.012171862267392924,0.057916276699790686,0.15155782312375127
6719,0.012221384028142277,0.05371889936252165,0.222914134029813
6720,0.012088193379260448,0.040162747303978126,0.09980480314112904
6721,0.012195023399755537,0.057103455703312545,0.23090486214371475
6722,0.012107049396074569,0.04309268481832881,0.1953555574950874
6723,0.012152454281028026,0.051058214873930995,0.19437878884803356
6724,0.012109636393756097,0.04434815147662142,0.17391046316302397
6725,0.012134171324677229,0.051405305585111624,0.22457573947343132
6726,0.012170036305884747,0.05120528441457712,0.16290475371408605
6727,0.012196687960088796,0.05331550977739493,0.2615923351636498
6728,0.012101413111739455,0.036301743379587484,0.21349034456134489
6729,0.012180929800259603,0.053528376987988784,0.27502110674529456
6730,0.012169855294219356,0.05138508987415889,0.12894930765909235
6731,0.012108783522162598,0.04404079517654817,0.006090554954373307
6732,0.012057624080979304,0.03385432375157572,0.19947315354988734
6733,0.012106889886877368,0.036771091068294084,0.36714212555728604
6734,0.012221303637458061,0.055616937810352235,0.24247185825182918
6735,0.012112741691448803,0.04121605527817457,0.1653099779107601
6736,0.01206430230710016,0.03478374886313071,0.18921861760304817
6737,0.012089161088017495,0.04281217490899112,0.15916753378170076
6738,0.01206449727074932,0.038109504267152546,0.2027718194641231
6739,0.012091672264216079,0.042289831473823265,0.22989592394407815
6740,0.012094097142845999,0.04569705927757102,0.15099028428993178
6741,0.012065905055361923,0.03737748317488747,0.23208921087983608
6742,0.012245998094602173,0.06607855152452276,0.24012933130521413
6743,0.012076629400861613,0.04048533549285638,0.13110747077248175
6744,0.012091216531706469,0.037000539600139104,0.3313164768298164
6745,0.012159343582575555,0.05740320832911809,0.15965584504578018
6746,0.012092408640654334,0.04637294781805364,0.13128378354776468
6747,0.012076062709625192,0.03868300355005851,0.1797526989593256
6748,0.012147481374034043,0.053084582723014924,0.21715119770619257
6749,0.012155371296460271,0.05123861558094417,0.12651040119876739
6750,0.012151462337033531,0.046097765687247334,0.21622838779128176
6751,0.012118979620517698,0.04673220144188163,0.17331067443156317
6752,0.01213423736330996,0.036799027801497124,0.23636555012220437
6753,0.012134126617763778,0.044465485554025894,0.05212632252830682
6754,0.012074182297565253,0.03227431982258828,0.16135040944574985
6755,0.01209464894911924,0.042724317673508067,0.4067297978068487
6756,0.01212508211403936,0.048305546327604656,0.1955782935805659
6757,0.012076481178135496,0.032912491281288564,0.17939763246942844
6758,0.012188251365499657,0.056962375173182825,0.285147190827674
6759,0.012062251358658486,0.03883083684720853,0.1298929210432913
6760,0.012143595362667247,0.052597270711998566,0.12808692531978938
6761,0.012044553979951403,0.03539660837180063,0.11645801378790623
6762,0.012053803694455302,0.029314859098617096,0.1509552884004116
6763,0.012049826488631375,0.03613147841414144,0.264227876736283
6764,0.012155971505482796,0.05629640229984548,0.18213173608110597
6765,0.012022325959955638,0.029524357264324737,0.14358487338504497
6766,0.012181627239864745,0.055896659803217494,0.21077721405101174
6767,0.012044271724097005,0.034747986543070944,0.1624666094145453
6768,0.012054540692033627,0.02800092716444144,0.252255488722332
6769,0.012305396151409284,0.07389053722708809,0.19192048210396087
6770,0.01203488720386604,0.027568644039459834,0.12102225860642078
6771,0.012126864796481212,0.04065364030074721,0.2825686781680205
6772,0.012170875613473364,0.052778714016577556,0.2796833337602228
6773,0.012067418549968813,0.036944086212194804,0.14767520640495177
6774,0.012111152716053555,0.03837280448100059,0.17482675041384133
6775,0.012050417839460242,0.031145414044645377,0.2317339970543496
6776,0.012195725858175334,0.06120687474436106,0.20077189631901918
6777,0.012033396742498528,0.03224986176611154,0.17344177232173905
6778,0.012069686001753375,0.03429211502117912,0.24554977224010727
6779,0.012275901125138523,0.06219496081791447,0.27144959392512064
6780,0.01207955594885632,0.03591810045074454,0.14027848050179162
6781,0.01207363076517223,0.03446897894549209,0.2325290720931723
6782,0.012043456866753191,0.031274877962141845,0.23124608930407778
6783,0.01213517974165766,0.04588887756498319,0.3296351660624149
6784,0.01209993928866276,0.042338852300603844,0.1561778892925803
6785,0.012170095672059872,0.05900231396664562,0.19216121374447628
6786,0.012075213637290033,0.038963585054642036,0.14485552394787066
6787,0.012073516946767131,0.03481774336895354,0.11855022066948967
6788,0.012147485417480086,0.0551702144848957,0.1851961169444711
6789,0.012081770650512316,0.0429866710558488,0.17970932684987573
6790,0.012137012496134993,0.04971942384072773,0.009388007966072866
6791,0.012088978496158836,0.03883694548844526,0.15804571838042258
6792,0.012098964391698917,0.04025365552171257,0.20495944941410293
6793,0.012218386163456291,0.055514360561849385,0.29663196529095537
6794,0.012436874966117643,0.07299231696373014,0.17566920934531133
6795,0.012169322516154766,0.04402354975997837,0.13600199122382844
6796,0.012148247950799019,0.04265964122809564,0.23188927398813808
6797,0.012198854969492913,0.059118717532173674,0.26715706895793845
6798,0.012111444071843174,0.04027811261014284,0.18501717698859885
6799,0.012216226164010212,0.05616491037025253,0.21126306600294278
6800,0.01219086874125721,0.04482735048722392,0.11207923599040279
6801,0.012098706539190053,0.03740584888484761,0.2613541612076699
6802,0.01214370825984867,0.04681758221499925,0.3228014059274179
6803,0.012120887344574269,0.041623578262532414,0.28573950937039744
6804,0.012145864506479712,0.04104483187400399,0.25954842803238287
6805,0.012316467587471193,0.07025673581856272,0.2496926513310811
6806,0.012112593687999844,0.03893791761374512,0.14604720594050807
6807,0.012167221376441804,0.049091182388149704,0.06088010929559902
6808,0.012226494636522834,0.06138076044865695,0.18051369744565207
6809,0.012212061532894444,0.05704041998835487,0.11111337173776475
6810,0.012114391518865952,0.04640320470573598,0.13972830692396393
6811,0.012169031366564682,0.05254204955290664,0.24556291780878106
6812,0.012085088678287932,0.03980776608199755,0.19248672700622466
6813,0.012236985591725827,0.06596867368820833,0.18363623191170317
6814,0.01213748472399455,0.046884374619638396,0.18620474868356585
6815,0.012193973160922562,0.05933235433780509,0.18850368523829697
6816,0.012135613878603478,0.04789641197077978,0.1546528775561842
6817,0.01216180736601275,0.05462554912221295,0.20034654018552872
6818,0.012127621066741052,0.04574603605212684,0.23399626595166642
6819,0.01227867754692699,0.07161734512823209,0.1707562202285792
6820,0.01209047841831434,0.04048528015970505,0.15656692401001518
6821,0.01215328314963004,0.04939498345225648,0.20301572495545775
6822,0.012156962768038652,0.05138499249947109,0.2224733852081679
6823,0.012148063960524097,0.05166559033301278,0.214286869262273
6824,0.012143997765584063,0.050799748157828235,0.16300221171217005
6825,0.012099914478504661,0.0440352219898104,0.1526088667139793
6826,0.012141078638432473,0.048723961676691824,0.24788312358440745
6827,0.012118710593743703,0.04245801713846921,0.19979897223103943
6828,0.012173944889372425,0.05452828725627398,0.20834573343154353
6829,0.012132918062008027,0.04788548437203063,0.1535770245307449
6830,0.012189017176581544,0.05655526726170352,0.18081322194219157
6831,0.012165329955602015,0.056162838011712304,0.16115583092399605
6832,0.012126284676750042,0.04335702368670377,0.21185847089447574
6833,0.012166443827030632,0.05237110731612282,0.2636695087000608
6834,0.012149113449464562,0.052457537438803395,0.16882259209564923
6835,0.012179338919449658,0.05715276667700803,0.1667601629948794
6836,0.012106568216811874,0.04515166677606632,0.20035574788491006
6837,0.012100497675993072,0.03943797610829199,0.2601902222152111
6838,0.012225100412160862,0.05193258311671612,0.04033726150379949
6839,0.012326231902442808,0.06194401069147794,0.19356449264413486
6840,0.01218827682016344,0.04923665020513518,0.17403125999556984
6841,0.012113952256486288,0.04241157782468346,0.2147776096824375
6842,0.012208386553811314,0.055400810174325715,0.2449437979036571
6843,0.012121223953767649,0.04255412372457198,0.17365568680733617
6844,0.012114215014721626,0.043532022650342485,0.20684600601757575
6845,0.012251028018397843,0.0631261280739265,0.16376962949466436
6846,0.012125788118217297,0.04719158138082648,0.14917599934657205
6847,0.012188337753988235,0.05915935465387815,0.24034488926067332
6848,0.012159837989000591,0.052540964603962834,0.1576739370262817
6849,0.01218824573405974,0.05611491863852893,0.16815313552040864
6850,0.012124776196354596,0.04940884449644144,0.006145938931651986
6851,0.01203764847143307,0.030657509749425233,0.1762692200694437
6852,0.012132723198470119,0.042231517317811794,0.41354132123808296
6853,0.01211542614842836,0.04269150926440973,0.18440873964775167
6854,0.012127448381860409,0.040342294382562,0.2200505397201462
6855,0.012039927542085866,0.026502762651813547,0.13298335025870636
6856,0.012083628107509892,0.04008767174130545,0.3068429710009273
6857,0.012150844269597238,0.05574903454830217,0.1408372115083996
6858,0.012161408485840597,0.05073529654586671,0.15553688338475727
6859,0.012107348333259455,0.040241974332739246,0.2309727892414316
6860,0.012253863858279456,0.061218880349109876,0.1844069588846273
6861,0.012114133254361548,0.04120644812942188,0.1783945377098373
6862,0.012232392427994496,0.05924777769399194,0.24135907402773263
6863,0.012053439833522535,0.03121279213063747,0.1693527035700604
6864,0.012167586077763248,0.050665943273155614,0.3109087488864156
6865,0.012103828117371582,0.04506302837668427,0.13161227506653245
6866,0.012124831924586792,0.0477889037051049,0.1302091818387453
6867,0.012148258764085753,0.05200010136232185,0.18985847457548588
6868,0.012070237109491616,0.03666762783867325,0.24403860111265188
6869,0.01215259937206467,0.05645978518549041,0.15208935905641768
6870,0.012069257999633532,0.04083329911638666,0.13430321022239303
6871,0.012161388626147664,0.05865147074616849,0.17749221070597096
6872,0.012060153112429261,0.038486535069365384,0.18344295609415492
6873,0.012128494515406605,0.048838446780377284,0.15056363696681394
6874,0.012085256224592994,0.044694206485085305,0.16920975711988662
6875,0.012101485529169181,0.036930614475143994,0.09815701058139556
6876,0.01202959000719881,0.03375707439048263,0.21664138345254763
6877,0.012068720932157505,0.04401096200986512,0.2693261879234536
6878,0.012069720304182777,0.04059883797053297,0.16212458639099858
6879,0.012018723724859733,0.025578296953510774,0.19866430685790376
6880,0.012141688301185909,0.043106665950898286,0.28274420061530997
6881,0.012074862789650443,0.039007106319859916,0.21192121242734202
6882,0.012114275188490412,0.03726948670730395,0.23548230119372174
6883,0.012174830077673745,0.06050477334660014,0.1421383596895024
6884,0.012041771066463506,0.03367829980457148,0.1462329024306898
6885,0.012083115416081345,0.04017928408964962,0.24957396154290462
6886,0.012116355746049617,0.04794428553932309,0.20684497582641412
6887,0.012068030849725695,0.037537180803615795,0.2439423506057482
6888,0.012048330053860275,0.034177594795645014,0.2554792226561715
6889,0.01210037948131594,0.04174981269092839,0.009431030538611523
6890,0.012141461008899143,0.04595615290847501,0.2424837301590511
6891,0.012167476830531833,0.05129501211816925,0.1729517096349607
6892,0.012131947435252107,0.049571835367272055,0.18880163940273428
6893,0.01217397317511233,0.05718218279133751,0.18797855215939127
6894,0.012164636637705693,0.053301818028970764,0.14231016962717222
6895,0.012198744839114343,0.05701899442987536,0.19696732346595294
6896,0.012174582164301275,0.052368851713009736,0.16658076073952624
6897,0.01213948427507359,0.04577520318843712,0.1773374843479213
6898,0.012228429047814302,0.0640127896112434,0.1814904700565608
6899,0.012127395677310825,0.049162846331416266,0.13471955610935213
6900,0.01218976357799162,0.05793775175396364,0.24307717666219605
6901,0.012170989837621118,0.04943771396978345,0.13506792858637182
6902,0.012276623188993585,0.0663841808869027,0.14525324237516024
6903,0.012139694943205711,0.04746420342371977,0.1445703999131643
6904,0.012207209921735247,0.0539254432375746,0.22537950939006743
6905,0.012263572724874291,0.05776214943795994,0.218932384372602
6906,0.012153204042992373,0.04502988830050054,0.14555708002620546
6907,0.012151422212900383,0.04881123048555498,0.24931446138254015
6908,0.01215339814471194,0.047530984548355665,0.2513795860909868
6909,0.012190563830408795,0.04840349867459242,0.20031160504734083
6910,0.012199519295070028,0.05438819273116765,0.2185389603338083
6911,0.012240992523601788,0.06597947276261756,0.05281846220571601
6912,0.012165978633367377,0.04580433778899711,0.20446954069619674
6913,0.012295316881018484,0.06285749083152276,0.18824226742846292
6914,0.012137436399894138,0.04573759801559965,0.17265519544042252
6915,0.01227076952804577,0.06266600170570706,0.2561792984025452
6916,0.01208874221464236,0.040245036356336854,0.16007512591538722
6917,0.012176077225738572,0.045605777726889465,0.181812637577473
6918,0.01225043338173987,0.04753012328892306,0.2647984093652082
6919,0.012300696002375686,0.06816900983518864,0.27160980834575
6920,0.012146826789942198,0.04391138360124379,0.25635458541697215
6921,0.012249638306317995,0.052470095699050916,0.12929335727531216
6922,0.012188694054649837,0.04981819824304127,0.2338294379321651
6923,0.012287887561461664,0.06770322801824853,0.1975423773130513
6924,0.012115994563448482,0.04194342066731083,0.14629891124862393
6925,0.012188553746963758,0.052813399996427035,0.20203469292121706
6926,0.012142698506633735,0.04766378453961604,0.14693944908593662
6927,0.012315983379435704,0.0708213625948333,0.13934738291004473
6928,0.012143542252657914,0.04766257352577963,0.11856985812588176
6929,0.012158009958849013,0.04858914413627681,0.21911866654735318
6930,0.012175882155561608,0.057543082902046266,0.19640532917506387
6931,0.012168203309330652,0.0569639273766249,0.15267106329781296
6932,0.012140589347812338,0.05063851108451969,0.19334265253022798
6933,0.01211148830219142,0.04366657725056842,0.2768664310446201
6934,0.012179977010943949,0.057853679466949415,0.15625616397125847
6935,0.012104190201679256,0.04375436987293064,0.11686961795419851
6936,0.012191555757616305,0.05730141635051729,0.2397084112715597
6937,0.012141926192267215,0.050199267894929615,0.14528344859502876
6938,0.012167950029806123,0.055236026452017695,0.19726348618938008
6939,0.012169342516100894,0.0559337093062395,0.16661834029301487
6940,0.012188614685316953,0.05448646674046878,0.17955211947545677
6941,0.012104254217135317,0.04282103131640736,0.1463269334189011
6942,0.012160668322499938,0.050193176171411766,0.05975739297226283
6943,0.012109329426773278,0.04627703912997119,0.13217161761891233
6944,0.012161263270930717,0.04589798819178644,0.27394814184761446
6945,0.012143314564277159,0.04916962351127806,0.21535224600864503
6946,0.012226462707170458,0.06019380936129033,0.25756728267304674
6947,0.01213227697470221,0.049979872614871385,0.14959085499085648
6948,0.012151531921179093,0.05257609074373946,0.21974070551301444
6949,0.012094596912537009,0.03775411605506157,0.16291491412965053
6950,0.012150659700653287,0.04012127331988325,0.46107237996482425
6951,0.012143075857579356,0.04841570798064641,0.3401409686469191
6952,0.012310690073569629,0.06285026610577432,0.176444731661803
6953,0.012271464835096835,0.05810671605380473,0.15394056817848642
6954,0.012241049240809666,0.057535300692740605,0.19498724497614917
6955,0.0120833632068575,0.03792883388796574,0.1685318522410858
6956,0.01217442504870453,0.055771854560826124,0.22671060392387815
6957,0.012091087236986367,0.04050343044022708,0.24166937837944336
6958,0.01220582999914366,0.059226835468838814,0.21272249456767472
6959,0.012131603890987493,0.05074475988177668,0.006041755235479568
6960,0.012119742930915542,0.043496002589661055,0.14283635719763996
6961,0.012126445383643405,0.041561951814783095,0.2566195666439734
6962,0.01213815421629229,0.046639144576426636,0.25038881623376835
6963,0.012186687542764139,0.05116830989784574,0.00912980724747975
6964,0.012128371209191193,0.04351304376571531,0.24133680746522393
6965,0.012186471514424948,0.05688389198184358,0.24221267988859602
6966,0.012151130714574724,0.050806561196783874,0.14904851034123387
6967,0.012214477791511753,0.056450732291702894,0.16307927911733824
6968,0.01212337828985752,0.044614897553571044,0.20932822491879077
6969,0.012186851325020452,0.05343654559719271,0.17601469264124844
6970,0.012097544499439459,0.042179438113877116,0.06115129899742193
6971,0.012146933950217015,0.05137248694091857,0.2318650876796425
6972,0.012143628444536262,0.05181523075755981,0.20676222342858716
6973,0.012218284854509103,0.06001563732874762,0.20054839867409133
6974,0.012108774531413947,0.045271097836125374,0.16999161197377932
6975,0.012197922202370662,0.053077253735986055,0.22563035837027734
6976,0.012201690227433178,0.05070904287881584,0.2530266198923786
6977,0.012249370686438728,0.06442468021158473,0.2630446401948876
6978,0.012165038814052773,0.04772035820322668,0.12247973641500338
6979,0.01218741990097269,0.05126931535255978,0.2675929539243569
6980,0.012221118320073013,0.06055568664588034,0.19814922963730933
6981,0.012082194850764331,0.039598726580976185,0.13484393510905276
6982,0.012125885980489338,0.045412160637137156,0.33513784286203313
6983,0.012156223660333618,0.05080324625590378,0.16204741127271596
6984,0.01213250244104517,0.04663421126288333,0.31895409430935356
6985,0.012250721579902736,0.06347931755342606,0.2087050887556201
6986,0.012148419067966033,0.049686969405034684,0.09494671612724846
6987,0.012189072639634748,0.0561087841068167,0.20766824554088903
6988,0.012154406486882478,0.047851973628511686,0.17943540286994927
6989,0.012188397833578004,0.05072488558008563,0.23686842197753002
6990,0.012128755137337098,0.04903683390895634,0.12745854371043439
6991,0.012127452687109219,0.04801893630594325,0.24027464837983417
6992,0.012160998383320711,0.0526108061945545,0.13838194852687535
6993,0.012129541275826342,0.048624025032040594,0.14998825220222925
6994,0.012122873740768272,0.04674807403140504,0.19954085603504704
6995,0.0121319922364373,0.041824676145266915,0.18105454059121853
6996,0.01212355252337969,0.04050662447273869,0.2541812647453608
6997,0.012108266412143534,0.038709823568506004,0.24665441294460297
6998,0.012228541393360302,0.05450792006099388,0.18744851800996623
6999,0.012226985784149661,0.05790314072087237,0.1881918122828598
7000,0.012152470017547639,0.04925095386762017,0.21998745379122092
7001,0.012174051092752955,0.050027091716088164,0.2581282513537265
7002,0.012147145128558379,0.04749619309125656,0.21985330874868395
7003,0.012183907447581374,0.05536196150278736,0.2843553109880885
7004,0.012188112829440352,0.054781184560658676,0.17729812120132699
7005,0.0121483367861018,0.049503239372103824,0.1721920564066103
7006,0.012225949014472885,0.06240202525329213,0.24175440753344618
7007,0.012172116195533798,0.05407451550647126,0.19188688699425083
7008,0.012206964461073683,0.05867754400119752,0.15344086344840477
7009,0.012117884477025368,0.04095980520928466,0.15060174912977178
7010,0.012148649552940904,0.04831087684886243,0.1748447079619922
7011,0.012225224675759348,0.0639610332070771,0.161089551447175
7012,0.01212090466544461,0.046466687189188935,0.1424226967809803
7013,0.012104162124007624,0.03860859486801816,0.17407215598157705
7014,0.012151044549174523,0.04924400738103485,0.1529734201456404
7015,0.012114869422199633,0.04094385331262131,0.05272393399353142
7016,0.012066870583118273,0.03576561102884409,0.14267507830250065
7017,0.01233895096280472,0.07646819860413835,0.26083884693902504
7018,0.012117652890589152,0.04278875480809687,0.13715142598892632
7019,0.012096556622087078,0.0421265117206111,0.1786357903194609
7020,0.012202712533622066,0.06147386633085641,0.18420815902570428
7021,0.012200534364890445,0.05852134241041894,0.12346868647198056
7022,0.0121671351361226,0.04991725994200319,0.17850366749811922
7023,0.012250320134363644,0.06150116811015703,0.16091432988063795
7024,0.012076438022243514,0.038006523087723065,0.17124384998889283
7025,0.012244381729041187,0.06002061891769552,0.17368394852387056
7026,0.012104720275244422,0.04398576250743071,0.21239521896061905
7027,0.01219173030066033,0.054255349325719904,0.28303076475475936
7028,0.012112884072273677,0.04347915070108538,0.17363792956464577
7029,0.012136780049223302,0.04529198978127648,0.2556589232182939
7030,0.012144064861461659,0.048331076089586436,0.251858252740862
7031,0.012208833139611082,0.06141872668329919,0.15950798950050998
7032,0.012164045419787111,0.049271295367129056,0.12539432356572158
7033,0.012252629878613072,0.05358552176155408,0.30371530362161825
7034,0.012195044656218668,0.05203442690085719,0.2061378141154742
7035,0.012130098103692248,0.04468440549259082,0.006119173081113461
7036,0.0121934736416587,0.062127261206242027,0.2599905059955393
7037,0.012051824537624403,0.03784191502405578,0.11030013439854755
7038,0.012062276738523984,0.03612274691451257,0.22223861195430267
7039,0.0122433102343071,0.05662983940399475,0.24059314064651227
7040,0.012203695404820964,0.056811074256397566,0.19163019656073685
7041,0.012051566553983995,0.03537634769358268,0.1190114033247462
7042,0.012135478909763367,0.04346920514332376,0.14953776067234706
7043,0.012067313450842153,0.036391516182212834,0.18978159368642933
7044,0.012066347376647163,0.033394648936150885,0.14361749917874206
7045,0.012143296543993543,0.04190769589641606,0.2611875069708744
7046,0.012098953406865814,0.04436548322385851,0.22764815717389084
7047,0.012106849915450996,0.04797253370332458,0.1843655197725302
7048,0.012121260621335414,0.04965235303456394,0.1246663451711794
7049,0.012095024012824076,0.03764283707524556,0.28193451124302044
7050,0.012056945546807288,0.03820764129893848,0.27211626378437914
7051,0.01210896290065783,0.04865000976424953,0.26208874553814554
7052,0.012144076823350548,0.056710171059592716,0.14315864181545807
7053,0.01207371631101213,0.04322762074826159,0.13618753746654058
7054,0.012120873880067108,0.05120535318658163,0.17940466473879127
7055,0.012099472087665708,0.04625141182453607,0.1709519309812516
7056,0.012024665274362646,0.02886713963509528,0.06715679730434561
7057,0.012151068573834595,0.05839429749069289,0.3339429159395246
7058,0.012052579779831353,0.039077629441646854,0.13832334649800362
7059,0.012083858683973636,0.04239100279074524,0.212978727818645
7060,0.012094180277133751,0.045865448267739306,0.21100193379867246
7061,0.012086169023815325,0.04557889515732627,0.1861954509942895
7062,0.012082816125922763,0.03958781140373578,0.18986188733658696
7063,0.012112070100058667,0.0413872691758351,0.18790280051317798
7064,0.012057411155561538,0.032913806092377006,0.14820383412931157
7065,0.012056232122120682,0.03595122289145898,0.2357023231723942
7066,0.012135487700486773,0.04855967764518454,0.48402813920672916
7067,0.012120084325585688,0.04490796977339147,0.22217742618755065
7068,0.012062622750220698,0.03793902093564674,0.19026851890144186
7069,0.012053735693116534,0.03496550229300745,0.2949478441909899
7070,0.012130474922547157,0.041163980019348914,0.13997414965401644
7071,0.012027893512972778,0.031174755673319957,0.1238819158520026
7072,0.012091107243823736,0.04165513743331898,0.1681937589145354
7073,0.012077123689276666,0.03841222570691086,0.16521276011175828
7074,0.012122992785778275,0.040629414861158016,0.06570596394786653
7075,0.012081791432429339,0.04324996199253646,0.23521946140608666
7076,0.012101163359917597,0.04442723152691997,0.23113609687095063
7077,0.012030701739947088,0.02733076365902081,0.22524242602027664
7078,0.012175060131879299,0.0547414940794369,0.18250631386124064
7079,0.012078101298541522,0.03449761236628038,0.24800547888849983
7080,0.012116445820976776,0.04461914727527813,0.26188952177076213
7081,0.012124164950610375,0.044904575153837445,0.2915974255998318
7082,0.01208099122723077,0.03949088302165977,0.18641361429566083
7083,0.012230517762015444,0.05795123703336771,0.21645554606913103
7084,0.012266854387952912,0.06494993396216435,0.16048258563852216
7085,0.012101587295553802,0.036351319176240064,0.1871338077072138
7086,0.012146310732472607,0.04235831996503045,0.009188883611256471
7087,0.01223541070126302,0.06194899563256284,0.23135158618851479
7088,0.01212748472558712,0.04613631324895592,0.11676904075149128
7089,0.01216170130971753,0.05236965713335933,0.1965915085048298
7090,0.012123089140275472,0.04850623830385661,0.1806260937394354
7091,0.012150865140829905,0.04859130787060459,0.1735500515722733
7092,0.01214746242271965,0.04765047543516786,0.32667282261237574
7093,0.012181722666103014,0.053897762932815854,0.2066674696996026
7094,0.012139008137209324,0.04734852252642119,0.24557995410470312
7095,0.01216129397232848,0.04147660165015719,0.24794168725559473
7096,0.012259512251220024,0.05993248883731494,0.2563539747008646
7097,0.012170744035819837,0.050192943662528605,0.1880924286770207
7098,0.012214591190918236,0.055915768513660286,0.2179849520436076
7099,0.012162237466117085,0.04297073128159596,0.26278244765764014
7100,0.012147375181568646,0.04957574892366774,0.19133292282495162
7101,0.012174864295661099,0.053553664466314085,0.1880214713943784
7102,0.012137518419366158,0.0395298800445707,0.2181921839626693
7103,0.012206153474233605,0.050493937630491294,0.392383976317763
7104,0.012270160583663233,0.0645810752988053,0.1767553575963488
7105,0.012199385411424825,0.05024361022094588,0.1796012466859678
7106,0.012191272410686706,0.05132115124205609,0.1995251508515446
7107,0.012221296046608389,0.0505854166088296,0.19070841257286686
7108,0.012234406446221398,0.054700193593015374,0.31372764838446265
7109,0.012252456166918899,0.058465976996817604,0.17978053630861496
7110,0.012099054558459945,0.03847672793985021,0.09454096092967358
7111,0.01228233121612968,0.060774347225875124,0.28277861533546994
7112,0.012167971984691568,0.04830886920939447,0.1668893878756893
7113,0.012178075704259488,0.05140181172604408,0.21400905547541493
7114,0.012278627046694208,0.06773118704644328,0.20078247897831616
7115,0.012132655890434994,0.040320556669648136,0.15764883878170638
7116,0.012372170494989825,0.07029353153378096,0.14222600803186508
7117,0.012147604179245207,0.04246151650870882,0.1195190007042694
7118,0.012172195543262113,0.046738769677233394,0.3107316136743958
7119,0.012119880168254313,0.043244371469913744,0.1922238852828726
7120,0.012227042532767282,0.05631184904354547,0.32192401525849995
7121,0.012202875199316851,0.05431155965987597,0.12192647468826666
7122,0.012167244961651308,0.05157597248397639,0.18844422172834469
7123,0.012203976927313818,0.0561870662541625,0.21415256357812176
7124,0.012209429315765642,0.04568045210012989,0.16075391727220004
7125,0.012109287397824582,0.044724030003536565,0.044596839254020554
7126,0.012190483377789753,0.05210903867167847,0.3759574641209908
7127,0.012189030563566818,0.0497838587304382,0.18350353365317992
7128,0.012243452009892212,0.050303119933056174,0.2838804459706083
7129,0.012298066264895012,0.06491124306952296,0.22943584309445017
7130,0.01239149609816187,0.06682715897674767,0.15708355002400523
7131,0.012182537534011132,0.042263055015750166,0.18255755359078074
7132,0.012118154763138732,0.03319657822205564,0.0060950293251015785
7133,0.012137562524287016,0.0466610660185033,0.2601293579107507
7134,0.012069082666445033,0.03845188838882878,0.1776022558386504
7135,0.012127193250044688,0.041144953845840986,0.15435410643705763
7136,0.012088282020585164,0.039854221531359216,0.24879178342984481
7137,0.012100937495051627,0.045437777978362424,0.15405299449484233
7138,0.01211796328290893,0.03432092394003062,0.2506122400130843
7139,0.012088854420805116,0.0391407386563453,0.28314708018503715
7140,0.01204844237128249,0.03404443524599931,0.22225999582616932
7141,0.012072129243406917,0.03287140421330199,0.2851439325072202
7142,0.012156954712981978,0.05319833876395623,0.23929645116289536
7143,0.012072373755877771,0.03951655220971314,0.18050880571281627
7144,0.012131607198898737,0.04880355788904071,0.22923124195816222
7145,0.012091388956927338,0.04244960536449257,0.15044721029162794
7146,0.012077739432479745,0.044041088035738946,0.18909207005800982
7147,0.012105247708231659,0.04976478640902233,0.15493450113120594
7148,0.0120514024448907,0.03368901022025644,0.27551267215326697
7149,0.012117008905540568,0.04034039692632494,0.1714342800507287
7150,0.01208630461497714,0.039717892367075756,0.29233115229672263
7151,0.012145451175387132,0.05183785586080054,0.16808055879411257
7152,0.012044087979954788,0.031346559116839326,0.08919662862114842
7153,0.012144786215444481,0.05162256433455998,0.23195877438765944
7154,0.012041639189395152,0.03187120956294157,0.17448947180750107
7155,0.012084593186984195,0.03735086762670363,0.2155820453258956
7156,0.012041854289482313,0.028200406706891515,0.19404041811818945
7157,0.012109731818595655,0.04362569622039351,0.2924709890048499
7158,0.012105142663521414,0.04354144861170867,0.20623218044696068
7159,0.012225090696199207,0.05728197211431589,0.06562810670234256
7160,0.012131632345605799,0.04492042025649224,0.16955585532450257
7161,0.0121415996172673,0.05015403656446338,0.22176277673168895
7162,0.01210794286031273,0.04752474885936948,0.1615518744917661
7163,0.012134414584995862,0.05061027318597056,0.17343829478586048
7164,0.012061489751515239,0.03551544480319291,0.2135864977485213
7165,0.012094002892136562,0.04282059056146319,0.1705795963200389
7166,0.01218460715888246,0.05111973306018772,0.2278853989884239
7167,0.012081945458364584,0.03841018314445851,0.1763584795475802
7168,0.01211113733034761,0.0467208001893071,0.22610279095806315
7169,0.01213168942510085,0.04950483691253363,0.1853924794846878
7170,0.012084906658083146,0.03980448585197051,0.1670376919092341
7171,0.012126036729014817,0.049821430590408715,0.19556633973999246
7172,0.012109573008400876,0.0411146576605217,0.2404881264997793
7173,0.012072537945828283,0.033751047131777505,0.19333007908353878
7174,0.012284020222150915,0.06833162305083271,0.25495544709984386
7175,0.012187327764267227,0.0462956370378949,0.1435639098419293
7176,0.012229265028306525,0.0507262851650944,0.009194551301485894
7177,0.012130240326899425,0.04785301033831557,0.09839438420011849
7178,0.01210761365504874,0.038024146651497316,0.2947809122315995
7179,0.012158865530732692,0.04787956669595862,0.23773513328988577
7180,0.012160974201733895,0.0474484072052201,0.3109636460366658
7181,0.012200382202805428,0.04912496776488352,0.19956578893064922
7182,0.012150867688107903,0.04939355186485634,0.23154639090240933
7183,0.012199263134433133,0.054867370749582464,0.17927216485099737
7184,0.012171495525153909,0.04629818906336752,0.1946915479650481
7185,0.012145591003850341,0.050268995717730594,0.2528394752335931
7186,0.012169099028111011,0.050586915312212606,0.20926480464469965
7187,0.012113721252308475,0.04059220299121343,0.26609439386181233
7188,0.012166807199138494,0.05232529053455136,0.22363970485938764
7189,0.012160687623009234,0.049611727389262145,0.1786409160434533
7190,0.012132696990942257,0.0474466123255361,0.22814805135817567
7191,0.012131361048634073,0.044190347165634976,0.28358437724637453
7192,0.012148074833432852,0.04358040596854694,0.22658229926035378
7193,0.012169068511824702,0.050649327742387784,0.23643230944496024
7194,0.0121514195986087,0.048703002767624605,0.23679071150803369
7195,0.012254860937550916,0.06736578363748479,0.1399663930164363
7196,0.012140577582081861,0.04930826061474436,0.12786178011678398
7197,0.012173528948287682,0.044221424213014594,0.2638785123189558
7198,0.012179863549686386,0.05563310284590966,0.11954521051609035
7199,0.012114658491810886,0.038813582997541014,0.13214198787845705
7200,0.01223603051197661,0.059956799939181855,0.3134000409015768
7201,0.012133334534042996,0.04705054414003489,0.13974997581391746
7202,0.012130922857961373,0.039842528255448005,0.1571382242577208
7203,0.012178609169716397,0.05330635947827067,0.15551664417619188
7204,0.012154696480871299,0.04881878700892885,0.20033997242244272
7205,0.012190035965778995,0.055929747146890446,0.2218961253981428
7206,0.012148107228430252,0.04420958824855132,0.22606667967749497
7207,0.012287668411137658,0.06896864411015481,0.18327056166046873
7208,0.012104595540313935,0.04074332523073561,0.09911620018850174
7209,0.012193350200393827,0.04779824876318104,0.21404165022099514
7210,0.01214515620606804,0.04676197629049993,0.1569393069086836
7211,0.012199650663563478,0.05353208111021988,0.195735867792642
7212,0.012302068611927394,0.06727706722542674,0.14597450689645802
7213,0.012139692928174036,0.04419564262618025,0.18953973930180545
7214,0.012212343831837226,0.060114134857745284,0.28621677664586714
7215,0.012131060299155465,0.04535268733658228,0.186618151636521
7216,0.012211100378253672,0.0542691681818764,0.28398201350669544
7217,0.012108652975560831,0.04358248275677782,0.09783914504815873
7218,0.01214457938060883,0.05116376384578833,0.2362951576862717
7219,0.012078311247363454,0.042793191476342196,0.006094627321928194
7220,0.012052081311991546,0.03689971107107187,0.19553116750397123
7221,0.012082836858652886,0.039012448857933014,0.2746013450219642
7222,0.012201532502257206,0.05774798357527145,0.2700521954279577
7223,0.01208274042870958,0.03855718481641651,0.16182086525579573
7224,0.012148400454272843,0.051829157400659714,0.13800327951137775
7225,0.012093018380985863,0.04516278131594659,0.16064600198403173
7226,0.012124269741915623,0.05002215088743327,0.1984516285882568
7227,0.01205626835276345,0.0346286697525185,0.20716060107086087
7228,0.012107540330663817,0.04772599869160609,0.2231908596894415
7229,0.012101531064592663,0.04839252831062523,0.12948342024324408
7230,0.012026947633067797,0.02913168534479629,0.23982190657663205
7231,0.012042295006259708,0.029239533265974334,0.20281484380797973
7232,0.012158084320620549,0.05407625182948677,0.2577497611824763
7233,0.012093926412266488,0.042125817020575475,0.19410329113938388
7234,0.012145649844502431,0.03446918258548014,0.32353594604960534
7235,0.012145325297815673,0.0391667529070887,0.370196629257357
7236,0.012163897304505782,0.0508349579022698,0.26568856538609076
7237,0.012088271460798371,0.035694941555755595,0.17629199450725017
7238,0.012107558325137597,0.039986823091606866,0.23953079520913778
7239,0.012199340786394503,0.06063020548940586,0.2718336554430086
7240,0.012103594161299766,0.036540713127390156,0.12981091574731562
7241,0.012110814416831588,0.04466778029901798,0.2982341930293875
7242,0.012150247700805458,0.05303996796702329,0.14202238561183905
7243,0.012024174394061515,0.026573079087120345,0.062013099242726966
7244,0.012113745956695907,0.04544983572576866,0.331253172679246
7245,0.012105004845517856,0.046355171646950966,0.1675479631779404
7246,0.012106404704831705,0.03808564581853383,0.21272434967915108
7247,0.012095026676054159,0.03941098006875009,0.19246214612110338
7248,0.012147509219538234,0.05369266179360835,0.1358071262014913
7249,0.01209337873384866,0.04437807400312163,0.138774392002953
7250,0.012087355256114592,0.04342469815809201,0.17892159866260066
7251,0.012091529174821822,0.04173676013922736,0.2159556378677274
7252,0.012060287650531052,0.03310345147279671,0.30142930715780597
7253,0.012090180686551273,0.0428683442640406,0.2523389549458266
7254,0.012138584878018508,0.04780884044666591,0.009158467952355361
7255,0.01217189965194497,0.054217063979825425,0.19218289056846963
7256,0.012151581013921275,0.046659306792799914,0.21228689157635436
7257,0.012144475841406882,0.04701112960380986,0.27310859286001515
7258,0.01210087863719623,0.03879214346743592,0.16548425680540135
7259,0.012183135443643734,0.05423653467121262,0.2592429527939337
7260,0.012153480383354308,0.04979397189390686,0.17347892884628677
7261,0.012147634435140595,0.048058529685249964,0.20851020937668463
7262,0.012183293294060192,0.04432149103393561,0.12248365865520873
7263,0.01212878962438517,0.04013146532855418,0.27788330866255795
7264,0.012139428039112162,0.049787538777305795,0.15939864960574926
7265,0.012179072801562421,0.05616937037644491,0.26483830559653376
7266,0.012162714799777095,0.04330004607092932,0.13765561929980089
7267,0.012328749662929815,0.0691340125338765,0.22867215871186228
7268,0.012174910004213559,0.05043499836670607,0.2057746424562207
7269,0.012165001266071094,0.05292874628290755,0.13595608666728404
7270,0.012211316496658945,0.05909283983461347,0.14508221133921909
7271,0.012153631640773087,0.047544011713359965,0.1619047234574004
7272,0.01207960475498269,0.037719544708693264,0.1607090927763659
7273,0.012118720770223718,0.041361719090447426,0.29095269193366186
7274,0.01225244338763814,0.06438181985454602,0.19193060387620584
7275,0.012127771665859047,0.044403002001407156,0.1610681721171433
7276,0.012122894280649422,0.04157991671947355,0.23229270734084725
7277,0.012160567625204304,0.04949553143813854,0.051732770686624144
7278,0.012161165666630341,0.04792766925000353,0.2814334000384909
7279,0.012086050752100543,0.04079363652603036,0.17807223065612113
7280,0.012136018334433707,0.04559440458269682,0.15549137199031898
7281,0.012137103973683824,0.04915083111840778,0.21784128492940186
7282,0.012183201904230197,0.0574290223360894,0.17318417807744627
7283,0.012224545430013826,0.053208174305702065,0.3153668060870957
7284,0.01216489367355952,0.04856224500036086,0.22298399238198935
7285,0.012094332575280928,0.04056497706392834,0.239344939088126
7286,0.012226442680687547,0.05231618381362505,0.25316716121149696
7287,0.012136270985114547,0.045648188966607314,0.25148238136871315
7288,0.012140430947676839,0.047481493810746206,0.2589419125802436
7289,0.012188182151149555,0.05225827688481901,0.11470864467640172
7290,0.012164013829769376,0.05344795600844301,0.17565398251292733
7291,0.012178905557847855,0.05465259828273213,0.16369337686462598
7292,0.012140359496412716,0.05106248802293394,0.11567161443730208
7293,0.012085565637616435,0.03816448069664995,0.1707063753188802
7294,0.01216134491236739,0.05237455131963084,0.16982862650391842
7295,0.012136776298763492,0.0484885588212494,0.11770003208669781
7296,0.012153935185163,0.054758822590099315,0.16668694695152228
7297,0.012158652522672514,0.0535419296202672,0.1310761911093437
7298,0.012173653420528128,0.05324681145629872,0.2316263962987201
7299,0.012106382917417594,0.0405364086187143,0.19055324007166702
7300,0.01210919310739808,0.037962998428392264,0.253673557825716
7301,0.012295790236503162,0.07131944293478398,0.27639710294773645
7302,0.012131380657022805,0.04580119226846884,0.1481848501150071
7303,0.012237014845164707,0.057318307618952895,0.23423568803423986
7304,0.01220440825174143,0.05629594446023868,0.15513831155639332
7305,0.012133525015244935,0.041166119924619916,0.26616712585486174
7306,0.012113448304649046,0.038872670901505556,0.26717240383232743
7307,0.012197861523049785,0.05224328182363027,0.3011518144989249
7308,0.012122893677143587,0.04515608510455349,0.2397523596129259
7309,0.01220078588842231,0.05337355937591127,0.10490761835252149
7310,0.012340521680809324,0.05426940736962119,0.14043070015865755
7311,0.012147649577856925,0.04271865801948248,0.1764009016354675
7312,0.012220779964231921,0.05057554892490244,0.42082171630699006
7313,0.012244604099687093,0.05298367571860387,0.21562914580384582
7314,0.012141946243329892,0.04762196392772248,0.14553557111359192
7315,0.01222702970855624,0.06420483836423657,0.20104589537721052
7316,0.012131509453683607,0.04030776977694604,0.18787674767576096
7317,0.012277678957670608,0.06355905930076788,0.22235572983810417
7318,0.012135830589081586,0.04582693119724738,0.13877487866171334
7319,0.012233987054004804,0.06251140190324435,0.20337256840493495
7320,0.012150696501457626,0.05223083740802419,0.14702369460965242
7321,0.012139388593647575,0.05295254496019309,0.16423652013591208
7322,0.012145323165815314,0.054123094809481485,0.13875319085022467
7323,0.012195498694939208,0.0609022634033381,0.10453138121867103
7324,0.012087859740361964,0.03947355439277178,0.11988382754160717
7325,0.012195832800539347,0.0539727554282529,0.2223281499208187
7326,0.01215193623442742,0.05269593070806367,0.1529114834918416
7327,0.012188007135274334,0.055671023052109705,0.1952021275928342
7328,0.012190127814687594,0.05688568221546022,0.1680280916843506
7329,0.012133766105541243,0.04933127369699807,0.15328736627420256
7330,0.012175860048250475,0.055842194290525386,0.18865416482803077
7331,0.012123001954141432,0.04738650051104264,0.24057998633337352
7332,0.012175960216491987,0.05256933877144066,0.06512192537934389
7333,0.012146625488734946,0.0536698844894282,0.1412283063195003
7334,0.012151760065461634,0.0494406606796567,0.30230028714856555
7335,0.012185016888355268,0.060595010097325964,0.16194855405731848
7336,0.01212879848076305,0.048704043138132924,0.11754475983984097
7337,0.012207486597781007,0.05889488529192271,0.2758981290770057
7338,0.012167002387524627,0.05012846301108786,0.14820786873095618
7339,0.012252114385695215,0.0575018904609715,0.20312913001360774
7340,0.01210221217720583,0.04150587441144968,0.12443239733645005
7341,0.012048592862886223,0.03354930674409045,0.006131904383658498
7342,0.012092720767776621,0.0392803837237357,0.27205313772979456
7343,0.012106941644755953,0.03401899156338739,0.20429808175036404
7344,0.012048706198180553,0.0319578191189596,0.10546929240667421
7345,0.012154675374205112,0.05750612045784578,0.1507721260492258
7346,0.012095541652700421,0.039193669153810985,0.1939632177505767
7347,0.012102915120338249,0.04302462548575969,0.18765914540157635
7348,0.012100696281834399,0.04747236594958457,0.16550400796354753
7349,0.012094081765864828,0.043863201728892354,0.16010157467646077
7350,0.012230726124330092,0.06344126120922579,0.2611518820126048
7351,0.012039878392164619,0.031792117832703845,0.15011909808512894
7352,0.012140683461918331,0.054246331077820155,0.1930268890075563
7353,0.012048378405202618,0.03869836980083487,0.1941991083737237
7354,0.012076759000458124,0.03742994525203127,0.23168801655263271
7355,0.01202542671027355,0.02839596330245151,0.2811832625510409
7356,0.01208211994231097,0.03890035224814222,0.38602287494851195
7357,0.012131800721511004,0.05143725830797134,0.19606833913703392
7358,0.012089556148149027,0.042412281654776444,0.23283714148241086
7359,0.01210845050884129,0.040266243064169344,0.30018689848107094
7360,0.012136850469683996,0.04552238724999626,0.1436687308169986
7361,0.012073688999425614,0.033702542025034865,0.150077891379426
7362,0.012136191430464557,0.041836501920677324,0.27578144929518106
7363,0.012203139693051415,0.05302085611780614,0.21000006614286712
7364,0.012113543822919135,0.03937232666096992,0.221535230954679
7365,0.012255550487311683,0.06498423047014373,0.17554604796243592
7366,0.012060510890126618,0.035311026760340494,0.138904960503343
7367,0.01216119423280686,0.05651775503682948,0.20470004613433096
7368,0.012081728012437482,0.03246258710460097,0.21578907253945
7369,0.01226379277056376,0.06821135677947658,0.26676477911413055
7370,0.012066956590754057,0.03649566028299472,0.14159474206526834
7371,0.012159656040164866,0.040955875530481134,0.23202321083917624
7372,0.012191710475660861,0.039758690159999555,0.45013905349138583
7373,0.012110958277061854,0.03792122095764639,0.2127375059966497
7374,0.01216132243246065,0.045118624675312115,0.009238835349003873
7375,0.012327491126875291,0.056625038193514894,0.19215510967344945
7376,0.012239160624920184,0.053824700272427584,0.1874046142276763
7377,0.012265043532907072,0.054546953724225404,0.172117549305001
7378,0.012256614329341378,0.051948082606532026,0.21667254569709177
7379,0.012100205962680698,0.04013453051283612,0.17322507799132
7380,0.012287164592030768,0.07024899326991034,0.2301287966955301
7381,0.012100748476222539,0.04092692558069779,0.1507594163859895
7382,0.012151380233371596,0.04911550109071776,0.2873675130230618
7383,0.012241180280498852,0.06117237259216841,0.2157860154966564
7384,0.012223854413161823,0.04534583518895869,0.07265773165194023
7385,0.012281617504091022,0.049107753464927746,0.33837214134008053
7386,0.012489219103713206,0.07861261331932716,0.20243656097734236
7387,0.012261872746575161,0.049403020640091375,0.1677594656928862
7388,0.012210803081821046,0.05097376783876067,0.22299953143675283
7389,0.01218362419782446,0.05453501627750125,0.1566199028254451
7390,0.012176839173864442,0.04766498606661861,0.17584578112690932
7391,0.012112448145656072,0.04319393964599904,0.15259449643526563
7392,0.012147927620690814,0.047598969243111564,0.18612362915446848
7393,0.012164589557757876,0.04614717898982659,0.3034472878439028
7394,0.012196254053922091,0.05170399940568983,0.1658830752770021
7395,0.01213165302924426,0.046092262707623045,0.14068301662019458
7396,0.0121020285076762,0.04162667120760454,0.14999169279739943
7397,0.012242659741854964,0.06685110289660377,0.17112564837211017
7398,0.012126961413031654,0.04626414173738091,0.14033005199696078
7399,0.012119951680272639,0.04046999477803174,0.25309922472813706
7400,0.012196525870866356,0.057269695492023404,0.19072543483613974
7401,0.012093445350060617,0.038233111364898625,0.12010514083827506
7402,0.01215727192597398,0.043796379701077096,0.33962727430483397
7403,0.012275982007750517,0.0674249120746065,0.17643553545504742
7404,0.012112663663092417,0.04352163760166225,0.118010677166958
7405,0.0120842690177347,0.03820492503122133,0.18724575701830745
7406,0.01210591927905638,0.03801524198074939,0.23588501006945162
7407,0.012113840422268703,0.03929350786421979,0.4108854279665912
7408,0.012165586075428747,0.04476887547291255,0.36958144121932246
7409,0.012132530062252248,0.04520300818693981,0.1825708104770993
7410,0.012138536473413848,0.04091410981283632,0.26890290046516657
7411,0.012176710208539747,0.05045998421572236,0.28672718987876206
7412,0.012080568171332679,0.03697586487809954,0.10221743740311466
7413,0.012145196181083928,0.05004782875156149,0.2016391085333291
7414,0.012156443550072827,0.05473804573421259,0.1422657528321185
7415,0.012126760068550475,0.04464645435764649,0.17007023987786435
7416,0.012185049182534947,0.05844573475700253,0.20540272886339256
7417,0.012104968172915804,0.04811983874862274,0.0060667273584351245
7418,0.012092980330056855,0.04519951282289996,0.19214499476617847
7419,0.012103767701617129,0.03857118137620726,0.15286944652069845
7420,0.012148169627881102,0.05305566922753913,0.2077638736915983
7421,0.012066811974777698,0.038163760267476345,0.18464351856830952
7422,0.0120491875791222,0.02969543707028126,0.2504207760395346
7423,0.01213186806957231,0.04562697625117837,0.2372871701186149
7424,0.012126538501378261,0.04413958853125448,0.21745692410155118
7425,0.012107371863891828,0.034839663168800494,0.17696733414520255
7426,0.01203697166639836,0.02831850253621213,0.26041811500126916
7427,0.012181084384498242,0.053659052880397386,0.2736364978447475
7428,0.012109601637233772,0.03656388348858716,0.1153121180798778
7429,0.012214275932277967,0.059821522537908026,0.2336355679654973
7430,0.012407540403670276,0.0693237612763837,0.07111153479590392
7431,0.012085373282347638,0.033994253362194915,0.16466408376376246
7432,0.011994577958378863,0.023864542359043242,0.12635198853352433
7433,0.012194197143897604,0.05949436534675833,0.2959765188539563
7434,0.012033497703748121,0.033044219058777226,0.13836205270599097
7435,0.012175241291221314,0.060738141468949854,0.176444699344245
7436,0.012084441180506179,0.03600849864375615,0.1737425480869853
7437,0.01210033572872398,0.04219255921692483,0.2544288172840921
7438,0.012163161310711499,0.044148935983896964,0.22336671370664118
7439,0.012322852394302867,0.0732743517947778,0.21993912029588575
7440,0.012060391238621519,0.031308608225935015,0.12201983145764662
7441,0.012262812188812118,0.06665518342456456,0.27278157853980667
7442,0.012005509271455666,0.024889681520361,0.07406006306050356
7443,0.012144334237026053,0.053516036163867034,0.18889134109764658
7444,0.012073358631120568,0.03820371325969873,0.20157890237032694
7445,0.012152013567476779,0.055513792822364044,0.23236229332381764
7446,0.012025553777084112,0.02849185190848865,0.18319409923334373
7447,0.012055772004190453,0.03583987059284596,0.32677812959641656
7448,0.012021234636247184,0.02627499065218622,0.35788340687707115
7449,0.012133630899779126,0.04912145010007039,0.2399105902303887
7450,0.012115849813053818,0.04871482611950778,0.17390560649102724
7451,0.012240957465144352,0.059337851936799024,0.20734047853250698
7452,0.012124245666832775,0.04009280270973691,0.14872871926808667
7453,0.012049046061678075,0.028689850766191717,0.24082895877208255
7454,0.012222789463507858,0.061992064025631365,0.295108279239519
7455,0.012104246597336216,0.03970382526800114,0.14556623123247756
7456,0.01213148170399525,0.049730305287048256,0.058914683993953686
7457,0.012092642675143418,0.04570018976531558,0.18814731815038804
7458,0.012090210443926675,0.04558659157524153,0.19283153283271945
7459,0.012094343501537107,0.045987581259171496,0.18769280395171867
7460,0.012096960525092309,0.04921833280928054,0.16953702264927958
7461,0.012080308820064981,0.04403637970366286,0.15255819509773808
7462,0.012122284961624036,0.047960643893087886,0.009119633355656452
7463,0.01209603340120376,0.040503330772170894,0.12031208391159734
7464,0.012206003808242013,0.06193550722081498,0.17680573541740285
7465,0.012129209875804285,0.04852652228595982,0.13468130059290612
7466,0.012132437113084423,0.04750948655690091,0.24878802069183423
7467,0.012201520573860385,0.06140068935847577,0.20804032620149007
7468,0.012097847991639526,0.04366984926367652,0.15682441173020445
7469,0.012150692396785982,0.048577403511283514,0.25566283456389627
7470,0.012131267459366685,0.04298324623341465,0.20300815101786088
7471,0.012205021897202276,0.0555584941124014,0.22670374796885281
7472,0.012145341757498743,0.05187605725694638,0.1306411964135587
7473,0.012190106180438127,0.05847101240834705,0.18486575916340608
7474,0.012159592208971214,0.055597903636850396,0.11909355140721287
7475,0.012078258514091965,0.038461269390060664,0.1758661316444588
7476,0.012224134441640354,0.06274489867675859,0.1518054694372109
7477,0.012122809283600074,0.04891480956068127,0.11955604169218799
7478,0.012137371981059117,0.049747857401376334,0.16434712318003603
7479,0.012173497585081695,0.052510441510138915,0.18852153127851484
7480,0.012123723656361378,0.04564331270234369,0.19803460390614994
7481,0.012129853589493473,0.04412996779532033,0.30582369537590764
7482,0.012183332587664073,0.054613585074200506,0.17961852029210604
7483,0.012096105750943097,0.038536882367486064,0.23320259813092317
7484,0.012178370040173756,0.05181984792636607,0.1977278396030131
7485,0.012193806922200956,0.046938205651098686,0.2569792917919649
7486,0.012221479089287057,0.06007713225940955,0.1870165130365229
7487,0.012160427777026814,0.051963311122098364,0.13136824755275017
7488,0.012202035028396277,0.05620788033748002,0.17486986155591072
7489,0.012192936797363805,0.05594400050153689,0.13660986924763738
7490,0.012133188337344012,0.04817321494234468,0.17117282596783057
7491,0.012118680568391115,0.043105464345167,0.1811347202057025
7492,0.01210369672996395,0.03843146741864089,0.24902206568464963
7493,0.012128055069448298,0.0388943648775091,0.2501099717185556
7494,0.012092967994157008,0.03688542213784337,0.19946833476091072
7495,0.012161949366247489,0.04119949833171949,0.3441548409072418
7496,0.012220724363380082,0.05577511638226008,0.24471611318279807
7497,0.012225965027356173,0.05586049279848028,0.1371612352026064
7498,0.0122236527075441,0.05901549955118307,0.19006604172273026
7499,0.012174753497767308,0.04563489544272357,0.23201928011182274
7500,0.012137181445183904,0.04308847950001148,0.32641002986207024
7501,0.01213925976994541,0.04494874482351169,0.2014436818049195
7502,0.012146861760892356,0.040701169903237355,0.39694776453775116
7503,0.012182259611277231,0.04915566821755633,0.2779896905035754
7504,0.012185163110678333,0.0516581241602656,0.1761561637536923
7505,0.012115424753351697,0.04213245922298711,0.0060881801026437705
7506,0.012246284048831888,0.06581334074821316,0.15048671759623616
7507,0.012079502007083062,0.03720689122236595,0.15546862491385965
7508,0.012262579027360448,0.06520936659372502,0.15452045661068928
7509,0.01203144427800523,0.026903212236902993,0.14955653258402155
7510,0.01219425427027857,0.05744772657884169,0.18658407825251075
7511,0.012058491286585494,0.035979370341630144,0.1466589715411142
7512,0.012110994406715477,0.04467186606344352,0.25454690865789514
7513,0.012122186681984455,0.04985114964936097,0.16878941364618782
7514,0.012070002656334186,0.036728844318691535,0.22104729623533892
7515,0.012108156176896498,0.03577388045342188,0.2705416979891468
7516,0.012055905136161818,0.03861238754486369,0.11634616423083231
7517,0.012061201183365408,0.02979355262757851,0.2736472231460735
7518,0.012112713169266126,0.03891734811373053,0.31325356370814605
7519,0.012114813437081526,0.038811523307934664,0.10833125998916629
7520,0.012205164554193257,0.04780835655093637,0.2451437401201543
7521,0.012210023754475136,0.05728397915027829,0.18137988053802973
7522,0.012104549846532189,0.03913663808913543,0.128480135083785
7523,0.012157168136856671,0.05161853557318266,0.24525084656138949
7524,0.012184205989137794,0.05127651028673358,0.1537241962431488
7525,0.01204360983114193,0.03562306463087559,0.1736864791321494
7526,0.012094345741322995,0.04568334921891586,0.22506928802833343
7527,0.012125200196275103,0.04880317287685182,0.24178329320588807
7528,0.012094390658157343,0.04255760172831175,0.20769243856427624
7529,0.012103876684116579,0.03589656511393624,0.16321673422777933
7530,0.01226026819780416,0.06028289413826647,0.20327899822374154
7531,0.012069362169338014,0.03231900855048249,0.16262029140558823
7532,0.01220911909816601,0.05498382408464393,0.22744378734776513
7533,0.012110398654109842,0.041144584078597723,0.211136799243345
7534,0.012119172547476085,0.042222888864288696,0.24728664659689475
7535,0.012036414843658742,0.026849418487560103,0.045943006722884316
7536,0.012071992697932672,0.032250944442889874,0.23932349723855403
7537,0.012146264159274592,0.04538273312660386,0.22543669981208636
7538,0.012065686593547821,0.03302331715464181,0.1303991613763857
7539,0.012166412246699036,0.045461640061660986,0.2322202981648042
7540,0.01218285352646023,0.045828736825724685,0.2364752759744856
7541,0.012107156775950055,0.04136707961229685,0.17642186756613878
7542,0.01223557263871952,0.06252848845572072,0.20583505003639957
7543,0.012112821971717133,0.0447697397819665,0.11847056933518724
7544,0.012220970224777092,0.0590897650354809,0.17350686203324758
7545,0.012008810512425265,0.024586376735617095,0.042270277965758475
7546,0.012184451763829764,0.05765298426769916,0.17298756935450227
7547,0.012080732059345225,0.04119389069672238,0.17713674173143926
7548,0.012065713602051296,0.03911163905066361,0.1781214509724125
7549,0.012072268681546589,0.03877036421168195,0.30600386696501003
7550,0.012206834513748918,0.05430431845685812,0.24731278974397725
7551,0.01208284584109632,0.03620834539641312,0.1609356548984658
7552,0.012152463866478645,0.05535585241385597,0.15286784091253863
7553,0.01205497904640138,0.03298368707654934,0.1852178036899826
7554,0.012135643881831214,0.049579106697281106,0.20888873372436725
7555,0.012102705487487342,0.05000646827216584,0.1209929307304927
7556,0.01207154762092566,0.038003861002384405,0.21796705057426194
7557,0.012127303382307657,0.05103067177059341,0.24124058976032792
7558,0.012112519172794288,0.049571274805125874,0.1591128081183333
7559,0.012097856114635354,0.045818492781542645,0.1540677802696135
7560,0.012135011371284168,0.04831231576942982,0.009200340657260064
7561,0.012079907003495241,0.03736658066871269,0.25178393741441274
7562,0.012167435512814498,0.04722828895840102,0.31953999434403213
7563,0.01213224708852669,0.048726735149255275,0.2078404765129027
7564,0.012162257393661582,0.05252771819028086,0.22054711111473418
7565,0.012108428042112871,0.041414267987379336,0.17211766645774312
7566,0.012110577038755739,0.03887630411262635,0.25940789208655174
7567,0.012106795556980405,0.03999608242015103,0.16651357835939498
7568,0.012106512724002347,0.03828735864631591,0.2333296736950167
7569,0.012169525262257406,0.04643789974365295,0.27033634674853063
7570,0.012146618997428586,0.04828337292452406,0.1954697457605248
7571,0.01216253603651779,0.04778023196464544,0.21565567217549675
7572,0.012086303499797366,0.03753993355886296,0.22073732629985324
7573,0.012136759174079558,0.04547668304706819,0.33005412455623556
7574,0.012227549512169826,0.0610408455383269,0.1597563466598901
7575,0.01224963815593841,0.049078868160370416,0.18287772945073025
7576,0.012335549615838227,0.057547708003492695,0.34152616454161283
7577,0.012109032097282563,0.03808071642212385,0.1366170046910465
7578,0.01235697093213932,0.08060629231648779,0.20067095921114644
7579,0.012081273319341895,0.03803265382733129,0.12303834201671755
7580,0.012134041622653472,0.04478600704868912,0.24082998753541546
7581,0.012250331461204115,0.06646786825280801,0.21432914071935233
7582,0.012118061242582731,0.04577542989271308,0.18650725220702086
7583,0.012149090703555828,0.04999707620561384,0.19373911248303213
7584,0.012142709525760355,0.04919883528801268,0.17422435145390097
7585,0.012198258418048436,0.05872322287248204,0.1921067193418627
7586,0.012147128662243304,0.047416543827870396,0.2192280253235036
7587,0.012176798225943248,0.0465409399326644,0.20109814397812276
7588,0.012130676765700505,0.044059220136693465,0.20831291005242972
7589,0.012197285569140365,0.05342261092198494,0.14271396806569975
7590,0.012164888882841392,0.051157728228371044,0.1984385571826154
7591,0.012186876186436659,0.05574436328837553,0.16279500081989373
7592,0.012194216230313828,0.06058133329486571,0.14244513432575318
7593,0.012114787070033066,0.05077480278336719,0.006063335577029414
7594,0.012047338864853957,0.032841202559966,0.13583461060438184
7595,0.012251768675309967,0.07234276712963061,0.13655925962917725
7596,0.012026618729816835,0.029394644557601105,0.15632890734888802
7597,0.01220863580218293,0.05718093921145765,0.2537325548272856
7598,0.01213007237828551,0.05163672666433428,0.14051262015579488
7599,0.012123649552662718,0.04594783573300555,0.22165377139466655
7600,0.01215116551279001,0.05213488587942416,0.19168726564424804
7601,0.01208256799715555,0.04071740988175694,0.21534834771907327
7602,0.012124509758206515,0.04970214686814977,0.2888941515160365
7603,0.01210095708688812,0.04763162097498754,0.1563891589801496
7604,0.012066286568837877,0.040268643795540814,0.19122305946543128
7605,0.012145686971372109,0.056654968509016995,0.17224262806572138
7606,0.012085150503135378,0.04600807615907614,0.1308166961320946
7607,0.012073515013913245,0.03281959138180875,0.21822605212827692
7608,0.012153663030037206,0.054720123742431064,0.1776507794781845
7609,0.012083840715777651,0.04249489975119755,0.16593001954575023
7610,0.012090040124245931,0.03857905026729022,0.19848312270140728
7611,0.012083236809684861,0.03277154028369337,0.31598620682597506
7612,0.012014719038105543,0.026136793781191024,0.362620489924918
7613,0.012113945048373419,0.046547665434780186,0.38850775447378594
7614,0.012094588396830513,0.04288250813955486,0.2042654438762488
7615,0.012179949899762154,0.055167144015760256,0.2156225862225915
7616,0.012191670914735763,0.042019330317592654,0.1592604333716642
7617,0.012061835129095592,0.030809480089997305,0.22451103059419078
7618,0.012135697330018689,0.04790928409626551,0.26271444783354125
7619,0.01208752498233807,0.042804316003462434,0.20634867369196516
7620,0.012182982370361188,0.06099608737636114,0.15967517816459667
7621,0.01205178584298154,0.037381654386630894,0.12255069019088616
7622,0.012114997008219002,0.05099939800762293,0.1651676226619029
7623,0.012074511870456982,0.036023413153989145,0.30517299136645204
7624,0.012031737907940782,0.02645104303065873,0.23637355215576927
7625,0.012088992555990892,0.04291607504219333,0.05915009341656924
7626,0.012095174756210095,0.044764316147372064,0.1914424822451514
7627,0.012116236068802064,0.04924387676363883,0.18464386397005572
7628,0.012096421611993875,0.046695190516133626,0.15896778964288313
7629,0.012073508012550305,0.03370413138231661,0.28872063864083103
7630,0.012290740652555015,0.06277492105322412,0.15181608626754353
7631,0.012178690161295014,0.04869409235559363,0.18636928076317974
7632,0.012155686520774846,0.0516680554076035,0.14781766870401633
7633,0.012058077993421505,0.03854937059764132,0.12500393475724478
7634,0.012159424717462723,0.05386628902148943,0.2305661705949183
7635,0.012101364751880981,0.0375881913943331,0.24722640124908313
7636,0.01219953824352531,0.04363950587703799,0.3140907087586514
7637,0.012169530601232189,0.04820166528674032,0.21887257003912117
7638,0.012129021852399828,0.04750308072287927,0.15459942681174832
7639,0.012094856452506367,0.03126211960553515,0.24259931850486907
7640,0.01207241616170214,0.03506051661477767,0.2728317300280819
7641,0.012121164628030524,0.03447938470765105,0.2822679434202465
7642,0.012061165259401568,0.030922302189010365,0.25527846786759517
7643,0.012134843459472777,0.045259548518907435,0.24666038648901464
7644,0.01209043612865212,0.036629795855963106,0.2035527514768958
7645,0.012109562794173339,0.04324406906990107,0.2770769698558488
7646,0.012115093351842063,0.04429366910565158,0.17940338108550224
7647,0.012181437435411035,0.049293747190281685,0.1921693188794291
7648,0.01212280500940526,0.0465519464554991,0.19068579960871723
7649,0.012186536102843627,0.056653692104674754,0.17697313957340652
7650,0.012086445804785571,0.03973896700980576,0.127390419426287
7651,0.012068438664561766,0.03250209506382475,0.23728972993993452
7652,0.012135979060731222,0.038920530698831106,0.19849646218423206
7653,0.01201264267386166,0.025477884520095154,0.08068292390337971
7654,0.012090923368732508,0.040912038072185984,0.07356383085962448
7655,0.01215104503965895,0.046149947427686196,0.304939177336057
7656,0.012165675246534436,0.04772425243362635,0.2044579149859349
7657,0.01204360475693545,0.03779086892323613,0.11074049985103708
7658,0.012074255764319232,0.04368641416888764,0.24825091149315376
7659,0.012134652172785991,0.055342410022020776,0.16781201665364914
7660,0.012027817603587962,0.03447907536175411,0.11495691536419572
7661,0.012123398242298513,0.051255885628460535,0.19829309553978777
7662,0.012062239376960339,0.03951113747323127,0.25529920257856786
7663,0.012195354125731755,0.05963928509459437,0.15412732621814793
7664,0.012055599453195339,0.03702556837941967,0.17161864091226559
7665,0.012152020924961694,0.05615460212617738,0.19521406738339425
7666,0.012128196441872135,0.03869677596660334,0.1345415684131495
7667,0.012246759016957974,0.05492812329866103,0.22988178499527961
7668,0.012142002556957989,0.04545589850101757,0.15434294402081802
7669,0.012177364432346627,0.048398450577277374,0.009125814627743626
7670,0.012145536751720056,0.044878753272043735,0.28037657702559265
7671,0.012186349090844555,0.056599114359584486,0.19496459161455976
7672,0.012168645414790031,0.0426466404561204,0.3324212599615238
7673,0.012222729255282679,0.055217567943510244,0.23004878290819053
7674,0.012113876217515062,0.04185822036875434,0.14342615605323616
7675,0.01228090749544333,0.06958224120381531,0.20050010787767775
7676,0.012112587781380616,0.04381017811663139,0.1259426347766688
7677,0.01211171176117812,0.04120662752246305,0.12752733299863547
7678,0.012198399256857997,0.056865932763889786,0.3160295846358176
7679,0.012160069130204638,0.053513413297419675,0.17794946107044035
7680,0.012159738953119236,0.05620399148607979,0.184736248522506
7681,0.012329441929049447,0.0722748545628572,0.1781862820056015
7682,0.012141834188471319,0.045425444002562286,0.13618082628711647
7683,0.012212827168365374,0.055573719302341666,0.22022207585737796
7684,0.012132677019888776,0.045848249511993476,0.2158834369714971
7685,0.012226423995973698,0.062070420919371004,0.19842951927159333
7686,0.012181954911549081,0.053053079123203326,0.12860015613768166
7687,0.01208274347044114,0.03703191670650605,0.08401792323933495
7688,0.01214923912297774,0.05049696262075435,0.21823338053435132
7689,0.012189324674078003,0.055474741615967195,0.20965363671050116
7690,0.012156877705813784,0.049412688642217636,0.2593680392964072
7691,0.012123177801318235,0.045202318473337354,0.053568702598103556
7692,0.012130319291203086,0.05063436947498933,0.315656711307165
7693,0.012206296854400575,0.06059946074955501,0.14809509017882597
7694,0.012128014791801926,0.044016066969581435,0.2298400243104858
7695,0.01210564418989281,0.04093020212919871,0.2590691577097627
7696,0.012127135845174645,0.03939734330206589,0.1900535567153203
7697,0.012168559300637066,0.04920131018731371,0.3547179841270932
7698,0.012138570650939762,0.04550150672682664,0.1674859389962933
7699,0.012133194842787293,0.043261539762565214,0.20380846226114613
7700,0.012241897851905133,0.06582007356203903,0.21018286525153748
7701,0.012110946463417975,0.04524896295469284,0.1422134702397481
7702,0.012163459777821151,0.05201857904731173,0.24643473107596298
7703,0.01214187568822521,0.05118439414125206,0.18976720771826242
7704,0.012167663442761384,0.05743314532793675,0.1956378832151737
7705,0.012117748544774631,0.04428272876566856,0.18850155867640567
7706,0.01209372460697924,0.040366543330404965,0.13454648877885747
7707,0.012106681138239081,0.04247580836477344,0.31896536911730144
7708,0.012177378430806669,0.04744972183850339,0.22418890222208687
7709,0.012182347521637639,0.054031209679532954,0.1803665528317712
7710,0.012116036793251515,0.045427593414928254,0.006100769572781465
7711,0.01207883385881097,0.04215331918356185,0.19538138870312707
7712,0.01210317759131528,0.047165838609450346,0.20277720071470887
7713,0.012038550485110282,0.03672567430216021,0.23490506579195972
7714,0.012090400373631523,0.04262835865956675,0.20917720962966616
7715,0.012142147092203242,0.0520439550270014,0.15795625418470652
7716,0.012078284688640214,0.040070716775850536,0.20393247992709113
7717,0.012107037158199097,0.048349002729158,0.17973869525120648
7718,0.01202997502599952,0.03130022335312805,0.1616959648295071
7719,0.01217544765992554,0.05566603410650723,0.23275489495511392
7720,0.012059068549361998,0.03145964999388603,0.21066693352288082
7721,0.012269772261261342,0.06070734819043168,0.33284271648840263
7722,0.012045811118615208,0.028560773332479784,0.1207801616296115
7723,0.012222741515793101,0.04978782680680757,0.29372612941385573
7724,0.012099677178499715,0.03735849806520558,0.12826068991030493
7725,0.012159290428985794,0.041815665575958554,0.31473267189898013
7726,0.01208590799930838,0.03899045132381821,0.22670647904917893
7727,0.012097307191701287,0.04158800064638297,0.25736718939860187
7728,0.01214261366158177,0.05098901556241847,0.16071605336266717
7729,0.012059233749585632,0.03878274114364104,0.149669549672749
7730,0.012076032274906374,0.03205350823168502,0.2313000023259576
7731,0.012133970493955022,0.04679233251598763,0.29227257396591366
7732,0.012027995706102643,0.029145481288053277,0.05297163365346331
7733,0.012225544109853602,0.06677820262806582,0.13898602573792804
7734,0.012062668963440397,0.03758933349974126,0.14360552077537317
7735,0.012065998399581992,0.03301530297577983,0.3341260111466632
7736,0.012159143749463662,0.05375895052572748,0.2352568398015063
7737,0.012061211485615859,0.04117588854415223,0.13615717776622704
7738,0.012046843467577442,0.03326274293458505,0.2188158367595806
7739,0.01224973603352741,0.06886021146771377,0.17355575670346632
7740,0.012083448580498975,0.036221716991520846,0.13757875338863634
7741,0.012084257933472122,0.04628518146585514,0.14726860333376326
7742,0.012080448786366039,0.044073992736456576,0.21643126184394654
7743,0.012049882522777052,0.032532138917169905,0.20043361418487704
7744,0.012091745668289708,0.04037324453000501,0.29065177306145107
7745,0.012157419681955647,0.045497649380395085,0.3063911203146683
7746,0.012179400790107694,0.04989693587984927,0.2177794787144598
7747,0.012076374057972277,0.03186037134397062,0.14126265006246083
7748,0.012142080936109587,0.043697587124935114,0.21304439663851804
7749,0.012088780712575579,0.040369643787596964,0.1951374134896103
7750,0.012116128482150223,0.042929904161901684,0.2542830452522221
7751,0.012111867743016924,0.04485343122226144,0.17716097472845244
7752,0.012161858079845487,0.054892489747970175,0.17383852486591905
7753,0.012098868341794305,0.043232746789190854,0.19883387698814037
7754,0.012129601446554875,0.04219683899084352,0.23882065436422747
7755,0.012087690890514197,0.03865960287923244,0.18855283743920484
7756,0.012176896291846987,0.04392414900143287,0.2155126869730887
7757,0.012172637484181627,0.03810364924554861,0.2810503388762946
7758,0.012074342667723129,0.03001349003004422,0.19409420516104958
7759,0.01222905596922779,0.053541931759764426,0.18997598354782189
7760,0.012056645340001351,0.03350280044016675,0.1351153372847061
7761,0.012073772815106286,0.04017356935269526,0.3506102071646415
7762,0.012168832626575015,0.05833451067416177,0.14718628119474952
7763,0.012065453582908284,0.03696017752016406,0.16112340449081125
7764,0.012171012768353145,0.05894598708547392,0.18507054658908742
7765,0.012078516807586823,0.04270358354566047,0.12340759161765424
7766,0.012113028986194279,0.047896091303162136,0.26764294614257994
7767,0.012066105934083067,0.035798881094351434,0.24348269368313516
7768,0.012159349206153192,0.05847888775339133,0.12927657236194376
7769,0.012044674100567901,0.03409030268632611,0.11401250016199785
7770,0.012171152978360356,0.05674944207299195,0.20712489017548064
7771,0.012042534582103371,0.03529503260118096,0.16535254223480347
7772,0.012094891665263601,0.042796397034325265,0.009289239217246583
7773,0.012191053129675335,0.05794716673904102,0.20264474564303825
7774,0.012126882416554996,0.04520210597542781,0.08961739651769915
7775,0.012086663827693047,0.04064600385979885,0.21955692404810193
7776,0.012152180413526255,0.05054068639844958,0.18696977414356938
7777,0.012139594225008208,0.04924474807657588,0.2665854448575686
7778,0.012075051517937217,0.04105960793301623,0.006111672264152304
7779,0.012095691160675008,0.03896944218549856,0.2777171095286486
7780,0.01211694086734238,0.0454876098973015,0.23211744915106802
7781,0.01221891418871215,0.06198081022204351,0.2420228060406282
7782,0.012087313510464735,0.034245475378835814,0.11275271732109357
7783,0.012049877869462215,0.03353509476870644,0.2819608235707532
7784,0.01210881338778026,0.044356132637079715,0.27569961367673507
7785,0.012018565792836803,0.02516754915614051,0.18243252917094233
7786,0.012091768352312099,0.035307314536926766,0.2584480422788667
7787,0.01203803324775954,0.03259930285227842,0.16808597687516688
7788,0.012152245360834158,0.04657743702203906,0.1788293361881129
7789,0.012261400570048986,0.058857527518067596,0.23622177100258585
7790,0.012097966192098051,0.03817907701652028,0.1706423299395203
7791,0.012030451069785697,0.03228008860325849,0.14903048827444612
7792,0.012077494228779854,0.041421162812260964,0.2843971062167095
7793,0.012120448542814232,0.04866586441047972,0.23947111650726927
7794,0.012104415152046154,0.04509291600226449,0.25059746883718637
7795,0.012111616241153918,0.04579296476704533,0.17602165653716043
7796,0.012104356466475806,0.04708407973351429,0.22275833399676565
7797,0.012138856022759634,0.03771718386430591,0.2293274924809217
7798,0.012110043610152041,0.04631972381981177,0.1862320285698167
7799,0.01212221796442997,0.05011828652206712,0.18029794880562316
7800,0.012074533810389063,0.040010596836425626,0.21637653452597239
7801,0.012140503169884157,0.05254437359472588,0.1901275618357082
7802,0.012050445819723343,0.03780578043493586,0.15169452620433677
7803,0.012085519792989058,0.045296246083174,0.21660131045762138
7804,0.012048382403889482,0.030004928885034414,0.24697544299171242
7805,0.012082322985366566,0.04654211070071779,0.2792061204337468
7806,0.01212269792627145,0.042226820354661125,0.20736647177641815
7807,0.012074608253701971,0.04254757366098327,0.23973928453943352
7808,0.012025443243173674,0.026343014567820535,0.21572772522451822
7809,0.012206695113314596,0.06059468411838512,0.31087352773236754
7810,0.01206070015108731,0.035710069867386895,0.17243011734152508
7811,0.012068471072374356,0.040513915812632355,0.060149029276210124
7812,0.012039705054865221,0.031537033627191124,0.20262703354503592
7813,0.012074707152723376,0.03459127243564751,0.29093512772443975
7814,0.012180380622249638,0.0560805465581896,0.24494005694020035
7815,0.012045622542760313,0.0363618486776451,0.11848486182639628
7816,0.012137164804237004,0.05178878230166108,0.1757492500362202
7817,0.01208997217083303,0.04546169849369557,0.17510834544968826
7818,0.012078501875831722,0.04121635239842669,0.17014892260318523
7819,0.012115625611188592,0.04901282372687097,0.18731529400815486
7820,0.01211466268433126,0.04428985265401007,0.1436565853880653
7821,0.012135950295154971,0.05029886468221999,0.1686715546431357
7822,0.012146136788248036,0.04885685409554328,0.1295478644492641
7823,0.012030009665350914,0.02759751150592081,0.19003094889259053
7824,0.012206351735881988,0.06389273769964791,0.2511278165535815
7825,0.012064468297844824,0.039868141067911214,0.13889793298746206
7826,0.012134674721925594,0.047348990558427465,0.06417203276992763
7827,0.012022540198998106,0.03309712257524207,0.13448920943894788
7828,0.012168922960551921,0.06158581882344336,0.1463336939744463
7829,0.012058710235789603,0.0402502653179962,0.16953480562073264
7830,0.012039667583922546,0.035501204556448035,0.13792590662224274
7831,0.012128740365329533,0.05298169750870121,0.20304554140305525
7832,0.012110504521170923,0.044958691334104066,0.17709382919024333
7833,0.012103726275467842,0.04401411686954834,0.19041561093048248
7834,0.012024175221561973,0.028111561945925054,0.14235157508972815
7835,0.012180360944116621,0.05332530429229832,0.25731725247150444
7836,0.012077476008126555,0.043011050037397136,0.15017645194810747
7837,0.012082099765797607,0.04671061979309152,0.20637470135416774
7838,0.012101888045360852,0.051612072315679394,0.15361015219367996
7839,0.012099233079851284,0.05026981848804379,0.16556141055728463
7840,0.012077574207715033,0.043372758542136,0.12294738523199447
7841,0.012036901317672896,0.030774019826870416,0.28650992713440343
7842,0.012136187468673643,0.051618129759822114,0.2367499478078535
7843,0.012107099895672454,0.0467748227340614,0.15971333239515087
7844,0.012119488330670922,0.04335546221444532,0.16086515843377644
7845,0.012141810856473726,0.0523337923941434,0.19318776058163056
7846,0.012056436178154047,0.036198730037918105,0.18312595545318155
7847,0.012073990988673759,0.04008993117920173,0.18011275670999674
7848,0.012144133252273002,0.051048357456693304,0.22900913548324525
7849,0.012109304043264092,0.03970558314917723,0.17816821306122213
7850,0.012027382692289324,0.02956763494190792,0.22808799147534456
7851,0.012131418382399417,0.04402954735825353,0.2582201961500974
7852,0.012179364369418366,0.04087727107936062,0.25832293980775184
7853,0.012037505100332482,0.02909489320819578,0.2309907617200201
7854,0.01209805188023297,0.04564229450088546,0.20156836185915852
7855,0.01206660436252178,0.036282829089394335,0.07634923577261093
7856,0.012179254109225992,0.0622301174837993,0.15206872027449386
7857,0.01204707055207839,0.03694838072911561,0.1425707098980381
7858,0.012188857565039983,0.05806952018009447,0.24246335301760527
7859,0.012062603532268533,0.03930948358442095,0.12532294531185528
7860,0.012108047944068319,0.044328077942132206,0.009077335437995259
7861,0.012180013616418099,0.050408517274885656,0.29105399930063175
7862,0.01219750526378041,0.06056765208190949,0.14563335964248486
7863,0.012146533676566349,0.05310973395951756,0.1302957755114501
7864,0.012091534989477666,0.0408803287206348,0.22135107334537313
7865,0.012148178502719358,0.04670571993683592,0.2629082126570012
7866,0.012211413188137317,0.05367007670300103,0.2124204363543314
7867,0.012162173457393982,0.05076200229535611,0.17267275062852075
7868,0.012215809195809257,0.062029468480563565,0.13250030746964056
7869,0.012120812285250285,0.04442624173257129,0.14472198424770744
7870,0.01211030932500782,0.04376764333941519,0.19614467934706356
7871,0.012092559276755586,0.03841777865934609,0.28847139808967226
7872,0.012099298394648067,0.038368648745043164,0.28746729437782015
7873,0.012225368222662793,0.06298238351486782,0.26926488493559564
7874,0.012132361348363528,0.047336489120694915,0.11991789023277176
7875,0.012199828788481297,0.05949434034156313,0.20761957522074193
7876,0.01218417599593294,0.0548427485741266,0.16179120453637771
7877,0.012176096839728997,0.051836834744996764,0.22777560625894058
7878,0.012173530076016082,0.05404091578261254,0.19760956169740437
7879,0.012168181576963116,0.05185801299286141,0.23277366508252528
7880,0.01217706311276707,0.05223907569424627,0.1974750909772199
7881,0.012153057721670617,0.0505013118795914,0.17252535765144314
7882,0.012173188490756728,0.049078753386135085,0.22067148075402399
7883,0.012183670885568413,0.051431240850793404,0.18676518930624664
7884,0.012206876428121115,0.049959170289691136,0.21173359083379245
7885,0.012112847168422975,0.03890908546808716,0.23566854239687487
7886,0.012190941465493982,0.05443366980545449,0.1621370166508417
7887,0.012456015742141148,0.07846231028050278,0.20181815161936068
7888,0.012225108096587806,0.04837217166489403,0.12311906833493279
7889,0.012241804487185988,0.057610214477354656,0.20623427331682184
7890,0.012154612674677174,0.049584105156384256,0.16296912592719337
7891,0.012120734847837406,0.04016180697242819,0.30553474518665485
7892,0.012206481781223404,0.05366750117379268,0.27029567540152827
7893,0.012148852686321395,0.04806299095494194,0.16739621287227616
7894,0.012240345689304669,0.06388493260342697,0.15624093014170415
7895,0.012177322382809986,0.05149690279745786,0.14826407932834357
7896,0.012205332565276584,0.058308822896361565,0.10279858109241878
7897,0.01216333444856767,0.05105491131280345,0.12188596244290661
7898,0.012149151347002935,0.04929835047808772,0.20290062153616978
7899,0.01219793800877407,0.05011102789458889,0.20025738152799635
7900,0.012137293599112992,0.04521939150060746,0.17578053426763332
7901,0.012138006022541252,0.04521457420623491,0.17652664250637454
7902,0.012116140679372516,0.04607837038499351,0.18704138537732262
7903,0.012206374252047063,0.059432598808349515,0.17900000047536843
7904,0.012143698059797549,0.05237280012989861,0.11771107654294873
7905,0.012160460381403069,0.051829163404531545,0.1981288259258279
7906,0.012142426267395513,0.04114705291016116,0.2315617859360767
7907,0.012131823242511096,0.04825702172424719,0.05352133865142653
7908,0.012188428317675075,0.058008376635280356,0.16933270117320637
7909,0.012123226761136164,0.05114439413885245,0.006095694271834883
7910,0.012038279280285127,0.02715635657776756,0.29922677575751494
7911,0.012080006942788539,0.03585061199168735,0.28687664225743903
7912,0.012109848981111782,0.03386664715796299,0.16895392627331993
7913,0.012121851720028637,0.04353208390256135,0.29702181796854144
7914,0.012111934399056994,0.04242725610176129,0.1758529677566957
7915,0.012044185944279872,0.03391753931000364,0.1688364373098823
7916,0.012163400789063802,0.054439995509344544,0.14809253496397998
7917,0.012074674141673675,0.041515542623505,0.1793675569645629
7918,0.012082349364597967,0.045186528373488126,0.24371449382258165
7919,0.012125282715169874,0.05227513078444272,0.19834597857896602
7920,0.012100123714607452,0.04605906697984095,0.1302720208309862
7921,0.012192360027973637,0.05989300990567297,0.15477555075682645
7922,0.012112397808664258,0.04349232631853196,0.1696589779215132
7923,0.012131146535668741,0.05374747651596809,0.06493460541183509
7924,0.012140760063881144,0.05186674121364497,0.1923852835356458
7925,0.012026922897950133,0.027957616522705286,0.17870718206162123
7926,0.012148056133542758,0.05323521108829273,0.2642816018151074
7927,0.012121981003951947,0.0516508835157496,0.1295218232231999
7928,0.012046117648585384,0.03579870598311563,0.23442028722760033
7929,0.012092577318256473,0.043965379348388005,0.19323768622739812
7930,0.012130542432524358,0.05237463358186974,0.17194488763718438
7931,0.012034766223101482,0.03413218837773533,0.15959324570629943
7932,0.01209707714668324,0.046006852785016185,0.21095770664426314
7933,0.012084234346909223,0.04078356201927886,0.18285783311866086
7934,0.012111676273039862,0.039038100143746673,0.21195041665461772
7935,0.012122780966055378,0.047518282557732126,0.22368153857329134
7936,0.012167608942271561,0.05383482325011,0.00912793701801845
7937,0.012105330612824254,0.0421705661069993,0.22367867211948114
7938,0.012127643880002086,0.04469943697710918,0.3030160780453951
7939,0.012133625436335642,0.04638828413006175,0.23179477085061315
7940,0.012153899673082112,0.05234118393419261,0.21366829649352825
7941,0.012181975049872788,0.05518571153972199,0.20238905888483022
7942,0.012166647031883967,0.053196824065928,0.17318249473190278
7943,0.012198562160370727,0.052839931939691234,0.14517294743836473
7944,0.012145471757742618,0.05010110055666601,0.12330526754912007
7945,0.012180040430889478,0.052592572974212784,0.2241834090684282
7946,0.012153037217864426,0.05222852048140239,0.20282674249626417
7947,0.012161429939206788,0.04528837240294258,0.22807812596267343
7948,0.012140682954476872,0.04939990697724317,0.16825917360211778
7949,0.012101159501206875,0.039535265368684284,0.3055497708878159
7950,0.012187782923563657,0.0574359106674724,0.2530064656537925
7951,0.012169189429188041,0.05660594449566641,0.1360476621784084
7952,0.012168814468757751,0.05514090678117491,0.1280077973970045
7953,0.012138787985948616,0.04326700840895134,0.28003018714577776
7954,0.012305716725127733,0.07287764358077446,0.15844656461843212
7955,0.012136673977620225,0.047308112291169116,0.12006047477876362
7956,0.012116529000592381,0.04268014404143557,0.22445098694507182
7957,0.012221888254692153,0.06285133123062134,0.2174237906104682
7958,0.012144318149708415,0.04924161129346522,0.12181215304446523
7959,0.012207031741092824,0.05960451816241437,0.15783619721069264
7960,0.012133101158022545,0.04720495651474393,0.12529299763045385
7961,0.012222274961259997,0.06187524693880344,0.19733130807948873
7962,0.012111751875443676,0.04345355861355374,0.19648831279678441
7963,0.012258024640518565,0.0653855801808454,0.2264312611103541
7964,0.012100327637415476,0.039692897543710484,0.14678217070912128
7965,0.012141029476349067,0.04446176841460628,0.24306061076411165
7966,0.012157511438534285,0.0453434226330262,0.1736598626015296
7967,0.012209526091617124,0.05494350252079534,0.2701004655243962
7968,0.012210712409149851,0.05454071070331713,0.1606796574606141
7969,0.01224662990761671,0.04921866344782236,0.20554916593314454
7970,0.012192375472484255,0.041583005083217425,0.006257260703513941
7971,0.012411948908525577,0.067043618461427,0.1790190838382283
7972,0.012178096056895273,0.043329794435015494,0.1518076257654517
7973,0.012074226827096506,0.029602123341704287,0.177711806835632
7974,0.012063527052804586,0.029784428964532168,0.28685749261471066
7975,0.0122137084786872,0.06042405332167584,0.18131083145459756
7976,0.012104985176458121,0.03506032959311334,0.15313600725260476
7977,0.012159392020986993,0.04598201634096705,0.22765450627626935
7978,0.012090372057239531,0.035718217188615634,0.1919631133942746
7979,0.012122910766115668,0.046566597874740004,0.20542129762212857
7980,0.012109608192059513,0.03697014232372742,0.28104917849947275
7981,0.012173878901181545,0.049161078608469265,0.20827327522482852
7982,0.012101171778264145,0.0385223968103171,0.20895499160505238
7983,0.012169062987360589,0.053199187045317495,0.25983874238425464
7984,0.012074493970789562,0.030125948535532045,0.23790188919102503
7985,0.012131224739121812,0.04480960841397554,0.3335192307258291
7986,0.012056005688472567,0.027838750140937445,0.238648444405908
7987,0.012043586524885967,0.026095456201938733,0.2069499954714592
7988,0.01210742967041128,0.03782765910106348,0.1368734336593298
7989,0.012134220484157379,0.048960840518040755,0.18772358286341564
7990,0.012031560534673334,0.02817013478702313,0.3199269895766951
7991,0.012154937614862957,0.05258527479891737,0.197086197791918
7992,0.01209357480796927,0.04081619121400188,0.14991751427457367
7993,0.012105684920486708,0.04786345871196669,0.1909474583800479
7994,0.01208505340378131,0.03698142788395975,0.10927768224917385
7995,0.012065471903404939,0.03888358640547204,0.2129814866010995
7996,0.012114978924592798,0.050117316552941805,0.20395507127393178
7997,0.012089839172896025,0.04238872042301439,0.17530806924711712
7998,0.012208986534986747,0.05925705087255943,0.20057570035699884
7999,0.012094794045165084,0.04073259032042954,0.218745915266358
8000,0.01211623475974234,0.04968071820547272,0.19268013923055327
8001,0.012078048562155115,0.040852375141477236,0.1711429725802931
8002,0.012055452424703513,0.03538455275850062,0.2131657624414047
8003,0.012128204743562758,0.049991319817341874,0.24469057476556808
8004,0.012077784685542723,0.03526084139777672,0.1960647183616351
8005,0.012133313957923329,0.048138582301998224,0.0675546416727221
8006,0.012169064489139571,0.05355222688769195,0.1706202034246215
8007,0.01214433098605702,0.0478925707888943,0.15875347798325584
8008,0.012104332160051554,0.04642341401868998,0.15108957844110865
8009,0.012083373576917768,0.03801633375818042,0.23714282264604056
8010,0.012181505643225012,0.05269549646395507,0.2655714991646144
8011,0.012122522381052294,0.0456742649393395,0.22225346040665964
8012,0.012150139338105251,0.05407932807369105,0.1532709678889065
8013,0.01209298749350656,0.038969676471668636,0.18268119302621702
8014,0.012100454025141325,0.036437712489920386,0.2849190532859707
8015,0.012214284476757091,0.058525561442287745,0.20357764902385528
8016,0.01205571476849776,0.03379674667560909,0.15435733060313067
8017,0.01211124182209386,0.034224373004287954,0.17166511575100693
8018,0.012123441118452304,0.04189708936919607,0.2452308207609749
8019,0.012131679278644236,0.03797830746338217,0.1582353437413581
8020,0.012158702297586733,0.036508773773027726,0.1667700489669883
8021,0.012114710303458058,0.03817241069231061,0.24813952696092115
8022,0.012077404548480847,0.0356898584777042,0.3066499974695502
8023,0.012182823298033095,0.05226329791674854,0.19159259883914384
8024,0.012126318902249952,0.04573738119955204,0.22015237220069628
8025,0.012095219212179095,0.040889442249421495,0.2178228390804523
8026,0.012052605325710298,0.03441062112927149,0.2086696038873301
8027,0.012131796016154951,0.052176953759317225,0.23448410218414206
8028,0.012110142201312074,0.04655986038739346,0.18658758293884076
8029,0.012136732121927226,0.04731665371912356,0.18372559955125264
8030,0.012186571245790909,0.053377813363111495,0.17700733707323674
8031,0.012136960772667831,0.047470236791995024,0.1746926132341716
8032,0.012180205921224842,0.05478963559260233,0.1635955766670729
8033,0.012143403557044094,0.03583793172290475,0.30544453352067324
8034,0.012048423663030505,0.03283161991010596,0.05796582513724618
8035,0.012186464205769151,0.060909891409048705,0.19952062268099255
8036,0.012052465144956113,0.037166673846978596,0.13360169291430976
8037,0.012169495104628716,0.056604708277636216,0.12559686835071437
8038,0.012024034351238156,0.032651984685260524,0.1405825270717899
8039,0.012135964391373995,0.05287586750322877,0.18415276467287114
8040,0.012121350622285898,0.05115946182034738,0.11225117790297792
8041,0.012060351955827643,0.03863926859233437,0.18565545895990163
8042,0.012066032279642862,0.03731438054460494,0.24224479075162847
8043,0.012110242713660525,0.039953506314490295,0.16762645981777596
8044,0.012302229858991995,0.06831609274307797,0.15870976295191674
8045,0.012306754060468212,0.06634771851679397,0.008706461293358603
8046,0.012188367440032646,0.0541051393715133,0.11756502649631057
8047,0.012137353840083695,0.04666966655619982,0.19705428270586678
8048,0.012158291042389855,0.049063581066514116,0.27457554887318963
8049,0.012275258054858795,0.0684726172550548,0.1714726048250731
8050,0.012095873126990397,0.04288387647655592,0.16286683776572777
8051,0.012121418736842342,0.04220058217514828,0.32164902788961075
8052,0.012172455211872995,0.05175566858371768,0.21269011230882912
8053,0.012227436452345787,0.0631163930538508,0.1993549285899077
8054,0.012123885361601642,0.04828932989428909,0.15285418332568143
8055,0.012175767563142268,0.0557897472987944,0.1900701338416263
8056,0.012137432300077826,0.04887484423494187,0.17385825592558918
8057,0.01212955322739727,0.0468868206444053,0.17463157730075335
8058,0.01218386396368552,0.05318383782821228,0.19510640953858538
8059,0.012086529076997603,0.04164381838921635,0.1835703269005601
8060,0.012138201846278979,0.041569927966513875,0.3332866003362413
8061,0.012168339004492061,0.054677049891701385,0.240218815222277
8062,0.01216875223994476,0.055127297241265916,0.23130227969818906
8063,0.01211901575667093,0.04633130184044335,0.1411971125621298
8064,0.012173827600278792,0.045506159959949215,0.17754567744098154
8065,0.012379206740194493,0.07011355032709313,0.20902645968433595
8066,0.012130299140767475,0.0402127405190893,0.111456542740165
8067,0.01212423536550813,0.04537147979648018,0.2838816363738421
8068,0.012194186047705122,0.05349644508570011,0.30113414763836177
8069,0.012171746277373498,0.0493766149817154,0.2045894813549698
8070,0.012198961383758773,0.05449069081454651,0.1915311518098125
8071,0.012140722573587786,0.047631017831651655,0.006270492318546157
8072,0.012102228589236054,0.03958008705664131,0.24261822926997456
8073,0.012044948835001821,0.032661561079153176,0.14326083372105922
8074,0.01224446975087911,0.06600886109092884,0.14791453941816987
8075,0.012071007926615557,0.03877132139998768,0.136434295870488
8076,0.012055351693294608,0.030182810954409875,0.2153708972263875
8077,0.01207949432985078,0.033804828645107504,0.18770725408490765
8078,0.012082648452329942,0.03518184414054497,0.21599937174260977
8079,0.01211523265723248,0.04146903917602398,0.277003720643505
8080,0.012094819308678137,0.04027590798578768,0.2436821330890732
8081,0.012098810659498131,0.0443016637004023,0.18387313213102124
8082,0.012087114768911613,0.03805546003050373,0.23160552670728426
8083,0.012119998267422261,0.046524048095332095,0.1819500591963229
8084,0.012125754180529209,0.04774226966264259,0.18406160679747732
8085,0.012071463053794406,0.03534412424050068,0.2412474998081152
8086,0.012154424203411236,0.05166005772246203,0.19448226462162316
8087,0.012023440386839522,0.027094712253055847,0.20453676238328178
8088,0.012149960195509466,0.04165397142408616,0.19491873913248237
8089,0.012053526198343722,0.03623367865922608,0.04825122529166776
8090,0.012093840822656016,0.042682637703481144,0.2602645436329068
8091,0.012097330367198294,0.04646746483766084,0.18303836259528564
8092,0.012032954744705752,0.0295442233706663,0.18144896191798635
8093,0.012092959013785338,0.04149031035575044,0.3154272156226167
8094,0.012082248467364626,0.03876699737347066,0.18449614727928043
8095,0.012044935696569446,0.035523413902581735,0.23212256078898852
8096,0.012047334908298775,0.029585958003626962,0.16281662834437485
8097,0.012208182380826351,0.0648225399222689,0.21401392762257515
8098,0.01206196518172753,0.032941063492335936,0.15413773384495605
8099,0.01207547772057633,0.04029019593993959,0.3482001228444359
8100,0.012091935281749372,0.042782907647524474,0.23360903479801273
8101,0.012128515257239774,0.042456832241309625,0.22658175454850923
8102,0.012137915711707324,0.05032428401631156,0.12710186505933396
8103,0.012147747611895647,0.055051262380132276,0.16475927376256477
8104,0.01206174391697505,0.03979489030600779,0.13834675249239936
8105,0.012101485151161618,0.045102818390553634,0.2267682001344376
8106,0.012032599475627447,0.03317238267466489,0.17897145558601277
8107,0.012079908342020966,0.04214239168675254,0.20605386768561218
8108,0.012146518400800707,0.05283203610860237,0.17503603953772304
8109,0.01209243517226721,0.04429428491419509,0.18109273395002773
8110,0.012052932410000645,0.036064716598478465,0.21292333435633995
8111,0.01211424455128393,0.04920795222490932,0.2382535670730756
8112,0.0120687039267742,0.04035040995760521,0.16282101182758135
8113,0.012110180740001622,0.048717887065060174,0.21781975960855882
8114,0.012128733774386542,0.050293144153166845,0.18654529350396143
8115,0.012075027006118892,0.04096066476636193,0.17946522205493068
8116,0.012175979838257493,0.04620420295249736,0.1801080244705806
8117,0.012038775616462981,0.030263369604712907,0.24623588466129054
8118,0.01216998423227907,0.055590352925336,0.25359536000830574
8119,0.01207146435076283,0.040786138072173246,0.15583761147828448
8120,0.012091059401909613,0.041662376470026435,0.2956202870779135
8121,0.012078824992559615,0.0426174820093721,0.15902132832139831
8122,0.012051395040830148,0.03033953403420423,0.20307138800971827
8123,0.01207634928599463,0.035718858995652795,0.24364085166041768
8124,0.012219344115772733,0.062200480922457946,0.15566530168884782
8125,0.01211030639672231,0.03639769626259766,0.18046043702788836
8126,0.012028563524043577,0.028349976694479185,0.21800135343446012
8127,0.012041128942513642,0.03326007259901924,0.3504936703638704
8128,0.01214791522923666,0.045057761044108906,0.2549069774780129
8129,0.0121135096640096,0.047577113687592924,0.16156121275914434
8130,0.012083939243664502,0.03865304399925754,0.07273542330646214
8131,0.012170868942441506,0.05970683366167107,0.21226884456383413
8132,0.012087140396182552,0.03443521436092299,0.1176062311737458
8133,0.012108473759531767,0.04481008981534186,0.30357577504532823
8134,0.012212879734042541,0.0564914646266726,0.28110048767460083
8135,0.01215286402345958,0.04333680497596931,0.2457902286578835
8136,0.01207508670890542,0.029830512700820714,0.22847375490022256
8137,0.012306173861976044,0.07186728766924218,0.15945603340495057
8138,0.012067203098798714,0.036538999274359406,0.10966639424330737
8139,0.012163005304753085,0.057950265442097165,0.1707787240617038
8140,0.012176273714844161,0.05715690090332395,0.008693749352872074
8141,0.012093216971677092,0.04533226933039164,0.10363282106475526
8142,0.012092134912765154,0.03764491109301689,0.27012881479641976
8143,0.012119461658811349,0.04482422255157118,0.18985731138687834
8144,0.012152087174672026,0.0457433532437122,0.28017648366346953
8145,0.012119988438403789,0.04005859721083722,0.24054308314462394
8146,0.012118170312563098,0.045360604111220434,0.14552987547654506
8147,0.012134835595871724,0.04311759284898207,0.3309787786172253
8148,0.01214418303358518,0.04517438661840512,0.21059744588812715
8149,0.01213408436833683,0.04386735809298628,0.21529293581015338
8150,0.012126845765420082,0.04813610056201415,0.20702225549818815
8151,0.012152386873169753,0.05413406957162702,0.1595468498221402
8152,0.012151612021328,0.04824321276811562,0.20542002072637705
8153,0.012119291637505449,0.04684748549435265,0.17742345176997787
8154,0.012105811590809342,0.03819658879995514,0.28220292409565306
8155,0.012166664128239541,0.05315366387686414,0.21428080836253885
8156,0.012118747473993129,0.04558925736995806,0.19144812504592051
8157,0.012138600795862991,0.04687213636966977,0.27183401973114474
8158,0.012105707881614896,0.04232576811838322,0.16176525467995131
8159,0.012095049202593652,0.04147299816179126,0.28972119997886653
8160,0.012137442616133146,0.04728689674154055,0.2895005081785254
8161,0.012144193338076792,0.050029577943300735,0.259028962460946
8162,0.01212303506787897,0.04366645939480884,0.20310275560727142
8163,0.012293130589546163,0.061780371985173325,0.1044913126131584
8164,0.01213528197565798,0.04725098960000036,0.1092867585192215
8165,0.012267958112575259,0.0649337438844063,0.16823074631173401
8166,0.01212006784546882,0.043368806224011916,0.15479298852099727
8167,0.012115208515559238,0.044622869551693,0.20181736437968326
8168,0.012245360378465164,0.06630968709664851,0.14274894832221757
8169,0.012101192606410741,0.04240825502769446,0.05275367704474459
8170,0.01223371071276104,0.06463866839584692,0.2083253792070695
8171,0.012062256827747413,0.03840062726515428,0.11815518519258018
8172,0.012154007825553658,0.05212573078504301,0.173953419605244
8173,0.01213985039748738,0.04678981238611944,0.20227806616902383
8174,0.01220886470266475,0.06072332553622632,0.1777801276621019
8175,0.012085253521171648,0.04218265003452921,0.16766770110649845
8176,0.01220614628484609,0.06120880228573015,0.20009255342288218
8177,0.01211214030819638,0.0465152973065408,0.17547485385030576
8178,0.01213040700378981,0.04969572980310586,0.2642802945223676
8179,0.012162780142728919,0.05682093907807739,0.1608682404590145
8180,0.012132937202483218,0.048337247911961936,0.22204931107428058
8181,0.01216071874068275,0.050652316808547114,0.22171131714473352
8182,0.012164738270396627,0.05553212021884846,0.21326054829703409
8183,0.01213784400183039,0.050221590857109484,0.16883834349742266
8184,0.012152488369892881,0.05256578630163247,0.12089173960071113
8185,0.012081287233385698,0.04260374197414759,0.006232115256599216
8186,0.012116554061030464,0.048406339690512154,0.24730103153260793
8187,0.012223123037151425,0.06237229394469647,0.2214876851241091
8188,0.012109723798635983,0.03486177680135231,0.19799039763717205
8189,0.0121015732249176,0.04557408609530641,0.19833832255354347
8190,0.012044878106955,0.028317911566885547,0.24367418957011078
8191,0.012064599893432873,0.03746837322731555,0.2867004193088427
8192,0.01209029305941719,0.03273730596372291,0.28565928734703844
8193,0.012084247189322507,0.032963002707737526,0.2325837733533755
8194,0.012300897301724017,0.06672286967478899,0.15983638527004615
8195,0.012150279299470485,0.04437039472475136,0.1430853768600375
8196,0.01213076918724945,0.04778059375754504,0.19153933324989772
8197,0.012158019901380846,0.04847150476709977,0.22904137699213034
8198,0.012102744219480228,0.04178727270008995,0.17276782205640798
8199,0.012098527403810613,0.03969137364007131,0.22680647759778041
8200,0.012202332816070567,0.05880500877730711,0.21379491953315338
8201,0.012093380715510822,0.04085720153021085,0.15311824654314266
8202,0.01215052556107929,0.05025764460248897,0.26692531248838813
8203,0.01210031982277396,0.04445532318366899,0.215195094464154
8204,0.012099416521439834,0.044842822716256774,0.24475990423132907
8205,0.012083349675262282,0.03959860173841787,0.22690080709297894
8206,0.012045346318464588,0.029389960415594815,0.250637030687373
8207,0.012058248639201434,0.032596058660682964,0.21660465622433453
8208,0.012089492917281935,0.0384286547904016,0.21718728406446874
8209,0.012131540500814655,0.05223524627974405,0.134472525732433
8210,0.012087183889576528,0.04238097000722663,0.15455661046913502
8211,0.012186500336915916,0.0581560481265335,0.2121808968762462
8212,0.012105589310768076,0.04707806555635865,0.17338823937663966
8213,0.012135988832913303,0.04955214930621852,0.18481648982458376
8214,0.012095581848530728,0.040793435740832586,0.16304364188832815
8215,0.012158396277044608,0.048654923108722485,0.22827449411430023
8216,0.012122833507198824,0.043487103856425645,0.17151564307272157
8217,0.012068959317696666,0.04051064992270796,0.07307538609048807
8218,0.012110515914759354,0.05003859792623842,0.13637696513739364
8219,0.01210018200674845,0.037364444574603584,0.2908868995129202
8220,0.012192500524311695,0.05286736418525081,0.3055993533138141
8221,0.012088859430945818,0.04158370043683378,0.14195213643721158
8222,0.012105146482624974,0.046811750943570575,0.20017727417511766
8223,0.012140561403939525,0.05413648003180897,0.15127769870715044
8224,0.012113887894617346,0.04835355351150908,0.13960212866808133
8225,0.012165676569772322,0.050496493702989795,0.19292244617888013
8226,0.012152295400068411,0.04893237309195162,0.1429784588058391
8227,0.01217362230894012,0.053674017436416054,0.18135641947733946
8228,0.012109565133828475,0.04433547282187297,0.1667845096059747
8229,0.012106869914352397,0.043932699012808926,0.20596702555299645
8230,0.012195209688536154,0.06140592393546321,0.1873103232931092
8231,0.012202668023785402,0.0597091191014022,0.008726484877853062
8232,0.012156437481741118,0.05029514146150932,0.16053567550847186
8233,0.012234054043033127,0.05945418055889004,0.17677437194572898
8234,0.012171014605744795,0.053060221765112596,0.15847063468125577
8235,0.012143657270915749,0.04694680329277028,0.2242970149820907
8236,0.012126105714274816,0.03664051593582956,0.19449500490141572
8237,0.012385986428849121,0.07572571201178355,0.24451721583378408
8238,0.012109364328738298,0.042179130793400375,0.039420676592839224
8239,0.012146343210372374,0.04605045950337296,0.14936309933593886
8240,0.012103445707572423,0.04597269828257076,0.24380472529364003
8241,0.012138516594147804,0.04942483732300771,0.23320848359836396
8242,0.012167917630971865,0.05308762213401675,0.19422446614537217
8243,0.012121613137117463,0.045422580739039514,0.1889605214209115
8244,0.012096899698036569,0.042506506650134314,0.22434900447506495
8245,0.012212078068500706,0.06391626874529924,0.16745212319216107
8246,0.012110905220942282,0.04652892325600648,0.1525380933405429
8247,0.012081947183562116,0.03578003744206834,0.3186711164068028
8248,0.012198447808245713,0.051802589460711375,0.29994306641429114
8249,0.012219653471198053,0.06136259105818264,0.19782051498869235
8250,0.01214354736341332,0.051418650861946594,0.11491847250646282
8251,0.012152216117834777,0.05323870380020131,0.13876729124893122
8252,0.012147031376684707,0.05022483675483957,0.20924131424532202
8253,0.012167085143439275,0.05677524315545439,0.1984472121133103
8254,0.012111724187451387,0.0477146052106026,0.17290690564288458
8255,0.012105008225656575,0.04102432057914999,0.3242348179425853
8256,0.012228988524052827,0.05848573602130336,0.14948496350327709
8257,0.012205675263640546,0.05710895474724359,0.14856789165657078
8258,0.012137028483012523,0.049642710180875495,0.1272871538064585
8259,0.012174399207648342,0.04212499446924757,0.23183360001525172
8260,0.01217119690071464,0.05097046525325794,0.2246331173234133
8261,0.012260773679703418,0.06297104348298453,0.21963375426973844
8262,0.012143867776277172,0.044816242610191,0.21281855466606217
8263,0.012256364417222002,0.060279643437813835,0.21566510614216824
8264,0.012142329015209787,0.040165474691375914,0.28331194335553483
8265,0.012248869780261597,0.06769836222323253,0.1980841315301384
8266,0.012119984075167857,0.045558850123344465,0.15643818832235917
8267,0.012085747774833584,0.03829739006255197,0.12273126911800906
8268,0.01215133524192144,0.05119454378798229,0.23452979843504398
8269,0.012069416795098948,0.03496667776921787,0.23066732533343612
8270,0.012232419031554014,0.049927021459699725,0.185845039054151
8271,0.01206501131720082,0.03519448310091744,0.13411013653776013
8272,0.012212462103500906,0.05148303191803556,0.05987190569688334
8273,0.012119690971039463,0.046045173975748255,0.12614473402143508
8274,0.012197540666374646,0.05686134981495499,0.15834050854802614
8275,0.01218353765830012,0.05541321893720733,0.19386671130238703
8276,0.012191669499041536,0.05921276726118242,0.13811572330311644
8277,0.012066399593733249,0.03666527839010715,0.15291391656209832
8278,0.012154120455321956,0.05239753186522213,0.228918577788265
8279,0.012128236169300472,0.04726778587971001,0.16959859976122357
8280,0.01205926996457369,0.034429298326859634,0.21126411528777753
8281,0.012283279018613563,0.07139417754754995,0.2055917536931367
8282,0.012080124871962555,0.039199839353740634,0.14398440277988478
8283,0.012108180608563605,0.042612725459907956,0.35846822745223617
8284,0.012240068221382983,0.06475819523608009,0.16731122092521702
8285,0.012104051877433082,0.038108087210000335,0.24578847710555177
8286,0.012200122392294297,0.05698984193079531,0.2953307767921005
8287,0.012115674221257469,0.04686563571545946,0.16538761109539796
8288,0.012115259849385787,0.04451129783899844,0.27489434043541583
8289,0.01221217531884865,0.06192146438600047,0.14671407434569342
8290,0.012140308867677129,0.04889211990666622,0.14848685793674626
8291,0.012146761507947097,0.05189720584834911,0.2313092579297715
8292,0.012167791127970277,0.05215636560397316,0.21174963803022537
8293,0.012194794551339585,0.05416934367448619,0.17316114845489136
8294,0.012139019412933778,0.047404967984979854,0.006317360938215138
8295,0.012150453083617653,0.050621027488825195,0.18599856954412555
8296,0.012138603746578146,0.048062360392449405,0.2135125000830263
8297,0.012070762751411501,0.031012744684624567,0.19972843455619987
8298,0.012068907816743883,0.0358087505986843,0.2577961234707776
8299,0.012138125509531802,0.04776042377145049,0.2796767493421149
8300,0.012067392186483407,0.033050300844389896,0.21395953812651694
8301,0.012058555152094006,0.03149647126867405,0.13792727249410427
8302,0.012079727478826992,0.0398754614103573,0.256384770363346
8303,0.012076667840061232,0.032766282700849005,0.2384391968654913
8304,0.012144528900754813,0.03576702418233154,0.32088616667219544
8305,0.012100285689946902,0.03597048761531146,0.1354421475327265
8306,0.012088427692388064,0.035844791263956816,0.23807894838344312
8307,0.01211299282224711,0.0400170453563748,0.2697426778302959
8308,0.012099977591050868,0.033728716616650965,0.19706517093326564
8309,0.012115589095579974,0.04198328813629836,0.22519460277390335
8310,0.012190634559443891,0.05595951229739189,0.1783839979428458
8311,0.012103454717032896,0.040878658416448416,0.1608345788046688
8312,0.012424581415888583,0.07898119428912038,0.2523556043745224
8313,0.012096868862080508,0.032301364161623165,0.15139215308781573
8314,0.012393896872870337,0.07077987699773973,0.15878413239415187
8315,0.012214432380949127,0.04275985000172667,0.22109972409910714
8316,0.01234052476825552,0.06275033277991046,0.1908945365457386
8317,0.012149984694906935,0.04425486099261701,0.18405874208301812
8318,0.012166699167858203,0.05155102952851499,0.24149242224833736
8319,0.012112998190810067,0.04448990728192245,0.20484884668353823
8320,0.012136315162335452,0.05082976792368805,0.16396451310622537
8321,0.01209841082652998,0.04010581836453638,0.1809966130628267
8322,0.012187942291780655,0.05854066174688611,0.2345097683627904
8323,0.012035934110285015,0.031172015827936335,0.10255789333433947
8324,0.012056351196358664,0.03506627327914117,0.22553305026826917
8325,0.01212107622302755,0.04518566013386598,0.22923894785095683
8326,0.012130535139736803,0.04393415045092401,0.19433102120137313
8327,0.012169327433889971,0.053672402629437115,0.272884656444038
8328,0.01207357411785717,0.034779585964815216,0.24501941582512057
8329,0.012148821737939281,0.051858972129817826,0.2555682585055728
8330,0.012100400658144172,0.04332725092009828,0.15246166821499382
8331,0.012071803551113583,0.03337608987977834,0.31451338287766767
8332,0.012170068280652174,0.052418462456964965,0.1946590955676682
8333,0.01214060899023558,0.048515239484281596,0.15658526557413321
8334,0.012163963057346112,0.052277289316181655,0.24287190591999838
8335,0.01222529331649364,0.050788480629217314,0.0528987252204944
8336,0.012240373615567462,0.06289075228980612,0.1848078462432709
8337,0.012154193493467571,0.04751925970959961,0.12590117207988893
8338,0.012095335504068942,0.043667108510336575,0.21315110219045244
8339,0.012132581004538196,0.05327488283757295,0.1439032820812943
8340,0.012135052079682745,0.040538554770288844,0.18752633020588122
8341,0.012033910527092878,0.029835595607152255,0.16532491143864528
8342,0.012147417843201152,0.05317723651130326,0.21165187056824109
8343,0.012091259645987482,0.045422910148578466,0.1343926232971404
8344,0.012050387299768851,0.03276212881564307,0.3288733752069589
8345,0.012091909673757395,0.03899784551761846,0.008820961814455493
8346,0.012201350322363271,0.055885318896366096,0.2173710183477596
8347,0.012080847313708414,0.03588893179615624,0.1192913634287609
8348,0.012199064129734184,0.05879774333424471,0.2608229801260696
8349,0.012126223545975024,0.045793638091144034,0.19537332794090123
8350,0.012160648707787491,0.05293989690074082,0.2476627980424235
8351,0.012162038963744015,0.05592078165571272,0.1359299062002273
8352,0.012254410507923528,0.06505439474176185,0.19154961607385995
8353,0.012172517533342869,0.04933104360432378,0.1611257855504421
8354,0.012120700673802571,0.04276796052891692,0.00635584122183514
8355,0.012103469786744057,0.048354793139271296,0.17514228315311592
8356,0.012093572714460118,0.0465778162540795,0.18665976650063812
8357,0.012071110717719952,0.038874787826360925,0.24645525694064987
8358,0.012128536984787329,0.04780503931918121,0.27620860962551375
8359,0.012143287324409242,0.053677377684629136,0.1720001254967093
8360,0.012114843339339909,0.04614370630760408,0.1503150887797953
8361,0.012094229379245494,0.0476846836813806,0.20636847296014824
8362,0.012105765945131174,0.048063619743645425,0.15542847557550415
8363,0.012133544809664646,0.048741167463961295,0.17048058951643474
8364,0.012072034502136012,0.04189735650445906,0.14972806778133452
8365,0.012118193816482999,0.0488456791982387,0.2177367553943027
8366,0.012096852037385555,0.03856050847782112,0.21489143129403404
8367,0.012084054384668093,0.03972611962408389,0.22020996483288957
8368,0.01212286317556992,0.04771529702627956,0.20916867866463554
8369,0.012077598054387635,0.035943809919677,0.18732857864966007
8370,0.012057393692521899,0.03218077266295298,0.21929780575875524
8371,0.012158111234020285,0.05190979420104432,0.22364818493392927
8372,0.012121087487425294,0.04712550726086183,0.17681298163193435
8373,0.012163233580855108,0.05356950030021821,0.16035262503042286
8374,0.012103478782853103,0.04132545838772431,0.2134580040903909
8375,0.012095008661626744,0.033007264140564076,0.2909333822481123
8376,0.012114852460312487,0.0349388051118684,0.21925560234171262
8377,0.012162300275053751,0.038084661107757344,0.3192082233145427
8378,0.012189651350006516,0.04954147912073278,0.275445560847343
8379,0.012122736467360064,0.038346670683150376,0.17142371224801092
8380,0.012128737731512627,0.04498549971053299,0.23024988205149563
8381,0.01211409629733973,0.04246353783348154,0.18037303670580526
8382,0.012190445099417555,0.05647042397090965,0.17193499875042795
8383,0.01205303327995304,0.0352344667957446,0.18169900817676982
8384,0.012133924349677057,0.04345873822466793,0.2503810267375345
8385,0.012261419021499017,0.059698752613408367,0.21086221365316601
8386,0.012154933273528805,0.038199684082159804,0.18962814559562138
8387,0.012100128566555292,0.035045189134201946,0.28868823060563104
8388,0.012120756555877951,0.03654326724254764,0.2774272546753786
8389,0.012081272387827451,0.03610632362842981,0.08406644440098124
8390,0.012060005526010498,0.02878201120294803,0.3490660487648835
8391,0.012128798805359395,0.04556819107939583,0.18761777630142526
8392,0.012052455231626891,0.03123332562397655,0.28306747452380177
8393,0.012139656235406339,0.04711881925089207,0.1961774177539976
8394,0.012173884738329664,0.04914004058261067,0.2586548612961337
8395,0.012103608123046254,0.04193941692700255,0.16929830699439946
8396,0.012107375418584115,0.03327974037695016,0.14805951685661262
8397,0.012369710034259008,0.059517875666916784,0.08176903498036021
8398,0.012124202159746732,0.03821506075125926,0.11927978118248486
8399,0.01237389435638563,0.07510211505119191,0.18507365203154352
8400,0.012059940146022286,0.030542876597537363,0.11528451695756253
8401,0.012123079482823651,0.03981523390150589,0.24699097681158783
8402,0.012208575544307489,0.06288144731305936,0.23182731328194112
8403,0.012063171941584773,0.03844786944265626,0.15389808507496822
8404,0.012128966295072614,0.04441911972125577,0.29386929408307777
8405,0.012150096207039987,0.04788339319382555,0.24420054594888266
8406,0.012080405611992443,0.04151995480929206,0.15735559691083484
8407,0.012095553134264286,0.036192507586262655,0.28059311224054023
8408,0.01202370708826526,0.028630627475600825,0.2593580397990706
8409,0.012170554431360558,0.05590457124390887,0.2840524413485202
8410,0.012085699511019997,0.037339566094080436,0.18275903157386167
8411,0.01216648960696775,0.04828462550686783,0.22873137083978556
8412,0.012112061857156612,0.04475423382147346,0.169949962175184
8413,0.0120816902056591,0.04351164177962701,0.20823931638053061
8414,0.01210890488134025,0.04521347853417464,0.008756840007899915
8415,0.012086249943562843,0.03562740117689356,0.24273842091864425
8416,0.01220703911656479,0.05770697053891265,0.2863556499083228
8417,0.012081565715947946,0.03852802134686444,0.20335981958286975
8418,0.012138888125118897,0.04161670384279089,0.2962269991729577
8419,0.012130179712932477,0.041644987249196616,0.2595143240842168
8420,0.01219956230372172,0.05710323443829891,0.21332505574457475
8421,0.01220769786043102,0.060394154654938546,0.13602170004401057
8422,0.012136357374652925,0.03929250253084913,0.20948097697225826
8423,0.012286729281350115,0.0651368195848023,0.350005024529232
8424,0.012135513847262925,0.045270111700176516,0.16244899374331986
8425,0.012202235117523998,0.05566624003592391,0.18880931931724135
8426,0.01217227762179227,0.053352612588133126,0.17146171695743873
8427,0.012151179195093856,0.04080311004730955,0.16026519440672066
8428,0.01209339960370079,0.039255341487649295,0.1646081138863843
8429,0.012244756767963638,0.060975394599396826,0.21572245247064115
8430,0.01213964820557096,0.048121581164424304,0.1264495789353317
8431,0.012185967721011833,0.05659474945050915,0.1928400041936422
8432,0.012146015954129771,0.05002181770158696,0.19282403578612978
8433,0.012248113412015286,0.06444585114371172,0.1743005850246187
8434,0.012110341096011447,0.038876852638220785,0.14564655713395716
8435,0.012170432882420553,0.053746498870902,0.22421546461975206
8436,0.012171498070689218,0.05581604974412892,0.15606368053521608
8437,0.01218615813840327,0.05218483679844548,0.1618095323750098
8438,0.01207861066202359,0.03902906148879028,0.09558209638049313
8439,0.012164895192433835,0.051713118418641936,0.2094408319783151
8440,0.012147558127387853,0.04497473910244482,0.24293284833762033
8441,0.012237604559851007,0.05990340395993576,0.18236491327733928
8442,0.012122809679304944,0.04774039510818665,0.12043119484093791
8443,0.012165365404684153,0.04708230731556242,0.12375706545093576
8444,0.012126165846851125,0.04253599261709392,0.2310429631368367
8445,0.012108235865650572,0.038732185764152986,0.23093625134165258
8446,0.012212631540458546,0.04856945039248662,0.10999834233275448
8447,0.012162226996644147,0.05325364404690518,0.16700169681946625
8448,0.012141460005945062,0.0506027340568892,0.22561986746018786
8449,0.012083299765864409,0.04230442495280513,0.0062531567709524
8450,0.012071109686592831,0.04177180776194644,0.1844385620294702
8451,0.012093714534889072,0.0451034394433089,0.2027673922710944
8452,0.012095742004229774,0.04335008238804489,0.2083471670453141
8453,0.012160175919290339,0.05630496378876185,0.18838856999497475
8454,0.012108736157054111,0.04549724499283038,0.1795021067236902
8455,0.012127586134745603,0.05322018431792948,0.14917337641811818
8456,0.012037277210394192,0.029600134426446646,0.23088445821447812
8457,0.012276311488435974,0.06343404852989676,0.25567551827062024
8458,0.012181368483142746,0.05011155787385722,0.1504286777534248
8459,0.012166709525132107,0.05277732771178606,0.2145009281647803
8460,0.012176609894609253,0.057142211700267724,0.1353620959091706
8461,0.012018679779952395,0.030181634504957443,0.18935672835122638
8462,0.012106689696274283,0.041687100156375674,0.2553757556253041
8463,0.012050485325218104,0.03507472834742428,0.1387936648328073
8464,0.012080110258313181,0.04000431918864741,0.23369017784003904
8465,0.012156257599972145,0.05483502036196219,0.1718421270175446
8466,0.012094241447546485,0.04697874883256284,0.17950891487494475
8467,0.012151903332313085,0.05375668462264043,0.2936664551577859
8468,0.012081231881053877,0.03398424483053631,0.1919118226809183
8469,0.012206170512808983,0.062265716986106216,0.20580103535012956
8470,0.012069899169575378,0.03756303494106273,0.15742052611796847
8471,0.0121092919804706,0.04378482790995362,0.23809054382276187
8472,0.012134333495811124,0.04997134642465953,0.22551471315138188
8473,0.012056863524253681,0.029745135412817054,0.22127899187287164
8474,0.01210530554788203,0.04604570333198388,0.23310061632375081
8475,0.012077923557893175,0.036323635699729385,0.270036033131945
8476,0.012084998019733078,0.03911731062254277,0.22520782215624607
8477,0.01221320417081709,0.057742429577968206,0.29582824784377154
8478,0.012166127039348067,0.037903158943776404,0.242859709503621
8479,0.012069972407011057,0.0324084382212709,0.28459127239296145
8480,0.012148739657546141,0.049512152980523146,0.32321855484876294
8481,0.012124013323926038,0.0474976027281673,0.20489756520364028
8482,0.01212833514178466,0.04913113626692946,0.17814448955293677
8483,0.012051958567480819,0.03201884865011903,0.17544736366819505
8484,0.012251690596458337,0.05894157814605258,0.06447233743616615
8485,0.012107438901249448,0.03425778869582377,0.20759044577438435
8486,0.012199315746956657,0.055779241856379086,0.2789849521577989
8487,0.012053277680341496,0.032657404854884504,0.15381884009954686
8488,0.01226202973261265,0.0713082525181384,0.22756889182299903
8489,0.012062405185647078,0.03577808332820072,0.15323039706428462
8490,0.012124928795195269,0.05087075635114103,0.19742534017280294
8491,0.012038862150654406,0.029149962362452268,0.21400669610316958
8492,0.012092142010398536,0.038198791850463064,0.309509784650926
8493,0.012114415364175405,0.045299287705715605,0.21823967111677733
8494,0.012081617371746125,0.04129263736650766,0.22798529408881765
8495,0.012150501326566894,0.04194796072633725,0.1835438632062422
8496,0.01218524151071292,0.05375293395151593,0.1606694247924397
8497,0.012121347178311061,0.03711191349416775,0.29214984577967545
8498,0.01212920549914827,0.034420623018169845,0.27816469082207895
8499,0.01211695678756703,0.035216725476107755,0.3324239598659722
8500,0.012222632191447015,0.05341535847940605,0.17639689908469225
8501,0.012143068323355849,0.043212821804800294,0.17898255725697418
8502,0.01207352784233994,0.03403269082582749,0.2117933233223557
8503,0.0122290162719228,0.061684469389745165,0.19316790161580963
8504,0.012109527136354622,0.04302917925345224,0.16194458569688408
8505,0.012081126252117378,0.039373535800154104,0.16569910830505086
8506,0.0120768507925217,0.03582307105973952,0.24703392938598667
8507,0.012147248050344759,0.04958925325421831,0.21921776393178116
8508,0.01215647642921107,0.048608162841770275,0.1803751635425666
8509,0.012068978841662524,0.03505520737323308,0.18259105631596204
8510,0.012181134347161025,0.05592679481558416,0.3418675566448516
8511,0.012101864797137282,0.04357610516321663,0.19218938819193795
8512,0.012174586437458244,0.052757949773435585,0.23572701659864492
8513,0.012155589918827578,0.048728860860595365,0.1739571453617831
8514,0.01209268824322401,0.038998678786746586,0.1648747465522306
8515,0.012122978198329267,0.04914075175275001,0.22489002480603834
8516,0.012077728174726085,0.04037819782591312,0.21484908587548748
8517,0.012136670426033462,0.05123047170802271,0.19152585244175774
8518,0.012062617138902816,0.04071761218196436,0.16151335764290825
8519,0.012096692085251236,0.044428768621288785,0.008849144801244322
8520,0.012195194046656394,0.06019145907360744,0.20493494322222075
8521,0.012101703575881155,0.042522240362798176,0.16562659802581967
8522,0.01214189455299929,0.045005653184127664,0.10859252482958007
8523,0.012114730783731547,0.04793141878287179,0.18166059115697883
8524,0.012186656938538374,0.05949778419059576,0.22542661024438668
8525,0.012146346390897476,0.04984877638214051,0.12661067927354974
8526,0.012211672200141783,0.061330837061131835,0.22344459883568188
8527,0.012110090999473605,0.044455874480467936,0.16361010142568946
8528,0.01217238806897111,0.05758708457701899,0.1763767670723655
8529,0.012124368212922995,0.04932834867744014,0.15643884016675988
8530,0.01217080122729936,0.05537397228931258,0.13586254083823537
8531,0.012199277078667999,0.051443473231334184,0.14801352437270798
8532,0.012157088799616491,0.05027498590996131,0.2160707292536172
8533,0.012235910099312127,0.05780547721798954,0.19408045273149838
8534,0.012223301253287407,0.05107524220762318,0.24739191392607826
8535,0.012152891019283569,0.04682292645805305,0.2393681972853832
8536,0.012270517707664913,0.06435801942679939,0.14759251863577919
8537,0.012152663161590456,0.044919058836544346,0.15412588907400826
8538,0.012199655385905728,0.056405608790759273,0.23104847546300544
8539,0.012097271467328391,0.03699293658147538,0.04798033999375243
8540,0.012083556419811023,0.036568330656816424,0.25099750585353653
8541,0.012226869668880015,0.05782663206806347,0.38531574569137494
8542,0.012143044644002855,0.045895891501991436,0.17023799066413678
8543,0.012185389644432961,0.055514432580141604,0.19445468018699139
8544,0.01213596355130808,0.05110718802753706,0.18512645148279233
8545,0.012136452711243955,0.048178316153993976,0.2511363067445665
8546,0.01210813095351659,0.03720707153263385,0.3037572766747749
8547,0.012167681053246854,0.051371056520626054,0.2792140901760711
8548,0.012128593564588817,0.04662550874979228,0.1388284859071661
8549,0.012170432168342933,0.05488381572113038,0.18326917294763947
8550,0.012148482658978872,0.05119224128487078,0.15214525048452696
8551,0.012166998943321987,0.05513328587222182,0.13672599679343922
8552,0.01209687286137263,0.044299781334513524,0.19140642243987727
8553,0.012249397657754816,0.0653161079805577,0.19706876273181986
8554,0.012145836158771099,0.04461496901036493,0.21690197241103157
8555,0.012188704355502912,0.05099847212889486,0.30072715610953615
8556,0.012178372374044222,0.056265413661106135,0.14286402302800544
8557,0.012163967591502262,0.05454403139428331,0.1846452044037064
8558,0.012134954473944099,0.051311049372470476,0.056505301362971994
8559,0.012083091253452492,0.04081623134169942,0.20553672359702582
8560,0.012179558431168311,0.05606904638446574,0.22780968673817314
8561,0.012142930061215813,0.05079864964204874,0.16129819370878903
8562,0.012135164075538689,0.04953925889420378,0.15748606789996872
8563,0.012228997002046316,0.06518113636936095,0.16720320810844358
8564,0.012135629496569154,0.043279584682022816,0.11257083234208849
8565,0.012217083107860401,0.05957709816936646,0.1961215381011652
8566,0.012109249993072738,0.04556205506229344,0.13486099884264194
8567,0.012090634357489603,0.03748612551965915,0.1884346578360689
8568,0.012169317055781847,0.05429587211093551,0.23136381181268995
8569,0.01210102993243488,0.04302716416645324,0.08709837002643646
8570,0.012163942002927527,0.05092759545002993,0.2525645951303167
8571,0.012198041240072835,0.055871090799022895,0.22374981716973857
8572,0.012147214115316688,0.0515911887135407,0.1833861085693784
8573,0.01214685347979411,0.05259644629404225,0.20616004860535644
8574,0.012155244199515632,0.05498691264068676,0.13747772411078993
8575,0.012168107254759022,0.05206577268560687,0.1712965558651384
8576,0.012163366259483888,0.044423480578025386,0.1826370988542084
8577,0.012240423514987418,0.05154849856576404,0.2394587159644276
8578,0.012169307572432807,0.049393563863894714,0.13739383146634257
8579,0.01222106128286296,0.05583923942896887,0.34063852253607596
8580,0.012142388164259084,0.04846900068738374,0.18410387782593032
8581,0.012173690320789894,0.05267128021867614,0.24745634583124487
8582,0.012076110007058678,0.03901673433100115,0.1623645392019529
8583,0.012134223044929938,0.039464190633517214,0.3124211847003449
8584,0.012090032376821571,0.033143659486934325,0.006367929539258194
8585,0.012018612280392242,0.027012177184624998,0.20223066581184276
8586,0.01220930381376321,0.06012328048399413,0.23682006099912714
8587,0.012057850612955948,0.03293699186741447,0.22006502737411612
8588,0.012052069131199303,0.03744682036414131,0.2951213965612072
8589,0.012107852428675759,0.04416887235139865,0.19540931636360168
8590,0.01216390323300718,0.051869966881025166,0.16267317310301432
8591,0.012102737756398469,0.04559869355051283,0.1613574040818363
8592,0.012070804145733418,0.03552057974513012,0.20293134707529076
8593,0.01216695765146175,0.04870912499340644,0.2211854574079574
8594,0.012085908263791315,0.038830670692948814,0.19173206877208918
8595,0.012191188965243878,0.06285014921116125,0.15327566608108564
8596,0.012051718221490077,0.032665911844162746,0.21515367068283694
8597,0.01214212873025402,0.04911997162388891,0.20908022070990823
8598,0.012181753467976855,0.053567686116007464,0.008889256662418837
8599,0.012112388163282053,0.03909626614074992,0.2568537668627667
8600,0.012177989514479702,0.05171467585326032,0.3487995199190837
8601,0.012208906463067189,0.05738668124971251,0.15097397609405877
8602,0.012162877000653561,0.04943820533843353,0.1937039103810627
8603,0.01218915427028611,0.05297396425732565,0.2077641952564408
8604,0.01218012776028892,0.05351725665747161,0.15113216879136013
8605,0.012259552361210256,0.05908293420702262,0.15430076234999685
8606,0.012406541676369422,0.07517491677505368,0.25026261619787743
8607,0.012098018655215639,0.03667864291579875,0.11972970621205573
8608,0.012257288751191258,0.06312253414507787,0.297263949586024
8609,0.01213465785245476,0.04612630946801911,0.15558304126396977
8610,0.012161371602104632,0.04830419024319497,0.2321725961577902
8611,0.012185732125782722,0.055075093454324216,0.20413608290511476
8612,0.01209618105796227,0.04262815409225947,0.14366453525555747
8613,0.012163199213225524,0.05305339540521341,0.20848113159881326
8614,0.012095823752714594,0.03874197239795231,0.23266210582658856
8615,0.012140400429912733,0.0472188012862962,0.19656253383771316
8616,0.012169935378617602,0.053307933090199836,0.19631533197684917
8617,0.012146059782627321,0.046688785468939134,0.21391032357003745
8618,0.01227939750653644,0.06284861635542556,0.1615928093465539
8619,0.012266731485918883,0.04975864215138117,0.194987952309561
8620,0.012118902055156179,0.0406469706719426,0.1534004546112613
8621,0.012132969720462093,0.04560731053780488,0.2956750866260276
8622,0.01246968044350088,0.09047729060342494,0.2594488124127404
8623,0.012095169400318491,0.03839634324806383,0.12552705825969618
8624,0.012262309009874543,0.06433554336687583,0.2585719605123062
8625,0.012180196270775531,0.04677255563281263,0.1614848074783063
8626,0.012143250377398246,0.04907424572719284,0.1320329753754586
8627,0.012175241016122445,0.05793610657631903,0.19444800200902157
8628,0.012120205506833782,0.04648158167859438,0.22113306626655554
8629,0.012191441890347205,0.05624756697697773,0.15286330696064324
8630,0.012152811421064617,0.05176271776038627,0.19317063923811648
8631,0.012112004110582308,0.03792803634875662,0.1510930440823442
8632,0.012155397597911578,0.0431648757125558,0.2245881375441103
8633,0.012449609238304734,0.08684546230898219,0.2847325651945219
8634,0.0120928428381697,0.03647070971824294,0.1129653084908095
8635,0.01217356571149591,0.0489914643200056,0.18906455835517452
8636,0.01210515258459775,0.04118932248306576,0.033021591002092586
8637,0.012196817547257542,0.061946021299069565,0.18630054190271522
8638,0.012102949717054376,0.04421951273891264,0.15898273080736464
8639,0.01210921845830356,0.039814674391098134,0.22549288626534783
8640,0.01223209253976924,0.06419743135236146,0.1590637679429636
8641,0.012125991442152203,0.0449394771809107,0.1284903243801466
8642,0.012155013389108951,0.05038017079461882,0.19582401835163235
8643,0.012197026364123672,0.058602139669692195,0.21372143015616016
8644,0.012185301453957017,0.05428965727765892,0.13620418301818787
8645,0.012101106961282145,0.03891059314487987,0.17429184912760254
8646,0.012105423054637668,0.03677323250221964,0.20637557375971163
8647,0.012265224508364909,0.046258347540290075,0.4124904210683941
8648,0.012123330686848292,0.037866955061004993,0.15538811214438417
8649,0.012160597270736248,0.043926106835010845,0.3371191229212262
8650,0.012356604198649068,0.06365953897490527,0.2696346205480432
8651,0.012289499730644339,0.05725170146010618,0.006367875163346955
8652,0.012148946305291022,0.03783691879396766,0.19281391710179505
8653,0.01211063498468842,0.04360674086423434,0.1835975236901543
8654,0.012167682657117228,0.055469381169318786,0.20675764122225673
8655,0.012106682899670018,0.03845663916962144,0.14407767604999042
8656,0.012141771634914316,0.046238349545767554,0.30459768353860717
8657,0.012162528726586479,0.049918447781506836,0.18239547591371677
8658,0.012172952048088723,0.049133391329783505,0.13383522851380905
8659,0.012033951611796831,0.027554642409627635,0.034602614772887744
8660,0.012154935563019298,0.04574936488094126,0.23320537940339506
8661,0.012090617669817482,0.03753007526877346,0.23163007553521317
8662,0.012127220704592764,0.05054926450438688,0.1551602694172022
8663,0.01209948743064473,0.041551834058735575,0.15927676524085857
8664,0.012099714653236745,0.04155570623165517,0.1985683580423688
8665,0.012037780452154836,0.029352522326911306,0.19282019100682993
8666,0.012126288147804932,0.047766799180414994,0.2728375676542834
8667,0.012121596823776108,0.0369291954942121,0.16507068420500745
8668,0.012031829678636544,0.034386724581573165,0.11515581611942113
8669,0.012138438564338437,0.04884443957634908,0.33653902010714254
8670,0.012053914482628226,0.032468778535622626,0.17967189372202844
8671,0.012113355785579885,0.03982217661658543,0.20246549772941724
8672,0.012073092904395148,0.037519057809775526,0.1577232974906029
8673,0.01207625459109037,0.03924668701252389,0.1315653084554507
8674,0.012079279810420038,0.03743810350966978,0.2114314177934648
8675,0.012090554487821273,0.04487218245282276,0.2109055964983231
8676,0.012126905258968805,0.04615305573225311,0.19057924996779563
8677,0.01214234635512765,0.05224966301519868,0.18424145103337863
8678,0.012131446275417334,0.05139164527748666,0.15804848065055166
8679,0.01205239266993244,0.03545318677176468,0.14257965164416095
8680,0.012115324260458731,0.046037935219498824,0.3361379230145751
8681,0.012111822324830485,0.04089730650868304,0.21991352521603352
8682,0.012180476634747344,0.05466503943373097,0.16069888631739018
8683,0.01213636848189323,0.048622853223754696,0.15392851827709653
8684,0.012182466728742326,0.056888705058772956,0.11981947492308746
8685,0.01206333241329159,0.03689730818052284,0.11969983289576548
8686,0.01220610681610743,0.0630654858520873,0.22450919932184166
8687,0.01209372168030363,0.04102380566583264,0.14172494342502445
8688,0.012095123605972808,0.046762407881272505,0.1941957183208206
8689,0.012114670986599114,0.04747705034152115,0.18199385235388765
8690,0.012062462161679334,0.03643573522340206,0.1828782469712125
8691,0.012053745034004974,0.03301608734492821,0.05734869722707194
8692,0.012098716101091284,0.04034404696696589,0.008872795669856114
8693,0.012103764776336318,0.042937476177400284,0.15362772279607237
8694,0.01217531210621956,0.0488807503503121,0.33355900327140386
8695,0.012251801293637251,0.05632795560723938,0.19198484282300862
8696,0.01219105303332928,0.05245607220592203,0.13228504749762873
8697,0.012158632260920779,0.050104400684178395,0.19895923870481044
8698,0.012231301235709714,0.056940259081447994,0.20817253424726442
8699,0.01215223272606366,0.04356394673969932,0.18741382001666762
8700,0.012252776347588479,0.06512086049954187,0.20435662039907648
8701,0.012126746829011667,0.04651695873262247,0.1582276653916627
8702,0.012134592535878392,0.04259859228914288,0.26629205818141916
8703,0.012200264824077519,0.05820273769348747,0.3262305516185305
8704,0.012126467055661783,0.047805382246576926,0.14253654202282845
8705,0.012103316930070142,0.04345698958088969,0.24320352560984881
8706,0.012154963497676089,0.05050182363225999,0.15595129920989004
8707,0.01218246232867437,0.05691684140008944,0.21460550895487462
8708,0.012164709058078756,0.054046824578207454,0.13639379182008815
8709,0.012108144118742878,0.04674681171000475,0.10553163178170867
8710,0.01212331972020538,0.04453809421545481,0.17993133606037046
8711,0.01207640035350618,0.03752133319050326,0.23566261954511658
8712,0.012234996022433784,0.05897001646196286,0.32125227620509844
8713,0.01211852819644722,0.04413636838064881,0.19448734635053022
8714,0.012129404898500284,0.04432839715525365,0.21083616590005105
8715,0.012122829361948374,0.04415879558658436,0.19853229546211706
8716,0.012126245005499654,0.04955736793521891,0.24402182235367567
8717,0.012148257711577888,0.043216324222072305,0.12001357226626294
8718,0.012123799727619457,0.04198696308804109,0.22029402873040066
8719,0.012121580191258157,0.044116919281336014,0.19885037487335505
8720,0.012183639737532562,0.05299985186850224,0.2574081078761148
8721,0.01217862505975172,0.05562476494613126,0.19641143962486718
8722,0.012132048216488504,0.04074131899813041,0.24476957808460334
8723,0.012175471407248228,0.05602217615418333,0.19732048047471135
8724,0.012144512635852193,0.0473076418910141,0.2228510672649433
8725,0.012176243818070982,0.05198886264756133,0.20596452680147934
8726,0.012207340237924663,0.05952373434697145,0.1483810529943699
8727,0.0121407589720621,0.04779205053269608,0.17072145142734058
8728,0.012141220098674155,0.044473695708846725,0.22011246748347083
8729,0.01224128135593111,0.06181125995632764,0.2050580622790479
8730,0.012123886836848228,0.037496068992597734,0.21292446996101447
8731,0.012123820143654583,0.04328079720451645,0.14337594106709992
8732,0.01220380503181137,0.049909374973808374,0.2459637354979316
8733,0.012164174714645516,0.042275403405740784,0.30217713892941295
8734,0.012292754205677998,0.07133732695392161,0.16893198484451594
8735,0.012064501461857127,0.03474168600580219,0.09809326337404843
8736,0.012126143762888102,0.04227016005926907,0.310584453066451
8737,0.01220958116907188,0.054288665208266425,0.2560868926375739
8738,0.012106368067449103,0.04303216925140643,0.14818322282309324
8739,0.01218559252122536,0.057769601652718786,0.16611869191331113
8740,0.012132167618316982,0.0443689683363686,0.2179324492489764
8741,0.012181434823704507,0.04832880522071357,0.22238700020153063
8742,0.012172458328672357,0.05160421181354073,0.15229367081936598
8743,0.012130675438988301,0.04521719213254048,0.20649988565672978
8744,0.012107545312925542,0.04067249260417295,0.3352743037342557
8745,0.012126192918156135,0.043108501928599045,0.17980967375016127
8746,0.012180913813884796,0.050764053038320066,0.2751925651854215
8747,0.012222056405860673,0.05282344884667717,0.1355354092029236
8748,0.012175630908197529,0.05322884172785077,0.15813860865202772
8749,0.012166416977751875,0.050170489677115064,0.14581373555132726
8750,0.012210728784945873,0.05600498107356895,0.3205805060371605
8751,0.012124595976966699,0.046313239750152765,0.09597050772418787
8752,0.012139849523219191,0.04811012221650644,0.2185838936477085
8753,0.012105660138849637,0.042408293609499284,0.17413683432664076
8754,0.01217151463695301,0.056073233800639576,0.15301628228931147
8755,0.0121245063451466,0.04954044250763261,0.16284221140982358
8756,0.012139305087004818,0.0428194729657928,0.2673638987360727
8757,0.012132914875420706,0.046353415890600165,0.19496468945664752
8758,0.012102185274121794,0.04018280598900739,0.2827211586753294
8759,0.012213025095183716,0.061608991947747625,0.24131064020983628
8760,0.012103806546035573,0.04485700070624508,0.12100816184698575
8761,0.012157637117544076,0.050825754338452454,0.22900512738171283
8762,0.012169700033240282,0.05358968467689612,0.1635467912768693
8763,0.01208439784698817,0.03821079860222585,0.20999693615411968
8764,0.012195726929325409,0.055712864786407905,0.2135528292460857
8765,0.012195239479614331,0.0476379123387987,0.22554726853538695
8766,0.012080851136928049,0.039156040325697326,0.21302119933335364
8767,0.012113172969986678,0.04230500678277621,0.2236564838145386
8768,0.012185908186366676,0.05819177721521859,0.16181364604854803
8769,0.012120611596941973,0.04809057001787961,0.15182647067569627
8770,0.012147776043260184,0.05081905127111385,0.26139757041133976
8771,0.012136457388742097,0.050491729167660745,0.20912075520207132
8772,0.012158591232995645,0.05567279483025708,0.17540602225011845
8773,0.012167967898994157,0.055991759518439085,0.13733296335857031
8774,0.012143527226049259,0.046479866617430095,0.21995396830692412
8775,0.012094444669068094,0.036646647043199254,0.23368722516590273
8776,0.012159135204287881,0.050341790884752026,0.3035889581248312
8777,0.012279114901733735,0.06954944672976691,0.17411636690594587
8778,0.012108431865554218,0.042250404156539766,0.1354337874135236
8779,0.012119959965938632,0.03716920352723871,0.2855066408257016
8780,0.01213325741040222,0.04152859607190337,0.23500738585055161
8781,0.012145222360554972,0.043298313651705174,0.04547184359556379
8782,0.012087347823542814,0.0345784195408941,0.0062624516591851245
8783,0.012113400971265967,0.048276145420614515,0.168869240305458
8784,0.01213787069613159,0.04932344025801641,0.008650164384487668
8785,0.012146403314510399,0.04745164197283625,0.20565723429686206
8786,0.012123599382413773,0.03973595247497236,0.2567621860547634
8787,0.012189678179020868,0.05247338307677051,0.25903556447716825
8788,0.012211570916553904,0.05689880483795749,0.1330911272013226
8789,0.012142579187485207,0.04528861221116566,0.17389725780278373
8790,0.012246408039614073,0.060181877161737986,0.16124496494888102
8791,0.012202357468635043,0.05251306198548224,0.16485138967146473
8792,0.012143524506622143,0.046741100908529,0.19573096294225756
8793,0.012133722685564834,0.04435423872636804,0.21400230539622703
8794,0.012274629935270114,0.06922363688992393,0.16942795497522295
8795,0.012101726220334105,0.04343713493115428,0.11207459492570353
8796,0.012282350588778258,0.06351560428023106,0.1894990284099031
8797,0.012129337733752799,0.04202671405999801,0.16301203146320134
8798,0.01226147462302202,0.0635397808140751,0.22308284765039296
8799,0.012247734353183161,0.05925719760199451,0.102481658520779
8800,0.012102658405022823,0.03994111646228079,0.14551852459344616
8801,0.012216041565174057,0.06092636868096809,0.23311386643045126
8802,0.012150425167982743,0.048084013819663325,0.19547180957373736
8803,0.012131140866185379,0.046814282262543604,0.21596262629049165
8804,0.012171258116890526,0.05020316584536807,0.2633063920396792
8805,0.012138973640450837,0.0467510797299624,0.20484411619295168
8806,0.01214315976513096,0.04604548985721839,0.2539297891227778
8807,0.012186600309165347,0.054617892417719825,0.24681361111529637
8808,0.01213503260435606,0.043220009221684834,0.14422903109392762
8809,0.012114059719040043,0.040731330073955005,0.09360145421195913
8810,0.012135185960696508,0.04375694713868225,0.26508692031445696
8811,0.012092375676043444,0.03938277830737037,0.17777043463274333
8812,0.01218533320782885,0.05488504428838361,0.19394876368596403
8813,0.012197812288389705,0.05182673768534247,0.20330538548455618
8814,0.012284108814621733,0.062074201037705945,0.1530558745207997
8815,0.012108732539689183,0.0427852652332884,0.14875605255551153
8816,0.012146464793215064,0.04383879495818874,0.3067045202911655
8817,0.012086204503547759,0.036923763761348406,0.3044695796873391
8818,0.012182992985678556,0.0549218765340996,0.2520566246108506
8819,0.012084006645713555,0.038159935944316915,0.18457974796220633
8820,0.012125331277405968,0.04033557895674808,0.21013703524883992
8821,0.012100559122455877,0.040729524921772696,0.2758539744273245
8822,0.01214262971799593,0.04743424915340787,0.21456535752960426
8823,0.012109783851082504,0.04292633238789096,0.18830709363973924
8824,0.012132349486778157,0.04315289259008352,0.27895053524830327
8825,0.012167262842782587,0.04983482410142321,0.2735961974412295
8826,0.012171323976416109,0.05058868794165362,0.18087294102838494
8827,0.012166597213047211,0.05030869661864547,0.14262514827304262
8828,0.012221816100194738,0.05918025257823742,0.18769043612153344
8829,0.012207926641769036,0.055959832054181737,0.13053030094697352
8830,0.012357255153581282,0.06459153161565687,0.06708742487831679
8831,0.012149030702451097,0.042372347615295174,0.18937257056656465
8832,0.012394278993432388,0.07038597989324345,0.21941552075667212
8833,0.012237778507249882,0.044333711417338,0.21179826821456124
8834,0.012105528670709164,0.03771408691965925,0.18561346323769862
8835,0.01217737188757002,0.05105960206161066,0.27090606402882667
8836,0.012193989013910134,0.05774717230778412,0.10321461144921977
8837,0.012141119560295644,0.04819281987447575,0.13503230285432624
8838,0.012103932879844957,0.03891774776609182,0.06148685324105177
8839,0.012179872744600619,0.0523353858674635,0.26912087135259066
8840,0.012108654346897074,0.04398981698084043,0.12826050901756716
8841,0.012084351592987985,0.03815942639279805,0.19545896876209093
8842,0.012139622291855147,0.04025368440755957,0.3275832131521891
8843,0.01211858111748333,0.04257492506504436,0.28918533921127504
8844,0.0121869514628077,0.05609496645864487,0.22519091111885922
8845,0.012203014699120468,0.04942570508349696,0.1494683410121425
8846,0.0122020586579858,0.055694437434557015,0.25073209312452804
8847,0.012156882343324424,0.043564166889681566,0.2713211536271386
8848,0.012074442232814401,0.03700321522944529,0.12633128708270616
8849,0.012150345098340327,0.0515741783071754,0.2774153755014212
8850,0.012133958309755595,0.048735469863013095,0.13711360433788858
8851,0.012118200745469555,0.041098065283216384,0.22614985764778572
8852,0.012093190706297635,0.040596988794966545,0.15185264917487956
8853,0.01216179281105129,0.04932981638160147,0.27333225754297474
8854,0.012200821030653083,0.059588426226392585,0.1824727939500944
8855,0.012159144977997445,0.053746136876757035,0.18230700542399286
8856,0.01213109370693872,0.04634200157028019,0.15767809920076245
8857,0.012097225099188832,0.03849120918455585,0.16574003672861198
8858,0.012051021155981036,0.03076787780182492,0.006312477606297056
8859,0.012064198515931705,0.04034114477356837,0.2379556439012019
8860,0.012395750972648481,0.08430245989221817,0.20786120919718226
8861,0.0121068925446619,0.035623577856572414,0.13480726028121653
8862,0.012039006454957096,0.03171033493462527,0.19084480220304811
8863,0.012208073500707123,0.058594685565509765,0.10059931898352044
8864,0.012038539262666596,0.031837355048586674,0.16152092099096169
8865,0.01210728052708809,0.04560011392580844,0.2700017996083836
8866,0.012143195099604123,0.05304507233488569,0.19463110672044606
8867,0.012127621307696295,0.04686484457205246,0.16701677588177502
8868,0.012124527304297333,0.049213893932319674,0.1650827538742207
8869,0.01213973739750032,0.04141465814003403,0.1783255388532611
8870,0.012137979452392946,0.03591610845753495,0.2424970350324819
8871,0.012282816986540641,0.0655184096409156,0.3720781470467934
8872,0.01211335980097048,0.0415534224241129,0.09645751006614281
8873,0.012122256345624955,0.048695572706544975,0.23249244754106946
8874,0.012122565121479538,0.04862478122804112,0.19917868447733628
8875,0.012157523672913123,0.05368418297854607,0.1528501197635067
8876,0.0121000500183923,0.04474453457034793,0.12982840326370204
8877,0.012098381413577226,0.034918756469825264,0.16890706446678724
8878,0.012230625539968053,0.05390593729436117,0.37823220974596944
8879,0.012121806780441067,0.04035018930044748,0.20278285292090908
8880,0.012124106726733566,0.03959844501124706,0.244103814923278
8881,0.012111849972844084,0.03782210775661103,0.189936416250805
8882,0.012165032367405989,0.04699829747901634,0.30080384188977827
8883,0.012233828924532113,0.06069642210907514,0.1600811748398055
8884,0.012097081582489774,0.03634552394476802,0.18148922350741936
8885,0.012172282156487843,0.04763730615406853,0.2905310415374388
8886,0.012133768416558867,0.04291655944548193,0.22888149514268602
8887,0.012130624422715943,0.047175890641014344,0.16017277050812131
8888,0.012153533664125082,0.04698605683028046,0.19920000813301503
8889,0.01208319774560825,0.03529690353799939,0.17104780547146456
8890,0.0121516018704694,0.05349931858436959,0.26778062664654345
8891,0.012121705982701125,0.04878485850829511,0.15229255645698062
8892,0.01211762000274803,0.0389336934490622,0.19248324804871667
8893,0.012065191427352837,0.03246136154987961,0.2171951696651615
8894,0.012264840018866949,0.06892640963604453,0.18624992594781647
8895,0.01225192409233057,0.06448288890587138,0.00856413221473871
8896,0.012124757639687058,0.04495994281201676,0.09676209829511004
8897,0.012147561061122851,0.04407706216637617,0.22029024492720337
8898,0.012193511832380597,0.05534284664844703,0.1906202146687262
8899,0.012135082111251218,0.04536949859026138,0.19656865274488783
8900,0.01212095986586083,0.037278134006141016,0.15341656253112435
8901,0.012267940482654855,0.04998902071776816,0.3140575034077384
8902,0.012113737861360082,0.03825999986112529,0.1301539992542522
8903,0.012161627897500221,0.049254656705118124,0.2082147744729199
8904,0.012132353018503808,0.03957857341282859,0.134182021219245
8905,0.012296237900984374,0.056269856315600886,0.08345058046489273
8906,0.012129827708575422,0.042902450104342835,0.18794314070187543
8907,0.01208902578278151,0.03885823610141107,0.2829864905642525
8908,0.012289501172496541,0.06983715234236844,0.2155179745785198
8909,0.012097319999847261,0.04313694650819601,0.1479011666346708
8910,0.012149386854913364,0.0534769102745189,0.2225660412850586
8911,0.012117504396615823,0.041188801276480815,0.3766441630319188
8912,0.012232908199014899,0.06192846802346344,0.2658886519943253
8913,0.01214508948484606,0.04833990077506903,0.13504697613283762
8914,0.01216053612735148,0.04635293408808904,0.2797655748758804
8915,0.01213510238253927,0.046627006123777154,0.15953084515435798
8916,0.012196888565055571,0.05912663032091632,0.18575235799344264
8917,0.012132159833626035,0.049723413919379296,0.0769936627902811
8918,0.012107107245767931,0.04268929172169358,0.20511307594125758
8919,0.012083874996839609,0.03807194268811413,0.2912020874385796
8920,0.012219953064059496,0.06415760188221119,0.18118379002135787
8921,0.012106737036744168,0.03889716561854694,0.2685772796759293
8922,0.012065622960334447,0.03365008427792154,0.2601580933074866
8923,0.01217730379838385,0.05192233600281573,0.27983149059413265
8924,0.012111694816853083,0.043767979106703804,0.14472388797291344
8925,0.012144954728192934,0.04315189792135166,0.21669673782140994
8926,0.012131508930326064,0.04635209670349226,0.15485439216378397
8927,0.012191140267841979,0.05472618672773857,0.19482317939859065
8928,0.012142286306957217,0.05137973219131471,0.1157175016827972
8929,0.012144061269478658,0.051129562779303264,0.19573683885718784
8930,0.012123472637524184,0.044208911021988394,0.23968637133640333
8931,0.012151918794951989,0.04544441229587903,0.27879371045945783
8932,0.012139461803431114,0.045785979051761475,0.2224764158703166
8933,0.012211428843348804,0.05623367686528226,0.184985960185809
8934,0.012129539701574838,0.048526531961736535,0.16621196357389242
8935,0.012195599104345667,0.059325217708922656,0.2104919493941427
8936,0.012131858108589542,0.05154765837314936,0.006324065901135673
8937,0.012087347205047515,0.0443098713597994,0.16272964515071867
8938,0.01212989883961122,0.04631112837802263,0.18363975577208164
8939,0.012174427231973857,0.05428035462434982,0.17724103170089167
8940,0.012049132301055063,0.03240128368827777,0.15782987390668932
8941,0.012085904909900299,0.04052446541215385,0.1735717589180292
8942,0.012159888057078351,0.050147258504779885,0.23737481145422049
8943,0.012078100353477991,0.04185681372705955,0.13897943670140767
8944,0.012147014505061263,0.05496678745580741,0.16120246109724937
8945,0.012097496552662719,0.046835048649248034,0.10718006437874751
8946,0.012091300547579254,0.04097946948098762,0.20656596170516742
8947,0.012209592446992844,0.06169252193079294,0.16583609990205037
8948,0.012070205930771183,0.03570336330971043,0.18866467073072357
8949,0.012135867474581905,0.049692053907348294,0.19913062056910485
8950,0.012128510523712204,0.04402331465548629,0.22188794858192862
8951,0.012100459290030601,0.04263169648194146,0.17849256854530013
8952,0.012091981927190146,0.04246160032642044,0.20384943275955408
8953,0.012030069359370885,0.027169358942001613,0.05766934633106262
8954,0.012058710365320335,0.034464632170587074,0.2408380545999371
8955,0.012215437440342128,0.05670598601187166,0.23966953222806767
8956,0.012034283673144701,0.03233440017567485,0.14078458144658373
8957,0.012115307631183281,0.03945443961768104,0.26598047682776393
8958,0.01205450976321234,0.03174218946323364,0.28966991942046694
8959,0.01212761828487658,0.04485246400385714,0.25427480297389077
8960,0.012115457387654438,0.046936987408169595,0.21500886146200646
8961,0.01207235931871039,0.035990487675970496,0.2737516796293121
8962,0.012055270761545183,0.03372801827060081,0.2150980760033491
8963,0.012218069003132373,0.055306365082053784,0.35894462880275874
8964,0.012168592026600533,0.0460108311150469,0.20090224768710535
8965,0.012115694110341862,0.0453054826464735,0.1677325543154564
8966,0.012081851405473123,0.0359659488850412,0.10091677727832228
8967,0.012242748583770183,0.058175064088330536,0.23447088116069764
8968,0.012128985175894913,0.045136912271952864,0.16668209342934207
8969,0.012149154016088664,0.04981780177851062,0.2912989447877792
8970,0.012072568184369857,0.03389983117745255,0.15832335815578896
8971,0.012146031744750024,0.04878609177166213,0.23254044773082438
8972,0.012139711966227557,0.04445629502894544,0.1564031252639878
8973,0.012083730188827895,0.03724095581188725,0.21451429544044998
8974,0.012158113658420093,0.042851645279775565,0.24629422538292975
8975,0.01219250051963166,0.055388599226606584,0.1613767495904381
8976,0.012184190204713495,0.056778143746879214,0.10171722491765897
8977,0.012073099229322549,0.03646423643379889,0.1526351730836944
8978,0.01214669231718875,0.04660227728981865,0.18135459196420517
8979,0.01212274084988554,0.03906460662066557,0.26492021253768083
8980,0.012292326954234637,0.06499577939959729,0.1680519280110003
8981,0.01205090844897246,0.029236120062706428,0.16417559785756497
8982,0.012261836235793196,0.06881233020274896,0.23191720920647935
8983,0.012060742251776009,0.03283725317587638,0.13737194385799364
8984,0.01207922827437529,0.034161329861440416,0.3036370877493067
8985,0.012229501302378435,0.0615814651874032,0.17211113189966992
8986,0.01207758587254813,0.032856349502957606,0.16921990824623492
8987,0.01206728475126843,0.036051045604197536,0.23221331135040402
8988,0.012178479189810404,0.05406315991239203,0.05442312435817754
8989,0.012100636657162265,0.040217259924509016,0.20491056940746286
8990,0.012073197252452032,0.037496338708003465,0.17366293935503946
8991,0.012158184541868065,0.04710082091345702,0.13180875116850077
8992,0.01207522462661714,0.03688903079459122,0.22905438798783537
8993,0.012063093562869944,0.03568313313455889,0.2022889519415291
8994,0.012059729233640463,0.034043314481560456,0.2623414414405301
8995,0.012093795794069726,0.04253515523406404,0.30579047237706936
8996,0.012142459784648793,0.05074507430182917,0.2337805228129028
8997,0.012120601876907255,0.04851473110848761,0.1622010115550083
8998,0.012117701388710957,0.04921906626196906,0.170825389691002
8999,0.012087174807401848,0.04605969397073942,0.12784307477657128
9000,0.012140141359193765,0.056232357432318594,0.14929716593214615
9001,0.0120785307720756,0.04444303730084329,0.17551312906992483
9002,0.012104583541883325,0.04632736673248902,0.1822107616746202
9003,0.01210614210975416,0.0451786187619222,0.18342823753746818
9004,0.01212956507090239,0.04632664508555335,0.008579033290677968
9005,0.012237933831251664,0.06499730257540402,0.17223447261246108
9006,0.012085310155920776,0.038571371760354724,0.1433731786958285
9007,0.012129091869475432,0.04076621823676504,0.1829873744831203
9008,0.01215504474563999,0.05232334734140761,0.2691904161497581
9009,0.012084967790887356,0.03872377555027723,0.26624344042225634
9010,0.012125742387001903,0.043550118074906434,0.331645457077098
9011,0.012143389894079632,0.04889397295275238,0.22265503727859753
9012,0.012195982962251316,0.05675124861328204,0.17424999108851386
9013,0.012152883170722314,0.05042774188792384,0.12508596958837898
9014,0.012110329187354621,0.03983067466871137,0.20632257248020247
9015,0.012138748203251967,0.048944835003005296,0.11437889793126872
9016,0.0121524094553584,0.04844382287066361,0.21371820870088662
9017,0.012211463184430909,0.059617574604926296,0.1834683863812176
9018,0.012257127968369086,0.058809865947106285,0.35055359114455686
9019,0.012141649045315315,0.04538538005690577,0.16668821307714513
9020,0.012182693533511226,0.054494315398050074,0.17622339761070194
9021,0.012203261713672153,0.054718568714830544,0.20433952116774315
9022,0.012086905902533663,0.038946362582730654,0.23670862435731926
9023,0.012244357065535864,0.06417308967153944,0.2495937240543569
9024,0.0121020535774796,0.03846009454122257,0.14327592370959724
9025,0.0122600212480435,0.059204441308856194,0.364029099383895
9026,0.012182876364267025,0.04852530784606739,0.1601648379405438
9027,0.012188611102785157,0.05003258295310171,0.24842932188535288
9028,0.012127647578572332,0.042303705557209616,0.2020322300885907
9029,0.012084550429973768,0.03653281689728943,0.006368590479336839
9030,0.012078224458340048,0.03179741213388194,0.2827080456566477
9031,0.012052143402319023,0.029888349145397508,0.2933393088189394
9032,0.012065374397343375,0.03373416182497682,0.056331407847758974
9033,0.01218253339282773,0.06080154753737732,0.17457145561000345
9034,0.012040543988310615,0.03327585590338767,0.19019851718549355
9035,0.012113727996858533,0.048990583169222474,0.271842114446277
9036,0.012079715304229566,0.03998080438727473,0.15352220100619435
9037,0.012107511933891086,0.03997493673385625,0.1422728339155014
9038,0.012194556917998036,0.06208469916664973,0.15255728877417324
9039,0.012044590750419516,0.03084945417431344,0.20011979144358233
9040,0.012100256332311531,0.03760807865715957,0.2746456750409019
9041,0.012099062375064506,0.038285637658813716,0.23815911196742662
9042,0.012092087773631927,0.04501825794387192,0.217484676841495
9043,0.012108326071910397,0.044330274688665725,0.20562138710174122
9044,0.01210444432948685,0.043798780083294436,0.2128384134824082
9045,0.012122288530415089,0.04401518493504075,0.1889444853328118
9046,0.012118378781887169,0.046967037635833424,0.10347901914414774
9047,0.012103388442444893,0.0474070928314787,0.11895673476930363
9048,0.01212509215606232,0.04993118026224246,0.16272992039161524
9049,0.012161703395335849,0.04954946019778808,0.17224755383295176
9050,0.012223390920485883,0.04726647911288787,0.17616439727351782
9051,0.012153477589511692,0.03992886044410592,0.2934541536549133
9052,0.01208769601466233,0.03935111476491837,0.22185968328274097
9053,0.012095587105737918,0.044372425262173006,0.17810323565869132
9054,0.012147897613490066,0.03782159904030444,0.23400945023009306
9055,0.012440122130066183,0.08124196233920268,0.146046373571855
9056,0.012084260171663948,0.033204554210610436,0.1310592468880638
9057,0.012132796844449428,0.0477794417025658,0.20565358826066357
9058,0.01210761322349455,0.045832102209103685,0.18131824159607265
9059,0.012092500290703146,0.04143168916628704,0.2155445219254337
9060,0.012130424842836097,0.047177836756125004,0.1800092862766538
9061,0.012110017322606288,0.04629206567948494,0.1836862427130011
9062,0.012143072184006684,0.054431556258349376,0.21316672912983878
9063,0.01205703501504902,0.038576607316568055,0.21744442953591606
9064,0.012090518206702391,0.045462345672321165,0.16966607662484534
9065,0.01213611845635658,0.04951995004419126,0.21983704783923497
9066,0.01213399586398814,0.04719105134909028,0.16336544339476045
9067,0.0121442037701502,0.05580638926799616,0.15957830535443646
9068,0.01208145937868339,0.03968881658375401,0.1676168666749863
9069,0.01208618216009681,0.042507954710069386,0.25729911083069384
9070,0.012065956712318712,0.038213016638135464,0.3161724740363656
9071,0.012183119976608628,0.05974726033048355,0.21710560490323547
9072,0.012082948968495837,0.04230789802615634,0.144536762612327
9073,0.012184109787999655,0.0594009578082301,0.22485231706885142
9074,0.012048759464934146,0.031718073664238434,0.22058859653504612
9075,0.012220963035114826,0.06485805684896497,0.22537606483503597
9076,0.012076865833241242,0.03187133076523522,0.15239697504536898
9077,0.012120829598611953,0.04650650959183682,0.20143626868152967
9078,0.012106119615993163,0.04206458921425679,0.1855939755731753
9079,0.012162299458912907,0.05475449507847766,0.2053887147194083
9080,0.012121351237504869,0.04666544518449178,0.13598969040423148
9081,0.012170571624258405,0.05658669490791272,0.15021241058671367
9082,0.012204273166598575,0.059665283995331046,0.008701378525160997
9083,0.012149813804200119,0.049273448147123824,0.16290553808951128
9084,0.012184993131904838,0.055581487528035586,0.20467808708655874
9085,0.012153589403126578,0.053410228524947354,0.14755391920676886
9086,0.012180767910622954,0.05826570065207393,0.15573176212398424
9087,0.012157798094451685,0.05302248830458386,0.1922551640373617
9088,0.012129876581737961,0.04797208705275,0.2324795511604223
9089,0.012111228773933197,0.03925912203583119,0.24569271180885796
9090,0.01214427965513977,0.04809253783623249,0.3249669454032204
9091,0.012095766282537723,0.038869309294909914,0.1837987423129087
9092,0.012126413162038828,0.04441606400907944,0.26872122243301355
9093,0.012120343993628036,0.04206926603564294,0.2520390806158754
9094,0.012319413098707615,0.07023299912810833,0.2632498387456948
9095,0.012138543572758854,0.04227672184383406,0.13591091441269668
9096,0.012134617653723194,0.037987566133965145,0.21467298572722843
9097,0.012167644450472795,0.04708775095539106,0.10399305257351148
9098,0.012132643459045071,0.04192096893932328,0.21712172522793186
9099,0.012184109016674542,0.04866512153004519,0.17545064135111735
9100,0.012342856843330863,0.07677165859880138,0.208278402855326
9101,0.012098747024967993,0.03863475676261671,0.17666342845750402
9102,0.012343715935688556,0.0650507142281723,0.27156749533542096
9103,0.012230390651883336,0.047035596559087546,0.2401063138347739
9104,0.012109699552551464,0.04303388568548679,0.12586216714840406
9105,0.01222664241954868,0.059827083660791994,0.21626811700961826
9106,0.012133501264471977,0.04817254830145777,0.20257177325291437
9107,0.012147197283429386,0.04282049364041482,0.22602169739360534
9108,0.01226774027403234,0.05823283209644784,0.27800743088946483
9109,0.01216285668384425,0.047297237846322476,0.1434706731625563
9110,0.012056762915961394,0.03317023523766284,0.1854144642511689
9111,0.012223829504353937,0.054455874415098436,0.3123807669496651
9112,0.012140571972907886,0.0461644718623331,0.22924167742844692
9113,0.012179105367281522,0.053467745265050576,0.22083994287758002
9114,0.012113774534779534,0.04465049541655126,0.20520552721448776
9115,0.012146012436491471,0.050060432795355526,0.27288236357884726
9116,0.012118948411550777,0.04206591593650666,0.2592666750895925
9117,0.012195552364639949,0.0469504198565929,0.05284711442261239
9118,0.012098171854558413,0.04270273531120713,0.20984055221004239
9119,0.012104727848839382,0.043275996636841875,0.16789882787005098
9120,0.012082203077951601,0.03886863363584793,0.08569724450388946
9121,0.012182657344600377,0.055744582064566256,0.20038097262768845
9122,0.012126817699389909,0.049549061464037314,0.006366338755660948
9123,0.012097808581962488,0.03912577651962593,0.16576646217950178
9124,0.012067157414911472,0.0362988351985258,0.2708398447991771
9125,0.01214529602606102,0.05029275416241084,0.22883992050945157
9126,0.012105848149486497,0.04765214943252803,0.14300337259067855
9127,0.012123296705595496,0.05189254591014297,0.12301769963945045
9128,0.012094511561876391,0.04112114040492777,0.1668407310761432
9129,0.012159983212504633,0.05569288420885188,0.19538529796292675
9130,0.012019765729323456,0.031117070508635696,0.1676123774276764
9131,0.012317085649533177,0.07540080747610174,0.24921387076939347
9132,0.012063675916785956,0.03853407796523236,0.05072090710937877
9133,0.012050050365911365,0.036746321715943005,0.28915084282469056
9134,0.01208158987019856,0.03984438045365887,0.16646291552684614
9135,0.012029112026193948,0.03055293374206257,0.13201844517414893
9136,0.012183136997087436,0.05966308769700903,0.22326271855719154
9137,0.012027803577278048,0.033786994627647636,0.14047738167934934
9138,0.012143570368591986,0.04943187211060196,0.26815318033863467
9139,0.012122954909694474,0.04960511146053511,0.16308171725960316
9140,0.012091884347452547,0.039953031133294264,0.17762107992934054
9141,0.012246659666870666,0.06115330768801389,0.14987459572487613
9142,0.012160084978612429,0.047569812427724734,0.1710183945583323
9143,0.012111324775050801,0.04616997652626811,0.160459887039244
9144,0.012105522323128406,0.03443912990225876,0.31827885979909826
9145,0.012058873270934417,0.03673651186283188,0.2077734355736402
9146,0.012125089464723465,0.046809942720891534,0.2067686468842546
9147,0.012029477220149498,0.030784565319408385,0.16598941618958282
9148,0.012263593725710559,0.06824433168184428,0.18431283406987325
9149,0.012061686205782369,0.040452240419106875,0.08793893102095794
9150,0.012058934890923759,0.03246405780232809,0.27953087736489024
9151,0.012066590356155798,0.03595143002868722,0.2865053464597865
9152,0.012165365945118583,0.048511730213642704,0.22939836670000316
9153,0.012207943982135953,0.04169430993511919,0.2674634163946837
9154,0.012339029517113697,0.061555242893561235,0.18312822574294157
9155,0.012130614705361831,0.04143373019149044,0.1526156165990605
9156,0.012170499398980891,0.054053648210508586,0.19970756831506262
9157,0.012120204625463198,0.04564038246491324,0.17932732609223906
9158,0.012170427929272334,0.055479259299954814,0.1922864676941517
9159,0.012019707151307887,0.02879206988832305,0.23895628566442934
9160,0.012140514286031651,0.05181295362840112,0.17805574442973365
9161,0.012157071857180322,0.054951895429327276,0.13434051091009466
9162,0.01213367202557445,0.04795393425667662,0.16229863171876363
9163,0.012193589289367755,0.058015609852682025,0.142393892368017
9164,0.01209388843844152,0.042076384724512014,0.12795268700469534
9165,0.012234732007204744,0.06280396120699969,0.1569238112988072
9166,0.012079644154048877,0.03831022134360074,0.2006561116662987
9167,0.012230065802062758,0.0640657631556893,0.24755076246957175
9168,0.012070452371285654,0.03871894387375409,0.1483567479730155
9169,0.012144293764732613,0.04518849419171301,0.2000819165493594
9170,0.01210621480437195,0.04395312469153117,0.1823612341244024
9171,0.012099744265873427,0.037207477015849,0.3143488641778966
9172,0.012233761745690559,0.0550610745312499,0.2034355008899644
9173,0.012029451112195843,0.028315159032869165,0.0744601361431005
9174,0.012092290042830382,0.042127801577923,0.2486627105163412
9175,0.012103055442009581,0.039797318050550666,0.17564426632805283
9176,0.012049124206744127,0.034149067476474886,0.22025754635376554
9177,0.01217251499536129,0.053787917765984586,0.1589071283846048
9178,0.012104434185531424,0.040967985653326586,0.2317857309556769
9179,0.012126157265551675,0.04968012600669294,0.24454520135628427
9180,0.012101451102877022,0.048099184307886664,0.14617473650943244
9181,0.012101602030564365,0.04570436920378311,0.18878231022267225
9182,0.012184255387678034,0.05902518616138433,0.16081922239767762
9183,0.012089089995709021,0.04437898858816739,0.1456626955680594
9184,0.01210567313223939,0.04754121410760597,0.20002148351958146
9185,0.012112335556581371,0.05059229283504177,0.17579964705646423
9186,0.012059061058446178,0.04004777792441824,0.1099098739716349
9187,0.012111114370576355,0.0458894468023592,0.23774850790637406
9188,0.012124506283779474,0.046381190715250355,0.23053358921266748
9189,0.012122128893749124,0.04325476991178586,0.34406188363697304
9190,0.012057029577906683,0.0343771532622344,0.20014404212350795
9191,0.012052965260950134,0.028980499056925742,0.25757365282444833
9192,0.012315823432631212,0.0733182860740819,0.2097394600904124
9193,0.01211899812031338,0.040935492626283314,0.11677042235166132
9194,0.012220529293493699,0.06270764291990646,0.2016446756336773
9195,0.012013109815254684,0.02586632453411821,0.04856454009021909
9196,0.012071005497487181,0.030334205475604437,0.3935532146380565
9197,0.012109062590970818,0.04532921520310644,0.23126851936568618
9198,0.012084254053980208,0.03547541317168996,0.238938850187249
9199,0.012124606327209395,0.05034695481007168,0.29376713174589186
9200,0.01211211405997395,0.04779507668076591,0.16405375962466567
9201,0.012088879222463931,0.04276144592411624,0.23648185919552564
9202,0.012134408258422595,0.05205556701055192,0.21563387309664017
9203,0.012074472190656065,0.04150914457184816,0.18778143393198105
9204,0.012137995306845867,0.054125418872741506,0.19562745331079853
9205,0.012096183519492374,0.038564345560098356,0.16610534321605655
9206,0.012138610665900015,0.047287916021898475,0.27388974313138925
9207,0.0121099206181022,0.03990862831239059,0.1962834761984956
9208,0.012098056924609277,0.04100324125839352,0.2656848508639721
9209,0.01207233129796238,0.037337859978614336,0.17294991927375084
9210,0.012166202938939238,0.057453650352740804,0.16741584135315637
9211,0.012093350417037345,0.043385409950261314,0.10468161201465194
9212,0.01206806179310546,0.04165998228500456,0.17572570999429446
9213,0.012106082132577297,0.04636784684773036,0.008731694111389758
9214,0.012201442153732254,0.060098335071306665,0.210084953702235
9215,0.012127612297063738,0.04755937026462127,0.18717819672465622
9216,0.012102682927062625,0.03944403765756802,0.27809600038451937
9217,0.012262265486081177,0.057839641243735106,0.10952235404061349
9218,0.012116138070388903,0.04366271714426405,0.1457506931547648
9219,0.012126279326411728,0.04366948752176987,0.1971139187898487
9220,0.012151356706744998,0.051587930625786045,0.1780639408063178
9221,0.012166351366030833,0.048691149041945984,0.16866076865601382
9222,0.012165308602651196,0.0568238398821477,0.059402514206538505
9223,0.012135359731481447,0.04708300265783166,0.2307506270132504
9224,0.012231711168649512,0.060528349362786796,0.19042464990402602
9225,0.012162811819906772,0.05024844282645457,0.1709952158149036
9226,0.012116017079999318,0.045256608725495286,0.006380030401762554
9227,0.012170102772805419,0.055702407510229354,0.14909859520831892
9228,0.01204374026127103,0.03478457948958346,0.13906313132314685
9229,0.01205425407553546,0.03849540405267359,0.21996689774468667
9230,0.01206585609573902,0.033368288960898614,0.27101913408558975
9231,0.012147486110096757,0.0529175227921989,0.2623183464264541
9232,0.012107385026694926,0.0435093945601851,0.20312553383032902
9233,0.012111662934085452,0.04003689939783474,0.34537027061543385
9234,0.012228504480232999,0.051144786365838656,0.24737093499553725
9235,0.012278421198256355,0.05787779048276039,0.21312237457868521
9236,0.012098041934549322,0.039339808420656985,0.1582522269031489
9237,0.012107689219664349,0.03689484855000425,0.3829375225740478
9238,0.012067467025675066,0.03422253910419227,0.26026437430974064
9239,0.01214987349837928,0.05460326445029263,0.18455909685623076
9240,0.012089838029891645,0.044676630981868415,0.1540258824167822
9241,0.012240843754481498,0.06660365235434315,0.1586671523449114
9242,0.01204685572360156,0.033149825365909005,0.13163648034985903
9243,0.012103045402980246,0.04308662313411354,0.308924440049921
9244,0.012092692539079396,0.04178287643471223,0.1665603795013789
9245,0.012082899659650313,0.0381476382177001,0.21368925996853858
9246,0.01207267915983965,0.038220424316651326,0.16321021829795235
9247,0.01210270868507147,0.042549966877659336,0.1855822188727983
9248,0.012082485892712881,0.03649900799161956,0.24879021426001693
9249,0.01212906502101237,0.0457082410196573,0.27103156273772105
9250,0.012119634143996657,0.0371940216212871,0.20979057321185796
9251,0.01208943733833006,0.04062480568180351,0.20852655439823117
9252,0.012080116113837863,0.03962169191188185,0.22305529740965618
9253,0.01208552351921654,0.04072605413256662,0.2346315191228511
9254,0.012154730564038485,0.04869293300287617,0.13393101890035874
9255,0.012058697595921108,0.03606571215183665,0.18760521550456744
9256,0.012135132516576814,0.05077657417054498,0.2985673299506593
9257,0.012122588803984575,0.05067922976236846,0.10004367815795105
9258,0.012096013179956169,0.04368993066211606,0.18619315800710595
9259,0.012146794604211199,0.051207188916127626,0.18677663054539867
9260,0.01212325738883474,0.048049165952885026,0.17903707141260577
9261,0.012052938688142174,0.03371473323988747,0.17613238923035787
9262,0.01218970084396975,0.05755481448071556,0.20950125947485423
9263,0.012160495394331826,0.04538077297663965,0.14051582366202295
9264,0.012010380010174163,0.02558623919751463,0.08196690255652385
9265,0.01207652448892513,0.03656031449952201,0.06992863889915266
9266,0.012020197312098174,0.029579176688248946,0.25950420265556795
9267,0.012164921059325061,0.056122677250345906,0.2813980584872999
9268,0.012074793830409205,0.04108091957742751,0.15819827621185512
9269,0.012114160491873813,0.045473017488823736,0.21826603659964539
9270,0.012258517768437253,0.0710458430843263,0.15330303898444617
9271,0.012040419833022748,0.03182980485976106,0.13888620663278436
9272,0.01209732022442925,0.04370926778548917,0.2799268293836305
9273,0.012166433611967809,0.05824032710428872,0.17955587499449488
9274,0.012064248171080512,0.03743853943276438,0.19499425409546092
9275,0.012129647931703208,0.05217018650612579,0.23961092715079396
9276,0.01211267683011586,0.04638350284098375,0.1908362374359984
9277,0.01209817242205831,0.04611986345602755,0.2223838868109208
9278,0.012103963199006461,0.04547739059570918,0.1920211403925005
9279,0.01210984197813301,0.0401794695177137,0.28924568382146426
9280,0.01212725694345882,0.04227496893686096,0.20367637482473896
9281,0.012167021382460824,0.05431682634576203,0.295731924824319
9282,0.012118311333802246,0.042360043290431935,0.20854998657610543
9283,0.012209806105866642,0.056791042422377244,0.16742382942118011
9284,0.01204647683409544,0.033210085569575144,0.1520884571898626
9285,0.012142285332475048,0.04503673030265744,0.18721662137551567
9286,0.012125866432589965,0.049972509570533154,0.11902253894897812
9287,0.012167343206959842,0.05456059970586519,0.008760032804979301
9288,0.01210617791196271,0.04609579148757787,0.21048904835882132
9289,0.012155667263825776,0.05362384611907529,0.1636240615739687
9290,0.01207231661516601,0.037398738213262755,0.21953204782508812
9291,0.012123792641999994,0.04139874330053164,0.27700038271439303
9292,0.01222306130184523,0.05991826493720188,0.23507649963875615
9293,0.012179909348131764,0.053085822675520325,0.145199980716203
9294,0.012185446130980764,0.04564024641515597,0.22215106404834217
9295,0.012126242816872291,0.04074254469310633,0.20265962476342184
9296,0.012189290590738611,0.055746819118443494,0.2559692622975134
9297,0.012137243067139323,0.04924756648639607,0.15732537409490568
9298,0.012187185523866724,0.05599882923237361,0.14735887767292763
9299,0.01214424922634383,0.0509425886831975,0.19597799019199685
9300,0.01211057314881273,0.044161635761470065,0.2121394660532575
9301,0.012129321515068925,0.04214642392482089,0.33742817994265845
9302,0.012148350266985117,0.047833062584346234,0.27092624222466644
9303,0.012138874983075086,0.04286674637494773,0.2479752273192609
9304,0.012093297794909334,0.0389918606880219,0.21310537798265913
9305,0.012170235888317097,0.04914041147368498,0.24000791855470546
9306,0.012147299171225243,0.04785332590448273,0.26054192543332366
9307,0.012095709587109746,0.03889049813828305,0.17841637770349444
9308,0.012104735176082732,0.0379042616572834,0.20104428550695236
9309,0.012136896939419856,0.045666796183494375,0.2692367224044562
9310,0.012170241915035367,0.053201672970021444,0.1803493286139255
9311,0.012147391223769975,0.050818013830216675,0.184091728745819
9312,0.01219657082197447,0.05944474676792205,0.19937856254135328
9313,0.012125833938138389,0.04576035639947021,0.15757275528187747
9314,0.012115897183347182,0.04219615471892125,0.27814211567198893
9315,0.01217903281478629,0.05219470553294832,0.32825624821915644
9316,0.012190561626260282,0.05829603632598874,0.1508640995946075
9317,0.012155046667554665,0.04016287114278904,0.21124802195175296
9318,0.012186886298897307,0.053743663890794026,0.2710949940116156
9319,0.012095224017431785,0.03636985367474796,0.2574692756192839
9320,0.012192343596504904,0.05237039919948857,0.27027670826326733
9321,0.01215256429845235,0.05075125507499218,0.22733172005321928
9322,0.012174245308564946,0.0423890701108272,0.32972308907848197
9323,0.012183503266681725,0.05472851059440351,0.26677333739499826
9324,0.01214627555300071,0.05008395940776157,0.19467155402976638
9325,0.01217734439153523,0.05277457867833454,0.18862538726841357
9326,0.012129211523541038,0.0474854108172942,0.006411294764939201
9327,0.012092631411114435,0.03882908813525459,0.11995556153816485
9328,0.012180814801053803,0.05666399149580642,0.18683357791771002
9329,0.012119687405650215,0.03580126228131599,0.05334979100388919
9330,0.012016670909782185,0.026160785261600907,0.19056146921002146
9331,0.012078290322739469,0.0294946423938242,0.3056795525115855
9332,0.012140445087534132,0.037252281948035336,0.17355821039771271
9333,0.012209949643160812,0.04076766602715356,0.3302438685821559
9334,0.012288587407010469,0.06747295000506708,0.13966360797884625
9335,0.012084752825362054,0.03516238334725576,0.14341249416986124
9336,0.012214348838913147,0.05219850802581463,0.287936089356518
9337,0.012107380478142134,0.040055300281551375,0.15633550600747217
9338,0.012025210123191646,0.027829369652320076,0.16842975357241394
9339,0.012138496485148658,0.04903090796612242,0.23654181321984769
9340,0.012060531580554855,0.038743119341942064,0.12960542809282954
9341,0.012089515435220447,0.03953083010603347,0.30564041587134766
9342,0.012059903630382774,0.0320460256758322,0.20024496993255492
9343,0.012141338903513014,0.05103774779520139,0.20163795102378762
9344,0.01211095116796781,0.04739164008536367,0.1402225166211972
9345,0.012125262732829073,0.050338036712503975,0.1514026138503636
9346,0.012090739468636015,0.04545712822057848,0.22522823266908318
9347,0.012118544058031668,0.0485897942628558,0.15604850974766543
9348,0.01209515584400005,0.04393407838306071,0.21565371177895895
9349,0.012083120249721063,0.04362578671360969,0.16991760063282862
9350,0.012133136181191205,0.05327010672422498,0.17684216225501007
9351,0.012060570065698793,0.032239550740008775,0.2468284192885974
9352,0.012189211978922358,0.05532610273118609,0.24872640261590964
9353,0.012036670749241174,0.03190724960621701,0.07749951091597419
9354,0.012103969342067516,0.042965496340183484,0.2441587070761877
9355,0.012148866155044956,0.05482599260741343,0.1853505769160117
9356,0.01213086770565938,0.037621311352785645,0.1910093773374721
9357,0.012099611617109181,0.04016208873738426,0.23478704481658455
9358,0.012103552744269814,0.031207309526572836,0.3204284484870563
9359,0.012131281985582524,0.03520058555285,0.26684595877178696
9360,0.012229805955996893,0.05027618391871293,0.2826990067132812
9361,0.012261145138357374,0.05391399609512835,0.2284390017347669
9362,0.012137027250940626,0.039466602271395944,0.23548692411210803
9363,0.012165632249796684,0.04984107488182146,0.20107069389453383
9364,0.012113591617492602,0.037248554723433205,0.18176645251605458
9365,0.012126320223211126,0.04224320600028692,0.2512844678464424
9366,0.012093510445571437,0.041282409486924146,0.1641729180241791
9367,0.012073501689923825,0.03205904398575057,0.2988187979412191
9368,0.012182687258942625,0.04578042700311253,0.25017161681259664
9369,0.012148416268411441,0.044146661074549655,0.17716942185784423
9370,0.012138431676392286,0.047569712864953526,0.1297418628310709
9371,0.012079679958630875,0.03357795473375722,0.06980444993216318
9372,0.012115808734255556,0.04343673629032746,0.37798653282166134
9373,0.012043006448526426,0.028091464131953365,0.13135330661345737
9374,0.012289629947903877,0.06948216734910119,0.21710461854804847
9375,0.012056095544979053,0.03316888461766631,0.14637811788509505
9376,0.012101503445103438,0.04228982284817114,0.3052662890284523
9377,0.012130289630706281,0.04075967605299744,0.22624591238857555
9378,0.01206284556401447,0.031199704093292757,0.2664336176202606
9379,0.012176920841501092,0.05042443753042454,0.18788460611741706
9380,0.01211098230457573,0.04122602342602918,0.14949745971455475
9381,0.012180676298102799,0.05278544555191035,0.0619274207080643
9382,0.012089490135688923,0.04224586366616051,0.18976092765959096
9383,0.012081971950430719,0.040107830728046225,0.21883859360659935
9384,0.012122600025793049,0.04770780260979241,0.18628177494900716
9385,0.012108092748462133,0.042715187292200654,0.1644188812493425
9386,0.012100939050010466,0.04271395381608382,0.20232539787480172
9387,0.01207402911344525,0.039439078994285545,0.20855891819176567
9388,0.012083909814506032,0.04173114288772864,0.2328400194447319
9389,0.012055862244405371,0.037213695763833946,0.19473738889569697
9390,0.012100062232867765,0.04588708078698092,0.27129113289803747
9391,0.012125421400422458,0.04752674245595388,0.008613968803981029
9392,0.012188503373408419,0.05545013020103922,0.2716118449319575
9393,0.012136969122595704,0.04859931564849039,0.16789336639681426
9394,0.012297802355439003,0.07096791619688816,0.2857456898421714
9395,0.01210594005164524,0.04007810502849445,0.10204484045644906
9396,0.012249797740193937,0.06605323058170699,0.15416356614740842
9397,0.012154137564612174,0.04834072344646201,0.15441909315198857
9398,0.012085659095577496,0.035896515699442584,0.25499118828986433
9399,0.012123573289300903,0.04091714684290095,0.2372416361804159
9400,0.012110666633147646,0.04485193376213838,0.14770192131212861
9401,0.012128800605421559,0.047593504300975906,0.20960768513851738
9402,0.01218120078487328,0.05909408466777894,0.22102258047031795
9403,0.012142427631435368,0.05059986757000857,0.1691274974944051
9404,0.012141514717887318,0.05246016215397525,0.1650291404979457
9405,0.012138127626212592,0.05312885141899059,0.16431872512775025
9406,0.012168492482294523,0.05696223121729283,0.18075977675307572
9407,0.01208210955055122,0.03574690706020999,0.16808246843107447
9408,0.012248311273933126,0.06130979726849394,0.21182216973344362
9409,0.012124189267055642,0.043872861457552315,0.17748109017930608
9410,0.012230724082851044,0.06343290941547332,0.11971277826494836
9411,0.012089329240209112,0.04033270229227664,0.11348776412067109
9412,0.012251358085114664,0.0544424900881566,0.3176131063970568
9413,0.012243932571995454,0.05829984277187445,0.22281736523837764
9414,0.012151449301609453,0.048662240259280724,0.1504131602258104
9415,0.012173274280522051,0.054477809689718396,0.2428547591352285
9416,0.012144340225720059,0.05111498576437646,0.18383400565557106
9417,0.012171812367796584,0.05709399366717229,0.1420774121988459
9418,0.012124491268570327,0.040669847062710485,0.23494316102982807
9419,0.012082302908899414,0.03672176920074803,0.2805680745529527
9420,0.012140200258060063,0.04594147396540643,0.19825409442169614
9421,0.012164626456729104,0.05405097449615213,0.2332500401941296
9422,0.012132959471758006,0.047897287218164324,0.16876015362094354
9423,0.012121655858757342,0.045157214675705,0.1865054715977896
9424,0.01231582941641479,0.07394221952597729,0.140532048224311
9425,0.012118103729199584,0.04258112106271208,0.17154582952267816
9426,0.012132942686160372,0.040414713285622524,0.236702801166516
9427,0.012250665694768905,0.06662855190909697,0.22180679078832824
9428,0.012104891291958943,0.042970753111522944,0.14460109287173128
9429,0.0121626529958048,0.05088166722546542,0.1865351279006339
9430,0.012236441717924186,0.05889944420176707,0.17355202284218701
9431,0.012206594056826302,0.053904190385742075,0.18128448525697816
9432,0.012173575848938864,0.048525431710603306,0.2801064216744256
9433,0.012204320157154686,0.05673140994574101,0.2350727044627438
9434,0.012163246596306685,0.051517103859149045,0.2667327113609928
9435,0.012167713480529203,0.05207624811403907,0.14215689738331824
9436,0.012116505887584287,0.042637616708766396,0.13875413431951417
9437,0.0121091511358632,0.03587464031946086,0.3575113729935208
9438,0.012205448156689397,0.05234419878284118,0.29988581995503527
9439,0.012225249957365422,0.04520575877654398,0.16857801247965046
9440,0.01215050768499477,0.04588381371913924,0.21538049656752625
9441,0.012149818891106034,0.04039111048468851,0.34820964350507
9442,0.012139897013203045,0.04292751272935324,0.20624960006660134
9443,0.012278938588959374,0.05457389413843456,0.07200673536965982
9444,0.012218340477678858,0.047575987222156016,0.006323657564103468
9445,0.01211548788641206,0.04427742052633304,0.1398380158582242
9446,0.012115831750712291,0.04929455711759209,0.18517856379308123
9447,0.012098487205203833,0.04632931688116201,0.15623643215397484
9448,0.01207263180218786,0.036100401279617035,0.2609780391939641
9449,0.01221442187170861,0.06548965233031695,0.20019416953663943
9450,0.01206012353778422,0.037621345960021785,0.1666737606390229
9451,0.012063535981303832,0.03764647864516509,0.1754878753660898
9452,0.01216147693417299,0.05639254285428223,0.18822866289169782
9453,0.012087289730456304,0.04382019753862863,0.18387412187020624
9454,0.012097957081349107,0.04599655094444831,0.2099908964733895
9455,0.012067100657429705,0.03161617646877862,0.12694195022686872
9456,0.012163056785611522,0.05991494629772867,0.14625220296356847
9457,0.0120829117671021,0.044292643805583634,0.12949051951842422
9458,0.012101647000870389,0.050107693056997034,0.18594698223167777
9459,0.012091373082920367,0.047666375166593236,0.1520997347666638
9460,0.012121283624395959,0.05038262812007566,0.008807271911827024
9461,0.012193225358252145,0.05787898521567202,0.13514204656911935
9462,0.012122542707594521,0.04942412886922155,0.15680204761425381
9463,0.012190748257882902,0.059066319557944474,0.28422544595649646
9464,0.012162501742008376,0.05337530619575558,0.1487329175162774
9465,0.012084491203022574,0.04144050602324066,0.1637324035645632
9466,0.012089070404608972,0.03660011184530288,0.35039350899502797
9467,0.012170486791229807,0.04703287468021066,0.47849188075594784
9468,0.012204931866355564,0.05079245047544193,0.23425240828797217
9469,0.012309903431316304,0.056786302662530895,0.23675068967628193
9470,0.01214037455984873,0.043138200853092175,0.18873128601153455
9471,0.012145102476734344,0.04181901576654035,0.2045060818188273
9472,0.012255151934336917,0.06356256631783026,0.22288241561554933
9473,0.012142685831816396,0.04615332217247937,0.13769129686906484
9474,0.012276312150343433,0.06499607045760947,0.16345936160865673
9475,0.012155476321852559,0.046481222493388916,0.1498545456939862
9476,0.012197593687471494,0.05116129701819213,0.2164781608838164
9477,0.012111486770920889,0.042544839492716285,0.19372147060315623
9478,0.012115325537868834,0.04347674509968593,0.225553598946734
9479,0.012188480132248887,0.058307087457127676,0.20380300779749105
9480,0.012122575998993357,0.04161098131368377,0.2297642992529495
9481,0.01208895963421244,0.037175882757957274,0.21468771223420074
9482,0.012142280709550332,0.045591368971964134,0.2756240818587586
9483,0.012202695908877834,0.05473380583504681,0.17086169848381408
9484,0.012146677940497048,0.04334604175529006,0.23113807531600003
9485,0.012213651448104284,0.060688491781380374,0.23119519817954795
9486,0.012143633190907624,0.050946162986644984,0.15811273099257772
9487,0.012193339180873997,0.05461294847208596,0.19531962770166914
9488,0.012116140834605738,0.04267365151287241,0.14271532495544112
9489,0.012210192827603673,0.058012912825022536,0.265100897538259
9490,0.012120037921923569,0.04676833765139347,0.14649297390026125
9491,0.012199080055429712,0.05298372314100302,0.2504697729451949
9492,0.012162584750188391,0.05095870971863101,0.2351885357440982
9493,0.012218081039635311,0.06097324201692936,0.19938761651410797
9494,0.012164317543630048,0.05027090695618557,0.1486885623001616
9495,0.01211019591243428,0.04057047408206352,0.19920562826338614
9496,0.012136774229389937,0.043621401371463524,0.31806141102764285
9497,0.012168047442637005,0.040853380419252926,0.20750187482588134
9498,0.012313311660323829,0.07279993246428684,0.19216666337497346
9499,0.012141505438721152,0.04277446075720621,0.12061016926063345
9500,0.012165708753845076,0.04416057395348976,0.2149777155503372
9501,0.012087214984103683,0.034385401013586156,0.20448439336564347
9502,0.012248003637075015,0.06126546832518558,0.0698339108017191
9503,0.012125014762054197,0.047046934086658436,0.13418135520294613
9504,0.012215669213535054,0.060159468349674686,0.21431712811726492
9505,0.01214961522395432,0.050081296725069765,0.16643761636357543
9506,0.012136471782196356,0.04507073047078855,0.2103055600657125
9507,0.012127141040862191,0.047055199167373635,0.254489074164794
9508,0.012214291491915982,0.057704449461762675,0.15541426378563022
9509,0.012155786274833621,0.05116064592984731,0.13905502193595484
9510,0.012166739607893681,0.05473973314755611,0.19163587822647418
9511,0.012158539546961278,0.0532981864851901,0.18072356765860223
9512,0.012134692750668535,0.04809167865886317,0.22212708254201996
9513,0.012212884516336262,0.05899253606519355,0.12264241778260501
9514,0.012140250997737431,0.04788771871912048,0.11378504442168219
9515,0.012210505082049433,0.05983352873767017,0.11733882693330941
9516,0.01212022745241012,0.04563802655770738,0.1261438572457174
9517,0.012209606977278022,0.06095105351136062,0.144355255171193
9518,0.012123858447627815,0.04588871462122478,0.15450368273452375
9519,0.012144328769924481,0.04762858326002002,0.2882791228527181
9520,0.012179481704803402,0.056732187970267564,0.17870913284374604
9521,0.012167507051156143,0.05558583246065718,0.14200710805163033
9522,0.012134913076364294,0.05051351795229022,0.14819466949510463
9523,0.012189544641645329,0.0603995083406245,0.1497011979049035
9524,0.012119231016312714,0.05097574375063322,0.006357020245801261
9525,0.012113162389336747,0.043622807984682,0.2439734476116769
9526,0.01213504129883759,0.04622605603104522,0.1951704352416793
9527,0.012108321602492835,0.04383433456910688,0.05518850563218156
9528,0.012152261472166553,0.05659639392906326,0.21643340973594977
9529,0.012067763141295458,0.04142771353666324,0.1870034308035186
9530,0.012048333647928363,0.030213929383306155,0.2389755312690082
9531,0.012216563094967405,0.05954441634580487,0.29646635319178366
9532,0.012099825614109248,0.03488233994334978,0.1860728585070206
9533,0.012130449523705528,0.05000902789286349,0.21888168744572006
9534,0.012094641717163833,0.042488998388619637,0.18263406137104563
9535,0.01211947295553622,0.04260423285024762,0.23167458462040716
9536,0.012070804145926558,0.03420922556841119,0.21337879907383508
9537,0.012153293152044347,0.048847901095888914,0.20746774007606886
9538,0.012060239652932545,0.03376196582442784,0.18177685054123008
9539,0.01215604462224086,0.05143482417128944,0.29496507795032323
9540,0.012128549417780004,0.03888382830712811,0.17284889086663244
9541,0.012214478568495642,0.05992220928555547,0.1773162303727835
9542,0.012150435012585153,0.039687984587706227,0.19238191263556215
9543,0.012145444363261189,0.04601712462614517,0.1929702067864854
9544,0.012129044668614624,0.047646021868498374,0.1877544174397534
9545,0.012160818308396004,0.05075583701487218,0.14541038678823442
9546,0.01212301136831905,0.04664544038524914,0.17864353127725777
9547,0.012141682687770034,0.05305124109674335,0.15372583334906953
9548,0.01202100226302695,0.026980802697673736,0.0848831679880889
9549,0.012134375659119557,0.048832994689691385,0.4048454952141616
9550,0.01210530466452091,0.047376346637778524,0.20066212498740169
9551,0.012078326907901853,0.039079327136987106,0.177635479037596
9552,0.012219898365516684,0.06617552202151127,0.20151276139702526
9553,0.012037433183306488,0.028166462457224022,0.05828588522014286
9554,0.012229961748463022,0.06403563570119458,0.24074351682020978
9555,0.012066323996458532,0.03832685466396517,0.11117687360882596
9556,0.012163609506514838,0.05861844762411279,0.21781338576892847
9557,0.012062724861405368,0.04186899479138012,0.10318107408651353
9558,0.012072961112216335,0.03642891016915183,0.2031459292389388
9559,0.01213243609934377,0.048858193563616814,0.24825420565400197
9560,0.01214839445849235,0.0508878701240691,0.1441801862917621
9561,0.012152025352615899,0.05473818076368884,0.121192262396202
9562,0.012050555961797525,0.03686853655785559,0.22152619829643005
9563,0.01217803230518441,0.06040803236476289,0.1647374338156092
9564,0.01203328355676756,0.03499476502829168,0.13429763193060654
9565,0.012096455759623193,0.04054459264177877,0.24030530995373142
9566,0.0120708846200264,0.04185231465697503,0.14510541519806208
9567,0.012164867234115093,0.055567396767359445,0.21680126093896798
9568,0.012047859333487163,0.03448447649474213,0.1503379559654059
9569,0.012150628472918645,0.05546042981708378,0.2154542378515021
9570,0.01206686693976022,0.03850696941730476,0.17270052401797806
9571,0.012088566671973012,0.04526933933061304,0.15655644444698258
9572,0.01208861225349854,0.04381349578335988,0.15306575117580987
9573,0.012061980358806706,0.03422979119456404,0.18130730732068293
9574,0.012174088957183991,0.05996399082390047,0.16080921657181396
9575,0.012038342604870376,0.03260352943954544,0.24822944534069277
9576,0.012208631289647942,0.06259473282505011,0.22838579341466317
9577,0.012083522105509309,0.03755628373731745,0.23676002774321503
9578,0.012156942958322299,0.050400335706417644,0.26894535360576005
9579,0.012099762139736457,0.042387128417005863,0.1752455743501125
9580,0.012082952619005745,0.03798346026413046,0.1737793923166136
9581,0.012118193412597743,0.045661598074792094,0.19027848793432117
9582,0.012104977167136002,0.04461557191711925,0.18491080200703436
9583,0.012134615547491621,0.04766372913143094,0.008615354630707478
9584,0.012187461293371947,0.059643518263135874,0.13407370071682007
9585,0.012105329429279197,0.037865554276137275,0.13326337332131494
9586,0.01212950971574906,0.0471442670339915,0.2854815761602314
9587,0.012096192143999495,0.03710497472357775,0.26995888292752335
9588,0.012164253443356527,0.05128851919362631,0.2975076371615396
9589,0.012163121697600554,0.04558331549108825,0.2715247903957791
9590,0.012255384321771728,0.06019426872459747,0.19293490914131856
9591,0.012090895328780295,0.03869984770936857,0.10513131137407637
9592,0.012168877045849041,0.05017906080430359,0.2342976920050864
9593,0.012261294736685668,0.06139390530509516,0.2124528587882793
9594,0.012175999617163775,0.052502727646433885,0.16324688190297168
9595,0.012188446179952751,0.05719490368813186,0.13971551861817455
9596,0.012151109119255725,0.050322370520319085,0.17891397091610559
9597,0.012102055367232481,0.03858020237354945,0.22648161388879506
9598,0.012210320885742294,0.061249965896214,0.22832970918426942
9599,0.012124907088113982,0.04715795374992919,0.18634229211862074
9600,0.012164756666153789,0.05361399145834593,0.16229813268255
9601,0.012119040246791774,0.045065481227304395,0.15742320143920605
9602,0.012192440051019018,0.05710308282987518,0.21208910960833893
9603,0.012111652440805138,0.04282246433639318,0.15300545852522976
9604,0.012103103099565493,0.03794944960462155,0.18850776065431665
9605,0.012187334685977087,0.057795903961023486,0.23426503024969703
9606,0.012143433550232842,0.050290854971581846,0.1683349860151224
9607,0.012097563342143226,0.03744540942307579,0.182654185608572
9608,0.012090150596520821,0.03615589087212695,0.2993747090013514
9609,0.012251286632451192,0.06396876707888634,0.26815954497020505
9610,0.01212414028720316,0.04191759491447823,0.2060912205034776
9611,0.012148930951846857,0.04420888710170657,0.2524477521710288
9612,0.012189054291963444,0.05590147128820147,0.1886858551260747
9613,0.012183697442752644,0.053970715411292315,0.1700261595553128
9614,0.012120210036320706,0.044110515593211906,0.22953265450894345
9615,0.012165174469383512,0.048956131259057276,0.3693037668507354
9616,0.012136514468274993,0.048874247447563204,0.1426716809266114
9617,0.012134175070525648,0.03977844108553779,0.25314454823785687
9618,0.01215989120097667,0.05046937827220399,0.2711619614723024
9619,0.012209887513108475,0.05668529822502246,0.1887503853283254
9620,0.01218537211839742,0.052294267221145115,0.1471267525582586
9621,0.012104858586339213,0.03881192592099418,0.24908598304068458
9622,0.01214640256010769,0.04713755552045761,0.29793143080484863
9623,0.012117826815308552,0.04307153982027976,0.14180461323984694
9624,0.012112128452227849,0.0454676189048574,0.19944576071917383
9625,0.01219543249387417,0.05408245715358727,0.1148556926919098
9626,0.012264160706345886,0.05221966384299386,0.1424088310277125
9627,0.01214821778891704,0.049648189785668,0.11768838631478269
9628,0.012236834698021096,0.06441995216226018,0.18111319879403037
9629,0.012086204054641964,0.03955159364478218,0.1679579296979222
9630,0.012240896298458322,0.056940186190646225,0.2772488025962492
9631,0.012317674539265314,0.0656586875967695,0.19129536334033592
9632,0.01218476855273335,0.05057635090449186,0.10942674070216228
9633,0.01213238663935363,0.04324408671829165,0.006408123001588828
9634,0.012099645966130534,0.041908146332619786,0.21341609896052194
9635,0.012151012681772516,0.0537005603571603,0.19947205365489953
9636,0.012095886206901357,0.03798195658930849,0.1456181681835928
9637,0.012129105064667321,0.04989434770337082,0.16705918028102945
9638,0.012145180177595296,0.05230658375368968,0.1440743011337775
9639,0.012110904392472617,0.045051639881054685,0.21805602328855064
9640,0.012126492417378456,0.05112747492544864,0.19899600337925688
9641,0.012077468942987935,0.03409624501727193,0.050847844250594756
9642,0.012120900934377106,0.037298402203153565,0.32059282499658986
9643,0.01205330642785084,0.03532246335164167,0.1514982760694569
9644,0.01209287406400973,0.04209635595731915,0.2773111265627065
9645,0.012123777102103085,0.04912921346471056,0.22472515913343485
9646,0.01207510094312335,0.04237193764896258,0.15599611696420282
9647,0.012103299605412987,0.04546385012157612,0.25426440066330125
9648,0.012113111892745818,0.04379028241109611,0.177296034686962
9649,0.012122245262858064,0.038865548054388424,0.28004841179708084
9650,0.012201206687573619,0.05949912393993895,0.19201622510459346
9651,0.01208768555973822,0.03792769915133446,0.13556099572395378
9652,0.01217953002878102,0.05780420634751548,0.21625925590238765
9653,0.012092186577965628,0.0434561160233846,0.1325037073419298
9654,0.012086961637218995,0.03868298566540751,0.20255769743130125
9655,0.012156729537117474,0.05603878234295152,0.1811241045495949
9656,0.012092335557946273,0.04582972623988645,0.14069615206118186
9657,0.012251033196269082,0.06215179797795337,0.2883056574324081
9658,0.012057027156635274,0.03376781990825572,0.08005788860568742
9659,0.012118577465547089,0.03754814145036146,0.393304412502169
9660,0.012190565666631025,0.05493125757800151,0.20634281096501136
9661,0.012113347020636375,0.03597760256066335,0.24222546004907528
9662,0.012205048260100815,0.060600494687009364,0.2677698467071894
9663,0.012044524262001399,0.02833055730631159,0.09403099453107953
9664,0.01205006055389601,0.029547334838347615,0.21218128639410652
9665,0.012088029216517353,0.041713028860693516,0.26942078172151
9666,0.012099013271935112,0.04219260007817985,0.21661062850307447
9667,0.012236790360866114,0.059470809762061656,0.20722998228661899
9668,0.012147889860099344,0.044309077956281376,0.15746571119149275
9669,0.012125153329895291,0.04650892125301122,0.12729586861822131
9670,0.012173971222402932,0.05417134084209623,0.1559362600610226
9671,0.01206707523166956,0.035165378768180586,0.14214955463936013
9672,0.012128447517013943,0.04542831485897446,0.28748989861620716
9673,0.012034186865690358,0.03080309761116155,0.15586749321912877
9674,0.01204853914053215,0.031706748810500104,0.25868722978232894
9675,0.012089646306366563,0.03693385786278738,0.3163267180060697
9676,0.012115863201698884,0.04451297134849891,0.24348925058286744
9677,0.0122132658296716,0.04834953857238734,0.052999229029177974
9678,0.012255422201441643,0.04498520411191739,0.22780493986039427
9679,0.01207660112716514,0.03416983575338086,0.12990244673796064
9680,0.01210764517414316,0.04190223661806913,0.275971491709737
9681,0.01213352578050922,0.041323821276221154,0.18560669310945388
9682,0.012037338081487586,0.03052096557173639,0.1989060588808994
9683,0.01205149143583068,0.027679238786548443,0.45678811851051354
9684,0.012085442647498834,0.033099908210968046,0.2649971321852914
9685,0.012163568819922688,0.0558539590977579,0.1550859241408095
9686,0.012115194128090511,0.048382548185541364,0.12884186938256534
9687,0.01216413511508339,0.05472468753888691,0.25023718667892675
9688,0.012094934337927828,0.045715169244676265,0.11641953962258181
9689,0.012040704958158042,0.03220666523114702,0.2863016569950766
9690,0.012109295257938706,0.04010597518437422,0.3156010803051664
9691,0.012187457289281854,0.0588724871541692,0.1858719532654256
9692,0.012108229022468681,0.04214899916215778,0.10462577983557361
9693,0.012155152521657667,0.04415833914907752,0.17670276119502148
9694,0.012190972216596289,0.04901933445173853,0.008704291174785392
9695,0.012108987947483838,0.03943533102902553,0.28510103105102436
9696,0.012178009159607341,0.05479196065153435,0.2532050093022643
9697,0.012160716156101207,0.05038885891199341,0.277774496890267
9698,0.012116220000272895,0.04011098561107731,0.23860636451010583
9699,0.012189350730295442,0.05386580053252562,0.3227027012246174
9700,0.01216523698648778,0.04869917010807842,0.16948140934972825
9701,0.012247342872578672,0.05064445389535305,0.07285231942509618
9702,0.012131311931131261,0.04331464133659095,0.19148950238465937
9703,0.012124300064960673,0.04176969078420429,0.3267801658937549
9704,0.012126485268787186,0.04467437766159006,0.21875062182534502
9705,0.01215179899318875,0.04439984538591871,0.18269548150189155
9706,0.012217567673133038,0.045285503989839694,0.1477412308853909
9707,0.012331018943365078,0.05652880515861677,0.24881763503258522
9708,0.012115346045759711,0.03922199713872273,0.14190730502807275
9709,0.012120299967831497,0.044895370782112705,0.24391152587010861
9710,0.012151149390867148,0.04964131679560392,0.24807868424391802
9711,0.012203247624594765,0.05856738476345414,0.1633529235354765
9712,0.012076222630794753,0.03770801176932142,0.19560817692937268
9713,0.01219197494327803,0.057429435962592895,0.2481072642259643
9714,0.012176576834076231,0.048441065203117466,0.23663456714076186
9715,0.012136291104292507,0.04129595870607682,0.2092997109903173
9716,0.012221072409727564,0.06263277125159486,0.21606874691825886
9717,0.012080574700382329,0.0373897251903085,0.13553829544397367
9718,0.01208301299252456,0.03691523694796508,0.2989345960726269
9719,0.012152715525688631,0.05266387389325931,0.19520908024669895
9720,0.012201715332935166,0.04895421652682992,0.13666176975992153
9721,0.01210728405659736,0.04017122231970983,0.29107805752895544
9722,0.012275744238028283,0.07105178166490725,0.2280963187608313
9723,0.012153467070759413,0.04585873163951163,0.2021684261761587
9724,0.012185174033762949,0.053605049364539324,0.18611764434382336
9725,0.012092616357833817,0.0395361174395453,0.18610925799727934
9726,0.01213092733968655,0.04567538336485186,0.3154296062724375
9727,0.012161135958823455,0.05561582973839976,0.24383886834696453
9728,0.012131364006317454,0.04965132583695441,0.15276519343614528
9729,0.012325168646845741,0.07243422724202536,0.1934391027896415
9730,0.012088510187144345,0.03922750489125755,0.10998181302926567
9731,0.012131630432294423,0.04625879346439387,0.3097854617592982
9732,0.012132204615463582,0.04304400368420616,0.20170008732336556
9733,0.01223715287042412,0.0658077570179645,0.14425807970544874
9734,0.012098055412683668,0.04304875322817199,0.18987793303767012
9735,0.01224563898961111,0.06408087693632988,0.25559666022453176
9736,0.012088461403268802,0.03910126514143775,0.16139649183790622
9737,0.012104350848854063,0.0399957256075691,0.2245577604584006
9738,0.01218964912031699,0.05598760313733032,0.22328191137669678
9739,0.012129807420380926,0.04858651779310256,0.006365068374985182
9740,0.012115857470149139,0.05099154028837825,0.13321070976809196
9741,0.012065128566198414,0.04225761669564953,0.12419636424388458
9742,0.012163264039044148,0.0587130016543863,0.093083705031568
9743,0.012111513749092823,0.04255525130502713,0.16759530901271935
9744,0.012138103566714365,0.04845155873216795,0.2604111162968045
9745,0.012178871777565128,0.04547741060013829,0.25524901907359465
9746,0.012044210011213988,0.03361058716630451,0.10024401567110645
9747,0.012170344377061736,0.058779824570979335,0.2601880495459041
9748,0.012091131658671192,0.04493411312961728,0.16190683848036924
9749,0.012056808648473714,0.03517894499905441,0.2252316961419725
9750,0.01209456131280034,0.04019046746374576,0.008729891496989026
9751,0.012177102546454308,0.053159102255622696,0.27154302592158625
9752,0.012176617916235621,0.05577739215709014,0.14501779063961703
9753,0.012127068291256,0.04893819670533072,0.16690020949213977
9754,0.012201354491296607,0.06005003322293074,0.15393032144196941
9755,0.012100898995370746,0.04518854103150468,0.11767587555021161
9756,0.012151763716951796,0.053963334563196935,0.20693599228900222
9757,0.01219809146808062,0.052557662124349515,0.17445149796461218
9758,0.012242808682945678,0.06112695200643304,0.1863896738389792
9759,0.012173111013966353,0.050647566452680676,0.1649019095556667
9760,0.012180901458932343,0.05262305433743153,0.20375134671922876
9761,0.012216999198944476,0.06106341022329766,0.1476602410648973
9762,0.012132866860585335,0.04686070684456639,0.17706624573856058
9763,0.01213497458108042,0.04725637607328563,0.21250563864869337
9764,0.012192647083818882,0.05850419454310119,0.12807523090086612
9765,0.012154865850553288,0.04739797153317635,0.22799819086122405
9766,0.012104650028503758,0.04317801512448227,0.14413161971721958
9767,0.012268646337589333,0.06835188052390304,0.2620319787582136
9768,0.012116072196629447,0.04430328471599227,0.09807225626679067
9769,0.0121347230707864,0.048772952120180554,0.17784191411764788
9770,0.012119155683441943,0.04397299096223748,0.36385906426326237
9771,0.01216993782861544,0.05317741595689724,0.1613824930811101
9772,0.012157177639252902,0.04576577875841815,0.21288675331075763
9773,0.012095073904655697,0.04095470727536912,0.19159646884471818
9774,0.012143974977486394,0.04649566546315257,0.3316121836835429
9775,0.01212121920693701,0.042196825960901366,0.26756294713449885
9776,0.01215247369220594,0.04806467322915637,0.20097472880869932
9777,0.012216267466008566,0.06274923881621533,0.12091765379620283
9778,0.012104479935194356,0.04321410792713554,0.2203393514194715
9779,0.012116118354346048,0.04149219543599909,0.05478419001199603
9780,0.012162525032394596,0.053008333180934813,0.1977082440230641
9781,0.012127277081119615,0.04211171607472218,0.17858096522691327
9782,0.012165350849608207,0.04853989217833994,0.33752516523795567
9783,0.012146641827796116,0.04723322569116932,0.27061822893952736
9784,0.01212614862407759,0.04399853557095668,0.17529072873409243
9785,0.01212568563267928,0.04556612321515328,0.24210028555054236
9786,0.012131118681622399,0.049556959298905835,0.27201915748827665
9787,0.012128013831523832,0.03835163688028577,0.2101073957692419
9788,0.012193330339376422,0.05692892686732845,0.19727885214612034
9789,0.012124712958791592,0.04403982414084094,0.17817698875647867
9790,0.0121428232188967,0.04768273916763849,0.2161667590244165
9791,0.012136329947556422,0.04590425566105442,0.21794358531014546
9792,0.012126087049059205,0.04252303413362948,0.24537558575671267
9793,0.012300997902919766,0.06746716831583031,0.21418461182288182
9794,0.012221758723632086,0.05308534898944964,0.1598520779564556
9795,0.012067786564267973,0.03532314896118632,0.11102025202116515
9796,0.012211510200222136,0.05446534740334292,0.3127023816337759
9797,0.012162948755051023,0.04805755735572586,0.19216447450795676
9798,0.012149362526604271,0.043889195010405516,0.21079922425537653
9799,0.012105504584270252,0.04056431868467899,0.21469887687494726
9800,0.012127346423029248,0.04068715379355646,0.26970541152007954
9801,0.012319615331213311,0.06948627654457175,0.14064214334264827
9802,0.012191322969034727,0.04650986103483319,0.17214467016277063
9803,0.012248348103106594,0.05928785744542118,0.2399582579220973
9804,0.012080554316040456,0.034779211169256606,0.06257999676698844
9805,0.01214503629334529,0.04349487936424613,0.3379607595261453
9806,0.012094615162362793,0.03627444663662807,0.006367979528825516
9807,0.012077115106564847,0.034463064427163896,0.2797394175523737
9808,0.012115826682068575,0.04284666410983306,0.1561604406192741
9809,0.012066240556302975,0.039492815490790506,0.16327371472251487
9810,0.01214065795136425,0.05331316806975018,0.14503383976213075
9811,0.012066326943298743,0.041325988850883025,0.17929632302881351
9812,0.012141791993899635,0.053609999952841325,0.16241021399910333
9813,0.012069573973099384,0.04070594011613228,0.1365760562979646
9814,0.012147471339504883,0.04061398615425811,0.2984736485477348
9815,0.012142717651981863,0.04658783490205531,0.21562902484165414
9816,0.012080002275490519,0.03484111087419513,0.2608339299401184
9817,0.01205862097570478,0.03598492096319142,0.24343793378818396
9818,0.012210032233367899,0.06138045091057389,0.2346530078779439
9819,0.012067524845752436,0.034686644969610755,0.20002180951803022
9820,0.01217966634661814,0.05792269809852577,0.2520993132471238
9821,0.01205941240762427,0.031293064933118266,0.21613045835323622
9822,0.012080307851029827,0.041893653762679804,0.2781544222520642
9823,0.012063592482357574,0.03786062785111588,0.21299996218481243
9824,0.012093295391122558,0.040879877778390236,0.2797858692362495
9825,0.012146052615774158,0.04969262010393331,0.2308512120769677
9826,0.012227867416125238,0.06434582250072038,0.19031128546943502
9827,0.012078492837158577,0.03713770850030186,0.16680218101222852
9828,0.012174967002458972,0.041029573879063724,0.3375835385713231
9829,0.012196724965037152,0.047924097207283446,0.2961950818440959
9830,0.01204875492934324,0.02831777030195631,0.1830921143492873
9831,0.012099282285345233,0.03490779681849513,0.06784862985063998
9832,0.01214737563378542,0.04441556223661537,0.29379037048340445
9833,0.012172672606044734,0.04836925690394581,0.1979581129191863
9834,0.012113554139770652,0.045291649804867995,0.16960457608016383
9835,0.012055567561087036,0.04005564721684067,0.190066226859207
9836,0.01210565084116453,0.04864827646477078,0.15481982549968307
9837,0.012116439041277285,0.04888206166355765,0.12936912059086741
9838,0.012082583648995249,0.043678267259417584,0.22001300745819416
9839,0.012140509171415993,0.04822526728829355,0.2077315837457372
9840,0.012133698675878555,0.04466733291249468,0.28460329041878524
9841,0.012089026064539161,0.04024449790788387,0.1847472708041436
9842,0.012080323968705122,0.039980124852660885,0.21530677119966274
9843,0.012108830369540307,0.04403162586323778,0.25073235583448306
9844,0.012151373139094375,0.054094220071637125,0.17468873303469168
9845,0.0120809479635418,0.040033053189377214,0.21472427162205737
9846,0.012182523974506478,0.05680435742266092,0.2587970135528357
9847,0.012064337088048344,0.038522336350800795,0.14130286165639444
9848,0.012094256444416878,0.04539220786723712,0.27983378531242076
9849,0.012107113412218463,0.050407594864300825,0.12860406488135145
9850,0.01208118028021167,0.03907550302005432,0.2155766019216732
9851,0.01210238629631826,0.04600567612068115,0.2684315476726171
9852,0.012116239558238366,0.04588212694746585,0.008510567708940377
9853,0.012157371886403114,0.0492391646580483,0.2356329257305381
9854,0.012109757699442995,0.04408164116200193,0.23059224863792985
9855,0.012138725680007043,0.050896864596502216,0.21964272089837017
9856,0.012225931506085624,0.0598071015433929,0.3430936980107933
9857,0.012174553886641288,0.04829522449701708,0.21458307982776476
9858,0.012148875913514814,0.049103072061681165,0.08076734843409883
9859,0.012093203577153286,0.038540263875421796,0.17069156654318812
9860,0.012187024929508362,0.04750034896902828,0.24273348590800842
9861,0.012130164748626836,0.046686091725980816,0.1619832537651173
9862,0.012131499449696109,0.042757160634805336,0.20710878597169124
9863,0.012212158609795413,0.05711269731702447,0.22184016857681949
9864,0.01224968396306657,0.061866255714705665,0.1660659453913535
9865,0.012128310362075954,0.044566557148790154,0.15370248486384672
9866,0.012082612270105883,0.03747920151580347,0.2610986249575562
9867,0.012137724639523418,0.04522734691718563,0.16361889165394775
9868,0.012119990649504973,0.03856966047568606,0.3275701869523538
9869,0.012252783900433181,0.06445308696248558,0.15999673290160826
9870,0.012121637625184901,0.04499044034919903,0.10143475257599026
9871,0.012256524353046016,0.06267027368137776,0.1354092954001784
9872,0.012129811885615136,0.04168120265415859,0.22968409628930653
9873,0.012147482914648278,0.048434363746073586,0.3271068424928795
9874,0.012149386553642939,0.05057647751253181,0.22465591991266548
9875,0.012124526429025928,0.04776589035380998,0.26190680174971304
9876,0.012170529578851353,0.056132199447495146,0.17875447759659416
9877,0.012126815668364809,0.05039727495861894,0.15122629265015403
9878,0.01216367723526353,0.057182854110620907,0.1954226085615799
9879,0.012136557989564275,0.052696767665527056,0.1348359696159575
9880,0.012146448648242986,0.042246643044311416,0.2766866740349502
9881,0.012168488550905838,0.05209891757263771,0.1480721968463499
9882,0.012157366465447341,0.04975234322773148,0.17181623004404012
9883,0.012151883749289171,0.05090654265346062,0.20365223620238207
9884,0.012106028465301781,0.038215154262451034,0.1593687088007902
9885,0.012182777626154207,0.05053049981572134,0.32940360647637007
9886,0.012242521038698146,0.06092563104330057,0.050840092077513555
9887,0.01218116123921251,0.055340959465395384,0.14166139184175486
9888,0.012180635897745233,0.050713655212005326,0.1762483356715302
9889,0.012226534746017403,0.06109559969402658,0.16992318203032802
9890,0.012133829770944692,0.04710847998938466,0.146371819489261
9891,0.012206938127689177,0.05211425065900457,0.31231727455051006
9892,0.012186654425879389,0.05462708595589695,0.20457650320026682
9893,0.012180462675736808,0.04759021590862744,0.2895599007286513
9894,0.012170836961769594,0.04748810122884465,0.22319887609092842
9895,0.012174107966562629,0.046822894899977006,0.2110683497552471
9896,0.012154628499196733,0.04516071523255525,0.2154062604269206
9897,0.012237780071554651,0.061573194116982165,0.20162706185406612
9898,0.012171000978822436,0.0506785103520586,0.14925992948272837
9899,0.01218870527639561,0.05492289277741092,0.15470496465713587
9900,0.012231320260036059,0.06113779262456665,0.15728799134574373
9901,0.012113046018302093,0.041946267347221296,0.18222041397864586
9902,0.012069816395556638,0.035639518585727344,0.006445175298039522
9903,0.012140738134991867,0.048747491122133065,0.2262292783779698
9904,0.012082165987409032,0.03400097502313835,0.1864932408362993
9905,0.012140730906824387,0.04528519083333771,0.19778906723007608
9906,0.012122136799759004,0.04379174173107883,0.15627963980858967
9907,0.012069336107981153,0.03148276842884278,0.22279409097198807
9908,0.012270922902809964,0.0698551262269472,0.2973157190249364
9909,0.012075559806293134,0.038142218550656665,0.1277553169096993
9910,0.012086829741561094,0.04188046931577459,0.20660998898369087
9911,0.012050146421856303,0.030080008088273078,0.25792917687613565
9912,0.01232814898255996,0.0781222327164543,0.27122191585871247
9913,0.012063974497249885,0.031761197614434085,0.12095416245789613
9914,0.01206782012358263,0.03429724423735212,0.12893057992936321
9915,0.012088303926798707,0.04219143732715149,0.20449269557746044
9916,0.012107702811748895,0.04662581012595505,0.178512068905383
9917,0.012110985662048285,0.04850678317077804,0.18664204590737998
9918,0.012122417678477548,0.05043923674742725,0.1452306769337781
9919,0.012072979902166053,0.03508211029040918,0.2602067139446103
9920,0.01215369058253793,0.05469456086126129,0.2813963567752554
9921,0.012134474922981746,0.03717156180313463,0.19565799165889702
9922,0.012031565209808734,0.02643910434763037,0.2561590489971948
9923,0.012168709963287453,0.054367443749970684,0.29982665785052304
9924,0.012100300774331099,0.040763999215132525,0.17549552039600275
9925,0.012216472170224979,0.06244875533505621,0.16607423569127508
9926,0.012124287969952872,0.03823898417047307,0.05285036802966357
9927,0.012253400885431247,0.06263541483956223,0.24723132752249327
9928,0.012053440359156582,0.03165789238959821,0.15513250000861856
9929,0.012124472902571718,0.04578277857956067,0.1434757974152753
9930,0.012150764472012765,0.04225914847241114,0.2460702087651133
9931,0.01204157633243966,0.0343860674177939,0.16128621789347156
9932,0.012086954040869114,0.04060914599885838,0.30866709354912175
9933,0.012159517368235697,0.05673368947603404,0.2424650150694032
9934,0.012087433316056608,0.04091805585458108,0.14079515555861447
9935,0.01210349008235404,0.045070559913729255,0.23234257181436455
9936,0.0121432946220752,0.05416287127492275,0.13496179442038353
9937,0.01210355499057903,0.04529486510510084,0.15019741262429506
9938,0.01210847275189652,0.047091469883968964,0.2083688945998269
9939,0.012148785104268006,0.05192835810306659,0.19988511613274554
9940,0.012054281540922989,0.03632448782946496,0.14466983157278904
9941,0.012089260460239771,0.03982384733341824,0.26302784108317334
9942,0.012108933468409645,0.04697207215731775,0.2036833082339207
9943,0.012134362717778874,0.051388443277483986,0.1472195177585907
9944,0.012096372517749265,0.03559034653210167,0.2369954133748851
9945,0.012138905247812345,0.046576865453631225,0.29385576596176766
9946,0.012079142291484763,0.03519494694401143,0.19770224704432762
9947,0.012227040624395736,0.060725147590981104,0.26224376073288513
9948,0.012081165924717517,0.032356057592461185,0.2045531819548652
9949,0.012121071446833671,0.03843795365352799,0.24375239033015336
9950,0.012142339246335305,0.0462926147495352,0.20861590255437706
9951,0.012084046384901119,0.039323379313253096,0.25521497785795527
9952,0.012193946077444137,0.05859772685476889,0.11808957199448616
9953,0.012071132135725183,0.036661316925535085,0.16121064895295112
9954,0.012175128718197715,0.05643926734254552,0.23904035000412432
9955,0.012124315544330987,0.037045622427327535,0.2239771519306593
9956,0.012154852471066778,0.04070951208180245,0.3103288102531723
9957,0.012105252942907138,0.03697614171579629,0.14650290881176156
9958,0.012145635047613762,0.05126621331950511,0.20146905157993542
9959,0.01209280006584082,0.04016670346469397,0.21288507844406535
9960,0.012168204070387599,0.054655055324353885,0.19341077887069613
9961,0.01209784130826296,0.03958260794669522,0.18509581397633407
9962,0.012115527686803013,0.04186701195514246,0.20533099642132896
9963,0.012179601314225741,0.04932424209505498,0.218981420588767
9964,0.012043973096999004,0.03192574477586261,0.10795850370450265
9965,0.012055729496647107,0.029727144335435687,0.3918764324743444
9966,0.012121568400452495,0.040818441207562645,0.3273768551508196
9967,0.012107891818041101,0.04401585790956126,0.19450246693506437
9968,0.01217557292032705,0.058839616194523506,0.13508501080991506
9969,0.01208159181369893,0.043600721095018766,0.12573332847681024
9970,0.01208567180668551,0.03614165009731038,0.0744880786246515
9971,0.012097829956734453,0.046704496750131955,0.21979517277200827
9972,0.012118510989296259,0.04821678494669359,0.142665113409738
9973,0.012146669296242151,0.05400428569606035,0.16757400083513754
9974,0.012068908929089878,0.03872207752894596,0.18812573051847803
9975,0.012085995164652327,0.03914010691092701,0.12842508540883957
9976,0.012096228226985969,0.04702947076656313,0.18430453751553114
9977,0.01207780291280192,0.04319421003222557,0.1848930920587594
9978,0.012131887633736526,0.05225684628434006,0.17321059111711265
9979,0.012101084384790912,0.04530607836424041,0.20424746166846028
9980,0.012120112543923603,0.04756783490567913,0.16743140956495153
9981,0.012137928220099174,0.04804524618735442,0.008500074872689254
9982,0.012149745457203796,0.049980370460381195,0.2278555132912987
9983,0.012136337629692406,0.047201989950901836,0.14100957541130224
9984,0.012110822857702533,0.042114248011781166,0.13174015030670297
9985,0.012160271770910157,0.05580482892267217,0.24350132411586503
9986,0.012134644305858136,0.05149668642512029,0.199023223164375
9987,0.012088393847388525,0.03955851877737509,0.2929166331375606
9988,0.012125333698357698,0.04315070964327703,0.23519916973824456
9989,0.01217094179147482,0.04456837711140197,0.4234309443476538
9990,0.012248763181237974,0.05604760134501673,0.29115538972367944
9991,0.012124945117940072,0.0443846446718551,0.1601484959767532
9992,0.012165625048523263,0.04911176399707941,0.23345509222941024
9993,0.012063732198295879,0.033995831303797526,0.26169962957355153
9994,0.012227411832326162,0.059870318983109766,0.18793391339617863
9995,0.012129858719238567,0.04643519002581916,0.19055564170009656
9996,0.012162675900877669,0.05526479575721922,0.21056577519616143
9997,0.012103094348864925,0.04372890453573097,0.17523785543671563
9998,0.012172861422457035,0.04855746402071411,0.2224478104382197
9999,0.01214666698137348,0.05135363060061859,0.16598802127718523
