{
  "algorithm": "Gradient Descent - OLS",
  "loss_function": "OLS",
  "parameters": {
    "learning_rate": 0.3,
    "max_iterations": 10000,
    "tolerance": 1e-05,
    "step_size_method": "constant"
  },
  "training_results": {
    "training_time": 11.91853666305542,
    "converged": false,
    "final_iteration": 10000,
    "total_iterations": 10000,
    "final_loss": Infinity,
    "final_gradient_norm": Infinity,
    "best_iteration": 0,
    "best_loss": 1.2019478994236278e+53,
    "best_gradient_norm": 8.127642045335249e+26,
    "improvement_from_final": {
      "loss_improvement": Infinity,
      "gradient_improvement": Infinity,
      "iterations_earlier": 10000
    }
  },
  "weights_analysis": {
    "n_features": 62,
    "n_weights_total": 63,
    "bias_value": -1.195773175156743e+22,
    "weights_without_bias": [
      -5.317732974174009e+24,
      -8.848705548805937e+24,
      7.91468766176868e+23,
      1.8584869298328648e+25,
      5.367479333304117e+24,
      2.0747144639916084e+25,
      -2.135020780918892e+24,
      -6.915935974187082e+24,
      -4.5860307636465865e+25,
      4.334677829610395e+25,
      -5.321978274185445e+24,
      2.9109120571599315e+25,
      7.640653224881868e+23,
      -3.9821642455998515e+25,
      -4.526636173686046e+25,
      -4.526636173686046e+25,
      -4.526636173686046e+25,
      -4.528799870012383e+25,
      3.9821642455998515e+25,
      2.58538474061796e+25,
      8.539216651683498e+24,
      4.455741988092492e+25,
      5.065859566619774e+24,
      -3.87995037603318e+24,
      1.0460599734172067e+25,
      -8.848705548805937e+24,
      8.045191525102862e+24,
      -9.87630829310659e+22,
      -6.678774348912057e+24,
      -3.1599699045797675e+24,
      -3.176089553818178e+24,
      -2.652094020577027e+25,
      4.455741988092492e+25,
      -3.5206687379280116e+25,
      -5.96984736747662e+24,
      -1.5737880158700634e+25,
      -1.5764061084363609e+25,
      3.421905125821336e+24,
      2.222910849255341e+24,
      3.4409591571434744e+24,
      -6.855357952388145e+24,
      1.014234316230706e+25,
      -8.110956188564165e+24,
      -3.485493525105439e+23,
      3.704464158536646e+24,
      2.0244815793850414e+24,
      8.881521656831533e+22,
      -1.0842425092869319e+24,
      -3.1599699045797675e+24,
      4.736369415309348e+24,
      4.404813549957697e+22,
      -3.176089553818178e+24,
      1.9037133011755427e+24,
      -1.994337534211414e+24,
      -2.9420238810548057e+24,
      -3.806300588368271e+24,
      1.465267215393458e+22,
      6.06995384916156e+24,
      -2.63031428764884e+24,
      -2.8952563936251285e+24,
      5.348242218299454e+24,
      5.274367264230921e+24
    ],
    "complete_weight_vector": [
      -5.317732974174009e+24,
      -8.848705548805937e+24,
      7.91468766176868e+23,
      1.8584869298328648e+25,
      5.367479333304117e+24,
      2.0747144639916084e+25,
      -2.135020780918892e+24,
      -6.915935974187082e+24,
      -4.5860307636465865e+25,
      4.334677829610395e+25,
      -5.321978274185445e+24,
      2.9109120571599315e+25,
      7.640653224881868e+23,
      -3.9821642455998515e+25,
      -4.526636173686046e+25,
      -4.526636173686046e+25,
      -4.526636173686046e+25,
      -4.528799870012383e+25,
      3.9821642455998515e+25,
      2.58538474061796e+25,
      8.539216651683498e+24,
      4.455741988092492e+25,
      5.065859566619774e+24,
      -3.87995037603318e+24,
      1.0460599734172067e+25,
      -8.848705548805937e+24,
      8.045191525102862e+24,
      -9.87630829310659e+22,
      -6.678774348912057e+24,
      -3.1599699045797675e+24,
      -3.176089553818178e+24,
      -2.652094020577027e+25,
      4.455741988092492e+25,
      -3.5206687379280116e+25,
      -5.96984736747662e+24,
      -1.5737880158700634e+25,
      -1.5764061084363609e+25,
      3.421905125821336e+24,
      2.222910849255341e+24,
      3.4409591571434744e+24,
      -6.855357952388145e+24,
      1.014234316230706e+25,
      -8.110956188564165e+24,
      -3.485493525105439e+23,
      3.704464158536646e+24,
      2.0244815793850414e+24,
      8.881521656831533e+22,
      -1.0842425092869319e+24,
      -3.1599699045797675e+24,
      4.736369415309348e+24,
      4.404813549957697e+22,
      -3.176089553818178e+24,
      1.9037133011755427e+24,
      -1.994337534211414e+24,
      -2.9420238810548057e+24,
      -3.806300588368271e+24,
      1.465267215393458e+22,
      6.06995384916156e+24,
      -2.63031428764884e+24,
      -2.8952563936251285e+24,
      5.348242218299454e+24,
      5.274367264230921e+24,
      -1.195773175156743e+22
    ],
    "weights_stats": {
      "min": -4.5860307636465865e+25,
      "max": 4.455741988092492e+25,
      "mean": -1.6661955689967375e+24,
      "std": 2.0084436949946394e+25
    }
  },
  "convergence_analysis": {
    "iterations_to_converge": 10000,
    "best_iteration_found": 0,
    "final_cost_change": Infinity,
    "convergence_rate": "linear",
    "loss_reduction_ratio": 1.0
  },
  "algorithm_specific": {
    "gradient_descent_type": "standard",
    "step_size_method": "constant",
    "step_size_constant": true,
    "momentum_used": false,
    "returns_best_result": true,
    "backtracking_parameters": null,
    "adaptive_parameters": null
  },
  "computational_complexity": {
    "basic_metrics": {
      "function_evaluations": 6,
      "gradient_evaluations": 600,
      "matrix_vector_multiplications": 0,
      "vector_operations": 606,
      "memory_allocations": 600,
      "peak_memory_size": 63,
      "total_operations": 7598438556
    },
    "iterations": {
      "total_iterations": 599,
      "final_iteration": 10000,
      "converged": false,
      "convergence_iteration": null
    },
    "per_iteration_averages": {
      "function_evaluations_per_iter": 0.01001669449081803,
      "gradient_evaluations_per_iter": 1.001669449081803,
      "operations_per_iter": 12685206.27045075,
      "matrix_operations_per_iter": 0.0
    },
    "scalability_metrics": {
      "problem_size": {
        "n_samples": 100000,
        "n_features": 62
      },
      "problem_complexity_factor": 6200000,
      "operations_per_problem_unit": 1225.5546058064517,
      "memory_efficiency": 0.0006296096420219464,
      "theoretical_complexity": "O(100000*62*599)"
    },
    "operation_distribution": {
      "function_eval_percentage": 7.89635917403344e-08,
      "gradient_eval_percentage": 7.89635917403344e-06,
      "matrix_ops_percentage": 0.0,
      "vector_ops_percentage": 7.975322765773773e-06
    }
  }
}