iteration,loss,gradient_norm
0,50.27939556796796,10.124647038608524
1,49.260323077613556,10.00659385470043
2,48.26474160215752,9.892509229104778
3,47.291620330782735,9.781888255842363
4,46.34004884567019,9.674308285368577
5,45.409216929596646,9.569415491465227
6,44.49839795626223,9.46691356416183
7,43.60693522214717,9.366554214345236
8,42.73423069376747,9.268129215219716
9,41.87973573858007,9.171463742601548
10,41.04294348520787,9.076410809497599
11,40.22338252216317,8.982846620268457
12,39.42061169635172,8.89066669592646
13,38.63421581538757,8.799782644947452
14,37.86380209282546,8.710119473654688
15,37.10899720420098,8.62161334708068
16,36.36944484539082,8.534209725553556
17,35.644803704192526,8.447861814406801
18,34.93474577193731,8.362529274470043
19,34.238954935012444,8.278177149632947
20,33.55712579689476,8.194774975022986
21,32.888962690102396,8.112296035411015
22,32.23417884470283,8.030716748538177
23,31.59249568595314,7.9500161523000274
24,30.963642238525484,7.870175478263491
25,30.34735461877756,7.791177796942237
26,29.74337559981814,7.713007722713183
27,29.151454236822357,7.635651168301905
28,28.571345542273388,7.559095140466106
29,28.002810202632972,7.48332756992102
30,27.4456143294446,7.408337169726889
31,26.899529239106705,7.334113317336042
32,26.36433125656818,7.260645956309388
33,25.839801539032255,7.187925514387026
34,25.32572591644132,7.115942835158112
35,24.82189474607979,7.044689121041081
36,24.328102779095996,6.974155885671875
37,23.844149037126954,6.904334914119408
38,23.36983669752386,6.835218229614158
39,22.904972985935576,6.76679806569785
40,22.449369075220424,6.699066842885972
41,22.002839989832356,6.632017149088295
42,21.56520451497241,6.565641723159497
43,21.136285109915672,6.499933441057643
44,20.715907825022217,6.434885304176266
45,20.3039022220219,6.370490429488554
46,19.900101297229664,6.306742041202927
47,19.504341407403448,6.243633463679741
48,19.116462198002356,6.1811581154007085
49,18.736306533640654,6.119309503817548
50,18.36372043056416,6.058081220935387
51,17.998552991001837,5.997466939510514
52,17.64065633926638,5.937460409762211
53,17.289885559495644,5.878055456515086
54,16.94609863494155,5.819245976702158
55,16.609156388725008,5.761025937170657
56,16.27892242598618,5.703389372741976
57,15.9552630773673,5.646330384485383
58,15.638047343772973,5.589843138171704
59,15.327146842358355,5.533921862878731
60,15.022435753700915,5.4785608497248495
61,14.72379077011562,5.423754450711173
62,14.43109104507684,5.369497077655697
63,14.144218143713495,5.315783201205706
64,13.86305599434625,5.262607349916924
65,13.587490841038028,5.2099641093896825
66,13.31741119713086,5.157848121454096
67,13.052707799743624,5.1062540833973635
68,12.793273565206896,5.05517674722754
69,12.539003545411997,5.004610918968973
70,12.289794885052839,4.9545514579854
71,12.045546779739677,4.904993276327237
72,11.80616043496507,4.855931338100287
73,11.571539025902911,4.807360658853389
74,11.34158765802219,4.7592763049829925
75,11.11621332849764,4.711673393152906
76,10.895324888400209,4.664547089727768
77,10.67883300565052,4.617892610219003
78,10.466650128719284,4.5717052187421565
79,10.258690451058797,4.525980227484746
80,10.054869876250326,4.480712996183819
81,9.855105983852399,4.435898931612568
82,9.659317995935423,4.391533487075418
83,9.467426744288582,4.347612161911059
84,9.27935463828501,4.304130501003083
85,9.095025633391868,4.261084094297722
86,8.914365200311973,4.218468576328443
87,8.737300294744228,4.1762796257470916
88,8.563759327750091,4.134512964861312
89,8.393672136713867,4.093164359178039
90,8.22696995688468,4.052229616952821
91,8.063585393488307,4.011704588744829
92,7.903452394397424,3.971585166977367
93,7.746506223348832,3.93186728550375
94,7.592683433696681,3.89254691917838
95,7.441921842690831,3.8536200834329364
96,7.2941605062697645,3.8150828338575384
97,7.149339694357598,3.7769312657867586
98,7.0074008666551775,3.7391615138904593
99,6.868286648915129,3.7017697517692505
100,6.731940809691212,3.664752191554579
101,6.598308237552426,3.628105083513301
102,6.467334918752511,3.5918247156567107
103,6.338967915345648,3.5559074133538906
104,6.213155343739432,3.5203495389493895
105,6.089846353676344,3.4851474913850753
106,5.968991107635005,3.450297705826167
107,5.850540760642987,3.415796653291354
108,5.734447440492688,3.381640840286934
109,5.620664228352341,3.3478268084449243
110,5.509145139764175,3.3143511341651046
111,5.399845106021955,3.2812104282608976
112,5.292719955920335,3.248401335609072
113,5.187726397868492,3.2159205348031987
114,5.084822002360839,3.1837647378108085
115,4.983965184797573,3.151930689634214
116,4.8851151886481246,3.1204151679749392
117,4.788232068950565,3.08921498290171
118,4.693276676140318,3.058326976521964
119,4.60021064020153,3.027748022656844
120,4.508996355134647,2.9974750265195986
121,4.419596963733928,2.9675049243974043
122,4.33197634266855,2.937834683336497
123,4.246099087861451,2.9084613008306484
124,4.161930500159702,2.8793818045128674
125,4.079436571290807,2.8505932518503676
126,3.998583970099027,2.822092729842694
127,3.91934002905626,2.793877354723011
128,3.841672731041927,2.7659442716625104
129,3.765550696386473,2.7382906544778853
130,3.69094317017327,2.710913705341842
131,3.617820009793702,2.68381065449664
132,3.546151672750398,2.656978759970576
133,3.4759092047036493,2.6304153072974215
134,3.4070642277561665,2.6041176092387577
135,3.3395889289713763,2.578083005509183
136,3.2734560491206435,2.552308862504359
137,3.2086388716548098,2.526792573031862
138,3.14511121189557,2.5015315560448053
139,3.082847406442317,2.4765232563782082
140,3.0218223027901328,2.4517651444880806
141,2.962011249154727,2.427254716193185
142,2.903390084500175,2.402989492419455
143,2.845935128765396,2.378967018947027
144,2.789623173285465,2.3551848661598953
145,2.7344314714037767,2.3316406287980893
146,2.680337729271322,2.3083319257124337
147,2.6273200968293384,2.285256399621783
148,2.5753571589716184,2.2624117168727635
149,2.5244279268829692,2.2397955672019623
150,2.474511829550242,2.2174056635005455
151,2.425588705442527,2.1952397415812763
152,2.3776387943571273,2.173295559947922
153,2.33064272942799,2.1515708995669938
154,2.284581529293401,2.1300635636418455
155,2.239436590419683,2.1087713773890306
156,2.195189679577889,2.0876921878169727
157,2.1518229264703415,2.0668238635068747
158,2.109318816504095,2.046164294395856
159,2.067660183708356,2.02571139156229
160,2.026830203793034,2.005463087013345
161,1.9868123873455181,1.985417333474652
162,1.947590573163044,1.9655721041821357
163,1.9091489217178526,1.9459253926759466
164,1.87147190875253,1.9264752125964837
165,1.834544319002927,1.9072195974824904
166,1.7983512400461317,1.888156600571194
167,1.7628780562709612,1.8692842946004744
168,1.7281104429685754,1.8506007716130335
169,1.694034360540792,1.8321041427625548
170,1.6606360488237624,1.8137925381218234
171,1.6279020215246913,1.795664106492777
172,1.5958190607693916,1.777717015218494
173,1.564374211758429,1.7599494499970874
174,1.5335547775296827,1.74235961469746
175,1.503348313825246,1.7249457311769456
176,1.4737426240605283,1.7077060391007703
177,1.444725754393583,1.6906387957633668
178,1.4162859888926191,1.673742275911465
179,1.3884118447997635,1.6570147715689956
180,1.361092067889114,1.6404545918637323
181,1.334315627917296,1.6240600628557238
182,1.3080717141645697,1.607829527367417
183,1.2823497310647427,1.5917613448155177
184,1.2571392939221413,1.57585389104455
185,1.232430224713832,1.5601055581620802
186,1.2082125479754604,1.5445147543756095
187,1.1844764867690167,1.5290799038311194
188,1.1612124587308887,1.5137994464532314
189,1.1384110721986107,1.4986718377869845
190,1.1160631224147446,1.4836955488412062
191,1.0941595878063581,1.4688690659334698
192,1.0726916263385708,1.4541908905365994
193,1.0516505719407159,1.4396595391267284
194,1.0310279310036699,1.4252735430328878
195,1.010815378946927,1.4110314482881179
196,0.9910047568540028,1.3969318154820494
197,0.9715880681748895,1.382973219615019
198,0.9525574754941025,1.369154249953603
199,0.933905297363118,1.3554735098876298
200,0.9156240051958712,1.3419296167886328
201,0.8977062202260708,1.328521201869722
202,0.8801447105250708,1.31524691004685
203,0.8629323880791655,1.3021053998015195
204,0.8460623059250237,1.2890953430448133
205,0.8295276553421876,1.2762154249828324
206,0.8133217631014531,1.263464343983469
207,0.7974380887680607,1.2508408114445362
208,0.7818702220585301,1.2383435516631967
209,0.7666118802501692,1.2259713017067289
210,0.7516569056421245,1.2137228112845817
211,0.7369992630669794,1.2015968426217034
212,0.7226330374519367,1.1895921703331838
213,0.708552431428479,1.1777075813000937
214,0.6947517629896949,1.1659418745466343
215,0.6812254631941862,1.1542938611184763
216,0.6679680739157255,1.1427623639623494
217,0.65497424563768,1.1313462178068157
218,0.6422387352913771,1.1200442690442702
219,0.629756404137476,1.1088553756141022
220,0.6175222156895334,1.0977784068870375
221,0.6055312336788904,1.086812243550646
222,0.5937786200601005,1.075955777496002
223,0.5822596330560245,1.0652079117054638
224,0.5709696252418774,1.0545675601416042
225,0.5599040416674012,1.0440336476372425
226,0.54905841801641,1.0336051097865753
227,0.5384283788029915,1.0232808928374137
228,0.528009635603613,1.0130599535845048
229,0.5177979853243986,1.0029412592638942
230,0.5077893085029189,0.9929237874483796
231,0.4979795676437904,0.9830065259440107
232,0.48836480558739376,0.973188472687616
233,0.47894114391105497,0.9634686356453507
234,0.46970478136208027,0.9538460327122894
235,0.4606519923219632,0.9443196916130052
236,0.4517791253011633,0.9348886498031486
237,0.44308260146384937,0.9255519543720169
238,0.43455891318202805,0.9163086619461163
239,0.4262046226184059,0.9071578385936502
240,0.41801636033750605,0.8980985597300096
241,0.4099908239444185,0.8891299100241957
242,0.40212477675062813,0.880250983306167
243,0.39441504646640957,0.871460882475125
244,0.3868585239192712,0.8627587194087434
245,0.3794521617978717,0.8541436148732647
246,0.3721929734209635,0.8456146984345316
247,0.36507803153082363,0.8371711083698853
248,0.35810446711072497,0.828811991580985
249,0.3512694682259147,0.8205365035074541
250,0.34457027888768216,0.8123438080414278
251,0.3380041979400282,0.8042330774429393
252,0.33156857796849887,0.7962034922561636
253,0.32526082423073394,0.7882542412264953
254,0.3190783936083088,0.7803845212184696
255,0.31301879357941687,0.7725935371344724
256,0.3070795812120364,0.7648805018343208
257,0.30125836217710056,0.7572446360555951
258,0.29555278978132726,0.7496851683348006
259,0.2899605640193009,0.742201334929315
260,0.28447943064441233,0.7347923797401145
261,0.2791071802582823,0.727457554235258
262,0.2738416474183409,0.7201961173741848
263,0.26868070976312686,0.7130073355327149
264,0.26362228715502645,0.7058904824288413
265,0.2586643408400634,0.6988448390492517
266,0.25380487262440626,0.6918696935765787
267,0.2490419240672727,0.6849643413173896
268,0.24437357568990087,0.6781280846309056
269,0.2397979462002481,0.6713602328584087
270,0.2353131917331452,0.664660102253394
271,0.23091750510553552,0.6580270159123675
272,0.22660911508658846,0.6514603037064124
273,0.22238628568228386,0.6449593022133605
274,0.21824731543428086,0.6385233546507117
275,0.21419053673270316,0.6321518108091676
276,0.2102143151426346,0.6258440269868846
277,0.20631704874399293,0.6195993659243448
278,0.20249716748455251,0.6134171967398976
279,0.19875313254584248,0.6072968948659445
280,0.19508343572166947,0.6012378419857737
281,0.19148659880899072,0.5952394259709978
282,0.18796117301093174,0.5893010408196524
283,0.18450573835166784,0.5834220865948916
284,0.1811189031029611,0.577601969364309
285,0.17779930322210585,0.5718401011398662
286,0.1745456018010577,0.5661358998184174
287,0.1713564885265252,0.5604887891228263
288,0.16823067915081502,0.5548981985436948
289,0.16516691497319552,0.5493635632816465
290,0.16216396233158756,0.5438843241902045
291,0.1592206121043717,0.538459927719241
292,0.1563356792221095,0.533089825858992
293,0.1535080021889816,0.5277734760846318
294,0.15073644261374233,0.522510341301394
295,0.14801988475002564,0.5172998897902668
296,0.14535723504577644,0.5121415951541972
297,0.14274742170167026,0.5070349362648702
298,0.14018939423830332,0.5019793972099907
299,0.1376821230720087,0.4969744672411191
300,0.13522459909910256,0.4920196407220038
301,0.13281583328841304,0.48711441707745623
302,0.13045485628191,0.4822583007427155
303,0.128140718003291,0.4774508011133418
304,0.125872487274343,0.47269143249558354
305,0.12364925143895804,0.4679797140572819
306,0.12147011599460714,0.46331516977921805
307,0.11933420423116982,0.458697328406995
308,0.11724065687693742,0.4541257234033704
309,0.1151886317516596,0.4495998929010673
310,0.11317730342650863,0.445119379656086
311,0.11120586289078883,0.4406837310014362
312,0.10927351722530713,0.43629249880139576
313,0.10737948928220842,0.4319452394061534
314,0.10552301737121256,0.42764151360696995
315,0.10370335495207783,0.42338088659175316
316,0.10191977033318632,0.4191629279010813
317,0.10017154637613618,0.41498721138468747
318,0.09845798020619748,0.41085331515834794
319,0.0967783829285445,0.40676082156123355
320,0.09513207935011424,0.40270931711364333
321,0.09351840770703664,0.39869839247524824
322,0.0919367193974399,0.39472764240363645
323,0.09038637871961139,0.3907966657133666
324,0.08886676261535129,0.38690506523539137
325,0.08737726041843447,0.3830524477768879
326,0.08591727360808302,0.3792384240815052
327,0.08448621556733668,0.3754626087899917
328,0.08308351134623711,0.3717246204012289
329,0.08170859742972598,0.3680240812336644
330,0.08036092151014854,0.36436061738709197
331,0.0790399422643042,0.36073385870487196
332,0.07774512913491312,0.3571434387364742
333,0.07647596211644583,0.35358899470043564
334,0.07523193154520565,0.3500701674476667
335,0.07401253789359469,0.3465866014251415
336,0.07281729156846445,0.3431379446399271
337,0.07164571271348791,0.33972384862359933
338,0.07049733101546045,0.3363439683970057
339,0.06937168551445094,0.33299796243536717
340,0.06826832441773927,0.32968549263375746
341,0.06718680491744283,0.32640622427288973
342,0.06612669301178967,0.3231598259852968
343,0.0650875633299266,0.3199459697217882
344,0.06406899896023184,0.3167643307182998
345,0.0630705912820336,0.3136145874630427
346,0.062091939800677065,0.31049642166398306
347,0.06113265198587822,0.30740951821666307
348,0.06019234311328943,0.30435356517233014
349,0.059270636109219066,0.30132825370639
350,0.058367161398440774,0.29833327808717586
351,0.057481556755028834,0.2953683356450253
352,0.05661346715616359,0.29243312674167143
353,0.055762544638845744,0.28952735473994323
354,0.054928448159462,0.28665072597376845
355,0.05411084345613943,0.2838029497184612
356,0.05330940291384609,0.2809837381613303
357,0.05252380543217079,0.2781928063725669
358,0.05175373629573355,0.2754298722764218
359,0.05099888704717865,0.27269465662268905
360,0.05025895536268939,0.2699868829584534
361,0.04953364492998171,0.26730627760012987
362,0.04882266532872698,0.2646525696057889
363,0.048125731913348985,0.26202549074774023
364,0.047442565698160605,0.25942477548542164
365,0.04677289324477522,0.2568501609385166
366,0.04611644655176883,0.2543013868603851
367,0.04547296294653124,0.2517781956117333
368,0.044842184979268826,0.24928033213454862
369,0.04422386031911829,0.2468075439263033
370,0.043617741652326195,0.2443595810144102
371,0.043023586582456294,0.24193619593094565
372,0.042441157532577864,0.2395371436876047
373,0.04187022164940352,0.2371621817509215
374,0.04131055070933438,0.2348110700177391
375,0.04076192102637219,0.23248357079091614
376,0.040224113361864,0.2301794487552753
377,0.03969691283604614,0.2278984709538105
378,0.039180108841340426,0.22564040676409985
379,0.03867349495738435,0.22340502787499117
380,0.038176868867744185,0.22119210826349006
381,0.0376900322782887,0.21900142417189447
382,0.037212790837188474,0.21683275408516414
383,0.03674495405649962,0.214685878708487
384,0.03628633523531641,0.21256058094510624
385,0.03583675138445,0.21045664587436066
386,0.03539602315259754,0.20837386072990374
387,0.034963974753993585,0.20631201487820472
388,0.03454043389749227,0.20427089979722574
389,0.034125231717057884,0.20225030905529726
390,0.03371820270364945,0.20025003829026194
391,0.03331918463844876,0.19826988518876765
392,0.03292801852742214,0.19630964946579516
393,0.03254454853718245,0.19436913284438198
394,0.0321686219321311,0.19244813903556993
395,0.031800089012843716,0.19054647371851713
396,0.03143880305568784,0.18866394452084295
397,0.031084620253635613,0.1868003609991347
398,0.030737399658261135,0.1849555346196885
399,0.030397003122885614,0.18312927873940976
400,0.03006329524685596,0.1813214085869168
401,0.02973614332093297,0.17953174124384053
402,0.02941541727376291,0.17776009562629216
403,0.029100989619417574,0.17600629246653873
404,0.028792735405973855,0.17427015429483617
405,0.02849053216512,0.17255150542146647
406,0.028194259862762833,0.17085017191894483
407,0.02790380085061589,0.16916598160439597
408,0.027619039818752914,0.1674987640221177
409,0.02733986374910478,0.16584835042631718
410,0.02706616186988088,0.16421457376401613
411,0.026797825610896962,0.1625972686581249
412,0.026534748559792442,0.1609962713906888
413,0.026276826419117424,0.15941141988629673
414,0.026023956964275535,0.1578425536956658
415,0.025776040002300042,0.15628951397937027
416,0.025532977331455032,0.15475214349176414
417,0.02529467270163202,0.15323028656501145
418,0.02506103177554608,0.1517237890933509
419,0.024831962090690194,0.1502324985174292
420,0.02460737302205906,0.14875626380887175
421,0.02438717574560524,0.14729493545494834
422,0.024171283202427504,0.14584836544342483
423,0.02395961006366876,0.1444164072475485
424,0.023752072696113315,0.1429989158111887
425,0.023548589128469435,0.14159574753413262
426,0.023349079018318543,0.14020676025749942
427,0.023153463619728497,0.13883181324934543
428,0.022961665751504993,0.13747076719036938
429,0.022773609766076282,0.13612348415977252
430,0.022589221519000488,0.13478982762128608
431,0.022408428339071283,0.1334696624092768
432,0.022231158999028684,0.13216285471506883
433,0.02205734368684368,0.1308692720733354
434,0.021886913977576236,0.12958878334864252
435,0.021719802805797554,0.12832125872215913
436,0.02155594443855605,0.12706656967846364
437,0.02139527444888021,0.1258245889924735
438,0.021237729689814015,0.12459519071654737
439,0.021083248268963312,0.12337825016767201
440,0.02093176952355193,0.12217364391480383
441,0.02078323399597083,0.1209812497663094
442,0.020637583409818132,0.1198009467575689
443,0.02049476064641061,0.11863261513865866
444,0.02035470972176588,0.11747613636218553
445,0.020217375764039855,0.11633139307121886
446,0.020082704991416806,0.11519826908737586
447,0.01995064469043476,0.11407664939898421
448,0.01982114319474465,0.11296642014938747
449,0.019694149864290696,0.11186746862535149
450,0.019569615064906818,0.11077968324560487
451,0.01944749014831598,0.10970295354946524
452,0.019327727432528842,0.108637170185591
453,0.019210280182634102,0.10758222490086163
454,0.01909510259196672,0.10653801052932624
455,0.01898214976365452,0.10550442098129997
456,0.018871377692529334,0.10448135123254093
457,0.018762743247399745,0.103468697313552
458,0.018656204153675825,0.10246635629898303
459,0.01855171897633665,0.10147422629710785
460,0.018449247103242732,0.10049220643946521
461,0.01834874872877409,0.09952019687054146
462,0.018250184837796675,0.09855809873757979
463,0.018153517189948433,0.09760581418049998
464,0.018058708304235695,0.09666324632189195
465,0.017965721443937228,0.09573029925712266
466,0.017874520601809107,0.09480687804454278
467,0.017785070485581117,0.09389288869576343
468,0.01769733650374585,0.09298823816607027
469,0.017611284751625978,0.09209283434488412
470,0.01752688199772231,0.09120658604635455
471,0.017444095670330593,0.09032940300001435
472,0.017362893844426356,0.08946119584154501
473,0.017283245228809266,0.08860187610361786
474,0.0172051191535039,0.08775135620683232
475,0.01712848555741148,0.08690954945074635
476,0.017053314976206064,0.08607637000497914
477,0.016979578530471568,0.0852517329004049
478,0.016907247914076207,0.08443555402044561
479,0.016836295382775632,0.08362775009241954
480,0.01676669374304569,0.08282823867900921
481,0.016698416341134822,0.08203693816978103
482,0.01663143705233514,0.08125376777279869
483,0.016565730270466216,0.08047864750630945
484,0.0165012708975698,0.07971149819053173
485,0.016438034333806993,0.07895224143949096
486,0.01637599646755874,0.07820079965296331
487,0.01631513366572114,0.0774570960084718
488,0.01625542276419442,0.07672105445336642
489,0.01619684105856203,0.07599259969699243
490,0.01613936629495406,0.07527165720292021
491,0.01608297666109202,0.07455815318124524
492,0.01602765077751265,0.07385201458097299
493,0.015973367688966233,0.07315316908247656
494,0.01592010685598475,0.07246154509000859
495,0.015867848146618974,0.0717770717243032
496,0.01581657182833964,0.07109967881524301
497,0.01576625856009891,0.07042929689458506
498,0.015716889384550743,0.06976585718877173
499,0.015668445720424883,0.06910929161179162
500,0.015620909355053579,0.06845953275812611
501,0.015574262437046297,0.0678165138957502
502,0.015528487469109809,0.0671801689591979
503,0.015483567301011372,0.06655043254269483
504,0.015439485122682813,0.06592723989337194
505,0.015396224457459634,0.0653105269045103
506,0.015353769155456104,0.06470023010887083
507,0.015312103387072073,0.06409628667208896
508,0.015271211636627823,0.06349863438611368
509,0.015231078696126742,0.06290721166272382
510,0.015191689659141125,0.062321957527096565
511,0.015153029914819847,0.06174281161143462
512,0.015115085142015443,0.0611697141486602
513,0.015077841303527382,0.060602605966156575
514,0.015041284640460678,0.06004142847958255
515,0.015005401666694925,0.05948612368671448
516,0.014970179163465994,0.05893663416139003
517,0.014935604174053246,0.05839290304747171
518,0.014901663998572599,0.05785487405286768
519,0.014868346188874603,0.05732249144363463
520,0.014835638543542468,0.05679570003810877
521,0.014803529102989849,0.05627444520109538
522,0.014772006144656577,0.05575867283812053
523,0.014741058178299652,0.055248329389731156
524,0.014710673941377836,0.05474336182584613
525,0.014680842394527474,0.05424371764015064
526,0.014651552717129536,0.053749344844563327
527,0.014622794302963529,0.053260191963732065
528,0.014594556755948947,0.052776208029600584
529,0.014566829885969612,0.052297342575990884
530,0.014539603704783438,0.05182354563328229
531,0.014512868422011738,0.05135476772310198
532,0.014486614441208497,0.05089095985307296
533,0.014460832356008528,0.050432073511619206
534,0.014435512946351535,0.04997806066280869
535,0.014410647174781898,0.04952887374125516
536,0.01438622618282062,0.049084465647039034
537,0.014362241287411426,0.04864478974071261
538,0.014338683977435804,0.04820979983832151
539,0.014315545910298277,0.047779450206486926
540,0.014292818908579086,0.04735369555752177
541,0.01427049495675381,0.04693249104460686
542,0.014248566197977573,0.04651579225698846
543,0.0142270249309342,0.04610355521525037
544,0.01420586360674658,0.045695736366592125
545,0.014185074825950153,0.04529229258019239
546,0.014164651335525068,0.0448931811425786
547,0.014144586025987631,0.044498359753049097
548,0.014124871928541179,0.04410778651917082
549,0.01410550221228071,0.043721419952255536
550,0.01408647018145581,0.04333921896294024
551,0.014067769272786183,0.042961142856765264
552,0.014049393052831217,0.042587151329812854
553,0.014031335215412501,0.042217204464398035
554,0.014013589579085927,0.0418512627247648
555,0.013996150084665713,0.04148928695286013
556,0.01397901079279642,0.0411312383641206
557,0.013962165881574276,0.04077707854332267
558,0.013945609644214683,0.04042676944044801
559,0.013929336486766843,0.0400802733666037
560,0.013913340925874049,0.03973755298999272
561,0.01389761758657707,0.039398571331881946
562,0.013882161200163412,0.039063291762670545
563,0.013866966602056895,0.038731677997932056
564,0.013852028729751286,0.03840369409455058
565,0.013837342620783523,0.038079304446855484
566,0.013822903410748226,0.037758473782825985
567,0.013808706331350572,0.037441167160295656
568,0.013794746708499367,0.03712734996324511
569,0.013781019960436501,0.03681698789808516
570,0.013767521595904884,0.03651004699001518
571,0.013754247212351455,0.03620649357938476
572,0.013741192494167085,0.035906294318121035
573,0.01372835321096085,0.035609416166182475
574,0.01371572521586887,0.035315826388052064
575,0.013703304443896495,0.03502549254926565
576,0.013691086910293467,0.03473838251297335
577,0.013679068708961833,0.0344544644365568
578,0.013667246010894668,0.03417370676825671
579,0.013655615062646759,0.03389607824386343
580,0.013644172184835239,0.03362154788343615
581,0.013632913770669117,0.0333500849880305
582,0.013621836284510143,0.03308165913652284
583,0.013610936260460355,0.03281624018242264
584,0.013600210300978357,0.03255379825072968
585,0.013589655075523364,0.032294303734851634
586,0.0135792673192258,0.03203772729353169
587,0.013569043831584509,0.03178403984783172
588,0.013558981475189571,0.031533212578135246
589,0.013549077174471411,0.03128521692121835
590,0.013539327914472958,0.03104002456730569
591,0.013529730739648565,0.03079760745723031
592,0.013520282752684439,0.030557937779560725
593,0.013510981113344563,0.0303209879678298
594,0.013501823037337688,0.030086730697741246
595,0.013492805795208722,0.02985513888447141
596,0.013483926711250302,0.029626185679950557
597,0.013475183162437558,0.029399844470233027
598,0.013466572577382784,0.0291760888728605
599,0.01345809243531177,0.02895489273429474
600,0.013449740265060262,0.028736230127375244
601,0.01344151364408983,0.028520075348803763
602,0.013433410197524105,0.028306402916687005
603,0.013425427597203405,0.028095187568090534
604,0.013417563560758999,0.02788640425666461
605,0.013409815850704648,0.02768002815026143
606,0.013402182273547239,0.027476034628631834
607,0.013394660678914648,0.02727439928113658
608,0.013387248958700521,0.027075097904485142
609,0.013379945046226947,0.026878106500542804
610,0.013372746915423162,0.026683401274149324
611,0.013365652580020489,0.026490958630974316
612,0.01335866009276355,0.026300755175418588
613,0.013351767544637166,0.026112767708552233
614,0.013344973064108426,0.025926973226079137
615,0.01333827481638392,0.025743348916347813
616,0.013331671002681594,0.025561872158387546
617,0.01332515985951741,0.025382520519994876
618,0.013318739658005672,0.02520527175583785
619,0.013312408703173658,0.025030103805608755
620,0.013306165333289832,0.024856994792214662
621,0.01330000791920496,0.024685923019982795
622,0.013293934863707004,0.024516866972927726
623,0.013287944600888222,0.024349805313029896
624,0.013282035595525188,0.02418471687856605
625,0.013276206342471081,0.024021580682464554
626,0.013270455366059766,0.023860375910690693
627,0.013264781219522162,0.02370108192067969
628,0.01325918248441384,0.02354367823978972
629,0.013253657770054189,0.023388144563795236
630,0.013248205712976432,0.023234460755403016
631,0.013242824976389114,0.02308260684282152
632,0.013237514249647713,0.022932563018337588
633,0.013232272247737006,0.02278430963694207
634,0.013227097710763703,0.02263782721497461
635,0.013221989403459106,0.022493096428808805
636,0.013216946114691984,0.022350098113576435
637,0.013211966656990093,0.022208813261879436
638,0.013207049866072696,0.022069223022591955
639,0.013202194600391083,0.021931308699646122
640,0.01319739974067892,0.021795051750861605
641,0.013192664189511314,0.021660433786810936
642,0.013187986870872564,0.0215274365696982
643,0.013183366729732554,0.02139604201226974
644,0.013178802731631703,0.021266232176761823
645,0.013174293862273792,0.02113798927385363
646,0.013169839127127457,0.021011295661674617
647,0.013165437551034864,0.02088613384480492
648,0.013161088177828708,0.0207624864733207
649,0.013156790069956703,0.02064033634186308
650,0.013152542308113293,0.020519666388717654
651,0.013148343990879014,0.0204004596949329
652,0.013144194234366585,0.02028269948343944
653,0.013140092171874616,0.020166369118221585
654,0.01313603695354761,0.020051452103476836
655,0.013132027746042945,0.019937932082812714
656,0.013128063732204626,0.019825792838466846
657,0.013124144110743339,0.019715018290537952
658,0.013120268095922679,0.019605592496230142
659,0.013116434917252104,0.019497499649132142
660,0.013112643819185468,0.019390724078496662
661,0.013108894060825778,0.019285250248540938
662,0.013105184915635846,0.019181062757766945
663,0.013101515671154614,0.019078146338297106
664,0.01309788562871907,0.018976485855214928
665,0.013094294103191862,0.018876066305933487
666,0.013090740422693864,0.018776872819554154
667,0.013087223928342726,0.01867889065626762
668,0.013083743973996025,0.018582105206744432
669,0.013080299925999916,0.01848650199154332
670,0.01307689116294234,0.01839206666052769
671,0.013073517075411715,0.018298784992303026
672,0.013070177065759601,0.018206642893633197
673,0.013066870547869239,0.01811562639891929
674,0.013063596946927299,0.01802572166961941
675,0.013060355699201269,0.017936914993726683
676,0.013057146251820735,0.01784919278523589
677,0.013053968062563117,0.01776254158361365
678,0.013050820599643586,0.017676948053270046
679,0.01304770334150925,0.01759239898305411
680,0.013044615776637515,0.01750888128573595
681,0.013041557403338006,0.017426381997490033
682,0.013038527729559019,0.017344888277400848
683,0.013035526272697301,0.017264387406949796
684,0.013032552559412023,0.017184866789521136
685,0.013029606125441988,0.01710631394989323
686,0.013026686515426907,0.017028716533746532
687,0.01302379328273194,0.01695206230716134
688,0.013020925989275811,0.016876339156121398
689,0.013018084205362348,0.016801535086012048
690,0.013015267509515198,0.016727638221118828
691,0.013012475488316197,0.01665463680413369
692,0.013009707736246498,0.016582519195644282
693,0.013006963855531064,0.016511273873630515
694,0.013004243455986365,0.016440889432958124
695,0.01300154615487086,0.016371354584873456
696,0.012998871576738541,0.016302658156477762
697,0.012996219353295443,0.01623478909022177
698,0.012993589123258868,0.016167736443380168
699,0.012990980532219578,0.016101489387530022
700,0.012988393232506387,0.016036037208012385
701,0.012985826883053971,0.015971369303414668
702,0.012983281149272729,0.01590747518501529
703,0.01298075570292165,0.015844344476256655
704,0.012978250221983357,0.0157819669121793
705,0.012975764390542,0.015720332338884598
706,0.012973297898663286,0.01565943071296602
707,0.012970850442276843,0.01559925210094282
708,0.012968421723061162,0.015539786678690135
709,0.012966011448330837,0.015481024730870147
710,0.012963619330925604,0.015422956650338533
711,0.012961245089102067,0.015365572937557987
712,0.01295888844642733,0.015308864200006062
713,0.012956549131674718,0.015252821151566192
714,0.012954226878721765,0.015197434611931335
715,0.012951921426449922,0.015142695505975471
716,0.012949632518646583,0.01508859486314656
717,0.0129473599039087,0.01503512381682779
718,0.012945103335548647,0.014982273603711967
719,0.012942862571501632,0.014930035563155919
720,0.012940637374235278,0.014878401136540792
721,0.012938427510660667,0.014827361866614182
722,0.012936232752045336,0.014776909396831694
723,0.01293405287392805,0.014727035470701184
724,0.012931887656034957,0.01467773193109754
725,0.012929736882197828,0.01462899071960005
726,0.012927600340273581,0.014580803875802486
727,0.012925477822065443,0.014533163536623735
728,0.012923369123245968,0.014486061935622968
729,0.012921274043281144,0.014439491402293475
730,0.012919192385356323,0.014393444361359805
731,0.012917123956303433,0.014347913332070373
732,0.012915068566529806,0.014302890927483417
733,0.012913026029948167,0.014258369853744068
734,0.012910996163908301,0.014214342909365338
735,0.0129089787891298,0.014170802984498528
736,0.012906973729636364,0.014127743060199026
737,0.01290498081269118,0.014085156207691116
738,0.012902999868733908,0.014043035587631625
739,0.012901030731318399,0.01400137444935735
740,0.01289907323705227,0.013960166130145536
741,0.012897127225537111,0.013919404054458415
742,0.012895192539310228,0.013879081733189486
743,0.012893269023787481,0.013839192762912574
744,0.012891356527207016,0.013799730825111085
745,0.012889454900574504,0.013760689685426647
746,0.01288756399760907,0.013722063192889522
747,0.012885683674690613,0.013683845279153834
748,0.012883813790807965,0.013646029957729983
749,0.012881954207508073,0.013608611323213275
750,0.012880104788846372,0.013571583550513812
751,0.012878265401337914,0.013534940894084841
752,0.012876435913909606,0.013498677687147485
753,0.012874616197853333,0.013462788340919997
754,0.012872806126780002,0.01342726734383903
755,0.012871005576574612,0.013392109260791494
756,0.012869214425351938,0.013357308732330746
757,0.012867432553413456,0.013322860473908531
758,0.012865659843204777,0.013288759275099865
759,0.012863896179274116,0.01325499999882262
760,0.01286214144823162,0.013221577580575223
761,0.012860395538709293,0.013188487027654149
762,0.012858658341321865,0.01315572341838668
763,0.012856929748628492,0.013123281901362499
764,0.012855209655094995,0.013091157694663073
765,0.012853497957057078,0.013059346085094929
766,0.012851794552684074,0.013027842427424335
767,0.012850099341943607,0.012996642143618713
768,0.012848412226566682,0.012965740722076487
769,0.012846733110013804,0.012935133716880196
770,0.01284506189744147,0.01290481674703197
771,0.012843398495669456,0.012874785495705667
772,0.012841742813148774,0.01284503570949502
773,0.012840094759930124,0.012815563197663811
774,0.01283845424763318,0.012786363831407853
775,0.012836821189416273,0.012757433543111135
776,0.012835195499946779,0.012728768325606389
777,0.012833577095372101,0.01270036423144732
778,0.012831965893291154,0.012672217372174112
779,0.012830361812726482,0.01264432391759052
780,0.01282876477409687,0.012616680095040548
781,0.01282717469919056,0.01258928218869328
782,0.012825591511138889,0.012562126538825527
783,0.012824015134390573,0.012535209541117597
784,0.01282244549468638,0.012508527645945317
785,0.012820882519034425,0.012482077357683585
786,0.012819326135685828,0.012455855234007142
787,0.012817776274110916,0.01242985788520327
788,0.012816232864975852,0.012404081973486194
789,0.012814695840119876,0.012378524212316049
790,0.01281316513253275,0.012353181365724122
791,0.01281164067633275,0.012328050247640719
792,0.012810122406745303,0.012303127721232572
793,0.012808610260081598,0.012278410698243175
794,0.01280710417371804,0.012253896138334988
795,0.012805604086075884,0.012229581048445824
796,0.012804109936601367,0.012205462482142024
797,0.012802621665746113,0.012181537538980393
798,0.012801139214948035,0.012157803363876464
799,0.012799662526612627,0.012134257146479312
800,0.012798191544094438,0.01211089612054906
801,0.012796726211679257,0.012087717563342863
802,0.012795266474566165,0.012064718795003029
803,0.012793812278850476,0.01204189717795664
804,0.01279236357150653,0.012019250116314042
805,0.012790920300371187,0.011996775055281923
806,0.012789482414127392,0.011974469480571025
807,0.012788049862288285,0.011952330917822617
808,0.012786622595181363,0.011930356932028112
809,0.012785200563933204,0.011908545126964255
810,0.012783783720454396,0.01188689314463176
811,0.012782372017424581,0.011865398664694453
812,0.012780965408278203,0.011844059403934022
813,0.012779563847190051,0.011822873115701078
814,0.01277816728906153,0.011801837589382221
815,0.012776775689506876,0.011780950649861475
816,0.01277538900483976,0.011760210156996893
817,0.012774007192060195,0.01173961400510003
818,0.012772630208841687,0.011719160122422499
819,0.012771258013518505,0.011698846470643105
820,0.012769890565073421,0.011678671044370535
821,0.012768527823125536,0.011658631870642923
822,0.012767169747918335,0.011638727008439646
823,0.012765816300308068,0.011618954548192593
824,0.012764467441752329,0.0115993126113113
825,0.012763123134298799,0.011579799349707874
826,0.012761783340574245,0.01156041294532807
827,0.012760448023773827,0.011541151609693705
828,0.012759117147650408,0.011522013583441721
829,0.012757790676504314,0.011502997135879777
830,0.012756468575173067,0.011484100564536194
831,0.012755150809021489,0.011465322194726596
832,0.012753837343931878,0.01144666037911593
833,0.012752528146294555,0.011428113497295701
834,0.0127512231829983,0.011409679955358784
835,0.012749922421421266,0.01139135818548409
836,0.012748625829421935,0.01137314664552797
837,0.01274733337533024,0.011355043818615284
838,0.012746045027938864,0.011337048212742382
839,0.012744760756494822,0.011319158360380634
840,0.012743480530691008,0.011301372818090091
841,0.012742204320658087,0.011283690166132752
842,0.01274093209695644,0.011266109008096355
843,0.0127396638305683,0.011248627970518902
844,0.01273839949289008,0.011231245702523863
845,0.012737139055724728,0.011213960875452128
846,0.012735882491274365,0.011196772182509676
847,0.012734629772133015,0.011179678338411676
848,0.012733380871279506,0.011162678079035857
849,0.012732135762070329,0.011145770161076804
850,0.012730894418232996,0.011128953361713467
851,0.012729656813859146,0.011112226478270872
852,0.01272842292339801,0.011095588327893981
853,0.012727192721650004,0.011079037747224981
854,0.012725966183760274,0.011062573592084431
855,0.012724743285212555,0.011046194737152572
856,0.01272352400182308,0.011029900075668841
857,0.01272230830973455,0.011013688519117607
858,0.012721096185410315,0.010997558996933431
859,0.012719887605628597,0.010981510456203526
860,0.012718682547476897,0.010965541861376348
861,0.01271748098834638,0.010949652193974514
862,0.012716282905926564,0.010933840452310169
863,0.0127150882781999,0.010918105651210468
864,0.012713897083436603,0.010902446821739622
865,0.01271270930018959,0.010886863010929605
866,0.012711524907289322,0.010871353281515516
867,0.012710343883839043,0.010855916711672025
868,0.012709166209209874,0.010840552394756012
869,0.012707991863036077,0.01082525943905334
870,0.012706820825210423,0.01081003696752658
871,0.0127056530758797,0.010794884117572299
872,0.012704488595440168,0.01077980004077666
873,0.012703327364533211,0.01076478390267657
874,0.012702169364041059,0.010749834882524395
875,0.012701014575082584,0.010734952173060171
876,0.012699862979009107,0.01072013498028069
877,0.012698714557400464,0.010705382523217288
878,0.012697569292060921,0.010690694033715023
879,0.012696427165015305,0.010676068756215146
880,0.01269528815850525,0.010661505947543663
881,0.012694152254985356,0.010647004876700313
882,0.012693019437119594,0.010632564824650957
883,0.012691889687777631,0.01061818508412649
884,0.012690762990031319,0.010603864959419708
885,0.012689639327151269,0.010589603766192163
886,0.012688518682603374,0.010575400831278147
887,0.012687401040045515,0.010561255492494809
888,0.01268628638332428,0.010547167098454407
889,0.012685174696471763,0.010533135008381357
890,0.012684065963702383,0.01051915859192861
891,0.01268296016940982,0.010505237229001553
892,0.01268185729816395,0.01049137030958072
893,0.01268075733470796,0.010477557233551352
894,0.0126796602639553,0.010463797410530648
895,0.012678566070986944,0.01045009025970462
896,0.012677474741048456,0.010436435209658985
897,0.012676386259547416,0.010422831698223708
898,0.012675300612050473,0.010409279172308262
899,0.012674217784280954,0.010395777087749988
900,0.012673137762116073,0.010382324909158093
901,0.012672060531584466,0.01036892210976291
902,0.012670986078863682,0.01035556817126903
903,0.012669914390277688,0.010342262583706139
904,0.012668845452294526,0.010329004845288993
905,0.012667779251523863,0.010315794462272971
906,0.012666715774714767,0.010302630948818685
907,0.01266565500875337,0.010289513826852685
908,0.012664596940660649,0.010276442625934381
909,0.012663541557590237,0.010263416883123516
910,0.012662488846826265,0.010250436142852482
911,0.012661438795781316,0.010237499956795808
912,0.01266039139199426,0.010224607883747891
913,0.012659346623128263,0.010211759489496751
914,0.012658304476968824,0.010198954346705653
915,0.012657264941421793,0.010186192034791913
916,0.012656228004511463,0.01017347213981217
917,0.012655193654378649,0.010160794254344142
918,0.012654161879278938,0.010148157977377566
919,0.01265313266758076,0.010135562914198943
920,0.012652106007763697,0.01012300867628586
921,0.012651081888416675,0.010110494881196785
922,0.0126500602982363,0.010098021152467735
923,0.012649041226025169,0.010085587119506639
924,0.012648024660690179,0.010073192417493873
925,0.012647010591240971,0.010060836687279213
926,0.012645999006788275,0.010048519575285226
927,0.012644989896542409,0.010036240733410558
928,0.012643983249811738,0.010023999818934008
929,0.012642979056001124,0.01001179649442103
930,0.012641977304610507,0.009999630427633034
931,0.012640977985233429,0.009987501291435916
932,0.012639981087555619,0.009975408763712614
933,0.012638986601353625,0.009963352527273744
934,0.012637994516493393,0.00995133226977514
935,0.012637004822928975,0.009939347683631729
936,0.012636017510701186,0.009927398465934371
937,0.012635032569936295,0.009915484318370553
938,0.012634049990844776,0.009903604947142377
939,0.012633069763720093,0.00989176006288999
940,0.012632091878937381,0.00987994938061394
941,0.012631116326952345,0.009868172619598431
942,0.012630143098300045,0.009856429503338803
943,0.012629172183593693,0.009844719759466766
944,0.01262820357352356,0.009833043119679306
945,0.012627237258855895,0.009821399319668498
946,0.012626273230431724,0.00980978809905117
947,0.012625311479165877,0.009798209201301835
948,0.012624351996045877,0.009786662373685242
949,0.012623394772130918,0.009775147367191027
950,0.01262243979855082,0.00976366393646816
951,0.012621487066505085,0.009752211839762636
952,0.012620536567261875,0.009740790838855208
953,0.012619588292157017,0.009729400698998652
954,0.012618642232593133,0.009718041188859496
955,0.012617698380038641,0.009706712080457336
956,0.012616756726026895,0.009695413149108347
957,0.01261581726215521,0.009684144173366643
958,0.012614879980084086,0.00967290493496932
959,0.01261394487153627,0.00966169521878155
960,0.012613011928295895,0.009650514812741276
961,0.01261208114220771,0.00963936350780775
962,0.012611152505176209,0.009628241097908193
963,0.012610226009164846,0.00961714737988702
964,0.012609301646195222,0.009606082153455273
965,0.012608379408346323,0.009595045221141416
966,0.01260745928775379,0.009584036388243027
967,0.012606541276609108,0.00957305546277794
968,0.012605625367158889,0.00956210225543918
969,0.012604711551704168,0.009551176579546839
970,0.012603799822599697,0.009540278251005044
971,0.01260289017225318,0.009529407088255885
972,0.012601982593124703,0.009518562912236505
973,0.012601077077725958,0.009507745546336049
974,0.012600173618619603,0.00949695481635373
975,0.012599272208418631,0.00948619055045755
976,0.012598372839785729,0.00947545257914348
977,0.012597475505432658,0.00946474073519548
978,0.012596580198119595,0.009454054853646922
979,0.012595686910654554,0.009443394771741257
980,0.01259479563589278,0.009432760328895087
981,0.01259390636673621,0.009422151366660516
982,0.012593019096132807,0.009411567728688747
983,0.012592133817076068,0.009401009260694381
984,0.012591250522604434,0.00939047581042044
985,0.012590369205800752,0.009379967227603498
986,0.012589489859791749,0.009369483363939576
987,0.012588612477747483,0.009359024073051664
988,0.012587737052880816,0.009348589210456126
989,0.012586863578446919,0.009338178633530859
990,0.012585992047742802,0.009327792201483843
991,0.012585122454106772,0.009317429775322279
992,0.01258425479091797,0.009307091217821617
993,0.012583389051595813,0.009296776393495713
994,0.012582525229599746,0.00928648516856824
995,0.01258166331842848,0.00927621741094302
996,0.012580803311619829,0.009265972990175803
997,0.01257994520275001,0.009255751777446787
998,0.012579088985433395,0.009245553645532905
999,0.012578234653321991,0.009235378468781493
1000,0.01257738220010502,0.009225226123083208
1001,0.012576531619508523,0.00921509648584643
1002,0.012575682905294955,0.009204989435972486
1003,0.012574836051262712,0.00919490485382979
1004,0.012573991051245867,0.009184842621229424
1005,0.012573147899113638,0.00917480262140135
1006,0.012572306588770107,0.009164784738970916
1007,0.012571467114153781,0.009154788859935065
1008,0.01257062946923725,0.00914481487163983
1009,0.012569793648026798,0.009134862662758016
1010,0.012568959644562096,0.009124932123266863
1011,0.012568127452915792,0.009115023144426889
1012,0.012567297067193181,0.009105135618759946
1013,0.01256646848153184,0.009095269440029358
1014,0.012565641690101373,0.009085424503218203
1015,0.012564816687102949,0.00907560070451046
1016,0.012563993466769112,0.009065797941270356
1017,0.012563172023363356,0.009056016112023247
1018,0.012562352351179855,0.009046255116436615
1019,0.012561534444543169,0.009036514855301468
1020,0.012560718297807876,0.0090267952305134
1021,0.012559903905358329,0.009017096145055319
1022,0.012559091261608332,0.00900741750297913
1023,0.012558280361000875,0.008997759209388442
1024,0.012557471198007791,0.008988121170421776
1025,0.012556663767129519,0.008978503293235147
1026,0.012555858062894842,0.008968905485986134
1027,0.012555054079860545,0.008959327657817586
1028,0.01255425181261121,0.008949769718841271
1029,0.012553451255758913,0.008940231580122908
1030,0.012552652403942972,0.008930713153666146
1031,0.012551855251829693,0.008921214352397967
1032,0.012551059794112107,0.008911735090153538
1033,0.012550266025509729,0.008902275281661983
1034,0.012549473940768316,0.008892834842531951
1035,0.012548683534659615,0.008883413689237483
1036,0.012547894801981109,0.008874011739104015
1037,0.012547107737555813,0.008864628910295573
1038,0.012546322336232004,0.008855265121800978
1039,0.01254553859288307,0.008845920293420424
1040,0.01254475650240715,0.008836594345753587
1041,0.012543976059727046,0.008827287200186051
1042,0.012543197259789949,0.008817998778877565
1043,0.012542420097567182,0.008808729004749815
1044,0.012541644568054082,0.008799477801474005
1045,0.012540870666269707,0.008790245093459726
1046,0.012540098387256662,0.008781030805843183
1047,0.012539327726080919,0.008771834864475676
1048,0.012538558677831536,0.008762657195912866
1049,0.012537791237620598,0.008753497727403779
1050,0.01253702540058288,0.008744356386879574
1051,0.01253626116187574,0.008735233102943895
1052,0.01253549851667889,0.008726127804861606
1053,0.012534737460194238,0.008717040422549376
1054,0.012533977987645658,0.008707970886565141
1055,0.012533220094278917,0.008698919128098764
1056,0.012532463775361345,0.008689885078961714
1057,0.012531709026181755,0.008680868671578624
1058,0.01253095584205026,0.008671869838976918
1059,0.012530204218298074,0.008662888514778457
1060,0.012529454150277425,0.00865392463319026
1061,0.012528705633361201,0.00864497812899544
1062,0.012527958662942987,0.008636048937545195
1063,0.012527213234436825,0.008627136994749781
1064,0.012526469343277022,0.008618242237070067
1065,0.01252572698491803,0.008609364601509826
1066,0.012524986154834276,0.008600504025607273
1067,0.012524246848520031,0.008591660447427332
1068,0.012523509061489226,0.008582833805553853
1069,0.012522772789275303,0.008574024039081541
1070,0.012522038027431117,0.008565231087609213
1071,0.012521304771528742,0.00855645489123187
1072,0.01252057301715929,0.008547695390533525
1073,0.012519842759932894,0.008538952526580084
1074,0.012519113995478446,0.008530226240912434
1075,0.012518386719443504,0.008521516475539542
1076,0.012517660927494189,0.008512823172931784
1077,0.012516936615314962,0.00850414627601405
1078,0.012516213778608601,0.008495485728159351
1079,0.01251549241309599,0.00848684147318256
1080,0.012514772514515996,0.008478213455333852
1081,0.012514054078625377,0.008469601619292947
1082,0.012513337101198651,0.008461005910162316
1083,0.012512621578027914,0.008452426273461749
1084,0.0125119075049228,0.008443862655122624
1085,0.012511194877710286,0.008435315001481529
1086,0.012510483692234632,0.008426783259275098
1087,0.012509773944357209,0.008418267375634397
1088,0.012509065629956408,0.00840976729807906
1089,0.01250835874492754,0.008401282974512491
1090,0.012507653285182678,0.008392814353215964
1091,0.012506949246650597,0.00838436138284393
1092,0.012506246625276574,0.008375924012418696
1093,0.012505545417022425,0.008367502191325486
1094,0.012504845617866226,0.008359095869307416
1095,0.01250414722380234,0.00835070499646066
1096,0.01250345023084122,0.008342329523229662
1097,0.012502754635009354,0.008333969400402768
1098,0.012502060432349131,0.008325624579107105
1099,0.012501367618918771,0.008317295010804344
1100,0.012500676190792218,0.008308980647286666
1101,0.012499986144058993,0.008300681440671346
1102,0.012499297474824114,0.00829239734339747
1103,0.012498610179208062,0.008284128308221428
1104,0.012497924253346603,0.00827587428821237
1105,0.012497239693390706,0.008267635236748722
1106,0.012496556495506489,0.008259411107513572
1107,0.012495874655875077,0.008251201854491456
1108,0.012495194170692524,0.008243007431963883
1109,0.01249451503616975,0.008234827794505599
1110,0.01249383724853241,0.008226662896981221
1111,0.012493160804020822,0.00821851269454124
1112,0.01249248569888987,0.008210377142618326
1113,0.012491811929408939,0.008202256196924442
1114,0.012491139491861768,0.008194149813446157
1115,0.012490468382546454,0.008186057948442358
1116,0.012489798597775282,0.008177980558440318
1117,0.012489130133874687,0.008169917600232354
1118,0.01248846298718516,0.008161869030872905
1119,0.012487797154061163,0.008153834807674796
1120,0.01248713263087106,0.008145814888206709
1121,0.012486469413996979,0.008137809230289445
1122,0.012485807499834837,0.008129817791993515
1123,0.012485146884794131,0.008121840531635515
1124,0.012484487565298002,0.008113877407775565
1125,0.012483829537783037,0.008105928379214405
1126,0.012483172798699227,0.008097993404990265
1127,0.012482517344509943,0.008090072444376437
1128,0.012481863171691789,0.008082165456878256
1129,0.012481210276734541,0.008074272402230338
1130,0.012480558656141127,0.00806639324039412
1131,0.012479908306427489,0.008058527931555167
1132,0.012479259224122557,0.008050676436120547
1133,0.01247861140576812,0.008042838714716284
1134,0.012477964847918825,0.008035014728184825
1135,0.01247731954714205,0.008027204437582713
1136,0.012476675500017858,0.008019407804178239
1137,0.012476032703138953,0.008011624789448597
1138,0.012475391153110535,0.008003855355078152
1139,0.01247475084655031,0.007996099462955826
1140,0.012474111780088412,0.007988357075172708
1141,0.012473473950367256,0.00798062815402017
1142,0.012472837354041604,0.007972912661987522
1143,0.012472201987778373,0.007965210561759585
1144,0.012471567848256638,0.007957521816215144
1145,0.0124709349321676,0.007949846388424298
1146,0.012470303236214396,0.007942184241646787
1147,0.01246967275711219,0.007934535339329772
1148,0.01246904349158798,0.007926899645105867
1149,0.012468415436380637,0.007919277122791422
1150,0.012467788588240776,0.007911667736384163
1151,0.012467162943930713,0.007904071450061686
1152,0.01246653850022443,0.007896488228179472
1153,0.012465915253907481,0.007888918035268935
1154,0.012465293201776953,0.007881360836035724
1155,0.012464672340641362,0.00787381659535798
1156,0.012464052667320707,0.007866285278284597
1157,0.012463434178646276,0.007858766850033345
1158,0.012462816871460648,0.007851261275989297
1159,0.012462200742617677,0.007843768521703138
1160,0.01246158578898237,0.00783628855288963
1161,0.01246097200743086,0.00782882133542576
1162,0.012460359394850355,0.007821366835349392
1163,0.012459747948139057,0.007813925018857507
1164,0.01245913766420615,0.007806495852304763
1165,0.0124585285399717,0.00779907930220213
1166,0.012457920572366636,0.007791675335214933
1167,0.012457313758332677,0.007784283918161872
1168,0.012456708094822275,0.007776905018013335
1169,0.012456103578798583,0.007769538601890029
1170,0.012455500207235409,0.007762184637061549
1171,0.0124548979771171,0.007754843090944976
1172,0.012454296885438575,0.007747513931103566
1173,0.012453696929205227,0.007740197125245338
1174,0.012453098105432906,0.007732892641221907
1175,0.012452500411147776,0.007725600447026971
1176,0.01245190384338642,0.00771832051079518
1177,0.012451308399195643,0.007711052800800746
1178,0.012450714075632524,0.0077037972854564155
1179,0.012450120869764294,0.007696553933311991
1180,0.012449528778668334,0.007689322713053218
1181,0.012448937799432147,0.0076821035935007685
1182,0.012448347929153222,0.007674896543608684
1183,0.012447759164939079,0.007667701532463751
1184,0.01244717150390719,0.007660518529283704
1185,0.012446584943184916,0.007653347503416736
1186,0.012445999479909452,0.007646188424339997
1187,0.012445415111227865,0.007639041261658702
1188,0.012444831834296906,0.007631905985104835
1189,0.012444249646283113,0.007624782564536428
1190,0.012443668544362659,0.007617670969936228
1191,0.012443088525721355,0.007610571171410806
1192,0.012442509587554633,0.00760348313918943
1193,0.01244193172706737,0.007596406843623254
1194,0.012441354941474058,0.007589342255184199
1195,0.012440779227998584,0.007582289344463882
1196,0.012440204583874235,0.0075752480821729955
1197,0.012439631006343679,0.007568218439140058
1198,0.012439058492658937,0.0075612003863105536
1199,0.012438487040081263,0.007554193894746073
1200,0.01243791664588121,0.007547198935623345
1201,0.012437347307338491,0.007540215480233534
1202,0.012436779021741983,0.0075332434999809544
1203,0.012436211786389685,0.007526282966382686
1204,0.012435645598588717,0.007519333851067322
1205,0.012435080455655138,0.0075123961257744145
1206,0.012434516354914106,0.007505469762353523
1207,0.012433953293699684,0.007498554732763278
1208,0.012433391269354844,0.007491651009070823
1209,0.012432830279231474,0.007484758563450744
1210,0.012432270320690254,0.007477877368184557
1211,0.012431711391100709,0.0074710073956596405
1212,0.012431153487841098,0.007464148618368828
1213,0.012430596608298417,0.0074573010089092435
1214,0.012430040749868324,0.0074504645399818435
1215,0.012429485909955152,0.007443639184390573
1216,0.012428932085971818,0.007436824915041707
1217,0.01242837927533984,0.007430021704942996
1218,0.012427827475489253,0.007423229527203099
1219,0.012427276683858582,0.007416448355030846
1220,0.01242672689789481,0.007409678161734505
1221,0.012426178115053374,0.0074029189207211465
1222,0.012425630332798063,0.00739617060549592
1223,0.012425083548601059,0.007389433189661431
1224,0.012424537759942797,0.007382706646917156
1225,0.012423992964312089,0.007375990951058625
1226,0.012423449159205872,0.007369286075976852
1227,0.012422906342129404,0.007362591995657904
1228,0.01242236451059604,0.007355908684181945
1229,0.012421823662127329,0.0073492361157227295
1230,0.01242128379425289,0.007342574264547232
1231,0.01242074490451043,0.00733592310501467
1232,0.01242020699044566,0.00732928261157628
1233,0.012419670049612367,0.007322652758774398
1234,0.01241913407957225,0.007316033521242162
1235,0.012418599077894924,0.00730942487370269
1236,0.012418065042157986,0.0073028267909687125
1237,0.012417531969946837,0.007296239247941872
1238,0.012416999858854735,0.007289662219612435
1239,0.012416468706482735,0.007283095681058384
1240,0.012415938510439692,0.007276539607444989
1241,0.012415409268342162,0.007269993974024498
1242,0.012414880977814423,0.007263458756135402
1243,0.012414353636488424,0.007256933929201896
1244,0.012413827242003784,0.007250419468733527
1245,0.012413301792007687,0.007243915350324604
1246,0.012412777284154932,0.007237421549653537
1247,0.012412253716107862,0.007230938042482613
1248,0.012411731085536316,0.00722446480465744
1249,0.012411209390117646,0.007218001812106263
1250,0.012410688627536649,0.0072115490408396375
1251,0.012410168795485552,0.007205106466950145
1252,0.012409649891663958,0.0071986740666114615
1253,0.01240913191377885,0.007192251816078321
1254,0.012408614859544555,0.0071858396916858625
1255,0.01240809872668268,0.007179437669849171
1256,0.012407583512922139,0.007173045727062902
1257,0.012407069215999069,0.007166663839900813
1258,0.012406555833656813,0.007160291985015349
1259,0.012406043363645923,0.007153930139137027
1260,0.012405531803724102,0.007147578279074328
1261,0.012405021151656181,0.007141236381712978
1262,0.012404511405214093,0.007134904424015784
1263,0.01240400256217682,0.0071285823830218985
1264,0.012403494620330432,0.0071222702358467865
1265,0.012402987577467977,0.007115967959681474
1266,0.012402481431389485,0.007109675531792403
1267,0.012401976179901976,0.007103392929520871
1268,0.012401471820819368,0.0070971201302827
1269,0.012400968351962515,0.007090857111567825
1270,0.012400465771159101,0.0070846038509399765
1271,0.012399964076243712,0.007078360326036238
1272,0.012399463265057711,0.0070721265145665515
1273,0.012398963335449273,0.007065902394313619
1274,0.012398464285273325,0.007059687943132308
1275,0.012397966112391572,0.007053483138949319
1276,0.012397468814672352,0.007047287959762875
1277,0.012396972389990801,0.007041102383642412
1278,0.01239647683622861,0.007034926388728039
1279,0.012395982151274161,0.007028759953230339
1280,0.012395488333022415,0.007022603055429997
1281,0.01239499537937496,0.007016455673677455
1282,0.01239450328823987,0.007010317786392397
1283,0.012394012057531803,0.007004189372063736
1284,0.012393521685171893,0.006998070409248968
1285,0.012393032169087775,0.006991960876574113
1286,0.0123925435072135,0.006985860752733002
1287,0.012392055697489586,0.006979770016487443
1288,0.012391568737862933,0.006973688646666443
1289,0.012391082626286815,0.0069676166221662224
1290,0.012390597360720885,0.0069615539219496335
1291,0.01239011293913106,0.006955500525046099
1292,0.012389629359489646,0.006949456410550946
1293,0.012389146619775167,0.006943421557625649
1294,0.012388664717972423,0.00693739594549681
1295,0.01238818365207242,0.0069313795534565155
1296,0.012387703420072409,0.006925372360861676
1297,0.012387224019975818,0.006919374347133714
1298,0.012386745449792168,0.006913385491758395
1299,0.012386267707537193,0.006907405774285547
1300,0.012385790791232719,0.006901435174328687
1301,0.012385314698906627,0.006895473671564697
1302,0.01238483942859288,0.006889521245733721
1303,0.012384364978331468,0.006883577876638587
1304,0.01238389134616845,0.006877643544144806
1305,0.012383418530155819,0.006871718228180198
1306,0.012382946528351547,0.006865801908734496
1307,0.012382475338819584,0.006859894565859249
1308,0.012382004959629765,0.006853996179667408
1309,0.012381535388857858,0.006848106730333222
1310,0.01238106662458551,0.006842226198091758
1311,0.012380598664900206,0.006836354563238732
1312,0.01238013150789528,0.00683049180613035
1313,0.012379665151669871,0.0068246379071828425
1314,0.012379199594328899,0.0068187928468723845
1315,0.012378734833983098,0.00681295660573474
1316,0.012378270868748882,0.006807129164364997
1317,0.012377807696748434,0.00680131050341737
1318,0.012377345316109631,0.0067955006036048956
1319,0.01237688372496604,0.006789699445699266
1320,0.012376422921456853,0.006783907010530425
1321,0.012375962903726948,0.006778123278986516
1322,0.012375503669926777,0.006772348232013467
1323,0.012375045218212427,0.0067665818506148475
1324,0.012374587546745513,0.00676082411585157
1325,0.012374130653693248,0.006755075008841752
1326,0.012373674537228362,0.006749334510760273
1327,0.0123732191955291,0.00674360260283883
1328,0.012372764626779173,0.00673787926636542
1329,0.012372310829167805,0.006732164482684258
1330,0.012371857800889645,0.006726458233195532
1331,0.012371405540144776,0.006720760499355213
1332,0.012370954045138683,0.006715071262674612
1333,0.01237050331408224,0.006709390504720552
1334,0.012370053345191727,0.006703718207114648
1335,0.012369604136688729,0.006698054351533515
1336,0.012369155686800153,0.006692398919708332
1337,0.012368707993758256,0.006686751893424656
1338,0.012368261055800567,0.00668111325452221
1339,0.01236781487116988,0.00667548298489469
1340,0.01236736943811424,0.006669861066489475
1341,0.012366924754886929,0.006664247481307498
1342,0.012366480819746428,0.006658642211402984
1343,0.012366037630956419,0.006653045238883273
1344,0.012365595186785759,0.0066474565459086225
1345,0.012365153485508457,0.006641876114691879
1346,0.01236471252540364,0.006636303927498409
1347,0.01236427230475557,0.0066307399666458355
1348,0.012363832821853622,0.006625184214503908
1349,0.01236339407499219,0.006619636653494057
1350,0.01236295606247078,0.006614097266089609
1351,0.012362518782593927,0.006608566034815153
1352,0.012362082233671171,0.006603042942246567
1353,0.012361646414017078,0.006597527971010864
1354,0.012361211321951166,0.006592021103785816
1355,0.01236077695579797,0.006586522323299971
1356,0.012360343313886924,0.006581031612332231
1357,0.012359910394552417,0.006575548953711811
1358,0.01235947819613374,0.0065700743303181
1359,0.012359046716975101,0.006564607725080214
1360,0.01235861595542554,0.006559149120977112
1361,0.012358185909838995,0.006553698501037144
1362,0.012357756578574242,0.0065482558483381595
1363,0.012357327959994857,0.006542821146006943
1364,0.012356900052469233,0.006537394377219376
1365,0.012356472854370552,0.006531975525200084
1366,0.012356046364076776,0.006526564573222203
1367,0.012355620579970606,0.006521161504607419
1368,0.012355195500439477,0.006515766302725484
1369,0.012354771123875539,0.0065103789509942415
1370,0.012354347448675685,0.006504999432879491
1371,0.012353924473241405,0.006499627731894645
1372,0.012353502195978992,0.006494263831600541
1373,0.01235308061529924,0.006488907715605555
1374,0.012352659729617658,0.006483559367564987
1375,0.012352239537354376,0.00647821877118128
1376,0.012351820036934105,0.006472885910203695
1377,0.012351401226786131,0.006467560768428007
1378,0.012350983105344328,0.0064622433296965655
1379,0.012350565671047106,0.0064569335778979844
1380,0.012350148922337422,0.006451631496966954
1381,0.012349732857662736,0.00644633707088427
1382,0.012349317475475014,0.0064410502836763665
1383,0.012348902774230687,0.006435771119415345
1384,0.012348488752390738,0.006430499562218807
1385,0.01234807540842048,0.006425235596249639
1386,0.012347662740789772,0.006419979205715809
1387,0.012347250747972806,0.0064147303748703435
1388,0.01234683942844826,0.006409489088010907
1389,0.01234642878069914,0.006404255329480056
1390,0.012346018803212878,0.006399029083664594
1391,0.012345609494481198,0.006393810334995787
1392,0.012345200853000223,0.006388599067949021
1393,0.012344792877270389,0.006383395267043674
1394,0.012344385565796442,0.006378198916843071
1395,0.012343978917087406,0.006373010001954033
1396,0.012343572929656604,0.0063678285070271606
1397,0.012343167602021659,0.006362654416756216
1398,0.012342762932704358,0.0063574877158783525
1399,0.012342358920230811,0.006352328389173666
1400,0.012341955563131298,0.006347176421465305
1401,0.01234155285994032,0.006342031797619119
1402,0.012341150809196556,0.006336894502543539
1403,0.01234074940944291,0.006331764521189556
1404,0.012340348659226376,0.006326641838550409
1405,0.012339948557098142,0.006321526439661487
1406,0.012339549101613504,0.006316418309600316
1407,0.012339150291331888,0.00631131743348623
1408,0.012338752124816813,0.00630622379648021
1409,0.012338354600635924,0.006301137383784911
1410,0.012337957717360857,0.0062960581806444675
1411,0.01233756147356742,0.0062909861723442016
1412,0.012337165867835334,0.00628592134421065
1413,0.012336770898748468,0.006280863681611286
1414,0.012336376564894669,0.006275813169954553
1415,0.012335982864865725,0.006270769794689491
1416,0.012335589797257528,0.006265733541305822
1417,0.012335197360669821,0.00626070439533364
1418,0.012334805553706417,0.006255682342343374
1419,0.012334414374975004,0.006250667367945563
1420,0.012334023823087239,0.006245659457790825
1421,0.012333633896658657,0.00624065859756965
1422,0.012333244594308738,0.006235664773012206
1423,0.012332855914660854,0.006230677969888367
1424,0.012332467856342245,0.006225698174007351
1425,0.012332080417983981,0.006220725371217932
1426,0.012331693598221035,0.006215759547407803
1427,0.012331307395692211,0.0062108006885039455
1428,0.01233092180904008,0.006205848780472157
1429,0.012330536836911116,0.006200903809317069
1430,0.012330152477955506,0.006195965761082012
1431,0.012329768730827275,0.006191034621848782
1432,0.012329385594184176,0.006186110377737596
1433,0.012329003066687771,0.006181193014907018
1434,0.012328621147003362,0.006176282519553653
1435,0.012328239833799897,0.006171378877912197
1436,0.012327859125750166,0.006166482076255179
1437,0.01232747902153058,0.006161592100892898
1438,0.012327099519821277,0.006156708938173277
1439,0.012326720619306064,0.006151832574481803
1440,0.012326342318672434,0.0061469629962412195
1441,0.012325964616611519,0.006142100189911546
1442,0.012325587511818096,0.006137244141990011
1443,0.01232521100299057,0.006132394839010755
1444,0.012324835088830964,0.006127552267544817
1445,0.012324459768044938,0.006122716414199992
1446,0.012324085039341667,0.0061178872656206095
1447,0.012323710901433995,0.006113064808487657
1448,0.01232333735303828,0.006108249029518353
1449,0.012322964392874457,0.006103439915466291
1450,0.012322592019665986,0.006098637453121041
1451,0.012322220232139889,0.00609384162930839
1452,0.012321849029026659,0.006089052430889853
1453,0.012321478409060357,0.006084269844762771
1454,0.012321108370978493,0.00607949385786011
1455,0.012320738913522075,0.006074724457150431
1456,0.012320370035435593,0.006069961629637703
1457,0.012320001735466966,0.006065205362361061
1458,0.012319634012367603,0.006060455642394999
1459,0.012319266864892296,0.0060557124568489645
1460,0.012318900291799332,0.00605097579286736
1461,0.01231853429185034,0.006046245637629477
1462,0.012318168863810392,0.006041521978349211
1463,0.012317804006447932,0.0060368048022751445
1464,0.012317439718534802,0.0060320940966903346
1465,0.012317075998846171,0.006027389848912133
1466,0.012316712846160607,0.006022692046292269
1467,0.012316350259259994,0.006018000676216467
1468,0.01231598823692958,0.006013315726104619
1469,0.012315626777957852,0.006008637183410388
1470,0.012315265881136718,0.006003965035621372
1471,0.012314905545261311,0.005999299270258839
1472,0.012314545769130075,0.005994639874877494
1473,0.01231418655154472,0.005989986837065746
1474,0.012313827891310239,0.005985340144445172
1475,0.012313469787234847,0.005980699784670685
1476,0.012313112238130032,0.00597606574543029
1477,0.012312755242810513,0.005971438014445075
1478,0.012312398800094198,0.005966816579469012
1479,0.012312042908802251,0.0059622014282889185
1480,0.012311687567759006,0.005957592548724294
1481,0.012311332775791984,0.00595298992862727
1482,0.012310978531731907,0.005948393555882394
1483,0.012310624834412628,0.0059438034184066705
1484,0.012310271682671198,0.005939219504149394
1485,0.012309919075347784,0.005934641801091932
1486,0.01230956701128571,0.005930070297247884
1487,0.012309215489331409,0.005925504980662656
1488,0.0123088645083344,0.005920945839413603
1489,0.012308514067147386,0.005916392861609805
1490,0.012308164164626103,0.005911846035391973
1491,0.012307814799629375,0.005907305348932429
1492,0.01230746597101912,0.0059027707904348555
1493,0.01230711767766029,0.005898242348134423
1494,0.012306769918420913,0.005893720010297374
1495,0.01230642269217207,0.005889203765221188
1496,0.012306075997787838,0.005884693601234339
1497,0.01230572983414535,0.005880189506696284
1498,0.012305384200124713,0.005875691469997281
1499,0.012305039094609095,0.005871199479558343
1500,0.012304694516484572,0.005866713523831113
1501,0.012304350464640299,0.005862233591297759
1502,0.012304006937968329,0.0058577596704709155
1503,0.012303663935363706,0.0058532917498935345
1504,0.01230332145572443,0.005848829818138865
1505,0.01230297949795143,0.005844373863810142
1506,0.012302638060948579,0.005839923875540823
1507,0.012302297143622673,0.0058354798419943225
1508,0.01230195674488341,0.005831041751863742
1509,0.012301616863643401,0.005826609593872037
1510,0.01230127749881816,0.005822183356771872
1511,0.012300938649326076,0.005817763029345324
1512,0.01230060031408841,0.005813348600404165
1513,0.012300262492029288,0.005808940058789329
1514,0.0122999251820757,0.005804537393371139
1515,0.012299588383157487,0.005800140593049037
1516,0.012299252094207304,0.005795749646751684
1517,0.012298916314160677,0.005791364543436539
1518,0.012298581041955903,0.005786985272090161
1519,0.012298246276534114,0.0057826118217278195
1520,0.012297912016839246,0.0057782441813934715
1521,0.012297578261818012,0.00577388234015983
1522,0.01229724501041992,0.005769526287127933
1523,0.012296912261597242,0.005765176011427549
1524,0.012296580014305036,0.005760831502216505
1525,0.01229624826750107,0.0057564927486810896
1526,0.012295917020145887,0.005752159740035665
1527,0.012295586271202776,0.0057478324655227024
1528,0.012295256019637745,0.005743510914412709
1529,0.012294926264419501,0.0057391950760039565
1530,0.01229459700451949,0.005734884939622705
1531,0.012294268238911867,0.005730580494622795
1532,0.012293939966573412,0.005726281730385751
1533,0.012293612186483689,0.00572198863632067
1534,0.012293284897624853,0.005717701201864095
1535,0.012292958098981769,0.005713419416479874
1536,0.01229263178954194,0.005709143269659262
1537,0.012292305968295529,0.0057048727509205486
1538,0.012291980634235356,0.005700607849809284
1539,0.01229165578635683,0.00569634855589795
1540,0.012291331423658028,0.005692094858786015
1541,0.01229100754513959,0.00568784674809972
1542,0.012290684149804812,0.0056836042134921945
1543,0.01229036123665958,0.005679367244643132
1544,0.012290038804712342,0.005675135831258864
1545,0.012289716852974147,0.00567090996307227
1546,0.012289395380458631,0.00566668962984255
1547,0.012289074386181967,0.005662474821355395
1548,0.012288753869162889,0.005658265527422626
1549,0.012288433828422658,0.005654061737882313
1550,0.01228811426298515,0.005649863442598587
1551,0.01228779517187671,0.005645670631461594
1552,0.01228747655412621,0.005641483294387402
1553,0.01228715840876507,0.005637301421317946
1554,0.01228684073482716,0.005633125002220863
1555,0.012286523531348927,0.00562895402708952
1556,0.012286206797369225,0.005624788485942948
1557,0.012285890531929458,0.005620628368825545
1558,0.01228557473407347,0.005616473665807263
1559,0.012285259402847592,0.005612324366983399
1560,0.012284944537300592,0.0056081804624745135
1561,0.012284630136483728,0.0056040419424262305
1562,0.01228431619945065,0.005599908797009578
1563,0.012284002725257492,0.005595781016420397
1564,0.012283689712962769,0.00559165859087953
1565,0.012283377161627468,0.005587541510632771
1566,0.01228306507031493,0.00558342976595061
1567,0.01228275343809097,0.005579323347128375
1568,0.012282442264023748,0.005575222244485969
1569,0.012282131547183833,0.005571126448367872
1570,0.012281821286644167,0.0055670359491430555
1571,0.01228151148148006,0.005562950737204944
1572,0.012281202130769225,0.005558870802971228
1573,0.012280893233591706,0.005554796136883948
1574,0.012280584789029885,0.005550726729409191
1575,0.012280276796168539,0.0055466625710373614
1576,0.01227996925409471,0.005542603652282688
1577,0.012279662161897851,0.005538549963683424
1578,0.012279355518669663,0.0055345014958018135
1579,0.012279049323504208,0.005530458239223758
1580,0.01227874357549785,0.005526420184558932
1581,0.012278438273749248,0.005522387322440774
1582,0.01227813341735932,0.005518359643526108
1583,0.01227782900543133,0.005514337138495438
1584,0.01227752503707079,0.005510319798052642
1585,0.012277221511385482,0.005506307612924926
1586,0.012276918427485448,0.005502300573862873
1587,0.012276615784483011,0.005498298671640176
1588,0.01227631358149272,0.005494301897053769
1589,0.012276011817631367,0.005490310240923583
1590,0.012275710492017998,0.005486323694092571
1591,0.01227540960377388,0.005482342247426643
1592,0.012275109152022495,0.005478365891814508
1593,0.012274809135889544,0.00547439461816776
1594,0.012274509554502936,0.005470428417420562
1595,0.012274210406992793,0.005466467280529822
1596,0.012273911692491403,0.00546251119847497
1597,0.012273613410133253,0.005458560162258026
1598,0.012273315559055038,0.005454614162903285
1599,0.012273018138395592,0.005450673191457534
1600,0.012272721147295943,0.0054467372389897855
1601,0.012272424584899239,0.005442806296591294
1602,0.01227212845035081,0.005438880355375526
1603,0.012271832742798156,0.005434959406477892
1604,0.012271537461390872,0.005431043441055917
1605,0.012271242605280695,0.005427132450289052
1606,0.01227094817362152,0.005423226425378635
1607,0.01227065416556932,0.0054193253575478195
1608,0.012270360580282207,0.0054154292380414245
1609,0.012270067416920397,0.0054115380581260504
1610,0.012269774674646213,0.005407651809089852
1611,0.012269482352624045,0.005403770482242486
1612,0.012269190450020407,0.005399894068915146
1613,0.01226889896600387,0.00539602256046043
1614,0.01226860789974506,0.005392155948252239
1615,0.012268317250416718,0.0053882942236857375
1616,0.012268027017193626,0.005384437378177359
1617,0.012267737199252615,0.005380585403164613
1618,0.012267447795772584,0.0053767382901061195
1619,0.012267158805934418,0.005372896030481502
1620,0.012266870228921109,0.005369058615791345
1621,0.012266582063917663,0.00536522603755707
1622,0.012266294310111074,0.005361398287320944
1623,0.01226600696669038,0.005357575356646049
1624,0.012265720032846636,0.005353757237116006
1625,0.01226543350777288,0.005349943920335173
1626,0.012265147390664173,0.005346135397928488
1627,0.012264861680717552,0.005342331661541282
1628,0.012264576377132052,0.005338532702839385
1629,0.012264291479108663,0.00533473851350896
1630,0.012264006985850392,0.005330949085256563
1631,0.012263722896562183,0.005327164409808853
1632,0.012263439210450958,0.00532338447891282
1633,0.012263155926725562,0.005319609284335463
1634,0.012262873044596877,0.005315838817863917
1635,0.0122625905632776,0.005312073071305233
1636,0.012262308481982474,0.005308312036486443
1637,0.012262026799928142,0.005304555705254484
1638,0.012261745516333133,0.0053008040694760335
1639,0.012261464630417981,0.005297057121037543
1640,0.012261184141405061,0.005293314851845158
1641,0.012260904048518671,0.005289577253824675
1642,0.012260624350985044,0.00528584431892148
1643,0.012260345048032289,0.005282116039100349
1644,0.0122600661388904,0.005278392406345666
1645,0.012259787622791264,0.005274673412661065
1646,0.012259509498968658,0.005270959050069565
1647,0.012259231766658227,0.00526724931061352
1648,0.01225895442509748,0.005263544186354353
1649,0.012258677473525798,0.0052598436693727674
1650,0.012258400911184405,0.005256147751768454
1651,0.012258124737316405,0.005252456425660257
1652,0.012257848951166717,0.00524876968318592
1653,0.012257573551982098,0.005245087516502067
1654,0.012257298539011169,0.005241409917784324
1655,0.012257023911504395,0.005237736879226906
1656,0.012256749668714009,0.005234068393043021
1657,0.012256475809894104,0.005230404451464298
1658,0.012256202334300569,0.005226745046741221
1659,0.012255929241191102,0.005223090171142734
1660,0.012255656529825219,0.00521943981695631
1661,0.012255384199464215,0.005215793976487898
1662,0.012255112249371182,0.005212152642061881
1663,0.012254840678810996,0.005208515806020916
1664,0.01225456948705033,0.0052048834607259535
1665,0.012254298673357608,0.005201255598556271
1666,0.01225402823700305,0.005197632211909198
1667,0.012253758177258614,0.005194013293200285
1668,0.012253488493398034,0.005190398834863174
1669,0.01225321918469679,0.005186788829349387
1670,0.012252950250432116,0.005183183269128568
1671,0.012252681689883005,0.005179582146688057
1672,0.012252413502330153,0.005175985454533214
1673,0.01225214568705602,0.0051723931851872145
1674,0.01225187824334478,0.0051688053311908354
1675,0.01225161117048233,0.005165221885102664
1676,0.012251344467756291,0.005161642839498755
1677,0.012251078134456006,0.00515806818697296
1678,0.012250812169872505,0.005154497920136443
1679,0.012250546573298523,0.005150932031618077
1680,0.012250281344028491,0.005147370514063889
1681,0.012250016481358587,0.005143813360137489
1682,0.012249751984586589,0.005140260562519702
1683,0.01224948785301201,0.005136712113908553
1684,0.012249224085936022,0.0051331680070194705
1685,0.01224896068266148,0.00512962823458481
1686,0.012248697642492925,0.005126092789354199
1687,0.012248434964736514,0.0051225616640941975
1688,0.012248172648700099,0.00511903485158851
1689,0.012247910693693177,0.005115512344637627
1690,0.012247649099026857,0.005111994136059048
1691,0.01224738786401397,0.0051084802186870835
1692,0.012247126987968907,0.0051049705853727844
1693,0.012246866470207745,0.005101465228984073
1694,0.012246606310048144,0.005097964142405475
1695,0.012246346506809438,0.005094467318538163
1696,0.012246087059812531,0.005090974750299906
1697,0.012245827968379986,0.005087486430625049
1698,0.012245569231835934,0.005084002352464406
1699,0.01224531084950615,0.005080522508785179
1700,0.012245052820717965,0.00507704689257113
1701,0.012244795144800367,0.00507357549682212
1702,0.01224453782108386,0.005070108314554537
1703,0.012244280848900588,0.005066645338800901
1704,0.012244024227584277,0.0050631865626099256
1705,0.012243767956470187,0.005059731979046482
1706,0.012243512034895192,0.0050562815811915525
1707,0.012243256462197722,0.005052835362142094
1708,0.012243001237717746,0.0050493933150113105
1709,0.012242746360796827,0.0050459554329279795
1710,0.012242491830778062,0.0050425217090371045
1711,0.012242237647006113,0.005039092136499435
1712,0.012241983808827154,0.005035666708491489
1713,0.012241730315588938,0.005032245418205596
1714,0.012241477166640724,0.0050288282588497315
1715,0.012241224361333332,0.00502541522364771
1716,0.012240971899019078,0.005022006305838753
1717,0.012240719779051822,0.005018601498677776
1718,0.012240468000786918,0.005015200795435234
1719,0.012240216563581268,0.00501180418939698
1720,0.012239965466793264,0.005008411673864409
1721,0.012239714709782813,0.005005023242154154
1722,0.012239464291911297,0.005001638887598343
1723,0.012239214212541627,0.004998258603544324
1724,0.012238964471038165,0.00499488238335474
1725,0.012238715066766798,0.004991510220407301
1726,0.01223846599909489,0.004988142108095091
1727,0.01223821726739128,0.0049847780398261455
1728,0.012237968871026276,0.0049814180090235975
1729,0.012237720809371652,0.004978062009125668
1730,0.01223747308180066,0.004974710033585436
1731,0.012237225687688015,0.004971362075871065
1732,0.012236978626409885,0.004968018129465513
1733,0.01223673189734389,0.004964678187866538
1734,0.012236485499869103,0.0049613422445868105
1735,0.01223623943336602,0.004958010293153703
1736,0.012235993697216629,0.0049546823271092765
1737,0.0122357482908043,0.004951358340010286
1738,0.012235503213513884,0.004948038325428096
1739,0.012235258464731625,0.004944722276948686
1740,0.012235014043845192,0.004941410188172534
1741,0.012234769950243701,0.004938102052714618
1742,0.012234526183317657,0.004934797864204383
1743,0.012234282742458994,0.004931497616285684
1744,0.012234039627061056,0.004928201302616695
1745,0.012233796836518577,0.004924908916869903
1746,0.01223355437022773,0.004921620452732191
1747,0.012233312227586,0.004918335903904582
1748,0.012233070407992347,0.004915055264102311
1749,0.012232828910847116,0.004911778527054704
1750,0.012232587735551961,0.004908505686505356
1751,0.01223234688151003,0.004905236736211738
1752,0.01223210634812571,0.004901971669945509
1753,0.01223186613480488,0.004898710481492228
1754,0.012231626240954752,0.0048954531646513665
1755,0.012231386665983864,0.004892199713236433
1756,0.01223114740930218,0.004888950121074611
1757,0.012230908470320934,0.004885704382007025
1758,0.012230669848452821,0.004882462489888589
1759,0.012230431543111797,0.004879224438587926
1760,0.012230193553713208,0.0048759902219873315
1761,0.012229955879673725,0.004872759833982716
1762,0.01222971852041136,0.004869533268483727
1763,0.012229481475345473,0.004866310519413493
1764,0.012229244743896736,0.004863091580708762
1765,0.01222900832548716,0.004859876446319622
1766,0.012228772219540062,0.004856665110209844
1767,0.012228536425480106,0.004853457566356435
1768,0.01222830094273324,0.004850253808749776
1769,0.012228065770726762,0.004847053831393726
1770,0.012227830908889218,0.004843857628305306
1771,0.012227596356650543,0.004840665193514906
1772,0.012227362113441895,0.004837476521065985
1773,0.01222712817869576,0.004834291605015367
1774,0.012226894551845944,0.004831110439432838
1775,0.012226661232327485,0.004827933018401474
1776,0.012226428219576764,0.004824759336017218
1777,0.0122261955130314,0.004821589386389191
1778,0.012225963112130332,0.004818423163639448
1779,0.012225731016313742,0.0048152606619029335
1780,0.012225499225023084,0.004812101875327613
1781,0.012225267737701108,0.004808946798074242
1782,0.012225036553791811,0.004805795424316468
1783,0.01222480567274044,0.004802647748240697
1784,0.012224575093993533,0.004799503764046126
1785,0.012224344816998843,0.004796363465944624
1786,0.0122241148412054,0.004793226848160791
1787,0.012223885166063484,0.004790093904931876
1788,0.01222365579102461,0.004786964630507634
1789,0.012223426715541502,0.004783839019150636
1790,0.012223197939068177,0.004780717065135742
1791,0.012222969461059875,0.004777598762750441
1792,0.012222741280972999,0.004774484106294669
1793,0.012222513398265281,0.004771373090080744
1794,0.012222285812395607,0.0047682657084333535
1795,0.012222058522824096,0.0047651619556897265
1796,0.012221831529012104,0.004762061826199179
1797,0.012221604830422164,0.004758965314323434
1798,0.012221378426518052,0.00475587241443647
1799,0.01222115231676474,0.004752783120924368
1800,0.012220926500628412,0.004749697428185526
1801,0.012220700977576418,0.004746615330630407
1802,0.01222047574707734,0.0047435368226815475
1803,0.01222025080860094,0.00474046189877364
1804,0.012220026161618165,0.004737390553353307
1805,0.012219801805601182,0.004734322780879284
1806,0.012219577740023281,0.004731258575822192
1807,0.01221935396435896,0.004728197932664626
1808,0.012219130478083928,0.004725140845901033
1809,0.012218907280675014,0.004722087310037699
1810,0.012218684371610259,0.00471903731959289
1811,0.012218461750368859,0.004715990869096469
1812,0.012218239416431142,0.004712947953090109
1813,0.012218017369278638,0.004709908566127304
1814,0.012217795608394018,0.0047068727027731565
1815,0.012217574133261121,0.004703840357604424
1816,0.012217352943364904,0.0047008115252094905
1817,0.012217132038191513,0.004697786200188335
1818,0.012216911417228202,0.0046947643771525285
1819,0.012216691079963394,0.004691746050725053
1820,0.012216471025886641,0.004688731215540496
1821,0.012216251254488634,0.0046857198662448776
1822,0.012216031765261209,0.004682711997495513
1823,0.012215812557697268,0.004679707603961331
1824,0.012215593631290938,0.004676706680322394
1825,0.012215374985537382,0.004673709221270242
1826,0.012215156619932931,0.004670715221507579
1827,0.012214938533975034,0.004667724675748531
1828,0.01221472072716223,0.004664737578718222
1829,0.01221450319899418,0.004661753925153168
1830,0.012214285948971646,0.004658773709801013
1831,0.012214068976596543,0.004655796927420379
1832,0.012213852281371795,0.004652823572781178
1833,0.01221363586280151,0.0046498536406642315
1834,0.012213419720390854,0.0046468871258614755
1835,0.012213203853646082,0.004643924023175908
1836,0.012212988262074575,0.004640964327421291
1837,0.012212772945184743,0.004638008033422527
1838,0.012212557902486145,0.004635055136015342
1839,0.01221234313348938,0.004632105630046305
1840,0.012212128637706128,0.004629159510372856
1841,0.012211914414649146,0.004626216771863289
1842,0.01221170046383229,0.00462327740939663
1843,0.01221148678477046,0.00462034141786266
1844,0.012211273376979602,0.004617408792161867
1845,0.01221106023997678,0.0046144795272054775
1846,0.012210847373280088,0.0046115536179152945
1847,0.01221063477640867,0.004608631059223853
1848,0.012210422448882745,0.004605711846074166
1849,0.012210210390223585,0.004602795973419941
1850,0.012209998599953505,0.0045998834362252555
1851,0.012209787077595843,0.004596974229464923
1852,0.012209575822675019,0.00459406834812397
1853,0.01220936483471648,0.004591165787198072
1854,0.0122091541132467,0.004588266541693262
1855,0.01220894365779322,0.004585370606625888
1856,0.01220873346788459,0.0045824779770227255
1857,0.012208523543050376,0.004579588647920889
1858,0.012208313882821203,0.004576702614367719
1859,0.012208104486728688,0.004573819871420911
1860,0.01220789535430554,0.004570940414148316
1861,0.01220768648508538,0.004568064237628118
1862,0.01220747787860293,0.004565191336948513
1863,0.012207269534393906,0.004562321707207969
1864,0.012207061451994992,0.004559455343515076
1865,0.01220685363094396,0.00455659224098841
1866,0.01220664607077953,0.004553732394756746
1867,0.012206438771041429,0.0045508757999588425
1868,0.012206231731270402,0.0045480224517434045
1869,0.012206024951008176,0.004545172345269273
1870,0.012205818429797491,0.004542325475705034
1871,0.012205612167182089,0.00453948183822937
1872,0.012205406162706656,0.004536641428030771
1873,0.012205200415916892,0.004533804240307647
1874,0.0122049949263595,0.0045309702702681955
1875,0.012204789693582147,0.004528139513130446
1876,0.012204584717133472,0.004525311964122218
1877,0.0122043799965631,0.0045224876184810575
1878,0.01220417553142164,0.00451966647145432
1879,0.012203971321260646,0.00451684851829898
1880,0.012203767365632672,0.004514033754281691
1881,0.01220356366409122,0.004511222174678816
1882,0.01220336021619075,0.004508413774776225
1883,0.012203157021486725,0.004505608549869555
1884,0.012202954079535509,0.004502806495263811
1885,0.012202751389894434,0.004500007606273678
1886,0.012202548952121863,0.004497211878223286
1887,0.012202346765776993,0.004494419306446311
1888,0.012202144830420057,0.004491629886285748
1889,0.01220194314561219,0.004488843613094184
1890,0.012201741710915485,0.004486060482233494
1891,0.01220154052589298,0.004483280489075078
1892,0.012201339590108669,0.004480503628999492
1893,0.012201138903127427,0.004477729897396763
1894,0.012200938464515127,0.0044749592896661606
1895,0.012200738273838533,0.004472191801216241
1896,0.01220053833066535,0.004469427427464819
1897,0.012200338634564227,0.004466666163838903
1898,0.012200139185104687,0.004463908005774706
1899,0.012199939981857255,0.004461152948717612
1900,0.012199741024393307,0.004458400988122147
1901,0.012199542312285159,0.004455652119451998
1902,0.012199343845106046,0.00445290633817986
1903,0.01219914562243012,0.004450163639787612
1904,0.012198947643832416,0.00444742401976602
1905,0.012198749908888917,0.004444687473615035
1906,0.012198552417176479,0.004441953996843451
1907,0.012198355168272888,0.0044392235849691755
1908,0.012198158161756798,0.004436496233518921
1909,0.01219796139720777,0.004433771938028426
1910,0.012197764874206304,0.0044310506940422
1911,0.012197568592333749,0.004428332497113753
1912,0.012197372551172335,0.004425617342805346
1913,0.012197176750305216,0.004422905226688083
1914,0.012196981189316435,0.004420196144341918
1915,0.012196785867790872,0.004417490091355476
1916,0.012196590785314352,0.004414787063326207
1917,0.01219639594147354,0.004412087055860205
1918,0.01219620133585598,0.004409390064572368
1919,0.012196006968050113,0.004406696085086117
1920,0.012195812837645226,0.0044040051130336995
1921,0.012195618944231499,0.004401317144055842
1922,0.012195425287399971,0.0043986321738019325
1923,0.012195231866742543,0.004395950197929935
1924,0.012195038681852,0.004393271212106339
1925,0.012194845732321973,0.004390595212006198
1926,0.012194653017746946,0.0043879221933130685
1927,0.01219446053772227,0.004385252151718948
1928,0.012194268291844172,0.004382585082924375
1929,0.012194076279709684,0.004379920982638233
1930,0.012193884500916727,0.004377259846577829
1931,0.012193692955064069,0.004374601670468919
1932,0.012193501641751302,0.004371946450045595
1933,0.0121933105605789,0.004369294181050297
1934,0.012193119711148127,0.004366644859233734
1935,0.012192929093061133,0.0043639984803549945
1936,0.0121927387059209,0.00436135504018136
1937,0.012192548549331206,0.004358714534488432
1938,0.012192358622896722,0.004356076959060026
1939,0.012192168926222907,0.004353442309688119
1940,0.01219197945891607,0.0043508105821728985
1941,0.012191790220583332,0.004348181772322743
1942,0.012191601210832646,0.004345555875954131
1943,0.012191412429272812,0.0043429328888917075
1944,0.01219122387551342,0.004340312806968118
1945,0.012191035549164874,0.0043376956260241534
1946,0.01219084744983842,0.004335081341908656
1947,0.012190659577146124,0.004332469950478443
1948,0.012190471930700822,0.004329861447598396
1949,0.01219028451011621,0.004327255829141384
1950,0.01219009731500677,0.004324653090988209
1951,0.012189910344987783,0.004322053229027531
1952,0.012189723599675349,0.004319456239156121
1953,0.012189537078686375,0.004316862117278495
1954,0.01218935078163853,0.004314270859307071
1955,0.01218916470815034,0.004311682461162204
1956,0.012188978857841086,0.004309096918771933
1957,0.012188793230330872,0.0043065142280722815
1958,0.012188607825240547,0.004303934385006915
1959,0.012188422642191808,0.00430135738552737
1960,0.012188237680807113,0.0042987832255928764
1961,0.012188052940709692,0.004296211901170393
1962,0.012187868421523586,0.004293643408234624
1963,0.012187684122873617,0.004291077742767899
1964,0.012187500044385355,0.004288514900760296
1965,0.012187316185685212,0.004285954878209427
1966,0.012187132546400291,0.004283397671120644
1967,0.012186949126158534,0.00428084327550682
1968,0.012186765924588658,0.004278291687388453
1969,0.012186582941320112,0.004275742902793554
1970,0.012186400175983133,0.004273196917757719
1971,0.01218621762820873,0.0042706537283240505
1972,0.012186035297628689,0.004268113330543132
1973,0.012185853183875507,0.004265575720473084
1974,0.01218567128658248,0.004263040894179428
1975,0.01218548960538371,0.004260508847735141
1976,0.012185308139913973,0.004257979577220649
1977,0.012185126889808816,0.004255453078723729
1978,0.012184945854704587,0.0042529293483395845
1979,0.012184765034238368,0.004250408382170742
1980,0.012184584428047965,0.0042478901763270535
1981,0.01218440403577193,0.0042453747269257875
1982,0.012184223857049616,0.004242862030091401
1983,0.01218404389152105,0.004240352081955725
1984,0.012183864138827057,0.004237844878657709
1985,0.012183684598609188,0.0042353404163437665
1986,0.0121835052705097,0.004232838691167322
1987,0.012183326154171635,0.0042303396992890985
1988,0.012183147249238743,0.004227843436877057
1989,0.012182968555355512,0.004225349900106187
1990,0.012182790072167158,0.004222859085158728
1991,0.012182611799319627,0.0042203709882240705
1992,0.012182433736459629,0.004217885605498549
1993,0.012182255883234525,0.004215402933185781
1994,0.012182078239292462,0.0042129229674963626
1995,0.0121819008042823,0.004210445704647925
1996,0.012181723577853604,0.004207971140865146
1997,0.012181546559656658,0.004205499272379768
1998,0.012181369749342485,0.004203030095430461
1999,0.012181193146562793,0.004200563606262902
2000,0.012181016750970039,0.00419809980112971
2001,0.012180840562217353,0.0041956386762904765
2002,0.01218066457995859,0.004193180228011664
2003,0.01218048880384836,0.004190724452566698
2004,0.012180313233541887,0.004188271346235838
2005,0.012180137868695193,0.004185820905306233
2006,0.012179962708964915,0.004183373126071857
2007,0.012179787754008492,0.004180928004833583
2008,0.012179613003483967,0.004178485537898981
2009,0.012179438457050142,0.004176045721582488
2010,0.012179264114366494,0.004173608552205325
2011,0.012179089975093184,0.004171174026095469
2012,0.012178916038891086,0.0041687421395875885
2013,0.012178742305421758,0.004166312889023101
2014,0.012178568774347457,0.004163886270750131
2015,0.012178395445331116,0.004161462281123534
2016,0.012178222318036341,0.004159040916504777
2017,0.01217804939212745,0.00415662217326197
2018,0.012177876667269443,0.004154206047769894
2019,0.012177704143127969,0.004151792536409943
2020,0.012177531819369378,0.004149381635570098
2021,0.012177359695660703,0.0041469733416449
2022,0.012177187771669663,0.004144567651035498
2023,0.012177016047064625,0.004142164560149607
2024,0.012176844521514643,0.004139764065401383
2025,0.012176673194689437,0.004137366163211569
2026,0.012176502066259386,0.004134970850007391
2027,0.012176331135895573,0.004132578122222518
2028,0.012176160403269715,0.004130187976297189
2029,0.012175989868054212,0.00412780040867787
2030,0.012175819529922112,0.00412541541581776
2031,0.012175649388547115,0.004123032994176177
2032,0.012175479443603636,0.004120653140219039
2033,0.012175309694766679,0.004118275850418479
2034,0.012175140141711943,0.004115901121253192
2035,0.012174970784115783,0.004113528949208039
2036,0.012174801621655197,0.004111159330774273
2037,0.012174632654007828,0.004108792262449494
2038,0.012174463880851989,0.0041064277407375374
2039,0.012174295301866632,0.004104065762148546
2040,0.012174126916731356,0.004101706323198958
2041,0.01217395872512639,0.004099349420411432
2042,0.012173790726732657,0.004096995050314784
2043,0.01217362292123166,0.004094643209444173
2044,0.012173455308305587,0.0040922938943408795
2045,0.012173287887637241,0.004089947101552401
2046,0.012173120658910082,0.00408760282763237
2047,0.0121729536218082,0.004085261069140572
2048,0.012172786776016308,0.004082921822642963
2049,0.012172620121219765,0.0040805850847115965
2050,0.012172453657104568,0.0040782508519245884
2051,0.01217228738335732,0.004075919120866254
2052,0.012172121299665271,0.0040735898881268506
2053,0.01217195540571631,0.004071263150302762
2054,0.012171789701198928,0.004068938903996389
2055,0.012171624185802246,0.004066617145816197
2056,0.012171458859216024,0.004064297872376586
2057,0.012171293721130618,0.004061981080298041
2058,0.012171128771237024,0.004059666766206983
2059,0.01217096400922685,0.0040573549267357515
2060,0.012170799434792316,0.004055045558522719
2061,0.012170635047626265,0.004052738658212119
2062,0.012170470847422175,0.004050434222454143
2063,0.012170306833874081,0.0040481322479048575
2064,0.01217014300667667,0.004045832731226283
2065,0.01216997936552523,0.004043535669086201
2066,0.012169815910115655,0.004041241058158364
2067,0.01216965264014446,0.004038948895122298
2068,0.012169489555308746,0.00403665917666336
2069,0.012169326655306222,0.004034371899472746
2070,0.012169163939835194,0.004032087060247465
2071,0.012169001408594598,0.004029804655690197
2072,0.012168839061283942,0.004027524682509609
2073,0.012168676897603339,0.004025247137419866
2074,0.01216851491725349,0.004022972017141025
2075,0.012168353119935714,0.0040206993183989105
2076,0.012168191505351892,0.004018429037924928
2077,0.01216803007320453,0.004016161172456209
2078,0.012167868823196721,0.004013895718735618
2079,0.012167707755032108,0.004011632673511721
2080,0.01216754686841499,0.0040093720335385484
2081,0.012167386163050195,0.0040071137955760075
2082,0.012167225638643149,0.0040048579563894795
2083,0.01216706529489988,0.004002604512749995
2084,0.012166905131526995,0.004000353461434161
2085,0.012166745148231666,0.003998104799224239
2086,0.012166585344721648,0.00399585852290798
2087,0.012166425720705299,0.003993614629278699
2088,0.012166266275891532,0.003991373115135279
2089,0.01216610700998984,0.003989133977282092
2090,0.012165947922710304,0.003986897212529057
2091,0.012165789013763537,0.003984662817691618
2092,0.01216563028286078,0.003982430789590603
2093,0.012165471729713799,0.003980201125052407
2094,0.012165313354034979,0.003977973820908833
2095,0.012165155155537198,0.003975748873997176
2096,0.012164997133933968,0.003973526281160049
2097,0.012164839288939357,0.003971306039245625
2098,0.012164681620267945,0.0039690881451074096
2099,0.012164524127634968,0.003966872595604218
2100,0.012164366810756116,0.003964659387600396
2101,0.012164209669347711,0.003962448517965541
2102,0.012164052703126602,0.003960239983574704
2103,0.012163895911810246,0.0039580337813080665
2104,0.012163739295116568,0.003955829908051393
2105,0.012163582852764115,0.003953628360695582
2106,0.01216342658447197,0.0039514291361368616
2107,0.01216327048995978,0.003949232231276834
2108,0.012163114568947716,0.003947037643022185
2109,0.01216295882115651,0.003944845368285036
2110,0.012162803246307448,0.003942655403982637
2111,0.012162647844122375,0.003940467747037569
2112,0.012162492614323638,0.00393828239437748
2113,0.012162337556634198,0.003936099342935423
2114,0.012162182670777474,0.003933918589649496
2115,0.012162027956477507,0.003931740131462934
2116,0.012161873413458825,0.0039295639653244025
2117,0.012161719041446518,0.003927390088187366
2118,0.012161564840166214,0.003925218497010644
2119,0.012161410809344079,0.003923049188758205
2120,0.012161256948706801,0.003920882160398994
2121,0.012161103257981615,0.0039187174089071715
2122,0.012160949736896276,0.003916554931261977
2123,0.012160796385179098,0.003914394724447624
2124,0.012160643202558892,0.003912236785453515
2125,0.012160490188765036,0.003910081111274026
2126,0.012160337343527415,0.003907927698908674
2127,0.012160184666576417,0.0039057765453618357
2128,0.012160032157642994,0.003903627647643078
2129,0.012159879816458614,0.0039014810027669143
2130,0.012159727642755256,0.0038993366077527546
2131,0.012159575636265433,0.0038971944596250994
2132,0.012159423796722186,0.003895054555413419
2133,0.012159272123859062,0.0038929168921520417
2134,0.012159120617410115,0.0038907814668803003
2135,0.012158969277109943,0.003888648276642504
2136,0.01215881810269364,0.00388651731848782
2137,0.012158667093896845,0.0038843885894703097
2138,0.012158516250455659,0.0038822620866489446
2139,0.012158365572106757,0.003880137807087678
2140,0.012158215058587269,0.0038780157478551323
2141,0.012158064709634897,0.0038758959060249515
2142,0.012157914524987773,0.0038737782786755974
2143,0.012157764504384622,0.003871662862890271
2144,0.012157614647564603,0.0038695496557572115
2145,0.012157464954267427,0.0038674386543692306
2146,0.012157315424233305,0.0038653298558240625
2147,0.012157166057202915,0.00386322325722421
2148,0.012157016852917502,0.0038611188556769557
2149,0.012156867811118749,0.003859016648294391
2150,0.012156718931548863,0.003856916632193269
2151,0.012156570213950554,0.0038548188044951605
2152,0.012156421658067032,0.0038527231623263504
2153,0.012156273263642006,0.0038506297028178113
2154,0.012156125030419667,0.003848538423105281
2155,0.012155976958144687,0.003846449320329181
2156,0.012155829046562271,0.0038443623916345473
2157,0.0121556812954181,0.0038422776341712006
2158,0.01215553370445833,0.003840195045093572
2159,0.012155386273429629,0.0038381146215607166
2160,0.012155239002079118,0.00383603636073641
2161,0.012155091890154467,0.003833960259788967
2162,0.012154944937403767,0.0038318863158913756
2163,0.012154798143575635,0.0038298145262212575
2164,0.012154651508419182,0.0038277448879607484
2165,0.012154505031683964,0.0038256773982966487
2166,0.012154358713120017,0.0038236120544203585
2167,0.012154212552477906,0.0038215488535277126
2168,0.012154066549508636,0.00381948779281922
2169,0.01215392070396369,0.0038174288694998973
2170,0.012153775015595067,0.0038153720807792986
2171,0.012153629484155196,0.003813317423871412
2172,0.012153484109397018,0.003811264895994922
2173,0.01215333889107393,0.003809214494372852
2174,0.012153193828939802,0.003807166216232808
2175,0.012153048922748978,0.0038051200588068044
2176,0.012152904172256276,0.003803076019331379
2177,0.012152759577216994,0.0038010340950475016
2178,0.01215261513738687,0.0037989942832005966
2179,0.012152470852522147,0.003796956581040513
2180,0.012152326722379505,0.0037949209858215913
2181,0.012152182746716107,0.003792887494802467
2182,0.012152038925289592,0.0037908561052463004
2183,0.012151895257858,0.003788826814420586
2184,0.012151751744179944,0.0037867996195971973
2185,0.012151608384014403,0.0037847745180524255
2186,0.012151465177120844,0.003782751507066904
2187,0.012151322123259211,0.0037807305839256495
2188,0.012151179222189896,0.0037787117459179022
2189,0.012151036473673731,0.003776694990337433
2190,0.012150893877472058,0.003774680314482166
2191,0.012150751433346605,0.003772667715654406
2192,0.012150609141059596,0.003770657191160827
2193,0.012150467000373723,0.0037686487383122714
2194,0.012150325011052083,0.0037666423544239387
2195,0.012150183172858254,0.0037646380368153184
2196,0.012150041485556269,0.003762635782810124
2197,0.012149899948910596,0.0037606355897362906
2198,0.01214975856268617,0.003758637454926141
2199,0.012149617326648345,0.0037566413757160457
2200,0.01214947624056297,0.003754647349446718
2201,0.01214933530419627,0.003752655373463079
2202,0.012149194517314974,0.003750665445114212
2203,0.012149053879686232,0.0037486775617534534
2204,0.012148913391077624,0.0037466917207382208
2205,0.012148773051257215,0.0037447079194302363
2206,0.01214863285999345,0.003742726155195335
2207,0.012148492817055273,0.00374074642540348
2208,0.012148352922212011,0.0037387687274288077
2209,0.012148213175233475,0.0037367930586496133
2210,0.0121480735758899,0.003734819416448225
2211,0.01214793412395193,0.003732847798211283
2212,0.012147794819190693,0.0037308782013293256
2213,0.012147655661377696,0.0037289106231971213
2214,0.012147516650284927,0.003726945061213471
2215,0.012147377785684768,0.0037249815127812893
2216,0.012147239067350052,0.0037230199753075692
2217,0.012147100495054063,0.003721060446203322
2218,0.01214696206857047,0.003719102922883657
2219,0.012146823787673391,0.0037171474027676925
2220,0.012146685652137366,0.003715193883278648
2221,0.012146547661737377,0.003713242361843623
2222,0.0121464098162488,0.003711292835893943
2223,0.01214627211544749,0.003709345302864752
2224,0.012146134559109666,0.003707399760195303
2225,0.012145997147012012,0.003705456205328797
2226,0.012145859878931596,0.003703514635712446
2227,0.012145722754645923,0.0037015750487973836
2228,0.012145585773932951,0.00369963744203873
2229,0.012145448936571017,0.0036977018128955485
2230,0.012145312242338871,0.0036957681588309266
2231,0.01214517569101571,0.003693836477311778
2232,0.012145039282381124,0.0036919067658090065
2233,0.012144903016215139,0.0036899790217973702
2234,0.01214476689229816,0.0036880532427556317
2235,0.012144630910411049,0.00368612942616639
2236,0.012144495070335052,0.003684207569516128
2237,0.01214435937185184,0.0036822876702952406
2238,0.012144223814743463,0.0036803697259980206
2239,0.012144088398792448,0.003678453734122558
2240,0.012143953123781666,0.003676539692170806
2241,0.012143817989494394,0.0036746275976486647
2242,0.012143682995714397,0.0036727174480658126
2243,0.01214354814222576,0.0036708092409356795
2244,0.012143413428812994,0.0036689029737756156
2245,0.01214327885526103,0.003666998644106776
2246,0.012143144421355192,0.003665096249454101
2247,0.012143010126881229,0.0036631957873463268
2248,0.012142875971625276,0.0036612972553159728
2249,0.01214274195537383,0.0036594006508993866
2250,0.012142608077913853,0.0036575059716365973
2251,0.012142474339032674,0.0036556132150714466
2252,0.012142340738518033,0.003653722378751586
2253,0.012142207276158019,0.0036518334602283296
2254,0.012142073951741206,0.003649946457056766
2255,0.012141940765056479,0.0036480613667957042
2256,0.012141807715893165,0.003646178187007702
2257,0.01214167480404098,0.003644296915258952
2258,0.012141542029290006,0.003642417549119481
2259,0.012141409391430763,0.0036405400861629195
2260,0.012141276890254116,0.0036386645239665765
2261,0.012141144525551359,0.003636790860111468
2262,0.012141012297114114,0.0036349190921823576
2263,0.01214088020473448,0.0036330492177675472
2264,0.012140748248204887,0.003631181234459087
2265,0.012140616427318156,0.003629315139852623
2266,0.012140484741867531,0.0036274509315474667
2267,0.012140353191646573,0.0036255886071465695
2268,0.012140221776449273,0.003623728164256485
2269,0.01214009049607004,0.003621869600487387
2270,0.012139959350303582,0.003620012913453098
2271,0.012139828338945037,0.0036181581007709786
2272,0.01213969746178995,0.003616305160062004
2273,0.0121395667186342,0.0036144540889507686
2274,0.012139436109274059,0.003612604885065456
2275,0.012139305633506167,0.0036107575460377394
2276,0.012139175291127595,0.003608912069502882
2277,0.01213904508193572,0.003607068453099763
2278,0.01213891500572834,0.003605226694470746
2279,0.012138785062303621,0.0036033867912617836
2280,0.012138655251460103,0.003601548741122282
2281,0.012138525572996665,0.0035997125417052247
2282,0.012138396026712626,0.0035978781906671454
2283,0.012138266612407612,0.0035960456856680093
2284,0.012138137329881683,0.0035942150243713504
2285,0.012138008178935225,0.003592386204444101
2286,0.012137879159368979,0.003590559223556869
2287,0.012137750270984111,0.003588734079383471
2288,0.012137621513582128,0.0035869107696014416
2289,0.012137492886964881,0.0035850892918916416
2290,0.01213736439093463,0.003583269643938417
2291,0.012137236025293971,0.003581451823429613
2292,0.012137107789845877,0.003579635828056402
2293,0.012136979684393692,0.003577821655513507
2294,0.012136851708741086,0.003576009303499049
2295,0.012136723862692149,0.0035741987697145016
2296,0.012136596146051311,0.003572390051864833
2297,0.012136468558623308,0.003570583147658399
2298,0.012136341100213352,0.003568778054806887
2299,0.012136213770626889,0.0035669747710254628
2300,0.012136086569669828,0.003565173294032629
2301,0.012135959497148375,0.003563373621550283
2302,0.012135832552869104,0.0035615757513036625
2303,0.012135705736638965,0.003559779681021449
2304,0.012135579048265229,0.003557985408435534
2305,0.012135452487555565,0.003556192931281285
2306,0.012135326054317962,0.0035544022472973297
2307,0.012135199748360788,0.003552613354225708
2308,0.012135073569492736,0.0035508262498117017
2309,0.01213494751752288,0.0035490409318039823
2310,0.01213482159226063,0.0035472573979544878
2311,0.01213469579351575,0.0035454756460184733
2312,0.012134570121098347,0.0035436956737545065
2313,0.012134444574818885,0.0035419174789244477
2314,0.012134319154488179,0.0035401410592933707
2315,0.012134193859917373,0.0035383664126297674
2316,0.012134068690917993,0.003536593536705267
2317,0.012133943647301876,0.003534822429294837
2318,0.01213381872888123,0.003533053088176679
2319,0.0121336939354686,0.0035312855111322636
2320,0.012133569266876847,0.0035295196959462525
2321,0.012133444722919195,0.003527755640406599
2322,0.012133320303409278,0.003525993342304481
2323,0.012133196008160938,0.003524232799434248
2324,0.012133071836988458,0.0035224740095935736
2325,0.01213294778970645,0.003520716970583194
2326,0.012132823866129811,0.0035189616802071746
2327,0.012132700066073846,0.003517208136272735
2328,0.01213257638935416,0.0035154563365902575
2329,0.012132452835786699,0.0035137062789733103
2330,0.012132329405187731,0.0035119579612387574
2331,0.012132206097373897,0.003510211381206447
2332,0.012132082912162168,0.0035084665366994783
2333,0.01213195984936981,0.003506723425544155
2334,0.012131836908814458,0.003504982045569883
2335,0.012131714090314062,0.0035032423946091775
2336,0.01213159139368694,0.0035015044704977552
2337,0.012131468818751696,0.00349976827107444
2338,0.012131346365327289,0.003498033794181182
2339,0.012131224033233003,0.0034963010376630513
2340,0.012131101822288454,0.003494569999368197
2341,0.012130979732313578,0.00349284067714795
2342,0.012130857763128677,0.0034911130688566757
2343,0.012130735914554326,0.0034893871723518017
2344,0.01213061418641144,0.0034876629854940053
2345,0.012130492578521326,0.0034859405061467954
2346,0.012130371090705501,0.003484219732177026
2347,0.012130249722785886,0.003482500661454421
2348,0.012130128474584733,0.003480783291851782
2349,0.01213000734592458,0.003479067621245123
2350,0.012129886336628303,0.0034773536475133163
2351,0.012129765446519093,0.0034756413685383997
2352,0.01212964467542049,0.0034739307822054004
2353,0.012129524023156297,0.0034722218864023826
2354,0.01212940348955071,0.0034705146790204315
2355,0.012129283074428187,0.003468809157953701
2356,0.01212916277761353,0.0034671053210992295
2357,0.012129042598931867,0.003465403166357213
2358,0.012128922538208624,0.003463702691630757
2359,0.012128802595269555,0.00346200389482602
2360,0.012128682769940715,0.0034603067738520807
2361,0.0121285630620485,0.00345861132662106
2362,0.012128443471419609,0.003456917551048008
2363,0.012128323997881043,0.0034552254450509775
2364,0.012128204641260142,0.0034535350065509926
2365,0.012128085401384534,0.0034518462334719897
2366,0.01212796627808216,0.003450159123740925
2367,0.012127847271181299,0.003448473675287667
2368,0.012127728380510532,0.00344678988604498
2369,0.012127609605898726,0.003445107753948621
2370,0.01212749094717506,0.0034434272769372893
2371,0.01212737240416909,0.003441748452952585
2372,0.012127253976710571,0.0034400712799389803
2373,0.012127135664629633,0.003438395755843955
2374,0.012127017467756735,0.003436721878617755
2375,0.012126899385922577,0.0034350496462137252
2376,0.012126781418958203,0.0034333790565879278
2377,0.012126663566694965,0.003431710107699374
2378,0.012126545828964509,0.003430042797509968
2379,0.012126428205598791,0.003428377123984526
2380,0.012126310696430045,0.0034267130850906607
2381,0.012126193301290857,0.0034250506787988954
2382,0.012126076020014063,0.003423389903082621
2383,0.012125958852432834,0.00342173075591806
2384,0.012125841798380632,0.0034200732352842513
2385,0.012125724857691225,0.003418417339163208
2386,0.01212560803019868,0.003416763065539645
2387,0.01212549131573734,0.003415110412401116
2388,0.012125374714141874,0.0034134593777381175
2389,0.012125258225247246,0.0034118099595438567
2390,0.012125141848888693,0.0034101621558143736
2391,0.012125025584901777,0.0034085159645486003
2392,0.01212490943312235,0.0034068713837481683
2393,0.01212479339338654,0.0034052284114175465
2394,0.012124677465530783,0.0034035870455640456
2395,0.012124561649391838,0.003401947284197689
2396,0.01212444594480669,0.003400309125331346
2397,0.012124330351612693,0.003398672566980614
2398,0.012124214869647423,0.0033970376071639215
2399,0.012124099498748797,0.003395404243902368
2400,0.012123984238755013,0.0033937724752199504
2401,0.012123869089504545,0.003392142299143325
2402,0.01212375405083615,0.0033905137137019026
2403,0.012123639122588918,0.0033888867169278233
2404,0.012123524304602177,0.003387261306856086
2405,0.012123409596715587,0.003385637481524317
2406,0.01212329499876905,0.0033840152389728755
2407,0.012123180510602783,0.0033823945772449
2408,0.012123066132057296,0.0033807754943862007
2409,0.012122951862973377,0.003379157988445326
2410,0.012122837703192087,0.003377542057473503
2411,0.012122723652554786,0.003375927699524753
2412,0.01212260971090309,0.0033743149126556665
2413,0.012122495878078933,0.0033727036949256217
2414,0.012122382153924536,0.003371094044396668
2415,0.012122268538282356,0.003369485959133513
2416,0.012122155030995193,0.003367879437203549
2417,0.012122041631906064,0.0033662744766768597
2418,0.012121928340858333,0.0033646710756261573
2419,0.012121815157695573,0.0033630692321268882
2420,0.012121702082261706,0.0033614689442571055
2421,0.012121589114400878,0.0033598702100975093
2422,0.012121476253957543,0.003358273027731489
2423,0.012121363500776415,0.003356677395245056
2424,0.012121250854702507,0.0033550833107268254
2425,0.012121138315581082,0.0033534907722681125
2426,0.012121025883257712,0.0033518997779627595
2427,0.01212091355757823,0.0033503103259074044
2428,0.012120801338388712,0.0033487224142010824
2429,0.01212068922553554,0.0033471360409456567
2430,0.012120577218865385,0.0033455512042453997
2431,0.012120465318225143,0.0033439679022074
2432,0.01212035352346204,0.0033423861329411587
2433,0.01212024183442352,0.003340805894558851
2434,0.012120130250957345,0.0033392271851751974
2435,0.012120018772911505,0.00333765000290763
2436,0.012119907400134307,0.0033360743458760236
2437,0.012119796132474272,0.003334500212202881
2438,0.012119684969780248,0.0033329276000132082
2439,0.012119573911901304,0.003331356507434709
2440,0.012119462958686811,0.003329786932597567
2441,0.012119352109986386,0.0033282188736345106
2442,0.012119241365649923,0.0033266523286808146
2443,0.012119130725527593,0.003325087295874366
2444,0.012119020189469802,0.0033235237733555546
2445,0.012118909757327255,0.0033219617592672485
2446,0.012118799428950888,0.0033204012517549235
2447,0.012118689204191941,0.0033188422489666
2448,0.012118579082901884,0.003317284749052728
2449,0.01211846906493246,0.0033157287501663834
2450,0.012118359150135705,0.00331417425046302
2451,0.01211824933836387,0.003312621248100762
2452,0.012118139629469487,0.0033110697412401017
2453,0.012118030023305354,0.0033095197280441475
2454,0.012117920519724537,0.003307971206678368
2455,0.01211781111858034,0.00330642417531085
2456,0.01211770181972632,0.0033048786321121016
2457,0.01211759262301635,0.0033033345752551432
2458,0.012117483528304504,0.0033017920029153936
2459,0.012117374535445135,0.0033002509132708563
2460,0.012117265644292843,0.0032987113045018857
2461,0.012117156854702505,0.0032971731747914205
2462,0.012117048166529235,0.0032956365223248125
2463,0.012116939579628418,0.003294101345289818
2464,0.012116831093855692,0.003292567641876668
2465,0.012116722709066914,0.003291035410278102
2466,0.01211661442511826,0.00328950464868919
2467,0.012116506241866125,0.0032879753553075567
2468,0.01211639815916714,0.0032864475283331603
2469,0.012116290176878226,0.003284921165968473
2470,0.012116182294856526,0.0032833962664182625
2471,0.012116074512959471,0.003281872827889904
2472,0.012115966831044673,0.003280350848593018
2473,0.012115859248970084,0.0032788303267396964
2474,0.012115751766593843,0.00327731126054448
2475,0.012115644383774372,0.0032757936482242047
2476,0.012115537100370319,0.0032742774879982524
2477,0.012115429916240608,0.003272762778088264
2478,0.012115322831244366,0.0032712495167183603
2479,0.012115215845241037,0.003269737702114956
2480,0.01211510895809024,0.0032682273325069363
2481,0.012115002169651886,0.0032667184061255265
2482,0.012114895479786128,0.0032652109212043135
2483,0.012114788888353342,0.0032637048759792406
2484,0.012114682395214163,0.0032622002686886675
2485,0.012114576000229483,0.003260697097573254
2486,0.012114469703260434,0.0032591953608760694
2487,0.012114363504168373,0.0032576950568424796
2488,0.01211425740281491,0.0032561961837202316
2489,0.0121141513990619,0.0032546987397593986
2490,0.012114045492771452,0.0032532027232124562
2491,0.01211393968380592,0.003251708132334073
2492,0.012113833972027832,0.0032502149653814115
2493,0.01211372835730008,0.003248723220613819
2494,0.012113622839485675,0.0032472328962930247
2495,0.012113517418447938,0.0032457439906831576
2496,0.012113412094050442,0.003244256502050529
2497,0.012113306866156918,0.0032427704286637996
2498,0.012113201734631403,0.0032412857687939933
2499,0.01211309669933818,0.0032398025207143488
2500,0.01211299176014171,0.003238320682700467
2501,0.012112886916906757,0.0032368402530302334
2502,0.012112782169498284,0.0032353612299837824
2503,0.012112677517781497,0.003233883611843579
2504,0.012112572961621828,0.00323240739689436
2505,0.012112468500884951,0.0032309325834231177
2506,0.0121123641354368,0.003229459169719152
2507,0.012112259865143514,0.0032279871540739826
2508,0.012112155689871474,0.0032265165347814787
2509,0.012112051609487301,0.003225047310137656
2510,0.012111947623857821,0.003223579478440919
2511,0.012111843732850134,0.003222113037991798
2512,0.01211173993633155,0.003220647987093192
2513,0.012111636234169592,0.0032191843240501256
2514,0.01211153262623207,0.003217722047169991
2515,0.012111429112386964,0.003216261154762343
2516,0.012111325692502516,0.003214801645138942
2517,0.012111222366447202,0.0032133435166138823
2518,0.0121111191340897,0.0032118867675033982
2519,0.012111015995298954,0.003210431396125959
2520,0.012110912949944094,0.0032089774008023037
2521,0.012110809997894517,0.003207524779855307
2522,0.012110707139019825,0.003206073531610176
2523,0.012110604373189853,0.0032046236543941753
2524,0.01211050170027466,0.0032031751465368794
2525,0.01211039912014454,0.003201728006370032
2526,0.012110296632670004,0.003200282232227577
2527,0.012110194237721767,0.0031988378224456953
2528,0.012110091935170845,0.0031973947753625993
2529,0.012109989724888387,0.0031959530893188883
2530,0.012109887606745806,0.0031945127626572456
2531,0.012109785580614756,0.003193073793722505
2532,0.012109683646367076,0.0031916361808617243
2533,0.01210958180387486,0.0031901999224241704
2534,0.012109480053010395,0.003188765016761163
2535,0.01210937839364624,0.003187331462226238
2536,0.0121092768256551,0.0031858992571751486
2537,0.012109175348909965,0.003184468399965721
2538,0.012109073963284027,0.0031830388889580214
2539,0.01210897266865069,0.00318161072251416
2540,0.012108871464883562,0.0031801838989984634
2541,0.012108770351856521,0.0031787584167773894
2542,0.012108669329443598,0.0031773342742194887
2543,0.012108568397519111,0.0031759114696955355
2544,0.012108467555957535,0.0031744900015783627
2545,0.012108366804633616,0.0031730698682429365
2546,0.012108266143422234,0.003171651068066392
2547,0.012108165572198609,0.0031702335994279554
2548,0.012108065090838073,0.0031688174607089285
2549,0.012107964699216208,0.003167402650292807
2550,0.012107864397208838,0.0031659891665651017
2551,0.012107764184691951,0.0031645770079135552
2552,0.012107664061541795,0.0031631661727278826
2553,0.01210756402763479,0.0031617566593999855
2554,0.012107464082847595,0.0031603484663238384
2555,0.01210736422705711,0.0031589415918955033
2556,0.012107264460140404,0.0031575360345130693
2557,0.012107164781974758,0.0031561317925768895
2558,0.012107065192437693,0.003154728864489181
2559,0.012106965691406908,0.0031533272486543814
2560,0.012106866278760349,0.0031519269434789076
2561,0.012106766954376146,0.003150527947371383
2562,0.012106667718132666,0.0031491302587423465
2563,0.012106568569908454,0.003147733876004529
2564,0.01210646950958229,0.0031463387975726497
2565,0.012106370537033142,0.003144945021863474
2566,0.012106271652140196,0.003143552547295898
2567,0.012106172854782871,0.003142161372290763
2568,0.012106074144840743,0.003140771495271099
2569,0.012105975522193637,0.003139382914661812
2570,0.01210587698672156,0.0031379956288899863
2571,0.012105778538304744,0.00313660963638468
2572,0.01210568017682363,0.0031352249355770107
2573,0.012105581902158852,0.003133841524900096
2574,0.012105483714191224,0.0031324594027891204
2575,0.012105385612801828,0.003131078567681272
2576,0.012105287597871897,0.0031296990180157734
2577,0.012105189669282895,0.0031283207522338377
2578,0.012105091826916473,0.0031269437687786775
2579,0.012104994070654504,0.0031255680660955912
2580,0.012104896400379043,0.0031241936426318626
2581,0.012104798815972385,0.003122820496836724
2582,0.012104701317316956,0.0031214486271614558
2583,0.012104603904295476,0.0031200780320593245
2584,0.012104506576790786,0.00311870870998563
2585,0.012104409334685982,0.0031173406593975814
2586,0.012104312177864332,0.0031159738787544288
2587,0.012104215106209296,0.0031146083665174523
2588,0.012104118119604598,0.003113244121149854
2589,0.012104021217934044,0.00311188114111678
2590,0.012103924401081783,0.003110519424885427
2591,0.01210382766893204,0.00310915897092498
2592,0.012103731021369302,0.0031077997777065173
2593,0.012103634458278232,0.0031064418437031023
2594,0.012103537979543706,0.0031050851673898303
2595,0.012103441585050804,0.00310372974724365
2596,0.012103345274684738,0.0031023755817435523
2597,0.012103249048331028,0.0031010226693704798
2598,0.012103152905875268,0.003099671008607269
2599,0.012103056847203366,0.0030983205979387
2600,0.012102960872201337,0.0030969714358516425
2601,0.012102864980755412,0.0030956235208346927
2602,0.012102769172752043,0.003094276851378525
2603,0.012102673448077849,0.00309293142597569
2604,0.012102577806619661,0.0030915872431208093
2605,0.012102482248264481,0.0030902443013102374
2606,0.012102386772899546,0.003088902599042306
2607,0.012102291380412217,0.003087562134817401
2608,0.012102196070690125,0.0030862229071376593
2609,0.012102100843621047,0.003084884914507219
2610,0.012102005699092937,0.003083548155432191
2611,0.01210191063699401,0.0030822126284204424
2612,0.01210181565721258,0.003080878331981878
2613,0.012101720759637193,0.003079545264628282
2614,0.012101625944156646,0.003078213424873255
2615,0.01210153121065983,0.003076882811232465
2616,0.012101436559035847,0.003075553422223338
2617,0.012101341989174036,0.003074225256365218
2618,0.01210124750096388,0.0030728983121793723
2619,0.01210115309429507,0.003071572588188939
2620,0.012101058769057487,0.0030702480829189215
2621,0.012100964525141164,0.0030689247948962883
2622,0.012100870362436376,0.003067602722649783
2623,0.012100776280833551,0.0030662818647100606
2624,0.012100682280223296,0.003064962219609647
2625,0.01210058836049644,0.0030636437858830097
2626,0.012100494521543957,0.0030623265620663503
2627,0.012100400763257023,0.003061010546697814
2628,0.01210030708552701,0.0030596957383174604
2629,0.012100213488245484,0.003058382135467092
2630,0.012100119971304155,0.0030570697366904477
2631,0.012100026534594936,0.0030557585405330797
2632,0.012099933178009928,0.0030544485455424146
2633,0.012099839901441435,0.0030531397502676916
2634,0.012099746704781901,0.0030518321532600288
2635,0.01209965358792398,0.0030505257530724244
2636,0.012099560550760514,0.0030492205482595966
2637,0.012099467593184504,0.0030479165373781957
2638,0.012099374715089137,0.003046613718986717
2639,0.012099281916367801,0.0030453120916454253
2640,0.012099189196914056,0.003044011653916391
2641,0.012099096556621612,0.003042712404363629
2642,0.012099003995384423,0.0030414143415528603
2643,0.012098911513096569,0.003040117464051672
2644,0.012098819109652314,0.0030388217704294665
2645,0.012098726784946123,0.003037527259257422
2646,0.012098634538872641,0.0030362339291086153
2647,0.012098542371326643,0.003034941778557884
2648,0.01209845028220318,0.0030336508061817938
2649,0.01209835827139737,0.00303236101055885
2650,0.012098266338804575,0.0030310723902692923
2651,0.012098174484320316,0.003029784943895099
2652,0.01209808270784028,0.003028498670020168
2653,0.012097991009260366,0.00302721356723008
2654,0.012097899388476604,0.003025929634112272
2655,0.012097807845385227,0.003024646869255954
2656,0.012097716379882648,0.0030233652712520643
2657,0.012097624991865456,0.0030220848386933756
2658,0.012097533681230377,0.003020805570174495
2659,0.012097442447874333,0.003019527464291662
2660,0.012097351291694437,0.0030182505196429967
2661,0.012097260212587984,0.0030169747348283604
2662,0.012097169210452386,0.0030157001084494123
2663,0.012097078285185288,0.003014426639109496
2664,0.012096987436684458,0.0030131543254138097
2665,0.012096896664847902,0.00301188316596925
2666,0.012096805969573727,0.0030106131593844922
2667,0.012096715350760246,0.0030093443042699436
2668,0.012096624808305957,0.003008076599237864
2669,0.012096534342109482,0.0030068100429021054
2670,0.012096443952069677,0.0030055446338783684
2671,0.012096353638085509,0.0030042803707840677
2672,0.012096263400056158,0.003003017252238377
2673,0.012096173237880953,0.003001755276862211
2674,0.012096083151459398,0.003000494443278196
2675,0.012095993140691154,0.002999234750110684
2676,0.01209590320547607,0.0029979761959858463
2677,0.012095813345714157,0.0029967187795314045
2678,0.012095723561305591,0.0029954624993770128
2679,0.012095633852150725,0.002994207354153909
2680,0.01209554421815006,0.0029929533424951247
2681,0.012095454659204271,0.002991700463035368
2682,0.012095365175214224,0.002990448714411078
2683,0.012095275766080913,0.0029891980952603814
2684,0.012095186431705532,0.0029879486042231865
2685,0.012095097171989411,0.0029867002399410316
2686,0.012095007986834083,0.002985453001057233
2687,0.012094918876141194,0.0029842068862167216
2688,0.012094829839812615,0.0029829618940662244
2689,0.012094740877750344,0.0029817180232540774
2690,0.012094651989856547,0.0029804752724303858
2691,0.012094563176033553,0.002979233640246922
2692,0.01209447443618388,0.002977993125357162
2693,0.012094385770210174,0.0029767537264162205
2694,0.012094297178015271,0.00297551544208093
2695,0.012094208659502125,0.0029742782710098633
2696,0.012094120214573933,0.0029730422118631667
2697,0.01209403184313399,0.002971807263302764
2698,0.012093943545085762,0.0029705734239921793
2699,0.012093855320332896,0.0029693406925966497
2700,0.012093767168779182,0.0029681090677831303
2701,0.012093679090328577,0.0029668785482200905
2702,0.01209359108488522,0.0029656491325778466
2703,0.01209350315235338,0.0029644208195282787
2704,0.01209341529263747,0.002963193607744973
2705,0.01209332750564214,0.0029619674959031213
2706,0.012093239791272097,0.0029607424826796204
2707,0.012093152149432303,0.0029595185667529657
2708,0.012093064580027799,0.002958295746803453
2709,0.012092977082963849,0.0029570740215127916
2710,0.012092889658145832,0.0029558533895645677
2711,0.012092802305479303,0.002954633849643849
2712,0.012092715024869981,0.0029534154004374692
2713,0.012092627816223715,0.0029521980406337803
2714,0.012092540679446543,0.002950981768922867
2715,0.012092453614444642,0.002949766583996439
2716,0.01209236662112434,0.0029485524845477666
2717,0.012092279699392148,0.002947339469271864
2718,0.012092192849154703,0.0029461275368652864
2719,0.012092106070318813,0.0029449166860262255
2720,0.012092019362791464,0.00294370691545451
2721,0.012091932726479728,0.002942498223851662
2722,0.012091846161290908,0.0029412906099206887
2723,0.012091759667132421,0.0029400840723662887
2724,0.012091673243911817,0.002938878609894842
2725,0.012091586891536872,0.0029376742212141945
2726,0.012091500609915448,0.0029364709050338582
2727,0.012091414398955594,0.00293526866006506
2728,0.01209132825856551,0.002934067485020483
2729,0.012091242188653518,0.0029328673786144957
2730,0.012091156189128146,0.0029316683395630106
2731,0.012091070259898024,0.0029304703665836494
2732,0.012090984400871953,0.0029292734583954896
2733,0.012090898611958893,0.0029280776137193356
2734,0.01209081289306795,0.0029268828312774926
2735,0.012090727244108382,0.0029256891097938363
2736,0.0120906416649896,0.0029244964479939314
2737,0.012090556155621148,0.0029233048446048546
2738,0.012090470715912738,0.002922114298355332
2739,0.012090385345774226,0.00292092480797557
2740,0.012090300045115632,0.0029197363721974183
2741,0.01209021481384709,0.0029185489897543353
2742,0.012090129651878922,0.0029173626593812477
2743,0.012090044559121589,0.002916177379814763
2744,0.012089959535485672,0.00291499314979301
2745,0.012089874580881944,0.0029138099680556815
2746,0.012089789695221296,0.0029126278333440774
2747,0.012089704878414752,0.0029114467444010216
2748,0.012089620130373539,0.002910266699970844
2749,0.012089535451008982,0.002909087698799548
2750,0.012089450840232585,0.0029079097396346835
2751,0.01208936629795595,0.002906732821225249
2752,0.012089281824090886,0.0029055569423218864
2753,0.012089197418549313,0.002904382101676782
2754,0.012089113081243285,0.002903208298043626
2755,0.012089028812085062,0.002902035530177671
2756,0.012088944610986967,0.002900863796835808
2757,0.012088860477861525,0.0028996930967762893
2758,0.012088776412621391,0.002898523428759041
2759,0.012088692415179368,0.0028973547915454806
2760,0.012088608485448371,0.0028961871838985983
2761,0.012088524623341507,0.0028950206045828975
2762,0.012088440828772007,0.0028938550523643415
2763,0.012088357101653225,0.002892690526010576
2764,0.012088273441898693,0.0028915270242906117
2765,0.012088189849422063,0.0028903645459750884
2766,0.012088106324137139,0.0028892030898361593
2767,0.012088022865957867,0.0028880426546474365
2768,0.012087939474798316,0.0028868832391841684
2769,0.012087856150572727,0.002885724842222922
2770,0.012087772893195466,0.002884567462542044
2771,0.01208768970258104,0.0028834110989211605
2772,0.012087606578644106,0.002882255750141516
2773,0.012087523521299433,0.0028811014149858712
2774,0.01208744053046198,0.0028799480922384398
2775,0.012087357606046805,0.002878795780684993
2776,0.012087274747969116,0.00287764447911277
2777,0.012087191956144286,0.0028764941863105055
2778,0.012087109230487772,0.002875344901068511
2779,0.012087026570915236,0.00287419662217843
2780,0.012086943977342411,0.0028730493484336013
2781,0.01208686144968524,0.002871903078628707
2782,0.012086778987859741,0.0028707578115599905
2783,0.012086696591782117,0.002869613546025139
2784,0.012086614261368669,0.0028684702808233543
2785,0.01208653199653588,0.0028673280147553312
2786,0.01208644979720035,0.002866186746623203
2787,0.012086367663278787,0.002865046475230671
2788,0.012086285594688058,0.002863907199382787
2789,0.012086203591345187,0.00286276891788622
2790,0.01208612165316732,0.0028616316295489897
2791,0.012086039780071712,0.0028604953331806482
2792,0.012085957971975822,0.002859360027592197
2793,0.012085876228797164,0.0028582257115961694
2794,0.012085794550453433,0.0028570923840064463
2795,0.012085712936862449,0.0028559600436384894
2796,0.012085631387942178,0.0028548286893091946
2797,0.012085549903610684,0.0028536983198368168
2798,0.01208546848378623,0.002852568934041196
2799,0.012085387128387153,0.002851440530743585
2800,0.012085305837331934,0.0028503131087667223
2801,0.012085224610539218,0.002849186666934663
2802,0.012085143447927752,0.0028480612040731315
2803,0.012085062349416448,0.002846936719009113
2804,0.012084981314924297,0.0028458132105711404
2805,0.012084900344370503,0.002844690677589121
2806,0.01208481943767431,0.002843569118894505
2807,0.012084738594755168,0.0028424485333200878
2808,0.012084657815532637,0.0028413289197001474
2809,0.012084577099926367,0.0028402102768704043
2810,0.012084496447856221,0.0028390926036680098
2811,0.012084415859242113,0.002837975898931482
2812,0.012084335334004138,0.0028368601615008774
2813,0.012084254872062498,0.002835745390217628
2814,0.012084174473337546,0.002834631583924607
2815,0.012084094137749725,0.0028335187414660857
2816,0.012084013865219677,0.0028324068616877667
2817,0.012083933655668086,0.002831295943436827
2818,0.012083853509015837,0.0028301859855618377
2819,0.012083773425183936,0.002829076986912691
2820,0.012083693404093458,0.0028279689463408383
2821,0.012083613445665694,0.0028268618626990883
2822,0.012083533549821984,0.0028257557348416278
2823,0.012083453716483845,0.0028246505616241024
2824,0.012083373945572892,0.0028235463419035993
2825,0.012083294237010921,0.002822443074538451
2826,0.012083214590719787,0.0028213407583886196
2827,0.012083135006621514,0.0028202393923153
2828,0.012083055484638242,0.002819138975181131
2829,0.012082976024692245,0.0028180395058502077
2830,0.012082896626705903,0.002816940983187988
2831,0.01208281729060175,0.002815843406061269
2832,0.012082738016302424,0.0028147467733383546
2833,0.012082658803730703,0.0028136510838888454
2834,0.012082579652809476,0.0028125563365837603
2835,0.01208250056346177,0.002811462530295548
2836,0.012082421535610764,0.0028103696638979696
2837,0.012082342569179677,0.002809277736266258
2838,0.012082263664091958,0.002808186746276913
2839,0.012082184820271114,0.0028070966928079233
2840,0.012082106037640778,0.0028060075747386635
2841,0.012082027316124745,0.0028049193909497655
2842,0.012081948655646881,0.002803832140323374
2843,0.012081870056131231,0.0028027458217429095
2844,0.012081791517501952,0.002801660434093208
2845,0.01208171303968326,0.002800575976260476
2846,0.012081634622599577,0.0027994924471322884
2847,0.012081556266175412,0.0027984098455975915
2848,0.012081477970335406,0.0027973281705466757
2849,0.012081399735004302,0.002796247420871193
2850,0.012081321560106974,0.002795167595464182
2851,0.012081243445568435,0.0027940886932200843
2852,0.01208116539131381,0.002793010713034585
2853,0.01208108739726834,0.0027919336538047754
2854,0.012081009463357368,0.0027908575144291762
2855,0.012080931589506395,0.002789782293807552
2856,0.012080853775641047,0.00278870799084105
2857,0.012080776021687029,0.0027876346044322336
2858,0.012080698327570187,0.0027865621334849694
2859,0.012080620693216476,0.0027854905769044147
2860,0.012080543118552027,0.0027844199335971074
2861,0.01208046560350301,0.0027833502024710095
2862,0.012080388147995757,0.002782281382435314
2863,0.01208031075195672,0.002781213472400586
2864,0.012080233415312438,0.002780146471278779
2865,0.012080156137989625,0.00277908037798309
2866,0.012080078919915084,0.0027780151914281073
2867,0.012080001761015712,0.0027769509105297664
2868,0.012079924661218572,0.002775887534205323
2869,0.012079847620450777,0.0027748250613733208
2870,0.012079770638639659,0.0027737634909536383
2871,0.012079693715712554,0.0027727028218675477
2872,0.012079616851597006,0.0027716430530375777
2873,0.012079540046220628,0.0027705841833876098
2874,0.01207946329951116,0.0027695262118428085
2875,0.012079386611396457,0.0027684691373296914
2876,0.012079309981804516,0.002767412958776139
2877,0.012079233410663406,0.002766357675111244
2878,0.012079156897901322,0.0027653032852654586
2879,0.01207908044344661,0.0027642497881705786
2880,0.012079004047227728,0.0027631971827596444
2881,0.012078927709173178,0.0027621454679670936
2882,0.01207885142921167,0.00276109464272861
2883,0.012078775207271967,0.0027600447059811482
2884,0.012078699043282966,0.0027589956566630774
2885,0.012078622937173709,0.0027579474937139406
2886,0.012078546888873287,0.002756900216074701
2887,0.01207847089831096,0.002755853822687513
2888,0.012078394965416092,0.0027548083124959246
2889,0.012078319090118134,0.002753763684444698
2890,0.01207824327234666,0.0027527199374799724
2891,0.012078167512031382,0.0027516770705490654
2892,0.012078091809102109,0.0027506350826007283
2893,0.012078016163488766,0.0027495939725848653
2894,0.012077940575121368,0.0027485537394527546
2895,0.012077865043930094,0.0027475143821568937
2896,0.012077789569845163,0.0027464758996511717
2897,0.012077714152796987,0.0027454382908906555
2898,0.012077638792716018,0.0027444015548317114
2899,0.012077563489532872,0.0027433656904320342
2900,0.012077488243178216,0.0027423306966505635
2901,0.012077413053582925,0.0027412965724474747
2902,0.012077337920677892,0.002740263316784322
2903,0.01207726284439415,0.002739230928623843
2904,0.012077187824662846,0.0027381994069300615
2905,0.01207711286141528,0.0027371687506682913
2906,0.012077037954582783,0.0027361389588051255
2907,0.012076963104096842,0.002735110030308347
2908,0.012076888309889063,0.002734081964147133
2909,0.01207681357189113,0.0027330547592918047
2910,0.012076738890034855,0.0027320284147140054
2911,0.012076664264252163,0.0027310029293866217
2912,0.012076589694475077,0.0027299783022838252
2913,0.012076515180635726,0.002728954532381002
2914,0.01207644072266637,0.002727931618654785
2915,0.01207636632049933,0.0027269095600831552
2916,0.012076291974067108,0.0027258883556452182
2917,0.012076217683302264,0.0027248680043214465
2918,0.01207614344813747,0.0027238485050934532
2919,0.012076069268505487,0.0027228298569441896
2920,0.012075995144339243,0.0027218120588578102
2921,0.012075921075571712,0.002720795109819709
2922,0.01207584706213602,0.0027197790088165498
2923,0.012075773103965369,0.002718763754836203
2924,0.012075699200993098,0.0027177493468677964
2925,0.012075625353152597,0.0027167357839017344
2926,0.012075551560377444,0.002715723064929587
2927,0.012075477822601242,0.002714711188944226
2928,0.012075404139757757,0.0027137001549396903
2929,0.012075330511780821,0.002712689961911311
2930,0.01207525693860441,0.0027116806088555863
2931,0.012075183420162582,0.002710672094770346
2932,0.012075109956389492,0.002709664418654538
2933,0.012075036547219429,0.0027086575795083924
2934,0.012074963192586744,0.002707651576333343
2935,0.01207488989242594,0.002706646408132064
2936,0.0120748166466716,0.0027056420739084617
2937,0.012074743455258406,0.002704638572667649
2938,0.012074670318121167,0.0027036359034158953
2939,0.012074597235194757,0.0027026340651608114
2940,0.012074524206414198,0.0027016330569111253
2941,0.01207445123171461,0.002700632877676842
2942,0.012074378311031158,0.0026996335264691048
2943,0.012074305444299164,0.0026986350023003214
2944,0.012074232631454065,0.0026976373041841147
2945,0.012074159872431359,0.0026966404311353272
2946,0.01207408716716668,0.0026956443821698805
2947,0.01207401451559574,0.0026946491563051246
2948,0.01207394191765436,0.0026936547525594112
2949,0.012073869373278458,0.002692661169952388
2950,0.012073796882404099,0.0026916684075049538
2951,0.012073724444967366,0.0026906764642390425
2952,0.012073652060904525,0.002689685339177901
2953,0.012073579730151886,0.0026886950313460434
2954,0.012073507452645888,0.0026877055397690024
2955,0.012073435228323071,0.002686716863473622
2956,0.012073363057120078,0.0026857290014879044
2957,0.012073290938973618,0.002684741952841049
2958,0.012073218873820544,0.0026837557165634613
2959,0.012073146861597795,0.0026827702916866953
2960,0.012073074902242386,0.002681785677243514
2961,0.01207300299569147,0.0026808018722678543
2962,0.01207293114188227,0.0026798188757948724
2963,0.012072859340752147,0.0026788366868608373
2964,0.01207278759223851,0.002677855304503263
2965,0.012072715896278896,0.0026768747277608118
2966,0.012072644252810938,0.002675894955673352
2967,0.012072572661772371,0.002674915987281879
2968,0.012072501123101022,0.0026739378216285806
2969,0.012072429636734824,0.002672960457756861
2970,0.012072358202611785,0.002671983894711223
2971,0.012072286820670044,0.0026710081315374245
2972,0.01207221549084782,0.002670033167282304
2973,0.012072144213083438,0.002669059000993928
2974,0.012072072987315292,0.0026680856317215103
2975,0.012072001813481925,0.0026671130585154065
2976,0.01207193069152194,0.00266614128042718
2977,0.01207185962137404,0.0026651702965095523
2978,0.012071788602977024,0.0026642001058163724
2979,0.012071717636269809,0.00266323070740262
2980,0.01207164672119138,0.0026622621003245268
2981,0.012071575857680839,0.002661294283639409
2982,0.012071505045677368,0.0026603272564057726
2983,0.012071434285120254,0.0026593610176832605
2984,0.012071363575948922,0.0026583955665326303
2985,0.012071292918102772,0.0026574309020158896
2986,0.012071222311521442,0.0026564670231960484
2987,0.012071151756144574,0.002655503929137469
2988,0.012071081251911926,0.0026545416189054307
2989,0.01207101079876337,0.0026535800915665616
2990,0.01207094039663886,0.0026526193461884414
2991,0.012070870045478434,0.0026516593818399666
2992,0.012070799745222249,0.002650700197591068
2993,0.012070729495810529,0.0026497417925128767
2994,0.012070659297183607,0.002648784165677582
2995,0.012070589149281911,0.002647827316158609
2996,0.012070519052045958,0.002646871243030413
2997,0.012070449005416362,0.0026459159453686926
2998,0.012070379009333818,0.0026449614222502056
2999,0.012070309063739135,0.002644007672752861
3000,0.01207023916857321,0.002643054695955673
3001,0.012070169323777016,0.0026421024909388624
3002,0.012070099529291636,0.002641151056783658
3003,0.012070029785058242,0.002640200392572572
3004,0.012069960091018087,0.0026392504973890485
3005,0.012069890447112534,0.0026383013703178172
3006,0.012069820853283023,0.0026373530104446515
3007,0.012069751309471096,0.0026364054168564496
3008,0.012069681815618395,0.0026354585886412514
3009,0.01206961237166663,0.002634512524888223
3010,0.012069542977557607,0.0026335672246875896
3011,0.012069473633233256,0.002632622687130767
3012,0.012069404338635539,0.0026316789113102067
3013,0.012069335093706578,0.0026307358963195714
3014,0.012069265898388519,0.002629793641253539
3015,0.012069196752623652,0.0026288521452079053
3016,0.012069127656354319,0.0026279114072796502
3017,0.01206905860952299,0.002626971426566774
3018,0.012068989612072202,0.0026260322021684967
3019,0.012068920663944544,0.0026250937331849878
3020,0.012068851765082775,0.002624156018717657
3021,0.012068782915429704,0.0026232190578689284
3022,0.012068714114928214,0.00262228284974237
3023,0.012068645363521294,0.0026213473934426352
3024,0.012068576661152026,0.002620412688075474
3025,0.01206850800776358,0.0026194787327477407
3026,0.012068439403299198,0.002618545526567388
3027,0.012068370847702233,0.002617613068643414
3028,0.012068302340916114,0.002616681358086015
3029,0.012068233882884347,0.0026157503940063467
3030,0.012068165473550557,0.0026148201755167937
3031,0.012068097112858445,0.0026138907017306933
3032,0.012068028800751779,0.0026129619717625745
3033,0.012067960537174459,0.0026120339847279777
3034,0.012067892322070404,0.002611106739743613
3035,0.01206782415538367,0.00261018023592719
3036,0.012067756037058432,0.0026092544723975127
3037,0.012067687967038873,0.0026083294482745372
3038,0.012067619945269292,0.0026074051626792053
3039,0.012067551971694134,0.0026064816147336224
3040,0.012067484046257836,0.0026055588035609023
3041,0.01206741616890499,0.002604636728285268
3042,0.012067348339580236,0.0026037153880320244
3043,0.012067280558228335,0.002602794781927508
3044,0.012067212824794098,0.0026018749090991654
3045,0.012067145139222428,0.0026009557686755415
3046,0.01206707750145836,0.0026000373597861648
3047,0.012067009911446923,0.0025991196815617077
3048,0.012066942369133351,0.0025982027331338813
3049,0.012066874874462867,0.002597286513635462
3050,0.012066807427380807,0.0025963710222003003
3051,0.01206674002783261,0.0025954562579632865
3052,0.012066672675763774,0.0025945422200603645
3053,0.012066605371119902,0.0025936289076286265
3054,0.012066538113846677,0.0025927163198061045
3055,0.01206647090388986,0.0025918044557319666
3056,0.012066403741195287,0.0025908933145464335
3057,0.012066336625708928,0.002589982895390728
3058,0.012066269557376736,0.0025890731974072007
3059,0.012066202536144878,0.0025881642197391743
3060,0.0120661355619595,0.002587255961531077
3061,0.01206606863476687,0.0025863484219284093
3062,0.01206600175451335,0.0025854416000776754
3063,0.01206593492114537,0.002584535495126428
3064,0.01206586813460944,0.0025836301062232875
3065,0.012065801394852185,0.002582725432517909
3066,0.012065734701820265,0.0025818214731609885
3067,0.012065668055460454,0.0025809182273042724
3068,0.012065601455719596,0.0025800156941005736
3069,0.012065534902544618,0.0025791138727037062
3070,0.012065468395882536,0.002578212762268534
3071,0.012065401935680455,0.0025773123619509475
3072,0.012065335521885538,0.002576412670907928
3073,0.012065269154445054,0.002575513688297434
3074,0.012065202833306336,0.002574615413278491
3075,0.01206513655841681,0.002573717845011126
3076,0.01206507032972396,0.0025728209826564323
3077,0.012065004147175403,0.0025719248253765112
3078,0.012064938010718772,0.002571029372334549
3079,0.012064871920301843,0.0025701346226946263
3080,0.012064805875872414,0.002569240575622016
3081,0.012064739877378413,0.0025683472302829055
3082,0.012064673924767807,0.002567454585844572
3083,0.012064608017988684,0.0025665626414752576
3084,0.012064542156989192,0.0025656713963442624
3085,0.012064476341717548,0.0025647808496219136
3086,0.012064410572122061,0.00256389100047954
3087,0.01206434484815114,0.0025630018480894607
3088,0.012064279169753224,0.0025621133916251203
3089,0.012064213536876877,0.002561225630260846
3090,0.012064147949470725,0.002560338563172074
3091,0.012064082407483459,0.002559452189535207
3092,0.01206401691086388,0.0025585665085276566
3093,0.01206395145956084,0.002557681519327937
3094,0.012063886053523293,0.0025567972211154202
3095,0.012063820692700256,0.002555913613070613
3096,0.01206375537704083,0.0025550306943749952
3097,0.012063690106494196,0.0025541484642110043
3098,0.012063624881009585,0.0025532669217621508
3099,0.012063559700536367,0.00255238606621292
3100,0.012063494565023935,0.002551505896748801
3101,0.012063429474421796,0.0025506264125563045
3102,0.012063364428679486,0.002549747612822887
3103,0.012063299427746683,0.002548869496737109
3104,0.012063234471573089,0.0025479920634883866
3105,0.01206316956010852,0.0025471153122672884
3106,0.012063104693302844,0.0025462392422652366
3107,0.01206303987110603,0.0025453638526747413
3108,0.012062975093468079,0.0025444891426893166
3109,0.012062910360339124,0.002543615111503359
3110,0.012062845671669337,0.0025427417583124023
3111,0.012062781027408986,0.0025418690823128427
3112,0.012062716427508415,0.002540997082702173
3113,0.012062651871918028,0.0025401257586788024
3114,0.012062587360588321,0.0025392551094421474
3115,0.012062522893469848,0.0025383851341926286
3116,0.012062458470513255,0.00253751583213159
3117,0.012062394091669267,0.002536647202461457
3118,0.012062329756888673,0.002535779244385595
3119,0.01206226546612234,0.002534911957108278
3120,0.012062201219321207,0.0025340453398348616
3121,0.012062137016436304,0.002533179391771637
3122,0.012062072857418725,0.0025323141121258936
3123,0.012062008742219623,0.0025314495001058437
3124,0.012061944670790251,0.0025305855549207887
3125,0.01206188064308192,0.0025297222757808533
3126,0.012061816659046041,0.0025288596618972398
3127,0.01206175271863405,0.002527997712482118
3128,0.012061688821797527,0.0025271364267485806
3129,0.012061624968488052,0.0025262758039107454
3130,0.012061561158657327,0.0025254158431836106
3131,0.012061497392257122,0.002524556543783273
3132,0.012061433669239285,0.002523697904926678
3133,0.012061369989555678,0.0025228399258318364
3134,0.01206130635315834,0.0025219826057176157
3135,0.012061242759999277,0.002521125943803891
3136,0.012061179210030677,0.002520269939311585
3137,0.012061115703204693,0.0025194145914624517
3138,0.012061052239473622,0.0025185598994792637
3139,0.012060988818789802,0.0025177058625857566
3140,0.012060925441105695,0.0025168524800066126
3141,0.012060862106373737,0.0025159997509675027
3142,0.01206079881454653,0.0025151476746949654
3143,0.012060735565576701,0.002514296250416617
3144,0.012060672359416973,0.002513445477360932
3145,0.012060609196020125,0.0025125953547573596
3146,0.012060546075338994,0.0025117458818363254
3147,0.012060482997326531,0.0025108970578291852
3148,0.012060419961935733,0.0025100488819682354
3149,0.01206035696911965,0.0025092013534867503
3150,0.01206029401883144,0.002508354471618896
3151,0.012060231111024318,0.0025075082355998706
3152,0.012060168245651561,0.0025066626446657394
3153,0.012060105422666535,0.002505817698053505
3154,0.012060042642022636,0.0025049733950012203
3155,0.012059979903673386,0.002504129734747729
3156,0.012059917207572367,0.0025032867165329497
3157,0.01205985455367319,0.00250244433959763
3158,0.012059791941929564,0.002501602603183538
3159,0.012059729372295292,0.0025007615065333355
3160,0.012059666844724202,0.002499921048890635
3161,0.012059604359170212,0.0024990812294999813
3162,0.012059541915587335,0.002498242047606811
3163,0.012059479513929596,0.002497403502457596
3164,0.012059417154151143,0.002496565593299669
3165,0.012059354836206179,0.002495728319381233
3166,0.012059292560048961,0.002494891679951561
3167,0.012059230325633828,0.0024940556742607495
3168,0.012059168132915207,0.0024932203015598565
3169,0.012059105981847538,0.002492385561100866
3170,0.012059043872385392,0.002491551452136693
3171,0.012058981804483372,0.0024907179739211234
3172,0.012058919778096143,0.0024898851257089865
3173,0.012058857793178494,0.002489052906755869
3174,0.012058795849685227,0.00248822131631839
3175,0.012058733947571218,0.002487390353654126
3176,0.012058672086791435,0.0024865600180214473
3177,0.012058610267300894,0.002485730308679743
3178,0.012058548489054702,0.002484901224889227
3179,0.012058486752008,0.00248407276591113
3180,0.012058425056116024,0.0024832449310075197
3181,0.012058363401334073,0.0024824177194414164
3182,0.012058301787617508,0.002481591130476745
3183,0.012058240214921762,0.0024807651633783332
3184,0.012058178683202312,0.002479939817411929
3185,0.012058117192414754,0.0024791150918441825
3186,0.012058055742514708,0.0024782909859426398
3187,0.012057994333457882,0.0024774674989757692
3188,0.012057932965199998,0.002476644630212944
3189,0.012057871637696956,0.0024758223789244755
3190,0.0120578103509046,0.0024750007443814967
3191,0.012057749104778921,0.002474179725856111
3192,0.012057687899275941,0.0024733593226213134
3193,0.012057626734351781,0.0024725395339509604
3194,0.01205756560996257,0.0024717203591198634
3195,0.012057504526064576,0.002470901797403706
3196,0.012057443482614063,0.0024700838480790407
3197,0.012057382479567419,0.002469266510423351
3198,0.01205732151688105,0.0024684497837150683
3199,0.012057260594511468,0.002467633667233387
3200,0.012057199712415213,0.002466818160258493
3201,0.01205713887054894,0.0024660032620714644
3202,0.012057078068869298,0.002465188971954194
3203,0.012057017307333086,0.0024643752891895542
3204,0.012056956585897078,0.00246356221306125
3205,0.01205689590451819,0.0024627497428538923
3206,0.012056835263153388,0.0024619378778529943
3207,0.012056774661759643,0.002461126617344943
3208,0.012056714100294057,0.002460315960617
3209,0.012056653578713751,0.002459505906957294
3210,0.012056593096975989,0.0024586964556549008
3211,0.012056532655037975,0.0024578876059997315
3212,0.012056472252857109,0.0024570793572825573
3213,0.012056411890390722,0.0024562717087950954
3214,0.012056351567596334,0.0024554646598298796
3215,0.012056291284431453,0.0024546582096803458
3216,0.012056231040853661,0.00245385235764086
3217,0.012056170836820639,0.002453047103006546
3218,0.012056110672290076,0.002452242445073468
3219,0.012056050547219763,0.0024514383831386283
3220,0.012055990461567571,0.002450634916499769
3221,0.012055930415291375,0.002449832044455616
3222,0.012055870408349165,0.0024490297663056953
3223,0.01205581044069896,0.002448228081350448
3224,0.01205575051229887,0.0024474269888911855
3225,0.012055690623107053,0.0024466264882300353
3226,0.01205563077308174,0.002445826578670036
3227,0.01205557096218118,0.002445027259515099
3228,0.012055511190363766,0.0024442285300699334
3229,0.012055451457587902,0.0024434303896401902
3230,0.012055391763812009,0.002442632837532382
3231,0.012055332108994683,0.002441835873053818
3232,0.01205527249309448,0.002441039495512715
3233,0.012055212916070084,0.002440243704218167
3234,0.012055153377880197,0.0024394484984800622
3235,0.012055093878483613,0.002438653877609189
3236,0.01205503441783915,0.002437859840917213
3237,0.012054974995905752,0.0024370663877166135
3238,0.012054915612642337,0.0024362735173207428
3239,0.012054856268007974,0.002435481229043811
3240,0.01205479696196172,0.0024346895222008918
3241,0.012054737694462733,0.0024338983961078716
3242,0.012054678465470248,0.002433107850081513
3243,0.012054619274943492,0.002432317883439409
3244,0.012054560122841822,0.0024315284955001002
3245,0.01205450100912462,0.0024307396855828326
3246,0.012054441933751353,0.0024299514530077525
3247,0.012054382896681511,0.0024291637970958965
3248,0.012054323897874685,0.0024283767171690766
3249,0.012054264937290497,0.0024275902125500317
3250,0.012054206014888647,0.002426804282562226
3251,0.012054147130628887,0.0024260189265301216
3252,0.012054088284471015,0.0024252341437788687
3253,0.012054029476374935,0.002424449933634545
3254,0.01205397070630055,0.0024236662954240542
3255,0.012053911974207862,0.0024228832284751444
3256,0.012053853280056924,0.002422100732116343
3257,0.012053794623807833,0.0024213188056771465
3258,0.012053736005420779,0.0024205374484876866
3259,0.012053677424855984,0.0024197566598790974
3260,0.012053618882073725,0.0024189764391833206
3261,0.01205356037703437,0.0024181967857330386
3262,0.012053501909698307,0.00241741769886189
3263,0.012053443480026004,0.0024166391779042295
3264,0.01205338508797797,0.002415861222195313
3265,0.012053326733514825,0.00241508383107124
3266,0.012053268416597172,0.0024143070038688194
3267,0.012053210137185731,0.0024135307399258516
3268,0.012053151895241242,0.00241275503858085
3269,0.012053093690724529,0.0024119798991731837
3270,0.012053035523596463,0.0024112053210430502
3271,0.012052977393817972,0.002410431303531462
3272,0.012052919301350048,0.002409657845980292
3273,0.012052861246153748,0.0024088849477321554
3274,0.01205280322819016,0.002408112608130532
3275,0.01205274524742043,0.002407340826519741
3276,0.012052687303805815,0.0024065696022449044
3277,0.012052629397307576,0.002405798934651913
3278,0.012052571527887027,0.0024050288230876055
3279,0.01205251369550558,0.002404259266899464
3280,0.012052455900124683,0.0024034902654359127
3281,0.01205239814170582,0.0024027218180461204
3282,0.012052340420210573,0.0024019539240801107
3283,0.01205228273560055,0.002401186582888695
3284,0.01205222508783744,0.0024004197938234835
3285,0.012052167476882945,0.002399653556236964
3286,0.012052109902698881,0.002398887869482358
3287,0.012052052365247075,0.0023981227329136975
3288,0.012051994864489424,0.0023973581458859084
3289,0.012051937400387925,0.002396594107754569
3290,0.012051879972904545,0.002395830617876199
3291,0.012051822582001357,0.0023950676756081
3292,0.0120517652276405,0.0023943052803083223
3293,0.012051707909784156,0.0023935434313357286
3294,0.01205165062839455,0.0023927821280500606
3295,0.012051593383433973,0.0023920213698117795
3296,0.012051536174864777,0.00239126115598213
3297,0.012051479002649367,0.002390501485923228
3298,0.012051421866750196,0.0023897423589979805
3299,0.012051364767129785,0.002388983774569998
3300,0.012051307703750683,0.00238822573200381
3301,0.01205125067657553,0.0023874682306646603
3302,0.012051193685567002,0.002386711269918607
3303,0.012051136730687827,0.00238595484913253
3304,0.01205107981190079,0.0023851989676740314
3305,0.012051022929168752,0.0023844436249115895
3306,0.012050966082454576,0.002383688820214417
3307,0.012050909271721243,0.0023829345529525333
3308,0.012050852496931745,0.002382180822496756
3309,0.012050795758049156,0.0023814276282186487
3310,0.012050739055036551,0.0023806749694906025
3311,0.012050682387857148,0.0023799228456858417
3312,0.012050625756474151,0.002379171256178209
3313,0.012050569160850823,0.0023784202003425
3314,0.0120505126009505,0.002377669677554256
3315,0.012050456076736564,0.002376919687189722
3316,0.012050399588172457,0.0023761702286260507
3317,0.012050343135221669,0.00237542130124101
3318,0.012050286717847764,0.0023746729044132908
3319,0.012050230336014295,0.002373925037522317
3320,0.012050173989684948,0.0023731776999482853
3321,0.012050117678823415,0.002372430891072153
3322,0.012050061403393451,0.0023716846102757212
3323,0.01205000516335887,0.0023709388569414253
3324,0.012049948958683528,0.002370193630452623
3325,0.012049892789331357,0.0023694489301933617
3326,0.012049836655266315,0.0023687047555485006
3327,0.012049780556452413,0.0023679611059036513
3328,0.012049724492853743,0.0023672179806452018
3329,0.012049668464434421,0.0023664753791603163
3330,0.01204961247115864,0.002365733300836851
3331,0.012049556512990597,0.002364991745063614
3332,0.0120495005898946,0.0023642507112299664
3333,0.01204944470183499,0.0023635101987261728
3334,0.012049388848776139,0.0023627702069431832
3335,0.0120493330306825,0.0023620307352727817
3336,0.012049277247518534,0.002361291783107529
3337,0.012049221499248808,0.0023605533498406387
3338,0.012049165785837921,0.0023598154348661695
3339,0.012049110107250518,0.0023590780375789106
3340,0.012049054463451272,0.0023583411573744636
3341,0.012048998854404957,0.002357604793649098
3342,0.012048943280076363,0.0023568689457999148
3343,0.012048887740430333,0.0023561336132247685
3344,0.012048832235431791,0.0023553987953222415
3345,0.01204877676504566,0.0023546644914916306
3346,0.012048721329236985,0.0023539307011330992
3347,0.012048665927970785,0.002353197423647472
3348,0.012048610561212173,0.0023524646584363994
3349,0.012048555228926314,0.0023517324049021613
3350,0.01204849993107842,0.002351000662447916
3351,0.012048444667633745,0.0023502694304775263
3352,0.012048389438557586,0.002349538708395599
3353,0.0120483342438153,0.002348808495607502
3354,0.012048279083372306,0.0023480787915193166
3355,0.012048223957194073,0.0023473495955378923
3356,0.0120481688652461,0.0023466209070708488
3357,0.01204811380749393,0.002345892725526542
3358,0.012048058783903205,0.0023451650503140127
3359,0.01204800379443955,0.0023444378808431476
3360,0.012047948839068692,0.002343711216524475
3361,0.012047893917756394,0.0023429850567693224
3362,0.012047839030468441,0.002342259400989751
3363,0.012047784177170725,0.002341534248598559
3364,0.012047729357829117,0.0023408095990092737
3365,0.012047674572409605,0.002340085451636144
3366,0.012047619820878167,0.0023393618058942162
3367,0.012047565103200873,0.0023386386611992313
3368,0.012047510419343833,0.0023379160169676376
3369,0.012047455769273177,0.002337193872616688
3370,0.012047401152955122,0.0023364722275642986
3371,0.012047346570355917,0.002335751081229193
3372,0.012047292021441867,0.002335030433030752
3373,0.012047237506179302,0.0023343102823891225
3374,0.012047183024534634,0.0023335906287251973
3375,0.0120471285764743,0.0023328714714605813
3376,0.012047074161964806,0.0023321528100175852
3377,0.012047019780972676,0.002331434643819294
3378,0.012046965433464507,0.0023307169722894773
3379,0.012046911119406943,0.0023299997948526686
3380,0.01204685683876667,0.0023292831109341123
3381,0.0120468025915104,0.0023285669199597297
3382,0.012046748377604952,0.0023278512213562733
3383,0.012046694197017127,0.0023271360145511
3384,0.012046640049713831,0.0023264212989723932
3385,0.012046585935661942,0.0023257070740489746
3386,0.01204653185482847,0.0023249933392103807
3387,0.012046477807180447,0.0023242800938869826
3388,0.01204642379268491,0.002323567337509764
3389,0.012046369811308983,0.0023228550695104573
3390,0.012046315863019831,0.002322143289321491
3391,0.012046261947784674,0.002321431996376016
3392,0.012046208065570756,0.0023207211901079307
3393,0.012046154216345395,0.0023200108699518674
3394,0.01204610040007593,0.0023193010353430763
3395,0.01204604661672975,0.0023185916857175904
3396,0.012045992866274316,0.0023178828205121503
3397,0.012045939148677114,0.0023171744391642123
3398,0.012045885463905693,0.0023164665411118893
3399,0.012045831811927627,0.0023157591257940736
3400,0.01204577819271054,0.002315052192650324
3401,0.012045724606222129,0.002314345741120917
3402,0.012045671052430105,0.0023136397706468546
3403,0.01204561753130223,0.002312934280669795
3404,0.012045564042806331,0.0023122292706322023
3405,0.012045510586910285,0.002311524739977075
3406,0.012045457163581982,0.0023108206881483017
3407,0.01204540377278937,0.0023101171145903654
3408,0.012045350414500465,0.002309414018748471
3409,0.012045297088683318,0.0023087114000685358
3410,0.012045243795306002,0.002308009257997135
3411,0.012045190534336671,0.002307307591981606
3412,0.012045137305743492,0.002306606401469997
3413,0.012045084109494713,0.0023059056859109786
3414,0.012045030945558595,0.0023052054447539588
3415,0.012044977813903457,0.0023045056774490384
3416,0.01204492471449767,0.0023038063834469945
3417,0.01204487164730963,0.0023031075621993504
3418,0.012044818612307818,0.002302409213158278
3419,0.01204476560946071,0.0023017113357766553
3420,0.012044712638736872,0.0023010139295080527
3421,0.012044659700104876,0.0023003169938067207
3422,0.01204460679353336,0.002299620528127625
3423,0.012044553918990994,0.002298924531926427
3424,0.012044501076446529,0.0022982290046593976
3425,0.012044448265868705,0.002297533945783652
3426,0.01204439548722637,0.0022968393547568087
3427,0.012044342740488349,0.002296145231037283
3428,0.012044290025623548,0.002295451574084184
3429,0.012044237342600924,0.00229475838335725
3430,0.012044184691389462,0.0022940656583169275
3431,0.012044132071958199,0.002293373398424364
3432,0.012044079484276203,0.002292681603141382
3433,0.012044026928312614,0.0022919902719304324
3434,0.01204397440403659,0.002291299404254755
3435,0.012043921911417343,0.002290608999578139
3436,0.012043869450424124,0.0022899190573651865
3437,0.01204381702102623,0.0022892295770810638
3438,0.01204376462319299,0.0022885405581917254
3439,0.01204371225689383,0.0022878520001636733
3440,0.012043659922098129,0.0022871639024641677
3441,0.01204360761877537,0.0022864762645612075
3442,0.012043555346895102,0.0022857890859232844
3443,0.012043503106426857,0.0022851023660197074
3444,0.012043450897340251,0.002284416104320446
3445,0.012043398719604885,0.0022837303002960887
3446,0.0120433465731905,0.002283044953417927
3447,0.01204329445806679,0.0022823600631579287
3448,0.01204324237420356,0.0022816756289887126
3449,0.012043190321570595,0.002280991650383594
3450,0.012043138300137778,0.002280308126816507
3451,0.012043086309874999,0.0022796250577621384
3452,0.012043034350752196,0.0022789424426957238
3453,0.012042982422739369,0.0022782602810932744
3454,0.012042930525806544,0.002277578572431405
3455,0.012042878659923786,0.0022768973161873965
3456,0.01204282682506122,0.0022762165118392513
3457,0.01204277502118899,0.0022755361588655517
3458,0.0120427232482773,0.002274856256745607
3459,0.012042671506296388,0.002274176804959348
3460,0.012042619795216546,0.0022734978029874025
3461,0.012042568115008069,0.0022728192503109978
3462,0.01204251646564137,0.0022721411464121126
3463,0.012042464847086818,0.0022714634907732767
3464,0.012042413259314887,0.0022707862828777754
3465,0.01204236170229605,0.002270109522209473
3466,0.01204231017600086,0.002269433208252944
3467,0.01204225868039986,0.0022687573404933793
3468,0.012042207215463693,0.002268081918416671
3469,0.012042155781163012,0.002267406941509336
3470,0.012042104377468518,0.0022667324092585043
3471,0.012042053004350935,0.002266058321152032
3472,0.01204200166178107,0.002265384676678365
3473,0.012041950349729725,0.00226471147532664
3474,0.012041899068167772,0.0022640387165866515
3475,0.012041847817066114,0.0022633663999487904
3476,0.012041796596395683,0.0022626945249041557
3477,0.012041745406127484,0.002262023090944466
3478,0.012041694246232535,0.0022613520975620707
3479,0.012041643116681914,0.002260681544249976
3480,0.012041592017446727,0.0022600114305018236
3481,0.01204154094849811,0.0022593417558119423
3482,0.012041489909807253,0.002258672519675289
3483,0.012041438901345394,0.00225800372158741
3484,0.012041387923083808,0.002257335361044582
3485,0.012041336974993792,0.002256667437543645
3486,0.012041286057046716,0.0022559999505821116
3487,0.012041235169213958,0.0022553328996581337
3488,0.01204118431146694,0.0022546662842705296
3489,0.012041133483777144,0.0022540001039186757
3490,0.012041082686116086,0.002253334358102698
3491,0.012041031918455306,0.002252669046323249
3492,0.01204098118076641,0.0022520041680817037
3493,0.012040930473021008,0.002251339722880022
3494,0.01204087979519079,0.00225067571022082
3495,0.012040829147247453,0.0022500121296073344
3496,0.012040778529162738,0.002249348980543438
3497,0.012040727940908467,0.002248686262533649
3498,0.012040677382456436,0.0022480239750831215
3499,0.01204062685377853,0.0022473621176976196
3500,0.012040576354846639,0.002246700689883533
3501,0.012040525885632727,0.0022460396911478924
3502,0.012040475446108782,0.0022453791209983733
3503,0.012040425036246808,0.002244718978943232
3504,0.012040374656018898,0.002244059264491431
3505,0.012040324305397128,0.0022433999771524662
3506,0.012040273984353646,0.002242741116436572
3507,0.012040223692860643,0.00224208268185447
3508,0.012040173430890307,0.0022414246729176163
3509,0.012040123198414937,0.0022407670891379963
3510,0.012040072995406813,0.002240109930028362
3511,0.012040022821838272,0.002239453195101944
3512,0.012039972677681676,0.002238796883872627
3513,0.012039922562909451,0.0022381409958550135
3514,0.012039872477494032,0.0022374855305641672
3515,0.012039822421407945,0.0022368304875159
3516,0.01203977239462367,0.0022361758662265826
3517,0.012039722397113787,0.002235521666213252
3518,0.012039672428850923,0.002234867886993462
3519,0.012039622489807682,0.0022342145280854933
3520,0.012039572579956774,0.0022335615890081845
3521,0.012039522699270928,0.002232909069281011
3522,0.01203947284772285,0.0022322569684240364
3523,0.012039423025285368,0.0022316052859579576
3524,0.012039373231931298,0.0022309540214040823
3525,0.012039323467633527,0.002230303174284308
3526,0.012039273732364957,0.002229652744121195
3527,0.012039224026098513,0.002229002730437862
3528,0.012039174348807203,0.0022283531327580465
3529,0.012039124700464015,0.002227703950606142
3530,0.012039075081042043,0.0022270551835070593
3531,0.012039025490514343,0.0022264068309864335
3532,0.012038975928854072,0.0022257588925703865
3533,0.01203892639603439,0.002225111367785727
3534,0.012038876892028507,0.002224464256159852
3535,0.012038827416809658,0.0022238175572207434
3536,0.012038777970351114,0.0022231712704970214
3537,0.012038728552626199,0.0022225253955178645
3538,0.012038679163608283,0.002221879931813078
3539,0.012038629803270749,0.002221234878913066
3540,0.012038580471587006,0.002220590236348841
3541,0.012038531168530528,0.0022199460036520327
3542,0.012038481894074825,0.0022193021803548355
3543,0.012038432648193423,0.0022186587659900254
3544,0.01203838343085988,0.00221801576009103
3545,0.012038334242047836,0.002217373162191836
3546,0.012038285081730937,0.0022167309718270837
3547,0.012038235949882823,0.0022160891885319354
3548,0.01203818684647726,0.002215447811842154
3549,0.012038137771487987,0.002214806841294156
3550,0.012038088724888799,0.002214166276424912
3551,0.012038039706653498,0.002213526116772014
3552,0.01203799071675599,0.0022128863618735757
3553,0.012037941755170138,0.002212247011268394
3554,0.012037892821869896,0.0022116080644958205
3555,0.012037843916829235,0.0022109695210957565
3556,0.01203779504002215,0.0022103313806087557
3557,0.012037746191422687,0.0022096936425759005
3558,0.012037697371004935,0.0022090563065389293
3559,0.012037648578742994,0.002208419372040126
3560,0.01203759981461104,0.0022077828386223622
3561,0.01203755107858323,0.0022071467058291036
3562,0.012037502370633802,0.0022065109732043657
3563,0.012037453690736994,0.0022058756402928395
3564,0.012037405038867115,0.0022052407066397405
3565,0.012037356414998474,0.0022046061717908056
3566,0.012037307819105445,0.0022039720352924792
3567,0.012037259251162427,0.002203338296691716
3568,0.012037210711143847,0.0022027049555360593
3569,0.012037162199024164,0.002202072011373615
3570,0.0120371137147779,0.00220143946375313
3571,0.01203706525837958,0.0022008073122238322
3572,0.012037016829803791,0.0022001755563356706
3573,0.012036968429025106,0.002199544195639012
3574,0.012036920056018197,0.0021989132296849237
3575,0.012036871710757723,0.002198282658024983
3576,0.012036823393218406,0.0021976524802113733
3577,0.012036775103374996,0.002197022695796818
3578,0.012036726841202253,0.002196393304334663
3579,0.012036678606675002,0.0021957643053788106
3580,0.012036630399768098,0.0021951356984837088
3581,0.012036582220456423,0.002194507483204412
3582,0.012036534068714886,0.002193879659096523
3583,0.012036485944518447,0.002193252225716211
3584,0.012036437847842085,0.0021926251826202697
3585,0.012036389778660823,0.002191998529365987
3586,0.012036341736949726,0.0021913722655112497
3587,0.012036293722683866,0.002190746390614569
3588,0.012036245735838372,0.002190120904234932
3589,0.012036197776388402,0.0021894958059319237
3590,0.012036149844309136,0.0021888710952657413
3591,0.0120361019395758,0.00218824677179709
3592,0.012036054062163678,0.002187622835087241
3593,0.012036006212048018,0.002186999284698082
3594,0.01203595838920417,0.002186376120192046
3595,0.012035910593607509,0.0021857533411320717
3596,0.01203586282523338,0.002185130947081719
3597,0.01203581508405725,0.0021845089376051
3598,0.012035767370054564,0.0021838873122668554
3599,0.012035719683200819,0.0021832660706322467
3600,0.012035672023471512,0.0021826452122670516
3601,0.01203562439084224,0.002182024736737594
3602,0.012035576785288582,0.0021814046436108105
3603,0.012035529206786164,0.0021807849324541003
3604,0.012035481655310619,0.0021801656028355306
3605,0.01203543413083767,0.002179546654323679
3606,0.012035386633343035,0.0021789280864876327
3607,0.012035339162802462,0.0021783098988970647
3608,0.012035291719191744,0.0021776920911223026
3609,0.012035244302486706,0.002177074662734039
3610,0.012035196912663205,0.002176457613303667
3611,0.01203514954969712,0.0021758409424030654
3612,0.012035102213564389,0.002175224649604679
3613,0.012035054904240953,0.002174608734481499
3614,0.012035007621702785,0.0021739931966070995
3615,0.012034960365925936,0.002173378035555523
3616,0.012034913136886424,0.0021727632509014926
3617,0.012034865934560338,0.0021721488422201227
3618,0.012034818758923826,0.0021715348090872006
3619,0.012034771609952997,0.0021709211510789854
3620,0.012034724487624052,0.0021703078677723503
3621,0.012034677391913192,0.00216969495874464
3622,0.01203463032279667,0.0021690824235737786
3623,0.012034583280250758,0.002168470261838246
3624,0.01203453626425176,0.0021678584731170585
3625,0.012034489274776022,0.0021672470569897642
3626,0.012034442311799924,0.00216663601303642
3627,0.01203439537529985,0.0021660253408377333
3628,0.012034348465252257,0.00216541503997482
3629,0.012034301581633608,0.0021648051100294483
3630,0.012034254724420386,0.002164195550583869
3631,0.012034207893589138,0.0021635863612208405
3632,0.01203416108911641,0.0021629775415237186
3633,0.012034114310978814,0.002162369091076387
3634,0.012034067559152973,0.002161761009463253
3635,0.012034020833615539,0.002161153296269245
3636,0.012033974134343208,0.002160545951079867
3637,0.01203392746131268,0.002159938973481136
3638,0.012033880814500733,0.002159332363059573
3639,0.012033834193884131,0.0021587261194023046
3640,0.012033787599439688,0.002158120242096919
3641,0.01203374103114425,0.0021575147307315735
3642,0.012033694488974702,0.0021569095848949465
3643,0.012033647972907947,0.0021563048041762403
3644,0.01203360148292092,0.0021557003881652573
3645,0.012033555018990578,0.0021550963364522094
3646,0.012033508581093933,0.0021544926486279222
3647,0.012033462169208014,0.0021538893242837196
3648,0.01203341578330987,0.002153286363011461
3649,0.012033369423376624,0.0021526837644035486
3650,0.012033323089385381,0.002152081528052856
3651,0.012033276781313282,0.0021514796535528668
3652,0.012033230499137518,0.002150878140497532
3653,0.012033184242835296,0.00215027698848133
3654,0.01203313801238388,0.0021496761970993044
3655,0.012033091807760543,0.00214907576594693
3656,0.012033045628942573,0.0021484756946203404
3657,0.012032999475907318,0.0021478759827160557
3658,0.012032953348632134,0.002147276629831225
3659,0.012032907247094427,0.0021466776355634695
3660,0.01203286117127162,0.0021460789995108756
3661,0.012032815121141184,0.002145480721272177
3662,0.012032769096680577,0.00214488280044652
3663,0.012032723097867338,0.002144285236633636
3664,0.012032677124678997,0.002143688029433704
3665,0.012032631177093132,0.0021430911784475035
3666,0.01203258525508738,0.0021424946832762403
3667,0.012032539358639328,0.0021418985435217378
3668,0.012032493487726678,0.0021413027587862503
3669,0.01203244764232712,0.002140707328672551
3670,0.01203240182241838,0.0021401122527840047
3671,0.012032356027978194,0.0021395175307244146
3672,0.012032310258984364,0.002138923162098104
3673,0.012032264515414693,0.0021383291465099604
3674,0.012032218797247035,0.0021377354835653006
3675,0.01203217310445928,0.002137142172870043
3676,0.012032127437029295,0.0021365492140305326
3677,0.012032081794935022,0.0021359566066537082
3678,0.012032036178154433,0.0021353643503469245
3679,0.012031990586665516,0.0021347724447181218
3680,0.01203194502044629,0.0021341808893757135
3681,0.012031899479474794,0.0021335896839286277
3682,0.012031853963729112,0.0021329988279862903
3683,0.012031808473187364,0.00213240832115865
3684,0.012031763007827665,0.002131818163056123
3685,0.01203171756762818,0.002131228353289689
3686,0.012031672152567134,0.0021306388914707677
3687,0.012031626762622713,0.002130049777211385
3688,0.01203158139777318,0.0021294610101239234
3689,0.01203153605799683,0.002128872589821373
3690,0.012031490743271952,0.0021282845159171886
3691,0.012031445453576891,0.0021276967880253664
3692,0.012031400188890026,0.0021271094057603184
3693,0.012031354949189731,0.0021265223687370488
3694,0.012031309734454439,0.0021259356765710065
3695,0.0120312645446626,0.0021253493288781408
3696,0.012031219379792698,0.0021247633252749316
3697,0.012031174239823245,0.0021241776653783424
3698,0.012031129124732767,0.0021235923488058146
3699,0.01203108403449984,0.002123007375175284
3700,0.012031038969103038,0.00212242274410522
3701,0.01203099392852102,0.0021218384552145445
3702,0.012030948912732401,0.002121254508122695
3703,0.012030903921715878,0.002120670902449612
3704,0.012030858955450151,0.0021200876378157114
3705,0.012030814013913966,0.002119504713841916
3706,0.012030769097086063,0.002118922130149611
3707,0.012030724204945255,0.002118339886360692
3708,0.012030679337470334,0.002117757982097575
3709,0.012030634494640171,0.0021171764169831144
3710,0.012030589676433638,0.00211659519064069
3711,0.012030544882829626,0.002116014302694149
3712,0.012030500113807064,0.0021154337527678506
3713,0.012030455369344925,0.002114853540486601
3714,0.012030410649422158,0.002114273665475747
3715,0.012030365954017816,0.0021136941273610962
3716,0.012030321283110929,0.002113114925768902
3717,0.012030276636680538,0.002112536060326002
3718,0.01203023201470578,0.002111957530659598
3719,0.012030187417165737,0.002111379336397454
3720,0.01203014284403958,0.0021108014771678255
3721,0.01203009829530648,0.0021102239525994143
3722,0.012030053770945653,0.00210964676232141
3723,0.01203000927093631,0.002109069905963484
3724,0.012029964795257725,0.0021084933831558034
3725,0.012029920343889184,0.0021079171935289836
3726,0.012029875916809993,0.0021073413367141765
3727,0.01202983151399949,0.002106765812342959
3728,0.012029787135437033,0.002106190620047427
3729,0.012029742781102054,0.002105615759460099
3730,0.012029698450973934,0.002105041230214038
3731,0.012029654145032131,0.002104467031942756
3732,0.012029609863256139,0.0021038931642802113
3733,0.01202956560562543,0.002103319626860886
3734,0.012029521372119555,0.0021027464193197312
3735,0.012029477162718053,0.0021021735412921237
3736,0.012029432977400518,0.002101600992413974
3737,0.012029388816146557,0.0021010287723216316
3738,0.01202934467893579,0.00210045688065194
3739,0.012029300565747896,0.002099885317042173
3740,0.012029256476562536,0.0020993140811301626
3741,0.012029212411359458,0.0020987431725541074
3742,0.012029168370118396,0.0020981725909527387
3743,0.0120291243528191,0.002097602335965251
3744,0.012029080359441374,0.0020970324072312847
3745,0.012029036389965022,0.002096462804391023
3746,0.012028992444369908,0.0020958935270849856
3747,0.012028948522635906,0.0020953245749542504
3748,0.012028904624742905,0.0020947559476403744
3749,0.012028860750670825,0.002094187644785384
3750,0.012028816900399628,0.0020936196660316445
3751,0.012028773073909283,0.0020930520110221925
3752,0.012028729271179777,0.0020924846794003566
3753,0.01202868549219117,0.0020919176708099865
3754,0.012028641736923496,0.0020913509848954365
3755,0.012028598005356857,0.0020907846213014634
3756,0.012028554297471314,0.002090218579673341
3757,0.012028510613247043,0.002089652859656758
3758,0.012028466952664182,0.0020890874608978914
3759,0.012028423315702908,0.0020885223830433472
3760,0.01202837970234345,0.002087957625740249
3761,0.012028336112566014,0.002087393188636149
3762,0.012028292546350882,0.0020868290713790274
3763,0.012028249003678338,0.0020862652736173735
3764,0.012028205484528685,0.002085701795000115
3765,0.01202816198888225,0.0020851386351766264
3766,0.012028118516719432,0.002084575793796732
3767,0.012028075068020564,0.002084013270510754
3768,0.012028031642766104,0.002083451064969454
3769,0.01202798824093647,0.0020828891768240178
3770,0.012027944862512116,0.002082327605726088
3771,0.012027901507473546,0.0020817663513278428
3772,0.012027858175801275,0.0020812054132817834
3773,0.012027814867475822,0.0020806447912409824
3774,0.012027771582477776,0.002080084484858891
3775,0.012027728320787703,0.0020795244937894296
3776,0.012027685082386226,0.002078964817686992
3777,0.012027641867253988,0.002078405456206399
3778,0.012027598675371638,0.0020778464090029187
3779,0.012027555506719889,0.0020772876757323244
3780,0.012027512361279425,0.0020767292560507395
3781,0.012027469239030997,0.0020761711496147983
3782,0.012027426139955357,0.0020756133560816143
3783,0.012027383064033332,0.002075055875108668
3784,0.012027340011245679,0.0020744987063539403
3785,0.012027296981573267,0.0020739418494758327
3786,0.012027253974996956,0.0020733853041332182
3787,0.012027210991497604,0.002072829069985424
3788,0.012027168031056168,0.0020722731466921527
3789,0.012027125093653548,0.0020717175339136336
3790,0.012027082179270707,0.0020711622313104878
3791,0.012027039287888645,0.0020706072385437775
3792,0.012026996419488364,0.002070052555275046
3793,0.012026953574050881,0.00206949818116626
3794,0.01202691075155725,0.0020689441158798336
3795,0.012026867951988584,0.0020683903590785783
3796,0.01202682517532596,0.0020678369104258003
3797,0.012026782421550504,0.0020672837695852398
3798,0.012026739690643403,0.002066730936221019
3799,0.012026696982585804,0.002066178409997768
3800,0.012026654297358915,0.002065626190580529
3801,0.012026611634943956,0.002065074277634776
3802,0.0120265689953222,0.0020645226708264205
3803,0.01202652637847489,0.0020639713698218168
3804,0.012026483784383337,0.0020634203742877655
3805,0.012026441213028868,0.002062869683891456
3806,0.012026398664392814,0.0020623192983005925
3807,0.012026356138456554,0.002061769217183214
3808,0.012026313635201473,0.0020612194402078875
3809,0.012026271154608987,0.0020606699670435535
3810,0.012026228696660549,0.002060120797359574
3811,0.012026186261337618,0.002059571930825803
3812,0.012026143848621676,0.002059023367112509
3813,0.012026101458494224,0.0020584751058903444
3814,0.012026059090936812,0.0020579271468304534
3815,0.012026016745930979,0.0020573794896043478
3816,0.012025974423458338,0.0020568321338840212
3817,0.012025932123500472,0.0020562850793418774
3818,0.012025889846038989,0.0020557383256507543
3819,0.012025847591055579,0.002055191872483906
3820,0.01202580535853189,0.0020546457195149974
3821,0.012025763148449642,0.00205409986641815
3822,0.012025720960790541,0.0020535543128679164
3823,0.012025678795536314,0.0020530090585392517
3824,0.012025636652668752,0.0020524641031075624
3825,0.012025594532169658,0.002051919446248603
3826,0.012025552434020812,0.0020513750876387004
3827,0.012025510358204062,0.002050831026954437
3828,0.012025468304701267,0.00205028726387296
3829,0.012025426273494328,0.002049743798071738
3830,0.012025384264565118,0.002049200629228687
3831,0.012025342277895588,0.0020486577570221834
3832,0.012025300313467697,0.00204811518113101
3833,0.012025258371263399,0.002047572901234313
3834,0.01202521645126469,0.002047030917011728
3835,0.012025174553453585,0.0020464892281432784
3836,0.012025132677812153,0.002045947834309426
3837,0.01202509082432244,0.002045406735191025
3838,0.012025048992966527,0.002044865930469362
3839,0.012025007183726543,0.002044325419826143
3840,0.012024965396584595,0.0020437852029434643
3841,0.012024923631522863,0.0020432452795038883
3842,0.012024881888523515,0.0020427056491903496
3843,0.01202484016756874,0.002042166311686204
3844,0.012024798468640765,0.002041627266675248
3845,0.012024756791721847,0.0020410885138416545
3846,0.01202471513679425,0.0020405500528700576
3847,0.012024673503840263,0.002040011883445431
3848,0.012024631892842185,0.002039474005253242
3849,0.01202459030378236,0.0020389364179793363
3850,0.012024548736643147,0.002038399121309945
3851,0.012024507191406915,0.0020378621149317482
3852,0.012024465668056062,0.00203732539853182
3853,0.012024424166573035,0.002036788971797625
3854,0.012024382686940246,0.0020362528344171006
3855,0.012024341229140178,0.002035716986078531
3856,0.012024299793155327,0.0020351814264705976
3857,0.012024258378968172,0.0020346461552824707
3858,0.012024216986561276,0.0020341111722036453
3859,0.012024175615917204,0.002033576476924046
3860,0.012024134267018491,0.002033042069134047
3861,0.012024092939847757,0.00203250794852438
3862,0.012024051634387627,0.002031974114786184
3863,0.01202401035062074,0.002031440567611001
3864,0.012023969088529755,0.002030907306690831
3865,0.012023927848097362,0.002030374331718009
3866,0.012023886629306257,0.0020298416423853195
3867,0.012023845432139158,0.002029309238385924
3868,0.012023804256578856,0.0020287771194133697
3869,0.012023763102608089,0.0020282452851616687
3870,0.01202372197020965,0.0020277137353251523
3871,0.012023680859366368,0.002027182469598635
3872,0.012023639770061068,0.0020266514876772787
3873,0.012023598702276614,0.002026120789256656
3874,0.01202355765599587,0.0020255903740327434
3875,0.012023516631201756,0.002025060241701887
3876,0.01202347562787719,0.002024530391960877
3877,0.012023434646005098,0.002024000824506901
3878,0.012023393685568467,0.002023471539037483
3879,0.012023352746550257,0.0020229425352505997
3880,0.01202331182893348,0.002022413812844645
3881,0.012023270932701172,0.002021885371518316
3882,0.012023230057836367,0.0020213572109707917
3883,0.012023189204322165,0.0020208293309015896
3884,0.01202314837214163,0.00202030173101069
3885,0.012023107561277871,0.002019774410998385
3886,0.01202306677171403,0.0020192473705654217
3887,0.012023026003433256,0.0020187206094129007
3888,0.01202298525641872,0.002018194127242328
3889,0.01202294453065363,0.002017667923755609
3890,0.012022903826121192,0.002017141998655044
3891,0.012022863142804645,0.0020166163516432776
3892,0.012022822480687246,0.00201609098242344
3893,0.012022781839752266,0.0020155658906989464
3894,0.012022741219983023,0.002015041076173662
3895,0.012022700621362799,0.0020145165385518178
3896,0.012022660043874983,0.0020139922775380703
3897,0.012022619487502884,0.0020134682928374037
3898,0.012022578952229942,0.002012944584155199
3899,0.012022538438039507,0.0020124211511973055
3900,0.01202249794491503,0.0020118979936698655
3901,0.01202245747283994,0.002011375111279437
3902,0.012022417021797698,0.002010852503732946
3903,0.01202237659177181,0.002010330170737771
3904,0.01202233618274576,0.0020098081120015756
3905,0.012022295794703066,0.0020092863272324827
3906,0.012022255427627292,0.002008764816138988
3907,0.012022215081501995,0.0020082435784299414
3908,0.012022174756310754,0.002007722613814572
3909,0.012022134452037194,0.0020072019220025296
3910,0.012022094168664904,0.002006681502703812
3911,0.012022053906177567,0.002006161355628824
3912,0.012022013664558821,0.00200564148048831
3913,0.012021973443792371,0.002005121876993443
3914,0.012021933243861927,0.0020046025448557606
3915,0.012021893064751196,0.002004083483787134
3916,0.012021852906443928,0.002003564693499894
3917,0.012021812768923891,0.002003046173706671
3918,0.012021772652174896,0.0020025279241205206
3919,0.012021732556180708,0.002002009944454873
3920,0.012021692480925172,0.0020014922344235146
3921,0.012021652426392138,0.0020009747937405984
3922,0.01202161239256546,0.0020004576221206976
3923,0.012021572379429017,0.0019999407192787277
3924,0.012021532386966755,0.0019994240849299815
3925,0.01202149241516254,0.0019989077187901475
3926,0.012021452464000354,0.0019983916205752366
3927,0.012021412533464153,0.001997875790001684
3928,0.012021372623537934,0.001997360226786298
3929,0.012021332734205671,0.001996844930646201
3930,0.0120212928654514,0.0019963299012989676
3931,0.01202125301725918,0.001995815138462451
3932,0.012021213189613033,0.0019953006418549873
3933,0.01202117338249709,0.001994786411195205
3934,0.012021133595895404,0.0019942724462020936
3935,0.012021093829792126,0.0019937587465950774
3936,0.012021054084171371,0.001993245312093877
3937,0.012021014359017326,0.0019927321424186304
3938,0.01202097465431415,0.001992219237289835
3939,0.012020934970046061,0.001991706596428326
3940,0.012020895306197245,0.0019911942195553547
3941,0.012020855662751953,0.0019906821063924917
3942,0.012020816039694448,0.0019901702566617148
3943,0.012020776437008997,0.0019896586700852903
3944,0.012020736854679883,0.0019891473463859964
3945,0.012020697292691424,0.0019886362852868564
3946,0.012020657751027966,0.0019881254865112257
3947,0.012020618229673846,0.0019876149497829597
3948,0.012020578728613436,0.0019871046748261728
3949,0.012020539247831126,0.001986594661365369
3950,0.012020499787311326,0.00198608490912541
3951,0.012020460347038438,0.001985575417831571
3952,0.012020420926996941,0.001985066187209394
3953,0.012020381527171291,0.0019845572169848585
3954,0.012020342147545954,0.0019840485068842568
3955,0.012020302788105442,0.001983540056634284
3956,0.012020263448834296,0.001983031865961987
3957,0.012020224129717028,0.001982523934594691
3958,0.012020184830738188,0.001982016262260229
3959,0.012020145551882378,0.0019815088486866694
3960,0.012020106293134188,0.0019810016936024637
3961,0.012020067054478212,0.0019804947967364725
3962,0.012020027835899116,0.001979988157817863
3963,0.012019988637381518,0.001979481776576169
3964,0.012019949458910112,0.001978975652741287
3965,0.01201991030046958,0.001978469786043456
3966,0.012019871162044629,0.001977964176213285
3967,0.012019832043619968,0.0019774588229817328
3968,0.012019792945180359,0.001976953726080111
3969,0.012019753866710555,0.0019764488852401043
3970,0.012019714808195347,0.0019759443001936884
3971,0.012019675769619511,0.0019754399706732907
3972,0.01201963675096789,0.001974935896411578
3973,0.012019597752225318,0.0019744320771416506
3974,0.012019558773376621,0.0019739285125969486
3975,0.012019519814406694,0.00197342520251122
3976,0.012019480875300413,0.00197292214661863
3977,0.01201944195604271,0.0019724193446536277
3978,0.01201940305661848,0.001971916796351038
3979,0.012019364177012706,0.0019714145014460534
3980,0.012019325317210302,0.0019709124596742
3981,0.012019286477196276,0.0019704106707713453
3982,0.01201924765695564,0.0019699091344737105
3983,0.012019208856473385,0.001969407850517844
3984,0.01201917007573456,0.0019689068186406955
3985,0.012019131314724193,0.0019684060385795196
3986,0.012019092573427394,0.00196790551007191
3987,0.012019053851829225,0.00196740523285582
3988,0.012019015149914804,0.0019669052066695605
3989,0.012018976467669237,0.0019664054312517605
3990,0.012018937805077682,0.0019659059063414303
3991,0.012018899162125294,0.001965406631677837
3992,0.012018860538797251,0.0019649076070007462
3993,0.012018821935078744,0.001964408832050118
3994,0.01201878335095499,0.001963910306566308
3995,0.012018744786411214,0.0019634120302900425
3996,0.01201870624143267,0.0019629140029623336
3997,0.012018667716004629,0.0019624162243245978
3998,0.012018629210112361,0.001961918694118532
3999,0.012018590723741165,0.001961421412086251
4000,0.012018552256876378,0.001960924377970089
4001,0.01201851380950332,0.001960427591512817
4002,0.012018475381607344,0.0019599310524575373
4003,0.012018436973173821,0.001959434760547625
4004,0.012018398584188156,0.00195893871552689
4005,0.012018360214635732,0.001958442917139406
4006,0.012018321864501982,0.0019579473651296017
4007,0.01201828353377235,0.0019574520592422783
4008,0.012018245222432276,0.001956956999222483
4009,0.012018206930467257,0.0019564621848157044
4010,0.012018168657862777,0.0019559676157676962
4011,0.012018130404604333,0.001955473291824586
4012,0.012018092170677468,0.001954979212732825
4013,0.012018053956067722,0.0019544853782391615
4014,0.012018015760760661,0.0019539917880907333
4015,0.012017977584741834,0.0019534984420350333
4016,0.012017939427996874,0.0019530053398197445
4017,0.012017901290511356,0.0019525124811930338
4018,0.01201786317227095,0.0019520198659033574
4019,0.012017825073261268,0.0019515274936994966
4020,0.01201778699346799,0.0019510353643304977
4021,0.012017748932876791,0.0019505434775458819
4022,0.012017710891473368,0.0019500518330953477
4023,0.012017672869243441,0.0019495604307290344
4024,0.012017634866172739,0.0019490692701973592
4025,0.012017596882247001,0.0019485783512510602
4026,0.012017558917451997,0.0019480876736412565
4027,0.012017520971773511,0.0019475972371193271
4028,0.012017483045197333,0.0019471070414370307
4029,0.012017445137709285,0.001946617086346448
4030,0.012017407249295191,0.0019461273715999344
4031,0.012017369379940909,0.0019456378969502474
4032,0.012017331529632302,0.0019451486621504131
4033,0.012017293698355266,0.0019446596669538258
4034,0.012017255886095646,0.0019441709111141401
4035,0.012017218092839415,0.001943682394385437
4036,0.012017180318572485,0.0019431941165219963
4037,0.012017142563280795,0.0019427060772785434
4038,0.012017104826950323,0.0019422182764100618
4039,0.012017067109567028,0.0019417307136718423
4040,0.012017029411116941,0.001941243388819536
4041,0.01201699173158605,0.001940756301609134
4042,0.012016954070960395,0.0019402694517968784
4043,0.012016916429226001,0.0019397828391393766
4044,0.012016878806368973,0.0019392964633935723
4045,0.012016841202375358,0.0019388103243167065
4046,0.012016803617231276,0.001938324421666342
4047,0.012016766050922804,0.0019378387552003733
4048,0.01201672850343609,0.00193735332467701
4049,0.012016690974757303,0.0019368681298547526
4050,0.012016653464872554,0.0019363831704924197
4051,0.012016615973768062,0.001935898446349245
4052,0.012016578501429995,0.0019354139571846755
4053,0.012016541047844583,0.0019349297027584612
4054,0.012016503612998027,0.001934445682830756
4055,0.012016466196876593,0.0019339618971620169
4056,0.012016428799466518,0.0019334783455128993
4057,0.012016391420754087,0.0019329950276445556
4058,0.012016354060725596,0.0019325119433182885
4059,0.012016316719367339,0.0019320290922958368
4060,0.012016279396665625,0.0019315464743391712
4061,0.012016242092606828,0.001931064089210632
4062,0.012016204807177265,0.001930581936672843
4063,0.012016167540363321,0.0019301000164887484
4064,0.012016130292151386,0.0019296183284216203
4065,0.012016093062527839,0.0019291368722349767
4066,0.012016055851479138,0.0019286556476927211
4067,0.012016018658991693,0.0019281746545590766
4068,0.012015981485051943,0.0019276938925985197
4069,0.012015944329646347,0.0019272133615758546
4070,0.012015907192761417,0.0019267330612562177
4071,0.012015870074383622,0.0019262529914050633
4072,0.01201583297449948,0.001925773151788117
4073,0.012015795893095522,0.0019252935421714135
4074,0.012015758830158286,0.001924814162321321
4075,0.012015721785674335,0.0019243350120045047
4076,0.012015684759630232,0.0019238560909879794
4077,0.01201564775201259,0.0019233773990389885
4078,0.012015610762807978,0.0019228989359251335
4079,0.01201557379200305,0.001922420701414322
4080,0.012015536839584425,0.0019219426952747337
4081,0.012015499905538763,0.0019214649172748942
4082,0.012015462989852723,0.001920987367183618
4083,0.012015426092512976,0.0019205100447700226
4084,0.012015389213506252,0.0019200329498035291
4085,0.012015352352819223,0.0019195560820538947
4086,0.012015315510438666,0.0019190794412911145
4087,0.012015278686351298,0.0019186030272855226
4088,0.012015241880543856,0.0019181268398077774
4089,0.012015205093003151,0.0019176508786288488
4090,0.012015168323715962,0.0019171751435198934
4091,0.012015131572669086,0.0019166996342525363
4092,0.012015094839849342,0.001916224350598577
4093,0.012015058125243573,0.0019157492923302017
4094,0.012015021428838611,0.001915274459219845
4095,0.012014984750621363,0.001914799851040228
4096,0.012014948090578667,0.0019143254675644164
4097,0.012014911448697443,0.0019138513085657752
4098,0.012014874824964581,0.0019133773738179418
4099,0.012014838219367031,0.0019129036630948575
4100,0.012014801631891718,0.0019124301761707719
4101,0.012014765062525594,0.0019119569128201895
4102,0.012014728511255658,0.0019114838728180013
4103,0.012014691978068853,0.0019110110559393218
4104,0.012014655462952205,0.0019105384619595952
4105,0.012014618965892737,0.0019100660906545325
4106,0.01201458248687746,0.001909593941800159
4107,0.012014546025893417,0.0019091220151728162
4108,0.012014509582927683,0.0019086503105490932
4109,0.012014473157967347,0.0019081788277059166
4110,0.012014436750999464,0.0019077075664204865
4111,0.012014400362011152,0.0019072365264702958
4112,0.012014363990989532,0.0019067657076331501
4113,0.012014327637921748,0.00190629510968714
4114,0.01201429130279493,0.0019058247324106041
4115,0.01201425498559627,0.0019053545755822773
4116,0.012014218686312896,0.0019048846389810663
4117,0.012014182404932048,0.0019044149223862365
4118,0.012014146141440918,0.001903945425577374
4119,0.012014109895826726,0.0019034761483342343
4120,0.012014073668076697,0.001903007090437054
4121,0.012014037458178086,0.0019025382516661552
4122,0.012014001266118186,0.0019020696318022762
4123,0.012013965091884243,0.0019016012306264246
4124,0.012013928935463578,0.001901133047919892
4125,0.012013892796843473,0.0019006650834642372
4126,0.012013856676011273,0.0019001973370413332
4127,0.012013820572954305,0.0018997298084333031
4128,0.012013784487659914,0.0018992624974225878
4129,0.012013748420115487,0.0018987954037919608
4130,0.012013712370308387,0.0018983285273243926
4131,0.012013676338226012,0.0018978618678031866
4132,0.012013640323855794,0.001897395425011928
4133,0.012013604327185116,0.0018969291987344812
4134,0.012013568348201454,0.001896463188755008
4135,0.012013532386892232,0.001895997394857959
4136,0.012013496443244929,0.0018955318168280496
4137,0.012013460517247037,0.0018950664544502547
4138,0.012013424608886028,0.0018946013075099148
4139,0.012013388718149427,0.0018941363757925672
4140,0.012013352845024736,0.0018936716590841139
4141,0.012013316989499536,0.0018932071571706348
4142,0.012013281151561318,0.001892742869838611
4143,0.0120132453311977,0.0018922787968747234
4144,0.012013209528396242,0.0018918149380659603
4145,0.01201317374314454,0.001891351293199581
4146,0.01201313797543019,0.0018908878620631185
4147,0.012013102225240817,0.0018904246444444326
4148,0.012013066492564058,0.0018899616401316123
4149,0.012013030777387567,0.00188949884891306
4150,0.01201299507969901,0.0018890362705774428
4151,0.012012959399486047,0.001888573904913689
4152,0.012012923736736398,0.0018881117517110155
4153,0.01201288809143774,0.001887649810758969
4154,0.01201285246357782,0.0018871880818472837
4155,0.012012816853144336,0.0018867265647660475
4156,0.012012781260125036,0.0018862652593055855
4157,0.012012745684507725,0.0018858041652564965
4158,0.012012710126280142,0.0018853432824096701
4159,0.012012674585430056,0.0018848826105562903
4160,0.01201263906194531,0.0018844221494877871
4161,0.012012603555813708,0.0018839618989958794
4162,0.012012568067023046,0.0018835018588725411
4163,0.012012532595561213,0.0018830420289100375
4164,0.012012497141416037,0.0018825824089009032
4165,0.012012461704575367,0.0018821229986380015
4166,0.012012426285027156,0.0018816637979143405
4167,0.012012390882759242,0.0018812048065233323
4168,0.012012355497759532,0.0018807460242585583
4169,0.012012320130015996,0.0018802874509139835
4170,0.01201228477951653,0.0018798290862837316
4171,0.012012249446249098,0.0018793709301622636
4172,0.01201221413020166,0.001878912982344334
4173,0.0120121788313622,0.0018784552426248924
4174,0.01201214354971871,0.0018779977107991658
4175,0.012012108285259185,0.0018775403866627617
4176,0.012012073037971645,0.0018770832700114267
4177,0.012012037807844128,0.0018766263606412395
4178,0.012012002594864683,0.0018761696583485476
4179,0.01201196739902135,0.001875713162929947
4180,0.012011932220302208,0.0018752568741823156
4181,0.01201189705869535,0.0018748007919028053
4182,0.012011861914188867,0.0018743449158888058
4183,0.012011826786770869,0.0018738892459380188
4184,0.012011791676429472,0.0018734337818483713
4185,0.01201175658315282,0.0018729785234180814
4186,0.012011721506929078,0.0018725234704456183
4187,0.012011686447746393,0.0018720686227297163
4188,0.012011651405592948,0.0018716139800694198
4189,0.012011616380456919,0.0018711595422639803
4190,0.012011581372326528,0.0018707053091129315
4191,0.012011546381189987,0.0018702512804160947
4192,0.012011511407035512,0.0018697974559735077
4193,0.012011476449851361,0.0018693438355855403
4194,0.012011441509625775,0.0018688904190527487
4195,0.012011406586347041,0.001868437206176024
4196,0.012011371680003423,0.0018679841967564588
4197,0.012011336790583221,0.001867531390595452
4198,0.012011301918074747,0.0018670787874946453
4199,0.0120112670624663,0.0018666263872559293
4200,0.012011232223746249,0.0018661741896815098
4201,0.012011197401902911,0.0018657221945737642
4202,0.012011162596924654,0.0018652704017354308
4203,0.012011127808799843,0.0018648188109694243
4204,0.012011093037516877,0.001864367422078959
4205,0.012011058283064131,0.0018639162348675342
4206,0.012011023545430046,0.0018634652491388375
4207,0.01201098882460301,0.001863014464696897
4208,0.012010954120571507,0.0018625638813458978
4209,0.012010919433323912,0.0018621134988904197
4210,0.012010884762848745,0.0018616633171351755
4211,0.012010850109134472,0.0018612133358851795
4212,0.012010815472169548,0.0018607635549457563
4213,0.012010780851942513,0.0018603139741223717
4214,0.012010746248441846,0.0018598645932208597
4215,0.012010711661656098,0.0018594154120472673
4216,0.01201067709157377,0.0018589664304078776
4217,0.012010642538183458,0.0018585176481092417
4218,0.01201060800147367,0.0018580690649582096
4219,0.012010573481433024,0.001857620680761814
4220,0.01201053897805009,0.001857172495327385
4221,0.012010504491313478,0.0018567245084625036
4222,0.012010470021211774,0.0018562767199750095
4223,0.012010435567733641,0.0018558291296729486
4224,0.012010401130867676,0.0018553817373646992
4225,0.012010366710602545,0.0018549345428588166
4226,0.012010332306926944,0.0018544875459641484
4227,0.012010297919829483,0.0018540407464897935
4228,0.012010263549298881,0.0018535941442451226
4229,0.01201022919532384,0.001853147739039714
4230,0.012010194857893066,0.0018527015306833978
4231,0.012010160536995287,0.0018522555189862727
4232,0.01201012623261924,0.0018518097037586883
4233,0.012010091944753665,0.0018513640848112868
4234,0.01201005767338733,0.0018509186619548534
4235,0.012010023418508988,0.0018504734350005287
4236,0.012009989180107457,0.001850028403759629
4237,0.012009954958171509,0.0018495835680437894
4238,0.012009920752689945,0.0018491389276648145
4239,0.01200988656365163,0.0018486944824348086
4240,0.012009852391045354,0.001848250232166098
4241,0.012009818234859979,0.0018478061766713304
4242,0.012009784095084363,0.001847362315763261
4243,0.012009749971707373,0.0018469186492550077
4244,0.012009715864717892,0.00184647517695991
4245,0.012009681774104813,0.0018460318986915018
4246,0.012009647699857039,0.0018455888142636608
4247,0.012009613641963502,0.0018451459234903867
4248,0.012009579600413106,0.0018447032261860326
4249,0.012009545575194841,0.0018442607221651284
4250,0.012009511566297613,0.0018438184112424866
4251,0.012009477573710394,0.0018433762932331475
4252,0.012009443597422178,0.0018429343679524225
4253,0.012009409637421956,0.0018424926352157839
4254,0.012009375693698728,0.0018420510948390326
4255,0.012009341766241499,0.001841609746638206
4256,0.012009307855039284,0.001841168590429559
4257,0.012009273960081154,0.0018407276260295638
4258,0.012009240081356133,0.0018402868532549728
4259,0.012009206218853288,0.0018398462719227914
4260,0.01200917237256169,0.0018394058818502045
4261,0.012009138542470413,0.0018389656828547221
4262,0.01200910472856861,0.0018385256747540108
4263,0.0120090709308453,0.0018380858573660667
4264,0.01200903714928967,0.0018376462305090076
4265,0.012009003383890823,0.0018372067940013352
4266,0.012008969634637894,0.001836767547661662
4267,0.012008935901520076,0.0018363284913089145
4268,0.01200890218452652,0.0018358896247621915
4269,0.012008868483646387,0.0018354509478409444
4270,0.012008834798868852,0.0018350124603647925
4271,0.012008801130183178,0.0018345741621535057
4272,0.012008767477578527,0.001834136053027262
4273,0.012008733841044134,0.0018336981328063418
4274,0.012008700220569237,0.0018332604013113693
4275,0.012008666616143094,0.0018328228583630816
4276,0.012008633027754952,0.00183238550378256
4277,0.012008599455394089,0.0018319483373910705
4278,0.01200856589904978,0.0018315113590101288
4279,0.012008532358711323,0.001831074568461476
4280,0.01200849883436802,0.0018306379655670883
4281,0.012008465326009188,0.001830201550149188
4282,0.012008431833624163,0.0018297653220302288
4283,0.012008398357202296,0.0018293292810329115
4284,0.012008364896732899,0.0018288934269801108
4285,0.012008331452205359,0.0018284577596949809
4286,0.012008298023609053,0.0018280222790009655
4287,0.012008264610933352,0.0018275869847215885
4288,0.012008231214167659,0.0018271518766807837
4289,0.012008197833301376,0.0018267169547025667
4290,0.012008164468323944,0.0018262822186113055
4291,0.012008131119224767,0.0018258476682315057
4292,0.012008097785993304,0.0018254133033879629
4293,0.012008064468618986,0.001824979123905622
4294,0.012008031167091305,0.0018245451296098132
4295,0.012007997881399708,0.0018241113203259342
4296,0.012007964611533705,0.0018236776958797153
4297,0.01200793135748278,0.0018232442560970486
4298,0.012007898119236443,0.0018228110008041028
4299,0.012007864896784215,0.0018223779298272682
4300,0.012007831690115623,0.0018219450429931444
4301,0.012007798499220212,0.0018215123401285921
4302,0.01200776532408755,0.0018210798210606483
4303,0.012007732164707177,0.001820647485616651
4304,0.01200769902106866,0.0018202153336240444
4305,0.01200766589316162,0.0018197833649106737
4306,0.012007632780975627,0.001819351579304434
4307,0.012007599684500306,0.0018189199766335724
4308,0.012007566603725284,0.0018184885567265104
4309,0.01200753353864015,0.001818057319411907
4310,0.012007500489234576,0.0018176262645186302
4311,0.012007467455498218,0.0018171953918757686
4312,0.012007434437420713,0.0018167647013126755
4313,0.012007401434991762,0.0018163341926589094
4314,0.01200736844820103,0.0018159038657442512
4315,0.012007335477038226,0.001815473720398667
4316,0.01200730252149306,0.0018150437564523941
4317,0.012007269581555242,0.001814613973735925
4318,0.012007236657214473,0.0018141843720799059
4319,0.012007203748460545,0.001813754951315223
4320,0.012007170855283182,0.001813325711272989
4321,0.012007137977672113,0.0018128966517845578
4322,0.01200710511561717,0.001812467772681489
4323,0.01200707226910808,0.001812039073795571
4324,0.012007039438134675,0.00181161055495879
4325,0.012007006622686743,0.0018111822160033803
4326,0.012006973822754091,0.0018107540567618133
4327,0.012006941038326568,0.0018103260770667168
4328,0.012006908269393983,0.0018098982767510245
4329,0.012006875515946178,0.0018094706556477554
4330,0.012006842777973049,0.0018090432135903103
4331,0.012006810055464416,0.001808615950412245
4332,0.012006777348410201,0.0018081888659472719
4333,0.012006744656800258,0.001807761960029389
4334,0.012006711980624505,0.0018073352324928264
4335,0.012006679319872836,0.0018069086831719592
4336,0.012006646674535186,0.0018064823119014512
4337,0.012006614044601488,0.0018060561185161488
4338,0.012006581430061676,0.001805630102851109
4339,0.012006548830905692,0.0018052042647416623
4340,0.012006516247123513,0.0018047786040232504
4341,0.012006483678705104,0.0018043531205316433
4342,0.012006451125640456,0.0018039278141027723
4343,0.012006418587919565,0.0018035026845727655
4344,0.012006386065532419,0.0018030777317780246
4345,0.012006353558469046,0.0018026529555550791
4346,0.012006321066719467,0.0018022283557407642
4347,0.012006288590273709,0.0018018039321721086
4348,0.012006256129121836,0.0018013796846862904
4349,0.012006223683253898,0.0018009556131207622
4350,0.012006191252659948,0.0018005317173131988
4351,0.012006158837330076,0.001800107997101462
4352,0.012006126437254372,0.0017996844523236238
4353,0.012006094052422922,0.0017992610828179677
4354,0.012006061682825836,0.0017988378884230137
4355,0.012006029328453236,0.0017984148689774826
4356,0.012005996989295237,0.0017979920243202925
4357,0.012005964665342012,0.0017975693542905656
4358,0.012005932356583655,0.0017971468587276683
4359,0.012005900063010388,0.0017967245374711763
4360,0.012005867784612326,0.0017963023903608568
4361,0.01200583552137967,0.0017958804172366885
4362,0.012005803273302607,0.0017954586179388808
4363,0.012005771040371342,0.0017950369923078005
4364,0.01200573882257609,0.0017946155401840963
4365,0.012005706619907054,0.0017941942614085903
4366,0.012005674432354466,0.001793773155822279
4367,0.012005642259908586,0.0017933522232664342
4368,0.012005610102559617,0.0017929314635825198
4369,0.012005577960297881,0.001792510876612123
4370,0.012005545833113597,0.0017920904621971804
4371,0.012005513720997073,0.0017916702201797466
4372,0.0120054816239386,0.001791250150402085
4373,0.012005449541928462,0.0017908302527067134
4374,0.012005417474956967,0.0017904105269362675
4375,0.012005385423014464,0.0017899909729336978
4376,0.01200535338609124,0.001789571590542102
4377,0.012005321364177679,0.0017891523796047598
4378,0.012005289357264082,0.0017887333399652459
4379,0.012005257365340853,0.0017883144714672336
4380,0.012005225388398344,0.0017878957739546574
4381,0.012005193426426933,0.0017874772472716923
4382,0.012005161479417005,0.0017870588912626243
4383,0.012005129547358979,0.0017866407057720239
4384,0.01200509763024324,0.0017862226906446392
4385,0.012005065728060215,0.0017858048457253838
4386,0.012005033840800327,0.001785387170859457
4387,0.012005001968454035,0.0017849696658921652
4388,0.012004970111011776,0.0017845523306691262
4389,0.01200493826846399,0.0017841351650360493
4390,0.01200490644080116,0.001783718168838934
4391,0.012004874628013784,0.0017833013419239106
4392,0.012004842830092302,0.00178288468413737
4393,0.01200481104702725,0.0017824681953258756
4394,0.012004779278809129,0.0017820518753362193
4395,0.01200474752542844,0.0017816357240153455
4396,0.01200471578687572,0.0017812197412104187
4397,0.012004684063141492,0.0017808039267688074
4398,0.012004652354216326,0.0017803882805381157
4399,0.012004620660090743,0.0017799728023661064
4400,0.012004588980755331,0.0017795574921007323
4401,0.012004557316200667,0.0017791423495901644
4402,0.012004525666417326,0.0017787273746827893
4403,0.01200449403139588,0.0017783125672271788
4404,0.012004462411126971,0.0017778979270720813
4405,0.012004430805601193,0.001777483454066486
4406,0.012004399214809164,0.0017770691480594983
4407,0.012004367638741516,0.0017766550089005535
4408,0.012004336077388903,0.001776241036439168
4409,0.012004304530741947,0.0017758272305250864
4410,0.012004272998791343,0.0017754135910083174
4411,0.012004241481527733,0.0017750001177389467
4412,0.012004209978941813,0.001774586810567349
4413,0.01200417849102426,0.0017741736693440593
4414,0.012004147017765771,0.0017737606939198138
4415,0.012004115559157067,0.001773347884145535
4416,0.012004084115188855,0.0017729352398723585
4417,0.012004052685851849,0.0017725227609516234
4418,0.012004021271136794,0.0017721104472348246
4419,0.012003989871034446,0.0017716982985736829
4420,0.012003958485535541,0.0017712863148201124
4421,0.01200392711463085,0.0017708744958261802
4422,0.012003895758311142,0.001770462841444209
4423,0.012003864416567192,0.0017700513515266844
4424,0.012003833089389819,0.0017696400259262716
4425,0.012003801776769794,0.0017692288644958454
4426,0.012003770478697941,0.0017688178670884965
4427,0.01200373919516507,0.0017684070335574472
4428,0.012003707926162017,0.0017679963637561714
4429,0.012003676671679614,0.0017675858575382972
4430,0.012003645431708697,0.0017671755147576614
4431,0.012003614206240158,0.0017667653352682955
4432,0.01200358299526481,0.001766355318924408
4433,0.012003551798773564,0.001765945465580399
4434,0.012003520616757296,0.0017655357750908662
4435,0.012003489449206898,0.0017651262473106176
4436,0.012003458296113276,0.0017647168820945928
4437,0.012003427157467312,0.0017643076792980032
4438,0.012003396033259953,0.0017638986387761555
4439,0.012003364923482116,0.0017634897603846335
4440,0.012003333828124765,0.0017630810439791574
4441,0.0120033027471788,0.0017626724894156554
4442,0.012003271680635223,0.0017622640965502207
4443,0.012003240628484957,0.0017618558652391795
4444,0.012003209590719,0.0017614477953389815
4445,0.01200317856732834,0.0017610398867063512
4446,0.012003147558303971,0.001760632139198097
4447,0.012003116563636876,0.0017602245526713155
4448,0.012003085583318064,0.0017598171269832435
4449,0.012003054617338551,0.0017594098619912422
4450,0.0120030236656894,0.001759002757552981
4451,0.012002992728361616,0.001758595813526246
4452,0.01200296180534624,0.0017581890297689896
4453,0.012002930896634357,0.0017577824061393995
4454,0.012002900002217005,0.0017573759424958293
4455,0.012002869122085256,0.00175696963869682
4456,0.012002838256230197,0.00175656349460108
4457,0.012002807404642924,0.0017561575100675404
4458,0.012002776567314532,0.0017557516849552694
4459,0.01200274574423612,0.0017553460191235353
4460,0.012002714935398815,0.0017549405124318042
4461,0.01200268414079376,0.0017545351647397429
4462,0.01200265336041204,0.0017541299759071208
4463,0.01200262259424484,0.001753724945794021
4464,0.012002591842283295,0.0017533200742605966
4465,0.012002561104518573,0.0017529153611672067
4466,0.01200253038094182,0.0017525108063744395
4467,0.012002499671544247,0.0017521064097430188
4468,0.012002468976317016,0.0017517021711338685
4469,0.01200243829525135,0.0017512980904080592
4470,0.012002407628338417,0.0017508941674269582
4471,0.012002376975569459,0.0017504904020519355
4472,0.01200234633693568,0.0017500867941446696
4473,0.012002315712428319,0.001749683343567015
4474,0.012002285102038606,0.0017492800501809533
4475,0.012002254505757813,0.001748876913848647
4476,0.012002223923577148,0.0017484739344325213
4477,0.012002193355487932,0.0017480711117950577
4478,0.01200216280148139,0.001747668445799046
4479,0.01200213226154882,0.0017472659363073576
4480,0.012002101735681529,0.0017468635831830585
4481,0.012002071223870796,0.0017464613862894199
4482,0.012002040726107952,0.0017460593454899091
4483,0.012002010242384276,0.0017456574606480888
4484,0.012001979772691117,0.0017452557316278545
4485,0.012001949317019828,0.0017448541582930563
4486,0.012001918875361697,0.0017444527405079343
4487,0.012001888447708107,0.0017440514781367892
4488,0.012001858034050421,0.0017436503710440952
4489,0.012001827634379994,0.0017432494190945868
4490,0.012001797248688204,0.001742848622153109
4491,0.01200176687696644,0.0017424479800846571
4492,0.012001736519206078,0.0017420474927544814
4493,0.012001706175398544,0.0017416471600279653
4494,0.012001675845535222,0.0017412469817706744
4495,0.012001645529607545,0.0017408469578482867
4496,0.01200161522760694,0.0017404470881268045
4497,0.01200158493952481,0.0017400473724722542
4498,0.012001554665352646,0.0017396478107508944
4499,0.012001524405081879,0.0017392484028291748
4500,0.012001494158703968,0.0017388491485737254
4501,0.012001463926210366,0.0017384500478513163
4502,0.012001433707592553,0.001738051100528886
4503,0.012001403502842033,0.0017376523064735559
4504,0.012001373311950286,0.001737253665552679
4505,0.012001343134908795,0.0017368551776336856
4506,0.012001312971709107,0.0017364568425842436
4507,0.012001282822342698,0.0017360586602721717
4508,0.012001252686801142,0.0017356606305654087
4509,0.012001222565075926,0.0017352627533322189
4510,0.012001192457158609,0.0017348650284408798
4511,0.012001162363040755,0.0017344674557598903
4512,0.012001132282713897,0.0017340700351579578
4513,0.012001102216169622,0.0017336727665039225
4514,0.012001072163399492,0.0017332756496667777
4515,0.01200104212439509,0.0017328786845157572
4516,0.012001012099148027,0.0017324818709201905
4517,0.012000982087649872,0.0017320852087496176
4518,0.01200095208989225,0.0017316886978737407
4519,0.012000922105866776,0.0017312923381624281
4520,0.012000892135565058,0.0017308961294857169
4521,0.012000862178978763,0.0017305000717138205
4522,0.012000832236099497,0.0017301041647171138
4523,0.012000802306918917,0.0017297084083661629
4524,0.012000772391428677,0.0017293128025316078
4525,0.012000742489620459,0.0017289173470844028
4526,0.012000712601485906,0.0017285220418955664
4527,0.0120006827270167,0.0017281268868363394
4528,0.012000652866204555,0.0017277318817781055
4529,0.012000623019041154,0.001727337026592404
4530,0.012000593185518197,0.001726942321150956
4531,0.012000563365627402,0.0017265477653256203
4532,0.012000533559360465,0.0017261533589884857
4533,0.012000503766709155,0.001725759102011789
4534,0.01200047398766518,0.0017253649942678465
4535,0.012000444222220274,0.001724971035629262
4536,0.012000414470366223,0.001724577225968735
4537,0.012000384732094754,0.0017241835651591382
4538,0.012000355007397646,0.001723790053073544
4539,0.01200032529626669,0.0017233966895851423
4540,0.01200029559869365,0.0017230034745673091
4541,0.012000265914670313,0.001722610407893594
4542,0.012000236244188495,0.0017222174894377053
4543,0.012000206587239996,0.0017218247190734818
4544,0.012000176943816623,0.0017214320966750147
4545,0.012000147313910197,0.001721039622116439
4546,0.012000117697512577,0.0017206472952721178
4547,0.012000088094615557,0.0017202551160166255
4548,0.012000058505211011,0.001719863084224592
4549,0.012000028929290798,0.0017194711997708919
4550,0.011999999366846748,0.0017190794625305465
4551,0.011999969817870756,0.0017186878723786819
4552,0.011999940282354715,0.001718296429190678
4553,0.011999910760290463,0.0017179051328420263
4554,0.011999881251669928,0.0017175139832083435
4555,0.011999851756484978,0.0017171229801655114
4556,0.011999822274727557,0.0017167321235894446
4557,0.011999792806389561,0.0017163414133563326
4558,0.011999763351462923,0.0017159508493424513
4559,0.011999733909939558,0.0017155604314242749
4560,0.011999704481811415,0.001715170159478415
4561,0.01199967506707044,0.0017147800333816498
4562,0.01199964566570859,0.0017143900530109382
4563,0.011999616277717824,0.0017140002182433622
4564,0.01199958690309008,0.0017136105289561985
4565,0.011999557541817408,0.0017132209850268538
4566,0.011999528193891718,0.0017128315863328973
4567,0.01199949885930504,0.0017124423327521175
4568,0.01199946953804935,0.0017120532241623407
4569,0.011999440230116686,0.0017116642604416824
4570,0.011999410935499034,0.0017112754414682833
4571,0.011999381654188427,0.001710886767120569
4572,0.011999352386176913,0.0017104982372770539
4573,0.0119993231314565,0.0017101098518164048
4574,0.011999293890019237,0.0017097216106174758
4575,0.011999264661857183,0.0017093335135592808
4576,0.011999235446962409,0.0017089455605209412
4577,0.011999206245326965,0.0017085577513817776
4578,0.011999177056942924,0.0017081700860212753
4579,0.011999147881802383,0.001707782564319026
4580,0.011999118719897419,0.0017073951861548444
4581,0.01199908957122014,0.0017070079514086495
4582,0.011999060435762633,0.0017066208599605213
4583,0.011999031313517027,0.0017062339116907153
4584,0.01199900220447543,0.0017058471064796336
4585,0.011998973108629981,0.0017054604442078274
4586,0.011998944025972794,0.0017050739247559906
4587,0.011998914956496031,0.001704687548005021
4588,0.011998885900191828,0.001704301313835907
4589,0.011998856857052343,0.0017039152221298391
4590,0.011998827827069743,0.001703529272768125
4591,0.0119987988102362,0.001703143465632229
4592,0.011998769806543887,0.0017027578006038515
4593,0.011998740815984985,0.0017023722775646886
4594,0.0119987118385517,0.001701986896396747
4595,0.011998682874236215,0.0017016016569820834
4596,0.011998653923030768,0.0017012165592029237
4597,0.011998624984927528,0.0017008316029417077
4598,0.011998596059918758,0.0017004467880809555
4599,0.01199856714799667,0.0017000621145033686
4600,0.011998538249153498,0.0016996775820917825
4601,0.01199850936338149,0.001699293190729238
4602,0.011998480490672887,0.0016989089402988512
4603,0.011998451631019974,0.0016985248306839403
4604,0.011998422784414984,0.0016981408617679507
4605,0.011998393950850214,0.0016977570334345152
4606,0.011998365130317917,0.00169737334556733
4607,0.011998336322810398,0.001696989798050358
4608,0.011998307528319959,0.0016966063907676305
4609,0.011998278746838894,0.0016962231236033404
4610,0.0119982499783595,0.0016958399964418498
4611,0.011998221222874098,0.0016954570091676814
4612,0.011998192480375026,0.00169507416166546
4613,0.011998163750854595,0.001694691453819988
4614,0.011998135034305144,0.0016943088855162487
4615,0.011998106330719018,0.0016939264566393185
4616,0.011998077640088589,0.0016935441670744265
4617,0.011998048962406176,0.0016931620167069744
4618,0.01199802029766418,0.0016927800054225102
4619,0.011997991645854949,0.0016923981331067389
4620,0.011997963006970888,0.001692016399645451
4621,0.011997934381004348,0.00169163480492469
4622,0.011997905767947745,0.0016912533488305376
4623,0.011997877167793476,0.0016908720312493182
4624,0.011997848580533961,0.0016904908520673993
4625,0.011997820006161583,0.0016901098111713952
4626,0.011997791444668792,0.0016897289084480131
4627,0.011997762896048014,0.0016893481437841044
4628,0.011997734360291668,0.0016889675170666876
4629,0.011997705837392209,0.0016885870281829105
4630,0.01199767732734209,0.0016882066770200787
4631,0.011997648830133746,0.001687826463465638
4632,0.011997620345759668,0.001687446387407153
4633,0.011997591874212291,0.00168706644873241
4634,0.01199756341548413,0.0016866866473292498
4635,0.01199753496956765,0.0016863069830856902
4636,0.011997506536455347,0.0016859274558899066
4637,0.011997478116139703,0.0016855480656302185
4638,0.011997449708613253,0.00168516881219507
4639,0.011997421313868486,0.0016847896954730753
4640,0.011997392931897922,0.001684410715352978
4641,0.011997364562694087,0.0016840318717236337
4642,0.01199733620624952,0.0016836531644740889
4643,0.011997307862556766,0.0016832745934935124
4644,0.011997279531608337,0.0016828961586712282
4645,0.011997251213396821,0.0016825178598966666
4646,0.011997222907914775,0.0016821396970594568
4647,0.011997194615154756,0.0016817616700493022
4648,0.011997166335109334,0.0016813837787561237
4649,0.011997138067771085,0.001681006023069915
4650,0.01199710981313259,0.0016806284028808582
4651,0.01199708157118646,0.0016802509180792288
4652,0.011997053341925324,0.0016798735685555242
4653,0.01199702512534172,0.0016794963542002728
4654,0.011996996921428305,0.0016791192749042616
4655,0.01199696873017769,0.0016787423305583008
4656,0.011996940551582498,0.0016783655210534344
4657,0.011996912385635376,0.001677988846280824
4658,0.011996884232328944,0.0016776123061316955
4659,0.011996856091655865,0.0016772359004975368
4660,0.011996827963608793,0.0016768596292698805
4661,0.011996799848180376,0.001676483492340484
4662,0.011996771745363304,0.0016761074896011377
4663,0.01199674365515021,0.001675731620943833
4664,0.011996715577533807,0.0016753558862606878
4665,0.01199668751250678,0.0016749802854440126
4666,0.011996659460061817,0.0016746048183861775
4667,0.011996631420191617,0.0016742294849796965
4668,0.011996603392888897,0.0016738542851172527
4669,0.011996575378146343,0.0016734792186917046
4670,0.011996547375956708,0.001673104285595916
4671,0.011996519386312717,0.0016727294857230776
4672,0.011996491409207067,0.0016723548189663455
4673,0.01199646344463253,0.001671980285219084
4674,0.011996435492581852,0.0016716058843748293
4675,0.011996407553047768,0.0016712316163271684
4676,0.011996379626023044,0.0016708574809699334
4677,0.011996351711500458,0.0016704834781969585
4678,0.011996323809472785,0.0016701096079023484
4679,0.011996295919932768,0.0016697358699802474
4680,0.011996268042873222,0.0016693622643249866
4681,0.011996240178286946,0.0016689887908310124
4682,0.01199621232616672,0.0016686154493929092
4683,0.011996184486505359,0.0016682422399053964
4684,0.011996156659295666,0.0016678691622633063
4685,0.011996128844530472,0.0016674962163616789
4686,0.011996101042202584,0.0016671234020955823
4687,0.011996073252304838,0.001666750719360316
4688,0.011996045474830094,0.0016663781680512446
4689,0.01199601770977117,0.0016660057480639427
4690,0.01199598995712092,0.001665633459294018
4691,0.011995962216872201,0.0016652613016372778
4692,0.011995934489017888,0.0016648892749896707
4693,0.011995906773550828,0.0016645173792471937
4694,0.011995879070463912,0.0016641456143061321
4695,0.011995851379750016,0.0016637739800627492
4696,0.011995823701402043,0.0016634024764135284
4697,0.011995796035412874,0.0016630311032550264
4698,0.01199576838177541,0.001662659860484022
4699,0.011995740740482558,0.00166228874799731
4700,0.01199571311152724,0.0016619177656919178
4701,0.01199568549490238,0.0016615469134649262
4702,0.011995657890600881,0.0016611761912136396
4703,0.011995630298615681,0.00166080559883539
4704,0.011995602718939737,0.001660435136227722
4705,0.011995575151566006,0.0016600648032882492
4706,0.011995547596487391,0.0016596945999147804
4707,0.011995520053696885,0.0016593245260051852
4708,0.011995492523187446,0.0016589545814575085
4709,0.011995465004952043,0.0016585847661699333
4710,0.011995437498983654,0.0016582150800407475
4711,0.011995410005275256,0.0016578455229683466
4712,0.011995382523819853,0.001657476094851336
4713,0.01199535505461042,0.0016571067955883578
4714,0.011995327597639969,0.0016567376250782315
4715,0.011995300152901517,0.0016563685832199045
4716,0.011995272720388049,0.0016559996699124723
4717,0.011995245300092614,0.001655630885055075
4718,0.011995217892008234,0.0016552622285471248
4719,0.011995190496127931,0.0016548937002879847
4720,0.011995163112444756,0.0016545253001773099
4721,0.011995135740951726,0.0016541570281148048
4722,0.011995108381641932,0.0016537888840002701
4723,0.011995081034508408,0.00165342086773372
4724,0.011995053699544215,0.0016530529792152396
4725,0.011995026376742433,0.0016526852183450036
4726,0.011994999066096121,0.0016523175850234322
4727,0.011994971767598383,0.0016519500791509583
4728,0.01199494448124229,0.0016515827006282036
4729,0.011994917207020946,0.0016512154493559111
4730,0.01199488994492744,0.0016508483252348966
4731,0.01199486269495489,0.0016504813281662052
4732,0.011994835457096396,0.0016501144580508716
4733,0.011994808231345086,0.0016497477147901908
4734,0.011994781017694084,0.0016493810982855083
4735,0.011994753816136504,0.0016490146084382846
4736,0.0119947266266655,0.001648648245150167
4737,0.011994699449274207,0.0016482820083228693
4738,0.011994672283955784,0.0016479158978582936
4739,0.011994645130703377,0.0016475499136583607
4740,0.011994617989510133,0.0016471840556252391
4741,0.011994590860369227,0.0016468183236611161
4742,0.011994563743273836,0.0016464527176683979
4743,0.011994536638217146,0.0016460872375495383
4744,0.011994509545192324,0.0016457218832071894
4745,0.011994482464192583,0.0016453566545440248
4746,0.01199445539521108,0.0016449915514629284
4747,0.011994428338241055,0.0016446265738669166
4748,0.011994401293275708,0.001644261721659009
4749,0.01199437426030823,0.001643896994742496
4750,0.011994347239331862,0.0016435323930207055
4751,0.011994320230339832,0.001643167916397111
4752,0.01199429323332537,0.0016428035647753224
4753,0.011994266248281697,0.0016424393380590249
4754,0.011994239275202066,0.001642075236152069
4755,0.011994212314079739,0.0016417112589584332
4756,0.011994185364907956,0.0016413474063821808
4757,0.011994158427679981,0.0016409836783275048
4758,0.011994131502389085,0.001640620074698764
4759,0.011994104589028536,0.0016402565954004064
4760,0.01199407768759161,0.0016398932403369744
4761,0.011994050798071611,0.0016395300094131423
4762,0.011994023920461807,0.0016391669025337698
4763,0.011993997054755486,0.0016388039196037648
4764,0.011993970200945987,0.0016384410605281908
4765,0.011993943359026591,0.001638078325212187
4766,0.011993916528990612,0.0016377157135610413
4767,0.011993889710831391,0.0016373532254802387
4768,0.011993862904542225,0.0016369908608752353
4769,0.011993836110116443,0.0016366286196517455
4770,0.011993809327547402,0.0016362665017154948
4771,0.011993782556828451,0.0016359045069723743
4772,0.011993755797952923,0.001635542635328398
4773,0.011993729050914155,0.0016351808866897318
4774,0.011993702315705537,0.0016348192609625767
4775,0.011993675592320435,0.0016344577580533147
4776,0.01199364888075219,0.0016340963778684388
4777,0.011993622180994212,0.0016337351203145629
4778,0.011993595493039862,0.0016333739852983995
4779,0.01199356881688253,0.0016330129727267445
4780,0.011993542152515609,0.0016326520825066335
4781,0.01199351549993252,0.0016322913145450852
4782,0.01199348885912664,0.001631930668749311
4783,0.011993462230091404,0.0016315701450266035
4784,0.011993435612820213,0.0016312097432844216
4785,0.011993409007306497,0.0016308494634302967
4786,0.011993382413543672,0.0016304893053718961
4787,0.011993355831525186,0.0016301292690169592
4788,0.011993329261244464,0.001629769354273447
4789,0.01199330270269498,0.0016294095610493262
4790,0.011993276155870156,0.0016290498892527114
4791,0.011993249620763447,0.0016286903387918862
4792,0.011993223097368338,0.0016283309095751872
4793,0.011993196585678273,0.0016279716015110955
4794,0.011993170085686733,0.0016276124145081874
4795,0.011993143597387193,0.0016272533484751766
4796,0.011993117120773156,0.001626894403320915
4797,0.01199309065583808,0.001626535578954325
4798,0.011993064202575506,0.001626176875284404
4799,0.011993037760978884,0.0016258182922203627
4800,0.011993011331041747,0.0016254598296715033
4801,0.011992984912757604,0.0016251014875471774
4802,0.011992958506119982,0.0016247432657569374
4803,0.011992932111122389,0.0016243851642103507
4804,0.011992905727758352,0.0016240271828171823
4805,0.011992879356021408,0.0016236693214873256
4806,0.011992852995905107,0.0016233115801306823
4807,0.011992826647402983,0.0016229539586573478
4808,0.011992800310508585,0.0016225964569775448
4809,0.011992773985215487,0.0016222390750015305
4810,0.011992747671517222,0.0016218818126397714
4811,0.011992721369407372,0.0016215246698027498
4812,0.011992695078879526,0.0016211676464011366
4813,0.011992668799927228,0.0016208107423457143
4814,0.011992642532544099,0.0016204539575472804
4815,0.011992616276723697,0.0016200972919168902
4816,0.011992590032459637,0.001619740745365576
4817,0.011992563799745485,0.0016193843178045955
4818,0.011992537578574904,0.0016190280091452087
4819,0.011992511368941437,0.001618671819298879
4820,0.011992485170838743,0.00161831574817715
4821,0.011992458984260436,0.0016179597956916408
4822,0.011992432809200137,0.0016176039617541728
4823,0.011992406645651483,0.0016172482462765553
4824,0.011992380493608103,0.0016168926491707978
4825,0.011992354353063646,0.0016165371703489942
4826,0.011992328224011767,0.0016161818097233402
4827,0.011992302106446105,0.0016158265672061574
4828,0.011992276000360343,0.0016154714427098797
4829,0.011992249905748115,0.0016151164361470217
4830,0.011992223822603098,0.0016147615474302551
4831,0.011992197750918986,0.0016144067764723173
4832,0.01199217169068943,0.001614052123186047
4833,0.011992145641908158,0.0016136975874844796
4834,0.01199211960456881,0.00161334316928065
4835,0.011992093578665116,0.001612988868487771
4836,0.011992067564190757,0.0016126346850191225
4837,0.011992041561139472,0.0016122806187881598
4838,0.011992015569504931,0.001611926669708334
4839,0.011991989589280888,0.0016115728376933168
4840,0.011991963620461038,0.0016112191226568407
4841,0.01199193766303911,0.0016108655245127672
4842,0.011991911717008879,0.0016105120431749852
4843,0.011991885782364048,0.0016101586785576072
4844,0.011991859859098338,0.0016098054305747904
4845,0.011991833947205542,0.0016094522991408043
4846,0.01199180804667939,0.0016090992841700231
4847,0.01199178215751366,0.00160874638557694
4848,0.011991756279702087,0.0016083936032761745
4849,0.011991730413238465,0.0016080409371824166
4850,0.011991704558116562,0.0016076883872104487
4851,0.011991678714330153,0.0016073359532752117
4852,0.011991652881873028,0.0016069836352917593
4853,0.01199162706073899,0.0016066314331751642
4854,0.011991601250921802,0.001606279346840691
4855,0.01199157545241529,0.0016059273762036876
4856,0.011991549665213265,0.0016055755211795758
4857,0.011991523889309519,0.0016052237816839537
4858,0.011991498124697885,0.0016048721576324319
4859,0.011991472371372172,0.0016045206489408183
4860,0.011991446629326203,0.0016041692555249397
4861,0.011991420898553826,0.0016038179773008117
4862,0.011991395179048861,0.0016034668141845
4863,0.011991369470805173,0.0016031157660921914
4864,0.011991343773816592,0.0016027648329401598
4865,0.011991318088076953,0.0016024140146448267
4866,0.011991292413580164,0.0016020633111226764
4867,0.01199126675032003,0.0016017127222903108
4868,0.011991241098290454,0.0016013622480644558
4869,0.011991215457485303,0.0016010118883619008
4870,0.011991189827898449,0.0016006616430995638
4871,0.011991164209523765,0.0016003115121944796
4872,0.011991138602355159,0.0015999614955637478
4873,0.01199111300638651,0.0015996115931246175
4874,0.011991087421611731,0.001599261804794404
4875,0.011991061848024703,0.001598912130490543
4876,0.011991036285619362,0.0015985625701305725
4877,0.011991010734389587,0.0015982131236321317
4878,0.011990985194329298,0.0015978637909129787
4879,0.011990959665432465,0.0015975145718909191
4880,0.011990934147692965,0.0015971654664839268
4881,0.01199090864110476,0.0015968164746100325
4882,0.011990883145661773,0.0015964675961873994
4883,0.011990857661357948,0.0015961188311343008
4884,0.011990832188187233,0.0015957701793690375
4885,0.011990806726143602,0.0015954216408101253
4886,0.011990781275220972,0.0015950732153760822
4887,0.01199075583541334,0.001594724902985578
4888,0.011990730406714667,0.0015943767035573853
4889,0.011990704989118913,0.0015940286170103408
4890,0.011990679582620083,0.0015936806432634257
4891,0.011990654187212124,0.0015933327822356899
4892,0.011990628802889033,0.001592985033846307
4893,0.011990603429644814,0.0015926373980145584
4894,0.011990578067473471,0.0015922898746597604
4895,0.011990552716368985,0.0015919424637014124
4896,0.011990527376325383,0.0015915951650590863
4897,0.011990502047336656,0.0015912479786524532
4898,0.011990476729396847,0.0015909009044012192
4899,0.011990451422499947,0.0015905539422253268
4900,0.011990426126639999,0.0015902070920447019
4901,0.01199040084181106,0.0015898603537793973
4902,0.011990375568007122,0.0015895137273496023
4903,0.011990350305222244,0.0015891672126755701
4904,0.011990325053450483,0.0015888208096776547
4905,0.011990299812685876,0.0015884745182763223
4906,0.011990274582922497,0.001588128338392125
4907,0.01199024936415437,0.0015877822699457266
4908,0.011990224156375595,0.0015874363128579084
4909,0.011990198959580246,0.0015870904670494586
4910,0.011990173773762365,0.0015867447324413998
4911,0.01199014859891606,0.0015863991089547353
4912,0.011990123435035391,0.001586053596510641
4913,0.011990098282114484,0.001585708195030337
4914,0.011990073140147408,0.0015853629044351857
4915,0.01199004800912826,0.0015850177246466508
4916,0.011990022889051167,0.001584672655586227
4917,0.01198999777991022,0.0015843276971755586
4918,0.011989972681699542,0.0015839828493363981
4919,0.011989947594413217,0.00158363811199057
4920,0.011989922518045412,0.001583293485059979
4921,0.01198989745259023,0.0015829489684666988
4922,0.01198987239804183,0.001582604562132804
4923,0.011989847354394317,0.0015822602659805022
4924,0.011989822321641856,0.0015819160799321497
4925,0.011989797299778579,0.0015815720039101197
4926,0.011989772288798647,0.0015812280378369292
4927,0.011989747288696216,0.0015808841816351991
4928,0.01198972229946545,0.0015805404352276051
4929,0.011989697321100504,0.0015801967985368873
4930,0.011989672353595545,0.001579853271486033
4931,0.011989647396944777,0.0015795098539979498
4932,0.011989622451142346,0.0015791665459957698
4933,0.011989597516182449,0.0015788233474026193
4934,0.011989572592059272,0.0015784802581417993
4935,0.01198954767876703,0.0015781372781366345
4936,0.011989522776299895,0.0015777944073105954
4937,0.01198949788465209,0.001577451645587279
4938,0.011989473003817806,0.0015771089928902728
4939,0.011989448133791268,0.0015767664491433276
4940,0.011989423274566676,0.0015764240142702808
4941,0.011989398426138276,0.001576081688195118
4942,0.011989373588500269,0.001575739470841757
4943,0.011989348761646918,0.0015753973621344037
4944,0.011989323945572412,0.0015750553619972069
4945,0.011989299140271059,0.0015747134703545068
4946,0.011989274345737029,0.001574371687130678
4947,0.011989249561964618,0.001574030012250234
4948,0.011989224788948077,0.0015736884456377415
4949,0.01198920002668166,0.0015733469872178422
4950,0.011989175275159605,0.0015730056369153574
4951,0.011989150534376217,0.0015726643946551305
4952,0.011989125804325753,0.0015723232603621214
4953,0.011989101085002481,0.0015719822339613312
4954,0.011989076376400704,0.0015716413153779552
4955,0.011989051678514698,0.0015713005045372118
4956,0.011989026991338742,0.0015709598013643796
4957,0.011989002314867136,0.0015706192057849434
4958,0.011988977649094193,0.001570278717724332
4959,0.011988952994014205,0.0015699383371082063
4960,0.011988928349621477,0.0015695980638622217
4961,0.01198890371591036,0.0015692578979121638
4962,0.01198887909287512,0.0015689178391838986
4963,0.011988854480510104,0.001568577887603405
4964,0.01198882987880963,0.0015682380430967358
4965,0.011988805287768054,0.0015678983055899996
4966,0.01198878070737969,0.0015675586750094656
4967,0.011988756137638876,0.00156721915128146
4968,0.011988731578539955,0.0015668797343323937
4969,0.011988707030077296,0.0015665404240887697
4970,0.011988682492245236,0.001566201220477177
4971,0.011988657965038146,0.001565862123424306
4972,0.011988633448450369,0.0015655231328569488
4973,0.01198860894247629,0.0015651842487019564
4974,0.01198858444711029,0.0015648454708862753
4975,0.01198855996234672,0.001564506799336994
4976,0.011988535488179962,0.0015641682339811837
4977,0.011988511024604432,0.0015638297747461044
4978,0.011988486571614476,0.0015634914215590927
4979,0.011988462129204522,0.0015631531743475074
4980,0.01198843769736896,0.0015628150330388542
4981,0.011988413276102176,0.0015624769975607306
4982,0.011988388865398599,0.0015621390678407815
4983,0.011988364465252635,0.0015618012438068003
4984,0.011988340075658686,0.001561463525386585
4985,0.011988315696611193,0.001561125912508109
4986,0.011988291328104575,0.00156078840509937
4987,0.011988266970133237,0.0015604510030884982
4988,0.011988242622691646,0.0015601137064036592
4989,0.011988218285774224,0.0015597765149731957
4990,0.011988193959375426,0.0015594394287254348
4991,0.011988169643489668,0.0015591024475888442
4992,0.01198814533811143,0.0015587655714919932
4993,0.01198812104323517,0.0015584288003634963
4994,0.011988096758855324,0.001558092134132088
4995,0.011988072484966372,0.00155775557272658
4996,0.011988048221562783,0.0015574191160758737
4997,0.011988023968638996,0.0015570827641089434
4998,0.01198799972618955,0.0015567465167548736
4999,0.011987975494208897,0.0015564103739427889
5000,0.011987951272691491,0.0015560743356019902
5001,0.011987927061631869,0.0015557384016617697
5002,0.011987902861024503,0.0015554025720515292
5003,0.011987878670863898,0.0015550668467007988
5004,0.011987854491144543,0.0015547312255391767
5005,0.011987830321860963,0.0015543957084963116
5006,0.01198780616300767,0.001554060295501972
5007,0.01198778201457915,0.0015537249864860027
5008,0.011987757876569954,0.0015533897813783304
5009,0.01198773374897461,0.0015530546801090152
5010,0.011987709631787632,0.001552719682608109
5011,0.01198768552500353,0.00155238478880582
5012,0.011987661428616896,0.001552049998632407
5013,0.011987637342622218,0.0015517153120182324
5014,0.011987613267014073,0.0015513807288937591
5015,0.011987589201787005,0.0015510462491894752
5016,0.011987565146935551,0.0015507118728360293
5017,0.011987541102454306,0.0015503775997640786
5018,0.011987517068337781,0.001550043429904458
5019,0.011987493044580588,0.001549709363187962
5020,0.011987469031177282,0.0015493753995456223
5021,0.01198744502812243,0.0015490415389083658
5022,0.011987421035410617,0.00154870778120741
5023,0.011987397053036433,0.0015483741263739032
5024,0.011987373080994462,0.0015480405743391239
5025,0.011987349119279286,0.0015477071250344745
5026,0.011987325167885506,0.001547373778391376
5027,0.01198730122680774,0.0015470405343413574
5028,0.01198727729604057,0.0015467073928160519
5029,0.01198725337557861,0.0015463743537471454
5030,0.011987229465416478,0.0015460414170664191
5031,0.011987205565548768,0.0015457085827057732
5032,0.011987181675970132,0.0015453758505970994
5033,0.011987157796675193,0.001545043220672478
5034,0.011987133927658565,0.0015447106928639812
5035,0.011987110068914888,0.001544378267103823
5036,0.011987086220438793,0.0015440459433242993
5037,0.011987062382224929,0.001543713721457732
5038,0.011987038554267937,0.0015433816014365897
5039,0.011987014736562473,0.0015430495831933913
5040,0.011986990929103186,0.001542717666660707
5041,0.011986967131884742,0.001542385851771281
5042,0.011986943344901784,0.001542054138457844
5043,0.011986919568149013,0.0015417225266532559
5044,0.01198689580162106,0.0015413910162904256
5045,0.01198687204531262,0.0015410596073023985
5046,0.011986848299218368,0.0015407282996222306
5047,0.01198682456333299,0.0015403970931831346
5048,0.01198680083765117,0.0015400659879183437
5049,0.011986777122167596,0.0015397349837611939
5050,0.01198675341687697,0.001539404080645071
5051,0.011986729721773986,0.0015390732785035262
5052,0.011986706036853345,0.0015387425772701235
5053,0.011986682362109745,0.001538411976878495
5054,0.011986658697537924,0.0015380814772623722
5055,0.01198663504313258,0.0015377510783556084
5056,0.01198661139888843,0.0015374207800920641
5057,0.011986587764800206,0.0015370905824057372
5058,0.011986564140862608,0.0015367604852306832
5059,0.01198654052707041,0.001536430488501023
5060,0.011986516923418324,0.0015361005921509564
5061,0.01198649332990108,0.0015357707961148204
5062,0.011986469746513446,0.0015354411003269792
5063,0.011986446173250152,0.00153511150472186
5064,0.011986422610105948,0.001534782009234024
5065,0.01198639905707559,0.0015344526137980622
5066,0.011986375514153862,0.0015341233183486568
5067,0.01198635198133549,0.0015337941228205773
5068,0.011986328458615244,0.001533465027148694
5069,0.01198630494598792,0.0015331360312679171
5070,0.011986281443448293,0.0015328071351132376
5071,0.011986257950991126,0.0015324783386197382
5072,0.011986234468611204,0.0015321496417226188
5073,0.011986210996303315,0.001531821044357069
5074,0.011986187534062246,0.001531492546458428
5075,0.01198616408188281,0.0015311641479620803
5076,0.011986140639759781,0.0015308358488034719
5077,0.011986117207687974,0.0015305076489181778
5078,0.011986093785662202,0.0015301795482418504
5079,0.011986070373677266,0.0015298515467101587
5080,0.011986046971727978,0.0015295236442588853
5081,0.011986023579809166,0.001529195840823904
5082,0.011986000197915654,0.0015288681363411088
5083,0.01198597682604225,0.0015285405307465492
5084,0.011985953464183808,0.0015282130239762915
5085,0.011985930112335133,0.0015278856159665344
5086,0.01198590677049108,0.001527558306653467
5087,0.011985883438646495,0.0015272310959734518
5088,0.011985860116796232,0.0015269039838628718
5089,0.011985836804935127,0.0015265769702581648
5090,0.011985813503058025,0.0015262500550959229
5091,0.01198579021115978,0.001525923238312773
5092,0.011985766929235291,0.0015255965198453405
5093,0.011985743657279382,0.001525269899630486
5094,0.011985720395286928,0.0015249433776050299
5095,0.011985697143252835,0.0015246169537058538
5096,0.011985673901171948,0.0015242906278699927
5097,0.011985650669039137,0.0015239644000345606
5098,0.011985627446849322,0.0015236382701366586
5099,0.011985604234597358,0.0015233122381135332
5100,0.011985581032278161,0.0015229863039024594
5101,0.011985557839886628,0.001522660467440869
5102,0.01198553465741764,0.0015223347286661463
5103,0.011985511484866108,0.0015220090875158693
5104,0.011985488322226939,0.0015216835439276284
5105,0.011985465169495042,0.0015213580978390843
5106,0.011985442026665323,0.0015210327491879945
5107,0.011985418893732731,0.001520707497912176
5108,0.011985395770692171,0.0015203823439495561
5109,0.011985372657538549,0.0015200572872380758
5110,0.011985349554266823,0.0015197323277157968
5111,0.011985326460871916,0.0015194074653208244
5112,0.011985303377348763,0.0015190826999913725
5113,0.011985280303692314,0.0015187580316656962
5114,0.011985257239897514,0.0015184334602821557
5115,0.011985234185959289,0.0015181089857791387
5116,0.011985211141872624,0.001517784608095173
5117,0.011985188107632438,0.0015174603271687606
5118,0.011985165083233742,0.0015171361429385855
5119,0.011985142068671455,0.0015168120553433304
5120,0.011985119063940558,0.0015164880643218218
5121,0.011985096069036034,0.0015161641698128558
5122,0.01198507308395285,0.0015158403717553854
5123,0.011985050108685962,0.0015155166700884038
5124,0.011985027143230381,0.0015151930647509951
5125,0.0119850041875811,0.0015148695556822932
5126,0.011984981241733092,0.001514546142821526
5127,0.011984958305681342,0.0015142228261079505
5128,0.011984935379420867,0.001513899605480965
5129,0.011984912462946652,0.0015135764808799819
5130,0.01198488955625371,0.001513253452244514
5131,0.011984866659337045,0.001512930519514152
5132,0.01198484377219167,0.0015126076826285327
5133,0.011984820894812623,0.0015122849415273446
5134,0.011984798027194888,0.0015119622961504186
5135,0.011984775169333491,0.0015116397464376573
5136,0.011984752321223492,0.0015113172923288951
5137,0.011984729482859889,0.0015109949337642071
5138,0.011984706654237726,0.00151067267068364
5139,0.011984683835352053,0.0015103505030273814
5140,0.011984661026197899,0.0015100284307356013
5141,0.011984638226770296,0.0015097064537486365
5142,0.011984615437064318,0.001509384572006819
5143,0.011984592657075003,0.001509062785450565
5144,0.01198456988679741,0.0015087410940204133
5145,0.0119845471262266,0.001508419497656907
5146,0.011984524375357637,0.0015080979963007141
5147,0.011984501634185582,0.0015077765898925386
5148,0.011984478902705506,0.0015074552783731706
5149,0.011984456180912506,0.001507134061683429
5150,0.011984433468801623,0.0015068129397642713
5151,0.011984410766367958,0.001506491912556673
5152,0.01198438807360659,0.0015061709800017102
5153,0.011984365390512619,0.0015058501420405063
5154,0.01198434271708111,0.001505529398614261
5155,0.011984320053307195,0.0015052087496642678
5156,0.01198429739918595,0.0015048881951318434
5157,0.011984274754712487,0.0015045677349583945
5158,0.011984252119881914,0.0015042473690854046
5159,0.011984229494689325,0.0015039270974544475
5160,0.011984206879129843,0.0015036069200071189
5161,0.011984184273198589,0.0015032868366850734
5162,0.011984161676890672,0.0015029668474301446
5163,0.011984139090201245,0.0015026469521840786
5164,0.011984116513125417,0.001502327150888808
5165,0.011984093945658289,0.0015020074434862816
5166,0.01198407138779505,0.001501687829918537
5167,0.011984048839530817,0.0015013683101276645
5168,0.011984026300860717,0.0015010488840558245
5169,0.011984003771779914,0.0015007295516452496
5170,0.01198398125228354,0.0015004103128382627
5171,0.011983958742366766,0.0015000911675771803
5172,0.011983936242024729,0.0014997721158045122
5173,0.011983913751252597,0.0014994531574627254
5174,0.011983891270045571,0.001499134292494374
5175,0.011983868798398734,0.0014988155208421527
5176,0.011983846336307342,0.0014984968424486965
5177,0.011983823883766516,0.001498178257256854
5178,0.011983801440771453,0.0014978597652093987
5179,0.011983779007317319,0.0014975413662492955
5180,0.011983756583399308,0.0014972230603194803
5181,0.011983734169012609,0.0014969048473630147
5182,0.011983711764152418,0.0014965867273230233
5183,0.01198368936881392,0.0014962687001426618
5184,0.01198366698299232,0.0014959507657651596
5185,0.011983644606682792,0.0014956329241338617
5186,0.011983622239880594,0.0014953151751921378
5187,0.01198359988258088,0.0014949975188833936
5188,0.011983577534778895,0.0014946799551511889
5189,0.011983555196469849,0.0014943624839390613
5190,0.011983532867648949,0.0014940451051906741
5191,0.011983510548311435,0.0014937278188497148
5192,0.011983488238452532,0.0014934106248599799
5193,0.011983465938067447,0.0014930935231652952
5194,0.011983443647151419,0.0014927765137095713
5195,0.01198342136569971,0.0014924595964367483
5196,0.011983399093707523,0.0014921427712909156
5197,0.011983376831170133,0.001491826038216147
5198,0.011983354578082755,0.001491509397156588
5199,0.011983332334440678,0.0014911928480565288
5200,0.011983310100239111,0.0014908763908601744
5201,0.011983287875473333,0.0014905600255119677
5202,0.0119832656601386,0.0014902437519563336
5203,0.011983243454230184,0.0014899275701377181
5204,0.011983221257743353,0.0014896114800007005
5205,0.011983199070673368,0.0014892954814899203
5206,0.01198317689301548,0.001488979574550043
5207,0.01198315472476501,0.0014886637591258116
5208,0.011983132565917208,0.0014883480351620343
5209,0.011983110416467373,0.0014880324026036434
5210,0.011983088276410795,0.0014877168613955376
5211,0.01198306614574274,0.0014874014114827415
5212,0.011983044024458512,0.0014870860528103122
5213,0.011983021912553427,0.0014867707853233804
5214,0.011982999810022769,0.0014864556089671946
5215,0.011982977716861838,0.001486140523686947
5216,0.011982955633065957,0.0014858255294280243
5217,0.011982933558630414,0.0014855106261357969
5218,0.011982911493550536,0.001485195813755705
5219,0.011982889437821654,0.001484881092233308
5220,0.011982867391439054,0.0014845664615141352
5221,0.011982845354398105,0.0014842519215438612
5222,0.011982823326694083,0.0014839374722681934
5223,0.011982801308322357,0.0014836231136328855
5224,0.011982779299278244,0.00148330884558381
5225,0.011982757299557084,0.0014829946680668111
5226,0.011982735309154214,0.0014826805810278878
5227,0.011982713328064987,0.0014823665844130459
5228,0.011982691356284752,0.0014820526781683565
5229,0.01198266939380884,0.0014817388622400144
5230,0.011982647440632628,0.0014814251365741773
5231,0.011982625496751456,0.001481111501117147
5232,0.01198260356216069,0.001480797955815245
5233,0.011982581636855701,0.0014804845006148903
5234,0.011982559720831834,0.0014801711354625175
5235,0.011982537814084477,0.0014798578603046509
5236,0.011982515916609012,0.0014795446750878827
5237,0.011982494028400783,0.001479231579758859
5238,0.011982472149455204,0.0014789185742642911
5239,0.011982450279767637,0.0014786056585509091
5240,0.011982428419333467,0.001478292832565591
5241,0.011982406568148106,0.0014779800962552172
5242,0.011982384726206935,0.0014776674495667233
5243,0.011982362893505339,0.001477354892447125
5244,0.011982341070038736,0.0014770424248434924
5245,0.011982319255802506,0.0014767300467030094
5246,0.011982297450792073,0.0014764177579728146
5247,0.011982275655002834,0.0014761055586002007
5248,0.011982253868430201,0.0014757934485324607
5249,0.011982232091069609,0.0014754814277170196
5250,0.011982210322916471,0.0014751694961012592
5251,0.0119821885639662,0.0014748576536327488
5252,0.011982166814214204,0.0014745459002589935
5253,0.011982145073655954,0.0014742342359276228
5254,0.011982123342286837,0.0014739226605863498
5255,0.01198210162010233,0.0014736111741829052
5256,0.01198207990709784,0.0014732997766650807
5257,0.011982058203268826,0.0014729884679807526
5258,0.011982036508610704,0.0014726772480778496
5259,0.011982014823118965,0.0014723661169043268
5260,0.011981993146789004,0.0014720550744082529
5261,0.011981971479616342,0.0014717441205377355
5262,0.011981949821596392,0.0014714332552409222
5263,0.011981928172724636,0.0014711224784660411
5264,0.0119819065329965,0.001470811790161365
5265,0.01198188490240751,0.0014705011902752445
5266,0.011981863280953069,0.0014701906787560818
5267,0.011981841668628705,0.0014698802555523404
5268,0.011981820065429864,0.0014695699206125582
5269,0.011981798471352029,0.0014692596738852524
5270,0.011981776886390698,0.0014689495153191337
5271,0.011981755310541341,0.0014686394448628574
5272,0.011981733743799471,0.0014683294624651638
5273,0.011981712186160528,0.0014680195680749136
5274,0.011981690637620062,0.0014677097616409714
5275,0.011981669098173544,0.0014674000431122187
5276,0.01198164756781649,0.001467090412437693
5277,0.011981626046544363,0.0014667808695664462
5278,0.011981604534352744,0.0014664714144475295
5279,0.01198158303123709,0.0014661620470301784
5280,0.011981561537192915,0.0014658527672635816
5281,0.011981540052215748,0.0014655435750970253
5282,0.011981518576301116,0.001465234470479844
5283,0.01198149710944453,0.001464925453361445
5284,0.011981475651641533,0.0014646165236912889
5285,0.011981454202887635,0.0014643076814188673
5286,0.011981432763178368,0.0014639989264937671
5287,0.011981411332509299,0.0014636902588655968
5288,0.011981389910875924,0.0014633816784840811
5289,0.011981368498273817,0.001463073185298932
5290,0.011981347094698497,0.001462764779259971
5291,0.011981325700145535,0.001462456460317031
5292,0.011981304314610476,0.0014621482284200371
5293,0.011981282938088866,0.0014618400835189765
5294,0.011981261570576251,0.0014615320255638696
5295,0.011981240212068237,0.0014612240545048103
5296,0.01198121886256033,0.0014609161702919243
5297,0.011981197522048142,0.0014606083728754134
5298,0.011981176190527222,0.0014603006622055511
5299,0.011981154867993137,0.0014599930382326555
5300,0.011981133554441466,0.0014596855009070603
5301,0.011981112249867802,0.0014593780501792417
5302,0.011981090954267712,0.0014590706859996553
5303,0.01198106966763678,0.0014587634083188345
5304,0.011981048389970602,0.0014584562170874044
5305,0.011981027121264769,0.0014581491122559903
5306,0.011981005861514866,0.0014578420937753065
5307,0.011980984610716493,0.001457535161596118
5308,0.01198096336886524,0.0014572283156692382
5309,0.01198094213595675,0.001456921555945567
5310,0.011980920911986572,0.0014566148823760144
5311,0.01198089969695036,0.0014563082949115764
5312,0.011980878490843715,0.0014560017935033095
5313,0.011980857293662219,0.001455695378102289
5314,0.011980836105401531,0.0014553890486596595
5315,0.011980814926057265,0.0014550828051266681
5316,0.011980793755625035,0.0014547766474545414
5317,0.01198077259410046,0.0014544705755946468
5318,0.011980751441479183,0.0014541645894983247
5319,0.01198073029775683,0.0014538586891169956
5320,0.011980709162929057,0.001453552874402174
5321,0.011980688036991476,0.001453247145305407
5322,0.011980666919939738,0.0014529415017782547
5323,0.011980645811769493,0.001452635943772383
5324,0.01198062471247638,0.0014523304712395157
5325,0.011980603622056048,0.0014520250841313902
5326,0.011980582540504166,0.001451719782399815
5327,0.011980561467816396,0.0014514145659966643
5328,0.011980540403988361,0.0014511094348738833
5329,0.011980519349015756,0.0014508043889834312
5330,0.011980498302894238,0.0014504994282773292
5331,0.011980477265619459,0.0014501945527076892
5332,0.01198045623718713,0.001449889762226628
5333,0.011980435217592879,0.001449585056786342
5334,0.011980414206832424,0.0014492804363390951
5335,0.011980393204901407,0.0014489759008371663
5336,0.011980372211795553,0.0014486714502329173
5337,0.011980351227510505,0.0014483670844787834
5338,0.011980330252041978,0.001448062803527192
5339,0.011980309285385663,0.0014477586073306803
5340,0.011980288327537255,0.0014474544958418014
5341,0.011980267378492447,0.0014471504690132045
5342,0.011980246438246937,0.001446846526797533
5343,0.011980225506796428,0.001446542669147542
5344,0.011980204584136627,0.0014462388960160269
5345,0.011980183670263248,0.0014459352073557612
5346,0.011980162765172013,0.0014456316031196972
5347,0.011980141868858617,0.0014453280832607543
5348,0.011980120981318794,0.0014450246477319094
5349,0.011980100102548246,0.0014447212964862604
5350,0.011980079232542726,0.0014444180294768618
5351,0.011980058371297942,0.0014441148466568649
5352,0.011980037518809631,0.0014438117479795125
5353,0.011980016675073498,0.0014435087333980333
5354,0.01197999584008532,0.0014432058028657387
5355,0.01197997501384081,0.0014429029563360156
5356,0.011979954196335718,0.001442600193762263
5357,0.011979933387565787,0.00144229751509793
5358,0.011979912587526755,0.0014419949202965651
5359,0.01197989179621439,0.001441692409311721
5360,0.011979871013624431,0.0014413899820970458
5361,0.011979850239752635,0.0014410876386062037
5362,0.011979829474594758,0.001440785378792882
5363,0.011979808718146578,0.0014404832026109007
5364,0.011979787970403843,0.0014401811100141142
5365,0.011979767231362322,0.0014398791009563627
5366,0.011979746501017779,0.0014395771753915902
5367,0.011979725779366018,0.001439275333273783
5368,0.01197970506640278,0.0014389735745569778
5369,0.011979684362123837,0.001438671899195277
5370,0.01197966366652499,0.0014383703071427947
5371,0.011979642979602032,0.0014380687983537525
5372,0.011979622301350735,0.001437767372782375
5373,0.011979601631766881,0.0014374660303829406
5374,0.011979580970846284,0.0014371647711098085
5375,0.011979560318584733,0.0014368635949173793
5376,0.011979539674978007,0.0014365625017600994
5377,0.011979519040021936,0.0014362614915924433
5378,0.011979498413712295,0.0014359605643689919
5379,0.011979477796044908,0.0014356597200443231
5380,0.011979457187015588,0.0014353589585730717
5381,0.011979436586620134,0.0014350582799099604
5382,0.011979415994854355,0.0014347576840097213
5383,0.011979395411714095,0.0014344571708271678
5384,0.011979374837195158,0.0014341567403171513
5385,0.011979354271293355,0.001433856392434567
5386,0.011979333714004546,0.0014335561271343418
5387,0.011979313165324522,0.0014332559443715012
5388,0.01197929262524915,0.001432955844101107
5389,0.011979272093774227,0.0014326558262782376
5390,0.011979251570895624,0.0014323558908580268
5391,0.011979231056609162,0.0014320560377957113
5392,0.01197921055091069,0.0014317562670465328
5393,0.011979190053796029,0.0014314565785657784
5394,0.011979169565261077,0.001431156972308785
5395,0.011979149085301647,0.0014308574482309998
5396,0.011979128613913604,0.0014305580062878112
5397,0.011979108151092793,0.0014302586464347415
5398,0.011979087696835108,0.0014299593686273396
5399,0.011979067251136368,0.0014296601728212121
5400,0.011979046813992464,0.0014293610589719689
5401,0.01197902638539924,0.0014290620270353501
5402,0.011979005965352599,0.0014287630769670443
5403,0.011978985553848395,0.0014284642087228868
5404,0.011978965150882509,0.0014281654222586958
5405,0.011978944756450805,0.0014278667175303655
5406,0.011978924370549168,0.0014275680944938333
5407,0.01197890399317351,0.0014272695531051148
5408,0.01197888362431968,0.0014269710933202027
5409,0.011978863263983583,0.0014266727150951926
5410,0.011978842912161117,0.0014263744183862245
5411,0.011978822568848175,0.001426076203149462
5412,0.011978802234040653,0.001425778069341165
5413,0.011978781907734423,0.0014254800169175839
5414,0.011978761589925434,0.0014251820458350717
5415,0.011978741280609575,0.0014248841560499813
5416,0.011978720979782734,0.0014245863475187042
5417,0.011978700687440842,0.0014242886201977618
5418,0.011978680403579812,0.0014239909740436498
5419,0.011978660128195553,0.0014236934090129257
5420,0.011978639861283986,0.001423395925062234
5421,0.011978619602841039,0.0014230985221482025
5422,0.01197859935286263,0.0014228012002275464
5423,0.011978579111344674,0.001422503959257043
5424,0.011978558878283136,0.0014222067991934548
5425,0.011978538653673909,0.0014219097199936704
5426,0.011978518437512947,0.0014216127216145683
5427,0.011978498229796183,0.001421315804013106
5428,0.01197847803051957,0.0014210189671462741
5429,0.011978457839679029,0.001420722210971104
5430,0.011978437657270524,0.0014204255354446972
5431,0.011978417483289995,0.0014201289405241558
5432,0.011978397317733388,0.0014198324261667074
5433,0.011978377160596671,0.001419535992329573
5434,0.011978357011875787,0.0014192396389699794
5435,0.011978336871566707,0.0014189433660452755
5436,0.01197831673966539,0.0014186471735128786
5437,0.011978296616167781,0.0014183510613301265
5438,0.011978276501069866,0.001418055029454514
5439,0.011978256394367606,0.0014177590778435857
5440,0.011978236296056996,0.0014174632064548314
5441,0.011978216206133967,0.0014171674152458796
5442,0.011978196124594536,0.0014168717041743999
5443,0.011978176051434666,0.0014165760731980448
5444,0.011978155986650339,0.001416280522274579
5445,0.011978135930237527,0.0014159850513617953
5446,0.011978115882192265,0.0014156896604175255
5447,0.011978095842510484,0.0014153943493996203
5448,0.011978075811188219,0.0014150991182660254
5449,0.011978055788221456,0.0014148039669747022
5450,0.011978035773606179,0.0014145088954836838
5451,0.011978015767338398,0.0014142139037510368
5452,0.01197799576941412,0.0014139189917348216
5453,0.011977975779829344,0.001413624159393239
5454,0.01197795579858009,0.0014133294066844514
5455,0.011977935825662353,0.0014130347335667391
5456,0.011977915861072146,0.0014127401399983528
5457,0.011977895904805516,0.0014124456259376555
5458,0.011977875956858433,0.0014121511913430208
5459,0.011977856017226979,0.0014118568361728703
5460,0.011977836085907134,0.0014115625603856796
5461,0.011977816162894915,0.0014112683639399706
5462,0.011977796248186394,0.0014109742467942623
5463,0.01197777634177757,0.0014106802089072206
5464,0.011977756443664493,0.0014103862502374436
5465,0.01197773655384319,0.0014100923707436462
5466,0.011977716672309714,0.001409798570384618
5467,0.01197769679906009,0.0014095048491190691
5468,0.01197767693409037,0.0014092112069058564
5469,0.011977657077396616,0.0014089176437038634
5470,0.011977637228974847,0.0014086241594719914
5471,0.011977617388821141,0.0014083307541692064
5472,0.011977597556931553,0.001408037427754533
5473,0.011977577733302122,0.00140774418018702
5474,0.01197755791792892,0.00140745101142574
5475,0.011977538110808005,0.0014071579214298363
5476,0.011977518311935432,0.0014068649101585365
5477,0.011977498521307296,0.0014065719775710479
5478,0.011977478738919642,0.0014062791236266118
5479,0.011977458964768567,0.0014059863482845795
5480,0.01197743919885012,0.0014056936515042912
5481,0.011977419441160398,0.0014054010332451503
5482,0.011977399691695458,0.0014051084934666204
5483,0.011977379950451407,0.0014048160321282115
5484,0.011977360217424318,0.0014045236491894149
5485,0.011977340492610278,0.0014042313446098382
5486,0.01197732077600539,0.0014039391183490876
5487,0.011977301067605719,0.0014036469703668526
5488,0.011977281367407392,0.00140335490062282
5489,0.011977261675406487,0.0014030629090767595
5490,0.011977241991599111,0.0014027709956884508
5491,0.011977222315981376,0.0014024791604177538
5492,0.011977202648549358,0.0014021874032245304
5493,0.011977182989299204,0.0014018957240687438
5494,0.011977163338226992,0.001401604122910293
5495,0.011977143695328844,0.0014013125997092589
5496,0.011977124060600891,0.0014010211544256683
5497,0.011977104434039229,0.0014007297870196314
5498,0.011977084815639987,0.0014004384974512453
5499,0.011977065205399288,0.001400147285680767
5500,0.011977045603313252,0.0013998561516683614
5501,0.011977026009378004,0.0013995650953743332
5502,0.011977006423589712,0.0013992741167589658
5503,0.011976986845944445,0.0013989832157826208
5504,0.011976967276438388,0.0013986923924057414
5505,0.01197694771506765,0.001398401646588703
5506,0.011976928161828366,0.0013981109782920174
5507,0.011976908616716719,0.0013978203874761904
5508,0.011976889079728817,0.0013975298741017743
5509,0.011976869550860825,0.0013972394381294457
5510,0.011976850030108883,0.001396949079519795
5511,0.011976830517469145,0.0013966587982335175
5512,0.01197681101293777,0.0013963685942313727
5513,0.011976791516510916,0.0013960784674741202
5514,0.011976772028184738,0.0013957884179225794
5515,0.011976752547955376,0.001395498445537613
5516,0.011976733075819038,0.0013952085502801283
5517,0.011976713611771857,0.0013949187321110601
5518,0.011976694155810019,0.0013946289909913866
5519,0.01197667470792969,0.001394339326882153
5520,0.011976655268127065,0.001394049739744403
5521,0.011976635836398282,0.0013937602295392656
5522,0.011976616412739536,0.001393470796227876
5523,0.01197659699714701,0.001393181439771448
5524,0.011976577589616897,0.0013928921601312066
5525,0.011976558190145365,0.0013926029572684218
5526,0.011976538798728616,0.001392313831144412
5527,0.011976519415362846,0.0013920247817205088
5528,0.01197650004004422,0.0013917358089581594
5529,0.011976480672768972,0.001391446912818784
5530,0.011976461313533282,0.0013911580932638454
5531,0.011976441962333325,0.0013908693502548855
5532,0.011976422619165357,0.0013905806837534234
5533,0.01197640328402555,0.0013902920937211233
5534,0.0119763839569101,0.0013900035801195916
5535,0.01197636463781525,0.0013897151429105295
5536,0.011976345326737194,0.0013894267820556423
5537,0.011976326023672138,0.001389138497516707
5538,0.011976306728616326,0.0013888502892555313
5539,0.01197628744156595,0.001388562157233945
5540,0.011976268162517257,0.0013882741014138616
5541,0.011976248891466451,0.0013879861217571962
5542,0.011976229628409775,0.001387698218225903
5543,0.011976210373343432,0.0013874103907820022
5544,0.01197619112626369,0.0013871226393875281
5545,0.011976171887166749,0.0013868349640045938
5546,0.011976152656048877,0.001386547364595295
5547,0.011976133432906285,0.0013862598411218331
5548,0.01197611421773523,0.001385972393546395
5549,0.011976095010531937,0.0013856850218312159
5550,0.011976075811292685,0.0013853977259386206
5551,0.011976056620013687,0.0013851105058308862
5552,0.011976037436691228,0.0013848233614704253
5553,0.011976018261321515,0.0013845362928196264
5554,0.011975999093900846,0.0013842492998409224
5555,0.011975979934425455,0.0013839623824968223
5556,0.011975960782891619,0.0013836755407498143
5557,0.011975941639295577,0.0013833887745625254
5558,0.011975922503633617,0.0013831020838974948
5559,0.011975903375901981,0.0013828154687174044
5560,0.011975884256096967,0.0013825289289849188
5561,0.011975865144214833,0.0013822424646627732
5562,0.011975846040251838,0.0013819560757137093
5563,0.011975826944204257,0.0013816697621005431
5564,0.01197580785606843,0.0013813835237861084
5565,0.011975788775840556,0.0013810973607332787
5566,0.01197576970351696,0.001380811272904984
5567,0.011975750639093922,0.0013805252602641757
5568,0.011975731582567721,0.0013802393227738282
5569,0.011975712533934677,0.0013799534603969876
5570,0.011975693493191032,0.0013796676730967409
5571,0.011975674460333114,0.0013793819608361971
5572,0.011975655435357226,0.0013790963235784616
5573,0.01197563641825964,0.001378810761286781
5574,0.011975617409036679,0.001378525273924355
5575,0.011975598407684638,0.0013782398614544218
5576,0.011975579414199817,0.0013779545238403565
5577,0.011975560428578547,0.0013776692610454327
5578,0.01197554145081713,0.0013773840730330377
5579,0.01197552248091186,0.0013770989597666236
5580,0.011975503518859062,0.0013768139212096406
5581,0.011975484564655069,0.0013765289573255443
5582,0.011975465618296186,0.0013762440680779133
5583,0.011975446679778736,0.0013759592534302923
5584,0.011975427749099047,0.0013756745133462769
5585,0.011975408826253447,0.001375389847789566
5586,0.011975389911238246,0.0013751052567237986
5587,0.011975371004049804,0.0013748207401127145
5588,0.011975352104684445,0.0013745362979200684
5589,0.011975333213138487,0.001374251930109656
5590,0.011975314329408304,0.0013739676366452977
5591,0.01197529545349021,0.00137368341749088
5592,0.011975276585380541,0.0013733992726103444
5593,0.011975257725075654,0.0013731152019675972
5594,0.011975238872571915,0.0013728312055266215
5595,0.011975220027865628,0.001372547283251483
5596,0.011975201190953185,0.0013722634351062135
5597,0.011975182361830924,0.0013719796610548874
5598,0.011975163540495201,0.001371695961061676
5599,0.01197514472694237,0.001371412335090748
5600,0.011975125921168806,0.0013711287831062824
5601,0.011975107123170858,0.001370845305072546
5602,0.011975088332944889,0.0013705619009538544
5603,0.011975069550487289,0.0013702785707144485
5604,0.011975050775794405,0.0013699953143187637
5605,0.011975032008862607,0.001369712131731152
5606,0.011975013249688284,0.0013694290229160355
5607,0.011974994498267793,0.0013691459878379276
5608,0.011974975754597545,0.0013688630264612925
5609,0.011974957018673892,0.0013685801387506768
5610,0.011974938290493228,0.0013682973246706728
5611,0.01197491957005194,0.0013680145841858788
5612,0.011974900857346392,0.0013677319172609637
5613,0.011974882152373,0.0013674493238605952
5614,0.011974863455128154,0.0013671668039495167
5615,0.011974844765608247,0.0013668843574924522
5616,0.011974826083809644,0.0013666019844542471
5617,0.011974807409728798,0.0013663196847996922
5618,0.011974788743362072,0.0013660374584936756
5619,0.011974770084705863,0.0013657553055011127
5620,0.01197475143375661,0.0013654732257868966
5621,0.011974732790510704,0.001365191219316073
5622,0.011974714154964526,0.0013649092860535908
5623,0.01197469552711454,0.0013646274259645488
5624,0.011974676906957114,0.001364345639014004
5625,0.011974658294488693,0.0013640639251670823
5626,0.011974639689705673,0.001363782284388936
5627,0.011974621092604493,0.0013635007166447964
5628,0.01197460250318157,0.0013632192218998355
5629,0.011974583921433312,0.0013629378001193257
5630,0.011974565347356175,0.001362656451268593
5631,0.011974546780946584,0.0013623751753129643
5632,0.01197452822220094,0.001362093972217809
5633,0.011974509671115696,0.0013618128419485296
5634,0.0119744911276873,0.0013615317844705658
5635,0.011974472591912163,0.0013612507997494009
5636,0.011974454063786753,0.0013609698877505346
5637,0.011974435543307503,0.0013606890484395185
5638,0.011974417030470832,0.00136040828178193
5639,0.01197439852527322,0.0013601275877434269
5640,0.01197438002771109,0.0013598469662896174
5641,0.011974361537780927,0.0013595664173861794
5642,0.01197434305547915,0.001359285940998881
5643,0.01197432458080223,0.0013590055370934547
5644,0.011974306113746608,0.001358725205635707
5645,0.01197428765430877,0.001358444946591419
5646,0.011974269202485156,0.001358164759926515
5647,0.011974250758272229,0.0013578846456069045
5648,0.011974232321666464,0.0013576046035984155
5649,0.011974213892664343,0.0013573246338670923
5650,0.01197419547126231,0.0013570447363789344
5651,0.01197417705745684,0.0013567649110999727
5652,0.011974158651244427,0.0013564851579962742
5653,0.011974140252621526,0.0013562054770339424
5654,0.011974121861584629,0.0013559258681791284
5655,0.011974103478130205,0.0013556463313979543
5656,0.011974085102254749,0.0013553668666567036
5657,0.011974066733954748,0.0013550874739215776
5658,0.011974048373226668,0.0013548081531588464
5659,0.011974030020067014,0.0013545289043348431
5660,0.011974011674472292,0.0013542497274159114
5661,0.011973993336438957,0.0013539706223684104
5662,0.011973975005963523,0.001353691589158771
5663,0.011973956683042504,0.0013534126277534456
5664,0.011973938367672386,0.0013531337381188795
5665,0.011973920059849662,0.0013528549202216317
5666,0.011973901759570856,0.0013525761740282376
5667,0.011973883466832463,0.0013522974995052563
5668,0.01197386518163097,0.0013520188966193508
5669,0.011973846903962929,0.001351740365337134
5670,0.011973828633824833,0.001351461905625281
5671,0.011973810371213178,0.0013511835174505548
5672,0.011973792116124517,0.0013509052007796654
5673,0.011973773868555325,0.00135062695557942
5674,0.011973755628502178,0.0013503487818166174
5675,0.01197373739596154,0.0013500706794581617
5676,0.011973719170929983,0.0013497926484708671
5677,0.011973700953404002,0.0013495146888217063
5678,0.011973682743380143,0.0013492368004775776
5679,0.011973664540854941,0.0013489589834055238
5680,0.011973646345824913,0.0013486812375725413
5681,0.011973628158286606,0.001348403562945662
5682,0.01197360997823655,0.0013481259594920094
5683,0.011973591805671297,0.0013478484271786505
5684,0.011973573640587359,0.0013475709659727915
5685,0.011973555482981322,0.001347293575841578
5686,0.011973537332849697,0.0013470162567522476
5687,0.011973519190189047,0.0013467390086720462
5688,0.011973501054995927,0.0013464618315682133
5689,0.011973482927266873,0.0013461847254081472
5690,0.011973464806998452,0.0013459076901591355
5691,0.011973446694187208,0.001345630725788574
5692,0.01197342858882972,0.001345353832263887
5693,0.01197341049092253,0.0013450770095525032
5694,0.011973392400462194,0.0013448002576219099
5695,0.011973374317445296,0.0013445235764396378
5696,0.011973356241868382,0.0013442469659731998
5697,0.011973338173728046,0.0013439704261901844
5698,0.011973320113020828,0.0013436939570581996
5699,0.01197330205974332,0.0013434175585448904
5700,0.011973284013892098,0.0013431412306179318
5701,0.011973265975463727,0.0013428649732450315
5702,0.011973247944454804,0.0013425887863939005
5703,0.011973229920861892,0.0013423126700323523
5704,0.01197321190468157,0.001342036624128148
5705,0.011973193895910433,0.0013417606486491585
5706,0.01197317589454506,0.0013414847435632377
5707,0.011973157900582062,0.0013412089088382444
5708,0.011973139914017989,0.001340933144442179
5709,0.011973121934849477,0.0013406574503429531
5710,0.011973103963073092,0.0013403818265085685
5711,0.011973085998685441,0.0013401062729070932
5712,0.011973068041683122,0.0013398307895065254
5713,0.011973050092062738,0.0013395553762749948
5714,0.011973032149820888,0.0013392800331805987
5715,0.011973014214954173,0.0013390047601915126
5716,0.011972996287459209,0.0013387295572759022
5717,0.011972978367332594,0.0013384544244019888
5718,0.011972960454570948,0.001338179361538021
5719,0.011972942549170891,0.0013379043686522958
5720,0.01197292465112902,0.0013376294457130798
5721,0.011972906760441956,0.0013373545926887518
5722,0.011972888877106331,0.00133707980954768
5723,0.011972871001118747,0.0013368050962582704
5724,0.011972853132475841,0.0013365304527889487
5725,0.011972835271174228,0.0013362558791081929
5726,0.011972817417210551,0.001335981375184494
5727,0.011972799570581413,0.0013357069409863742
5728,0.011972781731283466,0.0013354325764823871
5729,0.011972763899313333,0.001335158281641204
5730,0.01197274607466765,0.0013348840564313207
5731,0.011972728257343069,0.0013346099008214787
5732,0.011972710447336204,0.001334335814780318
5733,0.011972692644643717,0.0013340617982765988
5734,0.01197267484926223,0.001333787851279021
5735,0.011972657061188397,0.0013335139737563964
5736,0.011972639280418884,0.001333240165677528
5737,0.011972621506950313,0.0013329664270112314
5738,0.011972603740779332,0.001332692757726395
5739,0.011972585981902616,0.0013324191577918953
5740,0.011972568230316795,0.0013321456271767162
5741,0.011972550486018555,0.0013318721658497434
5742,0.011972532749004531,0.0013315987737800487
5743,0.011972515019271393,0.0013313254509365784
5744,0.011972497296815786,0.0013310521972884428
5745,0.011972479581634422,0.0013307790128046946
5746,0.011972461873723899,0.00133050589745445
5747,0.011972444173080944,0.0013302328512068797
5748,0.011972426479702201,0.0013299598740310903
5749,0.011972408793584332,0.0013296869658963703
5750,0.01197239111472405,0.0013294141267718876
5751,0.011972373443117983,0.001329141356626941
5752,0.011972355778762836,0.001328868655430819
5753,0.011972338121655284,0.0013285960231528276
5754,0.011972320471792008,0.001328323459762361
5755,0.011972302829169706,0.0013280509652287443
5756,0.01197228519378504,0.0013277785395214388
5757,0.01197226756563471,0.0013275061826098725
5758,0.011972249944715397,0.001327233894463522
5759,0.011972232331023803,0.0013269616750519054
5760,0.011972214724556613,0.0013266895243445312
5761,0.011972197125310556,0.0013264174423109662
5762,0.011972179533282272,0.001326145428920798
5763,0.011972161948468498,0.0013258734841436655
5764,0.011972144370865927,0.0013256016079492186
5765,0.011972126800471269,0.001325329800307134
5766,0.01197210923728121,0.0013250580611871147
5767,0.011972091681292471,0.0013247863905589236
5768,0.011972074132501759,0.0013245147883922943
5769,0.011972056590905797,0.0013242432546570649
5770,0.01197203905650126,0.001323971789323061
5771,0.011972021529284907,0.0013237003923601092
5772,0.011972004009253434,0.0013234290637381104
5773,0.011971986496403549,0.001323157803426984
5774,0.011971968990731996,0.001322886611396696
5775,0.011971951492235471,0.0013226154876171752
5776,0.011971934000910726,0.0013223444320584585
5777,0.01197191651675447,0.0013220734446905817
5778,0.011971899039763438,0.001321802525483569
5779,0.011971881569934355,0.0013215316744075716
5780,0.011971864107263957,0.0013212608914326726
5781,0.011971846651748965,0.001320990176529011
5782,0.011971829203386127,0.0013207195296667995
5783,0.01197181176217218,0.0013204489508161906
5784,0.011971794328103868,0.0013201784399474595
5785,0.011971776901177912,0.0013199079970308716
5786,0.01197175948139108,0.00131963762203669
5787,0.011971742068740111,0.0013193673149352924
5788,0.011971724663221727,0.001319097075696958
5789,0.011971707264832716,0.001318826904292106
5790,0.011971689873569799,0.0013185568006911547
5791,0.011971672489429742,0.0013182867648645156
5792,0.011971655112409298,0.001318016796782654
5793,0.01197163774250521,0.0013177468964160762
5794,0.011971620379714264,0.0013174770637352808
5795,0.0119716030240332,0.001317207298710841
5796,0.011971585675458777,0.001316937601313332
5797,0.011971568333987775,0.0013166679715133297
5798,0.011971550999616927,0.0013163984092814938
5799,0.011971533672343044,0.0013161289145884809
5800,0.011971516352162865,0.0013158594874050035
5801,0.011971499039073172,0.001315590127701742
5802,0.01197148173307075,0.0013153208354494592
5803,0.011971464434152364,0.001315051610618921
5804,0.011971447142314762,0.0013147824531809721
5805,0.011971429857554772,0.0013145133631063891
5806,0.011971412579869143,0.001314244340366066
5807,0.01197139530925467,0.001313975384930862
5808,0.01197137804570813,0.0013137064967717307
5809,0.011971360789226315,0.0013134376758595517
5810,0.011971343539806015,0.001313168922165345
5811,0.011971326297444003,0.0013129002356600937
5812,0.011971309062137078,0.0013126316163148313
5813,0.011971291833882057,0.0013123630641005992
5814,0.011971274612675697,0.001312094578988493
5815,0.01197125739851482,0.0013118261609496038
5816,0.01197124019139623,0.0013115578099550716
5817,0.011971222991316711,0.0013112895259760743
5818,0.011971205798273068,0.0013110213089837612
5819,0.011971188612262115,0.0013107531589494049
5820,0.011971171433280659,0.0013104850758442238
5821,0.011971154261325495,0.001310217059639472
5822,0.011971137096393433,0.0013099491103064857
5823,0.011971119938481305,0.0013096812278165781
5824,0.011971102787585904,0.0013094134121411079
5825,0.011971085643704062,0.001309145663251445
5826,0.011971068506832577,0.0013088779811189929
5827,0.011971051376968274,0.0013086103657152155
5828,0.011971034254107985,0.00130834281701156
5829,0.011971017138248535,0.0013080753349795132
5830,0.011971000029386723,0.0013078079195905986
5831,0.01197098292751941,0.0013075405708163576
5832,0.011970965832643406,0.0013072732886283624
5833,0.011970948744755534,0.0013070060729982115
5834,0.011970931663852625,0.0013067389238975594
5835,0.01197091458993152,0.0013064718412980037
5836,0.011970897522989072,0.001306204825171236
5837,0.011970880463022091,0.001305937875488992
5838,0.011970863410027437,0.0013056709922229612
5839,0.011970846364001921,0.0013054041753449725
5840,0.011970829324942409,0.0013051374248267368
5841,0.011970812292845762,0.0013048707406401066
5842,0.011970795267708782,0.0013046041227569101
5843,0.011970778249528358,0.001304337571149008
5844,0.011970761238301313,0.0013040710857883057
5845,0.011970744234024527,0.0013038046666466968
5846,0.011970727236694814,0.0013035383136961642
5847,0.011970710246309052,0.0013032720269086362
5848,0.011970693262864098,0.0013030058062561602
5849,0.01197067628635681,0.001302739651710725
5850,0.011970659316784045,0.0013024735632443842
5851,0.011970642354142665,0.001302207540829217
5852,0.01197062539842955,0.0013019415844373204
5853,0.011970608449641545,0.001301675694040826
5854,0.011970591507775526,0.001301409869611918
5855,0.011970574572828364,0.0013011441111227373
5856,0.01197055764479692,0.0013008784185455128
5857,0.011970540723678083,0.0013006127918524578
5858,0.011970523809468715,0.001300347231015835
5859,0.011970506902165706,0.0013000817360079707
5860,0.011970490001765907,0.0012998163068011484
5861,0.011970473108266242,0.0012995509433676741
5862,0.011970456221663553,0.0012992856456799544
5863,0.01197043934195475,0.0012990204137103636
5864,0.011970422469136691,0.0012987552474313198
5865,0.01197040560320629,0.0012984901468152455
5866,0.011970388744160418,0.0012982251118346432
5867,0.011970371891995974,0.0012979601424619657
5868,0.011970355046709853,0.0012976952386697424
5869,0.011970338208298945,0.00129743040043052
5870,0.011970321376760143,0.0012971656277168918
5871,0.011970304552090343,0.001296900920501413
5872,0.011970287734286456,0.0012966362787567058
5873,0.011970270923345388,0.0012963717024554475
5874,0.01197025411926401,0.0012961071915702953
5875,0.011970237322039255,0.0012958427460739261
5876,0.011970220531668031,0.0012955783659390685
5877,0.011970203748147236,0.0012953140511384662
5878,0.011970186971473772,0.0012950498016449281
5879,0.011970170201644552,0.0012947856174312243
5880,0.011970153438656511,0.001294521498470176
5881,0.01197013668250654,0.0012942574447346188
5882,0.011970119933191584,0.0012939934561974713
5883,0.011970103190708523,0.0012937295328315575
5884,0.011970086455054306,0.0012934656746098631
5885,0.01197006972622585,0.0012932018815053183
5886,0.011970053004220072,0.0012929381534908893
5887,0.0119700362890339,0.001292674490539583
5888,0.011970019580664269,0.0012924108926244324
5889,0.011970002879108094,0.0012921473597184547
5890,0.011969986184362316,0.0012918838917947491
5891,0.011969969496423866,0.0012916204888263991
5892,0.011969952815289672,0.0012913571507865496
5893,0.011969936140956677,0.0012910938776483256
5894,0.011969919473421822,0.0012908306693849053
5895,0.011969902812682048,0.0012905675259694874
5896,0.011969886158734268,0.001290304447375302
5897,0.011969869511575457,0.0012900414335755975
5898,0.011969852871202545,0.0012897784845436217
5899,0.011969836237612497,0.0012895156002526622
5900,0.011969819610802226,0.0012892527806760987
5901,0.011969802990768701,0.0012889900257872272
5902,0.011969786377508878,0.001288727335559431
5903,0.011969769771019703,0.001288464709966094
5904,0.01196975317129813,0.0012882021489806612
5905,0.011969736578341137,0.0012879396525765222
5906,0.011969719992145649,0.0012876772207271977
5907,0.01196970341270865,0.00128741485340615
5908,0.01196968684002708,0.001287152550586939
5909,0.011969670274097911,0.0012868903122430551
5910,0.011969653714918115,0.0012866281383480502
5911,0.011969637162484658,0.0012863660288755703
5912,0.011969620616794505,0.001286103983799182
5913,0.011969604077844625,0.0012858420030925257
5914,0.011969587545631983,0.0012855800867293094
5915,0.01196957102015357,0.0012853182346831465
5916,0.011969554501406337,0.001285056446927824
5917,0.011969537989387286,0.0012847947234369862
5918,0.011969521484093382,0.0012845330641844614
5919,0.011969504985521613,0.0012842714691440166
5920,0.011969488493668943,0.0012840099382894292
5921,0.011969472008532381,0.0012837484715945593
5922,0.011969455530108884,0.0012834870690332234
5923,0.011969439058395455,0.0012832257305793206
5924,0.011969422593389097,0.0012829644562067609
5925,0.011969406135086777,0.001282703245889445
5926,0.011969389683485486,0.0012824420996013451
5927,0.011969373238582229,0.0012821810173164006
5928,0.011969356800374004,0.0012819199990086246
5929,0.0119693403688578,0.0012816590446520415
5930,0.011969323944030585,0.0012813981542206965
5931,0.011969307525889424,0.0012811373276886229
5932,0.011969291114431287,0.0012808765650299655
5933,0.011969274709653172,0.0012806158662188056
5934,0.01196925831155209,0.0012803552312292377
5935,0.011969241920125044,0.001280094660035496
5936,0.011969225535369037,0.0012798341526117085
5937,0.011969209157281113,0.001279573708932104
5938,0.011969192785858224,0.0012793133289709076
5939,0.011969176421097452,0.00127905301270238
5940,0.011969160062995752,0.0012787927601007807
5941,0.011969143711550171,0.0012785325711404296
5942,0.011969127366757735,0.001278272445795642
5943,0.011969111028615441,0.0012780123840407717
5944,0.011969094697120335,0.001277752385850157
5945,0.011969078372269409,0.0012774924511982015
5946,0.011969062054059721,0.0012772325800593383
5947,0.011969045742488265,0.0012769727724080118
5948,0.011969029437552103,0.0012767130282186254
5949,0.011969013139248245,0.0012764533474657488
5950,0.011968996847573729,0.0012761937301238304
5951,0.011968980562525587,0.0012759341761674069
5952,0.011968964284100835,0.0012756746855710434
5953,0.011968948012296548,0.0012754152583093125
5954,0.011968931747109732,0.0012751558943568028
5955,0.011968915488537455,0.0012748965936881425
5956,0.01196889923657673,0.0012746373562779925
5957,0.011968882991224608,0.0012743781821009986
5958,0.011968866752478147,0.0012741190711318608
5959,0.011968850520334372,0.0012738600233452675
5960,0.011968834294790358,0.001273601038716
5961,0.011968818075843124,0.0012733421172187642
5962,0.01196880186348973,0.0012730832588283892
5963,0.011968785657727255,0.0012728244635196169
5964,0.011968769458552722,0.0012725657312673525
5965,0.011968753265963212,0.0012723070620463757
5966,0.01196873707995576,0.0012720484558315943
5967,0.01196872090052743,0.001271789912597853
5968,0.01196870472767529,0.0012715314323201378
5969,0.011968688561396405,0.001271273014973347
5970,0.011968672401687825,0.0012710146605324345
5971,0.011968656248546629,0.0012707563689723766
5972,0.011968640101969874,0.001270498140268217
5973,0.011968623961954654,0.0012702399743949296
5974,0.011968607828498016,0.001269981871327605
5975,0.011968591701597016,0.0012697238310413067
5976,0.011968575581248772,0.0012694658535111073
5977,0.011968559467450325,0.0012692079387121543
5978,0.011968543360198758,0.001268950086619545
5979,0.011968527259491157,0.0012686922972084704
5980,0.011968511165324614,0.0012684345704540765
5981,0.01196849507769618,0.0012681769063316467
5982,0.011968478996602963,0.001267919304816303
5983,0.011968462922042036,0.0012676617658833667
5984,0.011968446854010491,0.0012674042895080859
5985,0.011968430792505412,0.0012671468756657231
5986,0.011968414737523896,0.0012668895243316412
5987,0.011968398689063027,0.0012666322354811456
5988,0.011968382647119892,0.0012663750090895745
5989,0.011968366611691613,0.00126611784513235
5990,0.01196835058277525,0.0012658607435848596
5991,0.011968334560367921,0.0012656037044225024
5992,0.011968318544466727,0.001265346727620748
5993,0.011968302535068762,0.001265089813155051
5994,0.011968286532171123,0.0012648329610008909
5995,0.011968270535770934,0.001264576171133794
5996,0.011968254545865278,0.0012643194435292759
5997,0.011968238562451279,0.0012640627781628961
5998,0.011968222585526034,0.0012638061750102157
5999,0.011968206615086654,0.0012635496340468442
6000,0.011968190651130278,0.0012632931552483957
6001,0.011968174693653976,0.0012630367385905042
6002,0.011968158742654887,0.0012627803840488236
6003,0.011968142798130126,0.0012625240915990494
6004,0.01196812686007681,0.0012622678612168715
6005,0.011968110928492053,0.001262011692878012
6006,0.011968095003372982,0.001261755586558225
6007,0.011968079084716735,0.0012614995422332443
6008,0.011968063172520391,0.0012612435598789032
6009,0.011968047266781127,0.0012609876394709925
6010,0.011968031367496048,0.0012607317809853402
6011,0.01196801547466229,0.0012604759843977905
6012,0.011967999588276962,0.001260220249684208
6013,0.011967983708337222,0.0012599645768205025
6014,0.011967967834840196,0.0012597089657825737
6015,0.01196795196778302,0.0012594534165463638
6016,0.011967936107162815,0.001259197929087858
6017,0.011967920252976747,0.0012589425033829758
6018,0.011967904405221943,0.001258687139407759
6019,0.011967888563895537,0.0012584318371381825
6020,0.011967872728994664,0.001258176596550323
6021,0.0119678569005165,0.001257921417620242
6022,0.011967841078458177,0.001257666300324005
6023,0.011967825262816837,0.0012574112446377217
6024,0.01196780945358963,0.0012571562505375154
6025,0.011967793650773717,0.0012569013179994958
6026,0.011967777854366243,0.0012566464469998776
6027,0.01196776206436435,0.0012563916375148308
6028,0.011967746280765216,0.0012561368895205362
6029,0.011967730503565985,0.0012558822029932553
6030,0.011967714732763828,0.0012556275779091882
6031,0.01196769896835588,0.001255373014244679
6032,0.011967683210339315,0.0012551185119759332
6033,0.011967667458711305,0.0012548640710792894
6034,0.01196765171346902,0.0012546096915311202
6035,0.011967635974609604,0.0012543553733077022
6036,0.011967620242130236,0.0012541011163854485
6037,0.011967604516028092,0.0012538469207407441
6038,0.011967588796300324,0.0012535927863500116
6039,0.011967573082944114,0.0012533387131896672
6040,0.011967557375956644,0.0012530847012361252
6041,0.011967541675335099,0.0012528307504659174
6042,0.011967525981076619,0.001252576860855532
6043,0.011967510293178408,0.0012523230323814299
6044,0.01196749461163765,0.0012520692650201894
6045,0.011967478936451498,0.0012518155587483441
6046,0.011967463267617164,0.001251561913542471
6047,0.011967447605131833,0.0012513083293791774
6048,0.011967431948992673,0.0012510548062350645
6049,0.011967416299196882,0.0012508013440867595
6050,0.011967400655741641,0.0012505479429109057
6051,0.011967385018624158,0.0012502946026842054
6052,0.011967369387841618,0.0012500413233833309
6053,0.011967353763391189,0.001249788104985023
6054,0.011967338145270099,0.0012495349474659673
6055,0.011967322533475514,0.001249281850802973
6056,0.011967306928004674,0.0012490288149727515
6057,0.011967291328854757,0.0012487758399521674
6058,0.011967275736022949,0.001248522925717984
6059,0.011967260149506465,0.0012482700722470286
6060,0.011967244569302515,0.0012480172795161827
6061,0.01196722899540831,0.0012477645475022978
6062,0.011967213427821028,0.0012475118761822957
6063,0.011967197866537913,0.0012472592655330434
6064,0.011967182311556142,0.0012470067155315083
6065,0.011967166762872955,0.0012467542261546233
6066,0.011967151220485544,0.0012465017973793816
6067,0.011967135684391141,0.00124624942918274
6068,0.011967120154586943,0.0012459971215417413
6069,0.011967104631070183,0.0012457448744334042
6070,0.011967089113838092,0.0012454926878347399
6071,0.011967073602887854,0.0012452405617229064
6072,0.011967058098216705,0.0012449884960748698
6073,0.0119670425998219,0.0012447364908678609
6074,0.01196702710770061,0.0012444845460789316
6075,0.01196701162185011,0.0012442326616852364
6076,0.011966996142267584,0.0012439808376639755
6077,0.011966980668950302,0.0012437290739922904
6078,0.011966965201895477,0.0012434773706474131
6079,0.011966949741100347,0.0012432257276065587
6080,0.011966934286562127,0.0012429741448469643
6081,0.011966918838278077,0.0012427226223459137
6082,0.011966903396245425,0.0012424711600806694
6083,0.011966887960461404,0.0012422197580285175
6084,0.011966872530923253,0.0012419684161668406
6085,0.011966857107628218,0.0012417171344729088
6086,0.011966841690573538,0.0012414659129241108
6087,0.011966826279756463,0.0012412147514978273
6088,0.011966810875174231,0.0012409636501714595
6089,0.011966795476824105,0.001240712608922376
6090,0.011966780084703317,0.00124046162772807
6091,0.011966764698809139,0.0012402107065659783
6092,0.011966749319138787,0.0012399598454135546
6093,0.011966733945689539,0.0012397090442483
6094,0.011966718578458635,0.001239458303047726
6095,0.011966703217443342,0.0012392076217893895
6096,0.011966687862640903,0.0012389570004507943
6097,0.01196667251404861,0.0012387064390095414
6098,0.011966657171663703,0.0012384559374431824
6099,0.011966641835483426,0.0012382054957293413
6100,0.011966626505505066,0.0012379551138456588
6101,0.011966611181725876,0.0012377047917697416
6102,0.01196659586414313,0.0012374545294792992
6103,0.011966580552754083,0.0012372043269519586
6104,0.011966565247556023,0.0012369541841654363
6105,0.011966549948546215,0.0012367041010974556
6106,0.011966534655721906,0.0012364540777257578
6107,0.011966519369080404,0.0012362041140281043
6108,0.01196650408861897,0.0012359542099822183
6109,0.011966488814334873,0.0012357043655659512
6110,0.011966473546225395,0.0012354545807570893
6111,0.011966458284287818,0.0012352048555334613
6112,0.011966443028519425,0.001234955189872913
6113,0.011966427778917486,0.001234705583753277
6114,0.0119664125354793,0.0012344560371525186
6115,0.011966397298202137,0.0012342065500484637
6116,0.011966382067083298,0.0012339571224190599
6117,0.011966366842120062,0.0012337077542422465
6118,0.011966351623309713,0.001233458445496008
6119,0.011966336410649564,0.0012332091961582638
6120,0.011966321204136873,0.0012329600062070416
6121,0.011966306003768962,0.001232710875620348
6122,0.0119662908095431,0.0012324618043762232
6123,0.011966275621456622,0.0012322127924527017
6124,0.011966260439506778,0.001231963839827872
6125,0.011966245263690908,0.001231714946479797
6126,0.011966230094006295,0.0012314661123865693
6127,0.011966214930450235,0.0012312173375263295
6128,0.011966199773020046,0.0012309686218772208
6129,0.01196618462171302,0.001230719965417407
6130,0.011966169476526466,0.0012304713681250475
6131,0.011966154337457695,0.0012302228299783157
6132,0.011966139204504025,0.0012299743509554526
6133,0.011966124077662744,0.0012297259310347004
6134,0.011966108956931185,0.0012294775701942743
6135,0.01196609384230665,0.0012292292684124514
6136,0.011966078733786469,0.0012289810256675233
6137,0.01196606363136793,0.0012287328419377714
6138,0.011966048535048358,0.0012284847172015596
6139,0.011966033444825105,0.0012282366514371598
6140,0.011966018360695448,0.001227988644622969
6141,0.011966003282656738,0.0012277406967373728
6142,0.011965988210706284,0.0012274928077587015
6143,0.011965973144841418,0.0012272449776654123
6144,0.01196595808505945,0.0012269972064359277
6145,0.011965943031357734,0.0012267494940486907
6146,0.011965927983733573,0.0012265018404821243
6147,0.011965912942184322,0.001226254245714762
6148,0.011965897906707294,0.0012260067097250899
6149,0.011965882877299827,0.0012257592324915812
6150,0.011965867853959266,0.0012255118139927927
6151,0.011965852836682918,0.0012252644542072803
6152,0.011965837825468157,0.0012250171531135868
6153,0.011965822820312291,0.0012247699106903319
6154,0.011965807821212676,0.001224522726916109
6155,0.011965792828166661,0.0012242756017695256
6156,0.011965777841171567,0.0012240285352292039
6157,0.011965762860224754,0.001223781527273804
6158,0.01196574788532357,0.0012235345778820403
6159,0.011965732916465348,0.0012232876870325346
6160,0.011965717953647436,0.0012230408547040607
6161,0.011965702996867205,0.0012227940808752747
6162,0.011965688046121982,0.0012225473655249819
6163,0.011965673101409138,0.0012223007086318927
6164,0.011965658162726024,0.0012220541101747911
6165,0.011965643230069973,0.00122180757013249
6166,0.011965628303438364,0.0012215610884837745
6167,0.011965613382828548,0.001221314665207496
6168,0.011965598468237904,0.001221068300282471
6169,0.011965583559663748,0.001220821993687599
6170,0.011965568657103498,0.0012205757454016952
6171,0.011965553760554474,0.0012203295554037044
6172,0.011965538870014057,0.0012200834236725522
6173,0.011965523985479613,0.001219837350187143
6174,0.011965509106948505,0.0012195913349264116
6175,0.01196549423441812,0.001219345377869333
6176,0.011965479367885803,0.0012190994789948884
6177,0.011965464507348948,0.0012188536382820802
6178,0.011965449652804896,0.0012186078557099318
6179,0.01196543480425106,0.001218362131257425
6180,0.011965419961684804,0.0012181164649036744
6181,0.011965405125103494,0.0012178708566277156
6182,0.011965390294504507,0.0012176253064086215
6183,0.011965375469885246,0.0012173798142255008
6184,0.011965360651243075,0.001217134380057472
6185,0.011965345838575362,0.0012168890038836637
6186,0.011965331031879535,0.0012166436856832447
6187,0.011965316231152935,0.0012163984254353226
6188,0.011965301436392965,0.0012161532231191466
6189,0.011965286647597027,0.0012159080787138598
6190,0.011965271864762492,0.0012156629921987443
6191,0.011965257087886766,0.0012154179635529597
6192,0.011965242316967216,0.0012151729927558361
6193,0.011965227552001273,0.001214928079786561
6194,0.011965212792986301,0.0012146832246244502
6195,0.011965198039919711,0.0012144384272488066
6196,0.011965183292798904,0.0012141936876389496
6197,0.011965168551621252,0.0012139490057741867
6198,0.011965153816384173,0.001213704381633919
6199,0.0119651390870851,0.0012134598151974402
6200,0.011965124363721389,0.0012132153064441866
6201,0.011965109646290453,0.0012129708553535374
6202,0.011965094934789727,0.0012127264619049016
6203,0.011965080229216581,0.0012124821260777086
6204,0.011965065529568454,0.0012122378478514266
6205,0.011965050835842735,0.0012119936272054989
6206,0.011965036148036835,0.0012117494641194352
6207,0.011965021466148197,0.0012115053585726914
6208,0.011965006790174197,0.0012112613105447927
6209,0.011964992120112275,0.0012110173200152814
6210,0.011964977455959825,0.0012107733869636966
6211,0.011964962797714286,0.0012105295113695753
6212,0.011964948145373053,0.0012102856932125524
6213,0.01196493349893358,0.0012100419324721702
6214,0.011964918858393259,0.0012097982291280527
6215,0.011964904223749531,0.00120955458315983
6216,0.011964889594999816,0.0012093109945471438
6217,0.01196487497214154,0.0012090674632696534
6218,0.011964860355172132,0.0012088239893070125
6219,0.011964845744089,0.0012085805726389555
6220,0.01196483113888961,0.0012083372132451562
6221,0.011964816539571375,0.001208093911105343
6222,0.01196480194613172,0.0012078506661992747
6223,0.011964787358568084,0.0012076074785066628
6224,0.011964772776877906,0.0012073643480073018
6225,0.011964758201058622,0.0012071212746809705
6226,0.011964743631107668,0.0012068782585074992
6227,0.011964729067022478,0.0012066352994666873
6228,0.011964714508800498,0.0012063923975383559
6229,0.011964699956439177,0.0012061495527023601
6230,0.011964685409935942,0.00120590676493858
6231,0.011964670869288253,0.001205664034226887
6232,0.011964656334493538,0.0012054213605471819
6233,0.011964641805549268,0.001205178743879382
6234,0.011964627282452872,0.0012049361842033958
6235,0.011964612765201795,0.0012046936814991947
6236,0.011964598253793524,0.0012044512357467087
6237,0.011964583748225469,0.0012042088469259612
6238,0.011964569248495097,0.0012039665150168986
6239,0.011964554754599883,0.0012037242399995497
6240,0.01196454026653725,0.0012034820218539035
6241,0.011964525784304677,0.0012032398605600508
6242,0.011964511307899618,0.0012029977560980376
6243,0.01196449683731953,0.0012027557084478926
6244,0.011964482372561877,0.001202513717589726
6245,0.011964467913624117,0.001202271783503643
6246,0.011964453460503732,0.0012020299061697656
6247,0.011964439013198163,0.0012017880855682147
6248,0.011964424571704898,0.0012015463216791403
6249,0.011964410136021399,0.0012013046144826818
6250,0.011964395706145124,0.0012010629639590705
6251,0.011964381282073552,0.0012008213700884411
6252,0.011964366863804145,0.001200579832851031
6253,0.01196435245133439,0.001200338352227079
6254,0.011964338044661744,0.0012000969281967951
6255,0.011964323643783725,0.0011998555607404652
6256,0.011964309248697754,0.0011996142498383303
6257,0.01196429485940134,0.0011993729954706681
6258,0.01196428047589197,0.0011991317976178272
6259,0.011964266098167106,0.0011988906562601116
6260,0.011964251726224227,0.0011986495713777736
6261,0.011964237360060836,0.0011984085429512746
6262,0.011964222999674387,0.0011981675709609265
6263,0.011964208645062419,0.0011979266553870753
6264,0.011964194296222374,0.0011976857962101577
6265,0.01196417995315174,0.001197444993410583
6266,0.011964165615848043,0.0011972042469687316
6267,0.01196415128430874,0.001196963556865062
6268,0.011964136958531333,0.0011967229230800363
6269,0.011964122638513326,0.0011964823455941139
6270,0.011964108324252199,0.0011962418243877738
6271,0.011964094015745465,0.0011960013594415424
6272,0.011964079712990596,0.0011957609507358743
6273,0.01196406541598512,0.001195520598251346
6274,0.011964051124726519,0.0011952803019684916
6275,0.011964036839212298,0.0011950400618678633
6276,0.011964022559439954,0.0011947998779300202
6277,0.011964008285407017,0.0011945597501355557
6278,0.011963994017110959,0.0011943196784650974
6279,0.011963979754549305,0.0011940796628992197
6280,0.011963965497719546,0.0011938397034186026
6281,0.011963951246619224,0.0011935998000038453
6282,0.01196393700124581,0.0011933599526356444
6283,0.011963922761596853,0.0011931201612946413
6284,0.01196390852766983,0.0011928804259615801
6285,0.011963894299462286,0.0011926407466171013
6286,0.011963880076971712,0.0011924011232419855
6287,0.011963865860195644,0.0011921615558169111
6288,0.011963851649131581,0.0011919220443226718
6289,0.011963837443777051,0.0011916825887400477
6290,0.011963823244129583,0.0011914431890497504
6291,0.011963809050186692,0.001191203845232621
6292,0.011963794861945896,0.0011909645572694798
6293,0.011963780679404738,0.0011907253251410939
6294,0.011963766502560714,0.001190486148828359
6295,0.011963752331411372,0.0011902470283120877
6296,0.011963738165954219,0.001190007963573172
6297,0.011963724006186812,0.0011897689545924846
6298,0.011963709852106668,0.0011895300013509051
6299,0.01196369570371133,0.0011892911038293905
6300,0.011963681560998288,0.0011890522620088158
6301,0.011963667423965133,0.0011888134758701483
6302,0.011963653292609374,0.0011885747453942933
6303,0.01196363916692855,0.001188336070562289
6304,0.011963625046920185,0.0011880974513551004
6305,0.011963610932581845,0.0011878588877536843
6306,0.011963596823911057,0.0011876203797390745
6307,0.01196358272090535,0.0011873819272922974
6308,0.011963568623562295,0.0011871435303944218
6309,0.01196355453187942,0.0011869051890264378
6310,0.01196354044585426,0.0011866669031694779
6311,0.011963526365484383,0.001186428672804582
6312,0.011963512290767333,0.0011861904979128598
6313,0.01196349822170063,0.0011859523784754403
6314,0.011963484158281882,0.001185714314473399
6315,0.011963470100508578,0.001185476305887936
6316,0.011963456048378318,0.0011852383527001815
6317,0.011963442001888622,0.0011850004548912825
6318,0.011963427961037072,0.0011847626124424481
6319,0.011963413925821214,0.0011845248253348492
6320,0.011963399896238607,0.0011842870935497285
6321,0.011963385872286802,0.0011840494170682737
6322,0.011963371853963374,0.0011838117958717454
6323,0.011963357841265867,0.001183574229941398
6324,0.01196334383419186,0.0011833367192584906
6325,0.011963329832738895,0.0011830992638043169
6326,0.011963315836904572,0.001182861863560132
6327,0.011963301846686435,0.0011826245185072755
6328,0.01196328786208205,0.0011823872286270748
6329,0.011963273883088996,0.0011821499939008555
6330,0.011963259909704834,0.0011819128143099654
6331,0.011963245941927143,0.0011816756898357656
6332,0.011963231979753488,0.001181438620459651
6333,0.011963218023181451,0.001181201606162995
6334,0.01196320407220859,0.0011809646469272163
6335,0.011963190126832517,0.001180727742733717
6336,0.011963176187050771,0.0011804908935639572
6337,0.011963162252860952,0.0011802540993993695
6338,0.011963148324260637,0.0011800173602213961
6339,0.011963134401247405,0.001179780676011529
6340,0.011963120483818824,0.0011795440467512784
6341,0.011963106571972503,0.0011793074724221009
6342,0.011963092665706013,0.0011790709530055264
6343,0.011963078765016944,0.0011788344884831336
6344,0.011963064869902885,0.0011785980788363956
6345,0.01196305098036142,0.0011783617240469033
6346,0.011963037096390133,0.0011781254240962214
6347,0.011963023217986635,0.0011778891789659383
6348,0.0119630093451485,0.0011776529886376465
6349,0.011962995477873316,0.0011774168530929675
6350,0.011962981616158698,0.0011771807723135006
6351,0.011962967760002228,0.0011769447462809206
6352,0.011962953909401504,0.0011767087749768447
6353,0.011962940064354133,0.001176472858382972
6354,0.011962926224857702,0.0011762369964809444
6355,0.011962912390909826,0.001176001189252486
6356,0.01196289856250808,0.0011757654366792922
6357,0.011962884739650095,0.001175529738743052
6358,0.011962870922333476,0.001175294095425557
6359,0.011962857110555803,0.0011750585067084997
6360,0.011962843304314715,0.0011748229725736766
6361,0.011962829503607783,0.0011745874930028453
6362,0.011962815708432658,0.0011743520679777988
6363,0.011962801918786906,0.0011741166974803062
6364,0.011962788134668162,0.0011738813814922207
6365,0.011962774356074036,0.0011736461199953474
6366,0.011962760583002148,0.0011734109129715408
6367,0.011962746815450105,0.0011731757604026309
6368,0.011962733053415518,0.0011729406622704905
6369,0.011962719296896027,0.0011727056185570261
6370,0.011962705545889218,0.0011724706292440949
6371,0.011962691800392748,0.0011722356943136302
6372,0.011962678060404207,0.001172000813747527
6373,0.011962664325921232,0.001171765987527737
6374,0.011962650596941429,0.0011715312156361918
6375,0.011962636873462431,0.0011712964980548663
6376,0.011962623155481881,0.0011710618347657118
6377,0.011962609442997395,0.0011708272257507182
6378,0.011962595736006594,0.001170592670991896
6379,0.011962582034507122,0.0011703581704712233
6380,0.011962568338496586,0.0011701237241707704
6381,0.011962554647972641,0.0011698893320725434
6382,0.011962540962932897,0.0011696549941586146
6383,0.011962527283375003,0.0011694207104110234
6384,0.011962513609296616,0.001169186480811854
6385,0.011962499940695334,0.0011689523053431893
6386,0.011962486277568796,0.0011687181839871578
6387,0.011962472619914665,0.0011684841167258337
6388,0.011962458967730577,0.0011682501035413795
6389,0.01196244532101415,0.0011680161444159306
6390,0.011962431679763047,0.0011677822393316207
6391,0.011962418043974899,0.0011675483882706437
6392,0.011962404413647381,0.0011673145912151383
6393,0.011962390788778098,0.0011670808481473484
6394,0.011962377169364722,0.0011668471590494437
6395,0.01196236355540487,0.0011666135239036467
6396,0.01196234994689624,0.0011663799426922003
6397,0.01196233634383646,0.0011661464153973307
6398,0.01196232274622317,0.0011659129420013316
6399,0.011962309154054022,0.0011656795224864232
6400,0.011962295567326699,0.0011654461568348972
6401,0.011962281986038825,0.0011652128450290603
6402,0.011962268410188067,0.0011649795870512423
6403,0.01196225483977208,0.0011647463828837474
6404,0.011962241274788548,0.0011645132325088722
6405,0.011962227715235084,0.0011642801359090117
6406,0.011962214161109378,0.0011640470930664717
6407,0.011962200612409098,0.0011638141039636743
6408,0.011962187069131883,0.001163581168582997
6409,0.011962173531275426,0.0011633482869068126
6410,0.011962159998837362,0.0011631154589175066
6411,0.011962146471815389,0.0011628826845975558
6412,0.011962132950207153,0.0011626499639293595
6413,0.011962119434010324,0.0011624172968953902
6414,0.01196210592322257,0.0011621846834780729
6415,0.011962092417841595,0.0011619521236598933
6416,0.011962078917865037,0.00116171961742334
6417,0.011962065423290567,0.001161487164750907
6418,0.011962051934115888,0.0011612547656250942
6419,0.01196203845033866,0.0011610224200284136
6420,0.011962024971956543,0.0011607901279434413
6421,0.011962011498967248,0.0011605578893526816
6422,0.01196199803136843,0.0011603257042387012
6423,0.011961984569157785,0.0011600935725840913
6424,0.011961971112332978,0.0011598614943713892
6425,0.01196195766089171,0.0011596294695832491
6426,0.011961944214831665,0.001159397498202216
6427,0.011961930774150503,0.0011591655802109663
6428,0.011961917338845952,0.001158933715592101
6429,0.011961903908915661,0.0011587019043282775
6430,0.011961890484357335,0.001158470146402123
6431,0.011961877065168646,0.0011582384417963387
6432,0.011961863651347314,0.0011580067904936
6433,0.011961850242891021,0.0011577751924766032
6434,0.01196183683979745,0.001157543647728014
6435,0.011961823442064295,0.001157312156230603
6436,0.011961810049689273,0.001157080717967098
6437,0.011961796662670065,0.0011568493329201833
6438,0.011961783281004359,0.0011566180010726661
6439,0.011961769904689874,0.0011563867224073372
6440,0.011961756533724303,0.0011561554969068905
6441,0.011961743168105322,0.0011559243245541835
6442,0.011961729807830687,0.0011556932053319753
6443,0.01196171645289805,0.0011554621392231154
6444,0.01196170310330515,0.0011552311262104363
6445,0.011961689759049661,0.0011550001662767467
6446,0.011961676420129325,0.0011547692594049016
6447,0.011961663086541818,0.0011545384055777637
6448,0.011961649758284867,0.0011543076047782295
6449,0.011961636435356174,0.0011540768569891573
6450,0.01196162311775348,0.0011538461621934675
6451,0.011961609805474456,0.001153615520374081
6452,0.01196159649851682,0.001153384931513884
6453,0.01196158319687832,0.0011531543955958228
6454,0.011961569900556638,0.001152923912602849
6455,0.011961556609549511,0.0011526934825179605
6456,0.011961543323854639,0.0011524631053240236
6457,0.011961530043469754,0.0011522327810041364
6458,0.011961516768392596,0.0011520025095412257
6459,0.01196150349862083,0.0011517722909183108
6460,0.011961490234152236,0.0011515421251184147
6461,0.011961476974984507,0.0011513120121245703
6462,0.01196146372111539,0.0011510819519197908
6463,0.011961450472542585,0.001150851944487175
6464,0.011961437229263834,0.0011506219898097575
6465,0.011961423991276858,0.0011503920878706009
6466,0.011961410758579403,0.0011501622386528305
6467,0.011961397531169173,0.0011499324421395342
6468,0.01196138430904392,0.0011497026983138116
6469,0.011961371092201358,0.0011494730071587838
6470,0.011961357880639234,0.0011492433686576054
6471,0.011961344674355301,0.001149013782793411
6472,0.011961331473347252,0.0011487842495493472
6473,0.011961318277612865,0.0011485547689086056
6474,0.011961305087149859,0.0011483253408543666
6475,0.011961291901955976,0.0011480959653697854
6476,0.011961278722028963,0.00114786664243812
6477,0.01196126554736654,0.0011476373720425617
6478,0.011961252377966457,0.0011474081541663183
6479,0.011961239213826474,0.0011471789887926695
6480,0.011961226054944336,0.0011469498759048241
6481,0.01196121290131776,0.0011467208154861
6482,0.01196119975294453,0.001146491807519701
6483,0.011961186609822375,0.0011462628519889548
6484,0.011961173471949032,0.0011460339488771729
6485,0.011961160339322275,0.0011458050981676244
6486,0.011961147211939844,0.001145576299843655
6487,0.011961134089799505,0.0011453475538885836
6488,0.011961120972898993,0.001145118860285767
6489,0.01196110786123606,0.0011448902190185292
6490,0.011961094754808485,0.00114466163007026
6491,0.011961081653614002,0.0011444330934243438
6492,0.011961068557650386,0.0011442046090641297
6493,0.011961055466915397,0.001143976176973069
6494,0.011961042381406764,0.0011437477971345496
6495,0.01196102930112229,0.0011435194695319638
6496,0.011961016226059717,0.0011432911941487939
6497,0.011961003156216806,0.0011430629709684556
6498,0.011960990091591323,0.001142834799974394
6499,0.01196097703218104,0.0011426066811501233
6500,0.011960963977983729,0.0011423786144790524
6501,0.011960950928997145,0.0011421505999447536
6502,0.011960937885219068,0.0011419226375306622
6503,0.011960924846647245,0.0011416947272203132
6504,0.011960911813279483,0.001141466868997231
6505,0.011960898785113529,0.0011412390628449494
6506,0.01196088576214716,0.00114101130874701
6507,0.011960872744378157,0.0011407836066869587
6508,0.01196085973180429,0.0011405559566483943
6509,0.01196084672442335,0.001140328358614875
6510,0.011960833722233078,0.0011401008125699879
6511,0.011960820725231311,0.0011398733184973201
6512,0.011960807733415752,0.001139645876380562
6513,0.011960794746784255,0.0011394184862032308
6514,0.011960781765334555,0.001139191147949015
6515,0.011960768789064468,0.001138963861601556
6516,0.011960755817971756,0.0011387366271445063
6517,0.011960742852054208,0.0011385094445615365
6518,0.011960729891309625,0.0011382823138363259
6519,0.01196071693573577,0.0011380552349525446
6520,0.011960703985330449,0.001137828207893929
6521,0.011960691040091445,0.001137601232644162
6522,0.011960678100016551,0.0011373743091869775
6523,0.011960665165103551,0.0011371474375060841
6524,0.011960652235350254,0.001136920617585284
6525,0.011960639310754454,0.0011366938494082681
6526,0.011960626391313919,0.0011364671329588487
6527,0.011960613477026465,0.0011362404682207746
6528,0.01196060056788989,0.0011360138551778417
6529,0.011960587663901994,0.001135787293813865
6530,0.011960574765060576,0.001135560784112619
6531,0.011960561871363429,0.0011353343260579363
6532,0.01196054898280835,0.001135107919633667
6533,0.011960536099393147,0.0011348815648236422
6534,0.011960523221115633,0.0011346552616116948
6535,0.01196051034797361,0.0011344290099817398
6536,0.011960497479964865,0.0011342028099175932
6537,0.011960484617087229,0.0011339766614031582
6538,0.011960471759338495,0.0011337505644223552
6539,0.011960458906716475,0.0011335245189590703
6540,0.011960446059218978,0.0011332985249972072
6541,0.011960433216843822,0.0011330725825207145
6542,0.011960420379588818,0.0011328466915135314
6543,0.011960407547451766,0.0011326208519595925
6544,0.0119603947204305,0.001132395063842846
6545,0.011960381898522814,0.0011321693271473243
6546,0.011960369081726539,0.0011319436418569173
6547,0.011960356270039494,0.0011317180079556978
6548,0.011960343463459483,0.0011314924254276165
6549,0.011960330661984335,0.0011312668942567025
6550,0.011960317865611874,0.001131041414426994
6551,0.011960305074339919,0.0011308159859224928
6552,0.011960292288166299,0.001130590608727284
6553,0.011960279507088813,0.0011303652828253943
6554,0.011960266731105307,0.0011301400082008976
6555,0.011960253960213609,0.0011299147848378623
6556,0.011960241194411535,0.0011296896127203655
6557,0.011960228433696903,0.001129464491832548
6558,0.01196021567806757,0.0011292394221584575
6559,0.01196020292752136,0.0011290144036822704
6560,0.011960190182056091,0.0011287894363880878
6561,0.011960177441669589,0.0011285645202600367
6562,0.011960164706359699,0.001128339655282267
6563,0.011960151976124276,0.0011281148414389601
6564,0.011960139250961118,0.0011278900787142863
6565,0.011960126530868085,0.0011276653670923853
6566,0.011960113815843006,0.0011274407065574954
6567,0.011960101105883712,0.0011272160970938134
6568,0.01196008840098806,0.0011269915386855124
6569,0.011960075701153858,0.0011267670313168496
6570,0.011960063006379005,0.001126542574972034
6571,0.011960050316661277,0.001126318169635359
6572,0.01196003763199858,0.0011260938152910132
6573,0.0119600249523887,0.0011258695119232814
6574,0.011960012277829541,0.0011256452595164456
6575,0.011959999608318889,0.0011254210580547905
6576,0.011959986943854651,0.0011251969075226063
6577,0.011959974284434636,0.001124972807904176
6578,0.011959961630056694,0.0011247487591838376
6579,0.011959948980718695,0.0011245247613459353
6580,0.011959936336418482,0.0011243008143747674
6581,0.01195992369715391,0.001124076918254684
6582,0.011959911062922837,0.0011238530729700416
6583,0.01195989843372311,0.0011236292785052227
6584,0.011959885809552586,0.001123405534844595
6585,0.01195987319040913,0.0011231818419725444
6586,0.011959860576290582,0.0011229581998734172
6587,0.01195984796719483,0.001122734608531734
6588,0.01195983536311971,0.0011225110679317877
6589,0.0119598227640631,0.001122287578058075
6590,0.011959810170022844,0.0011220641388950201
6591,0.011959797580996818,0.0011218407504270504
6592,0.011959784996982862,0.001121617412638645
6593,0.011959772417978888,0.0011213941255142543
6594,0.011959759843982726,0.0011211708890383643
6595,0.011959747274992267,0.001120947703195466
6596,0.011959734711005353,0.001120724567970028
6597,0.011959722152019871,0.001120501483346577
6598,0.011959709598033691,0.0011202784493096426
6599,0.01195969704904468,0.0011200554658437306
6600,0.011959684505050713,0.0011198325329333755
6601,0.01195967196604965,0.0011196096505631432
6602,0.011959659432039376,0.001119386818717554
6603,0.011959646903017792,0.0011191640373812155
6604,0.01195963437898274,0.0011189413065386866
6605,0.011959621859932094,0.0011187186261745466
6606,0.011959609345863773,0.0011184959962733864
6607,0.011959596836775608,0.001118273416819836
6608,0.01195958433266551,0.0011180508877984858
6609,0.011959571833531343,0.0011178284091939827
6610,0.01195955933937102,0.0011176059809909244
6611,0.01195954685018239,0.0011173836031739953
6612,0.01195953436596336,0.0011171612757278364
6613,0.01195952188671181,0.0011169389986370986
6614,0.01195950941242562,0.001116716771886487
6615,0.01195949694310268,0.0011164945954606602
6616,0.01195948447874089,0.0011162724693443173
6617,0.011959472019338113,0.0011160503935221783
6618,0.01195945956489228,0.0011158283679789148
6619,0.011959447115401256,0.001115606392699291
6620,0.011959434670862941,0.0011153844676680296
6621,0.011959422231275219,0.001115162592869858
6622,0.011959409796635994,0.001114940768289543
6623,0.011959397366943146,0.001114718993911858
6624,0.01195938494219461,0.001114497269721538
6625,0.011959372522388254,0.001114275595703401
6626,0.011959360107521973,0.00111405397184221
6627,0.011959347697593698,0.0011138323981227886
6628,0.011959335292601292,0.0011136108745299334
6629,0.011959322892542677,0.0011133894010484575
6630,0.011959310497415745,0.0011131679776631947
6631,0.011959298107218417,0.0011129466043590017
6632,0.011959285721948593,0.0011127252811207122
6633,0.011959273341604171,0.0011125040079331767
6634,0.011959260966183057,0.0011122827847812944
6635,0.011959248595683177,0.0011120616116498852
6636,0.011959236230102407,0.0011118404885238904
6637,0.01195922386943868,0.0011116194153881773
6638,0.011959211513689918,0.0011113983922276785
6639,0.01195919916285402,0.001111177419027272
6640,0.011959186816928891,0.0011109564957719007
6641,0.01195917447591244,0.0011107356224464983
6642,0.011959162139802597,0.0011105147990360343
6643,0.011959149808597276,0.0011102940255254352
6644,0.0119591374822944,0.0011100733018996431
6645,0.011959125160891867,0.0011098526281436633
6646,0.011959112844387621,0.0011096320042424377
6647,0.01195910053277956,0.0011094114301810245
6648,0.011959088226065607,0.001109190905944367
6649,0.011959075924243702,0.001108970431517501
6650,0.011959063627311752,0.0011087500068854273
6651,0.011959051335267689,0.001108529632033202
6652,0.011959039048109426,0.0011083093069458017
6653,0.011959026765834905,0.001108089031608361
6654,0.011959014488442042,0.0011078688060058707
6655,0.011959002215928763,0.0011076486301234076
6656,0.011958989948292998,0.0011074285039460847
6657,0.0119589776855327,0.0011072084274589378
6658,0.011958965427645766,0.001106988400647081
6659,0.011958953174630143,0.001106768423495641
6660,0.011958940926483762,0.0011065484959896796
6661,0.011958928683204556,0.0011063286181143591
6662,0.011958916444790456,0.0011061087898547736
6663,0.011958904211239428,0.0011058890111960934
6664,0.011958891982549355,0.0011056692821234731
6665,0.011958879758718217,0.0011054496026220518
6666,0.011958867539743935,0.0011052299726769963
6667,0.011958855325624447,0.0011050103922734887
6668,0.011958843116357703,0.0011047908613967144
6669,0.011958830911941649,0.001104571380031865
6670,0.01195881871237421,0.0011043519481641502
6671,0.011958806517653344,0.0011041325657788037
6672,0.011958794327776977,0.001103913232861
6673,0.011958782142743091,0.0011036939493960021
6674,0.011958769962549591,0.0011034747153690443
6675,0.01195875778719444,0.0011032555307653655
6676,0.011958745616675592,0.0011030363955702692
6677,0.011958733450991013,0.001102817309768948
6678,0.011958721290138613,0.001102598273346768
6679,0.011958709134116376,0.0011023792862889404
6680,0.011958696982922236,0.0011021603485807845
6681,0.011958684836554146,0.0011019414602076096
6682,0.011958672695010086,0.0011017226211547458
6683,0.011958660558287973,0.0011015038314074789
6684,0.011958648426385799,0.0011012850909511822
6685,0.0119586362993015,0.0011010663997711436
6686,0.011958624177033035,0.001100847757852752
6687,0.011958612059578365,0.001100629165181356
6688,0.011958599946935456,0.0011004106217423273
6689,0.01195858783910227,0.0011001921275210283
6690,0.011958575736076768,0.0010999736825028513
6691,0.011958563637856905,0.0010997552866731824
6692,0.011958551544440652,0.0010995369400174403
6693,0.01195853945582595,0.0010993186425210454
6694,0.011958527372010813,0.001099100394169384
6695,0.011958515292993167,0.0010988821949479157
6696,0.011958503218770985,0.0010986640448420455
6697,0.011958491149342264,0.0010984459438372729
6698,0.011958479084704945,0.0010982278919190061
6699,0.011958467024857021,0.0010980098890727113
6700,0.01195845496979644,0.0010977919352839038
6701,0.011958442919521176,0.0010975740305380478
6702,0.01195843087402924,0.0010973561748206014
6703,0.011958418833318548,0.001097138368117117
6704,0.011958406797387116,0.001096920610413056
6705,0.011958394766232916,0.0010967029016939822
6706,0.011958382739853928,0.0010964852419453853
6707,0.011958370718248106,0.0010962676311528168
6708,0.011958358701413454,0.0010960500693018226
6709,0.011958346689347938,0.0010958325563779428
6710,0.011958334682049558,0.0010956150923667472
6711,0.011958322679516286,0.0010953976772538165
6712,0.011958310681746085,0.0010951803110247217
6713,0.011958298688736957,0.0010949629936650527
6714,0.0119582867004869,0.0010947457251603968
6715,0.011958274716993886,0.0010945285054963629
6716,0.011958262738255903,0.001094311334658569
6717,0.011958250764270924,0.0010940942126326466
6718,0.011958238795036968,0.0010938771394041974
6719,0.011958226830552011,0.0010936601149588883
6720,0.011958214870814034,0.0010934431392823794
6721,0.01195820291582103,0.0010932262123602922
6722,0.011958190965571016,0.0010930093341782916
6723,0.011958179020061948,0.001092792504722096
6724,0.011958167079291863,0.0010925757239773572
6725,0.011958155143258733,0.0010923589919297598
6726,0.011958143211960549,0.0010921423085650313
6727,0.011958131285395312,0.0010919256738688603
6728,0.01195811936356101,0.0010917090878269555
6729,0.011958107446455684,0.0010914925504250644
6730,0.011958095534077295,0.001091276061648899
6731,0.011958083626423848,0.001091059621484222
6732,0.011958071723493367,0.0010908432299167928
6733,0.011958059825283824,0.0010906268869323302
6734,0.011958047931793255,0.00109041059251665
6735,0.011958036043019652,0.0010901943466554913
6736,0.011958024158961012,0.0010899781493346771
6737,0.011958012279615342,0.0010897620005399765
6738,0.011958000404980658,0.0010895459002571797
6739,0.011957988535054974,0.0010893298484721211
6740,0.011957976669836284,0.0010891138451706148
6741,0.011957964809322609,0.0010888978903384706
6742,0.011957952953511965,0.0010886819839615604
6743,0.011957941102402355,0.0010884661260256872
6744,0.011957929255991796,0.0010882503165167555
6745,0.011957917414278289,0.0010880345554205738
6746,0.011957905577259892,0.0010878188427230027
6747,0.011957893744934568,0.001087603178409998
6748,0.011957881917300352,0.0010873875624673832
6749,0.011957870094355285,0.0010871719948810506
6750,0.011957858276097353,0.0010869564756369235
6751,0.01195784646252461,0.0010867410047209326
6752,0.011957834653635039,0.0010865255821189605
6753,0.011957822849426689,0.0010863102078169542
6754,0.01195781104989757,0.0010860948818008362
6755,0.011957799255045714,0.0010858796040565683
6756,0.011957787464869161,0.001085664374570084
6757,0.011957775679365895,0.0010854491933273763
6758,0.011957763898533959,0.0010852340603143766
6759,0.011957752122371407,0.0010850189755170921
6760,0.011957740350876225,0.0010848039389214715
6761,0.011957728584046479,0.0010845889505135403
6762,0.011957716821880172,0.0010843740102793149
6763,0.011957705064375362,0.001084159118204766
6764,0.011957693311530068,0.0010839442742759304
6765,0.011957681563342298,0.0010837294784788439
6766,0.011957669819810128,0.0010835147307995268
6767,0.011957658080931565,0.0010833000312240216
6768,0.011957646346704657,0.0010830853797384027
6769,0.01195763461712744,0.0010828707763286963
6770,0.011957622892197949,0.0010826562209810026
6771,0.011957611171914205,0.001082441713681373
6772,0.01195759945627428,0.0010822272544159127
6773,0.011957587745276199,0.0010820128431706846
6774,0.011957576038917986,0.001081798479931838
6775,0.011957564337197722,0.0010815841646854153
6776,0.01195755264011341,0.001081369897417563
6777,0.011957540947663119,0.0010811556781144286
6778,0.011957529259844894,0.0010809415067621203
6779,0.011957517576656767,0.0010807273833467875
6780,0.011957505898096781,0.0010805133078545582
6781,0.011957494224163001,0.0010802992802716102
6782,0.011957482554853458,0.0010800853005841387
6783,0.011957470890166232,0.0010798713687782382
6784,0.01195745923009934,0.0010796574848401482
6785,0.011957447574650852,0.001079443648756051
6786,0.011957435923818819,0.0010792298605121406
6787,0.01195742427760128,0.0010790161200946037
6788,0.011957412635996301,0.001078802427489661
6789,0.011957400999001944,0.0010785887826835414
6790,0.011957389366616238,0.0010783751856624888
6791,0.011957377738837267,0.0010781616364126925
6792,0.011957366115663086,0.0010779481349204312
6793,0.011957354497091736,0.0010777346811719699
6794,0.011957342883121287,0.0010775212751535483
6795,0.011957331273749799,0.0010773079168514249
6796,0.011957319668975331,0.001077094606251902
6797,0.011957308068795955,0.0010768813433412437
6798,0.011957296473209726,0.0010766681281057383
6799,0.01195728488221471,0.0010764549605316973
6800,0.011957273295808962,0.001076241840605455
6801,0.011957261713990556,0.001076028768313279
6802,0.011957250136757571,0.0010758157436415315
6803,0.011957238564108047,0.0010756027665765114
6804,0.011957226996040085,0.0010753898371045703
6805,0.011957215432551727,0.0010751769552120598
6806,0.011957203873641057,0.0010749641208853413
6807,0.01195719231930615,0.001074751334110751
6808,0.011957180769545054,0.0010745385948747036
6809,0.011957169224355876,0.0010743259031635172
6810,0.011957157683736659,0.0010741132589636403
6811,0.011957146147685505,0.0010739006622614293
6812,0.011957134616200476,0.001073688113043282
6813,0.011957123089279644,0.0010734756112956408
6814,0.01195711156692109,0.001073263157004884
6815,0.011957100049122909,0.0010730507501574846
6816,0.011957088535883146,0.0010728383907398346
6817,0.011957077027199907,0.0010726260787383831
6818,0.011957065523071271,0.0010724138141395775
6819,0.011957054023495317,0.0010722015969298676
6820,0.01195704252847012,0.0010719894270957498
6821,0.011957031037993776,0.0010717773046236367
6822,0.011957019552064354,0.0010715652295000754
6823,0.011957008070679963,0.0010713532017115124
6824,0.01195699659383868,0.0010711412212444245
6825,0.011956985121538576,0.001070929288085376
6826,0.011956973653777757,0.0010707174022208045
6827,0.011956962190554308,0.0010705055636372738
6828,0.011956950731866313,0.0010702937723212982
6829,0.011956939277711867,0.0010700820282594156
6830,0.011956927828089065,0.0010698703314381247
6831,0.011956916382995987,0.001069658681844034
6832,0.011956904942430763,0.0010694470794636666
6833,0.011956893506391454,0.0010692355242835783
6834,0.01195688207487616,0.0010690240162903619
6835,0.011956870647882967,0.0010688125554705707
6836,0.01195685922540999,0.001068601141810816
6837,0.011956847807455333,0.0010683897752976736
6838,0.011956836394017085,0.0010681784559177514
6839,0.011956824985093342,0.0010679671836576344
6840,0.0119568135806822,0.0010677559585039796
6841,0.011956802180781767,0.001067544780443367
6842,0.011956790785390147,0.0010673336494624612
6843,0.01195677939450545,0.0010671225655478802
6844,0.011956768008125769,0.0010669115286863007
6845,0.011956756626249216,0.0010667005388643308
6846,0.011956745248873885,0.0010664895960686457
6847,0.011956733875997893,0.0010662787002859192
6848,0.011956722507619356,0.0010660678515028489
6849,0.011956711143736363,0.0010658570497060751
6850,0.011956699784347045,0.0010656462948823386
6851,0.011956688429449495,0.0010654355870182842
6852,0.011956677079041831,0.0010652249261006456
6853,0.011956665733122153,0.001065014312116129
6854,0.011956654391688595,0.0010648037450514624
6855,0.011956643054739277,0.0010645932248933552
6856,0.011956631722272276,0.001064382751628561
6857,0.011956620394285727,0.0010641723252438188
6858,0.011956609070777767,0.0010639619457258676
6859,0.011956597751746479,0.00106375161306146
6860,0.011956586437189996,0.0010635413272373905
6861,0.011956575127106446,0.001063331088240397
6862,0.011956563821493937,0.0010631208960572643
6863,0.011956552520350598,0.001062910750674798
6864,0.011956541223674547,0.001062700652079796
6865,0.011956529931463903,0.0010624906002590262
6866,0.011956518643716807,0.0010622805951993274
6867,0.011956507360431358,0.001062070636887481
6868,0.01195649608160569,0.0010618607253103424
6869,0.01195648480723793,0.0010616508604547423
6870,0.0119564735373262,0.0010614410423074867
6871,0.011956462271868652,0.001061231270855446
6872,0.011956451010863392,0.0010610215460854677
6873,0.011956439754308565,0.0010608118679844062
6874,0.011956428502202267,0.0010606022365391465
6875,0.011956417254542656,0.00106039265173653
6876,0.011956406011327874,0.0010601831135634635
6877,0.011956394772556028,0.0010599736220068203
6878,0.01195638353822528,0.0010597641770535022
6879,0.011956372308333742,0.0010595547786903916
6880,0.01195636108287955,0.0010593454269044458
6881,0.011956349861860862,0.001059136121682545
6882,0.011956338645275785,0.0010589268630116118
6883,0.01195632743312248,0.0010587176508786128
6884,0.011956316225399083,0.00105850848527044
6885,0.01195630502210373,0.0010582993661740776
6886,0.011956293823234564,0.0010580902935764193
6887,0.011956282628789715,0.0010578812674645155
6888,0.011956271438767341,0.0010576722878252386
6889,0.011956260253165573,0.0010574633546456297
6890,0.011956249071982563,0.0010572544679126267
6891,0.011956237895216455,0.001057045627613285
6892,0.011956226722865409,0.0010568368337345105
6893,0.011956215554927539,0.001056628086263355
6894,0.011956204391401028,0.0010564193851868573
6895,0.011956193232283984,0.001056210730491961
6896,0.011956182077574585,0.0010560021221657596
6897,0.011956170927270984,0.0010557935601952268
6898,0.011956159781371318,0.0010555850445674397
6899,0.011956148639873754,0.0010553765752694055
6900,0.011956137502776423,0.0010551681522882313
6901,0.011956126370077489,0.0010549597756109325
6902,0.011956115241775126,0.0010547514452245996
6903,0.011956104117867463,0.0010545431611162696
6904,0.011956092998352657,0.0010543349232730347
6905,0.011956081883228878,0.0010541267316820247
6906,0.011956070772494281,0.001053918586330302
6907,0.011956059666147014,0.0010537104872049522
6908,0.011956048564185242,0.0010535024342931073
6909,0.01195603746660715,0.001053294427581868
6910,0.011956026373410868,0.0010530864670583778
6911,0.011956015284594567,0.001052878552709736
6912,0.011956004200156396,0.0010526706845230863
6913,0.011955993120094545,0.001052462862485574
6914,0.011955982044407164,0.0010522550865843686
6915,0.011955970973092428,0.0010520473568065873
6916,0.011955959906148486,0.001051839673139437
6917,0.011955948843573514,0.0010516320355700623
6918,0.011955937785365698,0.001051424444085629
6919,0.011955926731523188,0.001051216898673348
6920,0.011955915682044124,0.0010510093993203965
6921,0.011955904636926739,0.0010508019460139806
6922,0.011955893596169172,0.0010505945387412894
6923,0.011955882559769605,0.00105038717748956
6924,0.011955871527726184,0.0010501798622459936
6925,0.011955860500037104,0.0010499725929978073
6926,0.011955849476700553,0.0010497653697322715
6927,0.011955838457714679,0.0010495581924365748
6928,0.011955827443077665,0.0010493510610979852
6929,0.011955816432787713,0.0010491439757037459
6930,0.011955805426842967,0.0010489369362411396
6931,0.011955794425241622,0.0010487299426974227
6932,0.011955783427981866,0.001048522995059862
6933,0.011955772435061865,0.0010483160933157385
6934,0.01195576144647981,0.001048109237452351
6935,0.011955750462233884,0.0010479024274569666
6936,0.011955739482322253,0.0010476956633168916
6937,0.011955728506743124,0.001047488945019467
6938,0.011955717535494653,0.0010472822725519644
6939,0.011955706568575074,0.0010470756459017275
6940,0.011955695605982522,0.0010468690650560868
6941,0.011955684647715214,0.0010466625300023591
6942,0.011955673693771332,0.0010464560407278845
6943,0.011955662744149059,0.0010462495972200254
6944,0.011955651798846579,0.0010460431994661146
6945,0.011955640857862097,0.0010458368474535575
6946,0.011955629921193802,0.0010456305411696573
6947,0.011955618988839881,0.0010454242806018372
6948,0.011955608060798541,0.0010452180657374711
6949,0.01195559713706796,0.0010450118965639114
6950,0.011955586217646329,0.0010448057730686096
6951,0.01195557530253185,0.00104459969523893
6952,0.01195556439172273,0.001044393663062277
6953,0.01195555348521717,0.0010441876765260566
6954,0.011955542583013337,0.001043981735617715
6955,0.011955531685109459,0.0010437758403246766
6956,0.011955520791503723,0.0010435699906343721
6957,0.011955509902194331,0.001043364186534235
6958,0.011955499017179481,0.0010431584280117079
6959,0.011955488136457386,0.0010429527150542454
6960,0.011955477260026241,0.0010427470476493369
6961,0.011955466387884252,0.0010425414257844135
6962,0.011955455520029612,0.0010423358494469665
6963,0.011955444656460553,0.0010421303186244524
6964,0.01195543379717527,0.0010419248333044069
6965,0.011955422942171948,0.001041719393474279
6966,0.011955412091448825,0.0010415139991215808
6967,0.0119554012450041,0.0010413086502338142
6968,0.011955390402835983,0.0010411033467985192
6969,0.011955379564942666,0.0010408980888031627
6970,0.011955368731322396,0.001040692876235324
6971,0.011955357901973352,0.0010404877090825126
6972,0.011955347076893757,0.0010402825873322456
6973,0.011955336256081837,0.0010400775109721077
6974,0.0119553254395358,0.0010398724799896286
6975,0.01195531462725385,0.0010396674943723737
6976,0.011955303819234223,0.001039462554107896
6977,0.01195529301547512,0.0010392576591837833
6978,0.011955282215974762,0.0010390528095875935
6979,0.011955271420731366,0.0010388480053069268
6980,0.01195526062974317,0.0010386432463293704
6981,0.011955249843008355,0.0010384385326425282
6982,0.01195523906052518,0.001038233864233984
6983,0.011955228282291853,0.00103802924109135
6984,0.011955217508306594,0.001037824663202296
6985,0.011955206738567628,0.0010376201305543507
6986,0.011955195973073178,0.0010374156431352218
6987,0.011955185211821486,0.001037211200932505
6988,0.011955174454810745,0.0010370068039338553
6989,0.011955163702039213,0.0010368024521269221
6990,0.011955152953505103,0.0010365981454993512
6991,0.011955142209206638,0.0010363938840388257
6992,0.011955131469142061,0.0010361896677329573
6993,0.011955120733309593,0.001035985496569493
6994,0.011955110001707467,0.0010357813705360553
6995,0.011955099274333919,0.0010355772896203691
6996,0.011955088551187173,0.0010353732538101097
6997,0.01195507783226545,0.0010351692630929696
6998,0.011955067117567018,0.001034965317456677
6999,0.011955056407090095,0.0010347614168889272
7000,0.011955045700832919,0.0010345575613774217
7001,0.011955034998793718,0.0010343537509099146
7002,0.011955024300970724,0.0010341499854741424
7003,0.011955013607362184,0.0010339462650577943
7004,0.011955002917966353,0.0010337425896486808
7005,0.011954992232781465,0.0010335389592344981
7006,0.011954981551805717,0.0010333353738029944
7007,0.01195497087503741,0.0010331318333419953
7008,0.011954960202474756,0.0010329283378392143
7009,0.011954949534115994,0.0010327248872824312
7010,0.011954938869959374,0.0010325214816594647
7011,0.01195492821000316,0.0010323181209580526
7012,0.011954917554245579,0.00103211480516601
7013,0.011954906902684852,0.001031911534271139
7014,0.011954896255319284,0.0010317083082612365
7015,0.011954885612147073,0.0010315051271241424
7016,0.011954874973166482,0.0010313019908476213
7017,0.011954864338375783,0.0010310988994195638
7018,0.01195485370777318,0.0010308958528277505
7019,0.011954843081356959,0.0010306928510600232
7020,0.011954832459125361,0.0010304898941042371
7021,0.01195482184107664,0.0010302869819482576
7022,0.011954811227209068,0.001030084114579911
7023,0.01195480061752085,0.0010298812919870603
7024,0.011954790012010302,0.0010296785141575811
7025,0.011954779410675628,0.0010294757810793602
7026,0.01195476881351511,0.0010292730927402576
7027,0.01195475822052699,0.0010290704491281693
7028,0.011954747631709551,0.0010288678502309875
7029,0.011954737047061025,0.0010286652960366132
7030,0.0119547264665797,0.001028462786532913
7031,0.01195471589026381,0.001028260321707857
7032,0.011954705318111625,0.0010280579015493295
7033,0.011954694750121404,0.0010278555260452582
7034,0.011954684186291429,0.0010276531951835725
7035,0.011954673626619948,0.0010274509089521944
7036,0.011954663071105213,0.0010272486673390843
7037,0.011954652519745493,0.0010270464703321673
7038,0.011954641972539079,0.001026844317919422
7039,0.01195463142948423,0.0010266422100887911
7040,0.011954620890579193,0.0010264401468282455
7041,0.011954610355822242,0.0010262381281257572
7042,0.011954599825211657,0.0010260361539693034
7043,0.011954589298745712,0.0010258342243468417
7044,0.011954578776422661,0.0010256323392464266
7045,0.011954568258240796,0.0010254304986559697
7046,0.01195455774419836,0.0010252287025635108
7047,0.011954547234293643,0.0010250269509570892
7048,0.01195453672852493,0.0010248252438246844
7049,0.011954526226890477,0.001024623581154309
7050,0.011954515729388562,0.0010244219629339942
7051,0.011954505236017468,0.0010242203891517837
7052,0.011954494746775473,0.0010240188597957069
7053,0.011954484261660852,0.0010238173748538099
7054,0.011954473780671876,0.0010236159343141244
7055,0.011954463303806843,0.0010234145381647318
7056,0.011954452831064001,0.0010232131863936633
7057,0.011954442362441668,0.0010230118789890284
7058,0.011954431897938109,0.0010228106159388523
7059,0.011954421437551585,0.0010226093972312484
7060,0.011954410981280413,0.0010224082228542817
7061,0.011954400529122857,0.0010222070927960597
7062,0.011954390081077222,0.001022006007044664
7063,0.011954379637141762,0.0010218049655882006
7064,0.011954369197314785,0.0010216039684147707
7065,0.011954358761594595,0.0010214030155125098
7066,0.011954348329979441,0.001021202106869533
7067,0.011954337902467627,0.0010210012424739386
7068,0.011954327479057445,0.001020800422313886
7069,0.011954317059747204,0.0010205996463775186
7070,0.011954306644535156,0.0010203989146529585
7071,0.011954296233419611,0.0010201982271283575
7072,0.01195428582639887,0.0010199975837918696
7073,0.011954275423471227,0.0010197969846316862
7074,0.011954265024634956,0.0010195964296359414
7075,0.01195425462988838,0.001019395918792823
7076,0.011954244239229772,0.0010191954520905036
7077,0.011954233852657424,0.0010189950295171602
7078,0.011954223470169648,0.0010187946510609794
7079,0.01195421309176476,0.0010185943167101818
7080,0.011954202717441001,0.0010183940264529565
7081,0.011954192347196725,0.0010181937802775155
7082,0.01195418198103021,0.0010179935781720647
7083,0.011954171618939764,0.0010177934201248372
7084,0.01195416126092369,0.0010175933061240228
7085,0.011954150906980269,0.0010173932361578928
7086,0.01195414055710783,0.0010171932102146545
7087,0.011954130211304662,0.0010169932282825698
7088,0.01195411986956909,0.0010167932903498939
7089,0.011954109531899392,0.0010165933964048554
7090,0.011954099198293905,0.0010163935464357157
7091,0.01195408886875091,0.001016193740430771
7092,0.011954078543268718,0.0010159939783782566
7093,0.011954068221845634,0.0010157942602664657
7094,0.011954057904479986,0.0010155945860836836
7095,0.011954047591170077,0.001015394955818187
7096,0.011954037281914217,0.0010151953694582782
7097,0.011954026976710714,0.0010149958269922601
7098,0.011954016675557887,0.0010147963284084331
7099,0.011954006378454039,0.0010145968736950737
7100,0.01195399608539749,0.0010143974628405833
7101,0.011953985796386558,0.001014198095833191
7102,0.011953975511419555,0.001013998772661287
7103,0.011953965230494794,0.0010137994933131778
7104,0.011953954953610596,0.0010136002577772188
7105,0.01195394468076528,0.0010134010660417417
7106,0.011953934411957162,0.0010132019180950733
7107,0.011953924147184578,0.00101300281392564
7108,0.011953913886445814,0.0010128037535217505
7109,0.011953903629739198,0.0010126047368717581
7110,0.011953893377063084,0.0010124057639640856
7111,0.011953883128415775,0.0010122068347870746
7112,0.01195387288379557,0.001012007949329141
7113,0.01195386264320083,0.0010118091075786279
7114,0.011953852406629861,0.001011610309523981
7115,0.01195384217408099,0.001011411555153563
7116,0.01195383194555255,0.001011212844455797
7117,0.011953821721042866,0.0010110141774190928
7118,0.011953811500550264,0.0010108155540318596
7119,0.011953801284073046,0.0010106169742825654
7120,0.0119537910716096,0.0010104184381595684
7121,0.011953780863158193,0.0010102199456513553
7122,0.01195377065871721,0.0010100214967463566
7123,0.011953760458284945,0.001009823091432998
7124,0.011953750261859734,0.0010096247296997596
7125,0.011953740069439934,0.0010094264115350791
7126,0.01195372988102385,0.0010092281369274174
7127,0.01195371969660983,0.001009029905865235
7128,0.011953709516196225,0.0010088317183370406
7129,0.011953699339781335,0.0010086335743312723
7130,0.011953689167363526,0.0010084354738364467
7131,0.01195367899894111,0.0010082374168410247
7132,0.011953668834512468,0.0010080394033335275
7133,0.011953658674075898,0.0010078414333024362
7134,0.011953648517629735,0.0010076435067362627
7135,0.011953638365172353,0.0010074456236235196
7136,0.011953628216702091,0.0010072477839527497
7137,0.011953618072217249,0.001007049987712418
7138,0.011953607931716213,0.0010068522348910937
7139,0.011953597795197323,0.0010066545254773297
7140,0.01195358766265888,0.0010064568594596352
7141,0.011953577534099289,0.001006259236826538
7142,0.011953567409516858,0.001006061657566611
7143,0.011953557288909946,0.0010058641216684112
7144,0.011953547172276894,0.0010056666291205067
7145,0.011953537059616047,0.0010054691799114169
7146,0.01195352695092576,0.001005271774029779
7147,0.01195351684620439,0.001005074411464141
7148,0.011953506745450268,0.0010048770922030795
7149,0.011953496648661762,0.0010046798162351856
7150,0.01195348655583722,0.00100448258354904
7151,0.011953476466974974,0.0010042853941332822
7152,0.011953466382073416,0.0010040882479764792
7153,0.011953456301130854,0.0010038911450672454
7154,0.011953446224145682,0.001003694085394224
7155,0.011953436151116244,0.0010034970689459825
7156,0.011953426082040888,0.0010033000957111828
7157,0.011953416016917962,0.001003103165678465
7158,0.011953405955745853,0.0010029062788364364
7159,0.011953395898522899,0.0010027094351737647
7160,0.011953385845247454,0.0010025126346790828
7161,0.011953375795917905,0.0010023158773410188
7162,0.01195336575053257,0.00100211916314829
7163,0.011953355709089848,0.0010019224920895238
7164,0.01195334567158808,0.0010017258641533652
7165,0.011953335638025631,0.0010015292793285255
7166,0.011953325608400874,0.001001332737603688
7167,0.011953315582712176,0.0010011362389675009
7168,0.011953305560957889,0.0010009397834086638
7169,0.011953295543136367,0.001000743370915932
7170,0.011953285529246007,0.0010005470014779118
7171,0.011953275519285173,0.0010003506750833468
7172,0.011953265513252204,0.0010001543917209767
7173,0.011953255511145485,0.000999958151379468
