iteration,loss,gradient_norm
0,1.163881157896846e+53,7.997901766326326e+26
100,1.4033023638535745e+107,8.782079723618865e+53
200,1.6919747441873914e+161,9.643144730373898e+80
300,2.040029724674985e+215,1.0588635404987948e+108
400,2.459682859838593e+269,1.1626829512017219e+135
500,inf,inf
