{
  "algorithm": "Damped Newton Method v3 - Lasso (Smooth)",
  "loss_function": "Smooth Lasso (L1 Regularization with smoothing)",
  "parameters": {
    "regularization": 0.0001,
    "smoothing_parameter": 0.001,
    "max_iterations": 150,
    "tolerance": 1e-08,
    "armijo_constant": 0.0001,
    "backtrack_factor": 0.8,
    "max_line_search_iter": 50
  },
  "metrics": {
    "mse": 284249577906.8525,
    "rmse": 533150.6146548577,
    "mae": 386250.57989780867,
    "r2": -819602892130.9019,
    "mape": 3855935.885943992,
    "max_error": 3361948.3168927524,
    "explained_variance": -814113705639.989
  },
  "training_time": 67.33826684951782,
  "convergence": {
    "iterations": 150,
    "final_loss": 4.094090149824821e+18,
    "final_gradient_norm": 788967.3985215159
  },
  "numerical_analysis": {
    "hessian_condition_number": 1.6802482955792855e+18,
    "average_step_size": 0.00020628928312431665,
    "line_search_efficiency": "Adaptive step size with Armijo condition",
    "sparsity_effect": "L1 regularization promotes sparsity",
    "smoothing_effect": "Smoothing makes Lasso differentiable"
  }
}