iteration,loss,gradient_norm
0,0.0297662163834087,0.0003460216634510697
100,0.029766155308316895,8.289277584156491e-07
