iteration,loss,gradient_norm
0,0.02976621322293651,0.0003404819402946056
100,0.029766155308240158,7.750808942950563e-07
