iteration,loss,gradient_norm
0,0.029766218031044865,0.000348364766731948
100,0.029766155308335436,8.445212794727342e-07
