iteration,loss,gradient_norm,step_size
0,51.332585764980955,10.240546400455026,10.022340584854433
1,0.017772914003421965,0.1001475202824877,0.09923392632041726
2,0.012757097574804588,0.000991863163997668,0.0009828149275631591
3,0.012756605575196261,9.823433813283602e-06,9.733819887735323e-06
4,0.012756605526936195,9.729149746018528e-08,9.640395923332603e-08
5,0.012756605526931464,9.635761504293528e-10,9.547859640786113e-10
6,0.012756605526931463,9.543828567465943e-12,
