epoch,cost
0,14085531365.19791
10,2.288885447670912e+23
20,3.7191351206927145e+36
30,6.043399266802379e+49
40,9.819516298041008e+62
50,1.595540717473531e+76
60,2.592623890831678e+89
70,4.2132811055136163e+102
80,6.84605916008043e+115
90,1.1124074909196597e+129
