epoch,cost
0,1.8939395280148734e+69
10,1.2446665779586542e+141
20,8.115830121641564e+212
30,5.3849566905382313e+284
40,inf
50,inf
60,inf
70,inf
80,
90,
