epoch,cost
0,0.09749701508326997
10,0.01337412414709736
20,0.012686183401112229
30,0.012428522399202094
40,0.012286721658833618
50,0.01220129239115488
60,0.01214534513527079
70,0.01210618462007537
80,0.012077192234730447
90,0.01205550414873724
