{
  "weights": [
    0.0062294954439155205,
    0.00038969284638368614,
    0.011518842542432468,
    -0.006201790614699503,
    0.0011955594818101336,
    0.008254725065324122,
    0.015938558242930438,
    0.08363579257462929,
    0.003897269446051686,
    -0.2861124951240368,
    -0.010691464831020153,
    -0.005723590128955812,
    0.010001408119112458,
    0.07148102126097565,
    -0.0056961640670495335,
    0.005930138965669187,
    0.0014247030547357977,
    0.016222946496223262,
    -0.09969406446276576,
    0.0774882869210767,
    0.01409585727153429,
    0.07024293333214345,
    0.005724325155482533,
    -0.013497328728383782,
    -0.00889108198044283,
    0.0028815617551941545,
    0.009109180378734698,
    0.02587061644132323,
    0.02779049166779037,
    -0.008823747964551485,
    -0.002895858820982869,
    0.026579105309972116,
    0.0723657240896294,
    0.21975651271686586,
    -0.00550452579465195,
    0.011581814071884269,
    0.08662832832106057,
    -0.014696640823952839,
    -0.027960346653209196,
    -0.018676543435472773,
    -0.05315041801471549,
    -0.0557049318732169,
    -0.0501069727745249,
    -0.007504624191230511,
    -0.015117276599889155,
    -0.013437168008647197,
    -0.0005254687101152257,
    0.011860057873304576,
    -0.002470627570934104,
    -0.015542648134335568,
    -0.017039630053976594,
    -0.0007296155028523774,
    -0.0004358976439796996,
    0.0006238799418605541,
    0.0010815929522335936,
    0.0034482470627013595,
    0.0031457399228526496,
    0.0032328116567994594,
    -0.014044446786635804,
    -0.005206584000420523,
    -0.035269582289821265,
    -0.010969783461152226,
    10.117576830769632
  ],
  "final_loss": 0.01192457997637937,
  "training_time": 1.6349170207977295,
  "converged": true,
  "iterations": 11,
  "final_gradient_norm": 1.5079716834923257e-08,
  "algorithm": "SciPy_Newton_CG_OLS",
  "loss_type": "ols",
  "regularization": 1e-06,
  "message": "Optimization terminated successfully.",
  "initial_loss": 51.4838830287182,
  "initial_gradient_norm": 10.264706835629974,
  "predictions_log_min": 7.510887077000707,
  "predictions_log_max": 11.622198596756856,
  "predictions_original_min": 1826.834253590168,
  "predictions_original_max": 111545.69782264622,
  "metrics_log_scale": {
    "mse": 0.023539817205063096,
    "r2": 0.9321254847450091,
    "mae": 0.11117554366266633
  },
  "metrics_original_scale": {
    "mse": 18113112.362163927,
    "rmse": 4255.9502302263745,
    "mae": 2919.157108546381,
    "r2": 0.9239560070644168,
    "mape": 11.332005426051817
  },
  "parameters": {
    "loss_type": "ols",
    "regularization": 1e-06
  }
}