iteration,loss,gradient_norm
0,51.360099935661125,10.242413436615657
1,50.336534214283944,9.970121999671465
2,49.35001890558296,9.875980617060806
3,48.38372277323198,9.767678588002
4,47.43712507609968,9.666868924454713
5,46.51083810013742,9.566673657890679
6,45.60321648526785,9.47013436298758
7,44.71474420797091,9.370229725009166
8,43.843630003840936,9.274487527100817
9,42.99080603458229,9.181152922811524
10,42.15516106979318,9.090141712823083
11,41.33653439260437,8.996675118183704
12,40.533964489247126,8.908131006876959
13,39.748239499529234,8.818263652421379
14,38.97758333823054,8.729068748884508
15,38.22324931088701,8.642073216523741
16,37.48302027598119,8.553547053110028
17,36.75841722512645,8.471146091343865
18,36.04819574645188,8.385024125515585
19,35.35166503969716,8.302250239555978
20,34.66975836461424,8.219917801262872
21,34.0010293513316,8.134575622553855
22,33.34574783771589,8.056277516920815
23,32.703690953109415,7.976375503099967
24,32.074263612448625,7.894594173514705
25,31.457092745544788,7.816891548423898
26,30.853058766080025,7.746910957176541
27,30.260597399181357,7.6583002679791194
28,29.679547627313408,7.585000472764865
29,29.110533896407553,7.513464655599816
30,28.55302067795662,7.438247916434513
31,28.006247751223125,7.3607801828667245
32,27.470437889652597,7.288949096134374
33,26.94527912233259,7.218555405803754
34,26.430857040775315,7.144478956441122
35,25.92625643428236,7.075097769667202
36,25.43204406241581,7.004261827986959
37,24.94738899622278,6.935989245577024
38,24.472871734999817,6.865384217400223
39,24.00690914631456,6.798459454710765
40,23.551237193953057,6.7318815754511805
41,23.10415444524665,6.662133683504346
42,22.66540971027634,6.597626582147772
43,22.236804477297927,6.534202320264649
44,21.81539164580566,6.465502788826974
45,21.402974357647416,6.40511202300412
46,20.998783156799956,6.339642259777604
47,20.602452239735847,6.281849228910244
48,20.214274547221667,6.214833673932548
49,19.833374751122548,6.1522886126846
50,19.46064178500607,6.093961458972489
51,19.094734878932005,6.0357044548877266
52,18.736540076973498,5.984847074293759
53,18.385828896871537,5.9112101349904504
54,18.04114001056734,5.854330428737443
55,17.70410116418266,5.801276645595026
56,17.373257101065448,5.7413070854538395
57,17.049482762266816,5.685581822403629
58,16.731517137352313,5.637018197164878
59,16.420908708073153,5.572922472975724
60,16.1153765623223,5.515637373005795
61,15.8164879545903,5.466814250493327
62,15.523432521141935,5.4121556094177095
63,15.236256058483907,5.355000931354117
64,14.95469960021706,5.3143579676833745
65,14.679103561908825,5.254011819745583
66,14.408667176232967,5.199054496673766
67,14.143431745025095,5.146377000958893
68,13.883630471012664,5.101199372980722
69,13.629183569903404,5.064138267003281
70,13.379951189449132,4.992962366492181
71,13.135150152926771,4.953740569200518
72,12.895767980468472,4.90238972009404
73,12.660412205599725,4.852148341730331
74,12.430610706436262,4.808927102671093
75,12.204887494015185,4.763547467594055
76,11.983384436702321,4.71652082022744
77,11.767304559788059,4.669185523385678
78,11.554224413632944,4.616579745866944
79,11.346591064180613,4.577366385326377
80,11.142056786465677,4.535588027947216
81,10.942357680544212,4.485226314769803
82,10.746220330949514,4.451453023239203
83,10.554314697268616,4.403179706251196
84,10.365840635067213,4.353277191488742
85,10.181300126994993,4.323651353747245
86,10.000636205254018,4.26907474273897
87,9.823250328919938,4.228216302079373
88,9.649419989123224,4.192930733752722
89,9.479291261959526,4.152601647422967
90,9.311965886000596,4.119395894988973
91,9.149328765749571,4.070419753547912
92,8.988246781830828,4.022687907189909
93,8.831292640219543,3.9839761542384675
94,8.67707799096291,3.962413080769321
95,8.526729183814275,3.921265655935234
96,8.37812469131284,3.8766802508240246
97,8.233877190279705,3.836666389494322
98,8.091237451768722,3.796027620934614
99,7.952065381798051,3.7624199819698663
100,7.81531873291912,3.7346897509131343
101,7.6819508672658205,3.6963577966837375
102,7.550683100621962,3.661898740392752
103,7.4223249272999645,3.61078705496936
104,7.295839178870698,3.583628031175773
105,7.172841962896029,3.5696695214885605
106,7.051807018933816,3.506569794989666
107,6.933072864562712,3.483673435797713
108,6.8168477946097354,3.457434638592075
109,6.703155779841564,3.4114054965043157
110,6.591073561094104,3.3950078521622613
111,6.482165391774649,3.350215480854688
112,6.374332876631634,3.315393009975135
113,6.269711907856481,3.2902174376034226
114,6.166273538116828,3.2561774180788494
115,6.065487276336847,3.2360277324982474
116,5.966605122075059,3.1950898343790373
117,5.869684423569445,3.1519950444771045
118,5.774056565940411,3.141324321255494
119,5.681390165394057,3.0988085891705
120,5.589765431188741,3.0903138667999484
121,5.500751871345345,3.038222836674349
122,5.412426966859837,3.014269003119639
123,5.3267519666995655,2.986011390589155
124,5.2422110851499975,2.9546728986972672
125,5.159854094585638,2.9538567297999774
126,5.079000839882172,2.897936282295286
127,4.9994312921716775,2.874899644796933
128,4.921783808880559,2.8417409939548333
129,4.845183419315671,2.825750507838185
130,4.771235252857468,2.8024752255323095
131,4.697005086421648,2.770112704544903
132,4.626540885527224,2.747668733734496
133,4.555029717673947,2.705059006450303
134,4.486472716030484,2.694778341880645
135,4.4190935710278785,2.6825269607390103
136,4.352894912057227,2.6409575215139807
137,4.287655915138028,2.6144958694659084
138,4.22432634948146,2.592401608154143
139,4.161790067141893,2.568342969980681
140,4.100724336100377,2.5493215219357164
141,4.041098576886908,2.5168196318645393
142,3.9820435586838343,2.502182559588107
143,3.924728721187048,2.4766511564672125
144,3.8681244215594797,2.4457387123837897
145,3.8129382441323028,2.4486776385782454
146,3.759098716829338,2.399048598341159
147,3.705455805080378,2.3825900819857706
148,3.653957836431323,2.3580405242485516
149,3.6022787811999915,2.3440721429097664
150,3.553141149752949,2.331400515352917
151,3.5035179096917775,2.2914679773638795
152,3.4557524189635,2.2788134207156023
153,3.4084244791263454,2.2593499025626596
154,3.3626517014492263,2.2363899138693366
155,3.3173004428503168,2.224555724684582
156,3.2730059168412415,2.188440264174783
157,3.229367042786955,2.1685027272195883
158,3.187190255207665,2.168626290200098
159,3.1449220541011855,2.1420331075679977
160,3.1047343969251298,2.131580489633997
161,3.064164099885361,2.0865799577497066
162,3.0250720904406694,2.0675702590789
163,2.986371184895592,2.068025606351393
164,2.9488643398294725,2.050090344806972
165,2.9117144581631553,2.0402315905977675
166,2.8758496195076626,1.9992301939438673
167,2.8397036711572246,1.982782278313105
168,2.8054641439022054,1.9709796805872604
169,2.770801303668999,1.9590134819535663
170,2.737782680503036,1.9524784526273233
171,2.704807307965895,1.9039334823887788
172,2.672819384746087,1.919260030484525
173,2.6412039369856104,1.8796638427553085
174,2.610188231287289,1.8624081517419928
175,2.580092185935821,1.8840258275010426
176,2.5505067414307705,1.8220671998907247
177,2.521451253212528,1.8219387352486467
178,2.492843527893872,1.8081636448558376
179,2.4648779085558186,1.7909753823747945
180,2.4376470668594012,1.7887572114923604
181,2.4107273463048835,1.7579890750991285
182,2.3846558697588316,1.7435840074074882
183,2.3587191023788145,1.7201049498496181
184,2.333348044020811,1.711486003973826
185,2.3085947839089256,1.7200954856377824
186,2.2847079845997116,1.6957657522086191
187,2.2606137454587794,1.673487133619825
188,2.2376412002686146,1.642229541084882
189,2.2143368891984516,1.6320907351131941
190,2.1919772945180807,1.6652598080468315
191,2.1704988640124134,1.6252880777126055
192,2.148667024895308,1.6001680446773572
193,2.1278348989378664,1.5845665296405005
194,2.106735413393753,1.5681534865207043
195,2.086798763807199,1.5768303215888262
196,2.0667909313406114,1.574880707706986
197,2.0476905400189844,1.5274447231585837
198,2.0282985960852518,1.5313463608132947
199,2.0098187901728735,1.5134130727510826
200,1.9912313148010143,1.503929528130133
201,1.9733917527102642,1.5057880274119568
202,1.9558460047304789,1.4664560628753134
203,1.9386063075705438,1.4725656511458016
204,1.9218105926009081,1.4544329768605977
205,1.9049684461638146,1.4563918295213507
206,1.8890916304652743,1.4156774169676747
207,1.8727699525130646,1.4397298159403518
208,1.8575523198271546,1.4058109305993531
209,1.8420126713652558,1.402186717939839
210,1.82705567097662,1.4036261411390203
211,1.8125193690554022,1.3700344247118263
212,1.797943274385505,1.3809827505882786
213,1.7839866187646236,1.35748647146737
214,1.7701474940792912,1.3289050688332005
215,1.7562411734855488,1.3528201660554042
216,1.7434788022934757,1.3458336833745406
217,1.7301224183729111,1.2960796658721099
218,1.7175714250448033,1.328788165481747
219,1.7049969008401302,1.2992734304518905
220,1.6928015036629742,1.2740813535975957
221,1.6802073771193888,1.287474753722548
222,1.669149904670968,1.2875069748009602
223,1.6573289887860256,1.2749059890403887
224,1.6462726039257163,1.2314534372981136
225,1.6346502245984227,1.2495165268389028
226,1.624444333092797,1.2359769918382122
227,1.6130562741568255,1.214323813924437
228,1.6033226226911772,1.2509013259916195
229,1.5923888987578891,1.2065760510768555
230,1.5830532867792186,1.2256625537674428
231,1.572966026592146,1.1703790264348128
232,1.5630705537997005,1.162693919440322
233,1.5537008544770803,1.185247455628398
234,1.544782882881572,1.188240578909738
235,1.5353515274979324,1.172804047244576
236,1.5267919828135388,1.1538252026743738
237,1.5176079589047937,1.1477745400780615
238,1.5097257287357806,1.111165479111645
239,1.5003740804074486,1.1556396643966607
240,1.4931635588950574,1.1595348311798788
241,1.4844658815711291,1.097402471075808
242,1.4771462153866404,1.0933441503873143
243,1.4687075415973594,1.1169681219616157
244,1.4618781062065773,1.0792907956133486
245,1.4536213963208884,1.1151868425753524
246,1.4472298682159759,1.0937022901170483
247,1.4394460392477493,1.0630693296759708
248,1.432955781392978,1.0719343820958005
249,1.4255350922231211,1.043347567328944
250,1.419073708989683,1.102100922633607
251,1.4126091600707573,1.0276507657611196
252,1.4060625007121277,1.0477803682494553
253,1.3997583131878428,1.061579351932507
254,1.3938563753362543,1.0037494661397117
255,1.3868719209843217,1.024550597654098
256,1.3818535383038872,1.0505267336094515
257,1.375438889321835,1.0148262525213796
258,1.3702950391957676,0.9961842137164663
259,1.364003243544751,1.0244683908877328
260,1.3591629195602446,0.9706240853700725
261,1.3530173230260347,1.023930024939701
262,1.348482175432907,0.9898875722320667
263,1.343007837988765,0.961048367564894
264,1.3378220859331296,0.9858910528434711
265,1.3329078982678675,0.9891430568286352
266,1.3279834436820912,0.9473821566370063
267,1.3234943573367188,1.001343495255614
268,1.3185424946990012,0.9310347447860596
269,1.3139385676214834,0.9663577759441462
270,1.3095889772387452,0.940207200530133
271,1.3049404365650923,0.9246196869979134
272,1.3008354820786345,0.9332671139851321
273,1.2965159522216374,0.9725852526386547
274,1.2925163711311618,0.9259727722331054
275,1.2883080713409603,0.9132535880874949
276,1.284345038389984,0.9095415872988574
277,1.2801567586756326,0.8932230982767233
278,1.2765228488938143,1.0068136184648173
279,1.2730332428427569,0.8746070847942456
280,1.269168600098947,0.8860777494545624
281,1.265482850325542,0.8968552615253436
282,1.2619455453056947,0.8830313420633719
283,1.258356790640714,0.8954200415596871
284,1.25520161736585,0.946534653532534
285,1.251964287776247,0.890314816206151
286,1.248268229481399,0.8809840899035993
287,1.2456872339532463,0.8731629291469684
288,1.2420501068071645,0.8389981860048735
289,1.238862921342078,0.8507783060575531
290,1.236104786045312,0.9563315249100361
291,1.2335205784762273,0.8391408403161197
292,1.2299408559230696,0.8367458200204586
293,1.2275743882539971,0.8910362024387617
294,1.224481275908985,0.8139843209205183
295,1.2219002624008366,0.8991357821516219
296,1.219073543949548,0.825140850020373
297,1.2168339586821908,0.8612898147803497
298,1.2139058383317018,0.820015040664493
299,1.211389005293582,0.8503689494725705
300,1.2090907582501667,0.8299136654138208
301,1.2064295740521183,0.8734138509751567
302,1.2045936524405438,0.8119363747352556
303,1.2015817103799564,0.8173676328219306
304,1.1999611456505865,0.8602258096801695
305,1.1973262284512391,0.7912385939469886
306,1.195138841180551,0.8108296611432584
307,1.1929977166439514,0.8513800334468256
308,1.1910762337224263,0.8359504792807138
309,1.1890060604768675,0.7776237763854656
310,1.1866992182324279,0.8130499409397964
311,1.1849277420480016,0.7944174982393983
312,1.1828119094232603,0.8469617921513557
313,1.1812232550877453,0.7907430833062886
314,1.178955204148152,0.8115890775930709
315,1.177547329633728,0.7941835857690402
316,1.1755779604731682,0.7602814815734803
317,1.173565626496698,0.8294300570063591
318,1.1722181251354529,0.8264013993275029
319,1.1702207257904402,0.7254782071131064
320,1.1688232148476125,0.8714937534341329
321,1.1672369604968238,0.7506116182141744
322,1.1654025872138756,0.7406390839360896
323,1.163934616383749,0.7985159887453497
324,1.1623007203095193,0.8039041728440559
325,1.1611695384703449,0.7905281574351694
326,1.1593839032037678,0.7367682728039687
327,1.157974319344388,0.7784037244967947
328,1.1562585428259442,0.7817887677123284
329,1.1554715888904499,0.7514566159677111
330,1.1536539936342634,0.8015630134553424
331,1.152819653887909,0.7559620495209886
332,1.1509079381469165,0.7518601633715288
333,1.1501511011420584,0.7952383464551934
334,1.1485180679437779,0.7440259181752824
335,1.147417104540974,0.76804020017007
336,1.1463369148617741,0.7960939975408364
337,1.1451426577388626,0.778513954232961
338,1.1439023627814073,0.7372466786439867
339,1.1429131160026982,0.772766656521752
340,1.1417167178803453,0.7433540639496312
341,1.1403967300249664,0.8228394272440586
342,1.139809606249649,0.715445512354847
343,1.1384941773298998,0.7569814838912244
344,1.1375492349482412,0.7495111720630706
345,1.1363350421643739,0.7405329595487148
346,1.1355539254397198,0.7182496461361717
347,1.1344659588166954,0.8046379245135742
348,1.1337738718910353,0.7225172899994226
349,1.1324387165719174,0.7484343667040358
350,1.1318567955222136,0.8062862525910343
351,1.1309980276344558,0.6982570665707092
352,1.1299464537328554,0.7472861976145178
353,1.1289111719258305,0.7644943170734201
354,1.128714161267105,0.7337064405910164
355,1.1273340887232093,0.7214927389473981
356,1.1266386185920934,0.7224499780765221
357,1.1256859099888001,0.8100597750229299
358,1.125374915018214,0.7583978630398793
359,1.1243064455078668,0.6891189516991723
360,1.123817218822323,0.7229953231057926
361,1.12253449928903,0.7910846033750727
362,1.122331856832963,0.7352075306947028
363,1.121496236910914,0.7558970079021201
364,1.1211126046504563,0.7069821565851354
365,1.119996721415657,0.7120771135505523
366,1.1195337218970878,0.6920731187332282
367,1.1185803669407415,0.7126706382768664
368,1.1181081557497674,0.8143029892787251
369,1.1178693982068175,0.7029871405352962
370,1.1169000696928824,0.6796327734503801
371,1.116212502846463,0.736026969957974
372,1.1157115021744466,0.7771314772184286
373,1.1152375038482383,0.7309917604010406
374,1.1145817924296086,0.7514931485684122
375,1.1143883216233688,0.7546577650702642
376,1.1135532246939546,0.6872644135557092
377,1.1128975403470984,0.6625010371275804
378,1.112536769265843,0.7960753658573073
379,1.1120875741682479,0.6703402838120238
380,1.111385730565463,0.7499633652166005
381,1.110914345764486,0.6976567616578592
382,1.1106471621705498,0.7575547776945591
383,1.1100007351009744,0.7107976393201001
384,1.1095455952947282,0.7449518580694203
385,1.1093630399290142,0.6843715840068806
386,1.1084642485297376,0.7287491063583695
387,1.1085204055922615,0.7296464791305262
388,1.1075566155482466,0.7362648762924604
389,1.1077109746483067,0.6777441046029925
390,1.106790980257594,0.7088864561110133
391,1.10685907745827,0.6707637638567989
392,1.1056881836409105,0.7902042528205875
393,1.1062893975770045,0.785166009133945
394,1.1052678699988436,0.6410692728014192
395,1.105282029686741,0.724334946542284
396,1.1045661262180395,0.6894141312372557
397,1.1045386598375913,0.7137805157822388
398,1.1037602288987054,0.7423560251420886
399,1.1039538323485256,0.7292199982568107
400,1.1033044938123837,0.6549644841321591
401,1.1029254721479465,0.7693873396374155
402,1.1026173894603135,0.6887361116454774
403,1.1024873078159005,0.7133896748212395
404,1.102018477242449,0.7055716358759597
405,1.1017582248911038,0.7065893368091223
406,1.1015205958559138,0.6941379080316256
407,1.1011075482469102,0.7020698904284024
408,1.100779973942601,0.7321657461509864
409,1.1006429769483967,0.6673853389726268
410,1.100315667459336,0.7461774845914733
411,1.1001010198019034,0.7351008340554418
412,1.0998181980328974,0.6945434237449193
413,1.099481197697296,0.7451470953283148
414,1.099421016765303,0.6662373809263873
415,1.099058860085789,0.6775499417007206
416,1.098636335985551,0.6998303237323694
417,1.0986084191132868,0.6997116883044969
418,1.0979664514008516,0.74248756776805
419,1.0985400744355207,0.7111687245974909
420,1.0976124829385592,0.6888565588990571
421,1.0977688264269905,0.7297271479696049
422,1.0972859192580886,0.6989749840412894
423,1.0973550413177477,0.7180459866285425
424,1.0968020818737498,0.6959270110650583
425,1.097046033342037,0.6945587117971698
426,1.0963917219443762,0.6732538240436277
427,1.09632402861001,0.6749199306457297
428,1.0960714509708187,0.7519615346214746
429,1.0961833439224824,0.7294629350892962
430,1.0958341225074606,0.7259557809696865
431,1.0958251530147518,0.6631912073345976
432,1.0950507984216211,0.725099150222534
433,1.095637371077082,0.7445470070711603
434,1.0950322858571244,0.6427354360349535
435,1.0950281886960704,0.6911383354112438
436,1.0945445585102245,0.6800077125143472
437,1.0948189331503477,0.7292939040408315
438,1.0942627695766904,0.705313061085844
439,1.0944434210553915,0.7127992071425652
440,1.094119327378177,0.6878536786119573
441,1.0941439308000782,0.7110010721036905
442,1.0936417407276886,0.6410205052000691
443,1.0936960888457052,0.7258142351460294
444,1.0935271340157515,0.7450935627087214
445,1.0935936261822503,0.6487841042000779
446,1.0932312390666925,0.7148266027438946
447,1.0931212783737532,0.6989375902349081
448,1.0930003721945805,0.7219123621436057
449,1.0928386204053675,0.707174455825724
450,1.0929755968233281,0.7100013756548393
451,1.0926233284891758,0.6347323701785036
452,1.0923080724262233,0.7149372167155781
453,1.09271487397513,0.7157933332651903
454,1.0920508434539264,0.6693451951273653
455,1.0922579573385194,0.7354976444952306
456,1.0921388668564,0.7124159834075908
457,1.0919246107500766,0.625956872702399
458,1.0917748619918395,0.7421134784041289
459,1.0920074008979856,0.7075952453806019
460,1.0914220441871099,0.6552744511782931
461,1.0916590388644072,0.6554912621448783
462,1.0910548199399928,0.7394494116509449
463,1.0914879218965747,0.779478996551855
464,1.0915415427130497,0.6617539601489775
465,1.0911078404436418,0.6718876435179423
466,1.0909706107354202,0.671164082209327
467,1.0908643246283578,0.7526089287397714
468,1.091070588458084,0.6779668452917599
469,1.090714638503781,0.6721304128050226
470,1.0905974407878187,0.7203268483443351
471,1.090808204121483,0.7015765847337304
472,1.0904199307202882,0.6906183372572737
473,1.0904586617124776,0.7074843680784493
474,1.0904460895118993,0.6964160092202737
475,1.0903638356949248,0.6887913992648408
476,1.090009912889815,0.6537397624332092
477,1.0904031568565689,0.7232923929588084
478,1.0898373926300373,0.6681938435088879
479,1.0902077432961548,0.734383696252781
480,1.0898954188056733,0.6633285778149183
481,1.089683038708174,0.7224323059430678
482,1.090034268423129,0.6952918858156948
483,1.0896762288353825,0.6657029570364464
484,1.0897457309108438,0.6971395425746783
485,1.0894277037787525,0.6633342785698219
486,1.0894327825335766,0.7465303635588326
487,1.0895827486345566,0.7275829917844929
488,1.0896507359371088,0.6947350818380397
489,1.0891074221967834,0.6724296332461457
490,1.089575632352816,0.6941804431810056
491,1.0890272967597872,0.6978589628957627
492,1.0894376525380813,0.6837200491281665
493,1.0888553309747175,0.676840211311297
494,1.0892828006911601,0.6773051768596239
495,1.088744557226981,0.722908273858204
496,1.0890988460094428,0.7464725140330495
497,1.089045716679275,0.689239395109598
498,1.0889812239757046,0.6665799684986704
499,1.0888193230430434,0.6434025637997648
500,1.088373295878088,0.6952102778909287
501,1.0889789977035258,0.7600426485765789
502,1.0887415524216653,0.6658922056824979
503,1.0887407408596939,0.6670088471788983
504,1.0883561595812716,0.6960047779247455
505,1.0886563457126177,0.7375579634364289
506,1.0884564411887039,0.6293927218959103
507,1.0885666179103395,0.7406779086868659
508,1.0884520841292742,0.7090782449014196
509,1.0882778548997365,0.6805113059608938
510,1.0883850881784416,0.6858488187331073
511,1.088309083111402,0.6981678364029711
512,1.088185005998464,0.7209639745400162
513,1.088555178654722,0.6765589123654592
514,1.0879371931592163,0.668095057103208
515,1.0882647869515294,0.712641099910066
516,1.0879608112026777,0.6607811050402924
517,1.0881589009355055,0.7109694390752993
518,1.0880114948114186,0.7311111827870954
519,1.0880078913568076,0.6655002002645373
520,1.0880024247364548,0.7168176590663081
521,1.088089319808143,0.6943290185794109
522,1.0879803021984946,0.663771283434752
523,1.08763801439803,0.6623916283563377
524,1.0878278188527948,0.745989961952172
525,1.0880828894073569,0.6110260483867701
526,1.0873387644559154,0.7531029811139573
527,1.0881601086697494,0.687188429098617
528,1.0875281474887144,0.7104573816429368
529,1.0879567568236979,0.7083977011502732
530,1.0874257427740048,0.6526737612405099
531,1.0878673508591905,0.7025717112747281
532,1.087336161155001,0.6921054044443731
533,1.0879554918774939,0.6650506910882773
534,1.0873578848702175,0.7280004624753775
535,1.0874489934456533,0.7131279279482822
536,1.0879602876026657,0.6944064403954376
537,1.0871720269178473,0.6290730264155392
538,1.0874879486565492,0.7445210370596992
539,1.0873628962278417,0.7057594022462117
540,1.0876191480445032,0.6635067812507496
541,1.0874069953413288,0.7178379446540473
542,1.0873846489114698,0.6571786068584622
543,1.0873142202841148,0.7150343712359508
544,1.087358424406268,0.667869976045169
545,1.087374754357297,0.6999168286883781
546,1.0871958563127675,0.6657226091856002
547,1.0872130254666126,0.6787983519618471
548,1.0873098116653355,0.7527620851305634
549,1.0871992055014843,0.6576639828441084
550,1.0873031105198367,0.7107877946349069
551,1.0871376566346516,0.7128801113505217
552,1.0872470544315072,0.7223415602782252
553,1.087313681418829,0.6633707761174
554,1.0871206143507566,0.6567663896959763
555,1.0867822153923905,0.6969788848537746
556,1.0873307876549019,0.7302439993359886
557,1.0871925615945703,0.6964023651726563
558,1.086823900264454,0.6965011452772693
559,1.0874678676054186,0.6479606799885402
560,1.0866501674878615,0.6755897863781049
561,1.0871598655920165,0.7193847812860533
562,1.087014425234193,0.7141190548147316
563,1.0870351689498858,0.6886614441328407
564,1.08694665693182,0.6783367976035246
565,1.0869716623677705,0.6723729364642326
566,1.0870610149924866,0.7478554780096832
567,1.0868755266088823,0.6539887394008271
568,1.0869848409467,0.6792268765382453
569,1.0867665918987397,0.6328520019726224
570,1.086707067424947,0.768923662194946
571,1.0870710381249409,0.7391045720228043
572,1.086926779387385,0.6383098832203851
573,1.0868040661002218,0.704267871057492
574,1.0871160213798219,0.6763499885352624
575,1.0864963021329932,0.6319087643313719
576,1.0868307707638751,0.7805763321102825
577,1.086965504285122,0.696066057595879
578,1.0868250436782463,0.6624682150541804
579,1.0866214838109458,0.6980499382154103
580,1.086993601395336,0.6874949947172802
581,1.0863326423879454,0.684652010008549
582,1.0873497397728438,0.7232050990310266
583,1.086349652766439,0.6418069311676994
584,1.086743123037364,0.7018564724147462
585,1.0866795500030086,0.7513187882149531
586,1.0869444777114496,0.6845331163940601
587,1.0865182385235999,0.6786055278997847
588,1.086967921935771,0.6317725282689037
589,1.086108774359097,0.735252766108942
590,1.0871211503865705,0.6953363733001978
591,1.0864590178150764,0.6633941731196618
592,1.0867133489894993,0.7169536235580626
593,1.0864479340954216,0.6921243746341476
594,1.0868613744210667,0.7148289670795992
595,1.086468721700183,0.6558256663104213
596,1.0867264101932643,0.6951384516961886
597,1.0865861592215729,0.6692800630961014
598,1.0864054413703281,0.6857821759861211
599,1.086620712369926,0.7687186001450961
600,1.0867634369110888,0.6639974691519923
601,1.0864286563057524,0.6753501171253857
602,1.0866918272124888,0.6924256830102608
603,1.0863627441386232,0.7364831358307997
604,1.086799263885754,0.659954293895225
605,1.0862765025449157,0.7105756736922162
606,1.0867301879486417,0.6829467310555831
607,1.0862957666835211,0.6565409300470709
608,1.0867043974727977,0.7560987197656319
609,1.0863864654985893,0.6422284553926443
610,1.086610802079947,0.7082169460814282
611,1.0864923659158434,0.6531203302282456
612,1.0864120821421204,0.685065416368454
613,1.0862189202682684,0.7110208109959336
614,1.0865428353442395,0.7385189553664242
615,1.0867580850693865,0.6821082385801579
616,1.0864262380182623,0.633241331244925
617,1.0862143745480137,0.7024454246975026
618,1.0866206800670013,0.6953250290610005
619,1.0862533616998888,0.6884584052031523
620,1.0866677224776045,0.6817870475629502
621,1.0859613788823719,0.708429344797964
622,1.086910262767967,0.7374619589245816
623,1.0862415187256695,0.6536827209143607
624,1.0864759699805144,0.7122989883163603
625,1.0862705042789336,0.6737171370371288
626,1.0865539957551482,0.7027751872934606
627,1.086085505310179,0.7230618871210609
628,1.0867924520907126,0.6760843589502414
629,1.0860004723432621,0.6679911607152781
630,1.0866383859617783,0.6751982622494122
631,1.086303373809567,0.7119454885389653
632,1.0863937742542575,0.639093018611968
633,1.0862237348887152,0.7363431658519994
634,1.0864003318138589,0.6841149939571627
635,1.0862650092233386,0.7672277201706932
636,1.0865828514443618,0.6525581100044384
637,1.0862106334356199,0.6680668438282847
638,1.0863983521380374,0.6738183415541416
639,1.0860964841377567,0.6675698085634301
640,1.0862968112188987,0.747642245939667
641,1.0866029863516629,0.6909821154808392
642,1.0861162677691034,0.6682277315959865
643,1.0863639324271879,0.6491920041910556
644,1.0861975801199526,0.7444538983907683
645,1.0863840822879738,0.6938343128653338
646,1.0864398703605465,0.6782541629198198
647,1.0861198196084954,0.6745719750950661
648,1.086122167824118,0.7541466439663602
649,1.0866186220427787,0.7201323668105369
650,1.0862657425970828,0.6377717696683753
651,1.0862269588527822,0.6420156301037795
652,1.0860328601963585,0.7509114060392136
653,1.0863993158296297,0.6874928997582956
654,1.086383468825151,0.6592128246124864
655,1.0860998784998377,0.690708716762908
656,1.0861034012496062,0.7370302114106076
657,1.0866690258195029,0.6688220151636269
658,1.0858942919625916,0.6918956714948477
659,1.0864910434398956,0.7171920491888838
660,1.0861140150480897,0.6672748609055393
661,1.086291085094946,0.6590746642916945
662,1.0860022013984818,0.7565619711246983
663,1.0866003051858013,0.6805498277033768
664,1.085997076926051,0.6628410581722356
665,1.086285379032608,0.7054317999323401
666,1.0861059932692168,0.6569920535834578
667,1.0862992569213734,0.7303792896690621
668,1.0862136177310344,0.6926066970789642
669,1.0862849417382845,0.6482777905416871
670,1.0859363042118384,0.670770415142374
671,1.0863878375248444,0.7855802417944016
672,1.0861112580661993,0.660858926460447
673,1.0864429370627247,0.684665579205801
674,1.0859203456424167,0.673831159112688
675,1.086277003020186,0.6220076215875316
676,1.0858262668981968,0.8208259235751407
677,1.0867538969919759,0.6453828215834504
678,1.0858527132533606,0.710146070147639
679,1.0865754025208227,0.6544352009972291
680,1.0857134658054521,0.7247098153535001
681,1.0863989825481768,0.6737895457146674
682,1.086148399842805,0.7144800751641801
683,1.0862447465074374,0.6555810812868283
684,1.0859503795815635,0.6704055106461774
685,1.0862176523564908,0.7253504274939673
686,1.0863210669842789,0.6875126590089574
687,1.086042854046455,0.7138165167565578
688,1.0860699004551913,0.6561176282200378
689,1.0861736067713088,0.7443638619654291
690,1.0860669513213044,0.689589361280343
691,1.086421003587487,0.6959553758540653
692,1.086122686669836,0.6373228041528765
693,1.0859536837794688,0.6981284239445995
694,1.0863037601427583,0.7156161789348465
695,1.0861259179252891,0.594383471797416
696,1.0857416928613508,0.7684719764872615
697,1.0865421998515077,0.7104651299272019
698,1.0859121093279247,0.6906782407031455
699,1.0863087513975693,0.6723049200307846
700,1.085952039584272,0.7003156266202577
701,1.0861941252024876,0.7081660829105171
702,1.0859959509290706,0.6530520292523598
703,1.0864553440830327,0.7314707296036518
704,1.0856489592942349,0.6752600107944681
705,1.0866363530106595,0.7192045222576314
706,1.0858639456385668,0.661355295376411
707,1.0860730761937833,0.6828871376034438
708,1.0860240290643524,0.7028708443383995
709,1.0861167335024324,0.7415161141140897
710,1.0861452762361026,0.6570141249625018
711,1.0859979611755586,0.6715305353654532
712,1.0862102398665616,0.7329852558402362
713,1.086179473562804,0.6629997965213154
714,1.0861248518101048,0.6434728769775725
715,1.085794431580202,0.670250311767782
716,1.0861232704657422,0.8147468927304443
717,1.086327646844986,0.6429818567512875
718,1.0860522547328681,0.6596332153451633
719,1.0860830614383632,0.6985797941822799
720,1.0859074051306368,0.6949707292368921
721,1.0861207907500876,0.6838207345918448
722,1.0860011151621334,0.7075444456317671
723,1.0862504245226734,0.7026398932945139
724,1.0859957837533962,0.6390462361152194
725,1.0859936030712283,0.7455472626541642
726,1.0862158115961151,0.6548587780075965
727,1.0860450209194683,0.6789687426391924
728,1.0859141044078842,0.7321637456596726
729,1.08593685365707,0.7194420162738172
730,1.08628732114357,0.7100066829962773
731,1.086062288582156,0.6871161695277399
732,1.0862327736265898,0.6562368114067078
733,1.0857483041323508,0.6682395178989576
734,1.086265202022115,0.7018969325598732
735,1.0859107031771502,0.7080326006439469
736,1.0861903337646432,0.7148255579416043
737,1.0858658645365393,0.6819316148513592
738,1.086225696020857,0.7212807927953125
739,1.0858735755319253,0.687046562298237
740,1.0862123535431787,0.6890094085021442
741,1.085872123730225,0.6839311697193647
742,1.08608804755695,0.6866665233203397
743,1.0860596002626541,0.7289579449916351
744,1.0860739355627405,0.6984195899363344
745,1.0861315415948363,0.6610791202589934
746,1.085999004080727,0.6422147830587516
747,1.085893278704984,0.7659244690734005
748,1.0862392490889499,0.6393212446338988
749,1.0856980925324098,0.7468183685503939
750,1.0864809497042183,0.6835729663576763
751,1.0856941068322445,0.6435280031342562
752,1.0862633334683658,0.7365839931304936
753,1.0857633781514062,0.6730070231784172
754,1.0863239570528094,0.7199033020676455
755,1.0858461557214232,0.6330968782798165
756,1.0860169166601117,0.7614873922095027
757,1.08594684781136,0.684587496395371
758,1.0862548044344338,0.6882642992881521
759,1.085888805099174,0.629498945827798
760,1.0859066735070544,0.7098526873265965
761,1.0861918691063077,0.7329813651464024
762,1.085954630329677,0.6542270045719909
763,1.0859408978899785,0.7504167293574491
764,1.0862551673635394,0.6506006080338415
765,1.0857533720835126,0.6958999372768301
766,1.0861862296773896,0.7052834064142723
767,1.0859766255910603,0.6737372136735874
768,1.08585482523587,0.6752526889408119
769,1.0860384836424841,0.6981415486028753
770,1.086053457638872,0.7009559416268797
771,1.0860410548731663,0.6675263668819325
772,1.0858781692853845,0.7473777042609114
773,1.0861261071393629,0.6384491579560706
774,1.0858903508667228,0.7297797003403043
775,1.0861613563796761,0.6656424761599471
776,1.0858312708597968,0.7095760830631695
777,1.086048742163027,0.6516665633744756
778,1.0858323515068773,0.7858986273103453
779,1.0863204206795507,0.6640532369578199
780,1.0858403870739357,0.6835591953140794
781,1.0859148611907294,0.6602164239700649
782,1.0858421109284455,0.7621904389948834
783,1.086305296545373,0.6848359676942616
784,1.0858795947630977,0.7120428465828178
785,1.0862401958325485,0.6796365492624022
786,1.0856735366613117,0.6464415811887624
787,1.0861655856965322,0.7274956502051755
788,1.0858858561224465,0.676936146693573
789,1.086061271497782,0.7108820696420728
790,1.085958282086734,0.6487247054900254
791,1.0858349962824327,0.6846413397573121
792,1.0860460315039637,0.7780830072900665
793,1.086198902519666,0.622718345142036
794,1.0858574217978123,0.6679828396308185
795,1.085833500591783,0.7378882137457364
796,1.0860716637875978,0.692722834438653
797,1.0859114228266409,0.7036059112566174
798,1.0861749787786534,0.6747694569466636
799,1.0859149509120756,0.654554127410809
800,1.0857340353783527,0.7270806887850092
801,1.0862189230739345,0.6386606483755901
802,1.085702421840515,0.7332820236637401
803,1.0861889454067386,0.7350272474272895
804,1.08578547875076,0.6892431653397625
805,1.0862831069406909,0.6894188706704402
806,1.0855970996082802,0.6668220679990253
807,1.086386807773988,0.676700628971601
808,1.0855446728453493,0.7382286344364226
809,1.0863180734400257,0.7090888616570689
810,1.08573426896178,0.679805840858352
811,1.086305623210312,0.6560308275690667
812,1.085592717371216,0.6873838341443422
813,1.0860150074299166,0.7020135960364298
814,1.085890743112694,0.6925738071131776
815,1.086069486487296,0.7223855087715626
816,1.0858932079254227,0.7226280155132069
817,1.0862178756134837,0.6629668362472552
818,1.0856096469685674,0.7271968964318214
819,1.0864801961160038,0.6846846616316723
820,1.0855270307108076,0.6368755043844346
821,1.0860935782350776,0.7234437521274069
822,1.0854246389118825,0.7114305072494621
823,1.0867114182095676,0.7045184027363858
824,1.0855947800913341,0.6790860688435757
825,1.0862593831074796,0.6356542666028511
826,1.0853659315439936,0.7242612922084611
827,1.0863469135247137,0.7586110316816489
828,1.0858928434344215,0.6619684257660196
829,1.0859161896987148,0.6861607774820273
830,1.0861250343683178,0.6644249122541354
831,1.085708737222093,0.7305583934079183
832,1.0861513336722606,0.6610691602822034
833,1.0859246735579149,0.6898866357131492
834,1.0858394218483467,0.6940709878921342
835,1.0858689440348361,0.7155100932479486
836,1.0860416620586955,0.7271978288776504
837,1.0861407133956484,0.6649917116839744
838,1.0857709393066972,0.6811314580175125
839,1.086087964362692,0.6216049944860498
840,1.085552972309657,0.7804879734670189
841,1.0863130184869827,0.7073566849637672
842,1.0858184530802928,0.6323741121910942
843,1.0860122512068573,0.6800147954839685
844,1.0856922878868,0.6754144602591128
845,1.0859936053121821,0.7466337468541622
846,1.0860474432238176,0.6580440368501169
847,1.0857691893925,0.7059945594574453
848,1.0861007626419474,0.7006785096284596
849,1.08583809090611,0.6927730549146338
850,1.0859290790468672,0.7017915259454972
851,1.0858843370598976,0.67627538372434
852,1.0860465944076252,0.6970911987749739
853,1.0856726636605494,0.7143579297512377
854,1.0861017258938792,0.7365679995647982
855,1.0859015070881477,0.6600376948763762
856,1.086149400171538,0.6791895462994831
857,1.0857231153685931,0.6782587724601224
858,1.0858953824926063,0.7202428633723144
859,1.0859548495470825,0.7095972881890358
860,1.0861035263696077,0.6449009899120471
861,1.0856785224187444,0.7066524175981733
862,1.0860018473487012,0.7118089323882428
863,1.0859193696636549,0.695749536921378
864,1.0860490035396688,0.6991977422913587
865,1.0858953648499583,0.6220885141991885
866,1.0856071634689572,0.70053899300063
867,1.0861053516000965,0.7826832984882537
868,1.0861227807115648,0.6607626821417638
869,1.0857867876679226,0.6699502913207249
870,1.085926820464368,0.6670385429585634
871,1.0857776134108954,0.7321496377719237
872,1.086195893023964,0.6910747283562563
873,1.0856847354087775,0.6610966924640996
874,1.0858905148423328,0.757264944885874
875,1.0859204576930306,0.6925000674804024
876,1.086081520294758,0.6509394335088423
877,1.0858034489135735,0.7130150963859879
878,1.0859315075055707,0.693358726422477
879,1.0859398893714989,0.6642297858167973
880,1.085997839841176,0.7495677988395524
881,1.085791773943601,0.6339053818698318
882,1.0859153027477135,0.752416074150816
883,1.086090027749563,0.6451725174045814
884,1.0858010299130094,0.6776645167758379
885,1.0857825117306588,0.7130004888372466
886,1.0861452055547203,0.6982926604512492
887,1.0855986798021382,0.7265672236631322
888,1.0861237647943267,0.667338987798582
889,1.0857640451528814,0.7464027470311606
890,1.0862261830817928,0.6695851533843797
891,1.0855787654366198,0.6439678647478545
892,1.0861378694778414,0.6804587637373168
893,1.0855951767964844,0.7541613544861198
894,1.0863269606744081,0.6967364248802146
895,1.0856637947719738,0.6485401207263877
896,1.0859443050013926,0.7244365735475434
897,1.0858073011925495,0.710049625554663
898,1.0859136686594375,0.6959817022275026
899,1.086058378080232,0.6553959762782094
900,1.0857684047613991,0.7312176379124882
901,1.0860105267315945,0.659188246902003
902,1.0858970553364362,0.742973405428505
903,1.086073917453952,0.6797629098577849
904,1.0858284281501234,0.6594229924720477
905,1.08578752587238,0.6487521647508687
906,1.0857267632829248,0.7805603470567439
907,1.0860544297352148,0.674603319406531
908,1.0860408768619398,0.6963676520120964
909,1.085770310524022,0.6605475426503343
910,1.0858079815539736,0.7371972085806658
911,1.0860193589309777,0.6508998825534327
912,1.0857580416836563,0.7239829189121858
913,1.0860443460500369,0.6616710088052312
914,1.0856253199112822,0.6979325393897993
915,1.086277514696997,0.694648314946338
916,1.0855458701882013,0.6793585657159791
917,1.0862253082726654,0.6696360672783174
918,1.0853795138464033,0.6645593101385472
919,1.086090685666016,0.8117259723646687
920,1.0859929813673772,0.6691267097756609
921,1.0859607320840303,0.6815428917401641
922,1.0857535044931301,0.7163728558292085
923,1.0859913344068102,0.6775422784221357
924,1.085915416386285,0.6645908109080912
925,1.0857486728398942,0.7365029268714149
926,1.0860046834047674,0.6927223872873807
927,1.0858156105638173,0.6867191160545286
928,1.0860176209328831,0.6945457445652986
929,1.0858272591630933,0.6863859491236792
930,1.085824842189437,0.6933170684998105
931,1.085942414658207,0.6425055582485057
932,1.085587257971301,0.7835451105972728
933,1.086370000191976,0.6600832072861945
934,1.0857026897390332,0.6829927965655438
935,1.0860347261314816,0.642421794130775
936,1.0854541644146625,0.6840338299557973
937,1.086127511945331,0.716683359583554
938,1.0856335314409957,0.7392129622347681
939,1.0864291725436128,0.6462908066275338
940,1.08521701889802,0.688550824163923
941,1.0862286146406035,0.7987837610933959
942,1.085932812666394,0.6276674566887043
943,1.0859034800703775,0.6572232407440489
944,1.085702223974152,0.6963741932467304
945,1.0859027024595675,0.7424802809206849
946,1.0859323359437523,0.7174627111992975
947,1.0861026396327762,0.6495169282566412
948,1.085808740076642,0.6400727162943697
949,1.0856397146335184,0.6789609080933182
950,1.085930790253021,0.736023995798195
951,1.0858548755152468,0.755618575618398
952,1.0860746595800208,0.6382205567555935
953,1.0857870500489328,0.7056705123093783
954,1.0858082807246925,0.7338369781101808
955,1.0860162425216613,0.6552157542349242
956,1.0857595516744805,0.6964795031348993
957,1.0859375028118616,0.6517357009057508
958,1.085682177532687,0.7321005895531538
959,1.0861384316554636,0.7050680285146228
960,1.085713160002609,0.6485704408834341
961,1.085868341646196,0.7413928118466335
962,1.0859849619502862,0.6720747176380715
963,1.0855971435171314,0.7189794354796756
964,1.0861300263311495,0.738778665258985
965,1.0857670173726346,0.6466386215292486
966,1.08610112191582,0.6891777148013684
967,1.0856056289083138,0.7040031343805798
968,1.0861001021251677,0.695507611513566
969,1.0856151842562876,0.6693131047074223
970,1.0861364077008724,0.6895962290044966
971,1.0855692148504306,0.6575680267252662
972,1.0859982931152996,0.7845908266794913
973,1.086077861381024,0.6707944980236226
974,1.0857456471144913,0.6415122738655756
975,1.0857298388826593,0.716307081601101
976,1.0860524723982985,0.6851149754084966
977,1.0855708138923694,0.7242333555545771
978,1.0862152201046307,0.6918189721086487
979,1.0856138461250262,0.6304860340004148
980,1.0858853882268684,0.7444730001345969
981,1.0856952759447924,0.6863169021165699
982,1.0862187405219805,0.6565583464111738
983,1.0854659566144385,0.7312074286499759
984,1.086121787326011,0.6751304889265619
985,1.0856389203879464,0.7336255280213153
986,1.086098821460843,0.7077264855652128
987,1.085784098366657,0.6867784678930511
988,1.0859258031676933,0.6594960190525955
989,1.0857214888512186,0.694521668716765
990,1.0859846984613946,0.713063769710786
991,1.0857208109521468,0.6986665750867849
992,1.0861513541334726,0.6797624222874261
993,1.0855310222398955,0.7257575212067909
994,1.0862036512787805,0.6871391357781973
995,1.0854049658218727,0.6738822971621173
996,1.0862942756479463,0.7263817718959095
997,1.0855480600436398,0.6376265743046344
998,1.086150526771451,0.7223702404311828
999,1.0856151792566433,0.6920831759780767
1000,1.0861243663767555,0.6902133808868529
1001,1.0856479887835193,0.6496016261818907
1002,1.085914693186412,0.7219044278252678
1003,1.085854071425259,0.6930481288576762
1004,1.0858869563501405,0.6952414925232296
1005,1.0857185004191003,0.713894610755465
1006,1.085809484234367,0.6768974339182415
1007,1.0861468214709806,0.7273681238172839
1008,1.0858707248232689,0.6263316021229774
1009,1.0854701442517407,0.7129122120391483
1010,1.0860362386795417,0.733658026784019
1011,1.086009038832372,0.7120209984897787
1012,1.0858638799522276,0.6248183351625523
1013,1.0856748002391376,0.6824551735361136
1014,1.0858204649517431,0.708862465943515
1015,1.0856282466188036,0.7487447505599657
1016,1.0862239715122228,0.6817621931380307
1017,1.0858543655927526,0.6991701040107775
1018,1.0857599986988193,0.658433626410923
1019,1.0856965606002744,0.6996239940399275
1020,1.0861440341379882,0.7189700570686048
1021,1.0857460382600186,0.6583643781551369
1022,1.0858852022640082,0.7073136337735934
1023,1.0857259855941064,0.6775051037125536
1024,1.0856889229234228,0.7267895609270233
1025,1.0862495762815647,0.713215207420664
1026,1.0858055070186832,0.6327733882964122
1027,1.0856830984546282,0.6809650008869497
1028,1.085626254040473,0.788990968128555
1029,1.0861123471114422,0.6777541460474212
1030,1.085898813213435,0.69914498488363
1031,1.0860687671298148,0.6463720916816212
1032,1.0853674226333172,0.6377847772394154
1033,1.0859987590300126,0.7477036942307487
1034,1.0858411256955969,0.7077172316048662
1035,1.0859967906775778,0.6711721002596777
1036,1.0856556814098328,0.7171822302256773
1037,1.0860942878902549,0.7143444436616916
1038,1.0855451911970544,0.6779894079965413
1039,1.0862809647977008,0.6968485744356049
1040,1.0854907169218944,0.6444405924803048
1041,1.0857242785706998,0.7547842077329839
1042,1.0859758150363834,0.6833758175718341
1043,1.085953542968701,0.6960249714316764
1044,1.085771779987138,0.6775886584968165
1045,1.085920400829009,0.6316364335877876
1046,1.0855636766838523,0.7176265444888678
1047,1.0858820622116112,0.7455391468199751
1048,1.0860533733498423,0.6910167175849017
1049,1.085764473797128,0.6676617952021557
1050,1.085669115560639,0.7755958427695797
1051,1.0863635583370665,0.6588640693661848
1052,1.0853593960610564,0.62957946826413
1053,1.0861538364482295,0.7228901287580136
1054,1.085409332308641,0.7651489592919413
1055,1.0863319541095238,0.6513284303264361
1056,1.0856890581232843,0.6761174053413153
1057,1.0859879683833666,0.6740061285499811
1058,1.0854392781384854,0.7006656621046891
1059,1.0862633425766934,0.7431288533271111
1060,1.0857128351257823,0.6309822034935688
1061,1.0857241784113243,0.7375220445736549
1062,1.086083825567034,0.6769354437594465
1063,1.0857059865331582,0.6903645348845348
1064,1.0858658961551677,0.676885337093974
1065,1.085687946217522,0.7070891818219684
1066,1.0859832932061708,0.6527204656284766
1067,1.0856095171012528,0.7785684336690898
1068,1.0860612384515957,0.6581533003497287
1069,1.085775094360101,0.6904113970344133
1070,1.0860139990202136,0.6722290236691743
1071,1.08571718936968,0.6963158701713404
1072,1.0856589066056386,0.7355657966833797
1073,1.0859059952655423,0.7233200546900679
1074,1.085948946372215,0.6601114705988594
1075,1.0858789845387928,0.6605031541719103
1076,1.0857152410659214,0.6853136071610486
1077,1.0857544014798801,0.7342323367936148
1078,1.0859457266093515,0.7038434068711791
1079,1.0858815969363111,0.6789800465658862
1080,1.085710750448456,0.7382043604617197
1081,1.0858483841476994,0.6871770719681684
1082,1.0860889881134144,0.6611480986368767
1083,1.0855322700541783,0.717397997492198
1084,1.0860789632777297,0.6370889376769905
1085,1.0856152298903794,0.7369633866873008
1086,1.086116779294914,0.6809380623836695
1087,1.0855263503280301,0.6917355218679514
1088,1.0860030692364657,0.6743684056146525
1089,1.0855786342122606,0.7583862333145267
1090,1.0862124901931391,0.651986409739118
1091,1.08552548267871,0.6590610263369601
1092,1.0858691711724513,0.754491085713428
1093,1.0858623725960446,0.6952614593747717
1094,1.0860415822633647,0.6921120751395617
1095,1.08569861250642,0.6644110540786473
1096,1.0858109629421324,0.7052748291071448
1097,1.0857171097329776,0.6904430557365914
1098,1.0860359720407313,0.6981522720621389
1099,1.0856567276348312,0.7138668793733208
1100,1.0860940382684732,0.6564160597704967
1101,1.085380156443478,0.7246118344766085
1102,1.0862415888393497,0.7109206980764299
1103,1.0855822314409311,0.6680486426692915
1104,1.0862382892068505,0.6513253554875492
1105,1.0851907978852762,0.7115056093995167
1106,1.0861612278414237,0.7135620214236872
1107,1.0858693182901498,0.6689222484266738
1108,1.0857696008220614,0.7196409533055652
1109,1.0859658322039876,0.6869285185945332
1110,1.0855683115691972,0.6671865898569269
1111,1.085829112967378,0.7520945529997968
1112,1.0859226857141715,0.6876447334924363
1113,1.0859775234113966,0.683918570617288
1114,1.0857367736027483,0.6883517099776366
1115,1.0857904315186144,0.7091836145479162
1116,1.0859037272596204,0.7136469037869555
1117,1.0859184673522748,0.6765630791734465
1118,1.085830192140255,0.6660650139225751
1119,1.0854350826724966,0.6815416922006236
1120,1.0860998667515365,0.7779134848238495
1121,1.085984577552417,0.6631668963283143
1122,1.0857964844773915,0.687377342905691
1123,1.0857914746372372,0.6102528519236533
1124,1.085550885514499,0.7373789686955747
1125,1.0862684335134756,0.7427863859318494
1126,1.0854962032608375,0.6710598947842109
1127,1.0860717648728668,0.675601377246509
1128,1.0855791293333474,0.7043545527647349
1129,1.0859452835856713,0.672655414496099
1130,1.085670005883202,0.6749413076585338
1131,1.085870799460948,0.734974817025753
1132,1.085783881164335,0.6665376293456869
1133,1.0858187621241875,0.7400274657120979
1134,1.086051338126645,0.6444501189346626
1135,1.0857012986245909,0.730628671612675
1136,1.0857586937179076,0.643230299358521
1137,1.0856186978620916,0.78205900777089
1138,1.086181122215253,0.6652968806944297
1139,1.0856778233258841,0.6713170070104415
1140,1.085849036426671,0.7088000556835865
1141,1.0858342105096277,0.6867514877846431
1142,1.0856731806374949,0.7266374127379442
1143,1.0860619021998879,0.6479449211188729
1144,1.0854907550824626,0.7058952566289552
1145,1.0861217230437792,0.7081706660543509
1146,1.0856914079190856,0.7122714110182963
1147,1.0861089347696284,0.6703485934488964
1148,1.0855252373406812,0.6510149681396176
1149,1.0859008098318879,0.7070619716629525
1150,1.085417515774133,0.7525837674696567
1151,1.0864227589507014,0.6573438455450801
1152,1.0853908450769267,0.685242427817859
1153,1.0861556005514001,0.684260101848402
1154,1.0854837136353277,0.7166013579661239
1155,1.0860936441761881,0.67868637086646
1156,1.0855109584260874,0.7367786691958784
1157,1.0862255809681662,0.6926713870690778
1158,1.085321958644184,0.6531996973800522
1159,1.0863841994382586,0.7196805940973523
1160,1.085346478032012,0.677951381518817
1161,1.086193163689273,0.6835089900358249
1162,1.0854910761971592,0.6678190560361116
1163,1.0859659709630642,0.7352557962249531
1164,1.0856423071253034,0.765401901427114
1165,1.0863295549031933,0.6278915691069111
1166,1.085397898660934,0.6633264761080083
1167,1.0858787083465031,0.6978310449864302
1168,1.085780304760279,0.6940448310248155
1169,1.0858987423173057,0.7452309969391556
1170,1.0857725701223253,0.6593157802126437
1171,1.0858634570514971,0.7017964605579515
1172,1.0857994824259558,0.6982375489319023
1173,1.0858903223488447,0.6624164014043501
1174,1.085645927459312,0.7119360464787406
1175,1.0857550308546073,0.7027516035811134
1176,1.0859683724687499,0.7424928365012351
1177,1.08590821278934,0.6628171772253777
1178,1.0857906381642906,0.7067193402687824
1179,1.0857829351714061,0.6703131700147359
1180,1.0858367244350333,0.7242012699688413
1181,1.085814285136315,0.6777041483669195
1182,1.0858419638725092,0.7088875599482228
1183,1.0856318528216269,0.6821207457936277
1184,1.086005519170639,0.6901372732022947
1185,1.0856300305868367,0.6981129961281033
1186,1.0860490149508213,0.723275386921716
1187,1.0857529740522318,0.6242539863798185
1188,1.0856474113405448,0.6981250032730953
1189,1.0858824011738093,0.7646465056022441
1190,1.0859781450984427,0.6589555162550818
1191,1.0857299897063413,0.6590884436937682
1192,1.0858140110007453,0.6828807103503294
1193,1.0855939243704398,0.7423979856660257
1194,1.086105204920567,0.6459264661595037
1195,1.0855488893129215,0.7439091137020077
1196,1.0861360758491159,0.6642009009154828
1197,1.0852409116689214,0.6772187366527231
1198,1.0862559805375256,0.7767060156395147
1199,1.085713871862543,0.6581283297212632
1200,1.0859711019659983,0.6764767368442044
1201,1.0854659437173184,0.6911942060747334
1202,1.0861786432049576,0.7289041955259183
1203,1.0856605955485625,0.6863502350126954
1204,1.0859285003461416,0.6931822110799318
1205,1.0857279830800903,0.6910295591830147
1206,1.0857173768025212,0.7258197578788954
1207,1.0859020123534007,0.639242379576544
1208,1.0856453949101474,0.7180951282439347
1209,1.0860702681309522,0.7182153086750467
1210,1.0858552075548866,0.6429235865761715
1211,1.0854841719308392,0.7067699294191807
1212,1.0861973463883334,0.6980235151852697
1213,1.085552284662296,0.6711685864592474
1214,1.0858451640125601,0.7167038205768944
1215,1.0857147198489494,0.687955288968957
1216,1.0857558534355192,0.716399691319163
1217,1.0859983623009013,0.6991712368877552
1218,1.0859384495205568,0.6636148499251249
1219,1.0854238448262763,0.7196131406230217
1220,1.0860554058150045,0.7131887633131558
1221,1.0860092701271369,0.6587062406337586
1222,1.085352610384171,0.7002081269939364
1223,1.0862004599769173,0.6894945377779597
1224,1.0855424979548287,0.7289695952324083
1225,1.0860844872038156,0.641958793576931
1226,1.0856507875832675,0.6640171026987077
1227,1.0856774062712333,0.7357487159399986
1228,1.0858928202482532,0.7857758095592238
1229,1.0860082757737075,0.6481852115296508
1230,1.0858648217243398,0.6725778460661344
1231,1.0855674046471553,0.6402367762788442
1232,1.0858123597167644,0.7769490923299155
1233,1.085838428024352,0.623826331099633
1234,1.0858679325732716,0.7339414502993982
1235,1.085745090619116,0.6700980517816014
1236,1.0857337922006265,0.6832890462777613
1237,1.085852743322111,0.7415343503633743
1238,1.0860432736510766,0.649358174474496
1239,1.0854536888938238,0.6735251927931164
1240,1.0858172418228333,0.7713868550628697
1241,1.0860198718032599,0.7090800208404242
1242,1.085666270534073,0.6392025492576034
1243,1.0860767347498197,0.6933444126328516
1244,1.085595991248342,0.671547075369143
1245,1.0857813563080971,0.6993020227968164
1246,1.0857294726831128,0.6993619814508475
1247,1.085995245718531,0.7087008224940734
1248,1.085574693811307,0.7005960903172984
1249,1.086174990203419,0.665881273947828
1250,1.0853271804926636,0.7316100189794283
1251,1.0861783896882486,0.6782028180326535
1252,1.0856349760755322,0.6717836375612591
1253,1.0858210610362946,0.6988098247787451
1254,1.085677401632964,0.7329142072130492
1255,1.0860979306977372,0.6615778515652798
1256,1.0855830549789727,0.6811978660075125
1257,1.0859908165379328,0.6899887702434991
1258,1.0853559781041842,0.711685743759318
1259,1.086088311522857,0.736645492103874
1260,1.085718746449017,0.7268646750528576
1261,1.0861197161651035,0.6492562758990646
1262,1.0854334955731695,0.6365844915019928
1263,1.0860435369473895,0.7829893186725106
1264,1.0858184813249498,0.6713414350755681
1265,1.0858108797592694,0.6284323706721509
1266,1.085601190822231,0.7322479336752613
1267,1.0860045647883025,0.7469303693148069
1268,1.085759256602287,0.6501526055204436
1269,1.0859404845458498,0.6636163178644643
1270,1.0855568473418875,0.7008039205744715
1271,1.0857758345693036,0.7320160661729537
1272,1.0858464486901964,0.7049059038878843
1273,1.0860549455968853,0.6682575480838462
1274,1.0855387065280366,0.6861486357161863
1275,1.0858756951809911,0.6735977897015101
1276,1.0858042274667916,0.716364967099418
1277,1.0858744497744266,0.660131046327967
1278,1.0856522171972915,0.7096250422800128
1279,1.085987546324744,0.6784788645505555
1280,1.0854578946230486,0.7501909203154433
1281,1.0860386130169262,0.7203753743707757
1282,1.08586565678613,0.6558592238602372
1283,1.0856853637680213,0.6707683435126486
1284,1.0857417039569803,0.7179252062798299
1285,1.085854432774122,0.7097086381632517
1286,1.0858523021556346,0.7180508795202053
1287,1.0859141511109123,0.6527962512591668
1288,1.085598488005494,0.6830360306119942
1289,1.085895945753487,0.7155712651695522
1290,1.0858580484295226,0.6857772352423629
1291,1.0856267115692657,0.6974000489302872
1292,1.0859592363735926,0.71454817695365
1293,1.085746235329286,0.6738438557258772
1294,1.0858331139303106,0.6772499691964347
1295,1.0858268809467384,0.7418966025840649
1296,1.0858590838501858,0.6374632926724829
1297,1.0855263572384979,0.7198455633772434
1298,1.0860773584803167,0.6896653441583513
1299,1.085494845414929,0.6761251735360148
1300,1.086029486675201,0.7611712432273087
1301,1.0856248674177962,0.6410964281033189
1302,1.086115541127712,0.7234244644855721
1303,1.085476200499531,0.6957096585079403
1304,1.086122950539436,0.6700408724111914
1305,1.0854325621823346,0.7057014275842731
1306,1.0861418954241133,0.7122354591140477
1307,1.0856124612426281,0.6945677004218999
1308,1.0860640624598785,0.6505880861734066
1309,1.0853113031557544,0.6915684735522012
1310,1.086202505473792,0.6944157161264188
1311,1.0854070249756718,0.6948462800031147
1312,1.0861735463631041,0.7169346517042229
1313,1.085602260802567,0.6793101600350905
1314,1.0857528364657503,0.72482151752479
1315,1.0858835322594103,0.730793394438591
1316,1.0859493799383313,0.6186718229607215
1317,1.085448917041414,0.7209600140845632
1318,1.085842808498187,0.7149324622248258
1319,1.0859758840028286,0.7021235863219416
1320,1.085837670996958,0.6880325409596937
1321,1.0857993684146716,0.6446275831629527
1322,1.0855684208720824,0.7149608606959147
1323,1.0859695210364047,0.7348740384843279
1324,1.0857466854423372,0.7150267972935919
1325,1.0858788813265592,0.672742730800229
1326,1.085865918425676,0.6473742536864765
1327,1.0857227079736316,0.7033603824026619
1328,1.0859110855034753,0.7047511271543518
1329,1.0856449741496323,0.7002647167144591
1330,1.0858580200360153,0.6830341219051239
1331,1.0856710567433656,0.6977099729173117
1332,1.0860230695444728,0.7152689512402008
1333,1.085604982947002,0.6527378911687683
1334,1.0860141619544696,0.7126872936891471
1335,1.0855412771637563,0.620541246463402
1336,1.085603406643765,0.7984565752865134
1337,1.0861645445778516,0.6914225525776467
1338,1.0857309677075477,0.623108416146446
1339,1.0857651899725849,0.6991699609670506
1340,1.0855747094759378,0.6923833773487135
1341,1.0861766859822974,0.733788630889269
1342,1.0854547018052414,0.6687458756285576
1343,1.085989354845447,0.7405023913394319
1344,1.0856045251967883,0.6507519425886624
1345,1.085987710989968,0.7814510223336691
1346,1.0859741365001123,0.645515887024171
1347,1.085524870585202,0.6493525883479134
1348,1.0859894576749543,0.711994574985757
1349,1.0854699531936745,0.7181679001957144
1350,1.0860755095273553,0.7234708010001744
1351,1.0858835058528677,0.6580176181171338
1352,1.0857502388324576,0.664655664782089
1353,1.0855780911471438,0.6662499779259892
1354,1.0858157631907157,0.7525266353360344
1355,1.0859784103848362,0.6878658150084084
1356,1.0855614533811122,0.7363657079374553
1357,1.0861388213824819,0.6025997189927373
1358,1.0852737192181998,0.736729599321426
1359,1.086294861823834,0.704974133944915
1360,1.0856395583876788,0.6551604884776041
1361,1.0857601877013212,0.6956836355021123
1362,1.0856346478559085,0.7004705176531795
1363,1.085854315157212,0.7650199904887397
1364,1.0860418134036958,0.638950970392393
1365,1.0855548661687024,0.6639386731065883
1366,1.085793872014257,0.6953465452777639
1367,1.0856814283680385,0.7320579853852061
1368,1.0860147032769525,0.6920624913105579
1369,1.0858269061785315,0.6815444794914883
1370,1.0854155540539028,0.6849019420244545
1371,1.0862342868919306,0.7390169365474313
1372,1.0855171625429603,0.6633859434380485
1373,1.0860327274398411,0.6999049834869447
1374,1.085514706629589,0.6627276890469417
1375,1.0859657188190546,0.7589669424528854
1376,1.0856183584361498,0.6463759900081136
1377,1.0860728244243727,0.7306777954163982
1378,1.0855761968527675,0.6998251619412635
1379,1.085838489731263,0.6832353741232955
1380,1.0859210708526985,0.6682223432564826
1381,1.0855976121375102,0.6872678451673779
1382,1.0859964920165672,0.7473445104449016
1383,1.0856219947885177,0.6445195570264212
1384,1.0859224538484507,0.7417030349682209
1385,1.0859234886392843,0.6411489854506908
1386,1.0855150452605573,0.7021807377085469
1387,1.0859683849581399,0.6997672682420825
1388,1.0856274583523144,0.7350723794095156
1389,1.0858712422951564,0.6640789906742859
1390,1.0858864749798025,0.7099495581234487
1391,1.0858831313764268,0.6750876124128571
1392,1.0855863734305842,0.7175283410927796
1393,1.085872130666471,0.6404357405672036
1394,1.085743039529669,0.7017891525878972
1395,1.0857138595976554,0.7345960874514079
1396,1.08605387435601,0.6269093854352221
1397,1.08531303010641,0.7096125174137276
1398,1.0862309703436779,0.7310367320846153
1399,1.0856197825292337,0.6929366877899139
1400,1.0858776486845134,0.6591031766602327
1401,1.0853739897308778,0.7689178590154264
1402,1.0862123066568463,0.7073786686878503
1403,1.085742238183387,0.6727063098964543
1404,1.0858029154703221,0.6714115912982918
1405,1.0856397271152955,0.7116327164664191
1406,1.0860231842361883,0.6572289721414084
1407,1.08556019886419,0.6619719505273703
1408,1.0859479935543035,0.7270291695065142
1409,1.0856298313793005,0.7266953229242648
1410,1.0861038488859747,0.7092730392509393
1411,1.0856450153115778,0.6386848834051089
1412,1.0858411376340638,0.6973090049753581
1413,1.085505600084146,0.6659530838938468
1414,1.08598912383807,0.7848794233659779
1415,1.085810995130409,0.6287588661767007
1416,1.085886161554599,0.7034288774794509
1417,1.0856319313980989,0.6771454052882295
1418,1.0856818769329983,0.7364147948655393
1419,1.085985282304897,0.6349148280610145
1420,1.0855403381795594,0.6863261571117993
1421,1.085851384793675,0.7742481090255293
1422,1.0858605906594216,0.6505100086701838
1423,1.0857202797575338,0.7034008165157363
1424,1.0860009374238004,0.6915931741319735
1425,1.0856430560323167,0.6731205910593167
1426,1.0857694499208002,0.6970392254818415
1427,1.0856165264109705,0.7812732422053464
1428,1.0861662736470752,0.6590429148632635
1429,1.0855389426238584,0.6767239497921146
1430,1.0862294557136196,0.6821811447475922
1431,1.085100735434517,0.7066574943908396
1432,1.0863020532165568,0.737027532486796
1433,1.08560986062637,0.6339455244764796
1434,1.0860017440480376,0.717708524592474
1435,1.0854483162622037,0.6585503661614781
1436,1.0860447240899112,0.7215155189162094
1437,1.0857951862225002,0.6794749197124534
1438,1.085719737589358,0.6689912857044684
1439,1.085584771036768,0.6964978500217847
1440,1.0861071939397986,0.727255586647342
1441,1.0854659106073727,0.7418452580020739
1442,1.086113253304248,0.6587145548852483
1443,1.0856312772576808,0.6741679568197514
1444,1.085861889025389,0.7297967058175955
1445,1.0856873952034587,0.6569833957694196
1446,1.0859390042696522,0.7237087792742407
1447,1.0855804080759184,0.6596559138454092
1448,1.0860076073612295,0.6999305034606429
1449,1.085688303971235,0.6720286867358394
1450,1.085631301736278,0.7350104673207951
1451,1.0861153065088922,0.6442352879865938
1452,1.0852472538726115,0.6949168984138739
1453,1.0861652453808675,0.7669290604384106
1454,1.0857823552401058,0.6799722888632836
1455,1.085837254725551,0.6928878738343878
1456,1.0857014476331057,0.6784114699001138
1457,1.08573065780488,0.7353677640554134
1458,1.0859456366889633,0.6453596723242478
1459,1.0856877348308698,0.7222992258149155
1460,1.085812882146643,0.6533013333673341
1461,1.085485799498588,0.7264540671218043
1462,1.0860982262278513,0.7510308097338078
1463,1.085926206185262,0.6531166773997195
1464,1.085599577753299,0.6688922975093475
1465,1.085811588426327,0.673562001082032
1466,1.0856357333518396,0.7696213494199786
1467,1.0861354460546147,0.6642135310204692
1468,1.085542481548877,0.6815728861795052
1469,1.0859919896513843,0.6610741271753875
1470,1.0854216868206685,0.7331868653618959
1471,1.0862254821359363,0.6679855008452494
1472,1.0854414308480542,0.6796526916373437
1473,1.0858380336083506,0.7565684076672321
1474,1.0859313693121733,0.6304634167334127
1475,1.0854952188120581,0.7248592485976483
1476,1.0861421569671632,0.6886859659477632
1477,1.0856535236236464,0.6471433810455475
1478,1.0856069388677636,0.6924810796520343
1479,1.0858386197232355,0.7485082888741624
1480,1.085875351331136,0.6775306708537652
1481,1.0858147519110046,0.6936841770587576
1482,1.0857124427724953,0.7269602380243854
1483,1.0858404237138035,0.6776866791242077
1484,1.0856277276234885,0.6950102208352784
1485,1.0861141512644072,0.7179503125605048
1486,1.0854345054399346,0.6837428565360805
1487,1.0860392116550504,0.738517084746325
1488,1.0858331507040977,0.6681075377227338
1489,1.0858437301505128,0.654262251947424
1490,1.0856251281009643,0.6728019037723362
1491,1.0856627274733288,0.7005078516333222
1492,1.0859545266895663,0.7398481492064936
1493,1.085762507000904,0.6637625745825235
1494,1.0859804530644426,0.7017272005007493
1495,1.0855782325817906,0.6796354356790019
1496,1.08570765355261,0.7245327120210296
1497,1.085801321080496,0.6868085287449189
1498,1.0860211145457133,0.7073013711496761
1499,1.0855917856263277,0.6779335448708648
1500,1.0857430840551026,0.7117914565567441
1501,1.08579083132546,0.7250493280555868
1502,1.086173702936306,0.6531873062780441
1503,1.0853527474864828,0.6468050885097704
1504,1.0857643185547952,0.7202310915956599
1505,1.0857409355694556,0.7685982382194524
1506,1.0860394469334251,0.6823084479488033
1507,1.0858694543289502,0.653058737022382
1508,1.0856000989424992,0.6284455964881775
1509,1.0857119434749456,0.7944934863358425
1510,1.085880457314868,0.6566603530616313
1511,1.0858354324073456,0.7346602540479564
1512,1.085810318314045,0.6621465088839968
1513,1.085757608877595,0.6954408728751306
1514,1.0856879143546454,0.6958406834204425
1515,1.085895472490486,0.6774089716432169
1516,1.08574871584895,0.6861528075468788
1517,1.0855037457400039,0.6765635123679002
1518,1.0862366131037957,0.7458673285254357
1519,1.0854558471173485,0.6868504219124453
1520,1.086051533007912,0.704706157775257
1521,1.0856021748639448,0.6746143001717525
1522,1.0859405457724098,0.7149800253260049
1523,1.0856418226612425,0.6702766629922475
1524,1.085739991167361,0.7130033911826478
1525,1.0857973000728791,0.697269688636118
1526,1.085948576888988,0.6963003902127352
1527,1.085636181950449,0.6610179021539165
1528,1.0858327798378462,0.7307812922396473
1529,1.0857755461141065,0.6657465742103156
1530,1.0857316527220677,0.6547370127177202
1531,1.0857472790057765,0.7505792068769783
1532,1.0860101061780876,0.6775195151725819
1533,1.085604184914741,0.6795145097987624
1534,1.0858427156242374,0.6734366239342342
1535,1.085716841237893,0.7412383522743966
1536,1.0859005978706697,0.659147249771761
1537,1.0854514662563712,0.7521453653319156
1538,1.0861820705540126,0.6863653718914627
1539,1.0855046283986536,0.6732197193849856
1540,1.0859692290057792,0.7455756951519831
1541,1.0858550315622513,0.6658337947178721
1542,1.0857170852163136,0.6704492987920881
1543,1.0856469142518184,0.7585717249229864
1544,1.085901050300995,0.6591513441143089
1545,1.0857525902964422,0.6951242310926383
1546,1.085957643096215,0.6978761353265086
1547,1.0856317415183094,0.6233549812381755
1548,1.0857240371268346,0.7711147945018899
1549,1.085961603484311,0.6809608092285593
1550,1.0857949243705924,0.6757810128302818
1551,1.0855844003082253,0.695865190372456
1552,1.0860066789796083,0.733443335575772
1553,1.0856847265011118,0.6586704762283545
1554,1.0859711383100847,0.6758419753289792
1555,1.0853974281712242,0.6861399783087659
1556,1.085900630445457,0.7600959370158469
1557,1.0859206171428706,0.6336825127378483
1558,1.0856895651026734,0.684295034187842
1559,1.0856230156057782,0.710656490063329
1560,1.0858848675151214,0.7292521384620275
1561,1.0859006875622994,0.6859791315047759
1562,1.085674556645815,0.6445436574712128
1563,1.0857199898837193,0.7330581425562804
1564,1.0857605195249127,0.7583261374924077
1565,1.085982654084107,0.6809809431589711
1566,1.0859504620906637,0.6332218526677541
1567,1.0855539404550008,0.6841864571651928
1568,1.0857822155697008,0.6765520633293314
1569,1.0855429919141626,0.7826986306262922
1570,1.0861252568771598,0.6928845549379263
1571,1.0858334112647248,0.6764564665557388
1572,1.085711314758467,0.6662652704191175
1573,1.0856267071485888,0.6567006532094234
1574,1.08581624114341,0.7627925532746365
1575,1.0860195436073756,0.6384250879232005
1576,1.0855322044290723,0.7257910632864458
1577,1.0859804799193595,0.6427673090407615
1578,1.085317187506768,0.7654860021807137
1579,1.0864209132069527,0.660491899716561
1580,1.0853718142172042,0.7104751171227137
1581,1.0860100429468365,0.629651099384321
1582,1.085195317730468,0.7933968400105376
1583,1.0864057888360397,0.6824278531482985
1584,1.085694334559902,0.6897012680197855
1585,1.085873054183144,0.6399757804832998
1586,1.0853929846159955,0.6747511482400445
1587,1.0861962142986363,0.7293241125237138
1588,1.08543283347458,0.693551026470097
1589,1.0861077121584846,0.7017938359646464
1590,1.0855181960086335,0.6648240836738419
1591,1.08604943378065,0.7310411268869043
1592,1.0854975154635897,0.702961549844023
1593,1.0859994119571632,0.6954787626908315
1594,1.0856358628970204,0.6713298007601569
1595,1.0858627117888506,0.7271348497376311
1596,1.0856376788361097,0.7044530777659951
1597,1.0860453857073826,0.6940838311925248
1598,1.085683225482189,0.6477710574785742
1599,1.0855879493031246,0.6481459667722802
1600,1.0859842045566912,0.771146491428326
1601,1.0856675433272591,0.6787158116256606
1602,1.0859449348504762,0.7172309083670652
1603,1.0856377943273379,0.6726687314551721
1604,1.0858343161475155,0.7361805507362156
1605,1.0859055506787216,0.6703359355265701
1606,1.0857404594714712,0.6493645880536341
1607,1.0855880952393506,0.6967320511934143
1608,1.0857638705507058,0.7687836826261506
1609,1.0859687759858312,0.6720028596776979
1610,1.0859196442951873,0.6513706208724973
1611,1.0854713118876536,0.6694775018240743
1612,1.0858428864602518,0.7466220197055026
1613,1.085716571641036,0.7079221287310571
1614,1.085973977643967,0.670431101341118
1615,1.0857667459907263,0.6954384450886423
1616,1.085634090543799,0.6747262830034599
1617,1.085824149857779,0.7199673494097438
1618,1.085993160098164,0.68981037261028
1619,1.0855271279339092,0.6799846475855389
1620,1.0857756131946417,0.7266057683751664
1621,1.0858704927226204,0.7229835584983261
1622,1.0856423714384091,0.6896585095719671
1623,1.08592426589983,0.7035967084166713
1624,1.0859386571836795,0.6712512568666468
1625,1.0855259029577082,0.7114057071775214
1626,1.0860783179766376,0.6604232054023254
1627,1.0853489737652466,0.6968042667410297
1628,1.0861753346902325,0.7314056626396023
1629,1.0855603666296176,0.6373295673573125
1630,1.0859165351322257,0.6966927105452698
1631,1.085620328309079,0.704238529743669
1632,1.0859834421579346,0.6815536315814821
1633,1.085589969085992,0.6688950541174182
1634,1.0857060881381095,0.7639785135114209
1635,1.085868065799594,0.6584682116293428
1636,1.0857787876888996,0.6993013952697118
1637,1.0857941834499176,0.7046416470397906
1638,1.085719702691842,0.6871948356312647
1639,1.0858599344938695,0.7007517750131689
1640,1.0857756974114012,0.6549058051583823
1641,1.0856227122379456,0.7385817176108362
1642,1.0859451850907382,0.6592844671159568
1643,1.0856245220816843,0.7445730616868959
1644,1.0861630041099313,0.6521018485830198
1645,1.0853419569493192,0.6622204159086996
1646,1.0859711977813624,0.7437817260704419
1647,1.085385205524338,0.7622129733365343
1648,1.086369800914508,0.6773415837737041
1649,1.0857498745585916,0.6409023647925834
1650,1.0856327733092908,0.6628209417890802
1651,1.0856541363080083,0.7634538655044528
1652,1.086106764856814,0.6633919003515304
1653,1.0855787276490565,0.6800568444678767
1654,1.0856204579835944,0.6936313078289699
1655,1.0858324898666576,0.7027627237285518
1656,1.0858547253942237,0.7147862054156989
1657,1.0859064355666037,0.688919647216849
1658,1.0856335741966057,0.687917747374316
1659,1.085752283545524,0.6774800524412399
1660,1.0857885122809503,0.768871880459056
1661,1.0858777034552227,0.6728632484838484
1662,1.085776744965793,0.6932163041504952
1663,1.0858909882426664,0.6513798178555203
1664,1.0856247675496944,0.6752815710506658
1665,1.0857607042803739,0.7045641413128277
1666,1.085721479664856,0.6961446043174366
1667,1.0859759597483227,0.7356252212300934
1668,1.0856328031872455,0.638557584899554
1669,1.085827099216714,0.7179226908175237
1670,1.0857933126990726,0.6828794995271349
1671,1.0858328248783469,0.677550733771411
1672,1.0855514498797905,0.7229988779439597
1673,1.0860153597924889,0.7403565911734447
1674,1.0856265820769948,0.6541090296866358
1675,1.0859426840282667,0.7037402190549704
1676,1.08560023835476,0.6715081420162173
1677,1.0858586631097096,0.7279289602053989
1678,1.0855776678603322,0.7158275961760427
1679,1.086211204665051,0.6497587984931924
1680,1.0853225352652627,0.7302619520480226
1681,1.086060278488466,0.6844594293338319
1682,1.0857470077950258,0.6975797182229342
1683,1.0859087747969065,0.6882643815580515
1684,1.0855597310411704,0.6617181448396984
1685,1.0859306580256032,0.7045692933746167
1686,1.0855387917335553,0.681139496479743
1687,1.0859808251564957,0.7219202360529817
1688,1.0857112590823992,0.6781505332899994
1689,1.085800328318597,0.7004095578723822
1690,1.0856681349582287,0.7359994296531259
1691,1.0859195491127525,0.6474197751619879
1692,1.0856649652133612,0.6893817436976987
1693,1.085926914074508,0.7120053933403806
1694,1.0854646925585332,0.6282062056950517
1695,1.0859708061635833,0.7726226623945721
1696,1.0857412787051897,0.6618509749223636
1697,1.0860277163697998,0.6857957466504996
1698,1.0853463285453406,0.672841803805868
1699,1.0860092338049645,0.7798662462756015
1700,1.0857086210716236,0.6866172927566839
1701,1.086038783126333,0.7167859680247917
1702,1.0855441031671558,0.6586308472994319
1703,1.0859663654327374,0.7220419132483472
1704,1.085747418057586,0.6672693438319593
1705,1.0857855547013016,0.6278038512313644
1706,1.0855487550110872,0.7679316369252899
1707,1.0860253114099803,0.6881439263489494
1708,1.085812995747402,0.6812434827756451
1709,1.0857124335360233,0.6906223642364288
1710,1.0857485417422443,0.7169498305491075
1711,1.0857913594041886,0.6536987952534551
1712,1.0856300259233664,0.7034290646346665
1713,1.0860164526597407,0.7050061332761864
1714,1.0856322901159654,0.6941156807744836
1715,1.0858522933419164,0.671542849100981
1716,1.0857300634935285,0.7544130113309518
1717,1.0859114224372346,0.6403229988918133
1718,1.0856264346024957,0.6704631337723024
1719,1.085665649909945,0.7413023431386885
1720,1.0858296097653723,0.7053337889860177
1721,1.08579912652857,0.7187986784280342
1722,1.0861451240075604,0.6556810413461706
1723,1.085302422417166,0.6232762790392341
1724,1.0858901590535637,0.720823534856529
1725,1.0857534057898137,0.7375131714093277
1726,1.0858997606447525,0.7445420498428155
1727,1.0858316662163519,0.6474096870058969
1728,1.0856660531432105,0.6457366400174807
1729,1.085685393661027,0.770470336394492
1730,1.0858597155750527,0.6620838992733559
1731,1.0858558345463196,0.6898051709615215
1732,1.085628253208304,0.7000317574414656
1733,1.0856537802979693,0.7271911352811129
1734,1.086101575973551,0.6704896411834609
1735,1.0856975769681756,0.6770691014784693
1736,1.0859308290814977,0.6838600248282074
1737,1.0852242250004291,0.6705973610832319
1738,1.086287536390227,0.7652941261330632
1739,1.0853828419308233,0.7040900952012171
1740,1.08628703708405,0.6812278872525495
1741,1.0853880008775072,0.6042875088147203
1742,1.0858090541633538,0.785031622077637
1743,1.0858508810867005,0.6930815299535387
1744,1.0859070560493707,0.6687898959629548
1745,1.0857014725078504,0.684881703574986
1746,1.085604773619551,0.7170572022959328
1747,1.0859681445287057,0.6889812101781392
1748,1.0858235850804538,0.6729880385096363
1749,1.0857557669530327,0.6553874520814578
1750,1.0855601727411721,0.7097415512294446
1751,1.0858034478559653,0.718788029299792
1752,1.0859082320075437,0.7100324353645502
1753,1.085680553616848,0.6976862326033669
1754,1.0858938021411215,0.6733644581495029
1755,1.08552599314376,0.7695140392009373
1756,1.086293835546643,0.6596419909400218
1757,1.0852989732218292,0.6337691278311713
1758,1.0860442290632937,0.7834059157445596
1759,1.0857709338395596,0.6532098325918682
1760,1.085546486270897,0.6885576621702447
1761,1.086190617328978,0.6998017730737575
1762,1.0855278107166217,0.6529744147331328
1763,1.085773986357224,0.6912460549473759
1764,1.085772399950925,0.7109830981837643
1765,1.0857249210317035,0.7331440995271461
1766,1.0858985433084107,0.6670084923654471
1767,1.0857906757855547,0.6970821355738066
1768,1.0856660616159548,0.6952713785373276
1769,1.0858920175156404,0.6764017460196091
1770,1.0858108705365186,0.6728642207203753
1771,1.085599491384972,0.7172674806951705
1772,1.0857889750328724,0.7039069788975747
1773,1.0856264158154814,0.6748616618076917
1774,1.0859048010771801,0.7546957793986027
1775,1.085982773477418,0.654871887482336
1776,1.0853992055753328,0.7078911732970045
1777,1.0859752093541604,0.6569073740018009
1778,1.08563088284261,0.7344168120617369
1779,1.0861037746116813,0.7167909587353426
1780,1.0855725455059362,0.6641210757658075
1781,1.085853828404169,0.7036598456538273
1782,1.0857223216151084,0.7071480646965081
1783,1.0859169435963536,0.6631184359695435
1784,1.085427134361096,0.684036120805474
1785,1.0860412758287576,0.7601291626303351
1786,1.0856142770448345,0.6654566958481648
1787,1.086216659135193,0.6913331278910563
1788,1.0853100829148785,0.6770616965292913
1789,1.0859579645199902,0.7200384075898262
1790,1.0856692178182377,0.6428187094935672
1791,1.0858640166494868,0.7438026781011191
1792,1.0856707091055968,0.696603266633113
1793,1.0860613578700504,0.6502552807708893
1794,1.0854141253056533,0.7389743555280461
1795,1.0861909562182732,0.6458584395639997
1796,1.0853113765953248,0.6929881325420069
1797,1.0859465095966085,0.7579078642041018
1798,1.0857384863707478,0.7074567894518554
1799,1.0860956102039996,0.6473749809329735
1800,1.0855318706868893,0.6715462838024153
1801,1.085869528660319,0.7034352189351696
1802,1.0855273051473233,0.7230259147445013
1803,1.086246234033461,0.6384646713519201
1804,1.0852437354572058,0.7176615858409722
1805,1.086123288482768,0.7408959153330781
1806,1.0855219763469024,0.630087853678701
1807,1.0860504009012177,0.7526204750858808
1808,1.0856609948602163,0.6499859773175062
1809,1.0857887370220456,0.7161898305774799
1810,1.0857408465089922,0.6842631586557502
1811,1.0858365852920515,0.7361259861205267
1812,1.0858177515731955,0.6751300126995975
1813,1.0856737721741767,0.6953475763478859
1814,1.0859832209337337,0.6432611886807975
1815,1.0852020156646358,0.7522725892315786
1816,1.0863345708277266,0.684135083545076
1817,1.0855799912083295,0.6920668926657434
1818,1.08600883894398,0.6791015513666353
1819,1.0853620102346677,0.7358950107340735
1820,1.0862334971423686,0.7103057766332356
1821,1.0855141982285752,0.6569007956996414
1822,1.0858990570204683,0.6871475182390528
1823,1.0854960271110523,0.6887053407953423
1824,1.085938261645243,0.7210462356754113
1825,1.0858003799521596,0.6700085003904608
1826,1.0858460838202884,0.6606546268578076
1827,1.0855855360342375,0.7150508287926967
1828,1.0859234762005137,0.7091435294353393
1829,1.0856620832224697,0.6866544064704446
1830,1.0857923626530692,0.704364813112855
1831,1.0856813692229892,0.7252119517411385
1832,1.0859089314978776,0.6893252544642732
1833,1.0856474403303542,0.7088919936177004
1834,1.086110600392718,0.6759888827561179
1835,1.085441922041171,0.6597368175587857
1836,1.085972320786405,0.7432033073789455
1837,1.0855888571924663,0.6651404060318414
1838,1.0858936092460507,0.7301826543232671
1839,1.0858884901939279,0.6803836086861883
1840,1.0856882347496222,0.6617380541462654
1841,1.085799532251654,0.7177159483765537
1842,1.0857893169031434,0.6785300967430852
1843,1.0858658881711263,0.6969446145711464
1844,1.0855942067766002,0.6749015993974758
1845,1.085817647375403,0.7559756032692712
1846,1.085903558210425,0.6702526201036508
1847,1.0857875752620543,0.6599223121866461
1848,1.0857026970995305,0.6445911951023078
1849,1.0853637941555945,0.6940119643768258
1850,1.086084322012897,0.7918958648579207
1851,1.0858650619816161,0.6684933042934118
1852,1.0859312211616654,0.6698217740111153
1853,1.0853501235474756,0.7212741607807114
1854,1.0861658821608111,0.7282836252572967
1855,1.0856336089020404,0.6062976446045293
1856,1.085689810122403,0.7732154500875136
1857,1.0858382802225204,0.670275621069011
1858,1.0857902502106473,0.7304431209091048
1859,1.085807745909976,0.666982713631937
1860,1.0858224298460606,0.6791603409247903
1861,1.0856725921368329,0.692383118253925
1862,1.0857680726721919,0.6911911939697126
1863,1.0858226421443717,0.7480881117672188
1864,1.085860336328974,0.6644293966073043
1865,1.085814071661922,0.7116384077213538
1866,1.0858044144008137,0.6333236441512431
1867,1.0856418132060461,0.7134535796048203
1868,1.0857200923260637,0.7052211494117491
1869,1.085905314057073,0.6994505083201574
1870,1.0856658446631757,0.6857617263473783
1871,1.0858054293857076,0.737354916469397
1872,1.0857791073466212,0.7007231871720807
1873,1.0859043602880138,0.6535328013458743
1874,1.0855697922287573,0.7055806621424655
1875,1.0858864012996086,0.6500794666525012
1876,1.085696607716783,0.7718688267274654
1877,1.086013678153242,0.6700371668004016
1878,1.0857152243090205,0.658713816748537
1879,1.0855526925361414,0.650920811984492
1880,1.0857987190322949,0.7962494522091326
1881,1.0860475793002218,0.6122884157292383
1882,1.085506213143272,0.7181284235305383
1883,1.085775822139715,0.6948722803909241
1884,1.085753413763989,0.7508961709849454
1885,1.0859946705126409,0.6645380370532294
1886,1.085805003036139,0.6705882050546053
1887,1.0855648482768996,0.6520926280003799
1888,1.0856439130563766,0.7732100938215607
1889,1.0860629206204995,0.6892053277110657
1890,1.0857042745296197,0.6817758277784907
1891,1.0858023087974522,0.6726181564756375
1892,1.0856403628144178,0.6542788186705809
1893,1.0857925816244698,0.7804118164158913
1894,1.08602653842726,0.6799640882417165
1895,1.0857244432467443,0.6513799219061808
1896,1.0855743371228,0.7179705652941333
1897,1.0859847249838408,0.7206947749846389
1898,1.0856562174127748,0.7000503297059705
1899,1.0860040003306548,0.6972443999695513
1900,1.0856114045307765,0.6364510830782958
1901,1.085751119611063,0.6953849359029151
1902,1.0856919235883578,0.7293328879581626
1903,1.0858903771461943,0.6756120652487534
1904,1.0857740397388767,0.7281767530243102
1905,1.0858084829987542,0.6450274396552036
1906,1.0856801827976967,0.6987658270232497
1907,1.0856060138323618,0.6918128849487056
1908,1.0860187568457875,0.6864894558438537
1909,1.085607517299053,0.7058468469684359
1910,1.0858467801122513,0.7497006568055593
1911,1.0857703108907342,0.6984243356086367
1912,1.0859457946456932,0.6927743237207517
1913,1.0857245639819622,0.6233983523792327
1914,1.0854658938330863,0.7518817712063386
1915,1.0859565841989203,0.7078058370722194
1916,1.085835717178885,0.6903440964356334
1917,1.0858424828940272,0.6787207880081692
1918,1.085690573545168,0.6643205556087998
1919,1.0858168948881037,0.7183816652223035
1920,1.0859392863359505,0.6785349913965295
1921,1.0854190765212937,0.6656082632416847
1922,1.0859258862107155,0.7592901716121667
1923,1.0857195575578404,0.6590299385813936
1924,1.0858649106278406,0.6912532056421051
1925,1.0857964408237826,0.674302158470384
1926,1.0857137690664675,0.673169806166247
1927,1.0855825452400836,0.7419220984468514
1928,1.085973281722541,0.6957856739210673
1929,1.0856396656201261,0.7182005293000531
1930,1.0860339088763433,0.6900614979680717
1931,1.0856533821216772,0.6101492714301883
1932,1.0855833683821,0.7330762402004177
1933,1.085978890799065,0.6975821141600834
1934,1.0858265518012515,0.6823204703054587
1935,1.0854775478357654,0.7198329999675117
1936,1.086034262836148,0.6961350021203386
1937,1.0856631581239766,0.7229964970349576
1938,1.0859130640907144,0.7034423647549386
1939,1.0856860724117279,0.6334314387031686
1940,1.0857442195678089,0.7242087027635006
1941,1.0857025999510677,0.6914817662408931
1942,1.086067638447719,0.7076369069650523
1943,1.0854431395288529,0.6676182587100682
1944,1.0860143914116274,0.6807344825963358
1945,1.0855590232210128,0.7267328012420667
1946,1.085992843899267,0.6610674584400524
1947,1.0854196553814357,0.7039701957390477
1948,1.0859673158312626,0.7493078314904489
1949,1.085785087714391,0.707856275601144
1950,1.086050649121013,0.6273027938055845
1951,1.0853599937588645,0.704392041657078
1952,1.0860390455950995,0.7086195091724513
1953,1.0856812123215531,0.7119874632491926
1954,1.0858876152730292,0.6289473320029917
1955,1.0855292017652642,0.7236480212461237
1956,1.0858883492853102,0.6962738623497906
1957,1.0856701845463361,0.6744674450344884
1958,1.0860195793384895,0.7227676863079053
1959,1.0856736851556783,0.6857700945204842
1960,1.0857816028761225,0.6881280218018037
1961,1.0856056672050558,0.713958156280053
1962,1.0858258653539492,0.7010966937018195
1963,1.0857097080948301,0.7452522844326686
1964,1.0861364122461223,0.6209670918446138
1965,1.0854119277247662,0.6234959326236893
1966,1.0858172675018263,0.8259624106644775
1967,1.085985892905824,0.6330668604711925
1968,1.0855540135360566,0.7089832445199707
1969,1.086000631264161,0.7213099759351902
1970,1.0854819862603717,0.7090244318918508
1971,1.086035345725325,0.6898669692867201
1972,1.0857791524843432,0.6553930347880896
1973,1.0858629112035258,0.6591653033560695
1974,1.085479881369505,0.7183844526212916
1975,1.0859786719316795,0.7630588838634152
1976,1.08588464942829,0.6493009474752813
1977,1.0857061042669833,0.6703407612609049
1978,1.08581694060135,0.6505183601978585
1979,1.0853589786006361,0.7519587751019287
1980,1.0862544350158914,0.6779828076987316
1981,1.0853597063053302,0.7219891533443814
1982,1.0860567277578583,0.6777532307859293
1983,1.085555987285715,0.719759488508083
1984,1.0861344543791878,0.6453767318651804
1985,1.0854044187561473,0.710544172085824
1986,1.0859452936317258,0.677672815493817
1987,1.085533922356227,0.6769996280924406
1988,1.0858730963572762,0.7879708539920094
1989,1.0860755548783634,0.6558973656547535
1990,1.0855583097964971,0.644227152089613
1991,1.0857431114396603,0.7491561853076678
1992,1.0858479678401798,0.7012015065290984
1993,1.0858488213341009,0.6775597938923178
1994,1.0856586015621734,0.721263606051243
1995,1.0859948289231625,0.6638841132747917
1996,1.0855008975503995,0.7132306337218659
1997,1.0860539293044447,0.6916110955041568
1998,1.0857976926356967,0.6406984693021728
1999,1.0854358502014327,0.7088658540920119
2000,1.0858344581038992,0.6794064887629316
2001,1.0858704496151474,0.7431946473679699
2002,1.0857124658709103,0.6954775552694942
2003,1.0859862654045085,0.6807483949182481
2004,1.085468200100426,0.698837617282199
2005,1.0859416061086744,0.6975760131683524
2006,1.0856759201934871,0.6767022029958075
2007,1.0860238038512198,0.746907637471674
2008,1.0855515471548156,0.6496053797721526
2009,1.0859052351045944,0.71233478161532
2010,1.0856123426824473,0.6731395405642319
2011,1.0859988384211192,0.6919534171622853
2012,1.0855880656221981,0.7021379133515759
2013,1.0857037645385297,0.702020310708553
2014,1.0858615844634374,0.7324685168901024
2015,1.085832868441308,0.6886597473465806
2016,1.0859161285608079,0.6524241363995621
2017,1.0853638732212672,0.692860687562807
2018,1.0861110989738596,0.7198614642410551
2019,1.0856642535821373,0.6614446168514917
2020,1.0857642958788591,0.6860417083549634
2021,1.0856833826478056,0.7255659338105755
2022,1.0858082884807814,0.6970677267393754
2023,1.085837845646828,0.7318920638645967
2024,1.085882886016425,0.6670633778412476
2025,1.0856486296352639,0.6919397404514368
2026,1.0856893551742135,0.7147907546559752
2027,1.085798879093929,0.7129499971310155
2028,1.0859943978277258,0.6434491965914932
2029,1.0855880314529112,0.6930262323279244
2030,1.0858189374635803,0.6562934863541496
2031,1.0856734838064845,0.7500829579609082
2032,1.086082442195391,0.6529469806167626
2033,1.0853593801877834,0.6504452207951162
2034,1.0858716174299547,0.7534486550213018
2035,1.0856612452360155,0.7440673037945827
2036,1.086123063953916,0.6823539295969026
2037,1.0856808265342819,0.627989943791253
2038,1.085701654676153,0.6887385376088401
2039,1.0856285912818393,0.7003543304779327
2040,1.085764787790299,0.7641839766614072
2041,1.0860133238935226,0.6925213421252333
2042,1.0858344610082984,0.6393539218812402
2043,1.0854282638516437,0.7188380993320999
2044,1.0861119637127394,0.717930184705811
2045,1.0856199237291477,0.6681551129348648
2046,1.085848783487925,0.687417413457725
2047,1.085532367368613,0.7116281655943678
2048,1.086119557643625,0.7285503239750419
2049,1.0856678462967126,0.6652198009011397
2050,1.0859388092341764,0.6863066203054687
2051,1.085579529162466,0.6547972366538097
2052,1.0856776012544658,0.7538069505827302
2053,1.0859026643182508,0.6679686495963044
2054,1.0856373636231313,0.7128011566818082
2055,1.085961268275434,0.6713560283041881
2056,1.0856954576957398,0.6594307380342128
2057,1.0856903825951327,0.7475376117645534
2058,1.0859401759997653,0.7006616845265967
2059,1.0858053036263247,0.6487337083666715
2060,1.0856126273339848,0.7007844851551668
2061,1.0856381682617362,0.7396205095626804
2062,1.0860652315910715,0.7048226303387203
2063,1.0856896412692885,0.648861576250517
2064,1.0856359963109623,0.6695980070801085
2065,1.085722415519572,0.7414456009785612
2066,1.0857777808879696,0.7323173696186395
2067,1.0860377462138577,0.7094770860391884
2068,1.085621438847427,0.6581771595128175
2069,1.0858451489109497,0.6378153472428902
2070,1.0855616077835575,0.7533075170270764
2071,1.0861006352721274,0.6857974118243287
2072,1.0857511234986383,0.6576915339385637
2073,1.0855450431203066,0.720666578377893
2074,1.085934221058875,0.7075131098629804
2075,1.0855895776244713,0.6924385853714674
2076,1.0860808369083181,0.7007505526150654
2077,1.0855176593931515,0.6655943679508337
2078,1.085902336550944,0.7059826144073234
2079,1.085454994518464,0.6698388586676055
2080,1.0862783157671747,0.7691111062044198
2081,1.0854664997319847,0.6242697425934733
2082,1.0858637050394233,0.718202225338472
2083,1.0857971305809766,0.6844675124076869
2084,1.0857956884946796,0.7073607721996231
2085,1.0857369720890373,0.6546900019874211
2086,1.0855745243616437,0.6668631756219003
2087,1.0858903713310875,0.7684202387381651
2088,1.0858381919990157,0.6832455174363792
2089,1.0857552303338203,0.702920804684191
2090,1.085942507746865,0.6643864672586535
2091,1.0855289730117748,0.7453659098690726
2092,1.0860753784546218,0.6584302405419378
2093,1.0854627124511105,0.6972021499747479
2094,1.0858759900945045,0.7037186878019271
2095,1.0856868175360874,0.7265976473203776
2096,1.0860287525138559,0.6548385825399007
2097,1.0856920255137343,0.6615737223130352
2098,1.0856081299837566,0.6910187291139877
2099,1.08576022711434,0.7343605890657872
2100,1.0858693324494546,0.744155387411557
2101,1.0858999218500645,0.6742582892746606
2102,1.0856216122410969,0.6997796348332483
2103,1.0860134031090871,0.6427274428683014
2104,1.0855681660460137,0.722277532076594
2105,1.085810184890108,0.6616390903809117
2106,1.0858761973779611,0.7463953252402517
2107,1.0857634558037237,0.679167899735387
2108,1.0858184738178305,0.6720080397409091
2109,1.0854525607551526,0.6993103182274879
2110,1.086154166914083,0.7024322771516931
2111,1.0855537786293739,0.6662777834711462
2112,1.0856766358420797,0.7026545846507743
2113,1.0857375611167037,0.7270616970095221
2114,1.0861695709009758,0.6921524059372979
2115,1.0855452908322645,0.6564054888637086
2116,1.0857810921172075,0.7055690741489734
2117,1.0856195120876564,0.703950085831452
2118,1.0859197171226802,0.7204679916775564
2119,1.085726842598472,0.6732351646544911
2120,1.0856890554945209,0.7313051539255858
2121,1.085862901758993,0.7355297872278327
2122,1.085964602179793,0.63820219440101
2123,1.0856176218304459,0.6554705130445885
2124,1.0859016004596445,0.7296527919091138
2125,1.085533564570203,0.6833452245474784
2126,1.0859909521728897,0.7527506093942924
2127,1.0857738037784033,0.6273333891127605
2128,1.0857928020462775,0.6928145727621435
2129,1.0854964122488253,0.6683210738255703
2130,1.086025909990495,0.7648947895875037
2131,1.0857438667444181,0.6381529466214242
2132,1.085628238135438,0.6793135151449757
2133,1.0859623768748603,0.7250048748862995
2134,1.0853792472802208,0.6995094457092605
2135,1.086194897133735,0.7150278185169324
2136,1.0855793507632137,0.6774276927491268
2137,1.085937973203184,0.6630025510859083
2138,1.0852470121864601,0.6967337203363376
2139,1.0862517139856986,0.7561332138619188
2140,1.0855680801827612,0.6562695656766786
2141,1.0860725821288315,0.6777590875037528
2142,1.0855709092095034,0.6998830557513385
2143,1.0857085609961707,0.7703153719986799
2144,1.0860729048533873,0.667623203731902
2145,1.085590963338781,0.6638413561764507
2146,1.0857736365982258,0.691470089956578
2147,1.0856228753498691,0.7167285244185745
2148,1.0861131443050418,0.7163640049837964
2149,1.0855374382089764,0.6575428002542526
2150,1.0860147333876877,0.693064043127689
2151,1.085556105674098,0.6995786674383088
2152,1.0857431548049288,0.6373741303732483
2153,1.085731011314343,0.8058233384174818
2154,1.0859909966920818,0.6471435513411502
2155,1.0856302827115845,0.6707103833525734
2156,1.0859435441013863,0.7120962546403206
2157,1.0857305552638714,0.6793767937751035
2158,1.0855938001322056,0.6952383148577677
2159,1.0859037872938482,0.7453937174362991
2160,1.0857081311307666,0.6701530719893503
2161,1.0859122610051792,0.6833154006144161
2162,1.0857977132168564,0.6572291330724758
2163,1.0855835954477306,0.6726578762320176
2164,1.0857698825396425,0.7724448791908193
2165,1.0858922094851373,0.6626211015903758
2166,1.0857357122191602,0.7101964142336784
2167,1.0857684812296675,0.6604485148048392
2168,1.0857091647157453,0.7165304219634676
2169,1.0858610289882635,0.7110722411499694
2170,1.0858028245043645,0.6724772992634227
2171,1.0856427543619052,0.6771457646378237
2172,1.0857107243322344,0.7008687754225769
2173,1.0857861752208513,0.7371204319333391
2174,1.0858942042267181,0.6932017848236763
2175,1.0859792013418526,0.6782992330994652
2176,1.085423184461732,0.6610868265625828
2177,1.0857372367283376,0.7780365013702759
2178,1.0858277153813298,0.658883468179125
2179,1.0860601993323942,0.70906156458016
2180,1.0856471183429677,0.6478756355999513
2181,1.085581715753302,0.6861794974579731
2182,1.0859973059551122,0.7066921757379564
2183,1.08576693766865,0.7192797373384938
2184,1.0857480510053774,0.6389424268223387
2185,1.0854905833453268,0.6901033831219126
2186,1.0860350679478845,0.7589895048724569
2187,1.0855907823847573,0.6869263612460152
2188,1.0861083744301028,0.6550629536498774
2189,1.0854670776225963,0.7004233662903286
2190,1.0859906396406112,0.7412604820667611
2191,1.085734742178369,0.6276961886131338
2192,1.085659724957395,0.7166053853818722
2193,1.08576199975163,0.6936148261735494
2194,1.0857125526863352,0.7215489130475222
2195,1.0858626376327989,0.7089704344708351
2196,1.0858458149421288,0.6471704335829203
2197,1.0856831191464464,0.7423721617683521
2198,1.0859025420113577,0.6712451642840052
2199,1.0855880560252356,0.7398070517289377
2200,1.0861116648733675,0.6607965405435254
2201,1.0855340556089335,0.6871024425285733
2202,1.0859323771422975,0.6929380234802989
2203,1.085588239155983,0.7162808609540267
2204,1.0859094408295615,0.660835425055514
2205,1.085812371538178,0.7246478930127194
2206,1.0858058606509053,0.6371127267234804
2207,1.0854602613294169,0.7165477226408727
2208,1.0858932013620206,0.782344999138708
2209,1.086260099643874,0.636910396888066
2210,1.0854803023163055,0.6155801212126634
2211,1.0854699774883205,0.7042924902275706
2212,1.085836736085935,0.7884350090281979
2213,1.0860321594321702,0.6945847378425548
2214,1.0859182776339893,0.6509516752869995
2215,1.085556026960231,0.6597739875944072
2216,1.0855987010728303,0.7110846557175302
2217,1.0858645630191095,0.7240868954961531
2218,1.0858903449291344,0.6722212308966746
2219,1.085660231923216,0.7319907655159652
2220,1.0856698256643218,0.6787577924976643
2221,1.0860142229971972,0.7156721083084666
2222,1.0856246811814778,0.6974541730130834
2223,1.0861337303025926,0.6841534811625751
2224,1.0853236094787064,0.6186559549197072
2225,1.0859128125913386,0.7707691998464117
2226,1.0857332381407443,0.6803985749327854
2227,1.0860066884930337,0.7079007026094724
2228,1.0856594534209965,0.6319228834243453
2229,1.085747642947635,0.7363045535484111
2230,1.0855469898897827,0.6759814307893159
2231,1.085960509609736,0.6994740807907526
2232,1.0857465203971568,0.7534776131617736
2233,1.0857912283431865,0.645722366985828
2234,1.0858128536876195,0.737681622479154
2235,1.0859174090045516,0.6383821298420826
2236,1.0855504194164114,0.679446043158056
2237,1.0859353531596252,0.6925924507360932
2238,1.0854770748873612,0.7091568025898911
2239,1.0861470101626047,0.719972536352411
2240,1.0855610701945992,0.6689397167795985
2241,1.0857164833589712,0.6713438171345641
2242,1.085777809729251,0.7510292874153871
2243,1.0858949607785486,0.6911102629445998
2244,1.0858601038615583,0.6112575849044852
2245,1.0853883051484574,0.7536646179804843
2246,1.086154382211754,0.7111626792048529
2247,1.0855290414678072,0.6775341748081608
2248,1.0860061777645476,0.685537684791949
2249,1.0856478681474384,0.6870301924693879
2250,1.0856700629483282,0.6832056171203595
2251,1.0858256262170016,0.7444382216056289
2252,1.0857737347406522,0.7177282179048756
2253,1.0858584750789635,0.7124951599076152
2254,1.0858954970029642,0.6422622841780896
2255,1.0857404153510104,0.6955809218983318
2256,1.0855043210524327,0.7274367971098611
2257,1.0862024160832084,0.674801369378487
2258,1.085529409106731,0.6802839116119127
2259,1.0857147444439732,0.7177334256711179
2260,1.0858391284500455,0.6733239969303884
2261,1.0857085338641783,0.7124805010418821
2262,1.0860270869386834,0.6888645553855848
2263,1.0855581033889548,0.6476141735679903
2264,1.085648392473599,0.7080081548576727
2265,1.0859888666374455,0.72027008204066
2266,1.0856079059296087,0.7034408610409818
2267,1.0859813742276625,0.6748779868670188
2268,1.0855809064644524,0.7015111732253729
2269,1.0858936217017001,0.6319351162320317
2270,1.0855579065655225,0.7410888464556891
2271,1.0859269886006584,0.6530339924371914
2272,1.0853358523092211,0.8230346223735967
2273,1.086460427659425,0.6740328292265306
2274,1.0856152512806543,0.6481171142577624
2275,1.0857026648957562,0.6848956676539171
2276,1.0857003953256399,0.7134246914127118
2277,1.0858736330962024,0.6818702554251509
2278,1.085798331294283,0.729469158339022
2279,1.0856227891643795,0.6440745022607913
2280,1.085893626486142,0.7053329111671145
2281,1.08565862907362,0.7207604455324261
2282,1.0860692502696734,0.6496129783573998
2283,1.0855307244084975,0.6884636297696958
2284,1.0855906750880266,0.7259930824110171
2285,1.0859480975298248,0.7591655563674738
2286,1.0858003861389394,0.6363459249247828
2287,1.085918278645957,0.6653428046874605
2288,1.0856732334475208,0.7096827261172156
2289,1.085650541397748,0.7181490717904463
2290,1.085783874611321,0.6848013684317479
2291,1.0858923929653173,0.7282600294702404
2292,1.0858155648833707,0.6533314693289954
2293,1.0855613483728657,0.6688085761139997
2294,1.0859462024495747,0.7245369970780637
2295,1.0856265156053821,0.6928816158922219
2296,1.0860295593693026,0.6926762701218001
2297,1.0855615818608435,0.696945861119276
2298,1.0858951493727182,0.7271306686786182
2299,1.0856858632987383,0.6734491511490364
2300,1.085884910554628,0.7261681227985344
2301,1.0859795878137646,0.6430700374658836
2302,1.0852502173733367,0.7309479117242378
2303,1.0860965211914462,0.6581783365525414
2304,1.0855401728219043,0.6942710890037141
2305,1.0860840224790502,0.7232569671419132
2306,1.0854003172672513,0.6636246596282943
2307,1.0860709982590653,0.7416230033041759
2308,1.0856926102319817,0.6670215463903696
2309,1.0858040179700241,0.7094399560755854
2310,1.0857824313337219,0.6391105344150325
2311,1.0855333591288119,0.789321988918162
2312,1.086322608226677,0.6375207206921076
2313,1.085317212182302,0.6353657205787809
2314,1.086030658184435,0.7564462698897692
2315,1.0855277867218216,0.7128233616159884
2316,1.0861025558003354,0.6643109719051032
2317,1.0854619935138972,0.6704516703242756
2318,1.0858918048435073,0.7375499725216023
2319,1.0857130003894955,0.6330957207462208
2320,1.0858005599774407,0.753631485603433
2321,1.0859950099477207,0.6577416872100915
2322,1.0855118277311937,0.6710447749780281
2323,1.0857832579070188,0.7088539439147509
2324,1.0857125389035316,0.7131584099393401
2325,1.085602962108897,0.7342883286606463
2326,1.0861930326830336,0.7012971005049271
2327,1.0854623404012733,0.6502704334802221
2328,1.0858849542140188,0.7624518013891598
2329,1.0858728986073454,0.6751225630322127
2330,1.0858355879341375,0.6372343457821601
2331,1.0855923914676815,0.7282127212104937
2332,1.0859094934957059,0.6897658169757718
2333,1.0856352460078356,0.7286786248825993
2334,1.086006341406466,0.6699146041329593
2335,1.0857801896478714,0.6411712750924732
2336,1.0854585414485292,0.6927973142003421
2337,1.0859189393615882,0.7097138971758649
2338,1.0858762512269091,0.755507314666461
2339,1.0857421565002818,0.6443241592347624
2340,1.0857402539124636,0.7132946791358955
2341,1.0857995870878185,0.7137400859378943
2342,1.0857683079583191,0.623948464167666
2343,1.0856575537106794,0.708265496423076
2344,1.0856830110562317,0.7083438976204692
2345,1.0859019165862416,0.7080829721342063
2346,1.0858513549164337,0.7103949973094433
2347,1.0858114462608346,0.6282765131782011
2348,1.085426787218652,0.7550169356221514
2349,1.0860904689774906,0.700008657345496
2350,1.0855723031025961,0.7101471794702775
2351,1.0858673782536412,0.7021145299810718
2352,1.085854574927503,0.6627278823279384
2353,1.0859018313636981,0.6760100311984556
2354,1.0854847126643217,0.7131134457144774
2355,1.0859464627023938,0.7287558188522145
2356,1.0859062941357553,0.6390449565321386
2357,1.0855025497462847,0.651456768744532
2358,1.085638657469752,0.7407058229808343
2359,1.0859256477469528,0.7255979427979
2360,1.0859257147466872,0.6823276563947289
2361,1.085793065985816,0.6537877359802167
2362,1.0853922815329773,0.6959042510416301
2363,1.0860038080366865,0.7401950375913485
2364,1.0857160417951346,0.7177976814356443
2365,1.0860372329791945,0.6513048832106775
2366,1.0853709166542629,0.659095047318852
2367,1.0858797747371176,0.8033535017313828
2368,1.0858972407158578,0.6099248581969074
2369,1.0858149469676046,0.6643129009256248
2370,1.085726895300448,0.7029686084711158
2371,1.0855090379895702,0.7408187762182583
2372,1.0859839198369892,0.7166345853452715
2373,1.0859293934166772,0.6696753949058385
2374,1.0856955681883407,0.6805120655633677
2375,1.0856004996461426,0.6852513634178939
2376,1.0858007729762786,0.7165718472928287
2377,1.0859729933578461,0.6686820694388881
2378,1.085602022067264,0.7076376925086666
2379,1.085989786541901,0.6991007569795188
2380,1.0853853131023639,0.6734412826145203
2381,1.086182506463866,0.734363921825609
2382,1.085494843658308,0.6633037075764203
2383,1.0859317852890025,0.7001037687520545
2384,1.0855153315532184,0.7501975705294452
2385,1.0860409104140145,0.6791208741277166
2386,1.085663599035833,0.6568127711350615
2387,1.086109955611171,0.7084457785805758
2388,1.0854331660899479,0.6410043713381188
2389,1.085826676221405,0.7525469306186414
2390,1.0857783123376397,0.6523119370740655
2391,1.0856319477762868,0.7236049017285249
2392,1.0858665347331917,0.7048818889238289
2393,1.0859091856209253,0.6779801993964247
2394,1.0855830835768816,0.7017094594834521
2395,1.0860847325139238,0.6747449486760999
2396,1.0854567492660423,0.6691019048490933
2397,1.0857831916243743,0.7684041496219305
2398,1.0858078791372534,0.6493918786094807
2399,1.0858676800627673,0.7417152808072062
2400,1.0857100640611708,0.6493969861103362
2401,1.0857695126975526,0.6608446723564898
2402,1.085631142256207,0.7160928843580608
2403,1.0859403842829096,0.7444752034800347
2404,1.0858505163281778,0.7081349495060532
2405,1.0856315494673723,0.6565898032578193
2406,1.0859128282733674,0.7439397607919002
2407,1.085679506883812,0.6756776198839302
2408,1.0860279069452714,0.6502128051574574
2409,1.0853822682320555,0.6865306196199771
2410,1.085924339366087,0.7099566462043002
2411,1.0856559172465237,0.7301993508259342
2412,1.0861036667812187,0.6419760596669667
2413,1.0854320983201722,0.6905098240685429
2414,1.0859594810334103,0.6844661815500666
2415,1.085539413922775,0.733071553833337
2416,1.0860521291236562,0.6972979098297803
2417,1.0855506451692913,0.6929586735799701
2418,1.0860266516969908,0.6517554541547632
2419,1.0854800739750943,0.7307187610069891
2420,1.0859419528016792,0.6968295229505647
2421,1.085805242845212,0.6950137527070251
2422,1.0857731187387343,0.668293754071572
2423,1.0855568205125632,0.7295184777917993
2424,1.0859129735685134,0.668598654421485
2425,1.0856021822224262,0.7509701376659231
2426,1.0860605496689126,0.6607422326632661
2427,1.0856071318810645,0.6825495656391184
2428,1.08587669630442,0.7408199029765807
2429,1.0859477805683861,0.650436433106247
2430,1.0854817177454252,0.6764648763689506
2431,1.0858603551355182,0.7422288507096559
2432,1.085881119853771,0.7099338514153205
2433,1.0856515344820292,0.6484802647749205
2434,1.0858723176655667,0.683068755217514
2435,1.0856494424853897,0.699564939170273
2436,1.0857827898332109,0.7219953875785698
2437,1.085832166770245,0.6927077125275726
2438,1.0857317067236367,0.6974303904608748
2439,1.0857946319841894,0.6879947191957466
2440,1.0856939655426934,0.7654585525247065
2441,1.085990224931056,0.6270381593587642
2442,1.0856728257130708,0.6759750816388709
2443,1.0856619875667486,0.6678812169937418
2444,1.0856690449458732,0.7281131569364502
2445,1.086023779295105,0.7170744988807417
2446,1.0856191486447462,0.7065110898999579
2447,1.0860708549179763,0.6913709408367311
2448,1.085592892928283,0.6252128708618435
2449,1.085570720134051,0.7490639664210409
2450,1.085887817025723,0.7261121601689199
2451,1.0859251638379708,0.7097219719745751
2452,1.0858304807622479,0.6338797350614265
2453,1.085552244852523,0.7214510292342545
2454,1.0859006604011217,0.6997805424237676
2455,1.0857367458761462,0.6569270793911879
2456,1.0857847678302737,0.6894489046455261
2457,1.0855672673394816,0.7070100984316757
2458,1.0857955146061569,0.7526367770221171
2459,1.086054923698341,0.6865358576548425
2460,1.0857218469332235,0.6555460126655386
2461,1.0857224777545003,0.6771261877377229
2462,1.085837865132781,0.7154105365521454
2463,1.0856849831522835,0.6823741873017952
2464,1.085777210473895,0.7498361806460385
2465,1.0859465562313444,0.6441733537212302
2466,1.0855568670778868,0.7099375922516735
2467,1.0858201058242707,0.640962529244236
2468,1.0857264315008783,0.7238376124517115
2469,1.0857984703880321,0.7012423758592755
2470,1.0856742073555188,0.7080203273359911
2471,1.0860077431311368,0.672023043113688
2472,1.0854844003268438,0.6998212946175648
2473,1.0860778379307567,0.654723798702113
2474,1.0852299733105932,0.7345352568303231
2475,1.0862458080446589,0.6859006455343476
2476,1.0855076221577336,0.6701506394576345
2477,1.0859022471559199,0.7290236284670737
2478,1.0855451401587493,0.7001082663360494
2479,1.0859759120682257,0.744530339144459
2480,1.0859052543893912,0.6794976460054069
2481,1.085768662515428,0.6777117261566658
2482,1.085753293654797,0.6643570581275342
2483,1.08554047619061,0.6857084962875608
2484,1.0860025209489583,0.7559665322568879
2485,1.08591598648232,0.6465014873055634
2486,1.0855798509297698,0.6838005961802833
2487,1.085915147994013,0.692976499394573
2488,1.0856604048114595,0.7241704638780668
2489,1.0857791838190705,0.6476492291381586
2490,1.0856116572613494,0.7303338425047701
2491,1.0860443266923476,0.692376439099891
2492,1.0853414555014265,0.7217845593597599
2493,1.0862653329809406,0.6772813152534464
2494,1.0855793037079797,0.6449115677797034
2495,1.0856965999701362,0.7633677673834819
2496,1.0858963943044717,0.5986640651613031
2497,1.085464833041249,0.731744514747021
2498,1.0859889885828131,0.7731302498373074
2499,1.085887659496809,0.6260836890545491
2500,1.085755302753123,0.659606218770921
2501,1.0856274331334086,0.7666375817694978
2502,1.0859621626287614,0.6697004011618043
2503,1.08563097200501,0.6799641531657028
2504,1.0858510121125573,0.7442016699555902
2505,1.0857479120507638,0.7142648620328571
2506,1.0859853809660938,0.6583567129131267
2507,1.0856183180713885,0.6380022514780566
2508,1.0856425989399285,0.7073990216998747
2509,1.0857217385339062,0.688373101143228
2510,1.0858260139859066,0.7494847393803311
2511,1.0859753971899513,0.6367017986225353
2512,1.085604174050475,0.6924868972156609
2513,1.0856969087357964,0.7471702146217664
2514,1.08602753221241,0.7091605101341856
2515,1.085667936423803,0.6722239648284446
2516,1.0857533765288028,0.6603715549268419
2517,1.085594891194604,0.7318285604828377
2518,1.0858357504674867,0.7302757891368992
2519,1.0860124727045932,0.6553626287164457
2520,1.0858277421436617,0.6554253450394181
2521,1.0854085119766914,0.6720173092500475
2522,1.0858590343158103,0.7710632173800351
2523,1.0856535254983288,0.6921347614133201
2524,1.086166835373175,0.6910053630374381
2525,1.0855488661748685,0.6269694687072552
2526,1.0857513366209524,0.7184291628738126
2527,1.0857071129130424,0.777908345477609
2528,1.086106002645901,0.6365442463649427
2529,1.0855193726259338,0.6754773807984665
2530,1.0859328161665358,0.6854357131443976
2531,1.085374139595707,0.7175506626143678
2532,1.0860937895545866,0.7158562729388631
2533,1.0856963761580525,0.7216261504645839
2534,1.0860025881051218,0.6426905592021858
2535,1.085354937444733,0.7360802686661659
2536,1.0862258880572833,0.6570397108681918
2537,1.0853673751535822,0.7455567594333025
2538,1.0862514172589677,0.6647552116046697
2539,1.0852395861400599,0.6845291583309883
2540,1.0863452810200458,0.7019611777258015
2541,1.0852809512288972,0.6337819167786802
2542,1.0859972186397184,0.7424948444274356
2543,1.0856333050464884,0.6214291552053501
2544,1.0858927976031074,0.7928656861980201
2545,1.0856592879544322,0.6377871020903784
2546,1.0859477610680461,0.728889361645012
2547,1.085800213139308,0.6801253490893401
2548,1.0856270628080964,0.7090790891558881
2549,1.0857996771777902,0.6398812721307164
2550,1.0857086645942742,0.7249271011018353
2551,1.0857830666479196,0.6965512511155579
2552,1.0857979755550042,0.7044435632939166
2553,1.0857503522097165,0.7418556447730952
2554,1.0859968050104325,0.6503708879564392
2555,1.08564889409797,0.6747094357466805
2556,1.0855192600461565,0.6685773363255791
2557,1.0858128002583238,0.8347633862692794
2558,1.0861348898202363,0.6240359062444383
2559,1.0856967107652111,0.6668089084556705
2560,1.0857704973469042,0.6639795906448449
2561,1.0856092667573591,0.7221842387059246
2562,1.0857550473012034,0.6906223196933373
2563,1.0859833744174658,0.7138107772267417
2564,1.0856597001290291,0.6581698778916906
2565,1.085635009575273,0.6567504001704152
2566,1.0858055352012328,0.7863329597308599
2567,1.0860738783635167,0.636444389903933
2568,1.0854921016474928,0.667900977358825
2569,1.0858485243969975,0.6947565648110479
2570,1.0855942360124942,0.7698029681063508
2571,1.0859373956191984,0.6896259355412792
2572,1.0858985623306234,0.6523781790409745
2573,1.0856096895638156,0.6821344100783864
2574,1.0857021635129762,0.7005184059801607
2575,1.085907952734229,0.6941857807884264
2576,1.085563107125062,0.6694352924649766
2577,1.0858961991441614,0.7807874180164927
2578,1.0857931063247934,0.6447245956424066
2579,1.0857778407516916,0.7138438091086234
2580,1.0858057474119234,0.6685721514885162
2581,1.085672289116723,0.7043014520039259
2582,1.0857881873348996,0.6903651499970156
2583,1.085852478215624,0.7216454237242906
2584,1.085698510345168,0.6646284399760538
2585,1.0859708147936924,0.6908633003243643
2586,1.0855266285856413,0.6899622299135334
2587,1.085792873095909,0.7216198027907316
2588,1.0858764153314036,0.6839614643887345
2589,1.0857978713652796,0.6829895563953883
2590,1.0855123063203829,0.726516960526411
2591,1.0860144686620428,0.6791781132731982
2592,1.085651191937611,0.7121292925992978
2593,1.086006176656563,0.7057343566857881
2594,1.0857858365435056,0.623730564101376
2595,1.085531649674226,0.6571663326444135
2596,1.0856471319049974,0.7744223620014702
2597,1.086130906705447,0.7068075895974828
2598,1.0856188648114897,0.6590573871021072
2599,1.0858386599558347,0.6820029263880758
2600,1.0855045426459755,0.7146949242129134
2601,1.0860016447487262,0.7258115016496338
2602,1.0859006217879086,0.6758206587849176
2603,1.085614425276635,0.6789132946802202
2604,1.0855076848801053,0.740955707086434
2605,1.0860452865143286,0.6918614503511081
2606,1.0859223719117457,0.6610648423579951
2607,1.0855581057574522,0.6990841676478592
2608,1.0858467202336035,0.6630191234503688
2609,1.0856490797510108,0.7398809735951907
2610,1.0857396778771098,0.7527297910902544
2611,1.0860837389080988,0.6844309613782721
2612,1.0856804574064909,0.6329707642957729
2613,1.0858789396678221,0.7162383445569436
2614,1.0855960542784937,0.6961400005106514
2615,1.085749609837314,0.6861752107932474
2616,1.0859380876364155,0.6587816268407591
2617,1.0855803766869567,0.735016344548264
2618,1.0859277397889249,0.6780066490002855
2619,1.0856947712830327,0.7079595490538545
2620,1.0859073639019559,0.6443863626765616
2621,1.0853229285160797,0.7062486383482787
2622,1.086226104155293,0.7093743651223141
2623,1.0852973382572042,0.7127427239677868
2624,1.0862532122438455,0.6770543584391142
2625,1.0854156419386147,0.6663839535009601
2626,1.0860948449700405,0.75266826185666
2627,1.0854283463360863,0.6448825682143231
2628,1.0861505474972748,0.7378174458225456
2629,1.0853762564389664,0.64717850031938
2630,1.0859247997890757,0.7910153584847021
2631,1.0858216469994983,0.681153741532691
2632,1.0860394496674008,0.6451253554958561
2633,1.0852913240909385,0.6942339360062253
2634,1.0862503952606728,0.6806679982959166
2635,1.085385587739017,0.7381689651331462
2636,1.0861456381493775,0.6493028101709344
2637,1.0854060726093282,0.7321805596194582
2638,1.086106586245105,0.6556302685148453
2639,1.0855320127244825,0.7023332037901011
2640,1.0859138313945522,0.6877855851141106
2641,1.0856130422084538,0.7160133319065036
2642,1.0859970023133445,0.6786051415419725
2643,1.085534654759825,0.7358702313780675
2644,1.0858137515902775,0.6452384466758756
2645,1.0857678342702826,0.7598633872336468
2646,1.0859450165377147,0.6758967172096156
2647,1.0857508045516115,0.6202801624016621
2648,1.085530199122194,0.7217423954527107
2649,1.085894333986291,0.7075568485471676
2650,1.0859417879171969,0.7020162668017375
2651,1.0854210082548084,0.6622424008013442
2652,1.0860492648082087,0.7346803633646752
2653,1.0856963826362904,0.6992707665555359
2654,1.0858403947801853,0.7124460916602269
2655,1.0857726055831596,0.6519322251512051
2656,1.0854819784057255,0.7162477379492006
2657,1.086131709399007,0.7100624002316916
2658,1.0857861091625416,0.6507879324357893
2659,1.0855680219458363,0.6961920879982586
2660,1.0858200886078406,0.7238056434289263
2661,1.08592923312826,0.6689691419633375
2662,1.0855248188033195,0.6501322952305049
2663,1.0857236526899474,0.7520291812995334
2664,1.0857335525317071,0.7368762376646171
2665,1.0859111810444275,0.7155281978592443
2666,1.08602336226059,0.6351089438362219
2667,1.0855737192676325,0.677821443218533
2668,1.0857549975418646,0.6721001956561556
2669,1.0855955940134483,0.7438530862693739
2670,1.0860790622543344,0.7071602758599062
2671,1.0856463008317763,0.6392194175656319
2672,1.0857103935898915,0.718179773809739
2673,1.085815117861889,0.6869320975090621
2674,1.085702062306624,0.6714714249982986
2675,1.0858911492162964,0.7093240847586803
2676,1.0856273095452984,0.7319428663756198
2677,1.0858422582473508,0.6503015506835004
2678,1.085777128495581,0.7484179232468239
2679,1.0859289760489135,0.6693278165216443
2680,1.0855464148804106,0.6913270163280026
2681,1.0859530752624993,0.6534270072370046
2682,1.0853778610460507,0.7670751475384786
2683,1.0861798474696442,0.7270138871236431
2684,1.0856323375211279,0.6217413871399899
2685,1.0858369529229766,0.7152489766274694
2686,1.0856794221498602,0.6920657270930548
2687,1.0858586631969556,0.7100188262023525
2688,1.0858189113399015,0.6770721217784019
2689,1.0857667452516817,0.6674393623868795
2690,1.0856318614172906,0.7068358889135198
2691,1.0859203591909259,0.7163975293524287
2692,1.085778316410687,0.6698978453624205
2693,1.085804087031594,0.6853666793399944
2694,1.0856608892599493,0.7020763124850665
2695,1.0857276470279897,0.6902320652192722
2696,1.085791331042515,0.7469390651608925
2697,1.0858459688770177,0.6498380477030123
2698,1.0856994868554641,0.6909445417308749
2699,1.0856587269603075,0.7269509889593463
2700,1.0860011265845573,0.665906740737367
2701,1.0856447215394907,0.7006951584364194
2702,1.085937895828907,0.640059430569246
2703,1.085310564540686,0.7747316504386589
2704,1.0863411685485942,0.7208356261346996
2705,1.085337831866096,0.6494555271010192
2706,1.0861086459180669,0.7069158668540014
2707,1.0855861050057893,0.683579999824769
2708,1.0859256280028802,0.7159381652558193
2709,1.0855229377491882,0.6799340938058661
2710,1.0860470088464327,0.7027206401211455
2711,1.0856780628941052,0.6922464686609813
2712,1.085683871063223,0.7244225666939424
2713,1.085981876373873,0.6696844760587626
2714,1.0856769085809606,0.6728124719168666
2715,1.0856845305578096,0.6436461801872642
2716,1.0856106388840634,0.7167872247289192
2717,1.0858559334855713,0.7519979705416312
2718,1.0859486885950447,0.6785822198363533
2719,1.0856724172279513,0.6899477339659326
2720,1.0858489412450776,0.6676310928860052
2721,1.0855215778875633,0.742542672839282
2722,1.0861914549311413,0.6428457521974905
2723,1.0853847294848102,0.7211941539788649
2724,1.0859998366558723,0.6815464069815682
2725,1.0856284377993441,0.7268729340528796
2726,1.0860887435618556,0.6619207686451398
2727,1.0855849330560248,0.6609373634780578
2728,1.085592082953922,0.7212574475040109
2729,1.0857943895062523,0.7169128286266588
2730,1.0858791193710087,0.7498529297327786
2731,1.0858382956813364,0.6504935640472091
2732,1.0858108740127665,0.6783178502707464
2733,1.0855856669184183,0.6658021887890264
2734,1.0859647576592786,0.7466814762431815
2735,1.0857330503485272,0.6411699176451389
2736,1.0856702984923996,0.7210857694568499
2737,1.085787389937063,0.7035231661251622
2738,1.0859719123787321,0.70350189025183
2739,1.0854086786924677,0.655095050080402
2740,1.0861433353523293,0.7715379049910727
2741,1.0856563108134605,0.6165803355405762
2742,1.0857267994843613,0.6933907666311807
2743,1.0856892279329888,0.7430599457794286
2744,1.0861112953463685,0.6953270308972648
2745,1.0856215982162285,0.6625726254946125
2746,1.0856470516972305,0.6680809080715715
2747,1.0856722111218766,0.751595842855221
2748,1.0860173837609035,0.6474689108265423
2749,1.0857277795150275,0.6588019372905103
2750,1.0855722994794474,0.6724239991846623
2751,1.0856603461095242,0.8068166607229044
2752,1.0861877077011861,0.6896709484345158
2753,1.085674167095556,0.6130098500235277
2754,1.0855549692444453,0.7030053844764327
2755,1.0857030273951749,0.7053710536701957
2756,1.0859093126401904,0.7213379297519744
2757,1.0858203490789327,0.7190852173881376
2758,1.0858182302048176,0.6647628354027754
2759,1.08563282438254,0.6727168050156883
2760,1.0859216813767467,0.7607555704935433
2761,1.08587528914521,0.6540393680911201
2762,1.0855851136230206,0.6947806426074007
2763,1.0857533424210941,0.6984020836681041
2764,1.0856451429741392,0.7304128175153882
2765,1.0859266338375142,0.6858239780939874
2766,1.0860207499906571,0.6822179572655894
2767,1.0855553658195234,0.6434227260453345
2768,1.0856976940472787,0.6670330381455659
2769,1.0857424604898946,0.7458577968117002
2770,1.0858574256862128,0.7303000298306553
2771,1.085794476473821,0.6742704519262561
2772,1.085838561751249,0.6239733839250735
2773,1.0855621872783956,0.7531227094816173
2774,1.0859019304516617,0.7068689248304312
2775,1.0858405577752575,0.6603460146328649
2776,1.085589661826882,0.6876897714329308
2777,1.0858537485405777,0.7556307605048432
2778,1.0857614104263416,0.7144586832324928
2779,1.0860844201820925,0.6806315576177081
2780,1.0855137965144388,0.6478873131575366
2781,1.0857731137099085,0.7247997528887606
2782,1.0857132928746935,0.6806867474353158
2783,1.0858659609469679,0.7529425618177675
2784,1.085890841442638,0.6616372183280218
2785,1.0856398230472741,0.7030265294973658
2786,1.0860111575675115,0.6735419196342404
2787,1.0855010081088303,0.6818234859844657
2788,1.0860236007078836,0.6852733436808317
2789,1.085425832859397,0.6919955792129326
2790,1.0861779919337444,0.7353182234061073
2791,1.0853385572144978,0.6704883928385507
2792,1.0861768441361506,0.6938654616357436
2793,1.0854896685229765,0.6642251457967545
2794,1.0857446737083782,0.746269633642325
2795,1.0857285313338871,0.7175876906672587
2796,1.0859962477615666,0.6926567149645955
2797,1.0855696472776395,0.6428311705233271
2798,1.0859353948731583,0.6976184423822442
2799,1.085604797384857,0.7031089186322442
2800,1.086062535375677,0.6983039051275604
2801,1.0855294224971201,0.6753829064909014
2802,1.0859639851010396,0.646658275426236
2803,1.085285580586242,0.7757145711923724
2804,1.0863060001897293,0.7158023912877179
2805,1.0855777599467393,0.6744997965629835
2806,1.0860120127270942,0.6875678868238813
2807,1.0854335680655947,0.6884368087974201
2808,1.086025047743553,0.7091475660797034
2809,1.0856688409918887,0.6488982093070679
2810,1.0857320793426921,0.7539996214599264
2811,1.085842278649055,0.6255283103892191
2812,1.0855680390053937,0.7250621091708092
2813,1.0861280568813954,0.7465973832292262
2814,1.0856502577457148,0.6078210625726451
2815,1.0855583194823906,0.7176034196697648
2816,1.0858983678161,0.7624327200526088
2817,1.0857989005223179,0.6579899832954181
2818,1.0857538022837894,0.6876853450933236
2819,1.0858490340027651,0.7211842387239419
2820,1.0858244912440325,0.6684582497540401
2821,1.085808354730399,0.6671811804264457
2822,1.0856367596001493,0.6702484305104526
2823,1.0856982643287598,0.7482213994690118
2824,1.0858202082835564,0.6973474509293527
2825,1.085980000414902,0.6739471308722496
2826,1.0854988071652911,0.6811211162635507
2827,1.0859933849433256,0.6978654268445735
2828,1.0854306242953426,0.6551748367987424
2829,1.0859432503560804,0.7593570579259674
2830,1.0857867086646549,0.6994281753963338
2831,1.0857587265690316,0.7014458655696567
2832,1.0858437341797393,0.699781079528689
2833,1.0856589341763256,0.6963792105339117
2834,1.0859777474895427,0.6720307617883811
2835,1.0856015823456038,0.7084461426537163
2836,1.0859145787548683,0.693637528205203
2837,1.0855525165042021,0.6553759712334668
2838,1.0859099809387311,0.7598314548792342
2839,1.0859278757591795,0.712983952022827
2840,1.085779107098304,0.6138223514853273
2841,1.0855455324624559,0.6587482791568369
2842,1.0857538929617623,0.7641092205479988
2843,1.085981892898187,0.7094872419725403
2844,1.0857889197708102,0.673865625488388
2845,1.0858945216986875,0.642512567310013
2846,1.0852921734146546,0.705003133705997
2847,1.0860927259487074,0.7479224987032188
2848,1.0857280757614105,0.6314272633572294
2849,1.0855430457570736,0.7119526849322407
2850,1.085840537946473,0.7225280273103883
2851,1.0859654935195733,0.6995743558207048
2852,1.085590515200254,0.6823368203162674
2853,1.0859614491597396,0.7130010215971043
2854,1.0856238514246526,0.6483797621106882
2855,1.085939916528858,0.7328516565816471
2856,1.0855033703619057,0.6714496303803276
2857,1.085941369265802,0.7443941487486407
2858,1.0856573658964441,0.6630381081205057
2859,1.0859240871615359,0.7100575947195287
2860,1.0856574317417869,0.6742853524357526
2861,1.0859201340239348,0.7166575157253597
2862,1.0856953285374285,0.6533129376315362
2863,1.0856875871067824,0.7264996322963138
2864,1.0859107101376866,0.6783690252981713
2865,1.085693774211752,0.7098840065257006
2866,1.0858944792805238,0.6585463738407747
2867,1.0855282430801003,0.6796142128888135
2868,1.0859982496390217,0.7162752084081621
2869,1.0854845031570775,0.6794025399716414
2870,1.0860870544566525,0.7209786449200876
2871,1.0854646997399255,0.7016031893942873
2872,1.0859712780076498,0.7487544257405543
2873,1.0858925447265284,0.6478529144856902
2874,1.0856736079330425,0.6578626656812393
2875,1.0857034409366206,0.6912798716981089
2876,1.0856203200419816,0.6644545743525243
2877,1.085886073964765,0.7733443830286969
2878,1.0859325501934196,0.6526804937792283
2879,1.0857024978318404,0.6903137789347177
2880,1.0856256848106136,0.7029066596880084
2881,1.0859320619689041,0.7272514040360376
2882,1.0856566311892828,0.6266146036695337
2883,1.0856433662003928,0.7808505813475428
2884,1.0862002815407794,0.6785342593514608
2885,1.0854312328768023,0.6723936522296746
2886,1.0860007367140811,0.679864912881627
2887,1.085587233391307,0.7230186350515132
2888,1.085913752120101,0.685681162690669
2889,1.0855775049712462,0.6920202105855132
2890,1.085884032720336,0.7221600382815646
2891,1.085787502874412,0.6555969084719616
2892,1.085858457500696,0.7323087838947552
2893,1.0857136610736609,0.639355456698335
2894,1.085738670083571,0.7564283878098164
2895,1.0857936217775392,0.6826079437893097
2896,1.08581267143255,0.6662491896553747
2897,1.0855787512610762,0.6980844053374007
2898,1.0860076953385909,0.7388005953329131
2899,1.0857732251771857,0.6243938835959542
2900,1.0857190886160566,0.6839201725129991
2901,1.0854787766190235,0.6951297222529313
2902,1.085912210086072,0.7381333261654336
2903,1.0857606464687792,0.7122218127742549
2904,1.0860097124880825,0.6410953343176
2905,1.0854600446796805,0.6895701391770503
2906,1.085778055905195,0.7594293871530029
2907,1.0859981781813641,0.7016102783327858
2908,1.0857663696827777,0.6672595516075156
2909,1.0857531727654803,0.6533219323933809
2910,1.0855595861613927,0.7041539124606064
2911,1.0858600161967638,0.7616832888140173
2912,1.0861119349580814,0.6716045170047613
2913,1.0854516935733882,0.6307168105177795
2914,1.0859225097292096,0.7406671255117575
2915,1.0856264009313161,0.70301750203719
2916,1.0858267800593318,0.6920018753944461
2917,1.0859338112449974,0.6891547356385688
2918,1.085710616343467,0.6814393527765024
2919,1.0856465981541215,0.6794213563190111
2920,1.085964614294688,0.7090499591730923
2921,1.0856810026036197,0.6928622370172686
2922,1.0857680825516653,0.6781825678432416
2923,1.0857703694933463,0.6819964305940536
2924,1.0854088889634723,0.7379647807053433
2925,1.0862680369084818,0.7198915135708233
2926,1.085582709361033,0.6820391100653086
2927,1.0857890781363229,0.6660270798590765
2928,1.085825905584817,0.705334397723658
2929,1.0855872557106545,0.6799255545758592
2930,1.0859246521443369,0.7274748349649236
2931,1.0857958010168265,0.6995111868406847
2932,1.0856764316403678,0.6676868675326968
2933,1.0858674953585534,0.7126921523024323
2934,1.0857499761543605,0.6896187629008493
2935,1.0856797066094739,0.6265860505595321
2936,1.0856563703422293,0.7619915733187446
2937,1.0860452094420234,0.7182771621349958
2938,1.0855212181929692,0.6876178354249918
2939,1.086258990304103,0.6674922496440374
2940,1.0853109573477222,0.64540265386458
2941,1.0857759438982726,0.7405671772614599
2942,1.085713209348607,0.6973056311193668
2943,1.0862109611995645,0.7182825440082433
2944,1.0851873116743613,0.6677326573751483
2945,1.0861358824818734,0.6892944599182675
2946,1.0856872348842799,0.7063076821870935
2947,1.0859160191129247,0.7302555142744606
2948,1.0856378190362217,0.6500305836502748
2949,1.0857943279637172,0.6490252850309582
2950,1.085508778731715,0.7841654920031577
2951,1.086328551686159,0.6701338228818012
2952,1.085428225177475,0.654261015968786
2953,1.0859130908568713,0.705375240853834
2954,1.085691804686454,0.7007867577295405
2955,1.0858078696000388,0.712963212535936
2956,1.08572409645542,0.6879492862300728
2957,1.0859134734931175,0.6891228228066224
2958,1.0854542481607947,0.6881602339333005
2959,1.0859968494610948,0.7265289629560864
2960,1.085830362209039,0.6837357280690973
2961,1.0856655189274715,0.6810512484283103
2962,1.0858497506888398,0.6912967039755299
2963,1.0856472816885396,0.7537316546164863
2964,1.0860508007590859,0.6648824666261083
2965,1.0855324699890976,0.6823595040574926
2966,1.0859358580431984,0.6954895544122354
2967,1.0855967573727245,0.7163972889959398
2968,1.0860221718352427,0.6834976472178774
2969,1.085538625411352,0.6510267627481997
2970,1.0858864938525807,0.7470382187850068
2971,1.0855707033573578,0.665016806992317
2972,1.0860807423847745,0.7257356249370941
2973,1.0857757610923158,0.6431542594651578
2974,1.0856343942519289,0.6623345034080387
2975,1.08571780612527,0.722094964546222
2976,1.0857635676753647,0.6992094978942226
2977,1.0857937059370726,0.7107496081133607
2978,1.0857703468574917,0.6838518352618872
2979,1.0857482990299527,0.6748573900720538
2980,1.0856519846013677,0.7327990497231675
2981,1.0859712000317816,0.7256788304552183
2982,1.085679783563894,0.6512553746026236
2983,1.0857968193537386,0.7448659672707508
2984,1.0856968928506925,0.6459812242066075
2985,1.0857833003847628,0.7344618903288618
2986,1.0860090804521596,0.6849434504823879
2987,1.0857683542294843,0.6421421979111399
2988,1.085522642519955,0.6595781439450351
2989,1.085637149782104,0.7798096405418306
2990,1.0859817378592256,0.7468246803035927
2991,1.0859462523610595,0.6351049823686045
2992,1.0856640744457038,0.6656623219340062
2993,1.08555980478512,0.7301245622106735
2994,1.0860727346069179,0.6833441938669943
2995,1.0856844624411355,0.6699941076890812
2996,1.0857527445043589,0.6535529132793155
2997,1.0854828826342036,0.7296506791388578
2998,1.0861779160226832,0.7261013265561481
2999,1.0854855654685363,0.6897284239805319
3000,1.0860654868774544,0.6823568615909835
3001,1.085410315274049,0.6765194219145328
3002,1.0859533963440289,0.7411683215644592
3003,1.0856305095922003,0.7010992010155255
3004,1.0861522825211876,0.6674140517172894
3005,1.085447881019714,0.6753700869912828
3006,1.0859200958012405,0.746654176890302
3007,1.085696885569514,0.6948002342588631
3008,1.0859168679984135,0.6562480736438472
3009,1.085581104381817,0.681466876815648
3010,1.0858543995783676,0.7349647364938385
3011,1.0855684926931517,0.7065118518114415
3012,1.0862306318618802,0.6752712674472563
3013,1.0854579781969909,0.6893689136991336
3014,1.0858823210602369,0.6567913231098323
3015,1.0856932411325646,0.7158302568503729
3016,1.085808246145292,0.6787714148330228
3017,1.0857325359445205,0.7150477965097946
3018,1.0857623969334445,0.675540217660115
3019,1.0858318527460729,0.7299548924425527
3020,1.0856662339115413,0.686871329376946
3021,1.0860452097256268,0.6970610066592635
3022,1.0854859315873973,0.666190804396053
3023,1.0858093899121648,0.7608982431054515
3024,1.0856987174431478,0.6545686697801345
3025,1.0860463675421475,0.7287975919626976
3026,1.085661012727699,0.6529708411634131
3027,1.0857825655209508,0.6603477888180792
3028,1.0858198380475532,0.705690853338208
3029,1.0855616631356388,0.658126664409404
3030,1.0858993206812781,0.754023610950137
3031,1.0857750047796788,0.7015125044442777
3032,1.0857407793023024,0.6900198475083051
3033,1.0856539075683573,0.6791365229166865
3034,1.0859140407389898,0.7314830863095048
3035,1.0857852507044214,0.6299500765013778
3036,1.0854415238877961,0.7143781677514365
3037,1.0862140045748756,0.7585733062941739
3038,1.0856317480909574,0.6901881545944991
3039,1.086008092526912,0.6777966663337955
3040,1.085365131644969,0.6318399937302835
3041,1.0861302252669525,0.7503392337850205
3042,1.0854449462339522,0.6647014380184287
3043,1.0859835409373542,0.7301466627628759
3044,1.085454591805019,0.6642599950865974
3045,1.08621887197453,0.7411068328221251
3046,1.085673266807444,0.6543989478901043
3047,1.0858595106405002,0.681194778431553
3048,1.085444654108682,0.690923544245034
3049,1.0859466630016235,0.7283831091153691
3050,1.0856946785795936,0.6727911506070822
3051,1.0858658038286968,0.7078710648531922
3052,1.085693470406972,0.6402702518554142
3053,1.0858559215546322,0.6835861840340736
3054,1.0855047308494041,0.7465071579275951
3055,1.086109832852255,0.6988134354659676
3056,1.0854453981344245,0.6764196836484041
3057,1.0859583746758028,0.7723199589677068
3058,1.085704117843322,0.6633704228664091
3059,1.0860158831696847,0.6824978143024791
3060,1.0856146031863736,0.7208390001992118
3061,1.0860105867657446,0.6450313519884227
3062,1.0853253347204193,0.7378885527241807
3063,1.086240692616357,0.6961716031329708
3064,1.08546362023019,0.6749086280103483
3065,1.0859341342594584,0.6914823546392221
3066,1.0856381124613417,0.7015536142740749
3067,1.0858577174989508,0.690331080990124
3068,1.085857006445084,0.6799151673279946
3069,1.0857194200130058,0.6673744452832551
3070,1.085602779368248,0.7238673256178254
3071,1.0859495938998682,0.7276852144317028
3072,1.0857057014389957,0.6648257264747058
3073,1.0858128698992566,0.6869512978391876
3074,1.0856761418345398,0.6861195833016613
3075,1.085769422845017,0.7387709435596854
3076,1.0857655234719505,0.6248167775560516
3077,1.0858302576453605,0.7534437505092693
3078,1.085836460851712,0.6882319158719872
3079,1.0856125448909353,0.7262556002179344
3080,1.0859874525315527,0.646169608215637
3081,1.0856525441301073,0.7193120634916106
3082,1.085891939077535,0.6672956729879459
3083,1.0854628317871624,0.6983632386062898
3084,1.0860311466744161,0.7150136315488497
3085,1.0856404186830353,0.7229463920980955
3086,1.086138428636116,0.6476368042985122
3087,1.0854448330186606,0.6382832536755467
3088,1.0856322229224913,0.7719965340523535
3089,1.0859526358884144,0.6923309773735223
3090,1.0857170502322937,0.7006502280896154
3091,1.08578768843331,0.6898921664130557
3092,1.0858592956991964,0.7024406084688604
3093,1.0856262779030783,0.6759088543825428
3094,1.0860974183096714,0.7038591371019348
3095,1.0854508975588903,0.6503826300237686
3096,1.0857750816650509,0.6896238344219966
3097,1.0857477438207654,0.7544044280840997
3098,1.086005089733174,0.678779798005187
3099,1.0855157765430803,0.6925396870719847
3100,1.0860608747460638,0.675019153562797
3101,1.0854140291517493,0.6980924046141973
3102,1.0861402694129643,0.6865946621679826
3103,1.0854407493318265,0.7253659073387614
3104,1.0859006274329293,0.6883453038146774
3105,1.0857165450906237,0.6948242248236637
3106,1.085849044422656,0.7041736227556096
3107,1.0858618472092767,0.6576173110000871
3108,1.0854255715863772,0.6979601569052188
3109,1.0858932195737194,0.6978649392074526
3110,1.0859498650525337,0.7539559257932942
3111,1.0857202853236676,0.678222405695695
3112,1.0857679978320698,0.7031240871486372
3113,1.0857927013933286,0.6789544168626126
3114,1.0858073866975815,0.7143699684212645
3115,1.0857779376234167,0.6480729197400894
3116,1.0857645638086195,0.6912734166341408
3117,1.0856839121504176,0.7033364870456799
3118,1.0858259286472776,0.7392286861834049
3119,1.085884095768029,0.6716992341424083
3120,1.0856561143013674,0.6638218470134378
3121,1.0858045088509085,0.7075857538616753
3122,1.085654406580142,0.6578123986393417
3123,1.085878325619758,0.7813177520608816
3124,1.0857573393584363,0.666242285958576
3125,1.0857897689138238,0.6634891144669451
3126,1.0857243216514045,0.6825974907427682
3127,1.0858025004132597,0.7023259229713181
3128,1.0857665953493536,0.6886826931482585
3129,1.0857303491521368,0.6987426912864639
3130,1.0857490217560244,0.7015947056293897
3131,1.0856565490947745,0.7202238628690433
3132,1.085958568035838,0.7373378133041402
3133,1.0858964968253637,0.6677561560351468
3134,1.0856109155850306,0.6448843609133718
3135,1.0856757630101876,0.7437792766412246
3136,1.0858927454832992,0.6758013827132058
3137,1.0858970702036934,0.70816374848601
3138,1.0856954154024228,0.6850803310494783
3139,1.0856574889651653,0.6712214438815051
3140,1.085815602281156,0.7403451647281961
3141,1.0861113368290254,0.6312433603419156
3142,1.0852276078862528,0.6834261716668314
3143,1.0859861798363648,0.7522339671099445
3144,1.0856480921631992,0.7244282434574623
3145,1.0862011825722944,0.6445026679190591
3146,1.085459043684144,0.6634828066081974
3147,1.085917780509059,0.686209037199982
3148,1.0854510139468962,0.7637660140658685
3149,1.0859961232107593,0.6602938378962611
3150,1.0857308423824081,0.7149210593749065
3151,1.0859628966782995,0.6562234523185566
3152,1.0854044947259487,0.677859271584897
3153,1.086047322336256,0.7574591139878187
3154,1.0856522091769871,0.6667883451821174
3155,1.0859840709694732,0.6845587045562131
3156,1.0853803324558042,0.6594821697314298
3157,1.0859444098421618,0.7969900211697747
3158,1.0857655798605859,0.6849195935736473
3159,1.086193185133801,0.656863203355565
3160,1.0853164722135753,0.6474615399457857
3161,1.0858668386784605,0.742187155112393
3162,1.085721859244063,0.6828168546825834
3163,1.0859413757855854,0.7152194758523397
3164,1.0856771771532836,0.6787411972509406
3165,1.085676652500141,0.6784282108968289
3166,1.085827683685035,0.701207791961029
3167,1.085796469483055,0.7251172578335403
3168,1.085923068484488,0.6713992491700214
3169,1.0856378491116747,0.6690519794136831
3170,1.0856614505321982,0.7814989292744018
3171,1.0860291097609178,0.6295188821331094
3172,1.085613717029493,0.6943725784385312
3173,1.0857481514140828,0.7153573496645197
3174,1.0857811696534145,0.6779605733201725
3175,1.0857694410281764,0.6655797789148159
3176,1.085752535644383,0.7233987828941518
3177,1.0858510094585239,0.7090619723093408
3178,1.0858084416535076,0.6184427758113539
3179,1.085613748704723,0.7642094133073168
3180,1.0860612952698085,0.6920461122100844
3181,1.0854592018756708,0.6744940036161859
3182,1.086068934765393,0.6761397462179897
3183,1.0851578512520406,0.726693560498139
3184,1.086267727862157,0.7195004928278643
3185,1.0857877087128722,0.6825352304604985
3186,1.0856847805436873,0.6967770389809168
3187,1.085749204436545,0.7188368495081828
3188,1.0857374319608544,0.6911040912001272
3189,1.0859880686492007,0.6680694029879981
3190,1.085530588779574,0.6900726984937422
3191,1.0858062182882517,0.6788037727340335
3192,1.0858365680555255,0.7497815312375067
3193,1.086063573853559,0.6660799951212188
3194,1.0855984450931655,0.6411558923526486
3195,1.0855173937918432,0.6967776101207536
3196,1.0860415873791018,0.7166516103308338
3197,1.0854309257901622,0.7519764098070587
3198,1.0862769794628435,0.6719502880500313
3199,1.0853797535850112,0.6303528905842753
3200,1.08594071041255,0.732485716054101
3201,1.085831123599348,0.6760104029845436
3202,1.085678292828954,0.6892301786526278
3203,1.0856424743516826,0.7169713901326704
3204,1.0857811792322973,0.7121209714252135
3205,1.086023464337927,0.6734211553942532
3206,1.08540420318058,0.6975174769348181
3207,1.086081305009395,0.6644711731827844
3208,1.0854393999390246,0.7343591111918616
3209,1.0860575629740057,0.7307636040679634
3210,1.0856990562281237,0.7041613287808901
3211,1.0858107891333661,0.6587312208625836
3212,1.085855408424224,0.6817942339086722
3213,1.0856318180307376,0.7268686506910967
3214,1.0859007558629996,0.6826679760884671
3215,1.0856286900848353,0.6870187052002754
3216,1.0859751223115777,0.6263972772161591
3217,1.085319098299316,0.7168844979542703
3218,1.0861429337654496,0.7353525788203449
3219,1.0857963999619737,0.6902087125784654
3220,1.08567760138749,0.7068674264915853
3221,1.0857638418418911,0.6261770852207522
3222,1.0855781725847764,0.7629785336086709
3223,1.0859919221743317,0.6863560836905822
3224,1.0857628803350134,0.6902775713895598
3225,1.0858371032145178,0.6550932837768799
3226,1.0855066688330568,0.7584214602652484
3227,1.0861735589913002,0.6789133224487566
3228,1.0855996458573876,0.6702987945710411
3229,1.0857441010420612,0.6811670331574514
3230,1.0857669372787377,0.6929658797509727
3231,1.0854491595117421,0.7462791574727584
3232,1.0863424588610664,0.745999943518346
3233,1.0856630259793207,0.6182072452026028
3234,1.0856219231787254,0.6726614615392252
3235,1.0858773989790071,0.74729242443926
3236,1.085711553617209,0.6556842871473488
3237,1.0858077862279352,0.7363993890992482
3238,1.0857034117587507,0.66234263798738
3239,1.0857819914860254,0.7110142699434105
3240,1.0857112602728642,0.6500814711480063
3241,1.0860300630556168,0.7567499802031414
3242,1.0855272329027117,0.6803106188564042
3243,1.0858749870793558,0.7266111588281391
3244,1.0857218678856013,0.6865629662363836
3245,1.0859652941095888,0.7209379911365947
3246,1.0858466727836489,0.6257561349237651
3247,1.0854757299772315,0.693307377503556
3248,1.0860444002550942,0.6978790040474468
3249,1.0854188785478855,0.6614361432246162
3250,1.08614019109598,0.7505484031158577
3251,1.0855281882910257,0.6707161582617378
3252,1.085803884173792,0.7411354174581875
3253,1.0858651712872343,0.6657364099616219
3254,1.0858899772493,0.6739050490725171
3255,1.0855112093713586,0.6475632182080907
3256,1.0856066332113654,0.7623123205076948
3257,1.08615817749886,0.6880155789830114
3258,1.0855249958164426,0.6905438810774933
3259,1.0859602070358612,0.7032702227068427
3260,1.0856345781586938,0.6581515463646574
3261,1.0857347010663327,0.7391429084648741
3262,1.0859253296809381,0.6966604424827761
3263,1.0856355499453452,0.720072031060714
3264,1.085964646431512,0.6860267434137028
3265,1.0856155860045495,0.702601891454212
3266,1.086091187932153,0.6605347424992262
3267,1.0853625619084093,0.7053631647904599
3268,1.0860613322258046,0.7048902509290954
3269,1.0857293129731433,0.6616001005754161
3270,1.0855431490603864,0.6958043062124135
3271,1.0859963509908985,0.7135393512989733
3272,1.0856241128833322,0.6754907891004822
3273,1.0858971570350588,0.718030655698193
3274,1.0857436620383698,0.6624102670143525
3275,1.085684644539716,0.6953619846960379
3276,1.085825117173345,0.7109515102193448
3277,1.085817228118782,0.6727755390461106
3278,1.085615050263237,0.7262130854061056
3279,1.0858392421488516,0.7281298286850713
3280,1.0859148702452763,0.6175699698934337
3281,1.085543221798092,0.7016924121474633
3282,1.0857634938491745,0.6853340289537705
3283,1.0857868525963799,0.7294629071271542
3284,1.085854754224331,0.7077961778120075
3285,1.0858090240877092,0.6874163172826493
3286,1.0854649217673944,0.7310955103805385
3287,1.086248052044096,0.6969212090506426
3288,1.0856650958214222,0.6351748420797557
3289,1.0857006434546477,0.6689322776278865
3290,1.0854792080385143,0.7271589621123873
3291,1.0861080312651337,0.755970330444135
3292,1.0858159698257686,0.6098617338852437
3293,1.0856126577589902,0.6861028053917689
3294,1.085941651037186,0.6757164144635037
3295,1.0853782996856254,0.7534952085604614
3296,1.086143929537294,0.6765378524866273
3297,1.085572740326161,0.7218735730380558
3298,1.0858327462061064,0.6965236549715057
3299,1.0858118372799934,0.6674580667101164
3300,1.0858460940557326,0.7128918627788585
3301,1.0857322324857608,0.6792734176359255
3302,1.0857227669677785,0.6756019705699776
3303,1.08581634829284,0.6719033130450603
3304,1.085586620717493,0.7558357747146723
3305,1.0860513307983746,0.6901245298169081
3306,1.0856361391058753,0.657042331191804
3307,1.0858511496214216,0.7161763274585982
3308,1.0856314148861526,0.7285127375752624
3309,1.0857770969841782,0.6769923608339928
3310,1.085994559317622,0.7176614665007325
3311,1.0855767433476402,0.6800482985368372
3312,1.085895437562547,0.7090745408882622
3313,1.085768687754397,0.6756935417480835
3314,1.0858460552866531,0.6612232139824127
3315,1.0856113686925437,0.6888889944546377
3316,1.0855440248118278,0.6759196804472808
3317,1.0860117658575714,0.8278220723718136
3318,1.0859419330010904,0.6283341655005785
3319,1.0857013967455231,0.6557999065623223
3320,1.0856326801060658,0.7152833484845255
3321,1.0859152381565174,0.7046295215631986
3322,1.085779474903947,0.6894888911662794
3323,1.0857839464134,0.6447200568336712
3324,1.085594132920128,0.7301641805089472
3325,1.0858883859019497,0.7193253296720792
3326,1.0856715558600913,0.6430385436471062
3327,1.0859006806697136,0.7238643952991106
3328,1.0858518742287135,0.6721677521992165
3329,1.0854504612444853,0.6674261861611697
3330,1.085800363325402,0.785125707505217
3331,1.0860069437903663,0.6293227794434302
3332,1.0856998900867811,0.706937993940677
3333,1.0857946511004732,0.6514349822118949
3334,1.0856054769771226,0.7484912080299345
3335,1.0858343043756211,0.721894645318194
3336,1.0859730325042802,0.6726122139381038
3337,1.08545952411958,0.6709866030035164
3338,1.0858916661193347,0.7448241242274722
3339,1.0858264088815286,0.706886939669955
3340,1.0859593052396321,0.6738704847182619
3341,1.0855643209622863,0.6869546544055669
3342,1.0859509169233432,0.6495523802214708
3343,1.0853581598930437,0.712607401791657
3344,1.0862674356142754,0.7259543378740514
3345,1.0854203314631687,0.6736099888974362
3346,1.086124089951535,0.6717717650829119
3347,1.0853540995426187,0.7393712410807878
3348,1.0862449490424506,0.6277233860031806
3349,1.0853180316519702,0.7046006294895772
3350,1.085768537375392,0.756650976230084
3351,1.0857797988978963,0.7138479153621443
3352,1.0861175152623113,0.6531404779797241
3353,1.0856214765138108,0.67017157482872
3354,1.0857517870217233,0.6981220559791296
3355,1.0855957233288094,0.6819540960577177
3356,1.0859580107874336,0.7342217405035687
3357,1.085827265477243,0.6762594775123911
3358,1.0856331593942403,0.7150424144404514
3359,1.0857937027060662,0.6591412390373529
3360,1.0858764358837583,0.7658503225313907
3361,1.085721638228528,0.6547824229920395
3362,1.0858858365840856,0.6786932690298897
3363,1.0854938212248042,0.6927199177182536
3364,1.0859621936102983,0.7500102771598705
3365,1.085720408759142,0.647381048266862
3366,1.0859538100853148,0.7009093163624225
3367,1.0857325135964324,0.6511582778021264
3368,1.0855322377692893,0.7309094347448546
3369,1.0858829683597884,0.6773318997115276
3370,1.0857233087357927,0.7248952579053689
3371,1.0859515372118254,0.6783392397467842
3372,1.085573033004982,0.6899531985706837
3373,1.0858628160275914,0.7280554486383136
3374,1.0856507079332485,0.7017166155920107
3375,1.0861334672350575,0.6708495480865875
3376,1.0854492675470717,0.6347042718974402
3377,1.08566352225612,0.7925807376764571
3378,1.0860683986491073,0.6656713598011045
3379,1.0856836487253378,0.6649830469089587
3380,1.0858761721823413,0.6676244280406827
3381,1.0853215735913437,0.7177767481416008
3382,1.0861533543645356,0.7188414051857567
3383,1.0856821373913261,0.6738595463405762
3384,1.0857886918400983,0.7038724847304882
3385,1.0855484609390795,0.6961281806314323
3386,1.0861847173524972,0.7420309852601131
3387,1.0856431205637245,0.6169578126283811
3388,1.0857314274639445,0.6968987317535662
3389,1.0857166443256145,0.6910239606388427
3390,1.0855574316261705,0.7793239762607107
3391,1.0861226545084959,0.6634541903099201
3392,1.085646198141895,0.6613251459648449
3393,1.0858237645840683,0.7029528132683853
3394,1.0856906666368147,0.7388325794935615
3395,1.0860050733769742,0.6653182024863495
3396,1.0855182936749965,0.6965937255239089
3397,1.0860486254475223,0.6880728200453543
3398,1.0854755683219606,0.6401571821983268
3399,1.0857617460431686,0.800042322641
3400,1.0861474455713784,0.6479216035885002
3401,1.0856008745091557,0.6235979658953673
3402,1.085617090189646,0.7076697156652887
3403,1.0856787618045114,0.6724250460143786
3404,1.0859345664060593,0.801044902389429
3405,1.0858485362015264,0.6739528152423693
3406,1.0859330955633217,0.6364957319077555
3407,1.085512609517128,0.7036474156994644
3408,1.0857185042119066,0.7093012192443842
3409,1.0860070902410612,0.726859858915968
3410,1.085568395608903,0.6923593655109449
3411,1.0858123435351648,0.6878762658032866
3412,1.08586758732207,0.7056966508175151
3413,1.085708617740601,0.664790779806538
3414,1.085836733537087,0.6992849126541905
3415,1.085682743719374,0.7084453422969507
3416,1.0858912760592563,0.6871904008136848
3417,1.085598978358001,0.7159384735231816
3418,1.086045371026592,0.6877172586860544
3419,1.085512049685362,0.697146206798477
3420,1.0861121364285569,0.6789326232963078
3421,1.0853968697506846,0.664064162553687
3422,1.085926408948238,0.7400960917799558
3423,1.0857891503081785,0.6372402229960406
3424,1.0856528511422787,0.7138255074547492
3425,1.085861537006906,0.6693227998571523
3426,1.0856199614149438,0.7226954477211358
3427,1.0860247409031072,0.7298729407743066
3428,1.0854987384820358,0.6524205708358405
3429,1.0858464416004254,0.729005777508806
3430,1.0857305474728924,0.6631320298543857
3431,1.0859966243869046,0.730701027088094
3432,1.0856127245302756,0.6247139210481888
3433,1.0855997591483777,0.7830972187891682
3434,1.0861247823081364,0.6762942508885319
3435,1.0855901957882064,0.6632560005202682
3436,1.0858780678831839,0.6778976499085588
3437,1.0854390156476066,0.7370270923075901
3438,1.0861548132941536,0.7174342206692564
3439,1.085731287818682,0.6913034121292096
3440,1.0858636966264519,0.6478870595108224
3441,1.0856434146705374,0.7036049268758223
3442,1.0858180195124354,0.7021575210939945
3443,1.0856655461678162,0.6793803647671491
3444,1.0858836743802438,0.6917554565421639
3445,1.0856442733276273,0.7155224828537032
3446,1.0858246699766807,0.7386171368851328
3447,1.0857592095176938,0.6397241345396323
3448,1.0859380491462285,0.7215842197414284
3449,1.0855093559265514,0.6629325914839134
3450,1.0859495611665768,0.7113309366637223
3451,1.085633206115769,0.723683307765904
3452,1.0859965204897004,0.6735318058425681
3453,1.0857126828892512,0.694071633582406
3454,1.0857463212870244,0.6629757449149354
3455,1.0857250192170942,0.703298404078788
3456,1.0857907133539888,0.653779982668931
3457,1.0855640446349648,0.7666031516778309
3458,1.0859965258049173,0.679822079833647
3459,1.0856158895300458,0.7254013262229418
3460,1.0859123028004567,0.6764051886894851
3461,1.085754096293693,0.6950261872542666
3462,1.0858160856427825,0.641336262811445
3463,1.0853633567502732,0.7660757192470655
3464,1.086275641988327,0.7037676308445825
3465,1.0855404362766763,0.6715839620986698
3466,1.0860339960532674,0.6746097805317924
3467,1.0854812575190105,0.6755948304082602
3468,1.0858691681519268,0.7133814324005814
3469,1.0857453713927454,0.6994547852427707
3470,1.0858943107717431,0.7389540391541235
3471,1.0857488202542018,0.655935463992388
3472,1.0857033079605058,0.6917197074390335
3473,1.0858306642219484,0.7179818635620677
3474,1.085971461306607,0.6544273414224804
3475,1.0854063883382852,0.6838638280914263
3476,1.0858945861257963,0.6895055053142063
3477,1.085642807973483,0.7468381706729051
3478,1.086058678035084,0.6433156782871094
3479,1.085493343659219,0.6725281012398362
3480,1.0858844568288115,0.7051513511131847
3481,1.0855875655080687,0.7437388584207858
3482,1.0861046358770226,0.6714782196790543
3483,1.0854517646498563,0.6892788194547439
3484,1.0859116345148645,0.7110224387003716
3485,1.0857131743794735,0.7336028573177874
3486,1.0859199906938275,0.6965838413875305
3487,1.0857949650881475,0.6479893607790749
3488,1.0856784190933737,0.7005635957034378
3489,1.0858998780556675,0.700002913550464
3490,1.0855798474005154,0.6939138362385628
3491,1.0858475870026592,0.7441436285669669
3492,1.0858944904219165,0.670165440479281
3493,1.085587182330664,0.6612942643699276
3494,1.085899619542099,0.7231220332762845
3495,1.0859111298319495,0.6726460117257825
3496,1.0854539459986932,0.6709151256470639
3497,1.0859059123678063,0.7256009389559454
3498,1.0857646880469234,0.693135222019635
3499,1.0858045007750796,0.7056221385650423
3500,1.085815314065549,0.6400191459299994
3501,1.085647696340324,0.6903333156241758
3502,1.085703384459749,0.7512151012962941
3503,1.0859005789227125,0.668167933601937
3504,1.0855878539988997,0.7391285750627049
3505,1.0859811109817081,0.6778535756407917
3506,1.085727137729035,0.6655652385332669
3507,1.0858148586353575,0.7010974514105704
3508,1.0858756354114485,0.6507469082337977
3509,1.0854410385040383,0.7344622603598283
3510,1.0859182758561905,0.6942449624854014
3511,1.0856743306939631,0.739165795944508
3512,1.0859940682781555,0.6729748118057858
3513,1.0856596470969138,0.6693872436974961
3514,1.0858270857375663,0.7268032126972942
3515,1.0856704275991524,0.7032658666252526
3516,1.085953974335024,0.6631743459086731
3517,1.0855207682724104,0.7109132447455511
3518,1.0859115207033805,0.7129480707087059
3519,1.0858031763460998,0.6270886305842375
3520,1.0856250271836494,0.7624658700294041
3521,1.0860273382026833,0.6560926262340862
3522,1.0855438466106786,0.6751593484819506
3523,1.0858549159052515,0.6819331691568884
3524,1.0855476399157546,0.7737963762424795
3525,1.086089212902519,0.6971697066439057
3526,1.0858056027277998,0.6309864688163846
3527,1.0856048018571856,0.7006289950780714
3528,1.0856617587872195,0.7207938160295762
3529,1.086031273185472,0.6868713438118236
3530,1.085764297477285,0.6404917090186114
3531,1.085540394659562,0.7069333122508257
3532,1.085705586753017,0.7012903630441771
3533,1.0860284597749692,0.7129323871934798
3534,1.0856814687690892,0.6956300865141821
3535,1.0859173800258586,0.6973147976850239
3536,1.0854916806066135,0.6575987702946838
3537,1.0858936123976037,0.7863597045018426
3538,1.0858064375630014,0.6751052911492068
3539,1.0859854488701313,0.6674035825894059
3540,1.0853911547252306,0.695397674927097
3541,1.0860646049062364,0.7375663069317366
3542,1.0857331627636397,0.6255867669808296
3543,1.0857123519757785,0.7182174758806297
3544,1.0858510259953758,0.7026935777461749
3545,1.0854026171606153,0.6582021723788365
3546,1.0862185904200115,0.7540013719920786
3547,1.085782929935444,0.6712503833053067
3548,1.0857682408775848,0.673557619825098
3549,1.0854956421154485,0.6945498177678953
3550,1.0860183160805104,0.7080441141062619
3551,1.0855896356427026,0.6761817618129347
3552,1.0860116613543607,0.7335054883662476
3553,1.0856871585842687,0.6328888975472635
3554,1.0857077800998696,0.7346094986180933
3555,1.0857871449261287,0.6780200299448015
3556,1.0858551154366298,0.6674380268202953
3557,1.0853844053134458,0.696496943806951
3558,1.0859356123278372,0.7994961440859338
3559,1.0858624811884765,0.6576711892648179
3560,1.0859413557308084,0.6937569547325084
3561,1.0856550347683804,0.661098044249378
3562,1.085711100958955,0.680793355710476
3563,1.0855529472895145,0.7210823329290299
3564,1.0861494020412008,0.7481058141054745
3565,1.0856139750884923,0.655777900676692
3566,1.0858459515404646,0.647570638393667
3567,1.0856126684889966,0.7613574918399404
3568,1.085916665389968,0.6580590835099696
3569,1.0856837920334674,0.7089787923656277
3570,1.0859955471813714,0.623353610059138
3571,1.0853168048123816,0.76344132967982
3572,1.086208954781622,0.7019486683541292
3573,1.0854720059201934,0.6724427159977513
3574,1.0861992777141911,0.6405775181446307
3575,1.085165858461555,0.6549089521101313
3576,1.0860101042097206,0.7748080742055968
3577,1.0856486226856887,0.7242463498485987
3578,1.086076156411843,0.6822120846035354
3579,1.0854274397155308,0.6755389039788203
3580,1.086131708354493,0.7311841537618798
3581,1.0855580067385573,0.6532425138992682
3582,1.0859776129453702,0.7047997388513915
3583,1.0855454905064656,0.6639566791616788
3584,1.0859441137659958,0.7847166966663939
3585,1.085683263504855,0.6529813576763093
3586,1.0859302552085002,0.6713262376161078
3587,1.0854891913882276,0.703505155606625
3588,1.0860297919393236,0.6807111310124209
3589,1.0855634750201397,0.7218759471486409
3590,1.086029417186681,0.6618162149841827
3591,1.085546909387163,0.7062174313108903
3592,1.0858541065274858,0.697092590664726
3593,1.0858761496454625,0.7366127818693285
3594,1.0857273614776175,0.6854476652901844
3595,1.0858879212693897,0.6417088259311889
3596,1.0854535281661735,0.7177698487748702
3597,1.0858871691398113,0.7337791026163638
3598,1.0858260509202302,0.6796653212703677
3599,1.0859121193909844,0.6735531660639299
3600,1.0856981620776596,0.6811642376078226
3601,1.0856080289707302,0.7011674552747523
3602,1.0859465707964842,0.7052797464809125
3603,1.0856557455523381,0.675109875294593
3604,1.0859262802376906,0.6845707171683901
3605,1.085467745977302,0.7116258256400722
3606,1.08600291417274,0.6953447209675387
3607,1.0856646993715862,0.7009296157631713
3608,1.0860432480645676,0.6645505035944517
3609,1.085456678374475,0.6402564627601522
3610,1.085560385727781,0.7567374296401669
3611,1.086066221298623,0.7678450422282144
3612,1.0856810512495272,0.6651492596466906
3613,1.0859630492290415,0.6975387103538508
3614,1.0855952618941886,0.7106003935768707
3615,1.0859051362206409,0.6471676430094558
3616,1.0855404821971202,0.7202814721403331
3617,1.0860830076417753,0.7159932466817481
3618,1.085589475474247,0.6452218488701318
3619,1.0858690908983735,0.7098717328705362
3620,1.0857917436454207,0.692380044567244
3621,1.0857918723648652,0.6680878800998947
3622,1.0857039921420495,0.6995267213379613
3623,1.085628350124672,0.7111818347654452
3624,1.0859054097390402,0.7463673341729131
3625,1.085893136300069,0.6350791081933546
3626,1.0856490899180105,0.677286364447031
3627,1.0856637324475515,0.7232170348138255
3628,1.0858254101584206,0.6822776395982442
3629,1.085958620868279,0.6770077120921305
3630,1.0854837505072337,0.6719767645034275
3631,1.0857824997629288,0.7053701053263046
3632,1.0857294931158767,0.7604740440051382
3633,1.086145063695344,0.6861054593331424
3634,1.0854451270707044,0.6595572081253351
3635,1.0858970854619516,0.701942684704194
3636,1.0856137582959118,0.7352767087885651
3637,1.0859755420145998,0.6951837884729548
3638,1.0858783487331833,0.6890009776665672
3639,1.0857071709727795,0.6441092216413777
3640,1.085640283438914,0.7440282703067772
3641,1.085820702104752,0.6870791731197736
3642,1.0859625458085314,0.6882664207123262
3643,1.0855776636482621,0.6464051545693624
3644,1.0857731216536826,0.7351595692507915
3645,1.0857230081269191,0.6927806042699528
3646,1.085934915896248,0.7363011522517781
3647,1.0857411631355118,0.6617171227713197
3648,1.0859172325445312,0.6637114640060313
3649,1.0854694769509134,0.6807499457749091
3650,1.0857228904298706,0.7151964211982836
3651,1.0859212052307097,0.744084110060619
3652,1.0857154975481875,0.6691041682906809
3653,1.0859181346111941,0.7189112805137368
3654,1.0857436106411968,0.6288202693568311
3655,1.0855533434183091,0.7614370605881936
3656,1.0860909595896102,0.6660512415743669
3657,1.0855614133921463,0.6206836099508164
3658,1.0857470905775226,0.7881485256169853
3659,1.0859047212202075,0.6366461071753061
3660,1.085738406017479,0.7307036857527983
3661,1.0858538992673523,0.6902485127697405
3662,1.0858817020599534,0.6938030280935626
3663,1.0855020417551107,0.6552325689620271
3664,1.085761769828245,0.7609300684546939
3665,1.0859069568094981,0.689293828538232
3666,1.0857224584473248,0.6972919998715357
3667,1.0858312294723538,0.6807284692936789
3668,1.0858435864569624,0.6669035112375594
3669,1.0855717778751695,0.7077960680577687
3670,1.0858197375336716,0.6915510524302639
3671,1.0857297828416426,0.7840181297291584
3672,1.0861519432612452,0.622550854706226
3673,1.0854350048740093,0.6771728185850467
3674,1.085926092084456,0.6529542480595407
3675,1.0854446522699093,0.7707322253137245
3676,1.0863085087001279,0.6796589844242168
3677,1.085404591084666,0.6542219837219588
3678,1.0858850919144825,0.7309161559052136
3679,1.0857228382557975,0.7238624687098817
3680,1.0860075758936842,0.6527059703385728
3681,1.0854648019672666,0.6830698870285852
3682,1.0860885890761605,0.685763975880521
3683,1.0853346590678397,0.6667635748525711
3684,1.0860404990283705,0.7542431799100909
3685,1.0857314318703062,0.6981037403608684
3686,1.0857604226556932,0.683807550419656
3687,1.085755154571693,0.7056747899679912
3688,1.0858416583373596,0.7189766687316309
3689,1.0855855568757993,0.6830451275690695
3690,1.086030660339821,0.705004924063005
3691,1.0856167193311907,0.6698632147432538
3692,1.0858195196586737,0.7415789409533274
3693,1.0858574646647825,0.6448336945975942
3694,1.085751661136133,0.6810100963798745
3695,1.08573910358058,0.7185962635797547
3696,1.0857900737124717,0.659831795997732
3697,1.0856774547872075,0.7081203485099887
3698,1.08578440068486,0.69902081225467
3699,1.0857512959051174,0.6918822903035489
3700,1.085800818679031,0.703371546973856
3701,1.085861794873394,0.7152854528560334
3702,1.0858729611879112,0.6549474895003577
3703,1.0857179927838794,0.6681134477511121
3704,1.085412318771968,0.7263347890169534
3705,1.0859484373604336,0.7279871982986893
3706,1.0859208229342074,0.6945445700471911
3707,1.0857140655463922,0.6490349081738227
3708,1.0856055254584736,0.6927955538023651
3709,1.0858452666160696,0.7485116236504725
3710,1.0858191736545948,0.6573199838573436
3711,1.0857388623083284,0.7551744772362544
3712,1.0859052944344998,0.6775885654870702
3713,1.085698603434121,0.6547994496723767
3714,1.0857437736853963,0.7260579729085536
3715,1.0859819036520542,0.6884210046206328
3716,1.0856009552933488,0.650959427183589
3717,1.085764519851199,0.6966470243551398
3718,1.0856956743882331,0.7253376934068472
3719,1.0857506763855582,0.7088181896349821
3720,1.0860083295420622,0.7217488438713698
3721,1.0859005640613535,0.6183907303775678
3722,1.0851760577326173,0.7080769011450415
3723,1.0861737776613378,0.7167917416779114
3724,1.0857457603590062,0.7143248111869722
3725,1.0857734817107714,0.6832177362766741
3726,1.085794619513836,0.6696639429371251
3727,1.0856985674997714,0.712408394025693
3728,1.0858576783722769,0.6917109052505873
3729,1.0857548449087233,0.6757374536867827
3730,1.0854905721159092,0.6855464060955156
3731,1.0860788760451803,0.7798533962298504
3732,1.0856968309099013,0.6271672668979832
3733,1.0857878909016028,0.6934831028390166
3734,1.0856952424718473,0.7038075567956894
3735,1.08585279452509,0.7521171469073912
3736,1.0857484221103249,0.6423856378921483
3737,1.0857696134596735,0.6762131796529899
3738,1.0857044827924809,0.7007599894133573
3739,1.0857412675730351,0.7008477838020214
3740,1.0859780959734273,0.6960500460327586
3741,1.0856756892134145,0.6629669066160183
3742,1.0857139202905095,0.7107308092577983
3743,1.0857487596713007,0.7337165875962715
3744,1.0858102638677884,0.6870070613954502
3745,1.0858440583651874,0.696722907253095
3746,1.0857604016120732,0.6826958203651857
3747,1.0858019180778815,0.6810737936102279
3748,1.0856142865752594,0.747128018841237
3749,1.0861264142106284,0.6549534153440523
3750,1.0853939979184797,0.6538157615379985
3751,1.0859511983557986,0.7174679338320082
3752,1.0855661362052602,0.6560405827982664
3753,1.0857950471618365,0.7922355769950931
3754,1.086109162340873,0.6561255626172589
3755,1.0856588309542023,0.6289151832155555
3756,1.0855300447852712,0.7159647194079941
3757,1.085898839468021,0.6996841122709797
3758,1.0856835850227355,0.6964040643986542
3759,1.0858763113687682,0.7186628588968006
3760,1.0857124576120545,0.6420043854546339
3761,1.085738038635492,0.7533657246502243
3762,1.08576087170502,0.6648415400213606
3763,1.0859800106425954,0.7248330874955273
3764,1.0854124202966375,0.6554575099397046
3765,1.0860647023480217,0.7544894837732539
3766,1.0855638403465153,0.694646866712784
3767,1.0861139846540113,0.7058318560649043
3768,1.0857537726042454,0.6147625704150221
3769,1.0854121317030418,0.7106372435750208
3770,1.086049912363144,0.7178867208466454
3771,1.0856047514119742,0.7095601514027784
3772,1.0860608584076892,0.6862143855621058
3773,1.0854856578327123,0.6328715201989333
3774,1.0859525669261392,0.7891011410276854
3775,1.0857266429015173,0.6421211864825098
3776,1.0858038238361376,0.6937403718349361
3777,1.0856356524660649,0.6479063539209463
3778,1.0856539914084546,0.7916631856485007
3779,1.0861862184963282,0.6631550954352339
3780,1.0855397719100708,0.6709788060238772
3781,1.0859480538012907,0.6905288555480908
3782,1.0854698412046253,0.664672158242585
3783,1.0858653272807473,0.7317527281964138
3784,1.0857394158790505,0.681213938538996
3785,1.0859042496350515,0.7336476785114425
3786,1.0857933349325486,0.6609373310027277
3787,1.085460595076056,0.7688296874064943
3788,1.0863039971634778,0.653118818348753
3789,1.0855277349158565,0.6836130681335698
3790,1.0858866971015282,0.6516796886798226
3791,1.0853391784445114,0.7765353222383811
3792,1.0862324400532906,0.6904913097566948
3793,1.0856301637811556,0.6555954010130668
3794,1.085875949599914,0.686911427874262
3795,1.0855198654956564,0.6334183614881872
3796,1.0858520946778323,0.7868027111045698
3797,1.0859070316116939,0.652855430788748
3798,1.0855812784201628,0.7042813453723457
3799,1.0858514806929571,0.7001398087087102
3800,1.0857039059167484,0.7311043154473089
3801,1.0859040790012173,0.6911763413527404
3802,1.0857443820123913,0.6606567170909944
3803,1.085763559482538,0.6759609132299973
3804,1.085670695988112,0.7216734972094964
3805,1.0857010890318524,0.6964883264468928
3806,1.0860069002274713,0.694570922034007
3807,1.085674555676783,0.6881059834609906
3808,1.0858780804702968,0.672557973717402
3809,1.0856270450646668,0.6880112365193585
3810,1.0857283746064943,0.735820206682329
3811,1.0858112156936677,0.7251319882486246
3812,1.0859043938512971,0.6521967650724995
3813,1.0856467351793953,0.6840241148540606
3814,1.0857057876723704,0.7252331446966127
3815,1.0860838917934261,0.672620015734354
3816,1.0855352165577494,0.6452701744203315
3817,1.0855595131722662,0.6916776362336045
3818,1.085880555590576,0.8306392646955599
3819,1.0860193187551002,0.6343028458050309
3820,1.0857882883418744,0.6832344551511712
3821,1.0855964322314022,0.6576154651918932
3822,1.0858708959995693,0.7207517706858447
3823,1.0859545613642054,0.6645296079969814
3824,1.0855692311863556,0.6770640537313687
3825,1.0857040497022383,0.7694518329050204
3826,1.0859489867766796,0.6880828517964493
3827,1.0859288206191717,0.6412872912267361
3828,1.0855013902277342,0.6818216441629674
3829,1.0858556093558462,0.6982963742427986
3830,1.085576855682173,0.752772916725711
3831,1.086047840516532,0.700980053751897
3832,1.0856326661248485,0.6308327294626983
3833,1.0858563408635544,0.7143049677462218
3834,1.0856172533627473,0.6604708556826813
3835,1.0858181575036991,0.7035332638038747
3836,1.0857727359328526,0.7084624415763839
3837,1.085713770934851,0.6984116985951054
3838,1.0857567561160388,0.7369165205928645
3839,1.0857630977722912,0.6851694922104752
3840,1.085836845865651,0.7224196470425497
3841,1.0859054292216426,0.6448674152095626
3842,1.0855698700090757,0.6978431946321342
3843,1.085851321848722,0.6995234803140554
3844,1.0856739310273058,0.6948422576524511
3845,1.0860238906410762,0.7125655987002423
3846,1.0857001365126784,0.6580109426541004
3847,1.0857563818405127,0.6546401398461058
3848,1.0856238841450816,0.7508856941912868
3849,1.08597239669073,0.6935726978463984
3850,1.0857346888211554,0.6448003377858835
3851,1.0854458412095407,0.7197796321074823
3852,1.0859838783788955,0.7350548595660009
3853,1.0857458467504886,0.632195588557654
3854,1.0858315376291872,0.7237349131236265
3855,1.0858056111523433,0.6781320840822304
3856,1.0857726671939822,0.7394166732823843
3857,1.085712091553443,0.6419402850220749
3858,1.085700247928755,0.7356677747727811
3859,1.085863365771022,0.6913020718594433
3860,1.0855106460393926,0.6864223509769646
3861,1.086217986849484,0.7392294483542117
3862,1.0855399843616844,0.6684948942427147
3863,1.0858437698451782,0.7183054363580504
3864,1.0858431078049853,0.6373922738798131
3865,1.0855855546471154,0.7610736400165098
3866,1.0859965941029897,0.7001207193975749
3867,1.0857950045557045,0.6803699279629832
3868,1.0857102123113886,0.6281040063932333
3869,1.0856218143828147,0.7426920602214184
3870,1.0859255711337878,0.6686976663883077
3871,1.0856936072614163,0.6890879092447711
3872,1.0857465909174708,0.7147586861402558
3873,1.0858342263375353,0.6979725782247314
3874,1.085642394219307,0.7450190684248253
3875,1.0861336201872307,0.6656974673185018
3876,1.0855131495165597,0.6406204997452596
3877,1.0858555332548678,0.7054006894897707
3878,1.0855494756081898,0.7519612508118015
3879,1.0861234296519489,0.6965899520548393
3880,1.085803131167011,0.6508099514439226
3881,1.0855678129741535,0.6617795703222648
3882,1.0857501898483952,0.7151345531700016
3883,1.0856541153748323,0.7176305778867088
3884,1.0859791275905721,0.6976076115372087
3885,1.0856193142526351,0.6764396263780044
3886,1.085869328029675,0.750976477549168
3887,1.085829380568607,0.6517201623047768
3888,1.0857513289344232,0.7050754304717516
3889,1.0857113081862435,0.6838207642094098
3890,1.0858618845935577,0.663892330892751
3891,1.0856857953937884,0.7496004908764087
3892,1.085815855871697,0.6661995916847977
3893,1.0856893765519111,0.7353738508353124
3894,1.0858980533955072,0.6884873454406193
3895,1.0858620657191511,0.7117852202777051
3896,1.0857324417689669,0.6341878513544789
3897,1.0855543458419108,0.7337125805361492
3898,1.0860750813309648,0.7138309119285743
3899,1.0855477520663668,0.6829330092543742
3900,1.0860335744660135,0.6634173368289955
3901,1.0855809948266957,0.6800166944879079
3902,1.085706783019131,0.7357670082008874
3903,1.085893391367532,0.6402379616470432
3904,1.0855784466838687,0.6829700894840066
3905,1.0859887467651046,0.7457714932915023
3906,1.0855172119798553,0.672611338836387
3907,1.0858793233594102,0.7142409822280563
3908,1.0858360685659125,0.6924539553213066
3909,1.0857963016563283,0.6773739880795275
3910,1.0857751205394444,0.6649339507439699
3911,1.0856477422314297,0.7366949286668938
3912,1.0855464155196013,0.7326157657709795
3913,1.086101219639883,0.7252109358579585
3914,1.085941867141838,0.6241520904009439
3915,1.0855217799085088,0.6829501427647092
3916,1.085661186176759,0.6819199382687405
3917,1.0858514904826917,0.7514693203158801
3918,1.0859141161978432,0.7044255752494522
3919,1.085849928783475,0.6357487158122149
3920,1.0854407310954914,0.7142980412733386
3921,1.0861324858392956,0.710837297875709
3922,1.0856620922710416,0.6813568985570893
3923,1.0857600584305296,0.6608852163048641
3924,1.0855634171830908,0.671362923203154
3925,1.085872472433034,0.7756375028477278
3926,1.085844031975503,0.6387491636661563
3927,1.0857505420318112,0.7256544205466247
3928,1.085771939037698,0.6891848032913305
3929,1.085823110858985,0.6957913334724461
3930,1.0856391167222805,0.6647118015181952
3931,1.085774631610291,0.7012158704278406
3932,1.0859544565587216,0.7386557400200553
3933,1.0856435904082435,0.6561225493955032
3934,1.0858876918704283,0.719223821778048
3935,1.0857659125398522,0.6690729326022841
3936,1.0855732506186089,0.7158678489425082
3937,1.0858597496209106,0.6877413452996806
3938,1.0856649368060987,0.7637268103484368
3939,1.0861278334340276,0.669891957873604
3940,1.0856566753798953,0.6408006072176115
3941,1.0857669785848143,0.6995844457660353
3942,1.0855520485752388,0.7340492877479782
3943,1.0860297448689857,0.704412922415909
3944,1.0857444101022,0.6261860767649959
3945,1.0856457448506538,0.6786783982909618
3946,1.0855879112239735,0.7443126362720316
3947,1.0860724022281207,0.7051301571069337
3948,1.0856987736553372,0.6882197927542445
3949,1.085898441894249,0.6866419660446207
3950,1.085581301019567,0.6723220051532076
3951,1.0856125623217043,0.7549604917848726
3952,1.086115135099377,0.697999392020254
3953,1.085671837399556,0.6258554656270053
3954,1.0857793565291185,0.7140041649770822
3955,1.0857090150641577,0.7031802631860968
3956,1.0859055583169002,0.6748242105524226
3957,1.0855553754142055,0.7015857739252216
3958,1.0860616081791155,0.6992736769426621
3959,1.0853883825214652,0.6735956676885434
3960,1.085942418085719,0.70148295723219
3961,1.085560581377969,0.7834249805168436
3962,1.0862785651849722,0.6428581381265156
3963,1.0855124348523035,0.6179141503612152
3964,1.0856660730254863,0.7179716811783279
3965,1.0857170270935181,0.7162176162132909
3966,1.0859471125242022,0.7416909833527917
3967,1.0858348256144934,0.6598678237831879
3968,1.0855728285933615,0.7224753959746836
3969,1.0859632587300707,0.6692171165694816
3970,1.0855791637021488,0.6892173089889582
3971,1.085868873709279,0.6800887355171362
3972,1.0856008154015468,0.7341412194320036
3973,1.0860719844686924,0.7208114672596907
3974,1.0858430837899693,0.6258933563051658
3975,1.0856092141588891,0.688711272503207
3976,1.0856847411128867,0.6995013544246119
3977,1.085849081509513,0.7105257357127515
3978,1.0858405888338898,0.6678729700464945
3979,1.085670874066182,0.7131396105891104
3980,1.0856717018487472,0.6573014098620135
3981,1.0858349559554707,0.7742493911062395
3982,1.0858746802949966,0.6696936513155223
3983,1.0858918609562551,0.6129660547351647
3984,1.085239611919696,0.71395934164889
3985,1.0860904162160134,0.7610983700958787
3986,1.0856516110315844,0.6890137246452273
3987,1.0861383917384126,0.7142652539898819
3988,1.0855605640930204,0.6459354154353588
3989,1.0856763433130374,0.6714652950892346
3990,1.085797050532099,0.7682612120329214
3991,1.0858920244251309,0.6463754678369333
3992,1.0856821920482473,0.7587564886838563
3993,1.0859564630300744,0.6460662167619955
3994,1.0855741309738318,0.681717179927866
3995,1.085786603309161,0.7244876360950155
3996,1.0860908586757514,0.6983698205132679
3997,1.0856516451292986,0.6096448131526417
3998,1.085391648931303,0.7380758845626856
3999,1.0862069329566402,0.6988631801289806
4000,1.0854802821834075,0.6916985523365536
4001,1.0860447673267137,0.6938103840741014
4002,1.0855309732231089,0.6558975762887279
4003,1.0858536450078229,0.7237426857620632
4004,1.0856576790648789,0.7324418569133507
4005,1.0859903298912312,0.6993824349957226
4006,1.0855363116697168,0.6550358126901601
4007,1.0858263784439077,0.7397173550646038
4008,1.0858708759880442,0.6738483498693731
4009,1.0857366735683032,0.6683697751107976
4010,1.0857022361669384,0.6973583596365416
4011,1.0858166050020819,0.6914797711821147
4012,1.0855158833791299,0.7625130960999649
4013,1.0862352734236596,0.644062751510946
4014,1.0855309195995164,0.7131423908225882
4015,1.085794513211853,0.6765202945233183
4016,1.0857273679988433,0.7375944512108366
4017,1.086096519820394,0.6343257938818767
4018,1.0854012909013782,0.6843976553552505
4019,1.0858763034461238,0.7320801491231695
4020,1.085736422780209,0.7159310334003838
4021,1.0859483873402076,0.6809928333002926
4022,1.085876642882385,0.6350312407035394
4023,1.0854444024711012,0.699004333892748
4024,1.08581852834394,0.7365652680994872
4025,1.08573745342483,0.7657633555917991
4026,1.0859245635047183,0.6786171089120222
4027,1.0859439861598643,0.6342692750339987
4028,1.0855281467272357,0.6449495701355457
4029,1.085752336049264,0.7525488221850365
4030,1.085912521836378,0.6781466586608954
4031,1.0856965407154613,0.6648085798108928
4032,1.0857519411449577,0.7008152475320291
4033,1.0856758929302996,0.7051038205397502
4034,1.0858428844387809,0.7303205993828433
4035,1.0858213189290997,0.6559346146456353
4036,1.0858490884909633,0.670710508824155
4037,1.0853011187400277,0.7503260666216862
4038,1.0861159615617246,0.6814793913842011
4039,1.0856669594072492,0.7107404646399463
4040,1.085955517323737,0.7180178064606975
4041,1.0857391484117258,0.6350060513524763
4042,1.0856846583667126,0.7105902177242635
4043,1.0857771789816508,0.7286001638651944
4044,1.0858242737396149,0.65905335565109
4045,1.0856779264451564,0.7298193836652365
4046,1.085856235362572,0.6797298143617988
4047,1.085778188748865,0.6768634972048374
4048,1.0857535224519534,0.7080335880733963
4049,1.0857852305501192,0.686757244152488
4050,1.0859302673405002,0.7012420509443589
4051,1.0854565379262422,0.6641380634571324
4052,1.0860901225726411,0.7072586694987905
4053,1.0853950505300796,0.7132817985709231
4054,1.0861895292660348,0.6464711928386272
4055,1.085297769328698,0.7056142605034317
4056,1.0861090933347106,0.696654084711433
4057,1.0854925168918224,0.6870651986670995
4058,1.0859589235431522,0.6695696063950889
4059,1.0854839804585925,0.7314392778702893
4060,1.086120522302056,0.7320700229661631
4061,1.08566283353455,0.67018087639528
4062,1.0858724343309993,0.6488629150604117
4063,1.0854682353861866,0.7586168568466216
4064,1.0860791471428404,0.6907652854880529
4065,1.0856233728589484,0.6985329413146351
4066,1.085910998663568,0.6582494281949982
4067,1.0854938556604277,0.6883809090353207
4068,1.0860937564820894,0.7696239931968359
4069,1.0858297426904595,0.6337539571132522
4070,1.085720176901876,0.6763591913660261
4071,1.0855125700578963,0.6831368319124241
4072,1.08598822680207,0.7805323391138843
4073,1.085803158555351,0.6471893030005691
4074,1.085719258263797,0.6980759705198586
4075,1.0859007323445404,0.6577245240681835
4076,1.085558557224732,0.7045377891889759
4077,1.0858880194852214,0.6998333698642913
4078,1.0855912447985212,0.6630986575607636
4079,1.085770154251463,0.7510686275864011
4080,1.085873072172481,0.6911448244168426
4081,1.0859150442600531,0.6919890412405613
4082,1.0857479939446266,0.7104297204606709
4083,1.085767519560769,0.6540845624267793
4084,1.085535112702061,0.688035039853521
4085,1.0859988055648255,0.7517042308876
4086,1.0857185390200266,0.6610217680597467
4087,1.085778150261001,0.7275656888671418
4088,1.0857985708945663,0.6537432318682482
4089,1.0856680724202619,0.734719610591654
4090,1.085701041668897,0.6919269329302344
4091,1.0860023017079297,0.6671407470355009
4092,1.0854644537623794,0.7329748837175721
4093,1.0860198094576996,0.6550051533318367
4094,1.0856759948777064,0.7193043837619177
4095,1.0859797749751463,0.6776952016773667
4096,1.0854766850094701,0.6614732802239587
4097,1.0859019631881741,0.7205102317894165
4098,1.0855814894506428,0.7106588972030915
4099,1.0860410908827391,0.723393110407626
4100,1.0856529933857026,0.6449844126772665
4101,1.0857836261805118,0.6766643147649948
4102,1.0857020513366211,0.7635537391907808
4103,1.0860688821668407,0.6613228971552763
4104,1.0854358084215556,0.6956789600869426
4105,1.086134915529619,0.6954559221602676
4106,1.0853464740077414,0.6758415675511794
4107,1.0860386859473512,0.6970159165778198
4108,1.085630847701347,0.714313910586027
4109,1.0862171138926515,0.6517409252679714
4110,1.0850168030288156,0.6681808796290026
4111,1.0862402275041054,0.7517325087096641
4112,1.0855112065811052,0.7301412193429927
4113,1.0860795475805953,0.6703836082836225
4114,1.0855983741930444,0.6815172951396845
4115,1.0857318406519316,0.7204924867883581
4116,1.0860221359186875,0.7231776349056023
4117,1.0856741014940783,0.6671312597652177
4118,1.0857789494143029,0.6425593989563164
4119,1.0854940491459548,0.7731914211130978
4120,1.0862098931005006,0.6664826924438877
4121,1.08553098233191,0.6961843649623334
4122,1.0859770813251717,0.6785238184200533
4123,1.0855940380171536,0.6850831662677495
4124,1.0858456760002086,0.6906284655623152
4125,1.0856203682330705,0.7098002910710967
4126,1.0859944422068006,0.7127718142379511
4127,1.0856329970261345,0.6805989312535857
4128,1.0858848282038776,0.6857956026937883
4129,1.0857129448076015,0.6670524663013069
4130,1.0857770706048597,0.6634096447934641
4131,1.0855510152092207,0.7247950822950222
4132,1.0859975982851346,0.7354105914250345
4133,1.0854875866436737,0.6871907958147926
4134,1.0862782026699496,0.6862563613888236
4135,1.0852286848138688,0.7014770286375113
4136,1.0860708528409166,0.707692903200903
4137,1.0857355523194394,0.6609550711744051
4138,1.0856833783879343,0.7112961140005799
4139,1.0858322736608588,0.7417979724407687
4140,1.0857204778215117,0.6847443229446049
4141,1.085894553087721,0.6968516774613128
4142,1.0858754148574392,0.6631546542689437
4143,1.085608562018979,0.6446732265076835
4144,1.085657776676532,0.723741777883677
4145,1.0857225402321742,0.7605339417627576
4146,1.0861101580460721,0.6779124239673957
4147,1.0855514563082869,0.6649482458301521
4148,1.085925954752839,0.677224096885401
4149,1.0853690711745898,0.658169053775899
4150,1.0862459932511979,0.7513889816514019
4151,1.0854357030192199,0.658626461079208
4152,1.086148248955038,0.7296619932878102
4153,1.085250245419499,0.676927450211608
4154,1.0861180055147444,0.7095618432949918
4155,1.0856083415713231,0.7011564116805491
4156,1.0859228934222698,0.6944378645834053
4157,1.0856591171641743,0.6553778468830695
4158,1.085762576757089,0.7081525091614288
4159,1.0856202445562038,0.7422468389954795
4160,1.0862905626189987,0.6680982329581522
4161,1.0853601536700417,0.6554218875451825
4162,1.0858302191798368,0.7087825716175423
4163,1.085779310662245,0.7407019729478261
4164,1.0860237119071232,0.6405465331162176
4165,1.0854203089438654,0.6663965016683484
4166,1.0858732184353228,0.7187297184370972
4167,1.0857290792346763,0.770943706096985
4168,1.0860442936316412,0.6464897519247504
4169,1.0855268795157271,0.6885263852935188
4170,1.0859511415855962,0.6609403033649257
4171,1.085578025448293,0.762185294814301
4172,1.0858340610779877,0.7085721255940579
4173,1.0859334939562584,0.6573260303444652
4174,1.0854940643076436,0.6942747814142738
4175,1.0859140313537143,0.69083488895929
4176,1.08591259110346,0.69481510425079
4177,1.0856216940926442,0.6809012659896564
4178,1.0858319706263029,0.6748634678391259
4179,1.0855579488611313,0.7324378284879375
4180,1.0858835268691125,0.7426999785782209
4181,1.086119985124131,0.6512734133654684
4182,1.0855218628451673,0.64352394748265
4183,1.0856938120943078,0.6915765622259372
4184,1.0857270928898826,0.7249005987506094
4185,1.0858101276075607,0.687072529076157
4186,1.0858699039500745,0.7103994261118893
4187,1.0857557076280626,0.6476591506158578
4188,1.085482596076,0.7247364756966367
4189,1.0860090114176473,0.7290923747214921
4190,1.0857641382780263,0.6991380840990933
4191,1.0858498997626298,0.6839136900886958
4192,1.0855894713299592,0.6879301229823388
4193,1.085803115389077,0.7349252964050347
4194,1.0858958829526018,0.693759849670301
4195,1.085962587211487,0.6629614581528503
4196,1.0854952653208154,0.6525897807493467
4197,1.0857606054821674,0.7345429917181575
4198,1.0857061854343777,0.6426628013344935
4199,1.0859193518578651,0.7950840897567283
4200,1.0858297098964214,0.6455480594242458
4201,1.0857929221070874,0.6479367745478585
4202,1.085536357369529,0.716749825682825
4203,1.0859679086081693,0.7533720344303462
4204,1.0858515181580428,0.6294714411701219
4205,1.0856032526250663,0.6543961679658228
4206,1.0856055553565875,0.757070193170954
4207,1.086133464962482,0.6454991618717388
4208,1.0853967390870705,0.7600833657262575
4209,1.0861433122890225,0.6512274614392797
4210,1.0853857861655383,0.7525116940950713
4211,1.0861274971764077,0.6632359036986019
4212,1.0855725849086175,0.6858584674034606
4213,1.0858294511476487,0.7186234469183682
4214,1.085683820489505,0.7442053344068053
4215,1.086129933384196,0.6590712619046064
4216,1.0857221273088429,0.6491259057813833
4217,1.0855196432316336,0.6985197816845873
4218,1.085868779464646,0.6937352885577225
4219,1.0856436728695344,0.735841298998267
4220,1.0860530533140083,0.6882313340652226
4221,1.085515243865628,0.6973294169110305
4222,1.0858972877303967,0.662533205073931
4223,1.0856238215046683,0.7110880630515586
4224,1.0860585775518998,0.6901093424551525
4225,1.0856021387873132,0.6594027226821111
4226,1.0858448195166255,0.712035098467455
4227,1.0854648813746837,0.7616186391984028
4228,1.0861536694496718,0.6980613476313915
4229,1.0857791411983315,0.6345496578880389
4230,1.085680323328281,0.6634267810517767
4231,1.0855535398597298,0.6736991610279203
4232,1.0857792774472699,0.788536849362209
4233,1.085931820059697,0.6997186352440085
4234,1.0860564809450532,0.6684015625101434
4235,1.085504920594388,0.6405289745538607
4236,1.0858308905087561,0.728809270579613
4237,1.0856919440790178,0.7088398853912146
4238,1.0857551636643064,0.6882401886328928
4239,1.0857048473763367,0.6894589148150324
4240,1.0859051309772196,0.7237686453711781
4241,1.085642591309279,0.6738872777888222
4242,1.0859554333728418,0.6992327210214194
4243,1.085612791114704,0.6762366916820597
4244,1.085853598939811,0.6971593754352112
4245,1.085602864837787,0.7135244707653933
4246,1.0859723301505233,0.7125421265626468
4247,1.085589703257506,0.6893789581600012
4248,1.0860916641805722,0.6707338501119402
4249,1.0855782610067584,0.6983798982329915
4250,1.0859081856636337,0.6901109214659604
4251,1.0855637497426405,0.6749339364879359
4252,1.0859235718783036,0.7391867471607888
4253,1.0855453147688257,0.6683950112246583
4254,1.0859262042078137,0.7457516815764115
4255,1.0859145665030854,0.6535019379410867
4256,1.085703660325015,0.634976448039219
4257,1.0854674620324098,0.7024326396863569
4258,1.0861070675613491,0.7444285494512799
4259,1.0856587951262537,0.7008252485428818
4260,1.0859250047220834,0.6443487291855778
4261,1.0853272162528995,0.6555827581072914
4262,1.085999973980686,0.7728451914570215
4263,1.0857146587585862,0.703647681821212
4264,1.0860686599384326,0.6881792950307096
4265,1.0853547970453155,0.6668507756024563
4266,1.0858591814382768,0.776087520093279
4267,1.0859090476361097,0.6735130821045064
4268,1.0859567374280918,0.6902185857771543
4269,1.0856871286311311,0.6700505477958122
4270,1.0857198502872765,0.7103056079489342
4271,1.0856445856447694,0.6626780059755262
4272,1.08586296333583,0.7443921900748341
4273,1.0859134555756376,0.6543861634951693
4274,1.085570829292632,0.6774683831571956
4275,1.0859386294802005,0.718117448622475
4276,1.085641748755057,0.6942873721338607
4277,1.0858938292349383,0.7031912316468162
4278,1.0856670605520276,0.6684363243176893
4279,1.085789347007724,0.7124515324419336
4280,1.085692115521748,0.6860503818267518
4281,1.0858077378309636,0.6921297917663388
4282,1.0859558473955968,0.7121231852392134
4283,1.0855898463587348,0.698556775154532
4284,1.0858930528932664,0.6462146167775167
4285,1.0853416167800918,0.6872688090468011
4286,1.0861592070057422,0.8005355732958147
4287,1.0855889667191216,0.6317598289027175
4288,1.08601402327151,0.7156784110000215
4289,1.0856763521168948,0.6634229200316512
4290,1.0858898813172815,0.7005943663953755
4291,1.0854901121209906,0.6724719012247529
4292,1.085904354342584,0.7422659038315041
4293,1.085953519924595,0.670363797235462
4294,1.085608102657558,0.676525465740216
4295,1.0858396283120677,0.6991655824625008
4296,1.0856714142557244,0.7005374560172302
4297,1.0857946039311483,0.709054999843436
4298,1.0859616854934855,0.6578205571461048
4299,1.0854879864788423,0.7274663466937977
4300,1.0858824237987055,0.6728505069947363
4301,1.0857736388562589,0.7426029841308976
4302,1.0859293720436058,0.6685726044212958
4303,1.0856090209170663,0.68942840937359
4304,1.0858023059578776,0.660460463419271
4305,1.08558636078328,0.7111739009179644
4306,1.0859771706645962,0.7422345394916118
4307,1.0859172654413556,0.6585393451189927
4308,1.0855661177599316,0.6969231863225126
4309,1.0858094637450888,0.7219809956792391
4310,1.0856798830790673,0.685135635866289
4311,1.0861247729893395,0.6600618470772305
4312,1.0852361290128574,0.6730938999183629
4313,1.0860853116435754,0.7630839891756035
4314,1.0857868201298684,0.6466627070692439
4315,1.0856143354763188,0.737515090789668
4316,1.0860316488937776,0.681842726310341
4317,1.08554453505294,0.6543888530196753
4318,1.0857902568031284,0.7281870190492693
4319,1.0857517517255335,0.7178569953147965
4320,1.0858621004635443,0.6859383725374445
4321,1.0856517188797699,0.7266186713115094
4322,1.0860144183836409,0.7042179945367064
4323,1.085690569119339,0.6462846011384097
4324,1.085835929219098,0.6886676796857016
4325,1.0856908651873731,0.6643785219751579
4326,1.0854922712900257,0.7390809684246894
4327,1.086111642924409,0.7151408451479323
4328,1.0857578600267053,0.6284436658737921
4329,1.0855939061709625,0.7060040693944485
4330,1.0857497196799895,0.6914274421373885
4331,1.0858272630889818,0.7398468089775065
4332,1.0859156554468885,0.631874521264926
4333,1.0855716098607588,0.7279774976735005
4334,1.0859126294225292,0.6804604001589573
4335,1.0855755612364781,0.7149602098201976
4336,1.0860168938108112,0.6795271752911045
4337,1.085639564619151,0.6541365582891968
4338,1.0856985800917853,0.7192962694176944
4339,1.0855748203002573,0.7512947529844408
4340,1.086170089193288,0.6951998893483841
4341,1.0856220037602404,0.7146728669081571
4342,1.0861037558877493,0.6692785989057424
4343,1.0854025706544455,0.6564473648477764
4344,1.0858729376748604,0.7348029972406801
4345,1.0857975240218836,0.6741944920285515
4346,1.0858008170287181,0.7412171201878355
4347,1.0859281030089305,0.6480178346083804
4348,1.085649233415579,0.6670483290269573
4349,1.0856493047751736,0.7451153094759891
4350,1.086047468355677,0.6513585785659651
4351,1.0855726914696264,0.6762311648763673
4352,1.0856497935438418,0.728255875981093
4353,1.0857931756964705,0.7422718819265492
4354,1.0859893290437324,0.6560787042744827
4355,1.0857212870341582,0.6606453140703122
4356,1.0857098435718517,0.6607964297020873
4357,1.0856125571821529,0.7889168996800613
4358,1.0861625483475463,0.6735844700807989
4359,1.0855108688142772,0.6796700075194059
4360,1.0856803475169732,0.703641875135632
4361,1.0859146289914559,0.7199727584002968
4362,1.0858301970240374,0.6479934076244385
4363,1.085679165076055,0.7131250105318051
4364,1.08572333638355,0.6995756434922564
4365,1.0857941563123146,0.7325390792009234
4366,1.085902962042998,0.6702026830048242
4367,1.0857435363327763,0.6583092270665303
4368,1.0856748809727321,0.7289615100676555
4369,1.0857615863327985,0.6782938576025521
4370,1.0859260176502612,0.7077848667211506
4371,1.0856657509915466,0.6403149569088906
4372,1.085723620099146,0.691868842425711
4373,1.085618124398915,0.747558988755711
4374,1.0858792941172764,0.7224697798621782
4375,1.0858882721979242,0.6991876302866096
4376,1.0857988218982653,0.6455247430762027
4377,1.085694155882369,0.6816083772676568
4378,1.0857157982963956,0.7339973562333966
4379,1.0858164463965376,0.6534825465231116
4380,1.0858149777675181,0.724930572177952
4381,1.0858957536962224,0.6779754677061872
4382,1.0854759763857664,0.6626949292727153
4383,1.085882007205816,0.7553120615594952
4384,1.0859832249260364,0.6512335689848909
4385,1.0854168481301778,0.6764936230298599
4386,1.0859032513223648,0.7185559482903056
4387,1.085534780481206,0.739418390437163
4388,1.0862622735114464,0.692121261099034
4389,1.0855946009246311,0.6447098858630931
4390,1.0858245946599347,0.6913148706080013
4391,1.0854715583795567,0.7301938862890212
4392,1.0860422249337318,0.6739599906971913
4393,1.0857075003782262,0.6999155176313233
4394,1.0857023149033898,0.7054838905975921
4395,1.0857467355497894,0.7124736422211624
4396,1.0859770581794377,0.6841064856132943
4397,1.0855991446531075,0.686447884153987
4398,1.0859189186962608,0.7101622173444334
4399,1.0856893950784914,0.6179405157399167
4400,1.0857102959974416,0.7864401419157793
4401,1.0859723756366206,0.6752990697549627
4402,1.085880999772035,0.6625784303768008
4403,1.0855216866759396,0.6647237835726109
4404,1.0857788322835116,0.7435614653035376
4405,1.0857406857571876,0.6629664067958123
4406,1.085942327424118,0.730018113604972
4407,1.0857157027572866,0.673626329410665
4408,1.0856392977532556,0.657687469944902
4409,1.085758216629977,0.7400029008928265
4410,1.0860542917117748,0.6860935967838865
4411,1.0855764326432633,0.6457255251744825
4412,1.0856070025671103,0.6800086058227254
4413,1.0856602002990818,0.8286013486919155
4414,1.0861721961628577,0.6452984657301023
4415,1.085699239450975,0.6563062222023169
4416,1.0856927314218245,0.7020161873560221
4417,1.0857581366404068,0.757847546672771
4418,1.0858980206172733,0.6756435344789473
4419,1.0857796806265778,0.6600922206123503
4420,1.0857904805333378,0.6741582634326122
4421,1.0854195157681652,0.7212052418744881
4422,1.0861849994275419,0.7383291400610095
4423,1.0857944366474908,0.6432635803959655
4424,1.0857601665873375,0.6718879198120148
4425,1.085592396701061,0.6818529903130404
4426,1.0857641728716119,0.7416451517949537
4427,1.0857189673084588,0.685727999154381
4428,1.0859366658094527,0.7221763662902172
4429,1.0856470842628143,0.6593217114973152
4430,1.0858460262809881,0.6991811966279171
4431,1.0856380892054278,0.6906697926889224
4432,1.0859397826698254,0.7148365683802325
4433,1.0856995401830043,0.6790933065923438
4434,1.0857065218211288,0.7286571879495277
4435,1.0857908001296523,0.6601331975678092
4436,1.0858229450762014,0.734107847189894
4437,1.0858071276287202,0.6336488025095577
4438,1.0856917622526567,0.6547788644577412
4439,1.085638689006149,0.7594966202973475
4440,1.0859391418767683,0.7399180690502334
4441,1.0858635504255056,0.6761026371491231
4442,1.0858377514340816,0.6682631965269928
4443,1.0857377461115194,0.6826911282326189
4444,1.085535610049143,0.7125592487497766
4445,1.0859503608597418,0.7056372816286266
4446,1.0856926265127618,0.6864632216961352
4447,1.0856669154436547,0.7225886653064681
4448,1.0858768660860696,0.6635031214454667
4449,1.0858841931434617,0.6960845916310769
4450,1.0856446470693648,0.7045459429803098
4451,1.0857657498352695,0.691875359782963
4452,1.0857809697674,0.7033472055105119
4453,1.0858023698132806,0.716121594917388
4454,1.0860057989544865,0.6570739302231879
4455,1.0853681340189614,0.6622793091485545
4456,1.0860532353806924,0.7646072640454784
4457,1.085915722103055,0.6473609071304895
4458,1.0854484653124503,0.6428828016987713
4459,1.0857761080154542,0.7140548766066263
4460,1.0857822144109592,0.7588003547222125
4461,1.0858613757601663,0.6589005563347713
4462,1.0857133458327919,0.6917723430305452
4463,1.0859595350693403,0.7147826913814379
4464,1.0854651298540228,0.658893868672281
4465,1.086018733976275,0.7256048527839621
4466,1.085698979461592,0.7243904922636419
4467,1.085703353304859,0.6615899786442081
4468,1.0858991880627784,0.6909484958252694
4469,1.0855427053416855,0.7167179412286209
4470,1.08592538521394,0.7169749138435761
4471,1.0858759537179505,0.6604636159914272
4472,1.0856995410246224,0.6532777546638483
4473,1.0856781269111062,0.7530292265123811
4474,1.085834657133135,0.7139521208208384
4475,1.0860286285459329,0.6874878191282189
4476,1.0854973022235788,0.6664328167432827
4477,1.08596362593506,0.6387622640443742
4478,1.0854200725592187,0.7148818768879872
4479,1.086075220191544,0.6992813170312504
4480,1.085582887200173,0.7093417213420602
4481,1.0858521608283938,0.6845020946498239
4482,1.0857046574403058,0.7317552224872927
4483,1.0859316962085312,0.6572972660831558
4484,1.0857047075117827,0.6887787829374294
4485,1.0855994401817748,0.7014090878623566
4486,1.0858390044067217,0.7366197301593425
4487,1.0857964894350502,0.688762804031639
4488,1.0859697983650274,0.6647204663512503
4489,1.0855549117495942,0.7301491644801626
4490,1.0858477446985881,0.731232935427615
4491,1.085956848133253,0.6204108602440319
4492,1.0853181484450236,0.6812091306327477
4493,1.0861628686321612,0.7724397429127225
4494,1.0855337220581773,0.6584738860692311
4495,1.0859998841436276,0.729455979089488
4496,1.0856973738126146,0.6732850057534316
4497,1.0859482302645893,0.6657672468025789
4498,1.085577547689561,0.6627965771649607
4499,1.0856574007176938,0.7211563263316061
4500,1.0858413950501267,0.7457632604741911
4501,1.0859088965054373,0.681921201273223
4502,1.0860552671817327,0.6070873390980948
4503,1.084849780462493,0.7445850378981768
4504,1.0864591057559745,0.7231619103031628
4505,1.0854664204884936,0.6762144424410778
4506,1.0861445102920368,0.6818752161580449
4507,1.085299506383019,0.6818105867810362
4508,1.086103650210773,0.7596743269684377
4509,1.0856673373218613,0.6693113171964034
4510,1.0860004603187763,0.6790636391107454
4511,1.0854361537901909,0.640320248041433
4512,1.0859865467776806,0.7440461118726384
4513,1.0855223264640272,0.7158098965686656
4514,1.0858744735857937,0.6720844185243438
4515,1.085840589580261,0.7150402851031288
4516,1.0857773661911563,0.7191423225055871
4517,1.0857400198016316,0.6578190340985801
4518,1.0858702171755084,0.6807307277275363
4519,1.0855595214132752,0.7018994095241214
4520,1.0860304266481462,0.7109255362925414
4521,1.0857097997008316,0.6877049741544922
4522,1.0858435150454047,0.6485478686377233
4523,1.0854419784759348,0.7372528103211579
4524,1.0862001902807563,0.700214531668456
4525,1.0854607337634041,0.6738814449809957
4526,1.0859237773733559,0.6939990315998005
4527,1.0856181551986124,0.7124641879256802
4528,1.085859255954319,0.729087544405535
4529,1.0858536118333812,0.7068941730491997
4530,1.0858140671331034,0.641761218616561
4531,1.085691933901598,0.6825639206586457
4532,1.085705202356317,0.6631014607834319
4533,1.0856706616470637,0.714518624409788
4534,1.0858562490511658,0.7541271293662831
4535,1.0859745480672016,0.6576455440934353
4536,1.0856043756504588,0.6300457981297881
4537,1.085697178709938,0.7394565854371584
4538,1.0857842718617523,0.7302888900166686
4539,1.085740017538829,0.6859901317393617
4540,1.0858965905646059,0.6936931176994274
4541,1.085666446558869,0.6846172441089545
4542,1.085779515871125,0.7356632163119324
4543,1.0859722119112962,0.6916043992555102
4544,1.0856942243588383,0.6696007806444371
4545,1.085726626822911,0.6813404302595851
4546,1.0855731227818062,0.6607724783608525
4547,1.0858692306384372,0.7580798022171398
4548,1.0859295577018477,0.7208739104467197
4549,1.0859143151457271,0.638231201030888
4550,1.0855043921066492,0.6895177686812769
4551,1.0858924495293103,0.7322324877109662
4552,1.085796873678243,0.6480323484094831
4553,1.0856524651691795,0.7265360511913134
4554,1.0858345203955178,0.6862116508999667
4555,1.0858871012885158,0.7074701961239689
4556,1.085606911086775,0.6514288993679552
4557,1.085911505447028,0.6791387708844666
4558,1.0855720420410402,0.6852457369675121
4559,1.0857219170649692,0.733073173147541
4560,1.0858922674481173,0.7286813505618361
4561,1.085894324181872,0.6745705930231229
4562,1.0854025723093235,0.7037041903446685
4563,1.0862148171346309,0.673970976426018
4564,1.085334339320876,0.750125015404119
4565,1.0862124784636429,0.6884539269370956
4566,1.0855744990814462,0.6159966909752731
4567,1.085676564459669,0.7505218328422266
4568,1.0856589896844606,0.7321692677853441
4569,1.0861306926996057,0.6269299622696782
4570,1.0856082433031797,0.6988378100996636
4571,1.0858879991207055,0.6969466870279507
4572,1.0853852809053472,0.6870521961530577
4573,1.0861829935274092,0.7211702253369952
4574,1.085703904463901,0.676107691835057
4575,1.0858612618510097,0.688933526874525
4576,1.0854534086830154,0.6821958238967673
4577,1.085946308507301,0.7334067010630696
4578,1.0857664315122566,0.6657247527954673
4579,1.0858428602165064,0.6766138653264747
4580,1.085433758960597,0.7201164367488819
4581,1.0860168280323383,0.7490223179753628
4582,1.085679659827771,0.6768493541262545
4583,1.0860747183981585,0.673151603142796
4584,1.0856594425444515,0.6659132049038907
4585,1.0856293104082524,0.7071411237322123
4586,1.0856792416069867,0.6548995244389133
4587,1.0859568118922416,0.7613329761102094
4588,1.0856323510226453,0.674059798797569
4589,1.0859878396346625,0.6825538888167858
4590,1.0855669588477665,0.6704153474003074
4591,1.0857814706958224,0.7436899057200475
4592,1.085927382115711,0.6836702673989977
4593,1.0856274097771759,0.6644268887981019
4594,1.0858540131090713,0.7523242797662779
4595,1.0856906188844566,0.6856146112114823
4596,1.086042206124485,0.6739312310541828
4597,1.0856285544691082,0.6727118110338035
4598,1.0856399748918864,0.7321618984030226
4599,1.0857963760110745,0.7071967188010874
4600,1.0859533154081276,0.7052532239795177
4601,1.0855849749149253,0.6261674171084644
4602,1.0858194637228529,0.7232583579131611
4603,1.0858670180834085,0.746323047312187
4604,1.0859850500860242,0.6236008488093499
4605,1.0854308110510185,0.6787808769028424
4606,1.085763142778189,0.6989240924705112
4607,1.0858377369227947,0.7840339094786541
4608,1.0859741451412142,0.6169460280554814
4609,1.0855306263239326,0.6666756832318308
4610,1.085942273737857,0.6789913738560697
4611,1.0853693671999105,0.7550544582486012
4612,1.0861891230549856,0.6848943804630356
4613,1.0855564528360573,0.647537777731772
4614,1.085775880108772,0.7590658861013143
4615,1.0857447251318355,0.668057852459224
4616,1.0858626385582122,0.7167115433020483
4617,1.0856977307852929,0.7360020619627311
4618,1.0860163531716396,0.6345374896120907
4619,1.0855453664698254,0.6781026051407382
4620,1.0857544322488268,0.7561074260914995
4621,1.0858015373121164,0.6913519237612576
4622,1.0860039703028614,0.6453632165684686
4623,1.0854720833531268,0.7150937174955609
4624,1.0859405437945473,0.7010066776783983
4625,1.0856222440153092,0.678700416463201
4626,1.0859488561735153,0.6796310104943816
4627,1.08571258939263,0.7099149319634871
4628,1.0858096737223004,0.6735934721370187
4629,1.0856063332483317,0.7511482947242405
4630,1.0860791718633558,0.6617258184419703
4631,1.0856233634193162,0.6374100970822746
4632,1.0856300753352812,0.7144087273478861
4633,1.0857436709181871,0.7259884577297218
4634,1.0858917648369872,0.6839357981485161
4635,1.0856208352678387,0.7131861641693336
4636,1.0860235616704017,0.6939597297137082
4637,1.0856302648063236,0.7337312035994842
4638,1.0859179824466456,0.6480092429345446
4639,1.0856430093163998,0.7040823783215078
4640,1.0858213054335004,0.7178937434897882
4641,1.0856096266070232,0.6837219696208401
4642,1.0859797703155416,0.7365684678247016
4643,1.0859048437955547,0.659322864960298
4644,1.0856020567186926,0.6616791056336684
4645,1.0858752557977194,0.6502479133052036
4646,1.085304711174973,0.781384054251665
4647,1.0862718696567546,0.7236958608120411
4648,1.085684385584815,0.6438199957492915
4649,1.0858534835045677,0.6553001648120674
4650,1.0854899340451745,0.734020548800675
4651,1.086039278159693,0.696473040411101
4652,1.0856328312861891,0.667127718122435
4653,1.0858378729012315,0.6402088654484601
4654,1.0854490669440382,0.7908272539988054
4655,1.0861290187420944,0.6954339473212393
4656,1.0857303941469716,0.6757544534034828
4657,1.085903566190356,0.6755727921678791
4658,1.0854274879553447,0.70386699387037
4659,1.0860593655016655,0.6727903493635579
4660,1.0854131350997798,0.763262928166965
4661,1.086404858348203,0.6574735647883516
4662,1.0851837289079687,0.6703947366901544
4663,1.0861067365331978,0.6988515978749519
4664,1.0854998974571612,0.7262387180281447
4665,1.0861633352627917,0.6802517454982921
4666,1.085387023374761,0.6812789026123947
4667,1.085876699973869,0.7603416647504186
4668,1.0858098579120488,0.6465521311529531
4669,1.0857825781475157,0.7250092547714189
4670,1.0858327833212438,0.6699587246694713
4671,1.0855985491802307,0.6661980494498629
4672,1.085971875814986,0.7294091741980955
4673,1.085495551392257,0.6784003134500705
4674,1.086054247482265,0.721427975939778
4675,1.0856476942543116,0.6619876246640022
4676,1.0859164952228468,0.7410718934454742
4677,1.0856685195390003,0.6541283062627345
4678,1.0858122537665822,0.7257782200341789
4679,1.0858776008297142,0.6515501760756348
4680,1.0853833721133688,0.7523464407920895
4681,1.0861797840957246,0.6646805400598377
4682,1.0854690251053492,0.6795251345495856
4683,1.0861107578086688,0.701409494952104
4684,1.0855188508846505,0.6483535604629281
4685,1.0859332064801313,0.7027166143674468
4686,1.085578580763675,0.7048467152956961
4687,1.0858245046840174,0.7178797922392842
4688,1.085750160018371,0.6603260177988848
4689,1.0857909649338242,0.7681140634255128
4690,1.0858323200834255,0.654285324385381
4691,1.0856572162656715,0.7157844287010457
4692,1.0859785722541369,0.6850616620705803
4693,1.085459418421596,0.6705012907789396
4694,1.0859674210489252,0.786478395826477
4695,1.0860131495473542,0.63041149055418
4696,1.0856215310088122,0.6783674522891144
4697,1.085768500139055,0.6619457784138478
4698,1.0856943358875482,0.7312910239946084
4699,1.08589182637577,0.6453364857472522
4700,1.0855060666455238,0.7528232188601056
4701,1.0859874333777113,0.6797662750261745
4702,1.0857237087061204,0.7224902763686628
4703,1.0859720775852146,0.674544200497376
4704,1.085766636432841,0.6575379116805453
4705,1.0854199773838842,0.6844010314373793
4706,1.0860189391343629,0.7434899873218875
4707,1.085575243965693,0.6790667903585946
4708,1.0859670860409452,0.6982761114423608
4709,1.0855798228846207,0.6616996071131673
4710,1.0859434585894052,0.7354361974014886
4711,1.0856297132332735,0.6977859062499102
4712,1.085914733318991,0.6882985408838247
4713,1.0857083498936824,0.6791088264291185
4714,1.0857078525446708,0.7083651172121473
4715,1.0858338494744388,0.7635090136606032
4716,1.0858751566135454,0.6368320554076288
4717,1.0856864994933502,0.6581185045145329
4718,1.085760434859227,0.715407968171169
4719,1.0858296228339523,0.7141980736735499
4720,1.085735061527399,0.6895449243088055
4721,1.0856112010892711,0.7133973977808535
4722,1.0861062384883666,0.6627896875169301
4723,1.085310862783495,0.7282037765888786
4724,1.0862113475144022,0.7010676027824146
4725,1.0856286288286843,0.6390909392673055
4726,1.0857215482513962,0.7010141667280722
4727,1.0857507161106736,0.6962122704306268
4728,1.0858830612657735,0.7617726379448192
4729,1.085771873999765,0.6676423679807244
4730,1.085794811306749,0.6940977061582265
4731,1.0857271214965754,0.6527815449311339
4732,1.0856778468504944,0.7155442298426485
4733,1.085893111457078,0.6894717009904496
4734,1.0856799148013871,0.701933680445277
4735,1.085834483113047,0.7215404508506003
4736,1.0857993670574577,0.695667948088247
4737,1.085759340133,0.6731209483122118
4738,1.0858722395207931,0.6762267000323521
4739,1.0855432707004524,0.6923571529552454
4740,1.085832757462409,0.7038975792817997
4741,1.0856586241181292,0.7299707014812366
4742,1.0860032693719168,0.7232257889334412
4743,1.0858168306344311,0.6177956696056118
4744,1.0856504258142343,0.6831993942592295
4745,1.085748173320249,0.7457229179574599
4746,1.0857277966522147,0.6822448556097528
4747,1.085944740198725,0.7554538330334888
4748,1.0856978801562833,0.6363276620552769
4749,1.0857770475091764,0.7308366385460959
4750,1.0859067656732617,0.6797119873904379
4751,1.0858394511571043,0.6600070239341328
4752,1.0854348407309666,0.6854969867879322
4753,1.0859592766632888,0.6997403636785157
4754,1.0856082018327395,0.7114507701909434
4755,1.0859631341486073,0.7230133883664227
4756,1.0856957197648238,0.6488597424708085
4757,1.0858317344215414,0.7048694158148461
4758,1.0857112498536805,0.6938441613594911
4759,1.085921929552415,0.670507131339737
4760,1.085507526476093,0.750717964050856
4761,1.085975578150121,0.6673741717799913
4762,1.0856421117961979,0.7190405573689255
4763,1.0859467669782066,0.6380830479558777
4764,1.0855260637824358,0.6670173341031992
4765,1.0856997228427787,0.7612766090293477
4766,1.08589307544432,0.6904860332263381
4767,1.085767607893473,0.7390895419541308
4768,1.0859709578459444,0.6886359329168417
4769,1.0856824307511628,0.6508866319045602
4770,1.0856834755302809,0.7217043235287882
4771,1.085892226769988,0.7353340489313615
4772,1.0859082869843941,0.6165127747346789
4773,1.0854995155664682,0.6791617454710807
4774,1.0859145724027737,0.7210470835702854
4775,1.0856229230873329,0.7281564507848419
4776,1.0858855646750225,0.7057688474230969
4777,1.0859681230036797,0.6659073676976178
4778,1.085480975103913,0.6504067730906472
4779,1.08572932406786,0.7837853259569748
4780,1.0858982897276477,0.612175706620037
4781,1.0858989405129331,0.7148565646790722
4782,1.0855920024187953,0.6719343812302653
4783,1.0859439062249827,0.6972448123730698
4784,1.0855488640949083,0.7444354906048336
4785,1.0859797472730774,0.6749727964126537
4786,1.0856472581667707,0.6544667712186908
4787,1.0857007211142984,0.7301390029619802
4788,1.0857181218921381,0.7145128012478759
4789,1.0859509660684867,0.6898446076344795
4790,1.0857095600044544,0.6978402860109273
4791,1.0859942810404795,0.6724642559324326
4792,1.085466441669258,0.6982497029766451
4793,1.0858320057325812,0.7062264030277641
4794,1.0858347147835994,0.7352586599932086
4795,1.085897212793885,0.6086481201562858
4796,1.0854362135993443,0.6998897580767991
4797,1.086175254819801,0.7424857930338452
4798,1.0856044897122048,0.6608968552441993
4799,1.0858516969187542,0.6858451271747171
4800,1.085477315038172,0.6710836807659303
4801,1.0858485594909655,0.8042963959916629
4802,1.086142093237842,0.6604379678760284
4803,1.0855485928901856,0.6477941504393095
4804,1.085774080555835,0.7101646163908992
4805,1.085600274745047,0.7079329557722728
4806,1.0859767954527149,0.696470433334161
4807,1.0857557689577575,0.6902777820508523
4808,1.0857352144815877,0.6469323519330075
4809,1.085618461200594,0.7050267718221399
4810,1.0859330022745426,0.7705001611108164
4811,1.0859518106437347,0.619862760886906
4812,1.0855067482548004,0.6822184740487418
4813,1.0858242314887478,0.6851544562548604
4814,1.0856929496406444,0.7609542492965415
4815,1.085888226070943,0.7200697346164979
4816,1.0858778881924087,0.6421227823412657
4817,1.0857256549792138,0.6647047618873746
4818,1.0855280445319833,0.7181094810206118
4819,1.0859178815410937,0.7187237146013314
4820,1.085786932203865,0.6796186666580069
4821,1.085802001738084,0.7247068245714537
4822,1.085740003618351,0.6454570319798734
4823,1.0858218980505467,0.7177215327042925
4824,1.0856195775114448,0.744929970391859
4825,1.0862949163500961,0.6464344834575422
4826,1.085138825846705,0.6455892185315681
4827,1.0861446509845325,0.7723373064498744
4828,1.0856239021062954,0.6446452749413236
4829,1.0859091211396912,0.7021242952879794
4830,1.0857001860315045,0.6708766264261639
4831,1.0858291368510504,0.7303237778642068
4832,1.0857218022542918,0.6704850127923214
4833,1.0857320265648964,0.6890829806714455
4834,1.0858126104300176,0.6973332116034924
4835,1.0855567118244676,0.6854080698541963
4836,1.0862201471694386,0.7109128771404466
4837,1.085223610654283,0.6772691033434354
4838,1.0862911585556962,0.6966364349980186
4839,1.0853165655099386,0.6442780674025054
4840,1.0858373483176604,0.76368642686594
4841,1.0858006755081395,0.7180585638408955
4842,1.085919034624459,0.6986114294014082
4843,1.085630472118324,0.6775359305602653
4844,1.0858847078232292,0.7289604128779426
4845,1.0858709636165162,0.6747477525593284
4846,1.0857820735959625,0.6594718002012998
4847,1.0855563184907304,0.7231411255561947
4848,1.085765017924046,0.6735639207248988
4849,1.0858395708032347,0.7455229933890041
4850,1.0860376161556022,0.6489554208685955
4851,1.0855738264052233,0.6676367931459145
4852,1.085682149591347,0.6847965048288587
4853,1.0856507640705129,0.7395920230589176
4854,1.085932912139093,0.7237654429457959
4855,1.0857256647715265,0.648572414814947
4856,1.0858751540805063,0.6824279222474756
4857,1.0856102152677198,0.6984684093302659
4858,1.0857901448054517,0.7136851138807964
4859,1.0859014328626035,0.6839057796272366
4860,1.0856929453019908,0.6689751337466852
4861,1.0855956201075632,0.7601795213665935
4862,1.0859666350634243,0.6707511897834371
4863,1.0858467977958284,0.6776165740720004
4864,1.08561738277739,0.6876425438265282
4865,1.0858010217100564,0.708663497849931
4866,1.0858131196971246,0.7072123974719619
4867,1.0858227687938269,0.6754112603761739
4868,1.08570912762758,0.7265304052776353
4869,1.0859468570498805,0.6659365171762036
4870,1.0855816883036884,0.7119552358759713
4871,1.0858421279546568,0.6941453164831234
4872,1.0858286453901371,0.6780786487904195
4873,1.08559794679441,0.6818904409711204
4874,1.0857229879873231,0.7588947224388308
4875,1.086048962054652,0.6582313978881802
4876,1.0856952283033172,0.7031520826012789
4877,1.085770474329497,0.7056786066956373
4878,1.0857743684197918,0.671165592846375
4879,1.085746214974382,0.7015677930305404
4880,1.0859074672860896,0.693643809433174
4881,1.0856987373221438,0.6980289371827734
4882,1.0856787707005398,0.6580323163374407
4883,1.0858857416659864,0.7587105794989317
4884,1.085751932846103,0.6516793718549124
4885,1.0857914657206735,0.7327154484723718
4886,1.085825970772864,0.6388613221334212
4887,1.085446605226012,0.6568293067670763
4888,1.0857312219560753,0.7777032830634927
4889,1.086186927833821,0.7001488256270079
4890,1.0856029644029481,0.6438061708889558
4891,1.0857307060515606,0.6802038728180072
4892,1.0857260553220824,0.7402889546746069
4893,1.0858309575728544,0.6683663766195931
4894,1.08586120395898,0.6994735366990313
4895,1.0854522864507898,0.6797408938383246
4896,1.085894174642356,0.7813832717658356
4897,1.0859329589830944,0.6505906478631099
4898,1.0858122016347551,0.6866374420857895
4899,1.0856180354906444,0.6535133426865564
4900,1.0858715760500088,0.7247199568038842
4901,1.0857645414862975,0.7203333359717762
4902,1.0857574607150702,0.6857455974809457
4903,1.0858392645845323,0.6781588905241954
4904,1.085738646819741,0.6677526929773088
4905,1.085808788190786,0.709551720512843
4906,1.0855447827911233,0.6800906334327808
4907,1.0858221970386126,0.7141315712599103
4908,1.0857617391675365,0.7182619577121057
4909,1.08602022000563,0.69917540290957
4910,1.0855779627169138,0.6621036121491182
4911,1.0858163103474292,0.7081690605214731
4912,1.0858272577915784,0.6560771400736012
4913,1.0855665177907214,0.7083163276431347
4914,1.0858637000249258,0.7537635116842686
4915,1.0858276690529733,0.6640861830457307
4916,1.0856866227993878,0.7004363738000754
4917,1.0857922569600162,0.6600121499310525
4918,1.08583488455296,0.7431276931371931
4919,1.0857555125191136,0.6745135841969123
4920,1.085760507113585,0.7132540919203428
4921,1.0858927348459413,0.6460554174108453
4922,1.085501420503123,0.770425005607758
4923,1.0863069690079639,0.6542048785292304
4924,1.0853797190858365,0.6738025928919268
4925,1.0859217422067913,0.6993990522969232
4926,1.0856691471928661,0.6992630756030236
4927,1.0858086231646273,0.6871036354882416
4928,1.0858091784363593,0.6653648306760415
4929,1.0855330908070828,0.7567187786921933
4930,1.086104413346695,0.6475255668897919
4931,1.0855181550492965,0.7032541585857631
4932,1.086086348829267,0.6801689416606256
4933,1.085394917878105,0.7084018336331144
4934,1.086037061819526,0.7079739820896471
4935,1.0855496381318348,0.7018412372240384
4936,1.0859898222720015,0.678755839987705
4937,1.0856290278771188,0.6950293543886956
4938,1.085918902463693,0.68995611405698
4939,1.0855666157692718,0.684395558720546
4940,1.0859136841666264,0.6944803461343706
4941,1.085705005825516,0.7632348289396902
4942,1.0858319942792585,0.6669424523977635
4943,1.085615419083627,0.7167169783178544
4944,1.0860587824894763,0.6965985875537136
4945,1.085738616137438,0.66664372620753
4946,1.0857255260966765,0.6397807133958585
4947,1.0853965547231073,0.7096515933167851
4948,1.0861187985004057,0.7701259811786673
4949,1.0857961139026653,0.6402360899583623
4950,1.0857531692680462,0.6766937476272489
4951,1.0857317626145893,0.7186876358727472
4952,1.0856268977617096,0.7425195668670633
4953,1.0860387342646474,0.6696383784527532
4954,1.0856295249694168,0.7049930362582115
4955,1.085746985153176,0.6672178691781848
4956,1.0856675477941784,0.7414237304720855
4957,1.0861062496959495,0.6696151803606716
4958,1.0857406114690529,0.64183021996327
4959,1.0855200914712924,0.6744412357709194
4960,1.085747097983734,0.6972044808473404
4961,1.0857870172067978,0.7671730989598777
4962,1.08601880668767,0.691226227448671
4963,1.0855828179402465,0.6637601081799684
4964,1.0858670916076376,0.6929030042839142
4965,1.0856306198502428,0.6744355500013473
4966,1.085924070880523,0.7300814120417491
4967,1.0856265725596042,0.6949498168006851
4968,1.0857979981867214,0.7125318141293218
4969,1.0857941302601648,0.6878360874817052
4970,1.085789514047531,0.699315443100123
4971,1.0857807604109326,0.7035233451440593
4972,1.0857525618708461,0.6662069950489685
4973,1.0856501380862182,0.7043252129171969
4974,1.0859486961079847,0.681019815215485
4975,1.0856197620581776,0.7597272362650264
4976,1.0861721237754889,0.6277362269171864
4977,1.0853565545221087,0.6894798275591559
4978,1.0860296714358646,0.7399329961570702
4979,1.0857093131101596,0.6614116668650604
4980,1.0857531799620428,0.6870917079294274
4981,1.0856816990472604,0.6739707201920164
4982,1.0857754989140531,0.7133182970795019
4983,1.0857172197962615,0.708632536601575
4984,1.0860634435177725,0.7064457373195697
