{
  "weights": [
    1.0089862270519507e-05,
    -4.562760755897527e-05,
    4.42448257648557e-05,
    -9.28172601447266e-05,
    -3.345361490399137e-05,
    -0.00012273385019430006,
    -8.969018678757366e-06,
    0.06306424901538149,
    8.659664028235212e-06,
    -0.1610625844077248,
    -3.225196139798135e-05,
    -0.0190458161753822,
    0.000775464590949596,
    0.004760836485853546,
    1.0803019392298373e-05,
    1.0792051030149403e-05,
    1.075237735821501e-05,
    3.3926676390215525e-05,
    -0.08892665602695446,
    0.0001429805160095611,
    0.011382962757694017,
    4.923010080979899e-05,
    0.0023834839707641926,
    1.185068229547104e-06,
    -6.479446000734614e-05,
    -4.5635695409817254e-05,
    0.0001549137071953883,
    0.007899944231989123,
    0.014248420894226984,
    -4.645435986292139e-06,
    8.782097003808157e-05,
    0.007778466563480774,
    4.920331270516396e-05,
    0.25120322525472877,
    9.023842562117215e-05,
    0.0018354056279191355,
    0.10263165925427764,
    2.2446174033292638e-05,
    -0.00018865862095348112,
    -2.4468158582692683e-05,
    -4.054713159012882e-05,
    -0.00012073022709415357,
    0.0037746325875922964,
    5.581049150862529e-05,
    -7.936422478754588e-06,
    -1.4276496983630931e-06,
    -2.2418712137397843e-06,
    0.0005436384131558007,
    -4.627842238603211e-06,
    -6.447704731592533e-05,
    -6.0155873523260475e-05,
    8.783699790879817e-05,
    -4.8605968919286946e-05,
    6.426013191345983e-06,
    1.518610432099455e-05,
    3.605398780174855e-05,
    3.6252445632496925e-05,
    2.1153261633406162e-05,
    -0.0013016812986491545,
    0.0014001765253563187,
    -0.018309562776776485,
    -2.505346545167228e-06,
    10.117564563735655
  ],
  "final_loss": 0.021929453471482188,
  "training_time": 7.6116554737091064,
  "converged": true,
  "iterations": 109,
  "function_evaluations": 119,
  "final_gradient_norm": 1.1439397353566432e-05,
  "algorithm": "SciPy_BFGS_LASSO",
  "loss_type": "lasso",
  "regularization": 0.01,
  "message": "Optimization terminated successfully.",
  "initial_loss": 51.48842426427826,
  "initial_gradient_norm": 10.264778045632946,
  "predictions_log_min": 7.866174794220328,
  "predictions_log_max": 11.573655085523603,
  "predictions_original_min": 2606.5719871468136,
  "predictions_original_max": 106260.15670150938,
  "metrics_log_scale": {
    "mse": 0.02831034440428316,
    "r2": 0.9183701858683395,
    "mae": 0.11948160738382667
  },
  "metrics_original_scale": {
    "mse": 19215621.50220257,
    "rmse": 4383.5626495126735,
    "mae": 3057.9579665510196,
    "r2": 0.9193273603923162,
    "mape": 12.350690144492841
  },
  "parameters": {
    "loss_type": "lasso",
    "regularization": 0.01
  }
}