epoch,loss,gradient_norm
0,42.241142022499965,9.263358784090096
10,33.94227633811564,8.290646586202069
20,26.554551194484656,7.33491814326859
30,20.072747310163713,6.3819336513744505
40,14.498460866808475,5.429876600769193
50,9.830470408187566,4.478101987939395
60,6.069988279335952,3.527214612880661
70,3.214798675316755,2.5769981170455165
80,1.2622650319467996,1.6267227249453546
90,0.21443289113089709,0.6794357239163474
