{
  "weights": [
    0.003975231029576294,
    0.0015648593946988368,
    0.010478384531892279,
    -0.01496645955917367,
    -0.0010943764565857794,
    -0.001379270573843601,
    0.0027285758486535637,
    0.08032760164029076,
    -0.0038224420769357383,
    -0.233930842399383,
    -0.010407232928516903,
    -0.009553667116062857,
    0.010064718193384663,
    0.09540066765602635,
    0.00026381989851726075,
    0.00026402544826445245,
    0.00026394579343272265,
    0.01333163077936273,
    -0.09540116645464543,
    0.07898930198898615,
    0.017468513447833928,
    0.04806679561577134,
    0.006130850596689873,
    0.003437215359517965,
    -0.004790060205873059,
    0.0015649034502359066,
    0.009131258525275033,
    0.025375510004029506,
    0.032598842510313066,
    -0.005323302739105458,
    -0.001374628218062986,
    0.01152735473781306,
    0.04806683314611111,
    0.21553892623658982,
    -0.003982945184147386,
    0.04728915835494608,
    0.05239409233517531,
    -0.00695391392273502,
    -0.018595713163059274,
    -0.009584792463705064,
    -0.03215674871023606,
    -0.032529006724894,
    -0.022140378245175615,
    -0.0012314873981569118,
    -0.00855896818742827,
    -0.0121073013540969,
    -0.0004970429838215581,
    0.011494512871564774,
    -0.005323190417734932,
    -0.015323399364610017,
    -0.016622187125786236,
    -0.0013745899194941998,
    -0.000512798186907223,
    0.0005861563608913258,
    -0.00010309143636142697,
    0.003685607569576189,
    0.0033179529037405658,
    0.0039010654083991856,
    -0.013880685404776131,
    -0.003930453182307123,
    -0.03387695715200585,
    -0.009236479692033384,
    10.117570363268849
  ],
  "final_loss": 0.012756605526934493,
  "training_time": 2.022279739379883,
  "converged": true,
  "iterations": 11,
  "final_gradient_norm": 2.3594369062419345e-08,
  "algorithm": "SciPy_Newton_CG_RIDGE",
  "loss_type": "ridge",
  "regularization": 0.01,
  "message": "Optimization terminated successfully.",
  "initial_loss": 51.48390822791243,
  "initial_gradient_norm": 10.26472017062685,
  "predictions_log_min": 7.645822724147729,
  "predictions_log_max": 11.622163111268375,
  "predictions_original_min": 2090.8889155797947,
  "predictions_original_max": 111541.73960381553,
  "metrics_log_scale": {
    "mse": 0.023776675185769997,
    "r2": 0.9314425303921903,
    "mae": 0.11128399404049187
  },
  "metrics_original_scale": {
    "mse": 18230940.287370168,
    "rmse": 4269.770519286742,
    "mae": 2917.847722732925,
    "r2": 0.9234613319510049,
    "mape": 11.371870527359693
  },
  "parameters": {
    "loss_type": "ridge",
    "regularization": 0.01
  }
}