{
  "weights": [
    0.004005986534673426,
    0.0015451125647324756,
    0.010390482599388368,
    -0.014818735486254255,
    -0.0010563868053561267,
    -0.0012491895328292347,
    0.0029481759951749454,
    0.0805616903001882,
    -0.004001882859558987,
    -0.23395799133741743,
    -0.01041876608902564,
    -0.009551632762337232,
    0.010068887218578565,
    0.09520698432009411,
    0.00020650562725472798,
    0.00037723314395547524,
    0.0003110726557449374,
    0.013399994374638237,
    -0.09562128134906878,
    0.07901651340188631,
    0.017453382106980674,
    0.04804637300117062,
    0.00614946820855428,
    0.0031998483508252186,
    -0.00477403736073032,
    0.0015817046430180463,
    0.009128299259442583,
    0.02537226715406422,
    0.032464941787082056,
    -0.005356359192638456,
    -0.0013545900860706952,
    0.011740781570781256,
    0.048077545317381655,
    0.2154776612337795,
    -0.003986597948416146,
    0.047278735692844784,
    0.05238725663918428,
    -0.007098234364431257,
    -0.018750277197558743,
    -0.009740586231988722,
    -0.032461044394061056,
    -0.032957955593753856,
    -0.02258177897547007,
    -0.0013241160150414854,
    -0.008653825934865291,
    -0.012079293958791409,
    -0.000496826062498691,
    0.011557347396283951,
    -0.005263066211623691,
    -0.015260795111671237,
    -0.016524566315917262,
    -0.0013227796867345345,
    -0.000510554358938446,
    0.0005873264297181705,
    -8.560129735818072e-05,
    0.003698168133063834,
    0.003308880203349505,
    0.003899042911817536,
    -0.01389458300679692,
    -0.003947493563800089,
    -0.033889408136799935,
    -0.009271840049826648,
    10.117567205868815
  ],
  "final_loss": 0.012756618099033409,
  "training_time": 4.864840745925903,
  "converged": true,
  "iterations": 74,
  "function_evaluations": 80,
  "final_gradient_norm": 4.781061013543405e-05,
  "algorithm": "SciPy_L_BFGS_RIDGE",
  "loss_type": "ridge",
  "regularization": 0.01,
  "memory_size": 10,
  "message": "CONVERGENCE: REL_REDUCTION_OF_F_<=_FACTR*EPSMCH",
  "initial_loss": 51.48390822791243,
  "initial_gradient_norm": 10.26472017062685,
  "predictions_log_min": 7.645755924608523,
  "predictions_log_max": 11.622375777108326,
  "predictions_original_min": 2090.749183031251,
  "predictions_original_max": 111565.46345676102,
  "metrics_log_scale": {
    "mse": 0.02377617764502981,
    "r2": 0.931443964997067,
    "mae": 0.11128349974053575
  },
  "metrics_original_scale": {
    "mse": 18230594.0940586,
    "rmse": 4269.72997905706,
    "mae": 2917.8584155581348,
    "r2": 0.9234627853689052,
    "mape": 11.371688389358507
  },
  "parameters": {
    "loss_type": "ridge",
    "regularization": 0.01,
    "memory_size": 10
  }
}