epoch,loss,gradient_norm
0,0.014656926430759717,0.09655071567998805
10,0.012010804831991325,0.007552799198683786
20,0.012017698921734737,0.009134433888828838
30,0.011995648946643681,0.008481927694404711
40,0.012007222601809836,0.007707372724491959
50,0.011976352201192695,0.007769468346024539
60,0.011992792099926845,0.008662602043270982
70,0.012070966800131304,0.008141780651332853
80,0.011985471277329227,0.008896677326985902
90,0.012057356358088845,0.007642635415580427
