iteration,loss,gradient_norm,step_size
0,51.41048202925348,10.226283279904285,10.134190118727833
1,0.011924579975187742,1.0134170772000076e-07,0.004415909528894518
2,0.011924579974987295,4.415909348387473e-11,
