{
  "weights": [
    0.003981454916595017,
    0.001554910289453354,
    0.010453827473537703,
    -0.014880715632927562,
    -0.0010738223508576592,
    -0.001299995484136747,
    0.0028560922833041607,
    0.08050522566380154,
    -0.003957716441430586,
    -0.23382804141172603,
    -0.01041102873326797,
    -0.009540922924376595,
    0.01006365674092899,
    0.09531630965072525,
    0.00020553025786662464,
    0.00030680420500377165,
    0.0002675584295418981,
    0.013458350307700925,
    -0.0955620667273949,
    0.07902740620713901,
    0.017457825103850674,
    0.04800109724885581,
    0.006142284243208636,
    0.0032888025216544566,
    -0.004751117653941166,
    0.001576616363983951,
    0.009120788568099754,
    0.02539043612903581,
    0.032489221846674604,
    -0.005335561085896076,
    -0.001353505856248474,
    0.011654112852366097,
    0.048019588371816524,
    0.21551757519180112,
    -0.004010647561955707,
    0.04729378661161207,
    0.05236219226360303,
    -0.007084494384111288,
    -0.01874047813306409,
    -0.009725104008644573,
    -0.032442165656375394,
    -0.03291712340397529,
    -0.022540203813465415,
    -0.0013148736984320358,
    -0.008654450593939196,
    -0.012112553900960733,
    -0.0004957483788712835,
    0.011533570779471045,
    -0.005280220572485375,
    -0.015278491492508785,
    -0.01655861982670089,
    -0.001334636228416721,
    -0.0005111872631226313,
    0.0005862275592618632,
    -0.00010212602351689604,
    0.0036935014735988906,
    0.0033140475881020806,
    0.0038969899440621757,
    -0.013877401800527522,
    -0.00393543167449289,
    -0.033878124224277065,
    -0.009269950674255602,
    10.11758128416699
  ],
  "final_loss": 0.01275661496545433,
  "training_time": 4.847134590148926,
  "converged": true,
  "iterations": 62,
  "function_evaluations": 69,
  "final_gradient_norm": 8.058789971299835e-05,
  "algorithm": "SciPy_L_BFGS_RIDGE",
  "loss_type": "ridge",
  "regularization": 0.01,
  "memory_size": 20,
  "message": "CONVERGENCE: REL_REDUCTION_OF_F_<=_FACTR*EPSMCH",
  "initial_loss": 51.48390822791243,
  "initial_gradient_norm": 10.26472017062685,
  "predictions_log_min": 7.646062655041176,
  "predictions_log_max": 11.622309847562997,
  "predictions_original_min": 2091.390884572827,
  "predictions_original_max": 111558.10817301927,
  "metrics_log_scale": {
    "mse": 0.023776555340814458,
    "r2": 0.9314428759521491,
    "mae": 0.1112846492778707
  },
  "metrics_original_scale": {
    "mse": 18231362.50726692,
    "rmse": 4269.819961926606,
    "mae": 2917.916895342334,
    "r2": 0.9234595593518953,
    "mape": 11.372057517902075
  },
  "parameters": {
    "loss_type": "ridge",
    "regularization": 0.01,
    "memory_size": 20
  }
}