{
  "weights": [
    1.2266794365256666e-05,
    -4.4058281765449843e-05,
    4.815730267646543e-05,
    -9.271142192944006e-05,
    -3.382293897940634e-05,
    -0.00012322308077233643,
    -7.601543701325214e-06,
    0.06324046741184358,
    7.511018721564308e-06,
    -0.16084612806348747,
    -3.4637636624179155e-05,
    -0.019092603974064194,
    0.0007763947392377938,
    0.013849787338886511,
    9.813929552616782e-06,
    9.777463234198589e-06,
    9.032226862243839e-06,
    3.6010534408074795e-05,
    -0.07997905893365757,
    0.00013907936618395768,
    0.011526243335283883,
    4.806035686954273e-05,
    0.0023486250557015324,
    2.7525105838238343e-06,
    -6.481319235368858e-05,
    -4.4025530452156795e-05,
    0.00016102571305289564,
    0.007975083839693774,
    0.014300479184150026,
    2.7686445988730176e-06,
    8.813375463646365e-05,
    0.007819782854753286,
    4.8944320446351336e-05,
    0.2512563480519314,
    8.98385382980974e-05,
    0.025496434797543863,
    0.0787577875317533,
    2.3841187531611975e-05,
    -0.00017353988356279303,
    -3.1102134160259163e-05,
    -4.150652645522424e-05,
    -0.00012425201498321773,
    0.003850414182222374,
    5.5178351007553995e-05,
    -9.671874382713247e-06,
    -3.304501872512923e-07,
    -3.3352352003998072e-06,
    0.0005422531632602451,
    -3.900653191635429e-06,
    -6.514935220398197e-05,
    -5.7776496834308175e-05,
    8.813950390622009e-05,
    -4.8547318942384345e-05,
    8.651285756527826e-06,
    1.3676663872496214e-05,
    3.627400475511918e-05,
    3.626388353716065e-05,
    2.1087488306052755e-05,
    -0.0012504833914710597,
    0.0014195567055384024,
    -0.018207234681951096,
    -1.7726536415542732e-06,
    10.117549041048182
  ],
  "final_loss": 0.02193017592311016,
  "training_time": 9.646495342254639,
  "converged": true,
  "iterations": 123,
  "function_evaluations": 136,
  "final_gradient_norm": 0.001247863480102013,
  "algorithm": "SciPy_L_BFGS_LASSO",
  "loss_type": "lasso",
  "regularization": 0.01,
  "memory_size": 10,
  "message": "CONVERGENCE: REL_REDUCTION_OF_F_<=_FACTR*EPSMCH",
  "initial_loss": 51.48842426427826,
  "initial_gradient_norm": 10.264778045632946,
  "predictions_log_min": 7.866105580890349,
  "predictions_log_max": 11.573458517085928,
  "predictions_original_min": 2606.3915146520476,
  "predictions_original_max": 106239.27116473697,
  "metrics_log_scale": {
    "mse": 0.0283141581006692,
    "r2": 0.9183591894875572,
    "mae": 0.11947835136128672
  },
  "metrics_original_scale": {
    "mse": 19204907.422249265,
    "rmse": 4382.340404652435,
    "mae": 3057.6402934902667,
    "r2": 0.9193723411446016,
    "mape": 12.350733259986505
  },
  "parameters": {
    "loss_type": "lasso",
    "regularization": 0.01,
    "memory_size": 10
  }
}