{
  "algorithm": "Gradient Descent - Standard Setup",
  "parameters": {
    "learning_rate": 0.01,
    "max_iterations": 10000,
    "tolerance": 1e-06
  },
  "metrics": {
    "mse": 102.43279586642463,
    "rmse": 10.120908845870742,
    "mae": 10.11830683439493,
    "r2": -294.3538800637721,
    "mape": 100.40159374968509,
    "max_error": 12.26931631950897,
    "explained_variance": 0.8481528867868714
  },
  "training_time": 90.10871315002441,
  "convergence": {
    "iterations": 1154,
    "final_loss": 51.179298599154954,
    "final_gradient_norm": 0.009992664032263962
  }
}