{
  "algorithm": "Gradient Descent - Standard Setup",
  "parameters": {
    "learning_rate": 0.01,
    "max_iterations": 10000,
    "tolerance": 1e-06
  },
  "metrics": {
    "mse": 102.43348638278842,
    "rmse": 10.120942959170772,
    "mae": 10.118331275502442,
    "r2": -294.35587109296904,
    "mape": 100.40164948793237,
    "max_error": 12.303399392288819,
    "explained_variance": 0.8475880000179867
  },
  "training_time": 22.80434536933899,
  "convergence": {
    "iterations": 1107,
    "final_loss": 51.179233120630826,
    "final_gradient_norm": 0.009989293614302886
  }
}