epoch,loss,gradient_norm
0,0.012182125705844184,0.026243801260004307
10,0.01217824865572939,0.021682557041637802
20,0.012089878944790184,0.025964770750761507
30,0.012102621198400507,0.027104820095133812
40,0.012072677167184518,0.02408219546202327
50,0.012071690452058364,0.023519693123322943
60,0.012059764927811599,0.028861542466780923
70,0.012116424373069886,0.02727629269767863
80,0.012070945438202049,0.026561830449994835
90,0.012195133666896918,0.02582960983612174
