epoch,loss,gradient_norm
0,0.01246682466176252,0.008376491646745381
10,0.012590902521075238,0.009961263295311471
20,0.012312493721605158,0.008069925960376572
30,0.012595759567712094,0.009378231450482492
40,0.012372906458760534,0.009909422830158802
50,0.012453198546555435,0.008014021700955429
60,0.012526795298722932,0.009572188563363043
70,0.012637272258555628,0.012096019981804733
80,0.012348028536698353,0.008737797272144798
90,0.012697668199272415,0.011340297089907471
