iteration,loss,gradient_norm,learning_rate
0,51.248750742820995,10.239071160854577,0.0007196641200523964
1,51.179299800667856,10.234284420535191,0.000718942522792858
2,51.10270546825506,10.228151808405011,0.0007668130167740233
3,51.029667994248754,10.220959778193683,0.0007137588283353246
4,50.9488761381811,10.208291725717663,0.0007335536808693116
5,50.8695062687127,10.199986566582927,0.0007823077487593014
6,50.79170874097118,10.189782823523801,0.0007302406392841274
7,50.716033653726036,10.183350918950351,0.000765271667977605
8,50.63479014838329,10.176447218916849,0.0008212622113033164
9,50.553458385047584,10.168034854511955,0.0008054117065898789
10,50.49474607273007,10.167029182857071,0.000639428961319608
11,50.413895487084396,10.161486723720076,0.0008374516024713394
12,50.348311784048114,10.156001139236999,0.000664059791749149
13,50.2715982564391,10.143431404929268,0.0007033005714155279
14,50.19833168821717,10.135040483101527,0.000722991957181654
15,50.12774594341851,10.121995312974185,0.0006243830829571205
16,50.06655138518436,10.119551798897497,0.0006721345506427336
17,49.992544142426055,10.111739470527267,0.0007216009038272505
18,49.9123663475091,10.099304651658507,0.000755156643174992
19,49.833399438186454,10.090970353546101,0.0007963462224849139
20,49.761706511162174,10.08453053210018,0.000728098548196444
21,49.68309644073465,10.072201904964405,0.0007291313969416536
22,49.6034598605396,10.065453844053929,0.0008129259114948313
23,49.52638524400314,10.051524295650271,0.0006865418615864155
24,49.45420508112983,10.04430884525471,0.0007310511982956743
25,49.37686085081083,10.033790109178355,0.0007446740855343003
26,49.31274951610263,10.033221704548378,0.0007398640788293581
27,49.251043274530105,10.031515510611872,0.0006863102399282532
28,49.16769644673162,10.019217105850124,0.0007939031525415816
29,49.09400413150733,10.010338145370607,0.000734908558785872
30,49.01143891604238,10.001213774040469,0.0008394877377879776
31,48.9367102562802,9.99741478011874,0.0008172953701748189
32,48.872051250000354,9.995067772729325,0.0007128243279714914
33,48.795247431585636,9.9842621686828,0.0007479679220038055
34,48.72219482712553,9.976458455055884,0.0007485475856691068
35,48.64491120754188,9.964050764664277,0.000738536471691728
36,48.5676382114743,9.957876588316386,0.0008236742104774796
37,48.49914421482118,9.953493060842584,0.0007347275170840896
38,48.42718179675403,9.938097453134082,0.0006379282454243742
39,48.346224277738564,9.92678484526434,0.0008024988771616848
40,48.272188134245695,9.916597894010282,0.000737493199157426
41,48.20645174543813,9.906855513066585,0.0006378250335023518
42,48.13207652820129,9.896495240330129,0.0007421465941067196
43,48.0517029095735,9.884465460372413,0.0007780604663143478
44,47.97665749274344,9.872439758016075,0.0007201932835793531
45,47.91816768562412,9.86892386622152,0.0006383705085418253
46,47.843061435187025,9.85787413991611,0.0007502529390755534
47,47.781818383100095,9.846215461773426,0.0005707790689902502
48,47.702937849580756,9.835741822510574,0.0008031590839870706
49,47.63801410294216,9.833154930582175,0.0007329779806181735
50,47.57765276319571,9.824249425084636,0.000598526673186973
51,47.555823507006195,9.820996380988731,0.00022022702335285874
52,47.47810725463729,9.810782028933023,0.000797489081637569
53,47.40813031190815,9.804486961684638,0.000730880283916883
54,47.33313061369622,9.794124730488722,0.0007598544317958751
55,47.2582203203748,9.787158488988307,0.0007950782237365817
56,47.18097370173844,9.779608046925782,0.0008218769536520085
57,47.11415994717385,9.768871498465646,0.000647005094708127
58,47.06055417797946,9.768786660514637,0.0006326790513226423
59,47.00061964343927,9.760226210324538,0.0005974617687029765
60,46.938356296060455,9.754790049023415,0.0006765790616979277
61,46.85900675750771,9.742992550105937,0.0007964625985600801
62,46.77711972154351,9.733244702854792,0.0008514487407857079
63,46.718453106843846,9.726642907502692,0.0006121849967571005
64,46.65050151097537,9.720891972072241,0.0007460353706200304
65,46.58533947297892,9.715102452785464,0.0007120552653698654
66,46.513941414740515,9.706240576216821,0.0007518281769450859
67,46.44026936914279,9.698758248844731,0.0007872225621557916
68,46.36502987349958,9.689929401101933,0.0007876633715992263
69,46.294001515681806,9.678929160203262,0.0007106450738309274
70,46.23329725906707,9.676386901674794,0.0007129042981211605
71,46.15957090173097,9.664704707609104,0.000755720674574193
72,46.09510431143708,9.65154129275386,0.000608861543165209
73,46.01974477207474,9.64428605003658,0.0008164545732009495
74,45.94030814310589,9.634203734559767,0.0008349985712317973
75,45.87233106839388,9.624848955022154,0.0007191597290883624
76,45.7960190845976,9.615866874560925,0.0008183091273212325
77,45.73155219480577,9.60468563583233,0.0006478593750991173
78,45.66556205182491,9.59549570769098,0.0006994526179787054
79,45.59227684039799,9.58672262719775,0.0007856193306782146
80,45.53087114471968,9.582514968347713,0.0007051211331417476
81,45.47245571152899,9.578077769594831,0.0006624487884508467
82,45.40459580590216,9.569476887154364,0.0007262386465076445
83,45.3368812016017,9.558647399019486,0.0006894352308867112
84,45.26347790257116,9.547740120772964,0.0007745140121271412
85,45.188625885255924,9.538652617150985,0.0008245789729849747
86,45.116077403328624,9.528884426501023,0.000776606750721463
87,45.03901736258572,9.519850600804443,0.0008386766926150068
88,44.96579054325829,9.51157160139744,0.0008042124738926317
89,44.88812772274695,9.502157587641651,0.0008498844565119992
90,44.821970998787364,9.492588240102258,0.0006980493096187871
91,44.749859533572106,9.48264643866791,0.0007781389993202833
92,44.672252553247475,9.473333012596921,0.0008461389123236058
93,44.60579697638598,9.467627695495375,0.0007665774983282613
94,44.55369516052655,9.459235895329057,0.0005522583374331662
95,44.48141604390269,9.452739066664295,0.0008180686182879259
96,44.40733651138957,9.44509907126828,0.000844768194189312
97,44.34159369637217,9.437535971549284,0.0007284269258453414
98,44.26575856562815,9.428386574626122,0.0008448863811312723
99,44.195432833902196,9.418678742475322,0.0007634225457077694
100,44.12496571101078,9.411045269333956,0.0007987379361982465
101,44.064621900727076,9.403462301693317,0.0006775721543342425
102,44.03142650406017,9.401942031248426,0.0004047893559727894
103,43.97194282242516,9.397759710204031,0.0007114856990309907
104,43.910327011606526,9.38889531881534,0.0006706005790687209
105,43.840221377113814,9.379660754105275,0.0007775421911820119
106,43.76251069958487,9.371459460738665,0.0008930817879218019
107,43.68856695622368,9.36252624581556,0.0008279915058017701
108,43.624247275140036,9.354188315422412,0.0007122420307092434
109,43.556935279740145,9.34809266218948,0.0007946267669022691
110,43.48234418434175,9.339695798857013,0.0008546326028177996
111,43.41072319134667,9.33138407034324,0.000811345651022708
112,43.34473656633756,9.32475469323265,0.0007517925753907152
113,43.27519581618157,9.318580329251802,0.0008157939803330241
114,43.20848840231275,9.309096380984661,0.0007418854104229084
115,43.14158010013149,9.30111157969898,0.0007660434773272586
116,43.07026857792423,9.2920243326095,0.0008047689739327315
117,43.01320069779092,9.286905464132483,0.0006733809573475254
118,42.941404890709386,9.279388899258924,0.0008244515732952447
119,42.871063525140556,9.271909947175377,0.0008240263443775934
120,42.796918171148995,9.263541796777627,0.0008592161794318038
121,42.74606240882163,9.255928624278942,0.0005581711184406874
122,42.688206579471164,9.248636398721084,0.0006607931670502107
123,42.621174974922546,9.242237837189965,0.0008065181293525239
124,42.5526723517477,9.23477284423783,0.0007937758067468696
125,42.481757442778026,9.226210631879216,0.00081857847147137
126,42.414934590498945,9.218014132172954,0.0007744240881208609
127,42.346506722721934,9.211881695606628,0.0008276538212112837
128,42.27841285988734,9.203625620011131,0.0008043675811734615
129,42.21745620623233,9.197970477680718,0.0007389523341067281
130,42.14997791638179,9.192226809639566,0.0008245691697995938
131,42.08450553626148,9.183746896159626,0.0007616572736992383
132,42.02074333892509,9.175814246365418,0.0007480146818080068
133,41.95368958535467,9.168989471915353,0.0008193444465569302
134,41.89088812284663,9.162214578113945,0.000745141866462634
135,41.821975523193636,9.153871721816792,0.0008129142473438204
136,41.7517725771838,9.14537055834441,0.0008324955927648956
137,41.693762434836465,9.138872245854499,0.0007010413421975989
138,41.63971530752357,9.134766918197398,0.0006722792511702772
139,41.571668375967285,9.126110830891106,0.0007986882752394732
140,41.49833646515026,9.117370976738703,0.0008659129234273138
141,41.43029446087726,9.110855743183562,0.0008420718304898307
142,41.37482894175441,9.106114691667464,0.0006864244746948495
143,41.30133957376414,9.097184445565805,0.0008710378772962857
144,41.22638245735492,9.08787375212606,0.0008908081056060545
145,41.15447961738369,9.080385515598138,0.000879093839217651
146,41.083054937654026,9.072117650046915,0.0008756995266838783
147,41.0111075785037,9.06339687727254,0.0008667812962477172
148,40.94453263746761,9.055123677905817,0.0008112660737317086
149,40.8792390608906,9.048415052380088,0.0008099492271052922
150,40.814308852615675,9.041741626405193,0.0007958182365569274
151,40.74301499783338,9.033471573946976,0.0008657845169439616
152,40.669080260817886,9.025712589752471,0.0009167195136059989
153,40.597723057559904,9.017013095113779,0.0008702346798075813
154,40.523733480893554,9.008648855781177,0.0009114298785218725
155,40.45382894329912,9.000679906350763,0.0008476486807477376
156,40.3975143372479,8.995166841646007,0.0007160457230637126
157,40.33655832400434,8.989789132666692,0.0007844972855654771
158,40.26358087046919,8.98113380031924,0.0009020572059092452
159,40.192065647677936,8.973368351217996,0.0008852936323672102
160,40.147728134347034,8.966757857567451,0.0005253503420465942
161,40.1042110286308,8.96057260582533,0.0005194627203967044
162,40.044629396418365,8.953817233540935,0.0007475031378491046
163,39.97764804755406,8.946743404063342,0.0008442987471293224
164,39.913899077967706,8.940047062280943,0.0008146417368799184
165,39.846103241014035,8.932461339683746,0.0008433173316637123
166,39.77498175602727,8.923856275709587,0.0008779394692271377
167,39.7148017167569,8.917849651456342,0.0007728607611695902
168,39.65975855615463,8.911760828928216,0.0006955055968572506
169,39.607305009491405,8.905730129248653,0.0006585989983838575
170,39.541324504861024,8.897775533732359,0.0008268634942339827
171,39.47452909286759,8.889806850087458,0.0008291117690677534
172,39.403535444425884,8.881947405897009,0.0009059461368398493
173,39.33912354328407,8.87507513643547,0.0008290461246574363
174,39.27283992484733,8.867308620667428,0.0008295338478675944
175,39.201944590191346,8.85918243030026,0.0009148770516772759
176,39.140312618720856,8.852675926850184,0.0007958974948950484
177,39.06873059205074,8.844685831307393,0.0009201003387689761
178,39.00572646598573,8.837755461411426,0.0008133012220704477
179,38.93886505090658,8.830386109526954,0.0008661371576989832
180,38.87387372402167,8.822636367478736,0.000834707018109462
181,38.80305508332658,8.81468686987471,0.0009043390324606806
182,38.73585698947619,8.806907194682479,0.0008663805190549959
183,38.6802924457377,8.800715855649319,0.0007139581739021115
184,38.61536904456852,8.793382910748896,0.0008270201227162882
185,38.553267867082475,8.787088765901172,0.0008172226312634474
186,38.49406704458802,8.7792157652609,0.0007444497548835437
187,38.42674174714453,8.770624876972324,0.0008559589338632517
188,38.35879931085352,8.762537841493025,0.0008699744410041852
189,38.30373877741108,8.756208852952756,0.0007157623194802621
190,38.23658767236682,8.748243335883172,0.0008789768334452113
191,38.179577057636884,8.742685491996081,0.0007646478690105515
192,38.11185002772862,8.734358856084175,0.0008646413346567487
193,38.04783428017413,8.72772933454573,0.0008443461343161683
194,37.98057998534651,8.719633789527427,0.00087451219420811
195,37.909225003499046,8.711237365500608,0.0009385784030201971
196,37.849343964259944,8.703573567327618,0.0007816417171200015
197,37.786393605397365,8.695722253851729,0.0008186648086534523
198,37.73679534616924,8.689450635582787,0.0006403026587310064
199,37.675033178155935,8.682472378331726,0.0008138815805663073
200,37.606626794532744,8.674792367696405,0.0009075412296215922
201,37.5423556726703,8.667126092562988,0.0008542915379703902
202,37.47865285663284,8.65966450045764,0.0008540245302741105
203,37.41472330348293,8.652655514451057,0.0008663547844140325
204,37.34876005645045,8.644805390186459,0.0008810896575623724
205,37.286385239243444,8.638032372553221,0.0008391500819689141
206,37.23389176423029,8.632772988819049,0.0007198787053624511
207,37.18028914267859,8.627469067078872,0.0007327598631289632
208,37.115926704498314,8.619375326322228,0.0008526903592877801
209,37.04833777097332,8.611973660605823,0.0009107325228065747
210,36.98733326665046,8.605406595523343,0.0008422467366023252
211,36.92093668882679,8.597335018302552,0.0009061009046041881
212,36.85376594099814,8.589356775237125,0.0009130656431940816
213,36.790160633443946,8.581498690616119,0.0008609473584757664
214,36.723723109503204,8.573319824457556,0.0009060054709273974
215,36.658913656925236,8.565249581031173,0.0008732623557795508
216,36.59863482498667,8.558881846337002,0.0008445165121336093
217,36.53369552191166,8.550626162050989,0.0008873288163250742
218,36.482791014597865,8.545852682831509,0.000722179396041832
219,36.418229810506034,8.537843966043047,0.0008685592259535509
220,36.366291970766014,8.530672245959634,0.0006914396852113881
221,36.29984388904545,8.522796810970075,0.0009155139394245467
222,36.237296524728364,8.515381157748058,0.0008511793979086668
223,36.185500878850476,8.510243069158198,0.000723761795212835
224,36.132113430282566,8.504417121214777,0.0007455626829388503
225,36.06995517882336,8.497669548674958,0.0008769531432306742
226,36.00535736628707,8.490671061374899,0.0009177967559528079
227,35.93774129547696,8.48275585886033,0.0009433235452826641
228,35.87915403860055,8.476228105130575,0.0008100371785898336
229,35.816564187103666,8.468032893223361,0.00085535841598699
230,35.756771198286785,8.461294089930297,0.0008455440678645975
231,35.69679060993079,8.454874959686945,0.0008469242552756484
232,35.628740965945106,8.446899455707829,0.000972851464863037
233,35.57266425425374,8.441845125721137,0.0008190197648355357
234,35.508864139592355,8.434414203552775,0.0008876115418500485
235,35.44039149890856,8.425946153576064,0.0009623165409318091
236,35.37376610800036,8.417142268651402,0.0009245157834543239
237,35.31154436945558,8.41047103384009,0.0008937390556128385
238,35.246469558528815,8.402918075285557,0.0009218387666034103
239,35.18061059119002,8.395438189472575,0.0009450316146057057
240,35.121645687381296,8.388054122795788,0.0008442742353176642
241,35.074488650708666,8.381460690403546,0.0006537746461859582
242,35.01513495374169,8.37351098447041,0.0008324953155020711
243,34.95210530695294,8.36669592856789,0.0009218715677065806
244,34.89795952554968,8.361721908790255,0.0008079659137782776
245,34.83635224908315,8.35466325627445,0.0008880718490585677
246,34.77138637246033,8.346159562134472,0.0009251845684036932
247,34.71471401693582,8.339996821488437,0.0008251242284907025
248,34.64523162837416,8.330995118756237,0.0009902126430441204
249,34.58374481390229,8.323834443844623,0.0008869482691782636
250,34.52297161999163,8.316526031482091,0.0008656474273248753
251,34.46677525246509,8.308159854836806,0.0007896134139654313
252,34.42600639161276,8.302662451139032,0.0005780602361653329
253,34.358950096619566,8.294613934882593,0.000965935889260672
254,34.29310298190321,8.286514363650346,0.0009658699528933747
255,34.230973339589426,8.279526660958735,0.0009149095821791456
256,34.173923021151154,8.272584137124012,0.0008247443515927834
257,34.1096722846707,8.264351274587632,0.0009391986286454293
258,34.052268511101765,8.256560015498243,0.0008392642947855097
259,33.99001794907408,8.249877884049258,0.0009330365919303464
260,33.92773853096785,8.242659312020775,0.0009378698645698899
261,33.863336978397804,8.234074323808848,0.0009269065257406892
262,33.80635560910856,8.22604573432383,0.0008266188196384824
263,33.744366050851895,8.218216149150582,0.0009201211422518637
264,33.677219638151385,8.209821837841465,0.0010006493023672273
265,33.62105304974221,8.203790799728155,0.0008467142872927682
266,33.566119567492564,8.196872013550571,0.0008244952991754385
267,33.496172407239015,8.188023233543959,0.0010431535593667563
268,33.436828514482265,8.181178491285541,0.0009013226027565242
269,33.3813304856811,8.173412227002814,0.0008097890442403814
270,33.31661147711151,8.165864817171423,0.000983762017243335
271,33.26546708410507,8.160610904183596,0.0007879027414672361
272,33.21046580935347,8.153832360195144,0.0008132018531147086
273,33.151344841142134,8.146457434098593,0.0008774563195254527
274,33.086861312858346,8.139125512059767,0.000987951541109903
275,33.02787352960844,8.13122287303594,0.0008789887797996652
276,32.96401015757131,8.123965813865912,0.0009785876508158107
277,32.90401594602447,8.11685248407993,0.0009074275542116814
278,32.84123116634254,8.109858884288494,0.0009638329419065459
279,32.78893933265402,8.102269692010744,0.0007854340544441895
280,32.734539339693136,8.094583586811407,0.000822489424327564
281,32.67266379527201,8.087007881912779,0.0009575163032321202
282,32.61850318678679,8.080000861642548,0.0008309193765248872
283,32.56781588788357,8.074711358253401,0.0007870336729713614
284,32.50398030624021,8.066757799246295,0.0009826528505887532
285,32.46374631162543,8.061314466385548,0.0006123360608836546
286,32.40810878079081,8.054727793353633,0.0008756703626057414
287,32.344802730783776,8.046577954352083,0.000978234218336644
288,32.28193151105599,8.03923342441999,0.0009854363489355225
289,32.219528843617624,8.030673629577663,0.0009571861171470168
290,32.165886611524385,8.023635829675934,0.0008248584002293946
291,32.0995554880186,8.015067847858024,0.0010159780408324716
292,32.04202357385304,8.007877477687593,0.0008875735428729779
293,31.985435824020033,8.000584773292028,0.0008749162863266393
294,31.92755132154285,7.9935598715850915,0.0009224641622264431
295,31.868763156318618,7.9865222709223405,0.0009316294712703194
296,31.81307446034978,7.9787083450264955,0.000860509574785315
297,31.753214279960385,7.9712260705076075,0.0009512626133569588
298,31.701461260086518,7.964886057785265,0.0008100933775302072
299,31.643630491856314,7.958055499241456,0.0009246441001826685
300,31.582123920336723,7.950539931422765,0.0009639825048643139
301,31.52360397948379,7.943197831312222,0.0009308178367723745
302,31.461038282544195,7.935201761623852,0.0009950155039279618
303,31.406266335668253,7.929032547514842,0.0008928602569951216
304,31.352485273814896,7.923430611398439,0.0008783733130656188
305,31.302865513859963,7.916330106885544,0.0007822856804652282
306,31.24704374970744,7.908124503976152,0.0008643495305350109
307,31.190157133135873,7.900535533099802,0.0008903967664384582
308,31.141238975798007,7.894130979052578,0.0007738040087751535
309,31.090285424934788,7.888528922140486,0.0008279725009272502
310,31.036960733868668,7.881905032213984,0.000870143257240694
311,30.980033295613406,7.873945817793161,0.0009049171841417519
312,30.918785039962646,7.8654939773206,0.0009677147775260839
313,30.86229213542911,7.858043561071359,0.0008966317337867395
314,30.80120019056219,7.850075659080383,0.0009858581700682842
315,30.74541611937416,7.843372981509724,0.0009202722732386299
316,30.69231924076032,7.836207985781204,0.0008570265672107381
317,30.627573660354074,7.828108426733981,0.0010588702221614576
318,30.57031376548226,7.820615123711795,0.0009285688603863196
319,30.51616464687204,7.813356156887224,0.0008856417481411667
320,30.461252125014585,7.8063624153425915,0.0008972096510684725
321,30.417346060374946,7.801312904199607,0.0007297119865880423
322,30.3632358158851,7.794299958841225,0.000863812048541344
323,30.30579751149993,7.786815407292014,0.0009452578488309459
324,30.253083580619613,7.78020564290217,0.0008661685471680782
325,30.197656027242395,7.773272966841126,0.0009110404762991454
326,30.145077696213875,7.766448348698377,0.0008796351721929319
327,30.080893861128487,7.758033376371903,0.0010652924130547757
328,30.02106354056842,7.750139578693062,0.0009918429083638275
329,29.96423826952257,7.742377709287228,0.0009272491725807012
330,29.911430281087817,7.735421747513934,0.0008766826937792777
331,29.855033726657236,7.728524170831352,0.0009466019873183071
332,29.793091801483204,7.720938103488839,0.001051232688817761
333,29.738217891216514,7.714673270273968,0.000934790373621648
334,29.684408222215847,7.707264206448643,0.0008943804371681005
335,29.628916562586813,7.700624357233549,0.0009467836167196572
336,29.570073206074504,7.6924487319384385,0.0009978042856643268
337,29.532219778955717,7.6888372708978645,0.0006637734932037576
338,29.48285912626961,7.682269778885352,0.0008429512592648576
339,29.42891527265245,7.676241799181435,0.0009338633720095665
340,29.369504431089357,7.667578426693218,0.0010005833488306046
341,29.3160318107526,7.660896399960123,0.000920442736930601
342,29.266622491550585,7.655740900026971,0.0008620753128279431
343,29.216024324738164,7.650207641183589,0.0008769431669636386
344,29.1611261890441,7.644125518279524,0.0009515825499978985
345,29.10901878153218,7.63768939812216,0.0009057195858772274
346,29.047979263985454,7.630104875981502,0.0010613218768665005
347,28.993729169160325,7.623927742482858,0.0009590975997470418
348,28.937874440413875,7.61560252634893,0.0009406595160378946
349,28.88869583116293,7.607821339532002,0.0008342085957867074
350,28.831684820233818,7.601336840486394,0.0010145845378630577
351,28.777431234693456,7.594865413196704,0.0009560126752911533
352,28.722492524777962,7.585847842173457,0.0009191864798113962
353,28.665137914685925,7.578624606397965,0.0010118378221497192
354,28.606912277714247,7.571081999689705,0.0010061708302120712
355,28.549074838153096,7.564313472681484,0.0010240895381343862
356,28.491729270036757,7.556859663909044,0.0010089414447576502
357,28.430329695353276,7.547700036743627,0.0010633201773204927
358,28.377022494456213,7.540233563055822,0.0009251879503849456
359,28.31687894819288,7.53120130535867,0.001043726738927891
360,28.261574672364386,7.522535315391466,0.0009419588710294153
361,28.213263538177326,7.515441090629563,0.0008356778574829074
362,28.159969891596056,7.509182957878152,0.0009735107379436125
363,28.10990006963112,7.5027480140078815,0.0008956990144915881
364,28.051721225975207,7.494980228825874,0.0010345437181248677
365,27.994822440303377,7.48657392185971,0.0010010839524160933
366,27.935448811645,7.478831205119368,0.001065460178841341
367,27.880566651138356,7.4705925219891975,0.0009783270373761991
368,27.82495250576793,7.463973192361096,0.001020609968911601
369,27.771137383456672,7.45713155140647,0.0009704481885667395
370,27.71336525724,7.4500176928442166,0.0010528398206045833
371,27.663389556018547,7.4419078970707755,0.0008746574338649236
372,27.61457213780639,7.435599061089669,0.0008975017956326248
373,27.55485798392481,7.427540955351904,0.0010888907353455344
374,27.50767147926798,7.42184016201209,0.000870803853496247
375,27.45408380198171,7.413607235211219,0.0009471302468483464
376,27.40149658604536,7.405981575638968,0.0009372927337832135
377,27.337597559916595,7.397175944010889,0.001160520805523392
378,27.287532662369703,7.391345432758636,0.0009317296877651122
379,27.23428746085598,7.3850036026863455,0.0009985237860111547
380,27.17905839269077,7.377704937524143,0.001021046747786365
381,27.12246877131359,7.369228044435622,0.0010322128520672729
382,27.070960992249283,7.3619655404416955,0.0009331521912973349
383,27.01473852417446,7.354261553588797,0.0010226705540657584
384,26.960730490285027,7.345880334123504,0.0009813654026451255
385,26.910722743304703,7.338718759981675,0.0009147658688324634
386,26.86327937710409,7.333008569239685,0.0009007651518086988
387,26.812551585381406,7.326682577547922,0.0009495325675711205
388,26.756235322396787,7.319563961363844,0.0010691084530351667
389,26.700561676081694,7.312433350282942,0.0010529696094473211
390,26.654594771113022,7.306559826318385,0.0008610466152583877
391,26.601107202488375,7.298343742326481,0.000993236627859352
392,26.54262178819554,7.28965055121051,0.0010958131906058496
393,26.48516180324272,7.2818510246231645,0.0010872493107580655
394,26.432811608805633,7.274488545354078,0.0009794429489018385
395,26.37620753503182,7.266457838134932,0.0010600758657962027
396,26.318745488209288,7.258503310180588,0.00106658080698396
397,26.259145988971962,7.250765402268278,0.0011504627269270339
398,26.214747369994022,7.245263425533652,0.0008521429966084312
399,26.164632351875625,7.238695684121192,0.0009500915227771786
400,26.109685524391,7.231202545998304,0.001040726636943587
401,26.052965113311963,7.223084233225485,0.0010755016807163019
402,26.002065668209116,7.215982642155115,0.0009787871123991725
403,25.976674678355074,7.212046142663184,0.00048204124893469637
404,25.927714952043857,7.205308719964137,0.0009457008168144122
405,25.87230324958252,7.197872837732032,0.0010763944531437166
406,25.813487667968335,7.1900570454003265,0.0011608120945395684
407,25.758538099529158,7.183181536902255,0.0010884213081310517
408,25.70112020417723,7.175094343179569,0.0011177335218598503
409,25.645940780823985,7.166607465028222,0.0010648505290081064
410,25.602424853223315,7.16084050336182,0.0008388903462100465
411,25.551906186587072,7.154670494011735,0.0010036029948827276
412,25.496893463640102,7.147365458678362,0.001082754405196663
413,25.44884654376242,7.141357467397087,0.0009582675736432184
414,25.395482810708682,7.13262590578391,0.001032240097083229
415,25.345740330946832,7.125912478126655,0.0009729961535817853
416,25.2876884083641,7.117903323452473,0.0011533078286723889
417,25.237599820291912,7.110800151765477,0.0009844006276148011
418,25.193826306925907,7.104878262775185,0.0008748086757551623
419,25.140704786114725,7.097935952765735,0.0010731103931059197
420,25.091601396179666,7.092506733343325,0.0010048229833821275
421,25.041471301112413,7.085542970306837,0.0010169417033579911
422,24.98941056193847,7.077015602866016,0.0010308840977521596
423,24.938958298192397,7.070413227810091,0.0010052021882580526
424,24.881938632506188,7.062626695672098,0.0011621640049448432
425,24.840147452162668,7.054643159346743,0.0007892676381726189
426,24.783169633844974,7.046966625277685,0.0011483841417439802
427,24.724682453006835,7.038073501622418,0.0011780919952619141
428,24.67136212361308,7.029260606099748,0.001061980687318376
429,24.629639333060734,7.023759303698463,0.000840472182946955
430,24.575101810481687,7.016120358471012,0.001091897233571839
431,24.526472231565634,7.008288047132289,0.0009770473351748481
432,24.47483865494911,7.001261315420453,0.00104644311433972
433,24.41955239112492,6.993664965877205,0.001143040559653587
434,24.366919935631266,6.985966705047543,0.0010678090402469467
435,24.319303981319372,6.977728411027476,0.0009514623409184866
436,24.271385921669506,6.970115006312143,0.000971600134923632
437,24.223721408511622,6.962101009753968,0.0009570427437664796
438,24.166272052403396,6.953754217880486,0.0011819995546507266
439,24.11675721320816,6.946438950693492,0.0010296364742520632
440,24.07377314940279,6.93966761556115,0.0008688427503126639
441,24.02507737922547,6.9325979053049425,0.001004484631383135
442,23.973947354131543,6.924940008281278,0.0010627712052864284
443,23.948422646049877,6.921188076440776,0.0005276300236794654
444,23.89372102228416,6.913494446978742,0.0011564426960485748
445,23.840610042716932,6.906119234371137,0.0011284178066614903
446,23.795529160310508,6.898929262990939,0.000935097676640465
447,23.74185230450632,6.89167636504914,0.0011385823540648867
448,23.693107437344207,6.884462866445688,0.001004786111510819
449,23.648040024691475,6.8776174932937595,0.0009389106236910874
450,23.596213294426693,6.870116676135432,0.0011074213604076336
451,23.542161981543213,6.862162142781167,0.0011505981120976596
452,23.4974514027559,6.855456663355049,0.0009483584647697734
453,23.45363089176139,6.849278871163045,0.00094275412935427
454,23.403113884758387,6.842226275598282,0.0010739631664957588
455,23.350343036455083,6.834387296487073,0.0011233730402474744
456,23.29746177892256,6.826857338521187,0.0011346267494971116
457,23.24288252535572,6.818596400197501,0.0011654080969329631
458,23.193095552113146,6.811245687593709,0.0010659995700728181
459,23.13958419083421,6.803260809925943,0.0011584621486292821
460,23.089394979570528,6.7954029373488885,0.0010785744428133933
461,23.036264439578233,6.787694442213876,0.0011537415581479294
462,22.99075441482063,6.780917663418549,0.0009916085578253726
463,22.945433405300896,6.774425555714047,0.0009835908079227735
464,22.90372072944152,6.76853862117263,0.0009089145550022037
465,22.85050747740598,6.760728577166051,0.001162212768386316
466,22.806313671197312,6.754471247754775,0.0009811276785244324
467,22.75679577816744,6.746868077208817,0.0010697491949959882
468,22.71449451712024,6.740271855525262,0.0009379335067573913
469,22.666562131261415,6.733293764742003,0.0010573268239625437
470,22.61714632302204,6.725771921578088,0.0010755813894141651
471,22.56210670641347,6.717709618874793,0.0012073417282259854
472,22.514240016403562,6.710293939413503,0.0010488060930859183
473,22.469810795975313,6.704032820568954,0.0009983339674040712
474,22.421429343928928,6.69684551588805,0.0010743674457620992
475,22.377764107789467,6.6898060446414265,0.0009540801760568668
476,22.33025159783338,6.682554927312102,0.0010506720775562536
477,22.284833310205094,6.67602939944173,0.0010391937997886625
478,22.2360088946403,6.668811296268493,0.001111048178011599
479,22.18559858822755,6.661118781820622,0.0011307631776454887
480,22.143703647869188,6.654974504714082,0.0009406030258601905
481,22.101618843093313,6.648316791602991,0.000945089833814314
482,22.05150184067185,6.640841836991325,0.001146884223436487
483,22.007927766983233,6.6346568619373825,0.0009844156855798398
484,21.95419017373999,6.626242187072471,0.0012248341554134165
485,21.902656535854614,6.618341025111027,0.0011750449677783883
486,21.854537138828203,6.611028108618246,0.0010958232129976693
487,21.80389350549559,6.603688321156047,0.00117494379660987
488,21.755542962669285,6.596456753892129,0.0011197370901760203
489,21.70597286307802,6.5887099178257,0.0011425758839326246
490,21.671092783876826,6.583578054762101,0.0007990201581764257
491,21.624678279214475,6.576812812718903,0.0010790340391539216
492,21.57635387628254,6.569947451607636,0.001119994200579685
493,21.524480954652365,6.561800371457622,0.0011983548865989735
494,21.481539770449242,6.554771235450707,0.000977323662870004
495,21.43396954726971,6.547398605284529,0.0011138551943035409
496,21.38165801795026,6.539513686538397,0.0012346477807493516
497,21.330632120915656,6.5318267330126725,0.001193000679116751
498,21.282202329001425,6.524438565806594,0.0011346760060310524
499,21.235170718571794,6.517442975255245,0.0010971545769414468
500,21.191088205333916,6.510247845431133,0.0010342299448747709
501,21.142677973156562,6.502807204491273,0.001155381082991822
502,21.088404617316094,6.494644884916343,0.0012930486800765972
503,21.036933646330375,6.48649534516405,0.0012305835780481958
504,20.987653835392305,6.478771260143316,0.0011888531573234326
505,20.941299748565008,6.471447901887034,0.0011155430712929484
506,20.902117472327106,6.4658431211421075,0.0009383821351810237
507,20.853452909342348,6.457915518676529,0.0011423254666971347
508,20.811808591821368,6.450981365046588,0.0009699431206646533
509,20.76892068775659,6.444166455978977,0.0010312032265861434
510,20.72539183082785,6.4373191624727735,0.001050766774386556
511,20.679895992153586,6.430048737479294,0.001080551452686811
512,20.634273924642073,6.422972498816123,0.001112023871280626
513,20.593400700173518,6.416679974907928,0.0009763873789344828
514,20.549388742946828,6.409800761654056,0.001076000126526225
515,20.500614712799305,6.402370092323935,0.0012004484365766071
516,20.44881930339388,6.3941683245680885,0.0012671156556896604
517,20.405232495162004,6.387271649708429,0.0010589015923395898
518,20.355566026814607,6.379424667557283,0.001218972880544867
519,20.31072582512888,6.372411580914156,0.0011092250243431925
520,20.26816524165696,6.365744667942712,0.0010393608164778556
521,20.219763514053824,6.358181849112862,0.0011986093707829911
522,20.174981130736455,6.351234185450413,0.0011110984309059303
523,20.134729090896148,6.345187850834204,0.0010069995817803049
524,20.086604417505573,6.337928357924455,0.0012051963702132244
525,20.041358869267004,6.330458567212938,0.0011247939131191918
526,19.994689439282602,6.323092100141939,0.0011631762167310467
527,19.94586812541528,6.315177032581752,0.0012172776014535065
528,19.896770082098154,6.307326534097761,0.0012340557181337738
529,19.855408550274365,6.30144920383212,0.0010639246167079344
530,19.801449184225238,6.29275281051898,0.0013562940973989924
531,19.75476637696829,6.285719179789661,0.0012046927256782185
532,19.70667054663038,6.277700484631844,0.0012150801288807007
533,19.65854970976925,6.269934068044952,0.0012160295269575642
534,19.609621273306615,6.261713734985387,0.0012251505842919906
535,19.5697986321076,6.255311795863909,0.0010067452427961158
536,19.52198399967969,6.247664190659509,0.0012387456733099606
537,19.475759940730292,6.240599866554334,0.0011919089751148938
538,19.4327731462213,6.233470362883854,0.0010988070312460737
539,19.39443611693716,6.227554791605172,0.0010066199867288987
540,19.348552482676265,6.220297367646201,0.0012028924062100644
541,19.2968402218101,6.212120269507879,0.0013376125872482903
542,19.246923323161212,6.2037391478229535,0.001303955327366607
543,19.201474195521275,6.19619389263175,0.0011737396848748919
544,19.156364216887123,6.188951582081401,0.001181337063222782
545,19.11302751008113,6.182256152899146,0.001147939115861208
546,19.058191037085802,6.173383525448032,0.0014351567893165378
547,19.020544003262444,6.167498546417582,0.0009811320934989258
548,18.97374143781675,6.160411728139843,0.0012657759455173634
549,18.930475526409655,6.152995282126257,0.0011341486448753601
550,18.885602799751453,6.145346611109546,0.0011676061021196934
551,18.83910026026732,6.138402954938938,0.00125716553532782
552,18.799620072638103,6.132327216687932,0.0010595143817001532
553,18.75123049514224,6.124815715057648,0.0012950799902527784
554,18.71079874336446,6.118024045223288,0.0010803332462070412
555,18.661987043862986,6.110160487036406,0.001319339515934498
556,18.61491725299697,6.103079425727076,0.0012814644591952206
557,18.57211731582522,6.095457412471609,0.0011557390077982877
558,18.53512765751599,6.088754187758048,0.0009747318439682262
559,18.491439699326545,6.082077179764226,0.001183490054436156
560,18.447930976107624,6.07424068244889,0.0011710876570756599
561,18.39728825280467,6.065693747290931,0.0013672621083972802
562,18.37320611968734,6.061544245369239,0.0006432376279644617
563,18.331691025739516,6.054955131357196,0.0011173590927095096
564,18.291247315965943,6.048865785591571,0.0011138631204806876
565,18.249482657463428,6.041639731727125,0.0011028438180438244
566,18.204573206513828,6.035000737991254,0.0012792774866158165
567,18.16061879772527,6.0273416859319635,0.0011813700893159435
568,18.11631243360584,6.020368994490753,0.0012248928696996153
569,18.07258246756941,6.012779260826512,0.001213279876751808
570,18.028906625993358,6.005277687732295,0.0011865932019289695
571,17.98148670728834,5.997157515007456,0.0013100157198121134
572,17.929406910985353,5.988418146316576,0.0014506658535831743
573,17.88688820824237,5.982191481985743,0.0012223206571615314
574,17.84077873368625,5.974450679981892,0.0012871944053029023
575,17.794301079496943,5.966447506879629,0.0012981591286282507
576,17.754849157193547,5.960805203290426,0.001133027152091013
577,17.714056685142666,5.95328516948488,0.001116019788754815
578,17.674148080335776,5.945488102341518,0.0011050287774639893
579,17.634005031352228,5.939776952797531,0.0011748743312325742
580,17.587499806119055,5.932027399038827,0.001312499038082833
581,17.545652516705104,5.9250968240507875,0.0011966214871288632
582,17.507133839415683,5.919742846186801,0.0011412269742171884
583,17.465506809401045,5.912797489806714,0.0012003959417414575
584,17.415232432113875,5.903811852745063,0.0014291305929175283
585,17.370564264859745,5.895882615088143,0.0012662648526316257
586,17.325435964758267,5.888278747880361,0.0013025867248078436
587,17.28409958186358,5.881518257490465,0.0011876054125700337
588,17.247732854496853,5.8743038394247495,0.0010187634163254192
589,17.198926761475903,5.865732559694962,0.0014166953524455963
590,17.154621336006052,5.857787522358499,0.0012790839644193437
591,17.113327704254328,5.851003577976494,0.0012212800029725401
592,17.075573267611233,5.845624982512756,0.0011428994088521444
593,17.029767819354156,5.838864779479036,0.0013738084001371485
594,16.98808495608791,5.831931544372117,0.0012281203278741454
595,16.94381291827868,5.824973470422233,0.0013275137908241466
596,16.899968765817057,5.818080062082654,0.0013098637686239987
597,16.860662336697573,5.812837779673029,0.001202451225045614
598,16.815561378651214,5.804387484450286,0.0013153453327443261
599,16.77411163529898,5.7984970151998,0.0012665634077519612
600,16.7297175302451,5.789706885066263,0.0012873755231707872
601,16.684204697257545,5.782333388500765,0.001372468788385371
602,16.646885676315954,5.775552977534849,0.0011180467570248178
603,16.6037945436521,5.768150082824794,0.0012972275769929046
604,16.56264857482833,5.761807098396419,0.0012588700110218347
605,16.5228812915629,5.7548083409010955,0.0012010629964757397
606,16.47775615606162,5.745178641794966,0.0013278855043160306
607,16.43636224201438,5.738390530041689,0.0012695097064950173
608,16.397639105655497,5.73207968158219,0.0011920876674255535
609,16.354447508365315,5.724610297626787,0.0013133236815455222
610,16.317969012927446,5.7168265900222845,0.0010875345047091554
611,16.274007389149485,5.71062485792775,0.0013908964684787313
612,16.239718036635473,5.703264935698665,0.00100258747422708
613,16.203525591000588,5.696570914811955,0.0011215864212747986
614,16.16709499546616,5.690485319813884,0.001145824642187567
615,16.125630886855525,5.681341468094306,0.0012516397376910369
616,16.085979601395504,5.674891150933839,0.001221686949555517
617,16.046186870892942,5.6662613722528805,0.0012078427292559323
618,16.005291033962905,5.658330853807127,0.0012667214396631544
619,15.96076785969971,5.650820280978588,0.0013942054605829
620,15.918902897458825,5.64291496579395,0.0012963327909973254
621,15.884640077127875,5.635734706910275,0.0010420388571296814
622,15.848739541383344,5.629000614456906,0.0011353617352121946
623,15.813592751910132,5.622335214088841,0.0011129475604540779
624,15.77509346804497,5.615633060921389,0.001255594334996285
625,15.733011710497816,5.608158921123511,0.001331055483621164
626,15.69239166616349,5.600847678926888,0.0013043346034776052
627,15.652342438614927,5.593428887338496,0.0012842740213547038
628,15.60909936258683,5.58555647964443,0.0013841379871148717
629,15.569036033359628,5.578387651146389,0.001300884933783489
630,15.525012474930133,5.570734160741873,0.0014433611303021317
631,15.48502876953984,5.563487928168511,0.0012774757271854396
632,15.43906739446895,5.555344787190672,0.0014970230635952414
633,15.397026564081758,5.547822263925734,0.0013625531584072748
634,15.357125407951413,5.540619522764205,0.001303472391196383
635,15.316408064869767,5.533428946661224,0.0013212819999726723
636,15.27397685548499,5.525892608455384,0.0014078645133063002
637,15.230409755423215,5.517980303228069,0.0014303922955619182
638,15.18967945176011,5.510887100709669,0.0013360929544895999
639,15.153843903628086,5.503824513221034,0.0011779341392842938
640,15.11323136442446,5.49663560811514,0.0013690150728298326
641,15.07450502312723,5.489190851597031,0.0012511674821451817
642,15.031701021634946,5.481472176978797,0.0014312426017641007
643,14.989935717115875,5.473885989668655,0.0013834621117136954
644,14.948897418705805,5.4663429662040235,0.001366115757514756
645,14.907586914821309,5.458926818735527,0.0013894268140455868
646,14.872048326666228,5.452479456710247,0.0011754395759744646
647,14.830901320961171,5.4448879659418905,0.001398260172122076
648,14.792355883129774,5.437908941697023,0.001313541949282152
649,14.756073363371732,5.431285462286838,0.0012250129867990478
650,14.720504862680322,5.42482181216592,0.0011854977637986263
651,14.6816859152227,5.417766784917606,0.0013116774733045475
652,14.640414970515986,5.410249613264409,0.0014088381542251634
653,14.60171758729223,5.403317955852001,0.0013412314429729997
654,14.56064110839663,5.3958605370705435,0.0014323618847330696
655,14.51963263485806,5.388392767416911,0.0014150500599970522
656,14.480632701033896,5.381437040893671,0.0013695291588470475
657,14.443376913123993,5.374700841430718,0.001289321110402003
658,14.403699308328957,5.366811778909416,0.0013671134511714664
659,14.368063574231797,5.360500916639192,0.0012330304808573088
660,14.332768726483879,5.353882131367503,0.0012479703855810893
661,14.298307854435778,5.3475998705022585,0.0012006663725479105
662,14.262649167784605,5.340518741708865,0.0012336338580966916
663,14.219907919383461,5.332401954130428,0.0014968399338902035
664,14.185894632764992,5.326117855481882,0.0012146724334194496
665,14.145559109756377,5.318603712950227,0.0014225638534893065
666,14.102114087974227,5.310371374660718,0.001536348475520205
667,14.064667672819395,5.303064187618549,0.0013045299165743117
668,14.025059422137888,5.295467632282917,0.0013852774006509634
669,13.987742334789536,5.288440936297,0.001325316968148117
670,13.946732720384201,5.280672763317684,0.0014758949950261604
671,13.909306781971848,5.273252370843746,0.001326567291971297
672,13.874669594309465,5.267055129685419,0.0012695500066787651
673,13.834088650107207,5.259453181612727,0.0014651668442146326
674,13.796237369694117,5.252225204373123,0.001381070472736652
675,13.758553478666094,5.245076518763142,0.0013707711746421168
676,13.719284799061747,5.237436002784562,0.0014460222656013269
677,13.679136310350383,5.229621948295025,0.0014646791351753815
678,13.660755053668819,5.226037357127466,0.0006459404055553193
679,13.62439300746877,5.219111293644484,0.001337154880382973
680,13.582717840311425,5.210921058736903,0.0015188348886491815
681,13.542009498551003,5.203086586266801,0.0014964493520888567
682,13.504193019269616,5.195973097323815,0.001417038219141082
683,13.461005635227103,5.187744606895568,0.0016051017617772804
684,13.420314908637023,5.180115362534635,0.0015274539966519118
685,13.384505353177975,5.1737915645086705,0.0013681382153722446
686,13.351826193906472,5.1681145928177425,0.0012166786450109048
687,13.313509206298201,5.160884565983344,0.0014471139200933605
688,13.275424417744693,5.152984139050734,0.0014080234153715716
689,13.235698760328644,5.145061303319301,0.0014967658637295368
690,13.198508436960932,5.137650780887647,0.0014004918925973051
691,13.160680488656613,5.130943509054384,0.001467775239248215
692,13.12702301743023,5.124022872271893,0.001269110180604384
693,13.089579742560732,5.116279253058006,0.0014236271670126405
694,13.05340813299204,5.108760279805633,0.0013514006174407435
695,13.021629662236494,5.103117960651455,0.001219534201736876
696,12.980722430733957,5.095458045529305,0.0015975493914150729
697,12.94418160570784,5.087882710717232,0.0013922448129728689
698,12.907161834293152,5.080971300123495,0.0014337314881677943
699,12.871116270069482,5.074092318953015,0.0014189184801483199
700,12.839395366084544,5.06961792799662,0.0012754159826017881
701,12.805340877233393,5.062893868859966,0.0013334438840964034
702,12.765111069589844,5.0547717410472774,0.001576259446489539
703,12.73207017401759,5.050143979861797,0.0013675151117648761
704,12.697565731715423,5.043046439061388,0.0013428810974314565
705,12.658739762959895,5.0342360817344165,0.001537200257319883
706,12.62068992424496,5.026715093529655,0.00153008766269456
707,12.584337852595342,5.018356565297081,0.0014052093459028542
708,12.54540488642539,5.009471842629706,0.001540932370905055
709,12.512391618513885,5.002744224402617,0.0013088230750315497
710,12.475501263659405,4.996060908497606,0.0015058516239523233
711,12.438337339858359,4.988898054174821,0.0014946721749121527
712,12.403527548480183,4.983642873259345,0.001471623488690959
713,12.369180939585581,4.975596835963575,0.00137061143582281
714,12.335284390978035,4.967524805848432,0.0013439841208266392
715,12.300145764823952,4.959611829954468,0.0014429380660930839
716,12.263084007442727,4.95186743831602,0.0015143527103223175
717,12.222217182981847,4.943708911910284,0.001676260135800273
718,12.194747011216306,4.938335324785721,0.0011346862666545196
719,12.159055501938369,4.930247565404123,0.0014388542028574752
720,12.123099846465076,4.9229198312234566,0.0014846290138694472
721,12.089894135689999,4.915899900618795,0.0013606030447828764
722,12.054624327602392,4.908194478643247,0.001440037678065268
723,12.020941352251535,4.9016678259101525,0.0013805947944998812
724,11.985503710356692,4.8943947830942465,0.0014766204238679667
725,11.946537721031813,4.886807343428007,0.0016388450281808124
726,11.912951716387568,4.880431554869584,0.001432468043689265
727,11.876821072859478,4.873005523824331,0.0015279918822935596
728,11.837527753704931,4.864849340963065,0.001677089338225892
729,11.7967651856522,4.856818909322119,0.0017721742326414689
730,11.76553874415989,4.849990383969069,0.0013021961751200509
731,11.73180229297363,4.842285701690013,0.0013960694899904987
732,11.701865024954913,4.835534993538864,0.00126895917953515
733,11.668586235838529,4.828950863345597,0.0014647127729795852
734,11.632330206125182,4.822137751192637,0.0015616136730511733
735,11.598639008284122,4.81562977664515,0.0014648830172428425
736,11.56464863939662,4.8073144308356675,0.0014341312517944403
737,11.528158048878066,4.799761457603236,0.0016080618312517535
738,11.486767014913486,4.7910637821052635,0.001794010626712598
739,11.451419823157746,4.783572205449339,0.0015481142086287722
740,11.41683838059438,4.776167586956164,0.00150182672345748
741,11.379837892289741,4.768357948675069,0.0016233785917444989
742,11.34235048404427,4.760225343137339,0.0016383500838806101
743,11.308587171912892,4.753346460145618,0.0014947377724919978
744,11.271702693457685,4.745896670162339,0.0016505007469912278
745,11.233984511959017,4.738031828104371,0.0016744778076813373
746,11.197133411479353,4.730708577232098,0.0016770032416235376
747,11.164487025431525,4.724042075756398,0.0014925726421272884
748,11.132227226561916,4.717079735662724,0.0014401533425595085
749,11.095643544096257,4.709668828178859,0.001662623286711443
750,11.05984194612465,4.7023464648738855,0.0016205464258099323
751,11.030129979882219,4.696969761373811,0.0013987387920775807
752,10.99515260578526,4.689903105302001,0.0016071162303256798
753,10.970262223517766,4.685910575104187,0.0011814709430777574
754,10.93386530012053,4.677639726550187,0.00163734890571591
755,10.900956937083325,4.670324233236255,0.0014768026596798573
756,10.866612985511816,4.662744634466526,0.0015601262814667828
757,10.83312172816671,4.655516704782094,0.001531209533876807
758,10.795346271066048,4.647762609602381,0.001762842721662566
759,10.765929618311848,4.640812030675907,0.0013372222049200717
760,10.73059293638797,4.633660867083407,0.0016657997842829417
761,10.69570593966006,4.626793747581681,0.0016555430530938928
762,10.667278669203101,4.621096114080662,0.0013416261698762594
763,10.632688701098818,4.612366669985747,0.0015812903411460714
764,10.598526640497928,4.604904987303396,0.001602676881375153
765,10.566423846448215,4.598617967464984,0.001530456533680599
766,10.531591650827648,4.590871708159959,0.001662071344077987
767,10.497193400880265,4.582861956576402,0.0016343976819275018
768,10.464917059210707,4.576706441786085,0.0015910983600769053
769,10.430325082415353,4.569117577571026,0.001672038866503766
770,10.392349467532608,4.560928722314953,0.0018261560293978082
771,10.358219875315788,4.553057244703659,0.0016457782437526798
772,10.322935662412172,4.546208312994536,0.0017662003237988077
773,10.293490407318814,4.538390723777617,0.0014153403401608333
774,10.267274487122624,4.531070692124359,0.001211187456384565
775,10.232676376291817,4.522696455435019,0.0016713232705575216
776,10.204480049132737,4.515086571658512,0.0013353890313782663
777,10.177127089501361,4.510064689653835,0.0013584226663450579
778,10.146427286714118,4.504164082656421,0.001552730174047589
779,10.110949827754908,4.496809644905625,0.0017666896596311278
780,10.080324163783548,4.490061189832069,0.0015210143645486213
781,10.04393197558318,4.482074679369463,0.0018356357957229133
782,10.013870416904302,4.476147758850779,0.0015301147909732192
783,9.989400766942213,4.471840729645865,0.0012176739460778468
784,9.963140738088104,4.466249332753787,0.0012940166635617258
785,9.929585811968511,4.458528148821691,0.001693600040418212
786,9.902869057025336,4.454568570186983,0.0014109823371296327
787,9.866714315766556,4.445947909354061,0.0018460071917922169
788,9.833748235327251,4.439243291426405,0.0016673709454290149
789,9.802615691003673,4.429804003375576,0.0015222568341883998
790,9.772174378954022,4.425083895741379,0.0016469376091801577
791,9.736394614991033,4.4159202910858175,0.0018080902430364953
792,9.703477420021457,4.409934408809457,0.001772658843444284
793,9.67108072319864,4.403309736462429,0.0016910266346738861
794,9.637512006914722,4.395153209419123,0.001718944485590233
795,9.606709699699378,4.386677000816302,0.0015598162495508955
796,9.571660609573263,4.378441370411101,0.0018296692280177225
797,9.538880610640133,4.370422194595616,0.001719108190853969
798,9.507388527572795,4.36246172361199,0.0016486162178563407
799,9.475159890671831,4.355054165006972,0.0017051453272487421
800,9.44495824369397,4.348743666296545,0.0016390557370167896
801,9.414473929702412,4.340773915521016,0.001598968505169782
802,9.386319547543483,4.334777721216078,0.0015627426254915522
803,9.361489540030652,4.329914746939641,0.0013070079311281574
804,9.329110512169963,4.321336470071297,0.0016606267137335153
805,9.2986377749721,4.313019499090301,0.0015937500311930762
806,9.266506791440658,4.305369164898149,0.0017591593665612461
807,9.23810222546736,4.299984990922115,0.0015741590067372714
808,9.209152317265657,4.293868290510413,0.0016261266817249754
809,9.173628342290744,4.28538680833865,0.0019342753672844256
810,9.14491064482723,4.279002724840662,0.0015925174658937035
811,9.1248873835386,4.272136363735868,0.0009843259525599867
812,9.09506036942636,4.2661090600955385,0.0016631898380831938
813,9.063267865760675,4.259105901446754,0.0017657964270861347
814,9.030149595985266,4.2501837517481444,0.0017911003306794932
815,8.997699192848543,4.242330521215689,0.0017996994989698998
816,8.964825678220327,4.234836236594794,0.0018268293637759402
817,8.931963432313111,4.227133438383654,0.0018328215757237888
818,8.898387592446918,4.219021358161369,0.0018539730581270087
819,8.868825543708473,4.212078489719684,0.001640620100573286
820,8.838361370671104,4.204590206022495,0.001709070320889592
821,8.81130223180461,4.197818418669543,0.001487321384401606
822,8.781095413386817,4.190027000334439,0.0016771281271494333
823,8.753936302414715,4.183107015320485,0.0014874483394587917
824,8.72095913421741,4.174915944339289,0.001901858384237757
825,8.694568881558675,4.169526820595423,0.001541712402528375
826,8.66375372754407,4.161942258815873,0.0018036275876983144
827,8.6339628059542,4.155265550732501,0.0017232409240580157
828,8.602938202607803,4.149081972502632,0.00183293926113897
829,8.57292521357982,4.141934912054032,0.0017460376856188653
830,8.543665878858594,4.133701866951123,0.0016961236953630123
831,8.510660416274119,4.125834916138958,0.0019544478557920785
832,8.480504856247821,4.11930995413579,0.0018288531668826727
833,8.44820898476892,4.110768543967505,0.001893000247965447
834,8.415298870547815,4.102786935072576,0.001948957244941824
835,8.385917593868996,4.095608650544588,0.0017472248314833773
836,8.359141987502055,4.090353037869867,0.0016727032440077788
837,8.32761637317994,4.083270237932054,0.0019274460052042183
838,8.29766046387097,4.074526535827253,0.0017868592033170659
839,8.268836028395867,4.067516045650311,0.0017141121475080302
840,8.241173501107943,4.062269404772319,0.0017251027558939963
841,8.211079633171291,4.055185443661893,0.001842889914632088
842,8.177292108472518,4.0477827806533915,0.0020901522236830916
843,8.147222838414734,4.040862077291722,0.0018823684939351306
844,8.115425623055096,4.031172759865471,0.0018876373388527963
845,8.091134636906453,4.023646369055208,0.0014321216448980993
846,8.063603466604132,4.015962300923533,0.0016654596176974977
847,8.036629088242794,4.007991959038505,0.0016058912713659051
848,8.009801238471702,4.000887315670785,0.0016684509682614813
849,7.978727233582815,3.992973684647891,0.0019334350477361506
850,7.946577980372548,3.984994361918674,0.0020172687648695236
851,7.91785334186563,3.977618967305973,0.0018085381461746687
852,7.889403714714013,3.97021311211403,0.0017880882578242972
853,7.862067332417763,3.9627472047502277,0.0017119769140504554
854,7.829810406669286,3.9545757252373943,0.00204847125813854
855,7.800306770111491,3.946981459914453,0.001904095635529259
856,7.772133848259147,3.939921774342287,0.0018181713592009018
857,7.743785656052087,3.9327057371545187,0.001830163043791395
858,7.71412354510657,3.9245120487655334,0.0019259233689750388
859,7.687443065112409,3.918384762347403,0.0017671404322442059
860,7.662441736807822,3.9126912833880167,0.001653207049223347
861,7.634521012674193,3.9053375766265517,0.0018030939605666178
862,7.608475369712624,3.897974073455907,0.00169642582924406
863,7.579158471192918,3.8907930100727426,0.0019276918697109695
864,7.5555084933433845,3.884190608333822,0.001549233897697076
865,7.529798320994175,3.8779541206063635,0.0017142241203476796
866,7.507434025554099,3.872901440853797,0.001523733586744838
867,7.483085662894086,3.866417761877883,0.001581003100451889
868,7.452688705141042,3.859052657900804,0.0020813523357778307
869,7.425244264238696,3.851781987145078,0.00184668939975811
870,7.397142548136874,3.844647337466424,0.0019352791837555568
871,7.3711805736467095,3.8371318317726706,0.0017242798959075506
872,7.350676725357219,3.831641942326242,0.0013660109512978699
873,7.323058270499595,3.824012469975361,0.0018872651706732324
874,7.293960388727504,3.8164700493391734,0.0020348388646295773
875,7.270791385357245,3.810178336177094,0.0015791495416348565
876,7.2443214225806285,3.803352896727811,0.001819997314025997
877,7.219736162707241,3.797048194789425,0.0016902319570485636
878,7.189982411776045,3.789335086766589,0.0021057122296063335
879,7.163526010755166,3.782049335913983,0.0018270732416594212
880,7.137590366992713,3.7748078603804642,0.0017997796725330501
881,7.1110328287315205,3.767566951524727,0.0018646012611776286
882,7.088814394036554,3.7615376929497986,0.001543193212622734
883,7.058549429715459,3.7534906737298046,0.002147312485890747
884,7.03351393471459,3.7468488357751837,0.0017767382912714557
885,7.006229148286654,3.7393921816242393,0.0019416529610365068
886,6.98046881124998,3.7328504301022343,0.0018761518435262247
887,6.954476345768663,3.7262691696789085,0.0018689744012320804
888,6.925324190186996,3.718826168358834,0.002133784450016146
889,6.89991559349821,3.7128630485237597,0.001902337741695379
890,6.875127713458956,3.7060902622811396,0.0018278429965415401
891,6.8483271397554395,3.6988544938876666,0.001929374049142546
892,6.822400626555021,3.690773206044308,0.0018254892019928292
893,6.802018334146481,3.6856103774439792,0.001438881587235222
894,6.778710153915655,3.6793343397616383,0.00171333749866815
895,6.755623897506163,3.672408023969385,0.0016296406390683275
896,6.734927781135339,3.66694619755976,0.0015277874207618974
897,6.707265507669549,3.6588990541202353,0.0020333547115280177
898,6.682277813483766,3.65306846253376,0.0018982063943087755
899,6.657499556672664,3.6469095712539303,0.0018668734740066638
900,6.630779953993921,3.639772285802652,0.0019897350127723403
901,6.601977557984576,3.630930051116124,0.002152336223020374
902,6.575056890661698,3.6231970111036618,0.002042879422356774
903,6.548391217842068,3.6159289794464757,0.0020385770617838378
904,6.51935618777697,3.6081573011812496,0.0022468458410476837
905,6.495923651008611,3.600906586312575,0.0017758592411991753
906,6.474317492990116,3.5957409822732873,0.0016720096219398502
907,6.446941376082049,3.5885912421670145,0.0021508216844339846
908,6.421199284622253,3.5819467188818233,0.002021026076885598
909,6.396442806970496,3.575844272856443,0.0019844449037670496
910,6.3714453359188,3.5707005847213913,0.002026280299205473
911,6.347865621442795,3.5634912146778395,0.0018295351239965888
912,6.322000321694838,3.556528608676344,0.0020877775386118945
913,6.296315903384452,3.5489116098070643,0.002011020681647409
914,6.266554456266705,3.540600075015398,0.002379191158631944
915,6.241897289013908,3.5320251093473995,0.0019032503616390887
916,6.219931714629952,3.5276172271598125,0.0018002593017131057
917,6.193500887181333,3.5199058217686128,0.0021378317668361855
918,6.167933844920787,3.512006707874927,0.002068753095929757
919,6.14620594774334,3.5078783085202354,0.0018382780171385818
920,6.118155013643153,3.49984882950293,0.0022793427609477824
921,6.094154038000148,3.493893206770321,0.0020347874700452975
922,6.0677973210041865,3.4858858646587203,0.0021484296747597653
923,6.040959631058339,3.4768997261803505,0.0022015881511666317
924,6.0153697686765435,3.471562300771717,0.0022284462614464754
925,5.989301387982513,3.4617816892164814,0.0021050316763397744
926,5.962958401194686,3.4553587592884054,0.0022775418532515797
927,5.937150754881984,3.449671880668983,0.0022850864073008133
928,5.912280485514829,3.440201141601107,0.002022178977595346
929,5.88553083938876,3.4315440289834727,0.002276851456193452
930,5.861890299229706,3.4249368641449207,0.002076939768489233
931,5.8383550180762125,3.4168571662462925,0.0019469231305999555
932,5.813511917869028,3.4089010901933765,0.0020801634262668767
933,5.789052941416994,3.4014492539280674,0.0021321922113731145
934,5.769001734466324,3.3963689864447253,0.0017503596811404229
935,5.747572801573939,3.388272453688818,0.00179742767370643
936,5.724941387130612,3.3819467702300083,0.0019943140627085667
937,5.7001739527163116,3.373784240576413,0.0021062618320568296
938,5.674741159963012,3.366534871062767,0.002217349817665233
939,5.6497209810696996,3.360050921516871,0.0022435771825711362
940,5.62383137255413,3.352335569846502,0.0022820166929018713
941,5.6020033471392106,3.3478045408512447,0.002034497318800185
942,5.578373585117766,3.341002046742302,0.0021431808493102755
943,5.554133629632126,3.332299920485642,0.0021182533732301634
944,5.530685104481999,3.3243761728125634,0.002077711562004557
945,5.501316303086873,3.3151694909877665,0.0026518519035467797
946,5.477378798814826,3.3087050615022715,0.0022298942111023423
947,5.4536859398441,3.3010142013276917,0.0022131639088952813
948,5.431207146922733,3.2936294784983198,0.0019765144413722642
949,5.4065431031475395,3.2858204743220556,0.002283527322575693
950,5.380464268516739,3.277716739151273,0.0024055524556812155
951,5.355651266994356,3.2706538983980193,0.0023299654388996617
952,5.333887981363089,3.2653789585417434,0.0020845340982330145
953,5.3108221890770295,3.25836733788225,0.0021271024790867495
954,5.292775131187125,3.255053778922681,0.001790207035685328
955,5.268606632123229,3.245625296692783,0.00221349781441092
956,5.245764421522466,3.240425540133037,0.0022502514757098894
957,5.222558679944941,3.2345889714988063,0.002320911648863198
958,5.204472646859152,3.231205932394121,0.0017889525593701519
959,5.183019751795883,3.224678587238176,0.002041310846375688
960,5.158555892354498,3.2180703428689355,0.002439327806447222
961,5.136734845516666,3.21362272410692,0.0022081298654552943
962,5.115462069044245,3.207525379164606,0.0020843332224585415
963,5.095872364718629,3.20665889682686,0.002164796710010507
964,5.069411687498697,3.1960213742472536,0.0025159537802122867
965,5.0476032550443195,3.191446541373533,0.0022355307794976608
966,5.0261210616511045,3.1832587088224837,0.0021227435972443953
967,5.001604594272449,3.175857880726836,0.002485460461591323
968,4.977686417100171,3.1687821326279746,0.0024438145702582012
969,4.952235388422921,3.1590440294509974,0.0024714828690264906
970,4.930501354545366,3.153389648212996,0.002312510196030337
971,4.908904329339792,3.148298055942983,0.0023436676087346536
972,4.887935672835695,3.143100062036599,0.002200938449338076
973,4.862645067503156,3.1320138655187617,0.002494376907221981
974,4.838387929358726,3.120546244822581,0.0023645389387724207
975,4.814506474463574,3.1110926451245633,0.0024002492353118977
976,4.789602094030669,3.1011348112872996,0.0025094043531659936
977,4.764604362846485,3.09166115811401,0.0025416193368858844
978,4.741476330851569,3.083357103220425,0.0022978049397772036
979,4.718487779269323,3.074520791895447,0.0024153244837236626
980,4.6938671140584445,3.0653114024235673,0.0025703002433848316
981,4.671884118399439,3.057652826110878,0.002297750518335767
982,4.6476035266591245,3.0493610034528524,0.0026063181171497476
983,4.627008651139201,3.041307645104111,0.00220936684101387
984,4.606044522675773,3.0343374030273402,0.0023396691898116082
985,4.586227028128769,3.0270366028661972,0.0021156402542240695
986,4.566973553243193,3.018973186952278,0.002070264189241967
987,4.543472921820048,3.0108387355782726,0.0025293187577681716
988,4.522619116950311,3.004395302886737,0.0023125287756687505
989,4.5009079429134395,2.997310172824332,0.00238439254018894
990,4.478858765518859,2.9895302963314245,0.002439322447297676
991,4.457987386287762,2.982687779732249,0.002305135803714258
992,4.434961464357158,2.974496255754266,0.002531138123387618
993,4.41236276066747,2.967380941602979,0.002592521686020635
994,4.392321456687986,2.9599047254156683,0.0022804819964660134
995,4.370852567800702,2.952559996232636,0.0024882309865565983
996,4.347371629534882,2.9448764477191927,0.002762149780293804
997,4.328109812615008,2.9381024241221945,0.0022125877932774214
998,4.311460970291511,2.9324535879030416,0.0018562747865276418
999,4.290814472855608,2.9255329510672707,0.0024973928455259775
1000,4.267710837798759,2.917495166323922,0.0026636223816905048
1001,4.248922314122863,2.9115971919292423,0.0022618143615270522
1002,4.2327694831996165,2.905894718612066,0.0018599413302446434
1003,4.212389404082367,2.89845886635567,0.0024005674593313374
1004,4.192370094111281,2.892226563263815,0.0024680741317374784
1005,4.171097810150954,2.885429540503487,0.002630733503595414
1006,4.153447312825116,2.88037811044801,0.002141740785648577
1007,4.1327295632744,2.8733446767242348,0.0025387844376012184
1008,4.114252420105711,2.865779762737791,0.0021452929374365538
1009,4.0976314927526225,2.859420362809394,0.0019864142607433867
1010,4.077967813770089,2.8518280629177357,0.00232412732494202
1011,4.05705234324289,2.844880924877935,0.0026055630832754356
1012,4.0418197977596035,2.8396304262616705,0.0018327047315574328
1013,4.022520095684775,2.832824924012564,0.0023554684865459696
1014,4.003694264279848,2.8260485776367315,0.002325285417574786
1015,3.985804279288301,2.8209124375083667,0.0023182140965435933
1016,3.9653116223436538,2.814682971735763,0.002605754895302981
1017,3.945019630727515,2.807739035638927,0.0025729414121525972
1018,3.9251702681624967,2.8025290317626017,0.0026458678377619936
1019,3.902615391256057,2.793942587324054,0.002924342142775311
1020,3.8839440016948594,2.786045091505098,0.0023382480313926942
1021,3.8634563424282433,2.7784412659437017,0.00272775875745677
1022,3.8425444978928844,2.771054993035211,0.0027196914266015212
1023,3.8241624421042304,2.7649073512130196,0.0023446816884928998
1024,3.8079199350112316,2.7619206403184124,0.0023227065649692223
1025,3.78989949687724,2.756157306118668,0.0023863987589994996
1026,3.7738152918807133,2.752384390122779,0.002236108485096572
1027,3.753433370009634,2.7462688927929753,0.002782426917159656
1028,3.7335143415346255,2.739473979318298,0.0026697821150208256
1029,3.711849550058209,2.7290992350759335,0.002792766500382614
1030,3.697768509049707,2.7251432516935497,0.0019509172572891374
1031,3.678062487566008,2.7169871964269534,0.002698561655526509
1032,3.6575129725778743,2.7109257632608044,0.0028918224369378714
1033,3.6377391599835787,2.7007112567114584,0.0025405277555096747
1034,3.618440706221724,2.695281444426177,0.0027986485852741455
1035,3.599998216416117,2.685160792790961,0.002407486869500367
1036,3.5825764034603313,2.6762430036492133,0.0023103938870151605
1037,3.563965863434681,2.6696288547318643,0.0026217210705169434
1038,3.5438711520777972,2.6629625807329087,0.0029404853477944196
1039,3.523880035658513,2.656839859252705,0.002911359782233249
1040,3.503636756401242,2.6483351444975463,0.002882051304717073
1041,3.4846187027715083,2.638872717372374,0.0026426754392592008
1042,3.4652131474954713,2.629866156783767,0.002755828094096379
1043,3.4458895942877854,2.6237200207030584,0.002824214353307321
1044,3.428081599685606,2.617627211556959,0.0026095186768106664
1045,3.4078617545430356,2.60920131130895,0.00289915329075401
1046,3.386909469862572,2.6009740995821913,0.0030686283615188503
1047,3.3687988724945166,2.593972770902752,0.002699586942334478
1048,3.3476590688706964,2.584851989681945,0.0031151210104557996
1049,3.3337657804555185,2.5786372653839833,0.002003246633578163
1050,3.3162228488359937,2.570662856952534,0.002518535110512735
1051,3.2977150733071383,2.5642992833441975,0.0028814004900247405
1052,3.2820827290500887,2.557700532747893,0.002283772673269819
1053,3.2628325861438308,2.550094671787397,0.0028757236208147735
1054,3.2474277663817523,2.544360775296224,0.002397205253627669
1055,3.22826463601853,2.53702169283999,0.0029677760486694587
1056,3.2085836430661536,2.528922756182939,0.0030511581261335515
1057,3.1899331100977935,2.522293651143378,0.0029600025375195417
1058,3.172825746814488,2.516187267471588,0.0027668220239434314
1059,3.1563830960969086,2.5090899178795456,0.002623630206232338
1060,3.138228422423572,2.5035866337182267,0.003025289790647297
1061,3.1199532409929156,2.4970656433725265,0.0029640718612009087
1062,3.103082018978137,2.4920803047642903,0.00286461979169467
1063,3.0853305600353575,2.485329041761868,0.002868493676589089
1064,3.065045174747967,2.475612508724237,0.0032045391646276632
1065,3.047157099996135,2.470823826943506,0.0030368465520886133
1066,3.0284011634236747,2.4617829800302964,0.0029867864116720245
1067,3.01075963743182,2.45407130649169,0.0029708413374698087
1068,2.9921376454179924,2.4448805008014265,0.0030288884281753983
1069,2.9729536811512114,2.436925784365231,0.003232784131717129
1070,2.953819819160694,2.4300783279067253,0.0033225258863721213
1071,2.9384072962631715,2.424076567053863,0.002721018881043355
1072,2.9224599726846225,2.4172664640658144,0.002655274544719162
1073,2.9049000495072406,2.410955193350709,0.0031420238475460775
1074,2.8856540049957147,2.4015874548420366,0.0032147339040201213
1075,2.8709852812125574,2.3946362009344044,0.0024294317526991657
1076,2.854356637728033,2.3877212632470717,0.0028504499625503694
1077,2.8367397311195295,2.38004067459018,0.0030582060896755217
1078,2.822510806940609,2.372084621729043,0.002332302372704462
1079,2.804032150503669,2.363149432201982,0.0032689230593388723
1080,2.7855098058890984,2.355694577935623,0.0033652908900816333
1081,2.7718021568849287,2.3512945191252785,0.0025265280162849097
1082,2.7529980277494377,2.3424787387829866,0.003356438003868068
1083,2.7370004496146034,2.335717173009172,0.0029568978906579706
1084,2.7199519080184893,2.329007018496397,0.003142021942445605
1085,2.7147230413823995,2.326782892052356,0.0009373318715259112
1086,2.6965903107911737,2.3188068199292635,0.003389783819859353
1087,2.678113623777912,2.3115201250824655,0.0035106105898319436
1088,2.663245501648364,2.3061521511963052,0.0028763495879662168
1089,2.646234548921115,2.298885673199175,0.003262191979714941
1090,2.629578231597775,2.291580183036756,0.003104024395401251
1091,2.613254974601084,2.284105596856097,0.0030728630171346113
1092,2.5957201048257046,2.275230181998045,0.003293686772193792
1093,2.578871854484655,2.267134689551337,0.0032881067994231165
1094,2.562025105790255,2.2602809117747613,0.0033593938017796184
1095,2.5466739353902748,2.25400936681699,0.003114229554882905
1096,2.531665717431783,2.2483777726656924,0.0031043817297813727
1097,2.514571942097483,2.2392429950422517,0.003233404925303251
1098,2.4969712378141,2.2309004327307607,0.0035363386152325958
1099,2.482923448854511,2.2248877349608067,0.002928662237212324
1100,2.4647984896297346,2.216789973430353,0.003723869740236462
1101,2.4489805128585034,2.209574555545862,0.0032001552199580263
1102,2.434702540260629,2.2028184901092445,0.0029912034375165885
1103,2.4191459857909843,2.197212634988963,0.0033702939117577573
1104,2.4012933420250775,2.1887673696433714,0.0037341557968403045
1105,2.3895077488149625,2.1819608680868807,0.002211966755152111
1106,2.372458780596681,2.1745155672811824,0.00366963044329268
1107,2.358322359074968,2.1678076222092058,0.0029371437590553426
1108,2.3419350289646492,2.1615373952580783,0.003622486807251861
1109,2.3278253632480363,2.1571919327056968,0.0032056228536771927
1110,2.3121527310651797,2.1490935314029307,0.003275710340347777
1111,2.2988179321564206,2.1412325573155475,0.0027334670064218945
1112,2.284238121544308,2.1338133502363985,0.0031171540235712275
1113,2.269216241250886,2.126211087246001,0.0033801134646387573
1114,2.2555267775659806,2.1209324982406943,0.0031061764261091506
1115,2.2410224713230544,2.1130161803071195,0.003191786413042372
1116,2.2273469097306866,2.1059203718501083,0.003032986522047455
1117,2.2118325313141027,2.099533756981647,0.0036870987905700246
1118,2.1964228419540897,2.0926109430116515,0.0035719161309541022
1119,2.1807971282004064,2.0850451620911707,0.0036016488147380464
1120,2.166115688074696,2.077952686552041,0.0033590465666518713
1121,2.149659739994702,2.069252006595166,0.0038609712591124203
1122,2.1370112935716206,2.0661027380585533,0.0031217512534958015
1123,2.122377858126139,2.0582692277803645,0.00345633005081072
1124,2.109623537017322,2.050765280968373,0.0030284983064338186
1125,2.0960617019311236,2.0436252053729764,0.0032136807843033506
1126,2.0809900684085196,2.035746858740166,0.0035795017262492085
1127,2.066279177705971,2.0273621925398353,0.0035438817342889725
1128,2.0516804273685247,2.0196026362390844,0.00358993194374245
1129,2.0374614572377605,2.0122625163201278,0.003487757569024713
1130,2.0232710492408423,2.0054883380111055,0.0034983170577436917
1131,2.011100525939627,1.9988403186437131,0.0028238005541793695
1132,1.995412129814846,1.9910967599329052,0.003967350991986339
1133,1.9824965349662054,1.9853087351813092,0.0032942479163410444
1134,1.9673938009014282,1.9774073528332115,0.003715456898042956
1135,1.9555832110100955,1.9729867140987785,0.0030628303984443737
1136,1.9435709108316368,1.9673395984258712,0.0031162019230158884
1137,1.9326711131686298,1.962559148718817,0.0027434146346277505
1138,1.9207135456045892,1.9590042647880948,0.003226857446139386
1139,1.9082741681308368,1.9499902526221844,0.003110013413750886
1140,1.893961554066698,1.9426684300381118,0.0037479727943263205
1141,1.8819860901233627,1.9379231833325503,0.003353892944805841
1142,1.8695291877034474,1.9329486889026655,0.0035340186388503046
1143,1.8547258212384317,1.9259343131299846,0.004100970337634785
1144,1.841223063160186,1.9188180288541115,0.003667427549994975
1145,1.82759163593348,1.9092560929951534,0.003573195256732329
1146,1.814301623104508,1.9004650304216213,0.0035981111211538046
1147,1.799504065946827,1.8913296250256202,0.004015726889195355
1148,1.784211122039545,1.8834308522051224,0.004274194280912249
1149,1.7712120433074603,1.8765787801466622,0.00370923422985512
1150,1.7586615376984718,1.869102183977261,0.0035178516063299045
1151,1.7447543557968022,1.8610975442034339,0.003983781473616725
1152,1.7308119601941319,1.8547477260927185,0.004090229608442346
1153,1.7165748888218784,1.8470925067547264,0.004175729832290087
1154,1.7038897837182463,1.8393200096610876,0.003731523304496292
1155,1.6895610742642881,1.8310442561871563,0.0042544691302824015
1156,1.6758806456778914,1.8232137129005472,0.004025144393548697
1157,1.6620949996674186,1.8160979370933927,0.004232719256024258
1158,1.6496803969984435,1.808917417018548,0.0037825210397524453
1159,1.6364423889886417,1.8027347580046822,0.0041751367322943765
1160,1.6235027642545523,1.7953429890635455,0.003983734761181991
1161,1.6091129438370937,1.7865336617226502,0.004462173247334632
1162,1.597129729031235,1.7792745491480983,0.003702366643672545
1163,1.5859187707243279,1.7729207530292825,0.003529316599886332
1164,1.571891039799413,1.7650468066257226,0.004493636385732829
1165,1.5583518580507925,1.7574988833935041,0.004401987155896459
1166,1.5445484742039277,1.7494617696842703,0.004490561145338644
1167,1.5321885659805565,1.7424227284553462,0.004006585370808142
1168,1.518412425772227,1.7343887515531813,0.004508367392901758
1169,1.5056025802532287,1.727173455960912,0.0042492000702710215
1170,1.494355998668998,1.7206451378616927,0.003711957095102003
1171,1.4829351336776486,1.7137722660650534,0.0039417378980921595
1172,1.4694718048715285,1.706225133526943,0.0045388014456131335
1173,1.4579350957096944,1.6992542016911545,0.004156461234419188
1174,1.4453538056683033,1.6920874059174087,0.0045366245089662255
1175,1.4323451616115472,1.6845232487546258,0.0045356090264259295
1176,1.4193763874084733,1.6772821513852403,0.004682768952228963
1177,1.4055225232025435,1.6687657727385892,0.005048071299436746
1178,1.3933054849298103,1.661662935275762,0.004303182145250202
1179,1.3815964110709147,1.65533405348429,0.004355636906296254
1180,1.3696218143363672,1.6475166825964966,0.004288132889542973
1181,1.3564231520867585,1.6397841097949264,0.004913395853154341
1182,1.3439109490471406,1.632473532988631,0.004713201251123052
1183,1.3323979583821493,1.6249647148613209,0.0042712592956883335
1184,1.323600460116271,1.6222461214177306,0.0034717923480709657
1185,1.311467120224571,1.6170003652347982,0.004788123672902458
1186,1.2986145454399538,1.60887997706437,0.004952865638514988
1187,1.2890306771786717,1.6053303551509863,0.004035759839904365
1188,1.2775633166488969,1.5998580830283544,0.004523256236802769
1189,1.2657393252961664,1.5922843992971585,0.004577152067725795
1190,1.2543751968639594,1.5867048827751635,0.004729559178477428
1191,1.2429175797535397,1.576818802333144,0.004347614023857312
1192,1.23092662572438,1.5679485791105043,0.004795600585277445
1193,1.2213977670714598,1.5658049712637678,0.004242533335952674
1194,1.2105221633837027,1.5542311173878984,0.00423726395959221
1195,1.199075558371207,1.5436515791493786,0.004720228732035912
1196,1.1879906954956347,1.5361380387284633,0.004645683391889866
1197,1.176947895973379,1.5275519281123309,0.004642058978329682
1198,1.1663733295963672,1.5212729266184681,0.004623704894445042
1199,1.1556326056751425,1.5131658973339888,0.004538047595098617
1200,1.1441015285334626,1.5049072178680856,0.005013869914777926
1201,1.1334866860418018,1.496042947134374,0.004665176627690233
1202,1.1250534405007069,1.4914332063334788,0.003757792885077887
1203,1.1139685796271412,1.4841215847063116,0.005043968099216104
1204,1.1029788122873534,1.4761166832101007,0.00494653234401421
1205,1.0911755296836105,1.4678266837992762,0.0054328724690338856
1206,1.0793351033233132,1.459936346318095,0.0056393789147762335
1207,1.06768321443695,1.4513519363226335,0.005499230087045214
1208,1.0569928691566775,1.4437436777745125,0.00509749359325283
1209,1.0448610347100598,1.4353396184196552,0.005893584623382939
1210,1.034363073394311,1.4282077172616288,0.005301672248730526
1211,1.0261280643310193,1.4234859895399525,0.003996201744517785
1212,1.0147613752176194,1.414794110852795,0.005512498434767114
1213,1.0042076509657754,1.4067018895688266,0.005239915238144227
1214,0.9974226445067064,1.401734095695584,0.003280971543384759
1215,0.9874363550149352,1.3947220434241474,0.005105685850349084
1216,0.9767384233051475,1.387077510270847,0.005376058289346646
1217,0.9673630652190668,1.3808764902333048,0.004823929275433781
1218,0.9566679588897172,1.3733584558047167,0.005734920755496726
1219,0.9459580844247666,1.3652436040611315,0.005584428698617689
1220,0.9368945676667686,1.3598887367922057,0.004891308750183645
1221,0.9261552299959193,1.351959050077568,0.005708139647909874
1222,0.9150925183908606,1.3434019897507476,0.005994363722159015
1223,0.9051676325603223,1.335166168878887,0.005442026342244
1224,0.8950363242547348,1.3269713996520165,0.0057221641396039925
1225,0.8851403590719136,1.3198200529975017,0.005622953172026708
1226,0.8771170983709593,1.3138211990506212,0.00462511046542102
1227,0.8705207026809111,1.3092590139675566,0.003884422438532162
1228,0.8614237061187702,1.3035961099180693,0.00540818157297521
1229,0.854105196616547,1.3017092790253546,0.004693989580061828
1230,0.846082866614174,1.2996634921329633,0.005040033423889278
1231,0.8360397106826735,1.290539449379521,0.005889257950378888
1232,0.8275483982655759,1.2889926937057261,0.0056713515737942906
1233,0.8194894947728826,1.2788451958284335,0.004453087243161706
1234,0.8095232378187096,1.2680387769185728,0.005945119110029662
1235,0.8009295871177967,1.2582698378275876,0.005177239606288242
1236,0.7922023795269251,1.2518940029503545,0.00569513536766325
1237,0.783672973625054,1.247564573965172,0.005955573713788605
1238,0.775662620849614,1.236519402330136,0.004707169631027679
1239,0.7678994825814072,1.2315343541088293,0.005159439788364656
1240,0.7586130007356224,1.2222155116462257,0.0060508734174105055
1241,0.7492546182751363,1.2132990612546652,0.006237210166050376
1242,0.740361513278774,1.2080269884713997,0.006474134099249667
1243,0.7297649654379222,1.199256302064985,0.007326764727712009
1244,0.7211833742644397,1.1917190911826077,0.005901263020405068
1245,0.7118972837272908,1.1829603422154775,0.006511389820624829
1246,0.7027867222985046,1.1740613436912581,0.00649885722620254
1247,0.693516351531762,1.165666523546863,0.006691819923143095
1248,0.6839752894324924,1.1580750813451814,0.00718797627959593
1249,0.6753002695871607,1.1503707396789609,0.00648066121074905
1250,0.6684899150936076,1.1453795378142297,0.005542029021019059
1251,0.6602525170944443,1.1400092257678898,0.006684081638695356
1252,0.6520103362574632,1.1306915008997318,0.006210991787556972
1253,0.6435175057613937,1.1225462955092282,0.006587117405442452
1254,0.6376419524256588,1.1187867120774189,0.004605781777732897
1255,0.6291720943029371,1.1119730000783608,0.0065170865856176785
1256,0.6211369842114141,1.102044565264027,0.006342467394092053
1257,0.6126984921080275,1.0939663364885992,0.006948017963118724
1258,0.6045788175327863,1.0873849584654864,0.006778632634451812
1259,0.5968365508739663,1.0797871298741475,0.006463260112941636
1260,0.5893311719901834,1.0732999819445364,0.006467739174180088
1261,0.5824383858450255,1.0676378102724953,0.0061066690562259765
1262,0.5760075549687053,1.0646127759920216,0.006109561761100934
1263,0.5683720418159313,1.0597707827488865,0.007138068953708741
1264,0.5606341975282813,1.0501902249865944,0.006482649408192046
1265,0.5535384406211434,1.0420378173497975,0.006364983067653517
1266,0.5452283938206798,1.033262139626635,0.008163834736357132
1267,0.537711184137151,1.025140563395348,0.007293424201131326
1268,0.5299715024715931,1.018581678463826,0.007599113194167659
1269,0.5229977983402754,1.0133733757074386,0.007233648038725555
1270,0.5155351460431006,1.0040751708635463,0.006885288070359358
1271,0.5091381327525581,0.9962531350698933,0.006475006986658811
1272,0.5024609426071087,0.9883505060814828,0.0068267778493769325
1273,0.49545206077167014,0.9811824454906128,0.007077142389306461
1274,0.4877339642586052,0.973250871675661,0.007892588411754812
1275,0.48219763505289637,0.968059646293373,0.005995872208381072
1276,0.47524933163359956,0.9612155263204245,0.007420795953729501
1277,0.46852255267608744,0.9549335653538032,0.007463023334734988
1278,0.46122988174811924,0.9481498340283377,0.008558737179402543
1279,0.45684840083168027,0.9430780623372583,0.004497422018163665
1280,0.45182601066570766,0.9360444146766191,0.005550680247192211
1281,0.44455868915866426,0.9291887020741256,0.00875509265200587
1282,0.4390934002816673,0.9230438902412127,0.006397794286828503
1283,0.43278178906757436,0.9185711835467468,0.00811862998366664
1284,0.4255906966243875,0.9091767733916157,0.008770705510378108
1285,0.417991237159642,0.9011758453033568,0.009374295303974108
1286,0.41130145355335523,0.893302285761063,0.008399935233152134
1287,0.4044758034424713,0.8861574172447669,0.009090025518786626
1288,0.3981999128652911,0.8808348247391863,0.009019096774856277
1289,0.3918005306667941,0.8722534626094629,0.008747945284107578
1290,0.3860826812431921,0.8675988807277387,0.007735420901328632
1291,0.3792367040075549,0.8590037184410386,0.009522280870849165
1292,0.37252044187312017,0.851808345644337,0.009781406256195625
1293,0.3672296275311331,0.8498761883843627,0.00817564761014993
1294,0.3612675413992884,0.8406482182404472,0.00815436751256563
1295,0.3549829520134898,0.8348014767702476,0.009776462463838526
1296,0.3493357506839857,0.8251171318502493,0.007807542013221395
1297,0.34409770365659337,0.8181439774713338,0.007377118482638002
1298,0.3381084008754781,0.8094666605120232,0.008668856509588338
1299,0.33253363163437816,0.8031425626187212,0.00889703089663597
1300,0.3265223078317945,0.7954268029892118,0.009301894594098154
1301,0.32134722726052567,0.7917163037073865,0.009109046718903526
1302,0.31647098569602505,0.7885017932942175,0.008172448151138685
1303,0.31113033332887824,0.7846746282952085,0.009995908703038528
1304,0.3053508620276313,0.778811641798868,0.010053167736496785
1305,0.3004533332518878,0.765431773032847,0.006902760195088944
1306,0.2951562335090407,0.7588891610291146,0.009415641316896962
1307,0.29122505541499827,0.7497597072878512,0.005788404104720592
1308,0.28633229122420795,0.7438745261760943,0.009040056403945078
1309,0.28039383987220395,0.7366248642693729,0.011874525013726501
1310,0.27589472047696156,0.7343408149928685,0.009174342500154484
1311,0.27125974378206846,0.731116775651964,0.009730800668178136
1312,0.26570207008600116,0.7223213089348866,0.011270025600202
1313,0.2613149968452603,0.7118464959529771,0.007511424373590654
1314,0.25571872293491177,0.7026973339580685,0.011508200029495534
1315,0.2515824933486856,0.6986217529559227,0.008881955755564731
1316,0.24719482005660554,0.6929078409977003,0.009820721304742593
1317,0.24244900145772036,0.682967962828791,0.009629227255752583
1318,0.2373486996825048,0.6781627207471171,0.01223237797689238
1319,0.23337734021446305,0.6730153070611005,0.008750742466908264
1320,0.22920408239541024,0.6643859964585751,0.009930676209029989
1321,0.22464640515684564,0.6603975609483541,0.011866228117401754
1322,0.2200835902118689,0.6552258051241009,0.0113724124528783
1323,0.21550534850338213,0.6521585749507574,0.013322074548729426
1324,0.2112109126066558,0.6470075601235578,0.01208364708266421
1325,0.206712031910449,0.6414825519296289,0.011458743680924791
1326,0.20292122289959225,0.6353708224626666,0.010028214403733237
1327,0.19879149025151718,0.6272654474899565,0.01160656020250332
1328,0.19402882444917163,0.611880409283714,0.011526128379011942
1329,0.18976733697099887,0.6007232267582696,0.012021786211852325
1330,0.18521588610887765,0.5935885043799459,0.013386037448493595
1331,0.18214312016328818,0.5909815587319206,0.009272482734425698
1332,0.1781945784100419,0.587914656571475,0.013565809360835443
1333,0.17756108321935812,0.586108073983383,0.0012286858105980127
1334,0.173047590397676,0.5745331068669067,0.013433251122282823
1335,0.16929323954405975,0.5678147848948112,0.012722225768649698
1336,0.16509793190161184,0.559981490988221,0.014054307693277179
1337,0.16104914356655242,0.5483955973520506,0.01228656156131465
1338,0.15723117757421878,0.5397311167993508,0.012910348045065068
1339,0.15350676343114797,0.5350898539667817,0.014502578343923158
1340,0.15009009440578588,0.5336135543064404,0.013573673220409203
1341,0.1469446957189571,0.5299142543726243,0.012842503803564468
1342,0.14355192456452812,0.5227701958673675,0.01309152965272556
1343,0.14038440599350463,0.5196542168781161,0.014147060656772119
1344,0.13762654618455242,0.5235907307501473,0.014514622690866513
1345,0.1346993679079809,0.5085429104613843,0.008090396095328911
1346,0.13096034092761033,0.49769548672719766,0.015165621946227599
1347,0.12800406718346366,0.49278547159493585,0.012923495970204492
1348,0.12503980483223628,0.4816836178381495,0.012815717319754769
1349,0.12167870115155095,0.4740002133613988,0.016252879169677235
1350,0.11826290488268583,0.46201160328562624,0.014938386015531432
1351,0.11461372798241162,0.45217115274216746,0.017481887120931423
1352,0.11168065932923449,0.44946307444236655,0.01628190744746807
1353,0.10859242086794563,0.44181188661226084,0.015199042903809966
1354,0.10694910635871904,0.4393185890510269,0.006762432515193027
1355,0.10403014487510227,0.4303718110327149,0.01609232443463471
1356,0.10191814961868186,0.4307108434131965,0.014713208783684192
1357,0.09868028760192074,0.4171839257601367,0.01791212091418486
1358,0.09606662133695214,0.4114019140040204,0.015320044411019524
1359,0.0937339051757758,0.40791871126943985,0.013694812270390789
1360,0.09088256647153779,0.402669924012708,0.01984183484684908
1361,0.08867583038648601,0.39931105487943247,0.015561374599495843
1362,0.0876110708493954,0.40404989961491034,0.00794601925737434
1363,0.0847607885656705,0.39276811025694947,0.0180221087240743
1364,0.0823026554630558,0.38680880700702536,0.017047179041270497
1365,0.08003784504292276,0.37082490257344775,0.013674086274680676
1366,0.0774629344117177,0.3604375534387635,0.017732458507108115
1367,0.075200753138332,0.35541910903337204,0.020746632074000713
1368,0.07312176621482445,0.3543133231672902,0.018665349496107618
1369,0.0710732912682511,0.3434068603759805,0.014920341248539694
1370,0.06866737972314566,0.33431854763999674,0.02073336291226844
1371,0.06657575038815436,0.3272494961409002,0.019220958417848547
1372,0.06519211956683592,0.32203460932641764,0.010700515637913289
1373,0.06331555310898909,0.3210730263182509,0.019994651613509086
1374,0.06126094339332426,0.310602706808827,0.02022644315300558
1375,0.05947623447191509,0.30751486204811546,0.019142002424386628
1376,0.05739539276012373,0.29863552329876814,0.02519306888043902
1377,0.055814463273348595,0.2934819383757434,0.016671836113690542
1378,0.05428208466860411,0.29167860610291124,0.018235300750729475
1379,0.05238133829510952,0.2801630737048128,0.02046300422505239
1380,0.05070591429189425,0.27312850934998345,0.020554932553513084
1381,0.04963249641480158,0.2761563402619499,0.02003578296913304
1382,0.04771952636204838,0.2638219268925426,0.02686851719418633
1383,0.04603686511971903,0.2543414431076501,0.02551191994399165
1384,0.04416261193341316,0.24680319635334708,0.02841019647176636
1385,0.04328137766511799,0.2487799310919449,0.016988201066632437
1386,0.04254189036383077,0.24158703459266787,0.007590794736187544
1387,0.04098191450753081,0.23380081707819983,0.028184731220733714
1388,0.03953885339141734,0.22873362867989708,0.028365279499694238
1389,0.03879084175723966,0.23591116631468212,0.024056083229836028
1390,0.03788666766745103,0.23569455981775933,0.022895914327678155
1391,0.03653873164565287,0.22465218437811438,0.02940957387723565
1392,0.03596844156508842,0.2233364054294873,0.018664749866690065
1393,0.03474021611640441,0.2106830179941338,0.020771278712669882
1394,0.033336818121774,0.20206439592230244,0.03891815156071224
1395,0.03211558350846466,0.19567215136761407,0.035939802117323574
1396,0.030998484291099093,0.18921003767069394,0.03173510384672563
1397,0.03008058268912384,0.19028786836851716,0.03427349254740842
1398,0.029019547284083944,0.1845400847554739,0.035546041105553774
1399,0.028288843277226562,0.1824346365673516,0.026390495090161982
1400,0.02756130448469038,0.1823206234910415,0.04431642274373431
1401,0.026971963594404503,0.1884262573482533,0.03929887265596663
1402,0.026056534948972063,0.17014202485452398,0.028508371864435833
1403,0.0256037271166648,0.17063593905931285,0.030261041132715313
1404,0.024609303804479076,0.15571816082813544,0.04467962033069451
1405,0.023767110685628885,0.14871226962062914,0.049119338652925545
1406,0.022997879547977364,0.1478071819742624,0.04299311444102531
1407,0.022778071214123997,0.16516459029482286,0.03319365634459367
1408,0.02205417040022191,0.14179891233033315,0.021203965873419207
1409,0.021233352260117567,0.13396305156312585,0.04608060501202404
1410,0.020831803747039804,0.12921085756782028,0.028940419826866133
1411,0.02035031981362289,0.12362661670769377,0.03504399645570005
1412,0.020415727851970537,0.14309460702642127,0.0361991704979387
1413,0.019904641410072824,0.1311000186022522,0.046102860873652354
1414,0.019316293590560182,0.11672095646861308,0.05025521714923855
1415,0.019517735948309772,0.1341395413123796,0.04552963418941385
1416,0.019169064726792612,0.12169736428903068,0.052793846883013536
1417,0.01917734154737723,0.13401345142321644,0.04109548637132354
1418,0.01856999691130454,0.11756398255615112,0.044446527673621
1419,0.017950438351769047,0.10808009846466554,0.009539346984167753
1420,0.018174567019502767,0.13070808230567685,0.0358976452249324
1421,0.01794268574489439,0.12207089438677715,0.05398062584952628
1422,0.01759608162690436,0.10818925662109499,0.037322279716978816
1423,0.01724069126161563,0.0988109974604193,0.04526593030489413
1424,0.017107555251831958,0.10401048563944555,0.0692406620335809
1425,0.017174309569732107,0.10932914218038561,0.05392603801113486
1426,0.016568256169141336,0.09078687447739162,0.0018296660526197148
1427,0.01634161680416392,0.0875317258231422,0.05678209500390265
1428,0.01620495160003829,0.09493753427912105,0.06447714307253662
1429,0.01653505227286048,0.12058477927719599,0.031863710126068125
1430,0.015820172481939374,0.0852928160211637,0.018139963465253244
1431,0.016437903534081363,0.12240353896932953,0.017921537862944766
1432,0.01655363079703422,0.1345738248843413,0.06427128487064047
1433,0.017158081139638116,0.17197990053332105,0.07017963931676159
1434,0.016039373930909616,0.125306926767215,0.008496306662166872
1435,0.01599976528924543,0.12241225447446534,0.05942967233555404
1436,0.015672895294763334,0.10871934153336746,0.053197621374424596
1437,0.015210653261508507,0.0884989018602118,0.04954220854023546
1438,0.015210217101156356,0.08140941289183475,0.08207628364327108
1439,0.01491199910425658,0.07607127909654585,0.04651120165856564
1440,0.014821977975145728,0.06333373318647609,0.04046721174105757
1441,0.014690082981433648,0.05849379742728295,0.08288799649859639
1442,0.014811155068848263,0.07677678091040588,0.06524407588689458
1443,0.014554730508743625,0.05712277887831819,0.08516255049552589
1444,0.014666255858317516,0.06453570480019769,0.08223911439946203
1445,0.01457009899235637,0.061348496058856436,0.09090583326844186
1446,0.014793840722826267,0.09564776972692791,0.07825598492715036
1447,0.014705948026895182,0.08598865883339765,0.08859602127010066
1448,0.01445924745865267,0.08140425197221236,0.023101136312109475
1449,0.01454491451899552,0.09249068177097543,0.06879544806919026
1450,0.014301919743308605,0.0621310791370814,0.06576236722691736
1451,0.014325764783115223,0.06457366346755546,0.03740165239771688
1452,0.014207506502587256,0.05300646862987716,0.011710571326092737
1453,0.014384494885491,0.05970726822880863,0.028576695603763552
1454,0.014320088060495029,0.06720978825152862,0.08882430629872853
1455,0.014454333247626575,0.08770077439979099,0.07995501215098155
1456,0.014208281726818607,0.06443609664030722,0.020341591944177985
1457,0.0140140031685181,0.04543831360449657,0.054406709110719154
1458,0.014049357042774536,0.049505104629382186,0.0851330142312387
1459,0.014009332696000217,0.04515008600978752,0.06810202140795264
1460,0.014052773949458197,0.05261532268142733,0.0728346568067989
1461,0.014226352043141896,0.07367051762744871,0.06911739246868284
1462,0.014004509630489865,0.04797821579957127,0.04380873247924767
1463,0.013978545094079208,0.049240375900104376,0.05599022777428503
1464,0.014260027579282544,0.07414080171643424,0.05200626547802159
1465,0.014184069195655177,0.06686524697035567,0.07028099329328433
1466,0.014252349039521587,0.07609274801982382,0.04548419612794024
1467,0.014542803456399628,0.10201452457671878,0.07549339134363886
1468,0.014614049465537255,0.1052696000589059,0.008577280701121426
1469,0.014416453153471231,0.09792822060039079,0.017348588613518717
1470,0.014167964168720765,0.07884747044977249,0.035698118434244724
1471,0.014104382281159426,0.07006908377105649,0.03907451101245663
1472,0.014294863268109024,0.09299985384008631,0.06603626134298216
1473,0.013998303031239497,0.0683382353803813,0.03526856279092316
1474,0.014127657427012535,0.08231990278218036,0.06271317185573215
1475,0.013992207166380931,0.07403976124294666,0.0325908931402848
1476,0.014018869176614645,0.07134556061985166,0.0832151440527611
1477,0.014172292090833887,0.0835889972154438,0.059942076936758994
1478,0.013917313364262067,0.05474143899586032,0.024875851806844
1479,0.01404646680998692,0.07644620781943356,0.06703091518245569
1480,0.014124772952591982,0.08326661688080571,0.023811698186724434
1481,0.01400082640625458,0.06428736035570742,0.07947080875823162
1482,0.013910464680597845,0.05451709511928313,0.045091981099446156
1483,0.014306012719230507,0.1048623351577278,0.052061035415217
1484,0.014356273828860415,0.10457274982227173,0.07909286670186962
1485,0.014039118156247818,0.06907084561252573,0.04944697229136041
1486,0.013984626564363433,0.06801865454644829,0.046862442254214494
1487,0.013950643436152918,0.06039813087564711,0.07953597187314351
1488,0.013930054924253518,0.05780837346669801,0.052371370338007046
1489,0.013869731865814182,0.05314555357979215,0.053289025971350934
1490,0.014006456153556964,0.0633287710582451,0.024759384330994276
1491,0.013900216340813813,0.05911669271638916,0.08837425828417621
1492,0.013861074756290776,0.051964555253597465,0.07321540235970127
1493,0.013990559688492865,0.07398973078715744,0.07876816782301713
1494,0.014336897596581055,0.1040828569933239,0.05743756825221589
1495,0.014341928109317156,0.10244165560856885,0.06090295705028623
1496,0.014143143504400118,0.07207965870216707,0.05958052043706867
1497,0.014267460656179566,0.0900890939947402,0.05866190765384887
1498,0.014075398925748465,0.05880244171896262,0.08144451618530178
1499,0.013976232315452298,0.059389932840302556,0.06175081459800441
1500,0.014082116258383561,0.0757738767125016,0.04022384094783605
1501,0.014025932904651142,0.0662450732528281,0.055407591880349036
1502,0.01391030869346075,0.05469378729399425,0.03228342165095867
1503,0.013905919303636596,0.04834405117581011,0.05816944582497202
1504,0.01390432230939836,0.05247610979772806,0.05372601845789998
1505,0.014009607122338341,0.06042381659967589,0.09158223872429305
1506,0.014281045496827498,0.09354575074481508,0.09088709727980897
1507,0.014230875117767518,0.08739021182166909,0.0717093287697262
1508,0.014146462182124451,0.07906819408210454,0.07070958137443341
1509,0.013906335952210141,0.04696450125846335,0.04733190978447839
1510,0.01389010946619905,0.048035986928722685,0.06744080132115776
1511,0.013868871058413107,0.04876081841618124,0.04345815719483586
1512,0.013960919696253732,0.05918471817706376,0.052071253516500465
1513,0.013877400442515592,0.06536691026690764,0.01127033962956071
1514,0.014116414834264788,0.08332805945839533,0.05895058738015828
1515,0.013881662229684425,0.0543210484496663,0.05429471376029376
1516,0.013933621443994794,0.06499642885235105,0.06133093986095045
1517,0.013801874324593493,0.0502221996618788,0.026004217469784187
1518,0.01386768391045689,0.06894586644564302,0.04979152828472805
1519,0.013685996364241265,0.04317956731178552,0.05831336127943774
1520,0.013833987967094976,0.056600024994098885,0.035568218087092096
1521,0.013950797270182948,0.0703784026722693,0.10185361889851549
1522,0.013882768273064339,0.057335260347122004,0.06431846873230873
1523,0.01425241264335068,0.09434570846556704,0.08446530663436856
1524,0.013995007145867216,0.05690376764917321,0.029612694697293995
1525,0.014242669132957995,0.0891118997924661,0.03970753611711187
1526,0.013840702185682185,0.06714095534032714,0.006383385862182008
1527,0.01383655232121382,0.06049282352814351,0.08422661047669418
1528,0.014176707596330147,0.09769512482345832,0.02136022596684896
1529,0.014217939564173837,0.0859322159633261,0.02999487022650915
1530,0.014013509906907773,0.06838543523386516,0.08230412652350817
1531,0.014181954238639166,0.07360309236260558,0.03322062642266492
1532,0.014217438470330735,0.07809719574797265,0.04955952723336691
1533,0.014222058859265675,0.08264148132809035,0.08914527987018561
1534,0.014114302809687838,0.06788249918447486,0.06791472196001169
1535,0.014101349755374288,0.07092193493207731,0.04206914708310355
1536,0.014254775061463915,0.08227009227950147,0.06656519404600937
1537,0.014683525446424055,0.12267105335857685,0.08176322843812722
1538,0.014103076490868498,0.07607786026438218,0.03920598605740315
1539,0.014328815182464521,0.07985531740733207,0.04719696657769849
1540,0.014372540670629307,0.088341729670936,0.07909733897826143
1541,0.014031562590565143,0.08905031882158528,0.0187895624877019
1542,0.013930341935928894,0.09945372252305064,0.029038635824282236
1543,0.013632669361990098,0.05688802055609343,0.055810081714580344
1544,0.013625869287641848,0.07322701584396817,0.014137287637311292
1545,0.013984698247899894,0.10404555090509118,0.0593040465467264
1546,0.014362558168937856,0.13531969088852505,0.05546881904976807
1547,0.01379522067120992,0.08458993192493294,0.03306868536013037
1548,0.013799101135146832,0.08194708069845687,0.0849258226941196
1549,0.013716330861037884,0.0707321946206346,0.07342542918058058
1550,0.014009382383802293,0.10047572224599499,0.06534306402664448
1551,0.014008950651264633,0.08369687930310317,0.03690035873085536
1552,0.01404305043749445,0.10374450028617269,0.053446717169178114
1553,0.0137806273883441,0.07746104650150883,0.0775535162265713
1554,0.013750856213920182,0.07085433965273838,0.07122365038830288
1555,0.013751860941617039,0.06294973185830174,0.06271350916564072
1556,0.013553375452767821,0.054374274568900836,0.028810128009109048
1557,0.01356017562801768,0.04925372913556477,0.06446687691846652
1558,0.013539991211151394,0.05754246130830584,0.047860042336427704
1559,0.01357338981149019,0.06698399989612448,0.08640843094013653
1560,0.013469211714253186,0.05725354497614545,0.03645933388372528
1561,0.013426410110302002,0.05354260216801841,0.05131468284523554
1562,0.013610946021519072,0.06559551506757488,0.088234716868177
1563,0.013637194788778657,0.06090805886776806,0.11058343184981272
1564,0.01355642379036084,0.052560003651554124,0.03906761882302792
1565,0.013452260455661662,0.049470610907342,0.020532854030179282
1566,0.0134448116745987,0.05110288772759462,0.05983453230493771
1567,0.013707121427331735,0.08094396769632096,0.04559505355427556
1568,0.013513463456099344,0.05773579220842711,0.034948983801821175
1569,0.013915011392450834,0.09865353546292167,0.04504455669431062
1570,0.01352421892906452,0.048512512884239564,0.06294639498284947
1571,0.01396066176560904,0.09798469968788652,0.03473393346468574
1572,0.013759987047776952,0.08021658996276501,0.07413992793152244
1573,0.013472376959567434,0.04826219279020283,0.024627237379855303
1574,0.013500391863145323,0.061059423643207676,0.09807625358462704
1575,0.01396328286182373,0.10862475700592704,0.07035186209975275
1576,0.013501056294826551,0.05579040435618792,0.06523394393346145
1577,0.013547173004419322,0.06252532922525612,0.07554917684008342
1578,0.013565048878286204,0.0603565857851416,0.05460452667564082
1579,0.013563779338028412,0.05806217440497785,0.0415762803551183
1580,0.013470579201066183,0.058904445481069365,0.04934862093631907
1581,0.013389332322312713,0.048850775420812426,0.056915141954711986
1582,0.013464794951168221,0.054937715436618115,0.009062692787148906
1583,0.013434548763930859,0.05089613723137738,0.07332624416418865
1584,0.01334302539354179,0.04860580531320955,0.0022021838999181607
1585,0.013158111213108059,0.032582160007808926,0.03672068819495889
1586,0.013247325032767399,0.05422101466520901,0.04749161287524072
1587,0.01317469064442111,0.03882033973121397,0.07488922724419302
1588,0.01343513365631789,0.05718058093466573,0.029128055499389464
1589,0.013440276730207359,0.0603116769884893,0.05196207167788946
1590,0.013341317617798583,0.045154870933630194,0.05529477324434289
1591,0.013374478249792683,0.04805617944484205,0.06608350422222371
1592,0.013313175889485176,0.0373708723115075,0.05224874160032108
1593,0.013621127967073007,0.08201932932253869,0.06053038449949248
1594,0.013492733718486317,0.0571063406045436,0.058603276417628226
1595,0.013567825602096118,0.06358342429555214,0.07374126207145867
1596,0.013479778799689573,0.044142190941598304,0.08233680635574554
1597,0.013580093644265467,0.06825510083782532,0.0586410764142865
1598,0.013397861592665863,0.04156271923272706,0.06368099210891734
1599,0.0135348000948585,0.06468666799981496,0.07360757744066057
1600,0.01343904327843325,0.054712595721574546,0.05753935321627999
1601,0.013797691690005456,0.09831543953636068,0.07098191768771825
1602,0.013587262203568658,0.07381916941435218,0.03995552670761913
1603,0.013600623137158457,0.08120308719366238,0.05344158835494807
1604,0.013956170584208508,0.11150059842495588,0.08278572938875962
1605,0.01359041364900438,0.08340827734304194,0.04714190112650378
1606,0.013696908027456068,0.09282074780628019,0.05227568071919306
1607,0.01338454807016472,0.06438384085803826,0.030997989933918807
1608,0.013369455406966988,0.0544634813062685,0.06403798649764611
1609,0.013456136055989157,0.06804119069573564,0.05600147811876249
1610,0.013219350834836168,0.043185022188214524,0.03858179408712191
1611,0.013414593817512118,0.0734061604151738,0.06072826496449316
1612,0.013155715951346363,0.03836242608043966,0.05074281260143331
1613,0.01329261847872501,0.06359967740042571,0.08445221904954994
1614,0.013182798930091062,0.037704147671387196,0.060199041038597564
1615,0.013254069454367889,0.05260465806441684,0.021514307425952617
1616,0.013455188125208881,0.07550651570021231,0.04956162299564503
1617,0.013275483236490606,0.04599944292115844,0.07649958380070157
1618,0.013339651607038058,0.05780291310671699,0.13827533824620977
1619,0.013272602010253,0.052539131759225054,0.043551884147104675
1620,0.013232875562295167,0.050505721248559836,0.079363224193187
1621,0.013191464772763754,0.04608185691924227,0.0712757941603884
1622,0.013207557308691132,0.046052579179340865,0.054378491252530504
1623,0.013659250639234618,0.09551554547083556,0.0678563094052106
1624,0.013309081597215557,0.05070801159680544,0.04280700013262734
1625,0.013400789260416065,0.059613550599688855,0.0762959927855783
1626,0.013264206690186188,0.045977750952158856,0.06638188470103844
1627,0.013299169931631803,0.04537978729074212,0.1512736845356968
1628,0.01338059963133101,0.0633562828691077,0.07089325925587814
1629,0.013268049394388009,0.0417983549500867,0.06128695337486071
1630,0.013422251736801439,0.0629995817874066,0.02785497356902921
1631,0.013332575137835815,0.047892816870830905,0.05296602708005711
1632,0.013337838823888181,0.05221629113634868,0.07310456781733539
1633,0.013513842793831159,0.06825716300526684,0.05236763695348156
1634,0.013359848437496614,0.04602176752291132,0.050429928998390425
1635,0.013505007697174122,0.06252482599918807,0.024217042109864244
1636,0.0135705060324984,0.074496515865144,0.07331119853384176
1637,0.013560832376404439,0.07540462973070221,0.04667753480526864
1638,0.014032547175708687,0.11717950292492374,0.029087363183101712
1639,0.014716855662962837,0.1559931181303736,0.076334358438719
1640,0.014487653842884984,0.13467204366553587,0.031442252478717236
1641,0.013905325255619681,0.09453795191964502,0.05273643451043049
1642,0.014281303766401857,0.12463078014002538,0.05399362751431837
1643,0.014215085474498866,0.12508544112374317,0.05735128647838954
1644,0.013611688237091609,0.07001988758358756,0.05869570162511722
1645,0.013655004476328083,0.06379590047547913,0.07199404382762946
1646,0.013886184686318793,0.09677383367397642,0.06048715089002917
1647,0.013532892639023792,0.06646089815313455,0.04083375615061144
1648,0.01346024507160005,0.05827671523109809,0.041742185360415004
1649,0.013382650703287908,0.048423147129679156,0.05911065810193315
1650,0.013499962107200631,0.05759154990009085,0.07898790439754572
1651,0.013572832165491891,0.06493111028783183,0.03872335823711583
1652,0.013627922829935519,0.06285166475622544,0.05262942228254698
1653,0.013755424062420895,0.07218657444191645,0.08699295992149388
1654,0.013764633282372499,0.07157879425794098,0.04917492738463731
1655,0.013689868096238065,0.06564178414402741,0.10433412561404344
1656,0.013607060619806367,0.08158142308976585,0.010039640643165886
1657,0.013808616536792554,0.10773800634394276,0.07714164218118734
1658,0.013390375260390122,0.058225328956378435,0.07899459030582612
1659,0.01324372757579218,0.04273799664266953,0.06621601742986996
1660,0.013344315435473502,0.056039940756518775,0.040862253717131446
1661,0.013223078683098197,0.052649986691516444,0.07784924712127034
1662,0.01332876250491654,0.0584370568629121,0.04150655955776461
1663,0.013689406572426765,0.09558501712195383,0.0251247760078306
1664,0.01376470957799496,0.10011617490411494,0.08369871415270509
1665,0.013401737800835485,0.06941436943585305,0.024284420717018564
1666,0.013857384179939963,0.11050832961229735,0.04455382529610433
1667,0.01330687982903326,0.05442573074367901,0.04764654909910794
1668,0.013299322114105078,0.0546988563362488,0.05609548878273305
1669,0.013370600804316941,0.05570261069894999,0.06709875614249389
1670,0.013330880817013531,0.05837591960619692,0.08035769130071187
1671,0.013398580540793934,0.06435286474328619,0.06862750602154342
1672,0.013811911165187669,0.09901633298608549,0.05334013534635494
1673,0.013671393435106411,0.083555223949987,0.07316933991297024
1674,0.01387230028739972,0.10202869236996244,0.03625284193816291
1675,0.013606727175928663,0.07284636453867051,0.05018778509912735
1676,0.013472685453240396,0.062268650844627384,0.042924180809739594
1677,0.013272261657962543,0.05162702477558338,0.03919646713094487
1678,0.013644215816161766,0.09060755482668159,0.055509878100526704
1679,0.013465926830540655,0.062372195576942166,0.06078649947385357
1680,0.013655484902008054,0.0869577649618397,0.055890712834856575
1681,0.013495074723828476,0.07243338418007984,0.03665626750215679
1682,0.013406647074064013,0.058825386851134503,0.06596998636370684
1683,0.013453471389745045,0.06269400369462155,0.09701564924842246
1684,0.01349798377362393,0.06933083420981555,0.056055783435012746
1685,0.013673246438531182,0.0921634632375057,0.05575974939106027
1686,0.013796609024451447,0.10305495721299182,0.09054081701907614
1687,0.013489724533436684,0.06410556877444049,0.057143596764660576
1688,0.013611265025031245,0.07511590948123542,0.10500860720513193
1689,0.013605889514680673,0.07432720083434534,0.06855620356362603
1690,0.013733571796428992,0.06884391819648387,0.053048480358809394
1691,0.0137792557770994,0.08074437609448114,0.045994764763195715
1692,0.013634396302055254,0.07488969894836107,0.06410358297430803
1693,0.013414308396874255,0.05513677211633712,0.04493146016087252
1694,0.013831826934200736,0.09049731119652178,0.024572269238894814
1695,0.013977844317377851,0.1024935321744897,0.06478165888713486
1696,0.01414637464227799,0.1070161503312793,0.11130569670785213
1697,0.014081778562044706,0.09475204394577819,0.06456157840704665
1698,0.013749667390792954,0.0640108927824324,0.07370643055080033
1699,0.013692964323638153,0.07440142704241451,0.04758454600866132
1700,0.01400301994353792,0.10931766208835071,0.07580334827748667
1701,0.013622889820494576,0.07461580957377266,0.02928731618263926
1702,0.013456030296534973,0.06221033268390494,0.04141198095929041
1703,0.013607447034971605,0.07825916247603128,0.04395976855643389
1704,0.013198863639548494,0.04956766364408498,0.0072034909735434124
1705,0.01309844811367161,0.04616325840016647,0.04195826544352693
1706,0.013148896288472652,0.04754702089473694,0.05638612743187023
1707,0.013192397566811113,0.05027353371935701,0.04905089050212856
1708,0.01342231322068373,0.0737111821745584,0.026319926314501866
1709,0.013346049767089108,0.06550380487237747,0.007795458763497804
1710,0.013281889193891982,0.04715114832201235,0.056331968022785985
1711,0.01333550181678048,0.05578301991366811,0.06642189903645078
1712,0.01318787935007565,0.04899935202792776,0.04878953621066089
1713,0.013278676269938674,0.06423026242857728,0.07821898027733214
1714,0.013261899516152994,0.0532448147144444,0.04095816470193386
1715,0.013614637437034557,0.0932074656642024,0.08207214894732827
1716,0.013312239565516368,0.053626352280023326,0.05363303054424286
1717,0.013203834644929604,0.04450613909374412,0.05618301548946755
1718,0.013446564501041605,0.07933873782420867,0.0474106455482734
1719,0.013182521652507448,0.04210534352024112,0.07033528981842702
1720,0.01335283632494335,0.07538428663674242,0.06707925853982993
1721,0.013475263557217022,0.08588498316782535,0.0975165086118458
1722,0.013228116691520598,0.06549969481892325,0.0413629579626163
1723,0.013063961759830534,0.03595606717561627,0.0561816842885441
1724,0.013265678598281677,0.06343672009588151,0.050949427322699095
1725,0.01311005498185693,0.044233894781141175,0.016176043627302808
1726,0.013299579387331114,0.07294051117558613,0.04276359156615135
1727,0.01316195968613699,0.04223157702329785,0.09263711192885185
1728,0.013121438825980486,0.04763321245873077,0.0931042627009911
1729,0.013244636936096305,0.06620629343076653,0.0642583383838932
1730,0.013205970712111022,0.057084251940899035,0.05034386894852529
1731,0.013089738542717394,0.041143561404767985,0.0547038698852479
1732,0.013244066230469377,0.06169443638892754,0.0647912366636
1733,0.013198315561620627,0.04842709291423021,0.054569770696275895
1734,0.013253612871285911,0.052423283429015526,0.09456892274077379
1735,0.013281215959657625,0.05814966805603902,0.06117182405050321
1736,0.013085914085850792,0.03715014593981103,0.061193180677555484
1737,0.013303095013027769,0.07307910731528484,0.02696855867707106
1738,0.013376803499392981,0.07843973386279006,0.05885328846237235
1739,0.013426257851069205,0.09086411840640372,0.03982388347429492
1740,0.01324301085642027,0.05973726792000324,0.058538515284476955
1741,0.01310347451720213,0.0407452565265445,0.00938330822021094
1742,0.013259047049328513,0.050399353674631456,0.05848175917607415
1743,0.013036303166403284,0.037515427999032604,0.02041926494621973
1744,0.013367514170908392,0.08348178978074763,0.06967867033220315
1745,0.013098745176415303,0.04275603724687356,0.0434170327569168
1746,0.013322845852387044,0.060653859558422896,0.03215320201105648
1747,0.013765968393283135,0.097479733869235,0.03548247143404724
1748,0.014194771662296024,0.13911924989209024,0.05475483827719303
1749,0.013664280356987376,0.09340499866943137,0.043989881761991236
1750,0.01346412920123349,0.06252124829182232,0.045044641903615505
1751,0.01317250148985794,0.057341230122380404,0.024275513912759988
1752,0.013559468111408918,0.0979245144317982,0.054782768408504386
1753,0.013646910326704774,0.1150797576037945,0.04323588662074152
1754,0.013331996250472425,0.08658179985567145,0.07318459997386952
1755,0.013052247086406758,0.04839532461305792,0.046288283902047984
1756,0.013040852422871221,0.04960458755449293,0.050783775296730185
1757,0.012956437210486067,0.04509772183570696,0.031173699594545478
1758,0.013023010573303247,0.05022164977242397,0.05209134727259891
1759,0.013285751381234216,0.07978957202940565,0.06763198691636493
1760,0.013045970905497644,0.060946791263423936,0.07965033415914143
1761,0.0129414971283846,0.041837810078043,0.0907933716477678
1762,0.01313132768407977,0.06949663982051028,0.05306069814373395
1763,0.012963170992976374,0.03857782175509122,0.04611969760130373
1764,0.013169986476197595,0.060802915824881794,0.06824821830768904
1765,0.013104182988797263,0.05453878115492168,0.04000197182092054
1766,0.0130225743073986,0.04779595077726092,0.06598243772981921
1767,0.013386157290568421,0.08856260373451426,0.0540589229804403
1768,0.013215070888737987,0.07840189191424424,0.06954373514002041
1769,0.01297014983561846,0.04837502338491209,0.028089700485337418
1770,0.012851903299912829,0.0330785066755657,0.05122938761195969
1771,0.012967308374938848,0.0431401965132289,0.037345795619295574
1772,0.013008678663635075,0.05480406530292589,0.056515620016867996
1773,0.012832766584606492,0.03349521005949806,0.022552430369832822
1774,0.012903235488832798,0.0503537765540984,0.07906168056325902
1775,0.013094329977633493,0.07133021164167662,0.010587014617221753
1776,0.012947208381194154,0.05579488250859163,0.037360558218405525
1777,0.01293700402072732,0.05135531015375525,0.09029622290640678
1778,0.012912368686904725,0.04745512360063395,0.058280671089036604
1779,0.01307534237270745,0.05891985004925665,0.025993173431515314
1780,0.013132413808842669,0.0624931120651304,0.058121311650549325
1781,0.013088325645357553,0.05480893923330249,0.07010600242419776
1782,0.013130579728029577,0.07174236736940152,0.046710628678740734
1783,0.013241851899133635,0.0753580463926824,0.06230679141850317
1784,0.01324984392280772,0.06724989424737866,0.07102972772669183
1785,0.01350041918791237,0.09386858020153274,0.05506653181002888
1786,0.013470259402770373,0.0783298610698721,0.08743038762566883
1787,0.013108025449423051,0.056353097250570715,0.031407064644870766
1788,0.013019198446295302,0.05612170000192793,0.02615486087680745
1789,0.013124605778690962,0.07231884930336176,0.06973555303655782
1790,0.013173481471494474,0.07741123136813612,0.10601849375584513
1791,0.012931917824667124,0.05711997808165243,0.04550633694261525
1792,0.01285229254020456,0.04289126148733361,0.03352001367925414
1793,0.013081148188242074,0.07609381469710226,0.024744951987888654
1794,0.013642135343146138,0.12183076489909266,0.038421979962915145
1795,0.013077200383565461,0.06633041132754651,0.03310558991273669
1796,0.013379951766842786,0.09673082629925082,0.06431322563206074
1797,0.013067732483582303,0.06546905847995023,0.04317349120858066
1798,0.013618188574088152,0.11243114887114736,0.04299708223349254
1799,0.013194643285174905,0.06771340816761794,0.055262460219194766
1800,0.013075624072686512,0.054008299029268035,0.05751758636749528
1801,0.013318528746054995,0.06661694968189981,0.04579497967793831
1802,0.013397784245517776,0.07674021100330367,0.05367876911432177
1803,0.013336135081795748,0.06884684593965021,0.08009339513751831
1804,0.013586213905173523,0.09141052385907027,0.053730384098502754
1805,0.013183755112521442,0.08131327224392258,0.01478914334534107
1806,0.012961163453366138,0.055430338650780016,0.0914964432663738
1807,0.01291648687326463,0.0658700533261767,0.04982115335174258
1808,0.012989597992034784,0.0751265769915194,0.03509922163763861
1809,0.012822038401879392,0.04800218488947442,0.051810753486423076
1810,0.0127236402048437,0.03853139197956613,0.04475560604797558
1811,0.012815855227730776,0.061704774356387715,0.019948495344251423
1812,0.01311899775344217,0.09396059435686163,0.06221483582542015
1813,0.012830232115844312,0.05578426653704293,0.0209872229209251
1814,0.012679414815046086,0.03379407653587349,0.04760416000819923
1815,0.01267766897186351,0.03510183666824,0.10592031762918505
1816,0.012749104517437061,0.05000035291984166,0.09464123995878047
1817,0.012769942331873835,0.05355167528048649,0.053680845568317745
1818,0.013176380786581302,0.09990587143180803,0.03533720178729421
1819,0.013271120839888314,0.10291004453113563,0.11024211353065727
1820,0.01324651828474992,0.09037390508618377,0.04465505650023218
1821,0.01291540098236894,0.04628086582798684,0.056535285272884574
1822,0.013043167342996443,0.06683490456531103,0.03781712479990633
1823,0.013239301993266893,0.08589093211539998,0.046360351965038335
1824,0.01314653408351683,0.07657036979763499,0.08397579972413233
1825,0.012875826569892388,0.043432825067833095,0.03886064910290603
1826,0.013044619166470277,0.05986532458479234,0.08424345895958811
1827,0.012898407968764392,0.04578594483756967,0.09168504372673456
1828,0.012950924350823779,0.04988099893387075,0.04157195986037288
1829,0.013159620611327541,0.07141466441376397,0.018872236711111046
1830,0.013043900642791125,0.06081244149981007,0.04606771283601781
1831,0.013240429453928115,0.07019722746070405,0.0320675388174813
1832,0.012891789868496744,0.05021399252335017,0.00970483300938925
1833,0.01305543068428734,0.07157783778841376,0.0945742763959516
1834,0.013070507870087476,0.07457449253256787,0.006531322916364579
1835,0.013012452681567449,0.059492398875754623,0.058706182256436326
1836,0.013013395029904982,0.05897840154972921,0.06458006046798682
1837,0.013146172021296844,0.07029823419323307,0.00044549709141949404
1838,0.013148823106346678,0.06858807119736306,0.07073616762830853
1839,0.013148987288862109,0.06709055841142153,0.04458738621666773
1840,0.013221244548386881,0.07738778810322572,0.11636816594374957
1841,0.01310660029371594,0.05909297365670728,0.0441621422213101
1842,0.013231299172307724,0.07127214756718761,0.07936056882153508
1843,0.01318805460699022,0.06496009626875497,0.04481735770103502
1844,0.013496748152809192,0.08953385480004619,0.04582593033575379
1845,0.013489448640558326,0.08741158004398698,0.0450349147050546
1846,0.013244619620131013,0.06940756364208124,0.025575796290262742
1847,0.013149796374222967,0.07164187421272634,0.060489918508400256
1848,0.013364674107761128,0.09150353894413846,0.042566376561437747
1849,0.01331269066337972,0.09373717852072203,0.10933544533735189
1850,0.013417803895574334,0.0960344873821758,0.0668951850931991
1851,0.013146297152828322,0.06886741560765704,0.05059488807058577
1852,0.013134860006670806,0.07063154193064745,0.06109794986853372
1853,0.013074182825738242,0.06892711149144386,0.08079774663345989
1854,0.012931233711891447,0.05667758645484426,0.012738902575820265
1855,0.013016879856947284,0.07250123964205278,0.04923829440797154
1856,0.01300767736955329,0.06229753949958136,0.047127178136919363
1857,0.013034176479311033,0.06150204304500723,0.06586406130492091
1858,0.013116765749311426,0.07074026238685839,0.014694655104458781
1859,0.013010910409870685,0.06863611497788459,0.041341645871973004
1860,0.01292556449659709,0.05865244946724062,0.06872980706949915
1861,0.012995231891720166,0.07009932730247287,0.026363561538512895
1862,0.01298687093134563,0.06839744332144318,0.0618184447923967
1863,0.013063467742979397,0.0823143508865243,0.08334090211773097
1864,0.01286336864642052,0.05512287728360283,0.03873315430995016
1865,0.013102404685212591,0.0799739850551471,0.07293343090645915
1866,0.013259764487608901,0.09768569430867734,0.031529248805283405
1867,0.013598422348115506,0.11171445833696468,0.045529142529341364
1868,0.013523149535818766,0.11228369761826962,0.07246361956439132
1869,0.013296996634735752,0.09120743415529323,0.04873664985947448
1870,0.013013068101815801,0.06603515074177108,0.06969674016624011
1871,0.01298596742173306,0.07569907878886305,0.062394111598323074
1872,0.012895786683524618,0.0643061632293749,0.04160743014009183
1873,0.012952282515917098,0.07020275041973452,0.09833185801554933
1874,0.013242231190174916,0.08830068396588879,0.06359884754598835
1875,0.013310745689189387,0.08963694594196742,0.06974549122952109
1876,0.013770280387624761,0.1243505653582167,0.01678675975913745
1877,0.013268875279767051,0.07873086181156935,0.05624570088132644
1878,0.013058658257178384,0.07115548290222162,0.08548404596113152
1879,0.013066341780215297,0.07605752813441011,0.05106430720266139
1880,0.013157857396772511,0.07681491461569308,0.06576360606464955
1881,0.013035808666044351,0.07256637309419352,0.044041284154284974
1882,0.012906071030635801,0.06279732360561636,0.08396553213187506
1883,0.012900414926604563,0.06092824520500627,0.08682078061499197
1884,0.012923974979341519,0.06918460274481715,0.051322807417408335
1885,0.013112034244702284,0.08307359365344694,0.049332345442896136
1886,0.012918331916573244,0.060886437258169245,0.05225557486065685
1887,0.01291567272143918,0.06818499713727726,0.06596548596204338
1888,0.012847431803077156,0.05575350506880098,0.04741660218882321
1889,0.012900625123751792,0.05787954079806651,0.05462904227088465
1890,0.012840447067685242,0.06298569454867363,0.0375836178387952
1891,0.012976096993283634,0.08498419392739266,0.010282699983757599
1892,0.012848936462966696,0.08060040754580455,0.0437673505045182
1893,0.01298417008292399,0.08895005133474326,0.05469667702433154
1894,0.012754549494398587,0.05861952294705018,0.05871614174952807
1895,0.013113337571524135,0.09980431287667323,0.06595222794064083
1896,0.012742552491441789,0.06485107596106197,0.05037965365832023
1897,0.01268342099630001,0.05962215012731781,0.05389231065382138
1898,0.012800745295449742,0.06591091526040074,0.07110022572434804
1899,0.012730521509103022,0.05948890751953553,0.019964994352042267
1900,0.012713109395976585,0.0675779455572205,0.06676581539920955
1901,0.012665397306875183,0.05392816653727231,0.046483027875910216
1902,0.012818154466316121,0.07729975084129692,0.048790407728473796
1903,0.012654591782650005,0.053347962939573494,0.027196737648010456
1904,0.012909249736338068,0.08075360924632372,0.06221668804667515
1905,0.01274451990722593,0.0608099492776594,0.06662245199773567
1906,0.012871335607721895,0.07491922610481923,0.07826962748801612
1907,0.01279443683073857,0.05867610114424939,0.06103279020005799
1908,0.012933421554832186,0.08736537529840467,0.04250091847562066
1909,0.01283894266421927,0.06637141650854594,0.01981725704630766
1910,0.012873081109165022,0.06438180212834564,0.08202855761279373
1911,0.012787141547321378,0.05969765458905388,0.08300463270429863
1912,0.012879785482784041,0.07159316374352173,0.048443777534026344
1913,0.012928347300311657,0.0807527460305024,0.0342795254493143
1914,0.012956478005399692,0.08326017119865058,0.05133203910963227
1915,0.013296006477537592,0.1204916333233882,0.03339408587354686
1916,0.012777702382028156,0.06651047671776843,0.028401734722420014
1917,0.01307016251692243,0.09709415949357107,0.04812147105953277
1918,0.012764595629599987,0.06312101882826433,0.06003308716178861
1919,0.01271957793366646,0.061402569706158996,0.0389278966484822
1920,0.012662824323856103,0.05889336833294702,0.04492670640751111
1921,0.012734649325223335,0.06738000436227677,0.06411896051574159
1922,0.012846555570129956,0.08003307865295825,0.10027206474736496
1923,0.012842507729625875,0.07515797978828034,0.10141983977870095
1924,0.01262766865886866,0.05381993158452476,0.0394163417354424
1925,0.012625249913181149,0.05220822322385773,0.08978351324242609
1926,0.012931102500127314,0.07950199136499238,0.03559492198882467
1927,0.012700807558626933,0.0596919781407577,0.024659559378537824
1928,0.012939053867974731,0.07838204897327498,0.031071657034000517
1929,0.012817475879124546,0.06215219832973554,0.12785698222542524
1930,0.012754919315115297,0.05974467434676935,0.08173141503817746
1931,0.013028007533100367,0.08766263374880956,0.0395514227843375
1932,0.012724422996380845,0.05386459110021615,0.06338585115385374
1933,0.012932429604550393,0.0725534947922028,0.05649973297275436
1934,0.012778104096004729,0.06148022845891454,0.05478966216977953
1935,0.012746911143857566,0.05900194646137637,0.06944904798489135
1936,0.012819930537392403,0.06546999955278587,0.058711046125692036
1937,0.012837123258623335,0.06938881702388851,0.027314245016738792
1938,0.012772146860979942,0.060369384983661296,0.030806428627062735
1939,0.012875053029991455,0.06528601888017437,0.047328102432962864
1940,0.01275771586989092,0.06418262232895963,0.045691888200711156
1941,0.012894875433720997,0.0694321692591137,0.01488926718090574
1942,0.013028653386945577,0.08766352860271628,0.054170442105947014
1943,0.013073936397933831,0.09499067876238651,0.0616715278369426
1944,0.012822986751482345,0.06417694362398393,0.03350101530710811
1945,0.012724973569394156,0.06250359820117012,0.03923697003411324
1946,0.012584816357898545,0.056809334576534136,0.05173435299573062
1947,0.012642361569619658,0.058717034186246006,0.017381922758667134
1948,0.012901979411462641,0.08529516937532441,0.07203050933966293
1949,0.013042956596199463,0.09702534370784573,0.07927594065276722
1950,0.013038171738541373,0.09300994276615616,0.1125409516232029
1951,0.012753490734102204,0.06747913657718045,0.04813346515368692
1952,0.012982697890170498,0.08326071426882234,0.03842014143599426
1953,0.013312824567775345,0.11225150597735355,0.10602575180233167
1954,0.012837267061799195,0.06916487901166204,0.04152396826627466
1955,0.012690029739275747,0.06792139436839946,0.03080113137125039
1956,0.012524335315082992,0.05034256232538328,0.09123596873220327
1957,0.01284013343255598,0.09505962831548949,0.11171430990253893
1958,0.012495285157318696,0.050234401262669384,0.07997653940175946
1959,0.012663677443102307,0.07218485987361907,0.04977636822293563
1960,0.012750336440755218,0.07741740636834049,0.05483663707297177
1961,0.012843504465723101,0.09135144835096402,0.06956999880054152
1962,0.012696383455629295,0.07201102252057767,0.04861318220144517
1963,0.01336654573808971,0.13368327070075375,0.05468887129878294
1964,0.013095603615801924,0.11611086453796846,0.02452810140859085
1965,0.01267956597038214,0.07386890624701992,0.06107978889349789
1966,0.013163036507946198,0.11621154865311037,0.07315895303560457
1967,0.01281678893554878,0.08955974385151097,0.020031599133568456
1968,0.012606709542822123,0.05735485098886696,0.0697923441779497
1969,0.012661541126640407,0.0546113418872366,0.04821916231738931
1970,0.01269156622598698,0.067686456016009,0.03341391590034238
1971,0.01260285571242932,0.05490694755975664,0.048675793537187956
1972,0.012654348389219612,0.06495930416692966,0.04382046019495824
1973,0.012549710688302376,0.05260630944241221,0.07608542983632025
1974,0.012756834529568994,0.0728638457350428,0.05443670708623351
1975,0.012903549331005777,0.08520823067595429,0.024921730782983927
1976,0.013251463613056451,0.11687173692748747,0.0789205551144694
1977,0.013240955998366114,0.10657125550605179,0.1132216948982828
1978,0.012812605827046799,0.07179137486285209,0.057314818839946456
1979,0.012864753985372875,0.07520430764710677,0.09815648946351496
1980,0.012694028025881416,0.06158681348526204,0.022549528590323727
1981,0.012866649340960417,0.08020366668650841,0.06480337912620646
1982,0.012902843082268965,0.07577354459599271,0.029855331737450776
1983,0.012912842189309761,0.08120555638307168,0.033933704736438086
1984,0.012830564175447891,0.0669042717105043,0.049231696751192225
1985,0.012898017838437581,0.07134789581879464,0.05959263938961278
1986,0.012825360446570302,0.0712526216528147,0.06333922106845723
1987,0.012732080040398339,0.059152576789069225,0.08268614063118997
1988,0.012784145080550108,0.0639472576997646,0.03510670888608099
1989,0.012858804130210432,0.0794427536222837,0.02777766845680948
1990,0.012704742101074364,0.06075017586503428,0.03723865246976749
1991,0.012705251516597673,0.06241900472116892,0.06541656671278817
1992,0.012821498578998097,0.07776762708530559,0.06844240847658105
1993,0.01263004097543475,0.05760958764108876,0.04325725349932169
1994,0.012634403837102499,0.057898766342583015,0.06521019981348544
1995,0.012651772831560144,0.060153497694846875,0.07895358936588984
1996,0.012578800212083841,0.05226527914055414,0.06804907833474176
1997,0.012631882642674782,0.05384438421411361,0.05997862088988025
1998,0.01262256726033228,0.052678687521177894,0.005806208385604419
1999,0.012793035612689735,0.06355592716288631,0.051888431312005184
2000,0.013024313420711992,0.0873993966474366,0.02815452696317342
2001,0.01281759042225426,0.0614592573947384,0.05353169614478502
2002,0.012976643354127787,0.06861045036685837,0.0673125551130001
2003,0.012967796747877154,0.07806411346597182,0.05610785180706049
2004,0.01308612636358475,0.08837463117885498,0.040610716524067954
2005,0.012717273480884864,0.05733427071981448,0.042379795791609026
2006,0.012802093683349912,0.06699012443404781,0.038375210269212
2007,0.012706813642905638,0.06009089952779057,0.07673242808629893
2008,0.012818367874900004,0.07040537767146746,0.05936600367668527
2009,0.012848610061774873,0.08079221802790124,0.07449445603755572
2010,0.012694235135241384,0.06007225595277518,0.06645532369935915
2011,0.012552035029108344,0.05154251393104616,0.0674968030140333
2012,0.012637449354750254,0.05550991598390478,0.07165829280369598
2013,0.012666887531684084,0.06150277509154213,0.08534871646204123
2014,0.012609141321572261,0.05633640280840321,0.04019840490364452
2015,0.012861298479396953,0.0845166476569785,0.05547644960450767
2016,0.01266639774950293,0.059230424458607614,0.08016805580177866
2017,0.012857368519007421,0.08114459627894702,0.16261409125275522
2018,0.013220313436544605,0.11597331823404383,0.06526694267365205
2019,0.012861366356226228,0.08115192643884729,0.025919817559587992
2020,0.012699630028595787,0.06989025040320816,0.05353325643065923
2021,0.012687869394709487,0.06970637427692718,0.05672315239551261
2022,0.012593509905458575,0.05287550968990435,0.06391733514672557
2023,0.01260607458349942,0.06130970390104791,0.03614254942358277
2024,0.012597080205784796,0.057793656549220085,0.07134989887595936
2025,0.012660712720794316,0.05986430067130543,0.09994039405384647
2026,0.01278920218857875,0.0791309874353333,0.056105599260833715
2027,0.012690989198254458,0.05813816065356537,0.030806244591009842
2028,0.012819270426905,0.07320315854132406,0.04772952318251241
2029,0.01275835975454004,0.07822914270757417,0.04737322100799948
2030,0.012571396970828484,0.05144961567337911,0.07279968723027487
2031,0.012794274045332956,0.07907558244140542,0.029131365501072135
2032,0.012862972776988918,0.07935130989622544,0.05160144287880419
2033,0.012994299556915098,0.09426978570002773,0.04362706734442733
2034,0.01265490466505077,0.05632614982640289,0.052137481991178396
2035,0.012728539509647339,0.0640575915161821,0.08907440058882551
2036,0.012871930444003955,0.07570310984892846,0.050900653427275865
2037,0.012595603230819135,0.05515509271805406,0.04218158911164612
2038,0.012885125962337169,0.08782468445385161,0.09394100358791663
2039,0.012834579655916488,0.08353344586567876,0.07917168068111947
2040,0.012677405201409985,0.0648542847794741,0.035385242152754987
2041,0.012659027291012079,0.06542360128747221,0.04123651819710093
2042,0.012554127584862943,0.05692400627560256,0.05898993265580509
2043,0.012594131546034386,0.06110629435302409,0.02872879313850337
2044,0.012684713329568427,0.0707055291922961,0.06675614730397628
2045,0.012616708034342727,0.06028767923284881,0.07812636264672297
2046,0.01267684585393995,0.07003520706337714,0.04317098844862681
2047,0.012711099417094647,0.061238703943533014,0.0674647513885509
2048,0.0126882458411224,0.06482899509496183,0.06795170043104787
2049,0.012614121797471012,0.05870537329462508,0.05727240094950715
2050,0.012922370946576485,0.08707621991823364,0.0776395111300328
2051,0.012715363298875324,0.06252008890873319,0.05482239300749532
2052,0.012856661722534227,0.08173356828821267,0.06805838362469632
2053,0.012790143564512298,0.06770846134864278,0.0755976983154826
2054,0.012774888413801347,0.06471186017302931,0.06368283393773852
2055,0.012742182654787371,0.060111748439553414,0.031027433785433947
2056,0.012814799031620795,0.06450360566270096,0.10860108082717701
2057,0.012751966123773203,0.06566828965576163,0.04837645217644731
2058,0.012832305231379343,0.07267790299812409,0.023437783583292293
2059,0.012806978921967452,0.06310446323832296,0.06675626509982331
2060,0.013143972933922287,0.09805250125147703,0.045073919994095005
2061,0.012913453480513435,0.08079150170638288,0.04470625014969679
2062,0.013142785593423183,0.10840434334720817,0.06220170458472138
2063,0.01297161541217432,0.09625923893497547,0.052566230006078456
2064,0.012692829179652029,0.06522442939701026,0.013276098557259614
2065,0.012729500059323526,0.0702592674536529,0.02223538632301486
2066,0.01309565655591732,0.10799565903248626,0.061105716663666654
2067,0.012669835809734575,0.06706777112836289,0.0422589737930787
2068,0.012670075137367695,0.07186288380587925,0.03591186957641284
2069,0.012526481710512537,0.05516958741353587,0.04439738387332175
2070,0.01258748610375322,0.06758374755687374,0.021212263031425437
2071,0.01257300346065326,0.062035044356536874,0.05935082544438684
2072,0.012696553877791117,0.07290452804334419,0.05596238185123223
2073,0.012608463741110472,0.06132638250555427,0.06538914432375519
2074,0.012634638049958789,0.05861436958275182,0.05293909856876432
2075,0.012761282531972258,0.07633706468935282,0.06742492172259128
2076,0.012634987873740927,0.05564905508099759,0.0953493419891354
2077,0.012845251738895877,0.08222267981317052,0.07955433138949176
2078,0.012615382842318345,0.05473293117973586,0.07553919532495068
2079,0.012626725166249447,0.05505841607309081,0.052911631254525755
2080,0.012726880832386402,0.06071874381223242,0.04589556973992198
2081,0.012561046128895284,0.052456427935434057,0.03294871633722901
2082,0.012612981404591665,0.05555369045239572,0.07416266403205966
2083,0.012640684188646127,0.055441802410123475,0.06718029273004096
2084,0.012631740968747236,0.05259176279421014,0.07417391121007869
2085,0.012770917998381431,0.06938626953262253,0.03133031519947918
2086,0.01276202795783084,0.06484919822818579,0.07754571252651181
2087,0.012907560258673774,0.07205207692642349,0.05233417141586248
2088,0.01308870115478418,0.08978214307193139,0.06395889798311555
2089,0.012830054589134695,0.06553620953342046,0.08377430794630876
2090,0.012765113649284612,0.06429961203408938,0.02967600066062954
2091,0.01301125339875753,0.09225245401446226,0.053547355287152244
2092,0.012994127472339412,0.07820127151416512,0.07859770777767514
2093,0.01288945807710299,0.06583000776109763,0.05035978972810722
2094,0.012615304577325633,0.05437802215476429,0.029984078537430663
2095,0.012722237879215016,0.0653556479592315,0.07855789013544517
2096,0.012785205766237075,0.0726076809954221,0.07011968704557478
2097,0.01270898613930422,0.06300323200865349,0.08221912070822743
2098,0.012848591741126583,0.07745133831771348,0.07260850602560716
2099,0.012584896044935763,0.05322943647113937,0.043652805708826736
2100,0.01269982903998111,0.06801845520965225,0.05301474542144909
2101,0.012830445564942807,0.06504309448776897,0.02864774172731506
2102,0.013071947348276379,0.09123190212733175,0.08706526997974826
2103,0.012956291825174058,0.07732445739184043,0.05288867722275418
2104,0.012835450690205627,0.06603654302744888,0.053830176534979395
2105,0.012933293780651181,0.06527762556973088,0.056563677822878015
2106,0.012856857071216556,0.067614149313526,0.0640538712092254
2107,0.01293424098080938,0.07883949969229571,0.04268034600688607
2108,0.013077982283675496,0.08994599171968151,0.1037112442200097
2109,0.013211193691977565,0.08517602058950888,0.05100592722471084
2110,0.013111188350273667,0.08655362422266222,0.04646083429305274
2111,0.013109307720566824,0.0885558887234957,0.052496025352617326
2112,0.01301470137340607,0.09698080673930505,0.028731884846706898
2113,0.012650087720539526,0.05421693687975077,0.048570274258626166
2114,0.012730557348937422,0.060756940454550636,0.09354223768506928
2115,0.012938603535240718,0.08322904318580361,0.04760461339500393
2116,0.0127843271460888,0.06373822290663114,0.02317604349709745
2117,0.013054516460920772,0.09973322533908792,0.04987427027563758
2118,0.012743457123969066,0.06951215917978776,0.029157418756966084
2119,0.012649785637081846,0.05831133568322566,0.08345373435134643
2120,0.012721046561123665,0.0798601900905173,0.0365664258692264
2121,0.013147915948908016,0.12281742645058047,0.03583958953445976
2122,0.012596842850963927,0.06687310868738167,0.06107944924265458
2123,0.01253911845750365,0.056058240017014975,0.06293293022972736
2124,0.01255350932977752,0.05821442167673047,0.047754773431643034
2125,0.01274644656662675,0.07942739601872291,0.05670933966474791
2126,0.012814598480670604,0.08894339150849821,0.056059424384743275
2127,0.01256690275154857,0.05713444225884141,0.03162440294239967
2128,0.012774207763470925,0.07018387386091414,0.06373352494479406
2129,0.012687906235691675,0.06810367410636266,0.01364321045209887
2130,0.012734845631904308,0.07337281654334227,0.08120244415089783
2131,0.013058848535987839,0.10231960850845058,0.04379279573696918
2132,0.012579813776783737,0.060869152055634854,0.0373464741876412
2133,0.012643419747334605,0.06457202446729073,0.09377746684598522
2134,0.012991020553951375,0.10297892153116021,0.053957653325511605
2135,0.012661273401359096,0.06334565063830382,0.034889758227254146
2136,0.012736250571095568,0.08093913573054917,0.06999120089284414
2137,0.012535255306208857,0.0544522889276655,0.05873827470598242
2138,0.012619287659963336,0.05879966236477136,0.05338420819796943
2139,0.012748703360965142,0.07399099594843146,0.01853060665451276
2140,0.01261636224161454,0.06264724661098708,0.05526647944853349
2141,0.012556999699598658,0.05587070681255245,0.07580004861464056
2142,0.012569626257466044,0.06468390715894488,0.040314755536971295
2143,0.012486708652533653,0.05190682324969342,0.04606076819162084
2144,0.012587481308910941,0.06637113081390278,0.08615050187187333
2145,0.012420684265198058,0.04843351093959361,0.05713346435706472
2146,0.012449469868327942,0.0553057415053882,0.03876162872447782
2147,0.012616096861068059,0.07268128871303316,0.07621153483768629
2148,0.012417721189732254,0.052758639084225824,0.07368591762626962
2149,0.012496501026217513,0.06032703721312011,0.029154423214300958
2150,0.012825002895767964,0.08663792507852346,0.0624652651085162
2151,0.012656794380567438,0.06610375395263779,0.06527869854936258
2152,0.012606679428511,0.057743240259205166,0.062097259577752806
2153,0.012604279411539228,0.0594674960427933,0.0725729589586245
2154,0.012686497497121186,0.06769456293459314,0.08609880395220407
2155,0.01289941802647486,0.08097025345421195,0.08507067002222138
2156,0.012705892280302496,0.06720719459552696,0.06855778181470946
2157,0.012888852730590619,0.08575723994029315,0.044437894727629275
2158,0.012618738582514324,0.06244757546459569,0.02727222865250119
2159,0.01265803574139477,0.06806835601525851,0.06968559553526323
2160,0.012695177869331938,0.0750681447331912,0.03255115341293539
2161,0.01252404322437442,0.05158979859201803,0.057249795563287624
2162,0.012698123127727739,0.076319241977022,0.06760611423968592
2163,0.01262498956086348,0.07418389710464923,0.055758978958617464
2164,0.012416046757813291,0.047881429405711655,0.053184494099214885
2165,0.012398456092796127,0.046240362966497285,0.048086386920513376
2166,0.012570573242531156,0.0633998967455892,0.07443557817289184
2167,0.013183655776907078,0.1257352883999181,0.061465535306579645
2168,0.012944485794341704,0.10810503408179571,0.06320397592960045
2169,0.01254355826458874,0.062169801697008184,0.036934422109042235
2170,0.012578750011648236,0.06708718628242655,0.052188366069188544
2171,0.01256125022296448,0.059853128692596,0.05863002394137897
2172,0.01264582607277156,0.07014188119444502,0.08108462503878268
2173,0.01288790696538994,0.08638319046611988,0.07864039045702256
2174,0.013383538990776224,0.1293643255869741,0.06318316124858306
2175,0.01304919124328656,0.10832543588728831,0.04067083833334393
2176,0.013078005697464562,0.10957938294912802,0.03716519776811093
2177,0.012937156335621267,0.09657231541666157,0.04249439526307463
2178,0.01316849398130028,0.11501568519000105,0.06523640914222366
2179,0.012705840896826623,0.07554262988538024,0.06336210230422368
2180,0.013056795730193003,0.09970712644052483,0.08002383933216221
2181,0.013079969659700335,0.0972640551128937,0.12964021910965517
2182,0.013310959455981961,0.11518886933977407,0.07139337548556174
2183,0.012994420184978765,0.09296120412249649,0.031164462637481287
2184,0.012854392111420648,0.08257384115528647,0.06262978777792787
2185,0.012842993664256333,0.08176580311965016,0.03063753121149354
2186,0.012484045460234898,0.052840154415661277,0.035735159793986074
2187,0.012560733302551025,0.07147687130081866,0.02958629756074659
2188,0.012699314117263025,0.08292526467260336,0.01983805636183041
2189,0.012756161948795423,0.08541000838394423,0.049229618584892
2190,0.01256819300409182,0.06702295862810405,0.024599888975342165
2191,0.012661703734597204,0.06976846967158955,0.08342940481362937
2192,0.012518240958720053,0.05784840414952206,0.07158620784724598
2193,0.012747378206567189,0.08117528037794594,0.05734614614517768
2194,0.012673657070609912,0.06225200529729281,0.040065758719622986
2195,0.012800475565731195,0.07111848038457123,0.034201297890209266
2196,0.013113862319402217,0.10634150762622033,0.07576830673041501
2197,0.013566177247964856,0.14160563294610234,0.050405306357422665
2198,0.013207378655604545,0.11733054493993475,0.0795181135125195
2199,0.013311814644201095,0.12210437223248037,0.0900898890470029
2200,0.013007706782152632,0.10324331327384592,0.040610918603129535
2201,0.01278916459286502,0.08150132981257384,0.07180823784823703
2202,0.012620346932417563,0.05634751020466248,0.05094855002314189
2203,0.01258480542019724,0.0580155597075718,0.03546358169299896
2204,0.012616097149725017,0.06974920493807485,0.05486653205561391
2205,0.012728163701503283,0.07620789996026137,0.07572125493885794
2206,0.012729757484136196,0.08239702243998344,0.020707974980188164
2207,0.012822140010450378,0.09578243792976013,0.05439972467134371
2208,0.01266194131830822,0.08043910736208913,0.06625957133093799
2209,0.012463090293346484,0.051894206427404874,0.029478046654668903
2210,0.012590699623303383,0.07117647199170285,0.08099048637601254
2211,0.012646965706498887,0.07481289406401063,0.04385460921100483
2212,0.012572959312704924,0.05615699239375428,0.06483687225702152
2213,0.012683026238699286,0.0634606579309306,0.05603878160192365
2214,0.012768327799146736,0.08090224838131234,0.04763314134841961
2215,0.01258331916291135,0.06559079102134416,0.05034920949638746
2216,0.012695439885749353,0.07793064850249205,0.05025144851015208
2217,0.012857076932581535,0.09504256785306078,0.04552165758132641
2218,0.012822574924949924,0.09294467026264648,0.04453396496847875
2219,0.012766771859867803,0.08077742040195568,0.05423343951941312
2220,0.012585415364957884,0.055601168693934284,0.06017010094521422
2221,0.012674176951649624,0.06809186452865082,0.06961446491838538
2222,0.012822975716807896,0.08043584710431687,0.04251727145076646
2223,0.012547855201402633,0.051305210413787564,0.06029160212793788
2224,0.012776108124827986,0.08254377119988639,0.049107872702467234
2225,0.012568847798801469,0.056255415321621115,0.043385879535424575
2226,0.012660672295483235,0.06008787345268439,0.015068211888872566
2227,0.012765976985489834,0.07217800921208628,0.05596152402145484
2228,0.012800511770259657,0.07561177755514843,0.040804782081772475
2229,0.013093082124522384,0.09843672176851068,0.1071365935147545
2230,0.012894818814824866,0.0826109651930017,0.06446580562893882
2231,0.012638754398679597,0.05647640817864689,0.05082180820199108
2232,0.012736851973588243,0.06809100568975061,0.08227032831329738
2233,0.012648988802586624,0.059545894741354057,0.09198743698247792
2234,0.012679894525887084,0.05995473354961279,0.07345210967388958
2235,0.01249363868142849,0.05378495359344729,0.01713025900993372
2236,0.012667911133855878,0.08019936836862747,0.01988571082360898
2237,0.01254476832480081,0.06313537599105969,0.08504915025200155
2238,0.012519932878796915,0.06432532962885053,0.05943455359171683
2239,0.012509815914236276,0.05910805429103991,0.04010225679445496
2240,0.012466923592378507,0.05897839750395967,0.04056357469270038
2241,0.01254751409794128,0.06826599859228093,0.05717759795340978
2242,0.012465118921522215,0.05897154055193938,0.05778252918672459
2243,0.01277759353662525,0.09080104680693256,0.029114202933952355
2244,0.013369092388619278,0.1296798707205882,0.012614639140513978
2245,0.012859925404618654,0.07903373090222911,0.05881215547764422
2246,0.012723053728627188,0.06388319350057518,0.06390124790880228
2247,0.012640898602801058,0.06372505379245048,0.046664715012121105
2248,0.012706778964810456,0.06801681032242404,0.03280278940594083
2249,0.012820852266109352,0.07278177609446436,0.013200017646916602
2250,0.012857248680350385,0.07623903595366839,0.05831304062336321
2251,0.012874680332641778,0.07496080499969704,0.0658480485108203
2252,0.012940515813805077,0.08081156459527808,0.04630737550926509
2253,0.013455588833017005,0.1266269441424653,0.08486952007301928
2254,0.01342520000190749,0.11959164114705817,0.07881458090131517
2255,0.013698539155186625,0.1366042479886109,0.03357031696621972
2256,0.013178776394884366,0.09416274337897132,0.03866056383464901
2257,0.013098577096483736,0.08385140872828344,0.0465020119403774
2258,0.012943094421285632,0.06822321141158579,0.058895645994573365
2259,0.01301657110786294,0.07615621592268282,0.06622123852676737
2260,0.01309000614832689,0.07759425140006261,0.04853173063746936
2261,0.013157318026628595,0.08030772649571283,0.0587559247585924
2262,0.013181192864799416,0.08105885559517419,0.029941624861325865
2263,0.013044005316992803,0.07085471490269468,0.056641890597005425
2264,0.013261343058333371,0.08860527335823316,0.05356156639776148
2265,0.0129862539559541,0.06605527986716976,0.08888846880377248
2266,0.013203454384243958,0.08378489476939281,0.04205280121551831
2267,0.013515963762032839,0.11258831872383265,0.054686826068036494
2268,0.01324342301794996,0.08664092920075288,0.05768863872783783
2269,0.013095492413870391,0.06980291796910512,0.07160770421324093
2270,0.01320936645627876,0.07802837029917992,0.04815598571972599
2271,0.01289435635433507,0.0685170978157621,0.028843362235208978
2272,0.012894179099927535,0.06912250183599655,0.10813567367127053
2273,0.013041009885214344,0.08177271287104027,0.053935544189039356
2274,0.013282026798167241,0.09296754890545778,0.035060173508062786
2275,0.01329590681963507,0.08441085687150142,0.06353817437544325
2276,0.013260001610343622,0.07929423850684018,0.09377557174450643
2277,0.013172147939349838,0.07165005140202647,0.05367204019312062
2278,0.013230675601974277,0.0852077134760968,0.04564234490994762
2279,0.013153189960606422,0.07691809893522511,0.04267866511798889
2280,0.013045712388019085,0.08374488997624309,0.02793630758170483
2281,0.01311926048820619,0.09398180726388772,0.047046312409824174
2282,0.013193067162271739,0.09660275378144231,0.058576183922836
2283,0.013375867283043259,0.11516968725273247,0.059716248328668994
2284,0.013506648442637489,0.13401578450017804,0.023024113651844234
2285,0.013364608691190447,0.12483043173889709,0.006117773772877037
2286,0.012703915470398069,0.06653382518002762,0.037965566779011244
2287,0.012695183745087777,0.06527622440216242,0.05408275956597629
2288,0.012891591507029863,0.09120688720617524,0.040368917536347436
2289,0.012817892407750782,0.08021452657709952,0.03576207535394707
2290,0.01258223751611484,0.0657403074452817,0.034359896339352866
2291,0.012623545559909525,0.0709694627534583,0.05004927048381511
2292,0.012577243880106084,0.06506699758315111,0.07097273161235984
2293,0.012485014619915599,0.06260759115480734,0.05750664468955983
2294,0.012631547936688173,0.08102982519129119,0.0395271145864278
2295,0.012473218030415687,0.061331492698004524,0.04739101577849245
2296,0.012502645110748153,0.06702321939566769,0.0954288175296183
2297,0.012541071394738895,0.06935538306761634,0.05737658665147603
2298,0.012438861887444815,0.05960016792177305,0.056807477514932515
2299,0.012487850065487931,0.05786895827030408,0.02982448909197421
2300,0.012461002936400298,0.05772438920642207,0.05329917147033814
2301,0.0124769647528967,0.06225443285076654,0.06091934621770437
2302,0.012467684064917585,0.06122529141663174,0.044280612981834326
2303,0.01246358179216817,0.06017993349059351,0.056691907151002814
2304,0.01236310963287501,0.04872378948715502,0.019203746059319363
2305,0.012573675077489906,0.07098000847946322,0.07264629561042447
2306,0.012583731966485604,0.07246562598301014,0.05199151975500729
2307,0.012446681865879924,0.05729688443080624,0.05209024035013676
2308,0.012585929124349898,0.07625326449232299,0.09745081504781444
2309,0.012708263634639654,0.08868198049877639,0.024526174177891963
2310,0.012711258635371273,0.08792905865186107,0.07671262917103729
2311,0.013102592693421854,0.11337752845023046,0.04477404646648945
2312,0.01278506749438719,0.07865313372690982,0.05683943160286167
2313,0.012709290782273907,0.07337436812089838,0.07499044193615835
2314,0.012648430413419407,0.06449065935447056,0.0869604138428226
2315,0.012673326905974861,0.0672171110969355,0.09246608821881729
2316,0.012589409608393432,0.05799237594453146,0.07256344322543913
2317,0.01266645421953718,0.07321142130922323,0.06889663409528388
2318,0.012572383084484573,0.059492658135693016,0.05995249049368208
2319,0.01260442550872983,0.05955962417837495,0.05334936054189638
2320,0.01259946414972792,0.06476184674614517,0.07328574850036156
2321,0.012602292257038085,0.056333715330536376,0.060996047453528254
2322,0.01281387772837232,0.08535936510306148,0.04229109065774971
2323,0.012648683368388135,0.06339417348641481,0.041242184217101636
2324,0.012640500537314046,0.06309960228788454,0.08492595196712324
2325,0.012859866124032933,0.08804866889455572,0.057607037631898894
2326,0.012833628458289045,0.08981458888451138,0.012798451839327395
2327,0.01300741213141326,0.10057713066100976,0.05927179599122736
2328,0.01273166915256682,0.079208705894555,0.062491009899648
2329,0.013079645647341724,0.1151855010542185,0.07904955796890603
2330,0.012573334337504113,0.06897719668466157,0.03190577706068244
2331,0.012445597652097715,0.051226810221265066,0.039041405980153196
2332,0.01256522159437206,0.0660073918742141,0.05082226685174545
2333,0.01258928062139564,0.07567332232285795,0.0770227467556905
2334,0.01237745108192172,0.04835561766153004,0.02437688103243708
2335,0.012505844886371582,0.06629236499034347,0.07316082174011014
2336,0.012574439280805368,0.06524052723173737,0.03536088520745091
2337,0.01254780128254041,0.05909510147850406,0.07005268445698745
2338,0.012519215191343535,0.05636584199694977,0.06292158995473626
2339,0.01254743440772382,0.06000203159461815,0.06181676373976024
2340,0.01252829151187042,0.06646812005072576,0.05828562264421085
2341,0.012528634118037433,0.06041579843908965,0.07148551989274929
2342,0.012575555439475982,0.06900242058208304,0.042763756295168834
2343,0.012503407523672717,0.06138899806546784,0.053163555117126726
2344,0.01264609398334672,0.06294808533796985,0.034090808592438515
2345,0.012826117816192152,0.07822670341047297,0.05282272117605389
2346,0.012714493661388966,0.06205502480607841,0.030685452895750403
2347,0.012741240754036546,0.06376056507762265,0.08692260313607462
2348,0.012930111406517156,0.07987826047657624,0.06299067953111609
2349,0.012993146152994463,0.0917531250695749,0.12184313572992037
2350,0.012770791750267256,0.06650780969046181,0.05475035651863075
2351,0.01282370747041428,0.07633381753519838,0.0836477647696931
2352,0.012984718298007986,0.0947625683510074,0.060777938572691335
2353,0.012901357225625552,0.08877247396547852,0.06583457947059261
2354,0.013391448386497052,0.12465143469935208,0.0653612513417727
2355,0.012972564817497692,0.08904152021810015,0.020065238435556826
2356,0.012793020689014981,0.06821357002815459,0.10590703636501454
2357,0.012590707192455326,0.06216818974411735,0.024395657604583752
2358,0.012601150685112743,0.05956603537619604,0.05512459359620462
2359,0.012505282045614225,0.053176883287707914,0.0796776781256205
2360,0.012546526695015223,0.05857489558794676,0.06720859805679216
2361,0.01258145670241706,0.06802569943219165,0.04840913071421803
2362,0.012480907963252602,0.057139452355780995,0.052293185592477365
2363,0.01252506328891514,0.057099300440165736,0.08223235636182823
2364,0.012621322689720941,0.07141331694816555,0.06707612884794197
2365,0.012727958894137912,0.07978874106228637,0.09047212559951641
2366,0.01272419056803636,0.07703276041413396,0.10212573115633218
2367,0.013043763323586076,0.10745366072236485,0.07831658135237271
2368,0.012811726714929304,0.08592336216865054,0.057355305388027134
2369,0.012569612580340466,0.05804447277806698,0.04631417650607802
2370,0.012679732334553447,0.06554484316689495,0.0655484545221381
2371,0.012618368114453417,0.06472198756352532,0.06751295842807332
2372,0.012573842924256196,0.05514756990009396,0.02571028433803443
2373,0.012578386718308705,0.05945504609394051,0.024300120579759082
2374,0.012555763546201679,0.059751198026754174,0.022833604975136448
2375,0.012442845608213451,0.054047061074603366,0.044933242328347854
2376,0.012469772141691876,0.05440625819833209,0.09283701844472711
2377,0.012580447300032722,0.06984533020377859,0.049873584370297236
2378,0.012998494211983418,0.1092963656071747,0.059327252593991776
2379,0.01273771574713231,0.08451157843631196,0.04457352967564884
2380,0.012900222647971941,0.09320037814448513,0.08519391370568867
2381,0.013449673522461448,0.1243991350867778,0.05139718848240833
2382,0.01288813197422266,0.08238131216514147,0.060758416115222154
2383,0.012716705666329228,0.07140807263869407,0.06373832683660029
2384,0.01266641381627355,0.07060943724944689,0.0712849474996118
2385,0.012914489460588287,0.09711547137958101,0.048961801764801235
2386,0.012613136844110938,0.058573507102065374,0.08578050310724558
2387,0.012531997927446343,0.05870855774215648,0.10207375061297527
2388,0.012520520146411227,0.05786530204067791,0.06573151926941158
2389,0.01249197202725855,0.05377223217436392,0.0925375612671945
2390,0.01250317361554631,0.05534641012092819,0.05714560573436249
2391,0.012510431621916925,0.05745067785669363,0.07829199131299072
2392,0.012521265923556471,0.06152889235780016,0.07532843954040712
2393,0.012544392847719117,0.06356055675026806,0.039451596707723975
2394,0.012507577921663508,0.05374438306302677,0.06703618583268592
2395,0.012613629496872255,0.05910700446105644,0.07126780814715368
2396,0.01271541194803882,0.06863162778682086,0.09093313812936119
2397,0.012624154377918766,0.06385555444751068,0.049391870426464674
2398,0.012616998616940397,0.06191658088290906,0.039821553903636606
2399,0.012649579393722087,0.056576361273244426,0.07024262769342511
2400,0.01279959809075158,0.07724285269734209,0.03635545868045471
2401,0.012686509045609827,0.06578070756801811,0.04971772164879195
2402,0.012809623208734229,0.08142162065058246,0.09281972067524015
2403,0.012675906048108072,0.0679259263178018,0.03484573698574765
2404,0.012684488825506803,0.06458456399360048,0.0788859845391416
2405,0.012821929389100687,0.08109316300542924,0.04210281408913651
2406,0.012571313057460969,0.058420146007235024,0.05141799435148703
2407,0.012555312600490335,0.06364522003731898,0.059279305807585274
2408,0.012630395404365299,0.0668514698103521,0.04828677044855605
2409,0.012728434286618732,0.07487813164154973,0.08842406274288561
2410,0.012807627581413699,0.0814225858741345,0.09523781582585647
2411,0.01273963746892084,0.07378441702872099,0.06052893386481079
2412,0.012747871855725748,0.06990259275684396,0.06527986179199609
2413,0.012663902593061835,0.06565208155734419,0.04121133852892138
2414,0.012629366888065088,0.06482973716215708,0.05566944172989943
2415,0.01311886975335688,0.11302614153941054,0.03946462915213313
2416,0.012617941772875842,0.061802233990754366,0.03742218507761247
2417,0.012731078550706357,0.06716040158442452,0.05178713456156441
2418,0.01263644782383335,0.059682733231450694,0.10205513215172386
2419,0.01268413248051623,0.06430746275382497,0.07514873606794181
2420,0.012730699067185125,0.07053024600351081,0.05828883589915842
2421,0.012758038555913563,0.08760434852291483,0.01678479038054582
2422,0.012429743448050872,0.05291957092300207,0.03556906025047961
2423,0.012567279260945809,0.06774123914821713,0.08173235990776474
2424,0.012799025099339474,0.08094993850404061,0.05595781078021623
2425,0.0130072232440043,0.10001253950055645,0.10878533752649255
2426,0.012914555486077102,0.10039398779624496,0.04739973768698154
2427,0.01273906468711254,0.08522690074559797,0.06582435567693028
2428,0.012578125641634196,0.07169451518032353,0.09259819234157672
2429,0.012392140200574593,0.04882586281392596,0.03955015275697063
2430,0.012502234021382655,0.0678962634113694,0.0593464462096613
2431,0.01234615666871757,0.047095801117226804,0.014309055076584195
2432,0.012506341471338313,0.07392041136301743,0.06475156338329442
2433,0.01241141907468006,0.05410505626459272,0.10133714605969048
2434,0.012525767571048884,0.07107292312486559,0.07429950416147227
2435,0.012605058791679731,0.07698029725878268,0.1020816433170509
2436,0.012545160394975148,0.060005049299256596,0.017721594408924544
2437,0.012608427947584239,0.07442334092434637,0.08320755241361451
2438,0.012472365732685082,0.05832946558912569,0.026921701882616857
2439,0.012580335548980052,0.06687508425310305,0.04786808627730555
2440,0.012683691299233706,0.07699193297927645,0.08936349929026437
2441,0.012530439599240549,0.061646620091470206,0.040905009276679956
2442,0.012663561919721681,0.08129861032670088,0.08047985565252332
2443,0.012480890216159557,0.051071064701997286,0.04971509978609011
2444,0.012548354515612644,0.05880449816816303,0.07531380389149642
2445,0.012567408550864467,0.06185766387048816,0.031156674588198718
2446,0.012568621612343444,0.06537637704069128,0.047420497123970534
2447,0.012728886776904733,0.0913167920611169,0.06681736402681208
2448,0.012572043936896518,0.06802460917882577,0.05264123900213085
2449,0.0125074356194481,0.06208170218733916,0.09136620366292138
2450,0.012589992873965873,0.07646174907774024,0.038172093267812554
2451,0.01270120738577924,0.08752982233347377,0.057957434451982454
2452,0.01240519370405528,0.052637326005885506,0.02744539984474716
2453,0.012571100939959997,0.07058471626099669,0.025725218354004292
2454,0.01248452454346771,0.05810521346782419,0.058191828433492944
2455,0.012567539891460387,0.060638347497769494,0.06953387461063874
2456,0.012595532865456819,0.07437352703690232,0.03530578827943743
2457,0.01301982677632051,0.11402980835665452,0.05559866376643548
2458,0.012650598529872542,0.08519357536398292,0.025006544057053524
2459,0.012436736852581239,0.05872215032776203,0.06821538001873345
2460,0.012674029280585126,0.07526216134957738,0.02274832632013067
2461,0.012534372467114065,0.06999809773705497,0.03416513361339342
2462,0.012884210771088584,0.09515133558997095,0.050062960708038395
2463,0.012592580189726144,0.06719942005206199,0.04302529003348771
2464,0.012655399898805772,0.07919957419609391,0.059854211094257384
2465,0.012503339359769605,0.05929483629934544,0.05830830769227605
2466,0.012480275453187646,0.05632535722550438,0.07309427785258031
2467,0.012451756649349185,0.05350797628107632,0.055180331980921475
2468,0.012553412761168534,0.06299210912879807,0.0995793981165555
2469,0.012807033359213692,0.08206249263730964,0.08414864652855199
2470,0.012719873572985435,0.06702288205173099,0.03713674128972595
2471,0.013160267408059537,0.09464442728538904,0.029070368076911563
2472,0.013177231596490783,0.08973885314620617,0.09376189159190311
2473,0.013118809923623413,0.09301901237128173,0.04330557255238816
2474,0.013121040745043824,0.08917636586899062,0.07084764406438127
2475,0.013314384910413134,0.1104291777245544,0.06440149832649823
2476,0.013886458010965419,0.150680718886589,0.11049133766043841
2477,0.013320198615305428,0.10758696675786614,0.0837926555607503
2478,0.012953458122324053,0.08120744620217564,0.041612098583218744
2479,0.01326982933763198,0.10818369671615102,0.04125070478913539
2480,0.012849065098325185,0.08228661351714615,0.059173333514036724
2481,0.012859575859445025,0.07941126442989135,0.048245771955493684
2482,0.012937033608391744,0.07899730480167041,0.06555725078319272
2483,0.012769730143764601,0.08107270365030199,0.05434237401357583
2484,0.01329752515027471,0.11506835479899284,0.022204970928130476
2485,0.012955001705237756,0.07907467548617828,0.04109504334962922
2486,0.012648695704026118,0.06713435906513708,0.045396629622695514
2487,0.012578581510189996,0.06986331683884517,0.032700233948111807
2488,0.012462966924535333,0.05384105025814888,0.020688889596197947
2489,0.012578343388923906,0.0754485164265125,0.0630932694762943
2490,0.012527814478954603,0.0721903255699832,0.03327968566831657
2491,0.012507923858159877,0.07420270340340301,0.09027899293981274
2492,0.012803149094318655,0.09552564996540133,0.021961645924989247
2493,0.012449797034952394,0.05580998735239968,0.02364664389437151
2494,0.012548723326099282,0.06507457352525604,0.039144869928093615
2495,0.012437651056366118,0.0520098453432347,0.06263661193049358
2496,0.012534530674403086,0.058177197524153026,0.08471758612813135
2497,0.012604324228327963,0.07749936078364439,0.023487153956215392
2498,0.01239641644554376,0.05070875688913734,0.05004774624415477
2499,0.012558203956957177,0.07720148463448712,0.04511040607839018
2500,0.012472081291033561,0.05639518868241776,0.06579767068992219
2501,0.01259063354826972,0.06709104193129062,0.07286595751874621
2502,0.01248551459181165,0.05725903953745833,0.02902152080569765
2503,0.012552431689826074,0.07418101404299583,0.06394508826900643
2504,0.012554160446720503,0.07239192813429585,0.07780898340881004
2505,0.012555831065196404,0.06161743953094904,0.023364981662720805
2506,0.01274505253631347,0.07507716769279742,0.02820599339484605
2507,0.012810734197583877,0.07575412236551013,0.09517422758514445
2508,0.012722254262260316,0.07367106278819588,0.04299866628522682
2509,0.012576697204767676,0.06359016915833603,0.03215197796059359
2510,0.01250893988045278,0.05870860043575618,0.021192173462337368
2511,0.012535953695783385,0.0631065439260169,0.08263608012300935
2512,0.012595970577754592,0.06194047540093599,0.07458939670250053
2513,0.01267581264143639,0.07970191347891924,0.04931323008247817
2514,0.012680104034004673,0.07654974595373022,0.07873748793883438
2515,0.013215763831434328,0.12652394077408474,0.06518645970080973
2516,0.012620441817061095,0.07350298031270353,0.02653636878543934
2517,0.012798094329804903,0.09191043995772913,0.01991304155029883
2518,0.012884831031415253,0.09763445570756357,0.06057669450004803
2519,0.012930951301641947,0.0913877551324889,0.054086055508402626
2520,0.013163881586888455,0.10945391192575132,0.03791228203394737
2521,0.01273805680881384,0.06775768574672417,0.045377415935755935
2522,0.012882041285446894,0.09245291278757804,0.09392664944947286
2523,0.012974146721509962,0.0983763949048904,0.0672232891097823
2524,0.013057668175586703,0.11009543203400506,0.08170785915018414
2525,0.012601104984431058,0.06791961668236898,0.045965950616047024
2526,0.01263677462266491,0.06771347690357861,0.08565402732511224
2527,0.012639748180107808,0.06677894207242348,0.06091081735278379
2528,0.012563154109899688,0.06735387132051414,0.06782102832346865
2529,0.012554379333561442,0.06026080336938445,0.05898053187352542
2530,0.012586516219620732,0.06226304681667254,0.0826929963653894
2531,0.012856422395698303,0.09376073987618917,0.05868329735542025
2532,0.012707546168784115,0.07821938344714138,0.05536542574863349
2533,0.01329317385634532,0.12661891419369786,0.03392915557747639
2534,0.012685675892595755,0.07013763889718835,0.030855382894537004
2535,0.012744984064502906,0.072251070019643,0.10167276572549026
2536,0.012955020918860942,0.09880542861580899,0.05435595804093996
2537,0.012608126879885372,0.06306998185627795,0.05874319656140027
2538,0.01264838119213261,0.06495485234440865,0.051235248293161804
2539,0.012675178637606034,0.06971281169665412,0.04352802916300115
2540,0.012895056472107634,0.09645859700469174,0.05641896407253606
2541,0.012599461686169253,0.058613436722674266,0.049197705131633324
2542,0.012738615284062218,0.07134122718511603,0.108940806757633
2543,0.012565998060871471,0.05826900755761284,0.054878259920034346
2544,0.012529921836363858,0.06000105654407967,0.03025196691555719
2545,0.01242321623441226,0.05430141944985721,0.06016919146273984
2546,0.012546238831300101,0.0714066447589334,0.07390112292142896
2547,0.012521156781083355,0.06422906639414386,0.059087765556288474
2548,0.01302760960514433,0.11607764608649901,0.04993503014652883
2549,0.013440594257817984,0.14763708779101437,0.042508968124167816
2550,0.012832055217769266,0.10558278102441687,0.02091620547305815
2551,0.012464180183698208,0.06275526585664899,0.028370179305628036
2552,0.012583835630236283,0.07677025479680752,0.04637752694413571
2553,0.012692936818976786,0.08853158935792114,0.060421652136499054
2554,0.012463866734778556,0.057425044218215586,0.05286571513891419
2555,0.01241978633740668,0.05087586940511087,0.05036216362295178
2556,0.012569942576590514,0.06684735927491675,0.03364426116378809
2557,0.012831424471246146,0.09090369703910575,0.056411761347160555
2558,0.012506056555705334,0.058823033622384016,0.05234738299959198
2559,0.012487567037707648,0.05436821817426922,0.0882526276131415
2560,0.012734417848464621,0.08161171703417609,0.047975041916428034
2561,0.012684558336885712,0.07681397551129103,0.04196597805601343
2562,0.012486705233970687,0.06257456077930053,0.03969784766593147
2563,0.012695716429661238,0.08625734598356964,0.07549004538627678
2564,0.012449999649413021,0.06197078958894613,0.043439501275700614
2565,0.012368622856882035,0.0510012099388288,0.029587182500634832
2566,0.012555322000421351,0.07070157465352282,0.03267147911781782
2567,0.012711637730075035,0.08820577925589271,0.12334392480072026
2568,0.01259676208284976,0.07660528888413548,0.0809570332185162
2569,0.012743662052320663,0.09279368652763907,0.043498125600305984
2570,0.012493423754740982,0.061229316960269044,0.05053243504737885
2571,0.012551334429626611,0.06135063835434181,0.07757569828473096
2572,0.012596979791773205,0.06723008432515565,0.07495094052388872
2573,0.012556824587197344,0.06297461172874261,0.06424940022868077
2574,0.01257892706336401,0.06293492577970901,0.0684189204664723
2575,0.012793035782271108,0.08267543189478599,0.0349445865488619
2576,0.01294645061507186,0.10426161916325853,0.12504524857287722
2577,0.013117000804192551,0.11815592298287297,0.044967817548320736
2578,0.012841163867831152,0.0937551016277187,0.05786898499991549
2579,0.012606386738149563,0.07668280327645649,0.06810941395438974
2580,0.012492391304514294,0.05267569651563877,0.05865797390023439
2581,0.012763688640488218,0.08834267395506165,0.062102649566763785
2582,0.01276103375386351,0.08185077050143832,0.07563013341360995
2583,0.012577629907136624,0.06505383079050385,0.0823237962770038
2584,0.01246988524371508,0.058781829675987426,0.06289655291887616
2585,0.012441871231085916,0.06054801919439234,0.047140694952418224
2586,0.012493612715192438,0.061229176719589364,0.0509075333711994
2587,0.012719261672459714,0.088985851669271,0.05703198678831854
2588,0.012505711572556616,0.06843920029071666,0.06829557819727462
2589,0.01240910918119643,0.05767612544550229,0.08198288563261184
2590,0.012443584888425918,0.05951078665514283,0.06498749111476393
2591,0.012530362117950796,0.05994937928539666,0.07526460527244341
2592,0.012835323781980252,0.0976766405949576,0.06506004452929054
2593,0.012986066621075355,0.10343666706807055,0.03922218680002638
2594,0.012704685785140474,0.08397986480153602,0.08048156606959081
2595,0.013531292430860526,0.14843023246001083,0.07388522096119972
2596,0.013480761436339504,0.1438729992177948,0.03308909157280532
2597,0.013138886234871477,0.11295000528235834,0.0746688352194197
2598,0.013846810257812373,0.16159802089669165,0.06398582512970415
2599,0.013016351645017491,0.10057288704724772,0.04382349900350109
2600,0.012622842385773304,0.06360889065538695,0.05581327647159972
2601,0.012564837981930345,0.06191115043511091,0.0573465156517138
2602,0.012502878817267103,0.0662786859532546,0.05233525228235484
2603,0.012422994081146308,0.05587425999818687,0.06926412935103868
2604,0.0124589973132948,0.058732968231118836,0.05938439306418873
2605,0.012439493025119595,0.05070090617195134,0.06685101179510639
2606,0.012820333458653606,0.09526674228437737,0.07661768042374166
2607,0.012658474561432834,0.0707509815946695,0.028515248327346757
2608,0.012538432238558371,0.05498665396183946,0.06279768244076558
2609,0.012708328506156968,0.06173109382518733,0.0663771059161971
2610,0.012613729661825992,0.058536341938771996,0.05067061557109063
2611,0.012819602119909988,0.07969007697631666,0.04066257601109345
2612,0.012947542151329355,0.09543089025939659,0.08868746179757821
2613,0.012860375821024705,0.08996406542382823,0.07130172139390306
2614,0.01269120672002495,0.06232538871212815,0.034406426695352404
2615,0.012733395602494873,0.06787492270594467,0.08414560571241315
2616,0.012925283399201501,0.0913909418816964,0.08194609461920227
2617,0.012661303034607904,0.05814910533247653,0.07482934669092699
2618,0.012689108087809582,0.0693230347835545,0.04995087898825358
2619,0.012675381958546353,0.06513772670624689,0.07691180428088525
2620,0.012705759369734178,0.06711407497232373,0.1278727385606337
2621,0.01290423624404677,0.08953331417529242,0.04249948003463967
2622,0.012718885940194184,0.07745192005895858,0.057709657926480175
2623,0.012548066218333351,0.05580055088562049,0.04162535581349255
2624,0.012646225873780495,0.05958880852108574,0.038049543248997335
2625,0.012748112184964862,0.07215285877738946,0.07001584167892408
2626,0.012769908823168506,0.08228890117719509,0.009329690868919207
2627,0.01288312359078041,0.08887362121674161,0.05614239437892249
2628,0.012542746309735373,0.06102200317940853,0.0686811313308491
2629,0.012580889358101316,0.055853899802598736,0.038294842139364356
2630,0.012889320582357344,0.09011247671251243,0.06911824417309147
2631,0.012674837600368678,0.07437662199141477,0.06686151975103702
2632,0.01263122196018182,0.07427558762715554,0.022083461241901213
2633,0.013079993075739059,0.11420309624200344,0.16348487708796983
2634,0.01301671636776389,0.104157935864111,0.08180729691799231
2635,0.013086398025862686,0.10269947479316122,0.08573442062267131
2636,0.012747987761029884,0.07639952955763518,0.04040713974038954
2637,0.012611655053652882,0.05812687491884991,0.045377677768174696
2638,0.01280424544985981,0.08483305263824802,0.07441674500709713
2639,0.012653228806629316,0.07435588720557175,0.047239473566626174
2640,0.01281854393362175,0.08272121348837555,0.07327074290682042
2641,0.01277549994631106,0.08436720538923038,0.0453191990863553
2642,0.012487761343553514,0.05288865284204957,0.08623154489128444
2643,0.012571842646923785,0.06547737284106024,0.09500537060522836
2644,0.01253535860091922,0.057349931849382675,0.04617557118893823
2645,0.012670390226817756,0.07236873411105041,0.07862914424708274
2646,0.012675760926910338,0.06260190629142294,0.05620358857616254
2647,0.0127862408984533,0.06349007726682206,0.06001563099298417
2648,0.012845672193032818,0.08026571188068392,0.06652682066713453
2649,0.01298302783548743,0.07221081136042364,0.03390618216146343
2650,0.01292412092956932,0.08313858691620965,0.04176600385442981
2651,0.012710137859541322,0.06721323972392299,0.03322051490873977
2652,0.012923470905708487,0.09001700998282045,0.05747401091566755
2653,0.013269143773234942,0.118349208006202,0.13927280666818093
2654,0.013666555676713361,0.1416521513577592,0.06006509470465768
2655,0.01303074314014779,0.11037332252668043,0.02346843262907535
2656,0.012597730359135112,0.07325522038911944,0.05931862300881192
2657,0.012400232415793454,0.057101077274204645,0.04572485228026013
2658,0.012592502387087975,0.07897431815619545,0.03977430409816362
2659,0.01235739359205481,0.05347675642227899,0.028039147473850112
2660,0.012657564698577489,0.08922432108494244,0.0607371702060543
2661,0.012661703708636283,0.0837450036059304,0.03786409455394681
2662,0.01299993656963371,0.11388329374201615,0.05657684379864623
2663,0.01268057854601103,0.08848392245631859,0.07835173391372931
2664,0.012702931012720376,0.0902718577062232,0.0515152719601078
2665,0.012536753655240405,0.06634798293923097,0.04613969379639872
2666,0.012588134304318212,0.06449943654602032,0.051535188908038154
2667,0.012441634517187154,0.053246948368160865,0.041390754254891894
2668,0.012698541823002014,0.08731244456611188,0.061001636919078575
2669,0.012784530428075657,0.09912280866272287,0.05561608981056826
2670,0.01242139137718316,0.054420930104739945,0.0319213801560906
2671,0.012619315206025068,0.07503224396606797,0.04889488301953542
2672,0.012749403788130855,0.09255245689765135,0.08303279702512711
2673,0.01266829452024387,0.07806524711807857,0.045158690972296404
2674,0.012541943460408975,0.06612349194121188,0.03817256134549503
2675,0.012484329521831289,0.05379099088059442,0.07839047866795856
2676,0.012571249636610932,0.07138911719885295,0.01643260371344955
2677,0.012630738663596184,0.08051980269438162,0.11807880153603406
2678,0.012477966521712458,0.06328684891561938,0.05815276287781274
2679,0.012844485043256623,0.09930775308502521,0.10825581430393699
2680,0.012995639460464224,0.11562970262969555,0.037174488985933216
2681,0.013133899404346,0.12217903287827103,0.07935530945313345
2682,0.012835530138071035,0.09603600365490007,0.04832681935192553
2683,0.012491572653426961,0.06140266945285397,0.03619891435453404
2684,0.012662873121057941,0.08021237123431692,0.006818068957566198
2685,0.012460107573171347,0.053710466377030704,0.04666769384340428
2686,0.012567975086676142,0.05983745742518466,0.05070776044237197
2687,0.012566839812943528,0.0662595845967913,0.08028912694167163
2688,0.012793234304171097,0.08393191789353958,0.07718806079039926
2689,0.012581323213304667,0.05805268374996625,0.05725271596453407
2690,0.0127805100531442,0.07174350404660271,0.07049208774593616
2691,0.012806624448079104,0.06906359165872585,0.041229682059371865
2692,0.012741332670340416,0.06729505188838522,0.06876412488156075
2693,0.013013598394526576,0.09350637806214161,0.06319987920434877
2694,0.012886211018350507,0.07615161150749813,0.03348529248932815
2695,0.012667240833197065,0.06953260024770645,0.04527526621687589
2696,0.01271526542190158,0.07503762318354545,0.06829459589763591
2697,0.012752328449349636,0.08064136807481109,0.08663758809794828
2698,0.012710174674548306,0.07586668810953173,0.04094736769532212
2699,0.012696090543517816,0.07043839695756114,0.062100163249648566
2700,0.012706305840501114,0.07366920088208478,0.12534584107046176
2701,0.012744645676099422,0.06944653770309231,0.04418505650100408
2702,0.012781576838315099,0.07772491630770884,0.07578384786581473
2703,0.012963277618271173,0.09382047047269747,0.08536543191580816
2704,0.012552247729073696,0.06055371856491377,0.02349300856104081
2705,0.01268324347144152,0.0679676945712462,0.08964932534820708
2706,0.012619436062211444,0.06291987403472012,0.0578459179805416
2707,0.012744590732466693,0.06891628651546078,0.03951551043841759
2708,0.012708164079051232,0.06854038520474452,0.0799417904215248
2709,0.012803501419923589,0.07710525105737781,0.09337347967474373
2710,0.013366455152135954,0.1261465025967878,0.06085981476793048
2711,0.013468462253816035,0.13449957576483385,0.05395130531723718
2712,0.013092280723953595,0.1016106274570054,0.08012406239321468
2713,0.012587286348454756,0.06497764919434955,0.01189071215954655
2714,0.012785298363171197,0.08524181005738717,0.029253333694050657
2715,0.012453023951934594,0.05428463746699779,0.023506488497663295
2716,0.01252810289433316,0.06132305634675609,0.07516076180786813
2717,0.012549111737293561,0.06055472741465681,0.03023542318580858
2718,0.012722783417120945,0.07959979163718767,0.04359536923139855
2719,0.012755607045644572,0.07526382398565934,0.0856688901491979
2720,0.012499069599432974,0.05716989797036227,0.015867197760015772
2721,0.012640784030684199,0.07565926582330544,0.06967839465698335
2722,0.012789636819005563,0.088809826304546,0.07243980371355993
2723,0.013213718956657834,0.120154050669436,0.05793360326317647
2724,0.013520790732745045,0.14081556616370705,0.06966248053517428
2725,0.012915424686059144,0.09295190718874052,0.07760488420354086
2726,0.012522975080449094,0.059431335739564675,0.07442842348967763
2727,0.012527222934092724,0.06280163908168357,0.07424065933233413
2728,0.012596312863819084,0.06864612920046115,0.026189310277936095
2729,0.012556748659014882,0.06646951953684721,0.033349592699644784
2730,0.012703665300236843,0.08451222328763874,0.07719044826600466
2731,0.012489104645862364,0.06179367393984334,0.05483406768833821
2732,0.012462145592858652,0.0644991285274818,0.07170298867922537
2733,0.012391950583408659,0.05982862566768429,0.05802759973693073
2734,0.012373775614720984,0.05951745940394746,0.11765436899960886
2735,0.012551680951108231,0.07927965328158967,0.05419293140072453
2736,0.012767222677652791,0.0994728212872732,0.07018945104473434
2737,0.013028701682219682,0.12375471498433566,0.07293075517108699
2738,0.012670415503536278,0.08809095259573706,0.10318402298008959
2739,0.012488203216867546,0.06523625639386679,0.050686620350438756
2740,0.012805848287124855,0.09791063625957869,0.023398513464962502
2741,0.012519039937893066,0.06384418835325495,0.03753619828012009
2742,0.012511260566637428,0.06354796117660898,0.10135665962976707
2743,0.012506183729076945,0.06440751008563192,0.09951059088814197
2744,0.01284269686763938,0.09834794985219344,0.0721072758698844
2745,0.012841899050174774,0.09872172261470466,0.11738212738813758
2746,0.012424092010044005,0.053199633460751156,0.02295663400112569
2747,0.012513701810092683,0.06335698266845574,0.07437302441469708
2748,0.012580850657842204,0.07065277346475732,0.09792031780159487
2749,0.012497878546449624,0.05694895665558478,0.10771228366949975
2750,0.012624433208981243,0.08443530890083131,0.06882566213421189
2751,0.012489907279694398,0.05972491233234334,0.03968449274189566
2752,0.012522178927461682,0.05976111603609629,0.04041413936912953
2753,0.012412917702473873,0.05827465188948954,0.04317139038139604
2754,0.012566695099474905,0.07077999896986378,0.08086782236928242
2755,0.012668095579506619,0.0893151895380435,0.04876288474727516
2756,0.012464612058169976,0.0559866921759308,0.0623875748267178
2757,0.012705940276348613,0.08531805887958753,0.033877255341522
2758,0.013035124769431812,0.11229004785862716,0.07083157030067104
2759,0.012684822938271818,0.08056827133168012,0.03462436555478807
2760,0.012871063836427436,0.09766463440486134,0.08344586281686073
2761,0.012572965762271349,0.06383797012194989,0.06899816683594814
2762,0.012878054265175447,0.09909645129979983,0.03037596000152214
2763,0.01314294424194676,0.11074753717008587,0.04171441022363845
2764,0.012655321725949882,0.06650520319684058,0.03033847901383951
2765,0.012770063442953337,0.07908571843393979,0.06972233998977544
2766,0.012650495441670346,0.06380678623193896,0.055872691079531696
2767,0.012872630284557882,0.08455158147729139,0.0756348802146734
2768,0.01277347854332063,0.07438152791779462,0.04032818683452039
2769,0.012772872214024024,0.07918788015596386,0.04138385697385948
2770,0.013042864197876805,0.0959513447251665,0.022520033266493437
2771,0.012977790460295069,0.09089199360219011,0.037995913741296364
2772,0.012698490847343449,0.07758846551446176,0.012800790168400944
2773,0.012988968116137515,0.0949903029355259,0.0362915356296295
2774,0.012709602061497075,0.06900986296403055,0.06954831218316658
2775,0.012921656050148242,0.08868263745128094,0.059446501536129535
2776,0.012669257574203785,0.06635399694165255,0.0646705391415753
2777,0.012786513933692205,0.08074965754351351,0.06498410231924841
2778,0.012776518179664324,0.0717665744363696,0.056546215135162156
2779,0.012759912926898188,0.08653580592547903,0.04175127735239594
2780,0.012637387600097688,0.06823645315024654,0.06180132931184479
2781,0.012862640734071855,0.08767277134762327,0.0794502686168908
2782,0.012726798937748267,0.07441376095469013,0.053648734668492105
2783,0.012585847432342721,0.0636272027898491,0.052423660038131537
2784,0.012871579826341914,0.08392323844845466,0.04168505196369242
2785,0.012565699892151463,0.06232556719524641,0.05645935393187987
2786,0.012615269377343743,0.06718494254148114,0.02170704005312057
2787,0.012807875405019011,0.07239560301822653,0.023155515524409944
2788,0.012571181769308116,0.06118572363827925,0.0584609967024714
2789,0.012415197304265173,0.05043824091074367,0.0267111414770143
2790,0.012446973106115597,0.05128944784724067,0.0941531808493083
2791,0.012471660250457347,0.054936709612289775,0.08214885470683433
2792,0.012663290150614646,0.07733647710178791,0.0650391002378595
2793,0.012556670712257374,0.06135341918796946,0.0760474906175281
2794,0.012521818691486114,0.06113091633057063,0.08241822928347745
2795,0.01258467182892907,0.060515131689344075,0.05540245090688534
2796,0.012574322939854055,0.06415686573579155,0.06673306603917586
2797,0.012607811903869979,0.06762293906129173,0.02011140746333059
2798,0.012698965802044172,0.0812640062345435,0.10116814530910088
2799,0.012544971772725478,0.05965607351772799,0.09562621759006787
2800,0.012528269836885014,0.05665492755986398,0.05372884250676214
2801,0.012833969136610258,0.09275020199284624,0.05413794955310837
2802,0.012565025266006828,0.06941599122014144,0.06596545475195943
2803,0.012751716181406634,0.08526010823744219,0.058768923806233914
2804,0.013053366442555708,0.11422070319735954,0.030134793467143185
2805,0.012540858260756961,0.06694580302259902,0.04676477949407227
2806,0.012546627556125975,0.06563818091277072,0.07161848121506938
2807,0.012603976730376752,0.07682835203119073,0.07243985424431894
2808,0.012966590326506232,0.11337323481960246,0.01895576303332593
2809,0.012895828376579186,0.10294410462854509,0.05962052944290604
2810,0.012724807526088944,0.08430024955728847,0.07375267722880867
2811,0.012921355770672835,0.09868242830203738,0.0827231480437754
2812,0.013319860014489855,0.13614552615138215,0.0419330001092466
2813,0.012813207968236647,0.10162715776402283,0.05268047571396922
2814,0.012794663963011679,0.10108114819534603,0.03157825024194802
2815,0.012478000382708876,0.06504497436260065,0.09543062540231471
2816,0.012465332922013619,0.06302152021889779,0.033675543689601795
2817,0.012675954079326727,0.08382753630279743,0.07520988801355175
2818,0.012666100741460882,0.08649229713118635,0.03212752308881506
2819,0.01262299707655287,0.08179256597213402,0.06002591041869051
2820,0.01294363506782548,0.10389334598570385,0.04197955600868567
2821,0.01275049877566734,0.07881098889811286,0.08140235111684864
2822,0.012649450610229745,0.07127268127571647,0.029133174456526835
2823,0.012650764886490896,0.0838671165628118,0.07787694492770918
2824,0.013243257977533908,0.13702938608362664,0.04242306042371214
2825,0.012617431801720693,0.08097325841899612,0.05364108540203578
2826,0.012383430022136288,0.05158759975538747,0.08811369005481928
2827,0.012613596923735017,0.08283905746103278,0.039167497292148926
2828,0.012746826674227945,0.08934478976915361,0.028444090248182757
2829,0.01256094481211338,0.07171561475038923,0.03845183033872425
2830,0.012953850740320906,0.11087304359430934,0.05664788059459372
2831,0.012914032924918868,0.10681922851166843,0.0913522234986481
2832,0.012775796869750932,0.08641220475338177,0.062018410489492096
2833,0.01274796830814822,0.07856436187120451,0.07719776909238327
2834,0.013006875414722037,0.09290721882573752,0.09038584739617668
2835,0.012649524017633503,0.06680454634999276,0.05616237471982511
2836,0.012664313508585842,0.07072621271134724,0.028513752736459314
2837,0.012491230372458218,0.060306401586406454,0.06575390743498681
2838,0.012732577946929589,0.08768886873717287,0.06073078970951969
2839,0.012536616756648536,0.06352195546755783,0.05149464833388704
2840,0.012657101685308399,0.06253223588695817,0.030252076665805407
2841,0.012852249799126808,0.07559036863122097,0.07030557694333314
2842,0.012946661894508516,0.09480997549539606,0.060677025441646604
2843,0.013478003068183832,0.13347448976034162,0.033704290845395675
2844,0.013385843484368203,0.12355589474141898,0.08059347705327202
2845,0.012878136209247331,0.09086633283392927,0.018745231651118105
2846,0.012657414297452419,0.07174982116154842,0.05426100847152171
2847,0.012591459507546822,0.06254680227836375,0.08230451819049323
2848,0.013024177241797679,0.11108896851486662,0.03175034643816079
2849,0.012953896702705778,0.10792856707841907,0.03048445661543553
2850,0.012963941093307396,0.10730872217910739,0.026473886054945158
2851,0.012639328489185898,0.06960824276169153,0.0763360068085578
2852,0.012656704824710072,0.06562088451239685,0.07052601342701514
2853,0.012521001753605546,0.058480004893416516,0.0443031431091665
2854,0.012513825485438206,0.05520607752302828,0.04995800493595648
2855,0.01257245788068843,0.06059510948491482,0.09628766441322949
2856,0.012586021332292734,0.058414646156615894,0.11476244853966716
2857,0.01263488702657468,0.06825702007938032,0.06031612346524104
2858,0.012437903262148673,0.0535214293717951,0.022461747292335257
2859,0.012590816711080909,0.07179852852801857,0.056980970185620324
2860,0.012425845834237972,0.0528205747904361,0.04379842527737401
2861,0.01250856460951134,0.05486206609337612,0.0481104208285434
2862,0.012698842313848132,0.06665888120449168,0.03648681050531178
2863,0.013149349397457813,0.11636816458174735,0.03812947674138166
2864,0.012631866053473216,0.06755795056825684,0.046046412581572625
2865,0.012550084322670728,0.05926491689153316,0.044049525221162865
2866,0.012888314841876495,0.07725169102436472,0.028942779863252506
2867,0.013132834115687582,0.10071711619026104,0.08981186592335802
2868,0.013795033709166762,0.14625415670590977,0.05872670006602466
2869,0.013191199259155777,0.10583379010871749,0.06066446972237693
2870,0.013078180281527275,0.09232676278951463,0.07305886390325479
2871,0.013018043558919178,0.08777194695927744,0.07230433322944414
2872,0.012854935205554308,0.07393573684791058,0.062396337397052234
2873,0.012744167921418359,0.07025061027634687,0.05508387541815122
2874,0.01308931520966708,0.10052134020109604,0.06619885757415991
2875,0.013471527346429011,0.11218166792038185,0.05387298994476898
2876,0.012897435820024722,0.07748279267247973,0.04365550361474878
2877,0.012869118426451191,0.0737147589335838,0.055908450016855335
2878,0.012958275252953372,0.09083370326580728,0.07891221791171406
2879,0.012811193801402688,0.07350732211718566,0.04878137931370935
2880,0.012916826529566003,0.08291396633009328,0.06735629217773179
2881,0.012891028912102436,0.074302527893147,0.11376757217759789
2882,0.01285328471810539,0.07570434297556057,0.06099374677524476
2883,0.012881058928473394,0.07202368028917512,0.08303162015647936
2884,0.013026767059927393,0.07331439716316372,0.09902304795132441
2885,0.013002242436495818,0.07216167612373257,0.10075263450206767
2886,0.012788488649668231,0.06215002150354309,0.059763436672750754
2887,0.012861540615310914,0.06799520570392009,0.09627225913339103
2888,0.013149125550268845,0.09747994449527182,0.047692916763918826
2889,0.013058624660439213,0.08614468676446582,0.06696884313580131
2890,0.012804945265381484,0.07125262921474472,0.03221425752576172
2891,0.013210752539704086,0.10760389098938611,0.04614940169985552
2892,0.012773930563368702,0.061874726547850895,0.03407559241616916
2893,0.012777693517428383,0.07228688331314206,0.026196051947726496
2894,0.012889027656991162,0.07404492990079117,0.03311369518798574
2895,0.01294765322338501,0.08700931893763642,0.05292760462076183
2896,0.013105242687344748,0.10687436724115022,0.04452906520302464
2897,0.012765421863135975,0.07922345928356411,0.04905702286754311
2898,0.013022232668259965,0.09647823116383546,0.06587994010600953
2899,0.012859197216095582,0.07532235188129982,0.02460373571694939
2900,0.012902852530342039,0.07771459477657523,0.06457242693074607
2901,0.012756922833295941,0.07299858211145238,0.0981758194422108
2902,0.013050481097200313,0.10379582616447554,0.034565823286014825
2903,0.01277031865831206,0.08299783745527627,0.0896270336020238
2904,0.012614186608261803,0.06074012824263513,0.055645977137170406
2905,0.012682615946715811,0.0637897645903839,0.048615381199246036
2906,0.013010228803677248,0.09567589819758861,0.058772806890000626
2907,0.012751857814196866,0.08365582073774243,0.02986343555220264
2908,0.012709076044048955,0.08996474947054477,0.029753004756982164
2909,0.01246643101684087,0.05272532070456195,0.04372429843630409
2910,0.012484059253796033,0.05806867856432691,0.08056368623882716
2911,0.01270811955277449,0.09147652283912841,0.0768394633413971
2912,0.01256706494331061,0.07039610470091742,0.030454209592295632
2913,0.012422308533008158,0.05213804979566391,0.10911844526687489
2914,0.012589282736818778,0.071202138752715,0.07773696600847102
2915,0.012474908466498963,0.054913830434224646,0.06969058187077994
2916,0.012692797702817433,0.08468448070789812,0.04749843002457193
2917,0.012471835529630805,0.060293451327369796,0.07688734826144902
2918,0.012487145631831642,0.06966404788155198,0.049235768689752824
2919,0.01258146058218739,0.07560372825515912,0.07732565270131853
2920,0.012379000468032905,0.05094743099137174,0.04247690387016531
2921,0.012562063019907088,0.07327897410488526,0.07954890261089893
2922,0.012576853937405184,0.07415195026996783,0.10966680071983456
2923,0.012539467178828317,0.07169197021526427,0.052572131327033984
2924,0.012501840411245265,0.06381034443720145,0.05587833998885581
2925,0.012468591768156087,0.06844911983141297,0.03959924012452296
2926,0.012591368270968562,0.08370829749684426,0.10380578249831164
2927,0.012374094439362073,0.05484704622046199,0.05517610346143804
2928,0.012402121940669749,0.05332873909058869,0.0647391331349714
2929,0.012527603396407853,0.0684423828695995,0.09266995863503986
2930,0.012504663032130034,0.06041882216369498,0.05708276101177731
2931,0.012639927294913466,0.07781741966587612,0.06254352879458237
2932,0.01250266190560546,0.0657158855228866,0.02403854322132967
2933,0.01253574790184619,0.07001947533428074,0.06848024962259276
2934,0.012472098375122894,0.06015518845137721,0.01975357495513118
2935,0.012529479369552796,0.06887632398951328,0.04022351547587597
2936,0.012684101185078307,0.07803478005951503,0.055241977562194344
2937,0.012549853358818657,0.07258289590607747,0.015159397363410718
2938,0.012698032194413065,0.08144291877493728,0.0332638157418482
2939,0.01257417686673972,0.06569366527226876,0.06389748776711016
2940,0.012604193758585555,0.07426295401523626,0.05844915774646471
2941,0.012517448161862161,0.06661565461811259,0.03909987539330942
2942,0.012469626442668795,0.0596283557541945,0.08909885635900476
2943,0.012481790923521573,0.06319894473511183,0.08640014192552806
2944,0.012692789913567534,0.08544466604444412,0.04980660186637951
2945,0.012731591296289724,0.08870518480040095,0.06404141669357258
2946,0.012474885022020335,0.06462510311373877,0.056700845913061564
2947,0.012398408234611412,0.060065107667490174,0.03930215291657484
2948,0.012343409037549593,0.05460376778523463,0.07270282237544126
2949,0.012617291615954243,0.07552361973475197,0.05275104684339292
2950,0.012428739495523753,0.05905844713807128,0.05142387037672345
2951,0.012416220283319917,0.06236215157680721,0.04770109667708791
2952,0.012657625295797083,0.07573088835240484,0.049905607140204415
2953,0.012493459946334131,0.05872774214889686,0.03949650839070026
2954,0.012616316651938807,0.07664181340781255,0.04630647363367887
2955,0.012759722990981097,0.08821816609403497,0.08265516509836043
2956,0.012442522597188968,0.05402727137330667,0.08355009232349989
2957,0.012542633144808638,0.07704453787146556,0.07936831442585764
2958,0.012352989065595024,0.05105165196172591,0.034659821810573144
2959,0.0125928221144346,0.07830075978467355,0.06041337377963116
2960,0.012596312989424598,0.07698355686321588,0.02434229845464245
2961,0.01246567646991157,0.06661664792197755,0.05359142262036923
2962,0.012772220374682428,0.09552772178606933,0.06580473240975122
2963,0.012467908506445054,0.06372752406795598,0.04800041140224199
2964,0.012546783347257852,0.07260661596421641,0.06838136561965029
2965,0.01258508176093184,0.06633167979615401,0.09375281819432914
2966,0.012828206688753209,0.09145879359205279,0.06287642830417353
2967,0.012665732883083699,0.06803326509228058,0.028076573983101125
2968,0.013042656567389859,0.11107363827745464,0.04617849515534711
2969,0.013069466054608242,0.10667451502089462,0.026396380009759492
2970,0.01274900667703132,0.07919718892831362,0.030501534384185874
2971,0.012972989629987969,0.09781351607587185,0.0831384186498244
2972,0.012739592023287049,0.0814727371672043,0.04615688127307462
2973,0.012884114363127494,0.09717580336360605,0.07235763306486204
2974,0.01256434338578887,0.06319566384835809,0.0510484623195511
2975,0.012737268001156259,0.08624134920781719,0.06566092078242554
2976,0.012929857986156297,0.11194080358482315,0.040555509619754286
2977,0.012613277838764285,0.07623593684581711,0.065786829229707
2978,0.0124993206167547,0.06818960106618603,0.042611214940723695
2979,0.012506490906394994,0.06487414433401184,0.07572042213010437
2980,0.01242688852057079,0.05877668388552888,0.055479914120140514
2981,0.012530975331527703,0.06400980847258396,0.020557929667261242
2982,0.012617927879570777,0.07308127179075302,0.061720054431422734
2983,0.012599638551464636,0.068747869756181,0.04070486309420224
2984,0.012626536629314677,0.06265684726320137,0.07491172215589686
2985,0.012773572696128391,0.07729545816113713,0.023616738628271593
2986,0.012588227520436842,0.05763378435971907,0.044575679472500816
2987,0.012841886082573849,0.08567186711121369,0.0636861969357979
2988,0.01303431522462879,0.09811075469296864,0.07186406522041751
2989,0.01273033544739014,0.06768027099763198,0.03553383488451481
2990,0.012782633810696263,0.07978879253659159,0.07429533036871777
2991,0.012496986942723078,0.05500184428578517,0.029681315962798147
2992,0.012675618149101517,0.07684552767157861,0.043019788882864105
2993,0.012877928463438581,0.08994246565407638,0.09545133680186724
2994,0.012690099463721016,0.0720156385006193,0.1140762481998239
2995,0.013073894324691412,0.10836394048207305,0.0908115652582144
2996,0.012549771507794552,0.06254040774354366,0.061869003163667204
2997,0.012558824512668723,0.06124226150804492,0.033746380060090016
2998,0.012778896570760383,0.07914894330975618,0.047542293504592575
2999,0.01295603866636337,0.08376012101616882,0.05249990452179765
3000,0.013088169889113462,0.08686349223906274,0.05371160577582031
3001,0.012890133776200406,0.0726777245732185,0.04973991248199667
3002,0.012955826663772223,0.08369843378679435,0.04170153664522527
3003,0.013227909158639299,0.10034601481327708,0.10878929143451486
3004,0.013685644292945267,0.12134411394020568,0.024922169910747007
3005,0.014438201446954587,0.14963115533211757,0.002801492974682904
3006,0.014083487088470702,0.14977711882191314,0.031527980103653604
3007,0.01403234782126395,0.13555806655881433,0.09959000431245714
3008,0.013537016720031563,0.09338239747628926,0.06939996819301701
3009,0.013823808613340687,0.1122217563014021,0.04272806384615536
3010,0.013447811435038584,0.09598235370971823,0.045802009983824
3011,0.013829680395003657,0.1333364149516718,0.07562677426627518
3012,0.013305878920803805,0.09447489569369151,0.05566242697021131
3013,0.013136263961442149,0.08429686049090176,0.03498752543543838
3014,0.013227882487269587,0.09247702062503001,0.04360508960732779
3015,0.01308450513778452,0.08966257988304926,0.03829033536748323
3016,0.013107084295766538,0.0999198070017713,0.0545614981472514
3017,0.012934104087453943,0.07362047374609351,0.07357794440603234
3018,0.012961365650193627,0.07541285215517626,0.061383806371773
3019,0.013044581698207595,0.0862171543824902,0.06952525675018723
3020,0.012636497623092284,0.059809983726449266,0.012846964209569106
3021,0.012811309204298507,0.07924817417554676,0.05865886499284957
3022,0.013127949960655255,0.10004186437478596,0.03795244197911025
3023,0.01289171360179531,0.0753083693862568,0.0428138956363593
3024,0.012704887022329128,0.06514228269279577,0.028413502748221218
3025,0.012957598052090942,0.0989438227238097,0.05724408125366639
3026,0.013062455499055393,0.10650206814130199,0.048597758264161885
3027,0.01282730336500769,0.08642352792463169,0.0678214385811337
3028,0.012650198058173062,0.06939567214603391,0.031452049012478375
3029,0.012629485287569808,0.06604001034630684,0.07302973401634773
3030,0.012675916009447234,0.07155371044468672,0.05582272595902603
3031,0.012648127298011744,0.06684509894839001,0.06073654639200156
3032,0.012625229469146562,0.06139588362470765,0.07304263494232015
3033,0.012650306687987304,0.06346213046811394,0.053170886274466124
3034,0.012564976623696692,0.06177596818655119,0.0550891935146763
3035,0.012618226512432863,0.07070365920109639,0.06402655733602715
3036,0.012820824734976522,0.09193439984922926,0.037084092510109835
3037,0.012861571703074337,0.10409177639621629,0.053754977104138804
3038,0.012437124929165447,0.05901269843093608,0.0247241281746807
3039,0.012488956661646412,0.06493961951647337,0.10682819306532323
3040,0.012456680243456478,0.055735653397523434,0.05337582052830892
3041,0.012674293504617126,0.08383953105693615,0.06744871080716298
3042,0.012680912845025647,0.0853227832365707,0.05333678209515317
3043,0.0125041350674859,0.06976651819797368,0.07928496273902223
3044,0.012668373748186922,0.0890024800484878,0.040265245320210426
3045,0.01247751372743213,0.05635693690939094,0.029040526879322657
3046,0.012548361009183707,0.06304141628944883,0.08129261656867372
3047,0.012512702353532218,0.06529551427561618,0.05387048601311409
3048,0.012567936439743164,0.06875990977125535,0.03469707129783665
3049,0.01271344754121799,0.07995619536128645,0.07617449723832839
3050,0.012953161146260831,0.09878651073911658,0.0401149084479505
3051,0.0126686550468416,0.06703467559754694,0.06976068157951786
3052,0.012502789520752745,0.06377595136728972,0.03628084730278025
3053,0.012436235997344563,0.061634224382175265,0.05212635892178438
3054,0.012617980085325695,0.08570057996731012,0.05518019902797648
3055,0.012519364055932115,0.06814982137067262,0.04298003221097268
3056,0.012490726720774621,0.05954629123722186,0.10495552864966896
3057,0.012841479323700462,0.09622857907906353,0.026426665760394468
3058,0.012654077841652145,0.08264766639759563,0.06562574366055791
3059,0.012390575911733653,0.04781409519383862,0.04145910622449294
3060,0.01255113392084359,0.06943453223768856,0.05948894270210441
3061,0.012493107571205126,0.0650288760777831,0.06590809997404748
3062,0.012813469118610216,0.09626476590499447,0.051534599653045465
3063,0.01248917214686434,0.06468553725744491,0.045072210547781016
3064,0.012398963651360308,0.051064023645127764,0.09276132530178911
3065,0.01261744220110167,0.07074515470779386,0.068405541798999
3066,0.012460914197734114,0.05312566757673684,0.04458887840370835
3067,0.012602680909847862,0.0804923744838603,0.054423049342294236
3068,0.012383798531559347,0.056819574274903695,0.0213432016425336
3069,0.01252808619108192,0.07292518743215393,0.06529506890437961
3070,0.012717228384893385,0.09309811660349883,0.013469236319801821
3071,0.012466303867380575,0.06831940836564185,0.03030464139540094
3072,0.012416992207182722,0.05750418906766743,0.049671114715021156
3073,0.012484806374306441,0.07116592875259077,0.05252769288241473
3074,0.01240765905271612,0.06024344231555882,0.05740670346192265
3075,0.012668094902638217,0.09234164671952041,0.0905730423649406
3076,0.013165416830020265,0.1303913936903913,0.043855337482561256
3077,0.012534418886717687,0.07172382358413101,0.054190678826373136
3078,0.012401556325525842,0.05879211385122537,0.04059989708743067
3079,0.012608776215540761,0.08234562385521016,0.04870094397178877
3080,0.012828975751443622,0.10657564207782573,0.08589437774457165
3081,0.012509672994376343,0.0754685863007269,0.044870685403523784
3082,0.012281951697483752,0.04766137773849486,0.044282503897081216
3083,0.012498127022000472,0.07623572221024857,0.08094129104729057
3084,0.012822775165704738,0.10898201336692771,0.06322079950618861
3085,0.012355747243152018,0.06163207725157255,0.018901606850883292
3086,0.012600387819163625,0.08890387500331168,0.018217556086408467
3087,0.01256911748769768,0.08031804953299757,0.08116839639903356
3088,0.012492477997332059,0.06524240834648372,0.08421155378147245
3089,0.01261080461854436,0.07134857560236162,0.07133893271058793
3090,0.01248704774047329,0.06197605543244559,0.07994445737149906
3091,0.01264031543137325,0.07487358397811007,0.09778173693418084
3092,0.012536285669364548,0.06670598495017975,0.056471635250049515
3093,0.012373362464694806,0.052180540602881006,0.034857627638941145
3094,0.01256850277762269,0.08041795973033429,0.045357880524835865
3095,0.012795850122637219,0.10438679323965311,0.044317259900023824
3096,0.012347747351849658,0.0562154022167113,0.037442248395481964
3097,0.012477579923906407,0.06571105099935315,0.07653923034939335
3098,0.012748626692153646,0.0879299535387395,0.0670162001440338
3099,0.012819775274225214,0.08060705958806101,0.03457182722606824
3100,0.01255591662716114,0.06547800848883732,0.08285143321323385
3101,0.012679034617929049,0.08128738802744959,0.05029071635758082
3102,0.012566098672975777,0.06765237287408461,0.03811852990577567
3103,0.012836585067698511,0.09741552360847032,0.03198711470467664
3104,0.012633664794319224,0.08406397018931046,0.03526849584639021
3105,0.012917562203505787,0.11270750832379367,0.07290394225796552
3106,0.01257402760266064,0.07801667723585447,0.05289760963329557
3107,0.012562034899069778,0.07848716254984461,0.047568096609568886
3108,0.0123453270282464,0.05769611705313832,0.06340641811613178
3109,0.012387739714497413,0.05833570064284734,0.036060769807704014
3110,0.012495900091431261,0.06890043621000329,0.05442749337471661
3111,0.012592162419549836,0.08245101266081743,0.06504929310308341
3112,0.012952017647628298,0.11463434804195388,0.08060004144962518
3113,0.012948490360868217,0.11428476279939574,0.10840825682803637
3114,0.012671248896217218,0.08732629412061732,0.06735645649471247
3115,0.012385036810788513,0.05728801384417816,0.04167979877368805
3116,0.012535168255137386,0.07229469634303701,0.0626964362362334
3117,0.012728389876896997,0.09375419519340332,0.07767226006376111
3118,0.012684537334336925,0.09219672283681613,0.05095151058014595
3119,0.012790552814543894,0.08967757220926076,0.06745049819654324
3120,0.012828224861818298,0.0874556125769587,0.11253697483324547
3121,0.012614439278140125,0.06333317427405165,0.048465831873084834
3122,0.012844770549181064,0.07827821386733906,0.038196351832178746
3123,0.012746571266632539,0.07269852470382583,0.0796122817722766
3124,0.012777935416906009,0.07896468457090729,0.07212576747636687
3125,0.012583860337821632,0.060221233037157,0.028621090188249647
3126,0.012537439526810157,0.05868054536822651,0.08196141008702694
3127,0.012667851591486106,0.07264430381115136,0.09360055262906695
3128,0.012565169099691891,0.05720738436901181,0.06536962607747716
3129,0.012590019235728339,0.0594978396945201,0.0072287488328307
3130,0.012589347397268746,0.06068852265549783,0.038017616978932536
3131,0.01262595631255535,0.07039981397968705,0.04671103205770863
3132,0.012598386145711127,0.06754948123358268,0.04838540466179023
3133,0.012622257294992322,0.06652367816534951,0.03183603052904641
3134,0.012614358808030662,0.06539150933349701,0.06796573485688975
3135,0.012776607519510165,0.08079652093037812,0.09082763594006674
3136,0.01283508244865183,0.08439797195174778,0.056913202373881665
3137,0.012788045783501822,0.08430035532914099,0.06957078898278257
3138,0.01255881133448134,0.05945960311393362,0.0769843672509324
3139,0.012984528851921237,0.10127902763276402,0.04919229152274313
3140,0.013057065915725216,0.10350409815717745,0.0943042886142807
3141,0.012765905097057221,0.07872938612637824,0.01903964550227272
3142,0.012616241329723138,0.06601469915042094,0.07429312603437496
3143,0.012639725992548038,0.06257018764761299,0.07000203118891372
3144,0.012712178259587592,0.07944409159678414,0.050255091803718704
3145,0.012614989685206026,0.06817735126947866,0.04669851277569582
3146,0.012934498093458511,0.09204045015066349,0.002443328884467099
3147,0.01274228371366,0.07652606513259816,0.0441938559805318
3148,0.012575217391430513,0.05905358510910116,0.05827392773957624
3149,0.012609294173567093,0.06334089501619226,0.08409551142548832
3150,0.012711251675819712,0.07294884694640477,0.06985731318403057
3151,0.012604544075489946,0.0612544012339234,0.050057759364564615
3152,0.012696351824379276,0.07463540169179513,0.05402216512821859
3153,0.012676226788565063,0.08019218433177132,0.0318457738989219
3154,0.012481879062364587,0.05597075575440459,0.05624142159429473
3155,0.012598561828054541,0.06484791508038303,0.11021694464500117
3156,0.012483298565853429,0.05773449811734052,0.020428163665114327
3157,0.012536547421544326,0.06265524104809002,0.03194026910002919
3158,0.012807377813805176,0.09312080973876724,0.08104739374401018
3159,0.012465644812371949,0.05727481679528207,0.04548503086463719
3160,0.012552966111017323,0.07300695422057953,0.020688482385457663
3161,0.012461832176456357,0.06021652565186753,0.05005178756655371
3162,0.012435758921960546,0.057005214995186536,0.06729787496858776
3163,0.012627753328721356,0.08012527802365405,0.08134533559547734
3164,0.012610105777925214,0.07177016862159157,0.07198018418220554
3165,0.012759926929904568,0.08216635172777843,0.04348680682253379
3166,0.012967008206053553,0.10112311017573468,0.03807176123950438
3167,0.01282169212889099,0.08538660228682925,0.05331310790819514
3168,0.012935074787080362,0.09016798691716998,0.04909131561109639
3169,0.012723721386239112,0.06894998556798364,0.03559645871186494
3170,0.012801445867705694,0.07810427126967039,0.04130901650801256
3171,0.013246248460865383,0.1218554257630524,0.08045509221773596
3172,0.012704985672948433,0.06960067254819087,0.06053539591806139
3173,0.012949089980455183,0.08620259617115329,0.044389641144952904
3174,0.012748187626065024,0.0678710342803744,0.08940796389304619
3175,0.013278709019484322,0.10239729774799888,0.031394502831787796
3176,0.013177304195947518,0.08411031679404182,0.05659794092277103
3177,0.013163228230055977,0.0883546257366387,0.09619619604260102
3178,0.01361097542827727,0.12184759300437827,0.06342030608637227
3179,0.013133310164837125,0.07904779445569499,0.029928555908643493
3180,0.013280711601144947,0.09428066540713863,0.08438365739264415
3181,0.013215742899585384,0.0943276393134603,0.04192137697157954
3182,0.013267504757141139,0.08660743182010289,0.03046235060097898
3183,0.012952941615825912,0.07359587230667229,0.042051543361061004
3184,0.01287655554884193,0.07087327500607385,0.07024821818990948
3185,0.013172042232072984,0.0981841344552877,0.02384895649017779
3186,0.013119255826754096,0.09058122098008642,0.08733160641658422
3187,0.013416656067526853,0.1118980156630037,0.07763961871121319
3188,0.013521766603786085,0.1312367077759429,0.03548155663802089
3189,0.013587390065012545,0.1341642289049839,0.10320147558668531
3190,0.012908372094070255,0.09178634440635018,0.029526580526990837
3191,0.012548476341656447,0.0645888919096874,0.03655159793762228
3192,0.012716692030063025,0.08430479488262749,0.04489737048538364
3193,0.013068434932261277,0.11464367782506144,0.11046484650780489
3194,0.013451702962657812,0.14085222158659333,0.06629643598363737
3195,0.01279388995501657,0.0907312782229421,0.054339017344030655
3196,0.012495811562399433,0.06214182046572045,0.026362641947875784
3197,0.012919030432317367,0.09550170099384128,0.053632206529844746
3198,0.012537135746588155,0.05673951226696435,0.04618239446656655
3199,0.012549779910511361,0.06455389942863782,0.048426131547528624
3200,0.012599735831749729,0.07011772387559854,0.06727551001318588
3201,0.012673582433890947,0.07424396832795795,0.041503359808297106
3202,0.012649736113845688,0.07316563017438951,0.08966189566417533
3203,0.012597770823885964,0.0736496197145331,0.0933935190673323
3204,0.012574571169007153,0.06205715151900457,0.05545206162094586
3205,0.012778771868324589,0.08749653990879412,0.04727314835810162
3206,0.0125205799834873,0.05376602921355636,0.029702161807539408
3207,0.012675331900648667,0.06383513501339051,0.018027412054669765
3208,0.012756090825682624,0.07543481388370753,0.057213967923398376
3209,0.012832048376114553,0.06748284964349852,0.04965220309316742
3210,0.012878585166587603,0.07621591989227888,0.08298456061340091
3211,0.012889414326178026,0.07968288127817828,0.04263248283893428
3212,0.012733355381796319,0.06430830171594464,0.05257941844935461
3213,0.012703733808446242,0.06653651846707961,0.06041705876247252
3214,0.012650130084165028,0.06917043986514312,0.052154317600108156
3215,0.012727971151579316,0.06409349855535051,0.07159974965546967
3216,0.012739378567934877,0.064525488820709,0.05268692174515858
3217,0.012790379169577015,0.08560512707822507,0.019473254479246107
3218,0.012599202067773006,0.05972563710518533,0.042997977492511184
3219,0.012734239094120855,0.07354475272016425,0.059504138494577946
3220,0.012767467573922098,0.06989726947813445,0.0842613795463839
3221,0.01255368191025623,0.05721620713078014,0.02555882441636748
3222,0.012784506379297242,0.08454938509562175,0.03644329177921567
3223,0.01257316040978507,0.06046029605616279,0.043047050014631896
3224,0.012720328050261258,0.06504794601638189,0.05523437615503047
3225,0.012788505246691334,0.0719350977452496,0.04772797975851366
3226,0.012843773897144665,0.08207581750136336,0.0418719635647755
3227,0.01268676264463596,0.07754660609066368,0.017175113036270367
3228,0.012494690082035097,0.05332002803744454,0.07707146114302865
3229,0.012647547233675064,0.07324545674546698,0.06595127286565591
3230,0.012580837692727427,0.06266615983930515,0.040022026630341254
3231,0.012571956559230072,0.06620044756544294,0.05213838585616801
3232,0.012477393361468596,0.057464073528752393,0.05000332594573055
3233,0.012591827500448073,0.06816981111605529,0.056362283309439806
3234,0.012544284860038677,0.06516869999227709,0.03747767531499982
3235,0.012576581644011037,0.06939168418706965,0.08593325750163375
3236,0.01259909012046425,0.0737005268351235,0.07536825287722249
3237,0.012395837140636239,0.05614045687426485,0.04813458155381665
3238,0.012599841785529944,0.08300871146421133,0.05926932767659411
3239,0.012529205841431959,0.06371543823070905,0.021038034036168066
3240,0.012680285419682944,0.08647648565042193,0.03026167926039045
3241,0.01282341712771973,0.0850899683938564,0.06556522769000689
3242,0.012848004401178134,0.07706642083295928,0.05051469236766029
3243,0.012748058628934859,0.07451405960498345,0.044184100019152774
3244,0.012499524585051585,0.05647427557817176,0.061816715586900134
3245,0.012563613601528476,0.06069478051234498,0.09359248649072831
3246,0.012627517459608125,0.06406978492934959,0.075502353919691
3247,0.012671351579966125,0.0797078401131959,0.07345111289066641
3248,0.012488492230559459,0.05976391239643681,0.06092122287351606
3249,0.012677415473368907,0.08524607752239963,0.06719262854160887
3250,0.012517809510696929,0.05922612319373203,0.03214402823196192
3251,0.012660888429533534,0.08307435414595458,0.028899252917572334
3252,0.012485285135249947,0.062413218733345086,0.05946472100068039
3253,0.01256084166268141,0.06966941271885206,0.04499355795445461
3254,0.012672643446667683,0.08083485649204564,0.1240626589018156
3255,0.01271760769019632,0.08089282502016888,0.037704560659175226
3256,0.012790349232197979,0.08589115815868685,0.06428126276276618
3257,0.012625717025617557,0.07482039399786894,0.05141172701697932
3258,0.012632833434121768,0.0780200913335335,0.055000872033259054
3259,0.012620033436288983,0.0860818803282215,0.01388997981802594
3260,0.012364867897755464,0.05697165309155781,0.062303795288030595
3261,0.01234667840920743,0.05197265534955366,0.04449682980381635
3262,0.012391713922978404,0.05974442535020662,0.07928540419492443
3263,0.012336373781769043,0.05048880542959634,0.02762434476821997
3264,0.012440050431160646,0.06477088996516189,0.09199161943845267
3265,0.012492465418327664,0.06821039506488566,0.0781646606878796
3266,0.012332106911172242,0.05394368584947817,0.056502527691299285
3267,0.012359962055498592,0.05432765339647686,0.06067237921768991
3268,0.012464711731173876,0.06245520492728387,0.07744753048426545
3269,0.012455782796538376,0.05832397323925685,0.07425738577848194
3270,0.012431033539270667,0.06095134740856659,0.06781153672620839
3271,0.012424793302521062,0.060948522741868676,0.04318114452880651
3272,0.012413845122539662,0.058713823198567494,0.08314779307524972
3273,0.012478198975671597,0.0671468381349057,0.04493434960360977
3274,0.012481963363531492,0.06667090341551847,0.037273706266816
3275,0.012400139532969982,0.05827278877612556,0.03411075889608968
3276,0.012465323081410677,0.064760173943281,0.05417239698338953
3277,0.012705704941884706,0.09062925747845044,0.08449257596270193
3278,0.013134242323360096,0.12964172148272918,0.029815266636650475
3279,0.012843447366081565,0.10467629648620946,0.05076360675144694
3280,0.012408319846521715,0.05707453727231394,0.0390624074722607
3281,0.01244739470281295,0.06710724000147908,0.0790872768849419
3282,0.012458170765041757,0.06968889228959506,0.032818895465017664
3283,0.012452805625210703,0.06854254815542962,0.09315934084982627
3284,0.012360346724447736,0.05466562844159101,0.053107839311160816
3285,0.012641994501083857,0.08509424740652338,0.07233227552393612
3286,0.012472938658106732,0.06604359919976542,0.1006859472852304
3287,0.01240223184372753,0.056289888938022836,0.07416699778722471
3288,0.0124689433884946,0.06352895685770456,0.098834221751444
3289,0.012667382794797575,0.08408552961916917,0.08655956179248829
3290,0.012544402381472199,0.06950288689154056,0.03419280629753574
3291,0.012439256967303585,0.05563371356798354,0.05327549099448978
3292,0.012634309997793544,0.07322106026282162,0.04036370310984277
3293,0.012560989665866006,0.06284912523045445,0.051945975368560424
3294,0.013001062014172367,0.10132622885023757,0.06906251679452789
3295,0.0127095693599426,0.08664782023903703,0.06243429605578958
3296,0.01283247391798187,0.09625961476315673,0.04016992180899029
3297,0.012603306982949132,0.06812711361915517,0.03554778136107167
3298,0.01272228523287955,0.077373540785951,0.008739525406458842
3299,0.012905818797517291,0.08820652387951734,0.041469888281444676
3300,0.012673151907611209,0.06384666945875356,0.08600518290008752
3301,0.012486266317538977,0.05860184778531709,0.023194689660266686
3302,0.012449428208144729,0.06223351037313186,0.07415408042133152
3303,0.0124595347451891,0.06449584324361066,0.04836360317004485
3304,0.012388152916911695,0.05363655456129823,0.04693496436953255
3305,0.012587270667571522,0.06596403948194106,0.026487578431505118
3306,0.012669247990848351,0.07629857968033531,0.0734216031113369
3307,0.012587696906145116,0.06687914033155676,0.1124489298071222
3308,0.0125205102991273,0.05844414702608202,0.062409406056338664
3309,0.012522741503904328,0.06411408932910176,0.06680953863137491
3310,0.012862556617196413,0.10066339716890405,0.04710255735236166
3311,0.012505917282502187,0.06831637646881218,0.012905744807574835
3312,0.012510015238535482,0.06760051527096313,0.060384410120901295
3313,0.012522613293828387,0.06336124191170411,0.04560660670776588
3314,0.012841715445409674,0.08908114754743306,0.039461750465488735
3315,0.012495466831055442,0.05572809992358176,0.039969637207805504
3316,0.012680268914072408,0.08280414453551345,0.04966510777008511
3317,0.01249166068694481,0.05862710846911189,0.0403027970951546
3318,0.012655851894506529,0.07575220495852808,0.04795689792270574
3319,0.012843203692685578,0.08804312183980938,0.07170465290977646
3320,0.012634479172577814,0.07499001004393373,0.045074116115363966
3321,0.012584694750596957,0.07219658659909034,0.03505995522633228
3322,0.012468285889197253,0.058678289475343655,0.04964396442449555
3323,0.012445602516964633,0.05733836090324937,0.07731430664705313
3324,0.012384687677366899,0.050614086836840884,0.05184692493843393
3325,0.012526922911166844,0.07580095492764247,0.06925201991940334
3326,0.012588988428024401,0.08443197216134417,0.05771727680128354
3327,0.012614310806660688,0.09003735570800957,0.04561672681569484
3328,0.012394663123844187,0.06573490260382617,0.04546064723961763
3329,0.01234932040956778,0.05739563470627478,0.06394131998178691
3330,0.012578106386713509,0.07658175038030073,0.024557694403778325
3331,0.012363593097444498,0.054485304698368396,0.021914790843001464
3332,0.012444364611400792,0.05900171042980383,0.0507059708224285
3333,0.012533639827673086,0.07010024177681047,0.033537743327561716
3334,0.012435887123648284,0.0546411360231735,0.06894533626523515
3335,0.012507249048035612,0.05922518271769158,0.05786996514002527
3336,0.012514346158915989,0.0699568937125726,0.06680736981272446
3337,0.012586708623865192,0.0757082950517021,0.0373259587418344
3338,0.012786916041128532,0.10485249965066665,0.03385607931384304
3339,0.012572345749185846,0.08173364112965717,0.07519669545352435
3340,0.012441894848413407,0.0555485438426123,0.023862001333630038
3341,0.01260151703887433,0.06932448453814789,0.07536302948123441
3342,0.013053097379007311,0.119709685071367,0.04890913852835722
3343,0.01289575233255026,0.10346011679640497,0.0486500983223521
3344,0.012796739475343964,0.09345446475565881,0.0319797301878442
3345,0.012766095174623201,0.08137015436776919,0.06136034045469632
3346,0.012699230751544615,0.07096101173062792,0.040237549793383384
3347,0.012588033490268302,0.062033594488933114,0.05896699198270275
3348,0.012779716582620315,0.07060281997101643,0.07606260107819
3349,0.012832491050771614,0.08055663706536294,0.045036534323598075
3350,0.012894005219983214,0.09682372267671005,0.03892691625543616
3351,0.012468426457828006,0.06005089399276419,0.0429783545882986
3352,0.012495879446038716,0.059560381960723184,0.08266041793839651
3353,0.012552758578604295,0.0728448934493173,0.017385384027734794
3354,0.012429032539842406,0.0601134756106268,0.03934308166114252
3355,0.012399743457594963,0.05569633033663762,0.055918291857499074
3356,0.012572002487459159,0.07167754658591997,0.08248432147849215
3357,0.012519367259932196,0.0605371724666322,0.09273391748206776
3358,0.012687342395522426,0.08076212094312499,0.06532791953503869
3359,0.012467594042105866,0.053312631866634236,0.042626017067558225
3360,0.012639920454449264,0.07416316456212235,0.04524814424920246
3361,0.012434268702812896,0.05271029469669452,0.02160598535356097
3362,0.012755113302478173,0.09425486453541418,0.024550921256105546
3363,0.012610740061468612,0.07803156877473261,0.054217132466949286
3364,0.012432394352724254,0.05217314447144704,0.051288284250036904
3365,0.012509862610170602,0.05832588879932635,0.08033659541321518
3366,0.012493369206068927,0.06140620231096997,0.05426346283468178
3367,0.012437431326855186,0.05239117026700312,0.09824883267548942
3368,0.01267123633434404,0.07392580422024879,0.09130068654282313
3369,0.012866173945238889,0.09907615916529398,0.048862729528483105
3370,0.012813377059560696,0.09407320623042467,0.07631306052982989
3371,0.012531685783619,0.062232412654490636,0.06307360097432031
3372,0.012648090155840641,0.08032766232533027,0.03714034814599749
3373,0.012559691333014898,0.06753086233652035,0.029355096398807116
3374,0.012720651437014046,0.08698112064712195,0.042995820857769235
3375,0.01262385506760433,0.07041258532884341,0.06408564339362013
3376,0.01252782215383339,0.06707397251453502,0.09271834499271708
3377,0.012622468248280824,0.07546711651414292,0.08122568070008
3378,0.01254123161509215,0.059765977017374516,0.02876935198371135
3379,0.01253114180179543,0.061333649665249665,0.07525748648404448
3380,0.01293467074295493,0.09160497948821983,0.015030276150741265
3381,0.012571480062111364,0.06541648206428709,0.025785923869222422
3382,0.01270247394919649,0.08087204863936556,0.0624427404833877
3383,0.012628799355940185,0.07664339818795521,0.07218830233616984
3384,0.012624918711724588,0.07596422154232425,0.04350455154204562
3385,0.012505457904026816,0.0635031608101955,0.08113728482976672
3386,0.012505293618276426,0.06104630644919798,0.04683720992186408
3387,0.012487322910971177,0.0692467014670075,0.025017998869278028
3388,0.01238542690797476,0.057097702284189054,0.0503686783690554
3389,0.012342442228551593,0.050776180568787105,0.0617969967591063
3390,0.012607495498983642,0.08670326516287405,0.05623771129696937
3391,0.012876659803896648,0.10454311224855183,0.06641177876913526
3392,0.01260645483299549,0.06936367397184501,0.06046859512542269
3393,0.012797292996080694,0.07649552124784963,0.031954383261453785
3394,0.012617727368181805,0.06439980834728191,0.029988826564143384
3395,0.012618846705571523,0.06841511329885855,0.06476747722379016
3396,0.013046666634324586,0.10406001147181226,0.05627569057801252
3397,0.01332274626643631,0.12008556811507323,0.03367494835724284
3398,0.01313551999978588,0.10704666316866975,0.07128267320240088
3399,0.012840377462511746,0.07600568437847983,0.044487553961018896
3400,0.012703892822458025,0.0704028191950836,0.08397007886635602
3401,0.012917720660667771,0.09331774290765614,0.03061964774325391
3402,0.01286306589970862,0.09207903304297198,0.04488495695847032
3403,0.012574551610977178,0.05965122072801912,0.045757807639145116
3404,0.012534494825124809,0.05886103065779241,0.05940580339513601
3405,0.012574036501790642,0.07014710032859639,0.07662327244009308
3406,0.012466172472609493,0.060177695527135276,0.041428019736860715
3407,0.012536513408325671,0.06468667412137631,0.0610337022068267
3408,0.012490226510088114,0.06113141767481342,0.06635807879298557
3409,0.012509545090818572,0.06518660402552683,0.08945543495579131
3410,0.012650341551622243,0.07809656358855091,0.05780625790424387
3411,0.01300989866565619,0.11299775780644372,0.05764530305449356
3412,0.012471143836474272,0.06520489763471714,0.08014368885881921
3413,0.012497946949808969,0.0632502172752278,0.04623305445588281
3414,0.012675556421791639,0.08494913498168628,0.1011296308575266
3415,0.012706122066973446,0.0831624814138169,0.07118887301828103
3416,0.012715059530968149,0.08147876450336122,0.04187085830817479
3417,0.012450373333143624,0.058931098792514604,0.030018782360259517
3418,0.012489014295873424,0.06159821154663093,0.058814988645138816
3419,0.01270988775559826,0.09025525338263199,0.059094701052890906
3420,0.012485494543624368,0.05890909960542881,0.02450759790132448
3421,0.01242951906076948,0.054919423143391696,0.05451168474275151
3422,0.01264925859749009,0.0811445950258435,0.10255218142325784
3423,0.01251052911738507,0.0693677545159063,0.11444662305995354
3424,0.012910426049567538,0.11089007350353754,0.0462566825851136
3425,0.013362285907405319,0.13977374603557816,0.07871501076914235
3426,0.012671385380392582,0.07903911385810246,0.03153886726941621
3427,0.012773904995559393,0.08234686307830945,0.07359255395186472
3428,0.01287140577385299,0.0927187556035822,0.08411360929454403
3429,0.012670046216963996,0.076462638689043,0.07602066714998605
3430,0.012602663507057844,0.06999774739684517,0.06227849707426952
3431,0.012565255781950517,0.07197985129326721,0.0689109681532942
3432,0.012447649404460819,0.05733540376167883,0.05587967169582776
3433,0.012745554796114661,0.09004192055198552,0.05563698642555731
3434,0.012457065342286664,0.05945361708495123,0.03256343126196713
3435,0.012673647498723226,0.0898829860153097,0.0342655443383301
3436,0.012406559868970166,0.05171029362923842,0.05115774148574928
3437,0.012564112147800587,0.07795927354332328,0.048793905928757986
3438,0.012372464373741378,0.05723696393206109,0.019200914340269964
3439,0.012546245042661035,0.07857350496710992,0.09106263365496216
3440,0.012392524661442146,0.0667167528961424,0.051043130932439236
3441,0.012312400902507764,0.047854251907206845,0.03561598018362166
3442,0.01242177513050867,0.06305866936047883,0.07781127611011167
3443,0.012366838328800351,0.053714232155324206,0.04913690721834153
3444,0.012428741857008898,0.06459104354720742,0.0794779202456758
3445,0.01240280696006182,0.05931005499006517,0.0517490959207061
3446,0.012463009982799504,0.06661812472064375,0.044580363303295796
3447,0.013016250659259652,0.11941177988375373,0.029579837349978946
3448,0.013256107159531851,0.12994626303149864,0.026611185246986486
3449,0.013900021761762646,0.16250948581467536,0.047569172726020265
3450,0.013271530683770544,0.12395676399155517,0.06679523110106571
3451,0.012940745782174549,0.09088390163347013,0.0744646300822569
3452,0.01310602261191845,0.10401611401723665,0.07211638540641002
3453,0.012886739462372475,0.08621068835803157,0.04094819057486344
3454,0.01312382040237586,0.10639975026536888,0.04677547588787558
3455,0.012822029045735423,0.08081409622456934,0.07838257909459194
3456,0.013009693241620794,0.10009374614123961,0.04672908353890959
3457,0.012828289234117994,0.07947094803333105,0.04005214907148228
3458,0.012831486592074955,0.07749918962420474,0.056973430505795
3459,0.012863662208355778,0.07492038109220471,0.052149461786960116
3460,0.01287342413825199,0.0740974866802811,0.07673957592133787
3461,0.012655623526248917,0.06649224108777212,0.030979759631685148
3462,0.012689038026661282,0.07590896093783867,0.07312921757313211
3463,0.01253548302493768,0.06414544398898818,0.07676390953078759
3464,0.01262938402370929,0.07657296132431798,0.08288080078204627
3465,0.012590560202512233,0.07294101917680977,0.05145983666541924
3466,0.012702826110336676,0.08793875107531532,0.05499625325198324
3467,0.012448006232828247,0.054727384761706244,0.08642362661877864
3468,0.012476912003593296,0.05635836761368808,0.08175338490727845
3469,0.01257625597443121,0.07296818724211296,0.034075870500046276
3470,0.012532054830874922,0.06211491901540134,0.05695524323490479
3471,0.012645959957440766,0.06756485325642726,0.0899059253217897
3472,0.01265823940956162,0.06789178497413764,0.09658415006096199
3473,0.012739420873830086,0.0727226581507811,0.042969182912919186
3474,0.012583849668337753,0.05732579478715314,0.04029545455258338
3475,0.012633044006310889,0.06770589230962257,0.0684109830368302
3476,0.012715762887952967,0.07239831929876864,0.02552189449389373
3477,0.013005056882325226,0.08884867080780437,0.04039797908126533
3478,0.012658289504348295,0.06086341191866592,0.05070803038649069
3479,0.012549587051172286,0.058189740829269226,0.014083343035431978
3480,0.012529573518083134,0.056120751363219916,0.06193354552848727
3481,0.012599176085533393,0.06951114037812785,0.03335286816268656
3482,0.012507410528535047,0.06341616562499847,0.024928034563643772
3483,0.012834859828160364,0.08699160539362563,0.031497545701630436
3484,0.01296588217810952,0.10064007909273784,0.03680176017155043
3485,0.01303040620693136,0.1093200252047879,0.049836438614724844
3486,0.012509636578398169,0.06645669648966337,0.03548766312234267
3487,0.012869275954100427,0.10264697629939043,0.06295171882647424
3488,0.012418330121898365,0.05674873069239987,0.05447072700076235
3489,0.012763111860035358,0.0886906477510675,0.03872814902782284
3490,0.01305731714535807,0.10047536959125991,0.03750271301955718
3491,0.01298509458785457,0.09301462190573476,0.06874730237323311
3492,0.012926078813367572,0.09311916451746678,0.03512856116588573
3493,0.01267117999926815,0.07084986216164474,0.08474304438185687
3494,0.012727177014848412,0.07808721170533861,0.07884856621978632
3495,0.012782748020224456,0.0836747158837146,0.04792568381494856
3496,0.012627922132064236,0.07048289460752022,0.0346817453882757
3497,0.012430172350239159,0.05378184736163178,0.05399627964157219
3498,0.012659018982819303,0.08016896805149692,0.023297704225299
3499,0.012706025396916124,0.07913879352878656,0.07321538376321977
3500,0.012608221223649484,0.06888710040985674,0.059409421393950154
3501,0.01256692068143879,0.059525523001227,0.04987632761145514
3502,0.012955784044335117,0.10134364119596138,0.051778810365361284
3503,0.01299128570725959,0.10018565682628379,0.04724013444885029
3504,0.012681731470952261,0.07673677976942947,0.030202218553923618
3505,0.013334235757933193,0.13197821629858225,0.07416444945594246
3506,0.013298696963505368,0.1197382197812369,0.08119796989742553
3507,0.012965458594232693,0.09607408849893634,0.021509790699953086
3508,0.013367170286218874,0.12211941642103535,0.04113399627920751
3509,0.013720062129406787,0.1447305415042742,0.04930013798520211
3510,0.013014700369584912,0.09678705666894882,0.056567777697506795
3511,0.012818933213685671,0.08229546729185756,0.03839382579948069
3512,0.01263421826763986,0.062044389675654066,0.0607396514212173
3513,0.012804097113168132,0.074577658794514,0.058801198409379724
3514,0.01305588496483419,0.08862356227061303,0.0508157360326564
3515,0.01384431659371677,0.14794484715774822,0.06940726665671099
3516,0.013294761447813703,0.12111923169643501,0.05638297669836439
3517,0.013120764761019602,0.1117122979521499,0.05570239671013787
3518,0.01387156935512783,0.16071959184044385,0.06839947541375523
3519,0.013479619678990988,0.1342004520841532,0.08156374312491471
3520,0.012851366853164924,0.08658261515003572,0.05019263262017269
3521,0.012738367955455658,0.07658582899608606,0.036047577347953816
3522,0.01295396827046616,0.09859864194171943,0.1019324957407936
3523,0.012656994980080397,0.06853608198513364,0.041457888494531865
3524,0.012877442045516743,0.09877578302988085,0.059171030443973587
3525,0.01251798737690625,0.05660270293808736,0.06421541658424822
3526,0.012610327010859162,0.0714296465369188,0.03375245894361467
3527,0.01276230131794669,0.09046666981915504,0.04510730462549101
3528,0.012483304809317728,0.06073901241099812,0.042323221820869526
3529,0.012504891210081534,0.061903126949110376,0.09658446749966691
3530,0.01260236446178825,0.07455742767002482,0.053175431495463325
3531,0.012523247587002706,0.05878424928084608,0.12691880271534858
3532,0.012699893056357374,0.0773795387514278,0.046634279538012156
3533,0.01280903627377734,0.08407483943981787,0.07608692239194104
3534,0.013134994586010834,0.10457801809171903,0.07489083238835809
3535,0.013119487618405203,0.09947145872789165,0.05221901328161538
3536,0.01283762774864587,0.07727611391339555,0.049413182662653196
3537,0.012786682414687042,0.08231077751170697,0.07980355867784232
3538,0.013044739046406155,0.1033941542755971,0.058091107618838164
3539,0.013102587166828269,0.1030301178890867,0.06234674371164546
3540,0.013394445262035957,0.1240991360742735,0.07231358638601298
3541,0.013240721547714154,0.10744120016691426,0.061360783758741225
3542,0.013197540227214213,0.10283022991330065,0.06434915513239542
3543,0.013051102848220877,0.09107263899224621,0.045679419287224854
3544,0.01281756454406992,0.0769364532576901,0.05594407927178129
3545,0.012868124093236647,0.08352513066721466,0.09659811377524556
3546,0.013037787844003187,0.09933687442906046,0.03998426993233504
3547,0.012776488596581667,0.08039168775691087,0.043889617634096864
3548,0.012551343375253453,0.05533187784864893,0.11017018409568276
3549,0.012748208844949696,0.08213326307349494,0.03373952669489548
3550,0.012565834630970786,0.06447811979257488,0.07990709154605982
3551,0.012624745222107756,0.07913340671244304,0.07779608252839838
3552,0.012598119694701499,0.06163523729181286,0.021568432030641998
3553,0.012681052591493722,0.07818364504936931,0.0671308078319503
3554,0.01295463281769521,0.1080452303311762,0.023429969254251382
3555,0.01248473611651104,0.059728469693676726,0.0561754382812868
3556,0.012539098615814,0.05766564736894798,0.056343145309101395
3557,0.012563560699388115,0.06131635205131398,0.10713511601086427
3558,0.012662949362788866,0.0699577394265666,0.07853913461198393
3559,0.012670989913685593,0.06887357256632487,0.10418791675471152
3560,0.01258046692422731,0.06260796463483935,0.03168625140048103
3561,0.012753517413007155,0.0880350604972031,0.08313059923844553
3562,0.012527836906755487,0.07277359462616748,0.06255145503746634
3563,0.013250507305276093,0.1320137068472556,0.035170121354224565
3564,0.013497979525052394,0.140578065694682,0.06206662882705383
3565,0.012787494973165104,0.08756021189621666,0.03354371746462641
3566,0.012595279782969334,0.07184063339303962,0.07521451687645313
3567,0.012825977100001953,0.09136589286307087,0.05158850637951776
3568,0.012820342752046479,0.09364291173111489,0.06750833604164333
3569,0.012438819133949666,0.0649629778032015,0.015568178324567633
3570,0.012541955501787928,0.07633792766680293,0.024520960230822248
3571,0.012418784990139629,0.06259596325594895,0.02633602653603746
3572,0.012377069460467278,0.05851751236472682,0.05436012230021693
3573,0.012346404531875492,0.056652593152666235,0.07772813840568121
3574,0.012441053008316078,0.07011612376307308,0.045800216884886114
3575,0.012370494134536766,0.05950035925714022,0.06425394340681732
3576,0.01235433117431452,0.057547242725167584,0.07863703905423519
3577,0.012434423483603284,0.07322988874855613,0.06648760604519734
3578,0.012389178118512494,0.06443541089136481,0.05317272827112038
3579,0.012776819225106442,0.09968449845831373,0.054938413987745044
3580,0.012570279720839026,0.07387606371902945,0.055055893827424915
3581,0.012680096789792301,0.07798414623965871,0.08063544400932952
3582,0.012708702033152337,0.07379676361974334,0.082002104127993
3583,0.013255559020503387,0.11688070587131867,0.0332617942465486
3584,0.013173716208372944,0.11396402866903559,0.006378869644514739
3585,0.012597275366299168,0.06774701804340265,0.027828257682338552
3586,0.012914955329703173,0.09290201226631066,0.036534620790093904
3587,0.013034630265836374,0.10007577793161994,0.07196445659390807
3588,0.012697961736950338,0.06729014760390638,0.028803879221720518
3589,0.0126338896594628,0.0647027320652509,0.06810082444274242
3590,0.012597893529534871,0.06416850882069923,0.0385780282267136
3591,0.012651454612219216,0.07532184771708475,0.07838230506983264
3592,0.012503641986901109,0.06512358977991171,0.03850375328776663
3593,0.012747472494659918,0.08919245339464062,0.0803307131688205
3594,0.012625021342962816,0.07886047306293868,0.06223846596947583
3595,0.012852435650736795,0.10330750937564762,0.061553768187785594
3596,0.012825170123409566,0.09446831766224927,0.03978354809298399
3597,0.012716998280686178,0.08014118724872735,0.0957491871499602
3598,0.012644819241291077,0.07051586393082385,0.05917145293824846
3599,0.012880864246367441,0.08989611006533452,0.07032380077316785
3600,0.012864474516015387,0.10322520546626676,0.043487066063469984
3601,0.012474452038973391,0.05705250389152924,0.049493556388479194
3602,0.012705980044175672,0.07701100616456005,0.040438832576514906
3603,0.012881482570410786,0.08829392827586438,0.038148396698418234
3604,0.012611774364349407,0.06244659632323792,0.05939343842472912
3605,0.012774658779828415,0.08624693781015387,0.08611035626230797
3606,0.012753410451877062,0.09107344744954059,0.026010575674493542
3607,0.012654592863902305,0.07893386516595122,0.05525912542335918
3608,0.012711617289076589,0.0822058854769631,0.05269007593621165
3609,0.012588431840112293,0.06434639679537327,0.08122090063606312
3610,0.012431242993540694,0.05235054728632358,0.041504946825826144
3611,0.012527819707691408,0.06683183217940367,0.05930323447273118
3612,0.01256475335020852,0.0710855469476168,0.04894022006806533
3613,0.012599865248726139,0.07184498701906195,0.07954280238054369
3614,0.012514024203667574,0.05620470717246969,0.02968758665279715
3615,0.012889965191894746,0.08133482165981674,0.026329355701650785
3616,0.012880056839733707,0.08367101971387951,0.06873286651844253
3617,0.013062801997402642,0.1004198480783973,0.0832428289559406
3618,0.013123672313477736,0.10642135246151237,0.024398463837935345
3619,0.012979449897671623,0.08741951398861271,0.08061521109895486
3620,0.012901857812943158,0.08115255802198372,0.025707633098963564
3621,0.013370215427777032,0.1246624193442973,0.06293951228784937
3622,0.012936609531271993,0.09347372332481507,0.05184313017993545
3623,0.013034968466579812,0.09937355442268546,0.037084844505519306
3624,0.012925844731632418,0.08558036778303471,0.09963391870642442
3625,0.012655734517486533,0.06565095506604811,0.068563038108602
3626,0.012762791396868168,0.08981638114351043,0.03568910380926968
3627,0.0125047223222405,0.058481241412485396,0.022054397828194235
3628,0.012626126064530466,0.0739230634614536,0.05721510182585218
3629,0.012945381878677794,0.10416335313836787,0.09087075036071479
3630,0.0126441285616293,0.0701806904651101,0.051133122148711685
3631,0.012774863617332615,0.0891773378970138,0.03464346681475047
3632,0.012643903197729239,0.07816395273471713,0.058775349449933505
3633,0.012561971617447008,0.06376421133681007,0.097619973755297
3634,0.01274207542651905,0.07492714536181314,0.016052839119704735
3635,0.012942914251466668,0.0948254300975982,0.07586434125237317
3636,0.01273606199393096,0.06621147756947153,0.04380569193366185
3637,0.013109156057346718,0.10111504743967606,0.03289500581431711
3638,0.012968484864617554,0.09291427525042907,0.05982269046021342
3639,0.012813349221235962,0.07315822447694695,0.027489199594924758
3640,0.01296729342841458,0.08596372141042137,0.06997035821485341
3641,0.013030739802541156,0.08689656832963692,0.037557337061850965
3642,0.01294534555706558,0.09177641794851778,0.06302293355722319
3643,0.012922921007574589,0.1040481217951715,0.04002503908587307
3644,0.01264902465353999,0.0724739558441056,0.07459611573262602
3645,0.012493657385004445,0.05497562563146515,0.0662259206602632
3646,0.012643627140217379,0.06998726071875576,0.05761854657029
3647,0.012727030729745388,0.07357798377355428,0.02758116818859759
3648,0.013017650361142942,0.07888758048630592,0.03706704198702532
3649,0.012724088459049054,0.06605521831441796,0.03083060717590608
3650,0.012915001856307656,0.09544227335494039,0.043804868847599994
3651,0.012635985450655692,0.05912525011368913,0.08448511758850157
3652,0.012604673702195463,0.065593867385466,0.036208029281688016
3653,0.013080239414882303,0.11924504731078947,0.042642205651195406
3654,0.012723841905641072,0.08086241695987939,0.05896011072576937
3655,0.012626008364242543,0.06599106296661343,0.06240237478477291
3656,0.012857576509807475,0.08803886657178217,0.05676343263958364
3657,0.012647147912516117,0.06388869221314873,0.052284459841121615
3658,0.013017501481307361,0.10091301317101457,0.04425185758264652
3659,0.012743198807114539,0.07065956058706103,0.06607415229073602
3660,0.012613253409835764,0.06222456088018333,0.04628657292085396
3661,0.012582796639105727,0.06288717030570588,0.05277066554279141
3662,0.012674015871008908,0.06852515872084597,0.04018952454251637
3663,0.012683756539256432,0.07524532875699788,0.030465610496799175
3664,0.012849254186232778,0.08952788781214319,0.0641829318146708
3665,0.013118582089322251,0.10443184685324898,0.07893771798702436
3666,0.012916729095650123,0.0980887298766524,0.024547750049454538
3667,0.012550571699334755,0.06410188384704746,0.07593348844786003
3668,0.01279769022136612,0.0947367155014812,0.038870171622446985
3669,0.012586217932927782,0.07270069058812371,0.06417156359272805
3670,0.01261051716270034,0.07094978943548025,0.07776295023711852
3671,0.012512110450757232,0.058095431100233734,0.07682936616164433
3672,0.012673196437969428,0.0692085089922119,0.10189915704293247
3673,0.01266722838907333,0.07599678445989382,0.04248547360119389
3674,0.012769993207622708,0.08337096369762428,0.09817786511178275
3675,0.012556346368780922,0.0638640096681765,0.04912785932956914
3676,0.012664168164798257,0.08482135663551704,0.04211318345813558
3677,0.012492893182151311,0.06341235607176648,0.0460451132390445
3678,0.012824094986076246,0.09639935143282981,0.09595181691647905
3679,0.012857919244301273,0.0922593710823231,0.08026108165058032
3680,0.012745854655176322,0.09114335500250664,0.061331413077072454
3681,0.012637993274176682,0.07833917758059716,0.03723281786357679
3682,0.012742127618464792,0.08485283447878766,0.07058891408931801
3683,0.012594002747425755,0.06800980898340911,0.07478032467665212
3684,0.012496748007415397,0.05521992875672692,0.04180238715141391
3685,0.012622434566534125,0.06363141677123335,0.042071392922743145
3686,0.012468019975728469,0.05914238342408276,0.04495544756175595
3687,0.012488930659745351,0.05666498879590316,0.07010052435087187
3688,0.01255866150417167,0.07132455778858247,0.04845253261517871
3689,0.012493565146548506,0.0633055314224814,0.07088775612499029
3690,0.012572772139229077,0.07942389738749522,0.05266663386921241
3691,0.012555250914140744,0.06536133109652616,0.07115038896099445
3692,0.012644496096372897,0.07650013944904135,0.05390031419307494
3693,0.013086672195409077,0.11834282402749406,0.057119360093997276
3694,0.012586529203370623,0.07119165227284649,0.02186530691729167
3695,0.01265740875829415,0.07087988500733805,0.0251612770554031
3696,0.012510790263532013,0.05918713640769842,0.06837538635407525
3697,0.012481561874844671,0.062079268186914796,0.03830354069691993
3698,0.013062338878866818,0.12094285552007686,0.018238061818751698
3699,0.012611718032758746,0.08560638324551498,0.03861349709629979
3700,0.012413765482412855,0.06127276534581226,0.014346428067855084
3701,0.012767179979759721,0.09864517441910128,0.027216644750808934
3702,0.01255749721170269,0.07228922311769113,0.09620625853673963
3703,0.012443140158567423,0.058087222833823324,0.09173279587548487
3704,0.012464908071958896,0.055031157845282196,0.022545020030792527
3705,0.012459550327113314,0.054862718294240116,0.08414701319678966
3706,0.012605005069351922,0.07035229965549367,0.029101950101089267
3707,0.0126950603349318,0.07338149722629358,0.07706664853635821
3708,0.012895533678208804,0.08293497286993592,0.058882482605230886
3709,0.012528392251723626,0.05758396370570778,0.012776832679264279
3710,0.012709979347434276,0.0761783656763776,0.07260963613949327
3711,0.012968056790623541,0.10149436953980434,0.08187386780095517
3712,0.012695770772248373,0.07831178297405762,0.07765264441983796
3713,0.012422958954779847,0.05207100315708065,0.04634176648527531
3714,0.012617406796737014,0.07368098079675006,0.05910252142285883
3715,0.012505556530623057,0.06527753739531536,0.0476139310317133
3716,0.012668876018064077,0.08184784109766573,0.039197456570343625
3717,0.013114081326939206,0.12253538983447919,0.04028884784168263
3718,0.01259798244284033,0.07881561027346952,0.04696523031678758
3719,0.01244036682237137,0.05706798033884216,0.06315530505986286
3720,0.012516441375059972,0.07382081931346099,0.10896847543871421
3721,0.012417586723092603,0.06382333820966339,0.042408091714925183
3722,0.012497697297349673,0.06702722306504456,0.05045603452101482
3723,0.012716913083628548,0.0953763577288762,0.10537057210675234
3724,0.012824495824573458,0.09884274222491526,0.08109294049477105
3725,0.012461114364592697,0.05803065484515356,0.04583434677447657
3726,0.012511493110705704,0.06482586276245043,0.045634330273173346
3727,0.012494042830614014,0.06076711545130771,0.030996676252685262
3728,0.01235469020194332,0.05148180217954326,0.06434494570448322
3729,0.012441550940904685,0.05593380687091714,0.08858780968028597
3730,0.012472433792704261,0.06937929870118492,0.03666330892029419
3731,0.012530146053787019,0.0665323815644207,0.024702861489077705
3732,0.012565279109629757,0.07273465746735969,0.05292774634743556
3733,0.012543757100240778,0.0664384922692535,0.05949349554431897
3734,0.012954513543165055,0.10994837475567683,0.07721659123935229
3735,0.012489717325980578,0.06446711142783072,0.05718369420453211
3736,0.01273697335871019,0.08879427783477496,0.07726367088906246
3737,0.012560530791601713,0.06860257898297395,0.07107245868278145
3738,0.012523646151962723,0.06480313179822493,0.040052400715629946
3739,0.012460326132243576,0.06721612039961206,0.07215454956376399
3740,0.012582558235601742,0.08169871142722836,0.08396701611126806
3741,0.012552004294355424,0.07998219701036036,0.07608678162094122
3742,0.012326319103495343,0.05229863989703326,0.037705989446625586
3743,0.012364367237449998,0.05900407190725248,0.05599325511514627
3744,0.012614297412901175,0.08755335066800764,0.06824623263005415
3745,0.012672036665147313,0.09529766271016242,0.06555372418209279
3746,0.012496391265105688,0.06589890857337308,0.0655944733625825
3747,0.012726853026005106,0.09614012780180033,0.0767036759182691
3748,0.012608003471489805,0.0822446680811102,0.07265079932615144
3749,0.01259822677711946,0.0816194907067931,0.058707893276829584
3750,0.012404249446788794,0.058924972495032146,0.03076524133760797
3751,0.01251083505681504,0.07798617426019466,0.0738207773120034
3752,0.012812647114256608,0.10569130199924251,0.05432211788215236
3753,0.012484658816169756,0.07133464801632233,0.06537008881608607
3754,0.012388103740117055,0.06189211534325751,0.06482925546047595
3755,0.012313605985139307,0.052953404638261356,0.035759140232665486
3756,0.012530536070102785,0.0788765459019318,0.07940379631122164
3757,0.012554781075203561,0.07946308624980433,0.05789322244940379
3758,0.012798212537226227,0.10535035343480957,0.03664967906155558
3759,0.0126089329211822,0.08879567672877912,0.03805832987172196
3760,0.012395115081561478,0.06068426893940131,0.07707758771541001
3761,0.012699844031779251,0.0922436760856349,0.06723565746635132
3762,0.012814840213939667,0.10366094254155987,0.07311610077039113
3763,0.012656199394488888,0.07778443905242544,0.06607692962807116
3764,0.01252329807945252,0.06036349606895509,0.04440243049417368
3765,0.012540256069204494,0.06823440723572138,0.04918935157137041
3766,0.012629925731231801,0.06941796849761632,0.03237440949228432
3767,0.012670603993235,0.08645531885393523,0.034079462448094185
3768,0.012401394204802801,0.057047044199921834,0.06644274854003422
3769,0.012725542892795906,0.08953871661275971,0.0661930552200577
3770,0.012679694941540476,0.07811758944126494,0.047212729861874095
3771,0.01301180171275135,0.10624928003469297,0.08510347651332759
3772,0.01259625071270004,0.06952617604374436,0.05328378277900661
3773,0.012721407461355892,0.08171070802953413,0.053929804338736384
3774,0.012610719038632978,0.07461283680071899,0.0675097040397092
3775,0.01237579569064393,0.055562959804975276,0.0688989687103315
3776,0.012732879947151046,0.09349463680570962,0.07709223586142325
3777,0.012486713328756898,0.06526840526895715,0.04811324302881748
3778,0.012447521082401752,0.05572935844043887,0.04268708670669005
3779,0.012547679462136637,0.07263209623554218,0.08053975648973465
3780,0.012678160471812293,0.08982516107514596,0.06437177929081575
3781,0.012694191553952232,0.08637971099229752,0.048168062957870385
3782,0.012558702424298398,0.07567157325740381,0.05366052524479088
3783,0.012387393993126694,0.054793142458002514,0.0702555589512386
3784,0.01271819126133479,0.09025548594407859,0.08429206739641198
3785,0.012416442359312234,0.05315635687098828,0.06185683676936488
3786,0.012447371231027148,0.0640176963022065,0.04822620417762934
3787,0.012448295661701539,0.05420346766671236,0.06546397436804978
3788,0.012507666913899415,0.055778291058478126,0.06102726999253639
3789,0.01263896862343148,0.06764071203681069,0.0662011298831329
3790,0.01247602911332448,0.06007544184028506,0.05788457575609859
3791,0.012512580670283808,0.06806046845527677,0.09579246102076756
3792,0.012523518174996032,0.06554728460526013,0.07746985540717151
3793,0.012461214645770128,0.055021756315706355,0.01827920796877648
3794,0.01281040751863166,0.09922307569827656,0.027462566379878636
3795,0.012642981033368412,0.07695571321595948,0.08095941465957773
3796,0.013168371647040964,0.12593229867875358,0.05213609520643169
3797,0.012720859770447557,0.07961522587263402,0.059443135680802096
3798,0.012656714919033888,0.06899631536623042,0.0345468638998289
3799,0.012651251403548124,0.07379300147507449,0.04766092067658073
3800,0.01254520975196526,0.05868174972423916,0.07121838453966105
3801,0.012831317036120981,0.08970691425510073,0.06483142417268463
3802,0.012615560676515385,0.0620167983135073,0.03753145521344789
3803,0.012672221961462976,0.07169850080454443,0.06371354952263192
3804,0.01256764386672174,0.060187958992853625,0.04791995680717113
3805,0.01249156739604251,0.05382989341854754,0.06076270273639228
3806,0.01248019178172588,0.05846649853531969,0.07327506282734007
3807,0.012623848758875863,0.08158864197127715,0.03994188075550557
3808,0.012797780540474563,0.10297700688684808,0.05919788732250696
3809,0.012499377481770636,0.0679033775813099,0.06673208300492119
3810,0.012462563900272857,0.06103119327095612,0.07231796511727569
3811,0.012661294878916306,0.07975772623706191,0.059800436118224484
3812,0.012576631054611757,0.07568825095608409,0.057984365649333215
3813,0.012671568861319293,0.080264646812044,0.08238115833657592
3814,0.012619389460038481,0.06854523668721622,0.0623910032958728
3815,0.012634864494532166,0.07595954711094965,0.06199661962854501
3816,0.012526833545039731,0.06281639097129059,0.07118570635685872
3817,0.012523543380681306,0.055639876233932795,0.05924003243245446
3818,0.01265834079222989,0.07417901622257934,0.0476840054037324
3819,0.012592588016458036,0.06983681943004234,0.04966051037842526
3820,0.012521099446762936,0.05854776110285703,0.01706712796467033
3821,0.012790058693268363,0.08916855952080605,0.06632476843185729
3822,0.012859942124187906,0.08674154272601918,0.03047321550578426
3823,0.012880063076891492,0.09414328224442486,0.055015561518679354
3824,0.012736463897659705,0.07559398613638216,0.048644739700274275
3825,0.012779021476874245,0.08632953595236359,0.03183700947740413
3826,0.012522217645629746,0.05951898308856682,0.07147958019208404
3827,0.012728184819194225,0.06870583534375402,0.07293593085137481
3828,0.012723594601444163,0.07840043047321629,0.04740743370327171
3829,0.012626845023024814,0.06017544876029333,0.048577540115957225
3830,0.012738000800052298,0.07684790989262559,0.03713780051150179
3831,0.01301704721662171,0.11358086230976584,0.03310097444548179
3832,0.013037794807523893,0.11528750699389154,0.033427043540162384
3833,0.013123693996202026,0.12017209651211633,0.06459666796721358
3834,0.012726662877006654,0.07597435825442106,0.08185145412974885
3835,0.012634875039648982,0.06056501185870352,0.061991801962993434
3836,0.012789930589332305,0.08025253215370788,0.011300952759130605
3837,0.012591843841420643,0.06235921209696287,0.042358482983249256
3838,0.012923319724165399,0.08840380431029052,0.025625203817237253
3839,0.012920668923870662,0.08804011717343506,0.052839154109021944
3840,0.012786480994702443,0.07587160561707292,0.07334543728627879
3841,0.01274172719660146,0.06864430373287227,0.047478509513778876
3842,0.012692375045679776,0.06639795972329857,0.05210228084343862
3843,0.012987798503324552,0.08992972614287544,0.034403784865212825
3844,0.012843457165351324,0.07260117957184663,0.06562828933396801
3845,0.012756288606931072,0.07085892409197257,0.10530973576969799
3846,0.013123694553769952,0.10676072410812575,0.03247784363561571
3847,0.013442050956870526,0.13426620581955295,0.06465651921886238
3848,0.012971587497018476,0.09434189823053299,0.07782617528961967
3849,0.012712179187307488,0.07816167695250772,0.02143118950529196
3850,0.012560922699202552,0.06197715198715674,0.04115138576732872
3851,0.012623353445275739,0.06838961363056233,0.04363088170312507
3852,0.012460871610863091,0.060897134551155585,0.012771835462044995
3853,0.012591733358588581,0.07997936770301607,0.0532062570870705
3854,0.01246010647396705,0.056300843205832785,0.08193724850453112
3855,0.012641073826311652,0.07046871441065211,0.06548228069446371
3856,0.012787252231228636,0.09128298695671894,0.05249518247042393
3857,0.013088443060123819,0.11527835086125365,0.07787372124490427
3858,0.012829712780633657,0.0860014914264576,0.018582864989917652
3859,0.013048772203817692,0.10946528325007256,0.08166824783555951
3860,0.012979791987646965,0.09987478386810625,0.09449426213233604
3861,0.01272662916169994,0.07901617544193419,0.05783285461653224
3862,0.0125812251476489,0.05914876816401993,0.0666952057027053
3863,0.012737681442413575,0.08278514064578399,0.05880604494933426
3864,0.013068851751511488,0.1191009964916651,0.06366050732222649
3865,0.012527601789771263,0.060105876763540865,0.03432200847351471
3866,0.012498158631673507,0.06667383388308155,0.05305878650251278
3867,0.012452578592576879,0.056406975732413156,0.04615170859101835
3868,0.01246365957810057,0.052226734962241436,0.08128491622929564
3869,0.012801737985155544,0.09553678342428211,0.11237590479141867
3870,0.012925338367588595,0.10751037179846383,0.02673168188394888
3871,0.01312449906160608,0.12207877154129147,0.07362286217156712
3872,0.012591547244254073,0.07454687290408957,0.05160794888953106
3873,0.012641453602631553,0.07185240562463982,0.04863196537113988
3874,0.012660446392535059,0.0681589946771161,0.08193755389928824
3875,0.012970422222484996,0.1046006619811941,0.061155321380520385
3876,0.012953828617960121,0.10427462680131869,0.034378965789618784
3877,0.012625948372742186,0.0613478793218462,0.05778627049655429
3878,0.01292529930357725,0.09689158500659592,0.046479723348763595
3879,0.013063743553862785,0.11094483372439104,0.06689143598121383
3880,0.013032236819353817,0.10684447503772967,0.1111230261865443
3881,0.012704658927487256,0.07174865342268047,0.06362331495163209
3882,0.012602058703994444,0.05756577425348075,0.07612225373236012
3883,0.012547348985242372,0.05449580977505381,0.02104480246663522
3884,0.012590812881361832,0.05905586467654366,0.05767483418737595
3885,0.012919386626896364,0.09516976994736705,0.07457578944299458
3886,0.012928083086858012,0.0980192908868005,0.05860200267557039
3887,0.012605232850450137,0.0630202003510302,0.07786799748629132
3888,0.012788212449339649,0.07783439376455556,0.0365404226492899
3889,0.012920024476747166,0.09663065482722,0.05731087249028548
3890,0.012796748328864774,0.08514637192921318,0.008396473805349036
3891,0.012552206825362492,0.05505078266132975,0.03572901537088564
3892,0.01249234576266891,0.05643755631997076,0.06754766463485833
3893,0.0126650530799942,0.0755522069650504,0.05967063261463917
3894,0.012890780181191894,0.106587481985264,0.06156598876697929
3895,0.012850659647642352,0.09335973475552778,0.04705149268720583
3896,0.012773675750042618,0.08910350541529519,0.062272268397808424
3897,0.012972482269662225,0.10852467739972488,0.06931641076439768
3898,0.012686888779197068,0.077950433323704,0.06970614133592334
3899,0.013004848540127805,0.10793778504219612,0.038797181755607535
3900,0.013109228964402173,0.10508090946334014,0.08582469983101507
3901,0.012778956432381862,0.06838443583901502,0.053810909674429204
3902,0.012580297800601612,0.06400871539310359,0.013954866381043736
3903,0.012465670529581967,0.05529985151903595,0.08035855007815611
3904,0.012589897081739179,0.06426853767366697,0.06410111505347675
3905,0.012581439750209663,0.06403502048867736,0.0314255467317952
3906,0.012945410137346831,0.1008350004121218,0.0313097073213271
3907,0.012763392751213371,0.07955189221107302,0.05836472346767948
3908,0.012836962974242451,0.09282964808086898,0.057761622422337
3909,0.012841336884697208,0.09367286343488578,0.05749461226450996
3910,0.01297504069083734,0.111519671202776,0.07873450788532915
3911,0.013147428777474504,0.12777207126087922,0.05618888535400539
3912,0.012661632773714218,0.07959372726490808,0.04332261988963581
3913,0.01266561278451757,0.0778392142769276,0.10807113546284793
3914,0.012565525289268784,0.06852208555430418,0.02581332381005221
3915,0.012346923359868422,0.04947388269772553,0.018979841211412742
3916,0.012436653581026188,0.06169506081454098,0.0033505554054042977
3917,0.012421544859473848,0.058750561675893494,0.06087786588359647
3918,0.012538302127396215,0.061897238571472356,0.08355531480180739
3919,0.012686103106145602,0.0730813275429421,0.09600766765862295
3920,0.012594090573993268,0.0638500254741334,0.06884324734998636
3921,0.012600068390430184,0.07390492932334118,0.0527717898582939
3922,0.012442996757239028,0.05608866980736501,0.056108418276102995
3923,0.012531442846858462,0.06867855848998916,0.027789068647516804
3924,0.012548789336616437,0.07489959282990495,0.069906209790108
3925,0.012433837312704204,0.0636702703091849,0.0802593023539219
3926,0.012494867034785362,0.06600986007813012,0.07811263481042355
3927,0.012790521242177368,0.09567774737238538,0.04746883888667915
3928,0.012606095025721934,0.08175777115427739,0.06006478404949927
3929,0.012349408904978586,0.053986656740958136,0.04075700299675673
3930,0.012500730551577587,0.07453443056740529,0.052986353478398925
3931,0.012429309584008397,0.0647023848812986,0.06316517852488565
3932,0.012477962525184376,0.06871159800883274,0.05049896364860011
3933,0.012803995006684627,0.10458008244355659,0.04137206881490716
3934,0.012422553248241052,0.06668828894792996,0.015581251491966944
3935,0.012980704493598299,0.11671435838737416,0.042895219503335594
3936,0.01258913082846643,0.0821791914975815,0.05940088960642229
3937,0.01247882048677036,0.06934881571134162,0.02092447097991108
3938,0.012345182262887194,0.05252622509768128,0.0770904041822594
3939,0.012411366140688938,0.057055458124244215,0.04398548790873243
3940,0.012694601763417192,0.08568427935291678,0.05468103984022065
3941,0.012691271892635131,0.0864530356355253,0.06406841989154534
3942,0.013010211976378146,0.11184683472717444,0.07939192809619862
3943,0.012675530112194201,0.08337780476907866,0.04921775014868883
3944,0.01257030521877318,0.06315039864602975,0.05686878377184693
3945,0.012605465573393544,0.06869023332725117,0.05432797331293207
3946,0.012492413454012865,0.06479120363939961,0.07105767079056417
3947,0.012695393638001656,0.08757115894125239,0.04439971416744876
3948,0.01269215922518776,0.07688694043553745,0.023402440473210565
3949,0.012488888368252092,0.059892308442156,0.06315502831182203
3950,0.012471335137872745,0.06615666125548195,0.02975430256943815
3951,0.012457579699828181,0.06500366903479783,0.06490527370540793
3952,0.012522745098548373,0.06698689455360288,0.03372486788274158
3953,0.012434670814741618,0.05918506582917755,0.04041916300368845
3954,0.012341815839167505,0.05191244801354269,0.06409238549262923
3955,0.012319008340233186,0.05312393871262939,0.06109440321466072
3956,0.012423017690657668,0.06770985756881591,0.05917271484596562
3957,0.012560070050632055,0.08172727357948864,0.04576441035377798
3958,0.012717320754215423,0.09608062158359688,0.06168365285610477
3959,0.012402581580710679,0.060968840158977806,0.025974304785209328
3960,0.012314426036519582,0.048387000915360176,0.07383041592101774
3961,0.012425779160020968,0.06573417317251644,0.055274522739561814
3962,0.012451125413807199,0.06118247255490292,0.04079480434889829
3963,0.012609648524582994,0.08371632799747099,0.040323073997710866
3964,0.012463836802758883,0.06659653548913162,0.028263150535687682
3965,0.012688567618436246,0.08437257325533225,0.08348395478360554
3966,0.012429256732002512,0.05804218081015966,0.04323919647690261
3967,0.012442943385345726,0.06902944410138583,0.07523042078336607
3968,0.012661124396535599,0.09837298089853569,0.0805710542298262
3969,0.012522384778568176,0.07163870737288568,0.07185402927934104
3970,0.012603091051788176,0.07960292774419375,0.06199247092720958
3971,0.012572455286863713,0.07511074394237997,0.046836303948893244
3972,0.012403925466898634,0.05649897502340416,0.05826692856083909
3973,0.012411095857697965,0.05416986005520328,0.042310789486506156
3974,0.012485013466560554,0.0568639858713138,0.04749427714921725
3975,0.012534922540972175,0.05676899693184231,0.08586249625065123
3976,0.012676225268211983,0.0698922366246374,0.07297438556070932
3977,0.01259614841680869,0.06746137674363806,0.06356584125981256
3978,0.012655510892521607,0.08689676519278029,0.05066521599764507
3979,0.012805939941751537,0.0981176144096678,0.05510216307735733
3980,0.01297256645585776,0.11439770504847172,0.06334340727246253
3981,0.013031162534461295,0.1122561773499693,0.07301361827876977
3982,0.013287794354570871,0.1345173676959799,0.07157477090450325
3983,0.013032197907886693,0.11183801195008466,0.07376839609679697
3984,0.013298655427304303,0.12666243044957323,0.09344591264282506
3985,0.012932087956599761,0.10122721010079033,0.06726181111081946
3986,0.012601952472316148,0.06163787935061752,0.05450496430062505
3987,0.012727421224925102,0.07858213128868057,0.04681230379842444
3988,0.012705478226531869,0.08240043590905731,0.08079759347735506
3989,0.012812399641547425,0.094834966356939,0.061911640295232974
3990,0.01255339089272734,0.06741971499752467,0.0554071864639907
3991,0.012574325990002308,0.07095672700182883,0.03919260435046222
3992,0.012539715194587115,0.07126608781871423,0.035114471568098556
3993,0.012991131852326917,0.1174644589509999,0.06711467898018006
3994,0.012720925010105973,0.09129219480292432,0.017100012302684115
3995,0.012999536865890672,0.11179253919114625,0.07342277808477932
3996,0.012520819243680866,0.06445716894731039,0.06198229539783241
3997,0.012550666155331576,0.06708442387765821,0.03981252397610025
3998,0.012522852849931983,0.06804443271735684,0.05414011111672243
3999,0.012498050178850235,0.05546448122975994,0.07266998094745912
4000,0.012424714652648937,0.051935029806602334,0.09378395434262962
4001,0.012594723907665707,0.07823442235276325,0.04658240247943059
4002,0.012367115436052577,0.050957254818226855,0.029661072560926125
4003,0.012393717862746095,0.05475655301745014,0.030342408517703187
4004,0.01238558024182767,0.059074836186497094,0.06812715495199771
4005,0.01247262178193906,0.06254851376586266,0.037178347201443813
4006,0.012562106408231907,0.07573383761708694,0.03285098517874542
4007,0.012499438552435347,0.06353278492590043,0.08098448700871136
4008,0.012898800635151931,0.11196240870089982,0.047729306265643784
4009,0.01241825180473629,0.06069735285567415,0.029679118377140795
4010,0.01239639166319419,0.059490774538694495,0.06201916559793261
4011,0.012829922929326035,0.1054507576722354,0.052317821322287426
4012,0.012417693072336092,0.06116852938444611,0.04291343551970359
4013,0.01248456212450952,0.06816228424804574,0.07993167200354655
4014,0.012602678067408701,0.08271701217439852,0.044859774033895926
4015,0.012535899137827666,0.07292339331387707,0.060777702840480556
4016,0.012852212545765834,0.10641639162128845,0.047012601146186
4017,0.012536859448323954,0.07296158510316829,0.058504560735556224
4018,0.012849923921079278,0.10356130206691332,0.09561835891252526
4019,0.013223390057864281,0.13425332892891828,0.07496716478653802
4020,0.012834412991499615,0.10245752033524783,0.0734494093571621
4021,0.013203477946379867,0.13034963031478683,0.07423243982043475
4022,0.012583329369215442,0.07981954950297879,0.02475168358941741
4023,0.012345444796146052,0.048551146691754477,0.05190528270517798
4024,0.012605379728149391,0.08095907450516956,0.043997070389739705
4025,0.012487057323288588,0.06154870995104397,0.06186475766775867
4026,0.012534505074112346,0.07315900618252506,0.047670716875279
4027,0.012467489415294564,0.056415719649758854,0.04108094276627169
4028,0.012525707434213676,0.06778117012686735,0.07552202005773367
4029,0.012609987704806307,0.07313395454869608,0.07440199670457825
4030,0.012460372394622566,0.056701287132299605,0.046808733823483106
4031,0.01238141198993668,0.0557099746152303,0.08489486669879963
4032,0.012367396900062371,0.05554195743596869,0.04750328618570613
4033,0.012581224605692734,0.08125356102219754,0.05665235119989223
4034,0.012614153865389553,0.07916901827516142,0.034405204750670305
4035,0.013118806831132632,0.12598492673094802,0.08805160288900689
4036,0.012791529392967165,0.09814320795436685,0.047667133734993865
4037,0.012634441754252514,0.07474517590581904,0.04320682473826949
4038,0.013110783276533264,0.10964322689526744,0.06280430813077467
4039,0.012530840868033924,0.06876318705292765,0.043383573615624865
4040,0.012751410150867996,0.0901283288399491,0.0911815630228646
4041,0.012808786745667747,0.09589457634878308,0.06198921173467349
4042,0.01277985522265703,0.08305404385833313,0.06119310294956788
4043,0.012773889538387592,0.08745345281634113,0.10084578037362701
4044,0.012835360817050457,0.08930015325388853,0.075942758079186
4045,0.012586507756966394,0.06386950129465953,0.05541965988101669
4046,0.012527872926882457,0.06599033234781286,0.043438136688358386
4047,0.012506756964268919,0.06364728513539593,0.06489589487132665
4048,0.01262015879561678,0.08466059313425896,0.046107962855124994
4049,0.012774870488252857,0.09577821620834533,0.04424930592087467
4050,0.01244083596678769,0.05607928602436536,0.04298358684225099
4051,0.012469132323955712,0.06526681792257062,0.026775190794576922
4052,0.012382251353066488,0.05207187646209007,0.07083152857519472
4053,0.012500932197306738,0.06546270760321972,0.07280345489065287
4054,0.012734482452535178,0.08504310030661864,0.07698508976629652
4055,0.012655229419777193,0.0717792927288656,0.060170376664162056
4056,0.012445559953010213,0.054885051885071194,0.052305618798353076
4057,0.012586575155204388,0.06057017809782675,0.08126752666841912
4058,0.012670731877920489,0.06501071906827374,0.0917140438938226
4059,0.01252839114071139,0.0594772625122135,0.07963422166087898
4060,0.012866840795626245,0.08125900038321252,0.021744228424023338
4061,0.012719568023367826,0.07138971094520355,0.04974043622150839
4062,0.012725737376050848,0.06534764051217562,0.08379244807529002
4063,0.012741282229176977,0.07061002333009077,0.04609662381284361
4064,0.012777671658792667,0.06506042121500842,0.08180233315963106
4065,0.012662815338977519,0.06654778913843169,0.05494965275427725
4066,0.012756329767813154,0.0829007437897033,0.04229160561190969
4067,0.012465242603312615,0.05827833065021955,0.02891257393300469
4068,0.012502517899281288,0.06256052187450763,0.05593290036900355
4069,0.012466986578883402,0.056712426035381625,0.07410299881053499
4070,0.012406414901570456,0.05475630274338523,0.07565215011459467
4071,0.01251719430031322,0.06560234966083156,0.05496651042774491
4072,0.012461374353447588,0.05991308257807572,0.06138698645429124
4073,0.012626082280916008,0.07941177796762576,0.0800547296301293
4074,0.012406899074473083,0.055061799892589074,0.0488362607662647
4075,0.012332004323845795,0.050078771316155006,0.08465920156515978
4076,0.012495585263993692,0.06973792249840288,0.14001030196339348
4077,0.012558965520528041,0.07677458559613941,0.06431930864646515
4078,0.012742390344144523,0.09785408171302774,0.07086863661579602
4079,0.012518181409399167,0.06855130955455185,0.031126861214674995
4080,0.01242346876742438,0.05448299945101697,0.05672814203287434
4081,0.012520318368685217,0.07135250021077943,0.051143097801249586
4082,0.012675628600725063,0.08763934490180775,0.05088886854962277
4083,0.012661058473607859,0.0800357635187083,0.04691219127945005
4084,0.012530369457753482,0.06129158722404346,0.04938310115067198
4085,0.01260849915845289,0.07135448064203795,0.08431518203885799
4086,0.012516871826556931,0.05780342137946727,0.05295050265363541
4087,0.012663610169441734,0.06718836964712657,0.02138871617740784
4088,0.012610213618911218,0.06677330519891168,0.07746657256870317
4089,0.012633831550045176,0.06849441118972642,0.04229893411219073
4090,0.012619390618062276,0.0651094655209832,0.0489504411387109
4091,0.01271598916389439,0.07236013043385642,0.08390524044182775
4092,0.012681886142024477,0.07023240404101228,0.05813007467891751
4093,0.01274634932754798,0.07845715115061168,0.05210140901547183
4094,0.01310022222751158,0.10086168001945395,0.0697136808850476
4095,0.012693742860346614,0.06491023648559562,0.027505436985711364
4096,0.012769477677541016,0.08008057410020765,0.0478187975036136
4097,0.012955681834586634,0.08823894279433203,0.06640324167953165
4098,0.0130758225559195,0.09819504891093286,0.05912061274171789
4099,0.013049954696390576,0.10058950444209659,0.059542493323464084
4100,0.01275208686053101,0.07450178774275995,0.049313309775262174
4101,0.01266650708545326,0.07173761537584558,0.057652662857045206
4102,0.01259073878106913,0.06075919930188602,0.03902696525684561
4103,0.012642423283694137,0.0771301208789134,0.022125331792516422
4104,0.012424983528944014,0.05057162544774817,0.05352468543974757
4105,0.01250931749423724,0.057310507188432926,0.055211473712629675
4106,0.012829224174189854,0.0914728906338896,0.044661738797027416
4107,0.01252090773864221,0.06084234376423323,0.027054245538246202
4108,0.012392100349579178,0.04914177848383873,0.044098134652118516
4109,0.012579664191249276,0.0704823362613487,0.06327826860518797
4110,0.012459495390510179,0.05633100702742618,0.08704705761348257
4111,0.012487354572576168,0.06213118734949023,0.08000915314760165
4112,0.012577187390285014,0.0753794247912818,0.01950427886381141
4113,0.012406946023752568,0.053355331329232286,0.025735490668326342
4114,0.012831440065148072,0.09256836126858674,0.07311297868553607
4115,0.013409412313404761,0.14046895054477485,0.0754416638176013
4116,0.013022553824049342,0.10464709181049513,0.021415749447884228
4117,0.012664938818892767,0.0663258477154724,0.07125010835087668
4118,0.012812513040052239,0.08280083181575286,0.08733971246087345
4119,0.012698869765637812,0.07164453433969215,0.06857476817687644
4120,0.012681072891654316,0.07310857404255725,0.04999589968736884
4121,0.01259180581165057,0.05997744656131244,0.06947227379555161
4122,0.012679931275178016,0.06484059056738456,0.08621064273225695
4123,0.012699959109168553,0.06539286752936543,0.04749601049694663
4124,0.012653093326413926,0.06828966857375868,0.05911401908111389
4125,0.013015779263260085,0.1103730167074999,0.0690536252460416
4126,0.012681650040691224,0.08088086277466401,0.053082993932308795
4127,0.01266820024085823,0.07540335592725565,0.05956976732680196
4128,0.012855574635470626,0.0976306542452588,0.025523717642383127
4129,0.013123537830269143,0.11755796925905306,0.05817109046014968
4130,0.012606675965247428,0.0671719256161185,0.042299736136310176
4131,0.012716225696013012,0.07427085526945058,0.047221053613241804
4132,0.013002765396971268,0.0976424392305791,0.07959578048981211
4133,0.012801976964812299,0.0826380772205803,0.05690536032942701
4134,0.012995956553235051,0.0888071272988504,0.04716823973747942
4135,0.013201011849551867,0.10055440076780107,0.07508219577570789
4136,0.013823808477656135,0.14362595457298866,0.06379050658114328
4137,0.013258683578279919,0.0976258601366926,0.048256383164585685
4138,0.012775833347178666,0.07374811285814198,0.01830104462975694
4139,0.012661133564218845,0.06946356156742019,0.06560097524346468
4140,0.012877907464654618,0.09838250877818334,0.038724239741124614
4141,0.012971964189099482,0.0972946386756966,0.0842490285042016
4142,0.01272181539847532,0.06903012763735283,0.05836074825459682
4143,0.012729313151985796,0.07343899189408362,0.07242291031628383
4144,0.012784229254873066,0.07074063389800665,0.05766173467022753
4145,0.01315977039846743,0.10839884185875563,0.058690456928594606
4146,0.013125986822402522,0.10500984911620881,0.04448709566252035
4147,0.01279717366959689,0.0756955206177187,0.030292494046659117
4148,0.012926180452816623,0.0954037980527646,0.07390092619381174
4149,0.012914619815653332,0.09236825638898677,0.06555372434664627
4150,0.012923134180242237,0.09023353406746906,0.06275184096801215
4151,0.01261645706719353,0.06378810118296185,0.04133822924440032
4152,0.012634787829618644,0.0714105912751305,0.10992252223695456
4153,0.012776216838964394,0.0890995542800489,0.062082161204478424
4154,0.01264130419761001,0.07129022006045807,0.06500472643229002
4155,0.012446129716282929,0.05377556620050197,0.06886127287118086
4156,0.012602721953498106,0.06287577811240373,0.07477422800243583
4157,0.012796285432557392,0.08563523864253411,0.022437043295085498
4158,0.012648883377187056,0.06784693437845893,0.04639534872983891
4159,0.012633690186332815,0.07146797472270794,0.07479341374572882
4160,0.012471557572971581,0.05350408491462131,0.09770952339016874
4161,0.012535063347829231,0.05864670125131195,0.0937626398954358
4162,0.012564342005567443,0.060795297600983705,0.07116559137257941
4163,0.012786400315167836,0.08463892188928962,0.050191822787414575
4164,0.0125389701416526,0.060274289362392215,0.04122795471125305
4165,0.01268365675842224,0.07545222501443888,0.15302034191952005
4166,0.012530217571964026,0.05840430775552831,0.06359442115895697
4167,0.01296634358363941,0.10524734907127892,0.058177598313759155
4168,0.012479797963331108,0.05524456774209084,0.055009836793647245
4169,0.012695975685100643,0.07434357386670412,0.05753718365657463
4170,0.012613151360455054,0.06458026473569735,0.061501260489691685
4171,0.01266581913977907,0.08140262169584404,0.049170558491425
4172,0.01286760417312826,0.1013865874221583,0.06931884253927284
4173,0.01259192333406653,0.07010377506192235,0.043769972171596956
4174,0.012551351877981273,0.06793168462633481,0.07268517345173264
4175,0.012510797864673134,0.05991327198470713,0.05992617110039324
4176,0.012655198350875094,0.07354802071016966,0.08447347751239058
4177,0.012600794874384707,0.06626314515778799,0.04088966084541871
4178,0.012650951026290689,0.07080392206374146,0.05913912502250368
4179,0.01273281442113359,0.0890569968280865,0.06740251979617327
4180,0.012406879242029498,0.05199982665339886,0.029550898694297053
4181,0.012555619905181331,0.06455686134307861,0.0698718819694968
4182,0.012733351071767337,0.07806976045412174,0.03775911243903733
4183,0.012633334544687265,0.06537195395989406,0.04815515147575628
4184,0.0127198118896101,0.07849414240438661,0.033961744055360475
4185,0.012582383229480786,0.0710213443818128,0.04679136033172275
4186,0.012492052714838367,0.06697996885872576,0.04876763401440952
4187,0.012733552107259868,0.08989381393544862,0.07456067175040358
4188,0.012479497061047623,0.05774009660064413,0.02863656327362591
4189,0.012597839623647265,0.06007064408157241,0.07011723227168311
4190,0.012540939613610974,0.057408933652473654,0.07889428440363991
4191,0.012697057833076356,0.0782926219702352,0.06157160374240018
4192,0.013417781740824348,0.13642050488576327,0.04076914738466075
4193,0.013006040764459999,0.10417307785987338,0.06909671008681179
4194,0.012793783091333591,0.0949438273105182,0.06760658135258474
4195,0.012482448845906978,0.05768982229430809,0.04700961367794647
4196,0.012639824696030769,0.07062523020005175,0.06674062102576192
4197,0.012579986363398257,0.060998717851165105,0.03768801989028237
4198,0.012792332879144561,0.08059455329773879,0.13922676345592847
4199,0.012667804169289507,0.07379641113273806,0.03634619825071085
4200,0.013071314588867781,0.11704912547686791,0.048999782147294606
4201,0.012542886345904872,0.061737852592012955,0.05820195233639416
4202,0.012571212764377638,0.06976189850588559,0.07886478114948957
4203,0.012432946586696815,0.0511199848968698,0.03298914236718626
4204,0.012589506183747287,0.07502329872437014,0.060953915698024684
4205,0.012717804390841232,0.0817039669764983,0.08003274692611334
4206,0.012868141317212062,0.10235034279562295,0.03763205322859262
4207,0.012554745887095793,0.058223745400855176,0.08863037784372867
4208,0.01254328779603482,0.05518013814621005,0.08807846552798707
4209,0.01273296491779261,0.0746334733925531,0.08542460994831733
4210,0.01313754384879267,0.11242279951257013,0.034714860025572156
4211,0.01272532242002149,0.07381001149806973,0.038008131606069334
4212,0.013024171895793383,0.09982966083054338,0.013073808266984038
4213,0.012651326927431093,0.06875816598509756,0.05091443316090819
4214,0.012734952131797038,0.07928062863861589,0.02585773679067378
4215,0.012583427963359844,0.0609833608661402,0.04178969000085758
4216,0.012624678650449027,0.06603525395007036,0.07250419815586222
4217,0.012686289473179001,0.07693547758228372,0.05949048112674955
4218,0.012880461929903653,0.09950610367939176,0.04558881962254552
4219,0.01256799150351293,0.0716283665273864,0.023463359966414687
4220,0.012927808003816769,0.099163298960988,0.04469477802876207
4221,0.012659225554592151,0.07224680842043409,0.0586569100504381
4222,0.01288099201245648,0.08969521283757978,0.0438659963593882
4223,0.012864466539683705,0.08457245617142156,0.054204632484446576
4224,0.012798673656927568,0.07777562698586163,0.08219076116426803
4225,0.012862512967252599,0.07882742746220084,0.08231291255650673
4226,0.01257036207262142,0.06661756035443804,0.027285585631160358
4227,0.012906533558191205,0.10569943438751209,0.04447420626512842
4228,0.012635518703645555,0.08643868031956482,0.03462114825154985
4229,0.0127457267870128,0.09440417529352123,0.05084457877928755
4230,0.01243082446106502,0.05789887711020824,0.05967349226205444
4231,0.012502603751432763,0.06636597741713247,0.06268616141614756
4232,0.012447358557379511,0.05803129742788705,0.054251652474547336
4233,0.012523716922530785,0.06444720489562214,0.08258521716301027
4234,0.012589311661084375,0.07619659422906593,0.04586511985248887
4235,0.012603061342227552,0.0783139000315352,0.0930542016320518
4236,0.01294041280109103,0.10413316225622661,0.045779096987936974
4237,0.012935272595014652,0.10829821130227221,0.019931336031070553
4238,0.013395972295189846,0.1374595285529558,0.08728406144092456
4239,0.012974109539418433,0.10693974633285637,0.05763668421428171
4240,0.012865323728337175,0.10217790755427716,0.06872591385819128
4241,0.012949320289795455,0.10227961308586422,0.09544165509258976
4242,0.012943796300106024,0.10225674766306989,0.03675636762206265
4243,0.01282886091631493,0.08946366098547855,0.1293891140800716
4244,0.012761870365375948,0.09910831725257194,0.02122470120669294
4245,0.012723266344835256,0.09976063361007108,0.02030978964583086
4246,0.012402919083009943,0.06598236985427969,0.03514692283645857
4247,0.012564705031865442,0.0781986914758454,0.0855585298861686
4248,0.012421371605300643,0.06166214510669439,0.06819450566997198
4249,0.012455824393734657,0.07113734907522568,0.08348346570346363
4250,0.01252616783762327,0.07942585670044522,0.0794577786034047
4251,0.012595978623354083,0.07902170693663887,0.08438693371344037
4252,0.012736559293081864,0.0941420035827666,0.06718077177057152
4253,0.012726908196007615,0.08429294144901464,0.059114002362872356
4254,0.012529477859335315,0.06833556620476054,0.05374062617753895
4255,0.012504364473958553,0.06450652535009381,0.056060152511881504
4256,0.012479643896276309,0.06840822047477894,0.013776955250999806
4257,0.012470549161519509,0.061016747589441256,0.12083432397929009
4258,0.012428433576665052,0.057682559757438,0.042242258166330204
4259,0.012737122181258848,0.0868575575264716,0.06307749271742434
4260,0.012537965936999376,0.06853554494271007,0.03978561031410006
4261,0.012522693628131926,0.06811575038766342,0.060803694425450056
4262,0.012584496044412953,0.06643688788169709,0.06986234978041561
4263,0.012544276151763983,0.06081991479492598,0.036460563356260446
4264,0.012549936558038238,0.0654393859832827,0.0807901438421768
4265,0.012559234975856851,0.07278216768270121,0.06976470946750886
4266,0.012414485148130297,0.05660292348418878,0.06992715547206325
4267,0.012513953431043785,0.06971975971873358,0.042185569466738244
4268,0.012604481973887735,0.08154295536105052,0.06071372179731167
4269,0.012587527091189536,0.08157566171999683,0.02346284637722372
4270,0.01256834696293374,0.07867472278349749,0.008760485452232888
4271,0.012695593092341358,0.08888033088578359,0.04499949982235607
4272,0.012866103091635666,0.10213954185163335,0.041040173333903446
4273,0.012593225819474857,0.07899377543913508,0.024236752804292924
4274,0.012470514965183855,0.06703190730195381,0.057389798420515836
4275,0.01248742169743622,0.060206906255304775,0.04304826201554289
4276,0.01245736815960135,0.05527220202869234,0.07117929750507052
4277,0.012485862030824324,0.06588406082076956,0.037881503825902295
4278,0.012503055024204235,0.055408843606067064,0.07051603263314532
4279,0.012555667880898562,0.06869168195052229,0.0549435189572481
4280,0.012555785632734658,0.07719590960998685,0.05143533435927103
4281,0.012522911426724058,0.07571258544475408,0.050243125085698684
4282,0.012650292392242732,0.08105939759178911,0.10702609024512834
4283,0.012728887853830043,0.08666074157091642,0.04556433495231998
4284,0.01249941020411476,0.06296236074865708,0.029513376866374227
4285,0.012448283136591215,0.05472984754866601,0.06231798088814874
4286,0.012634287266140132,0.08426782592534346,0.04971739863292123
4287,0.012982086942699705,0.11435919856157936,0.08241251100615013
4288,0.012542040207191407,0.0632625092436595,0.04960550136488106
4289,0.012720057260209944,0.08220869186316626,0.0879321968086481
4290,0.012782412074508955,0.08821535135799807,0.020445686349021296
4291,0.013103723597518682,0.11948345515007504,0.06001591873829217
4292,0.01255133832855018,0.07622065731934048,0.046596589070580806
4293,0.01234188952752889,0.05122295445972766,0.029892101734721586
4294,0.012196439601018455,0.03118049272112621,0.00015134071972374092
4295,0.012259479209238016,0.04178877291361443,0.06287097540097202
4296,0.012415195011427625,0.07494368080207625,0.027492055786065922
4297,0.012534559729477339,0.0868663552286995,0.04827222645604084
4298,0.012365187281533681,0.06212327747691987,0.027693173093971825
4299,0.012276390789317523,0.04248371647513949,0.03786562965636678
4300,0.012394893762900743,0.054088964885566256,0.08773179839167106
4301,0.012345709955126663,0.05049157042429497,0.03349640876563417
4302,0.012343796321940263,0.05371904003832556,0.08278774770049922
4303,0.012335474709047016,0.05250495369988071,0.005567663082969867
4304,0.012322417140214327,0.04790795682533056,0.012347167784458534
4305,0.012504055305154452,0.07536140201590183,0.03705820919493158
4306,0.012371048962133584,0.05438018992550621,0.06449436098150764
4307,0.012302364003098677,0.039863927216151424,0.040941352285549064
4308,0.012343805978023344,0.05547419347064256,0.09381555671152604
4309,0.012337416205349457,0.05683332759278503,0.07266418248778653
4310,0.012715164382718469,0.10266437471496787,0.10499504986893389
4311,0.012867537330521322,0.11386178877185017,0.05018088459545504
4312,0.012667241919901833,0.09672538800093423,0.06250349315193619
4313,0.012309003315522628,0.0413064748187973,0.0574683616388938
4314,0.012340946276226953,0.041790553848821986,0.0397446770003009
4315,0.012623818393032591,0.0764991884311766,0.06332853009889802
4316,0.01233467310734102,0.05164033694879276,0.017352626970516878
4317,0.012445113827509003,0.06738067227626227,0.10778065271332406
4318,0.012535479904268936,0.08190878369071221,0.02511628846701313
4319,0.012236303267937638,0.03992566061363535,0.04249925266532259
4320,0.012287307348723062,0.046430229862255805,0.08555461621984087
4321,0.012337367624720848,0.05408278148917207,0.04334980168696728
4322,0.012524166628529666,0.0742305897643416,0.0636768791015619
4323,0.012411714259303175,0.05605593003075237,0.05238673669626844
4324,0.01235742732630067,0.04787493454783974,0.07135008311871685
4325,0.012370903853029892,0.05665501550268332,0.047867634492482214
4326,0.012555251037247122,0.07667050327066469,0.09747874519367276
4327,0.012667187241981114,0.07762800603961795,0.05050494007596073
4328,0.01247426087329028,0.05377496249541704,0.05014908195303078
4329,0.012362321833302764,0.05040565571655089,0.09024627183222
4330,0.012257761691427739,0.03893483147915764,0.07230476879617419
4331,0.012479885610826184,0.07519645433640659,0.07560185408288593
4332,0.01292533982785631,0.10825373280618267,0.06679534336907396
4333,0.012482805953166153,0.05681386197357675,0.05664839174632018
4334,0.012644695285415041,0.07482899192562165,0.05430803291779163
4335,0.012775140503738448,0.09702573055296243,0.026501624089430832
4336,0.01237343145824954,0.046518480318609785,0.04932100913425472
4337,0.012751157143874425,0.09508400856801998,0.0657849508374167
4338,0.012251560118725092,0.040718999610264234,0.03854545608796939
4339,0.012409817466366165,0.054194548289842916,0.10674554097813332
4340,0.012406688763494668,0.04359404531871276,0.05334041013546351
4341,0.012505975363336108,0.06543427087955146,0.05618829870361011
4342,0.012433208335437472,0.05257424575894263,0.052823082790172886
4343,0.012485212889584903,0.06344859160508837,0.07955565177438002
4344,0.012380566949115518,0.04741124861444314,0.06205663808378159
4345,0.01252349837641177,0.06850985763514979,0.06127084077961476
4346,0.012337321574609284,0.04473866539718584,0.05687435514047753
4347,0.012369066277307356,0.05538730125983593,0.050525662416108404
4348,0.012360203634117302,0.056242033699775776,0.034204732312272695
4349,0.012332413685779134,0.0540175109575095,0.09472328786619226
4350,0.01231269770892609,0.056032054748759365,0.029075374772653526
4351,0.01237773345188681,0.0592752403772799,0.07161928686358816
4352,0.012247552563229283,0.038863472387861094,0.07401750505148472
4353,0.012250806308019266,0.04408827501557182,0.0496543220464833
4354,0.012681777357202478,0.09326713850802022,0.07136093737598019
4355,0.012310430121264317,0.05695072873741424,0.03733126700791409
4356,0.01228830061680835,0.04526621061497544,0.07548825993713522
4357,0.012385567224469323,0.056380993134024365,0.042330881536269654
4358,0.012547698933687514,0.062015134307583514,0.04854959013583608
4359,0.012490798515743088,0.06410511208400675,0.07445114753441621
4360,0.01227349370764915,0.04482788596292451,0.035965976626238155
4361,0.012258581585944698,0.04326088095363378,0.057005504920630654
4362,0.012314421566826494,0.050357155799569224,0.08510347551302684
4363,0.012213859754969917,0.03516827423992595,0.05319382670203596
4364,0.01222674227782802,0.036369679529795015,0.05022710932974246
4365,0.012457599291363643,0.07288028334161548,0.039956773700615504
4366,0.012802532799836347,0.10510697796819948,0.04395134314347123
4367,0.013131758034852378,0.12279153343766555,0.10676214062392689
4368,0.013297229216607824,0.12716065671146673,0.05126359312025584
4369,0.013273852287106962,0.13236438400921888,0.04443020801247676
4370,0.013276414686773656,0.13136843098465506,0.0546094071399076
4371,0.012797233933035643,0.09425725290316642,0.05375488090622817
4372,0.013013915440840284,0.10083651310087281,0.08596185763488011
4373,0.012537155798820329,0.05672674891033235,0.047761444439071724
4374,0.012575517353752326,0.06770770565033399,0.055760908512678564
4375,0.012315750005661109,0.041277171277748485,0.04931199528040945
4376,0.012450395231004656,0.06525408806647538,0.05307133803424712
4377,0.012301128801622511,0.056606023631629185,0.05383376124297925
4378,0.012512775119033029,0.06693744173380248,0.030051423561515
4379,0.012360392006832002,0.04651139568283208,0.05715382390510452
4380,0.012350932358997497,0.05632585450609461,0.051027443920606645
4381,0.012163736627059447,0.03134425734249667,0.016164636312040213
4382,0.012273952781580517,0.055280638354599496,0.03150706257436262
4383,0.012241683406705279,0.03867638794621968,0.057069151136469716
4384,0.012317909750652861,0.0441154880418933,0.06607817211911736
4385,0.012298742691638173,0.03868093761451812,0.09065616559955991
4386,0.012406363522189027,0.05502870888213628,0.08208794408493761
4387,0.012471356449459826,0.0680057867115379,0.050711112218864825
4388,0.012740257068465557,0.09695153082822891,0.1245719952110577
4389,0.012398309170264717,0.05772233910441076,0.038506508770925534
4390,0.012317965501276135,0.04364333494848705,0.04926500354827175
4391,0.012519658746916943,0.06855502076267914,0.07261375892893548
4392,0.012413988516287179,0.04757206069818347,0.06290145915748589
4393,0.012525073825038077,0.056254956783294376,0.05135255070938052
4394,0.0125070997926319,0.05653428607414672,0.12041628666580667
4395,0.012397722161825324,0.05006247380100801,0.037751017392146695
4396,0.012516501857333811,0.06362298173297606,0.05395917477615558
4397,0.01242578952913879,0.0461859445560128,0.04595119140921789
4398,0.012468505086065888,0.06121747133517126,0.0703353510256984
4399,0.012465920484952974,0.06334040541760008,0.09195973088424143
4400,0.012336972504268868,0.045692639565050465,0.07328413402703551
4401,0.012323485433722038,0.04585512765507215,0.08139798789299711
4402,0.012483689689350572,0.06929171711428245,0.03713577940207008
4403,0.012398068211029916,0.04813080087844136,0.08208709811216222
4404,0.012593708209234276,0.07387418729535486,0.06351892078540221
4405,0.013077146924987505,0.11165015230124413,0.06728174157074657
4406,0.01255158415035293,0.062078792905488796,0.04349609667530293
4407,0.012462139346249922,0.05761718476068166,0.051398444730456565
4408,0.012263329233434227,0.031366377529522114,0.03925103872507184
4409,0.01242376838245617,0.0569151624799277,0.037292268174523524
4410,0.012372895025770598,0.051139778347628256,0.03528885795517411
4411,0.012282519099026777,0.03595334770965252,0.014323083913802952
4412,0.012230434336615165,0.03957831479792252,0.061611401215533684
4413,0.012249900457937736,0.03832635713529215,0.018657204372489043
4414,0.01230666514541777,0.05199089237539016,0.046322890034803985
4415,0.012315902718913814,0.05026849010610338,0.053007124604082474
4416,0.012285689148362196,0.04204802280800902,0.020689110136050164
4417,0.012353801562186625,0.044492962552511346,0.07217338044629686
4418,0.012567084927158613,0.07608668877889573,0.07121201202074433
4419,0.012309855747212353,0.037219797475387006,0.02707110143425386
4420,0.012305035453479206,0.04347774547192771,0.0341133558326659
4421,0.012659513821333884,0.08198652186033552,0.032617597486182356
4422,0.012390427130973112,0.0545198896480562,0.06647503964116223
4423,0.01237922240229726,0.0546753080538859,0.050324382815789784
4424,0.012308596734549674,0.04151930092255742,0.04533105742969095
4425,0.01224333048882044,0.043381428123056766,0.04456837540290013
4426,0.012222726379108258,0.039508364388600836,0.10122710411615099
4427,0.01225951334137985,0.045727356358890324,0.07375033799737417
4428,0.012179466104631265,0.031744779428080266,0.04997191193211092
4429,0.012146292144732286,0.029394340655782048,0.07526883921279981
4430,0.012308133602254592,0.05162338321224201,0.0637577374513224
4431,0.012420504732341719,0.06542753919363244,0.1273486325529809
4432,0.012320435558260994,0.0390218796525707,0.027689952373648814
4433,0.012308052513490824,0.04209015144379769,0.05143958236229767
4434,0.012287342588021716,0.03960560330933884,0.06613454038338527
4435,0.012523752245058067,0.07260710043094804,0.049564307093039134
4436,0.012309544350671577,0.04575817384785895,0.06901298353467386
4437,0.012406245588568867,0.04800854742132422,0.08398394551374462
4438,0.012601624820397072,0.07835970897281867,0.0648099888638417
4439,0.012538657391369756,0.0652812212534224,0.05099680546590041
4440,0.012420971157414659,0.06317715574360709,0.01949616239991702
4441,0.012362166504308056,0.0533880810677551,0.07769143979579528
4442,0.012260798638819709,0.04136439720475619,0.07735166847189509
4443,0.012641961834510445,0.09765681687872246,0.03894029155134333
4444,0.012577774587440624,0.08709170925042851,0.07389257636782613
4445,0.012953319304445751,0.11828334223131777,0.05315285069057157
4446,0.012408731726733258,0.06034499453901911,0.0603423828865298
4447,0.012346434100231968,0.05779868288318698,0.11737946561818155
4448,0.012358505878221758,0.05499606838757308,0.04174921200369287
4449,0.012340632684876809,0.053314033817195246,0.055935614371737385
4450,0.012249590242786407,0.0403113637867227,0.060430610123417036
4451,0.0122987456263444,0.048654535515011144,0.01813855526218907
4452,0.012266173692654894,0.03838516147955757,0.08066485564153049
4453,0.012283948628089401,0.049041543705581364,0.03188878884429454
4454,0.01240728142323708,0.060818646487775345,0.09027420766715608
4455,0.012367569534425029,0.05339684290186503,0.053992229671753204
4456,0.012491344385857766,0.0680785584196297,0.07075520789794505
4457,0.012299548793333465,0.0343884980132658,0.03475158926366482
4458,0.012494757087523477,0.07433058227242333,0.048639756312585346
4459,0.012645588704645855,0.08822672963523645,0.06666935158922986
4460,0.012332780935359743,0.050146725527588344,0.031871884255716076
4461,0.012518438906097338,0.07461406452227501,0.06331718932598886
4462,0.012403847895496551,0.05500281964262741,0.049632130290523754
4463,0.012327856118316008,0.04116084264710567,0.0724619607708251
4464,0.012423253358602015,0.05635703761421179,0.0940924818531529
4465,0.012268497562999348,0.03525869639567928,0.028665592110770216
4466,0.012324784456046229,0.03744230205970428,0.1110421886226029
4467,0.012357046603365106,0.051956710545156326,0.030625076877180434
4468,0.012535719251109599,0.07866152241289981,0.0709997545875798
4469,0.01234356428622564,0.051330755184850495,0.04580418010966896
4470,0.012445683440875882,0.05750832948092948,0.09233383524135891
4471,0.012332887634562117,0.03734330198311774,0.05152006165664601
4472,0.012476874567591854,0.05721672941071596,0.07670086323557834
4473,0.012433258286715798,0.057433920335427435,0.06039013272524254
4474,0.01245023245952485,0.057849786427012856,0.05100548193850424
4475,0.012701356924828391,0.08552517417647978,0.036475145324123284
4476,0.012659694660300935,0.08027707374666067,0.07088811278735853
4477,0.01247149196855155,0.05996441591113136,0.0655010580274862
4478,0.012307725466860178,0.04293518436397968,0.03517687311316628
4479,0.0122876798199738,0.04147493147570047,0.07684905290091054
4480,0.012461908361261216,0.06362345952398661,0.05099147768926554
4481,0.012419850779142202,0.061979047986827254,0.07396001021021767
4482,0.01234293353920228,0.057159762936338766,0.07425287185541
4483,0.012361469910558791,0.06022173411837607,0.06454794913058871
4484,0.012493073891528527,0.08031922745503027,0.04823844262289053
4485,0.012612175531968556,0.08116223006238597,0.07972990669126072
4486,0.012558570304860954,0.07306371946578831,0.07430178668969274
4487,0.012565084581595814,0.060921606500749445,0.05532920158083694
4488,0.01233132694191098,0.039609706156313394,0.027752569118290937
4489,0.012399102172528946,0.058940557080605124,0.03625275242667933
4490,0.012620964694164136,0.08675170478272866,0.053911856465636634
4491,0.012281093917971891,0.0361205106113295,0.030058442727226527
4492,0.01234190720797593,0.045854141492172054,0.06549501690080783
4493,0.01250939172966913,0.065067809675113,0.0933779706225852
4494,0.012410246998669763,0.06424429627652868,0.025867363118703683
4495,0.012602330743695435,0.09086506085363796,0.03353826579907388
4496,0.012890358426826135,0.1157046171004796,0.0383772250575213
4497,0.012508075147036763,0.0737047349314854,0.04514154838056919
4498,0.012332886450810881,0.06003594701027566,0.06884076893698306
4499,0.01232242344839055,0.04623388770832288,0.06239939618818361
4500,0.012499688846375045,0.06156566376389866,0.0816182086442163
4501,0.012418787240254968,0.05197496467855845,0.08410046630311323
4502,0.01232544819602034,0.04081187497546919,0.05530750633027477
4503,0.012505435653327443,0.07075295632193103,0.05482014913225298
4504,0.012810184775973671,0.10450366522849333,0.0457300326761369
4505,0.012255352882223654,0.039749797374479534,0.03659470377042287
4506,0.012281942610117443,0.05076021186154849,0.03150063540651264
4507,0.01227509712336925,0.044265252458892304,0.06398594100459304
4508,0.01249248260785418,0.07888112366323376,0.049013366955152404
4509,0.01222151021034467,0.041613256889345356,0.029927454564787202
4510,0.012288040415523472,0.042441187554909277,0.040081299302669106
4511,0.01258256648956992,0.07894916971847833,0.07028184837980721
4512,0.013011448120622443,0.11987711748424228,0.04745264035799149
4513,0.012785301876845253,0.0980826990344322,0.07111639020137503
4514,0.012331557954691468,0.04818483768131257,0.0385912476870807
4515,0.01229798017755573,0.03954714496483991,0.05933003532692846
4516,0.012276199630014223,0.05336944826484134,0.04432469057436287
4517,0.012683056679106006,0.09973518396860515,0.053693528208637174
4518,0.012237909642288245,0.04030824994705664,0.05857785635288534
4519,0.01227389669452385,0.04046751584604341,0.030228708233312068
4520,0.01235649252188286,0.04377896139525798,0.03649953250515416
4521,0.012630753715176054,0.08472238758103275,0.07249909606213294
4522,0.012380188300114238,0.05377498458897723,0.05323631229358638
4523,0.012822640532666817,0.102444544239785,0.054640840207353415
4524,0.013039770953045452,0.12073599563926038,0.06925569383155764
4525,0.01263727828927031,0.08751689188167051,0.05064807978071407
4526,0.012317984530778597,0.04582208434281266,0.03823093645983365
4527,0.01234946250658142,0.04498033266831526,0.10696865531959968
4528,0.012493510499183735,0.05334334182046977,0.02619393082091611
4529,0.01286405276095298,0.08685078370408177,0.06929827418132471
4530,0.012980507268230667,0.10535272052580925,0.06978113532618409
4531,0.01269295867980563,0.07326748292560539,0.06602798665803909
4532,0.012437063567405742,0.05301566024166556,0.045474297529707865
4533,0.012459969004950618,0.04826544679510563,0.08247970240113851
4534,0.012510744338922911,0.06513383847088777,0.05338501537082779
4535,0.012446981287825861,0.05666086490722169,0.03667543661874911
4536,0.012814099138173964,0.09758683298463172,0.05359195084062132
4537,0.012305590023699534,0.0539559760600993,0.015945734026631603
4538,0.012252431667867325,0.046016436350143644,0.07002515677078128
4539,0.01221618175093975,0.04122395028324387,0.07563360422320567
4540,0.01223398665685192,0.04806335878160251,0.04479828026401205
4541,0.012314609402242351,0.051621382847876825,0.03825468380155187
4542,0.012446274312237245,0.07302790202522667,0.05860611661988659
4543,0.012374330161580838,0.060791090687153555,0.05011375707768358
4544,0.012741135203396736,0.09937759697590266,0.03379894934882025
4545,0.01274969267644949,0.09138695997734572,0.11049141564585536
4546,0.012279817870421561,0.039070399875010764,0.03694942961505611
4547,0.012478841477067296,0.06323381800886785,0.08418455595553043
4548,0.01249302089636102,0.06715642346294862,0.030836352557518067
4549,0.012522078232603545,0.07237972008279553,0.059512558927293326
4550,0.012369444164652466,0.04926837537256523,0.06043812769036832
4551,0.012336383062392861,0.0469416940350463,0.07504309239670055
4552,0.012446918480296776,0.05674825717518007,0.04658337574124252
4553,0.012569292485347373,0.07103719216580817,0.04914587883253619
4554,0.012544763862038715,0.0660106514834037,0.07324472059247424
4555,0.012364359513925009,0.04798357916242912,0.054523118483377146
4556,0.012606442927805939,0.0736417940570574,0.07413603013848659
4557,0.012604073143022865,0.07766940415879488,0.052136736060040156
4558,0.012367455388641176,0.04087825100933142,0.0352815593525534
4559,0.012300609165120574,0.04643946191070449,0.0233971385403298
4560,0.012379139680427498,0.058952887638497584,0.04888344347974634
4561,0.012317634074154827,0.04181155882350778,0.04135814897845367
4562,0.012389546753064843,0.05064612953766443,0.06934539220518368
4563,0.012454467415668614,0.0535255201357483,0.09737454443789048
4564,0.012381535224917898,0.04380732884057764,0.03711899323531459
4565,0.01263856829036268,0.08131715075647061,0.05617334762642344
4566,0.012411293233926634,0.052080221493645794,0.0628537585011427
4567,0.01242188095288771,0.05749227173471685,0.04371365521550255
4568,0.012344689182459068,0.04709794039459958,0.06337444929601034
4569,0.012321260485349735,0.04119157470736181,0.07864067150575973
4570,0.012470377439303017,0.06514689115019603,0.07063770749000343
4571,0.012290413976984183,0.0394248341023523,0.06725016308225955
4572,0.012403545897620981,0.06152021769078979,0.07448191578176296
4573,0.012366962204261879,0.055834882828979644,0.05372941828388824
4574,0.012392333486727705,0.049190845130518523,0.03748092711517348
4575,0.012276228078238062,0.035072463604716685,0.02231139424658686
4576,0.012353721518101915,0.04332443751547552,0.053903757289471624
4577,0.012365108186263874,0.047903982241445466,0.06748918999472793
4578,0.012397649756414076,0.057818403955276106,0.05496893720252804
4579,0.012519980328176791,0.07415268023677626,0.0671644224957271
4580,0.01239245449923513,0.06005598577225233,0.04867873481338372
4581,0.012287042595623038,0.04553503985465178,0.06321774387240921
4582,0.012218455697989015,0.04742942372289733,0.038540508594040554
4583,0.01216197552367919,0.03489652164842006,0.10390678941212604
4584,0.012378464502670472,0.07277016699479656,0.08593683286021932
4585,0.012182667952730172,0.040846969812281635,0.06366814657953271
4586,0.012237352832079329,0.05318742703415918,0.05492939447609714
4587,0.012122057637315591,0.030672842626796263,0.07838971589583943
4588,0.012218286169403531,0.034752772473956375,0.0712026015186663
4589,0.01226353480106606,0.03761471971983041,0.06351667778119621
4590,0.01243565400093386,0.06514416176885493,0.052770794998615235
4591,0.012288330430080775,0.03937341110226362,0.05035391726081117
4592,0.012392507348287625,0.03752608201660212,0.05515829953038269
4593,0.012365420840685008,0.04454899618894018,0.03558350128453707
4594,0.012306723331334386,0.03638075232327953,0.09177177574436561
4595,0.01236752182344455,0.047616370772201155,0.07038652849781533
4596,0.01249702007070134,0.06711464929718364,0.059445118142742503
4597,0.012352367863011011,0.04368998327841912,0.06104920686531577
4598,0.012370230380434263,0.0482289811861362,0.12209702485912724
4599,0.012313069713536701,0.040313526912412134,0.05002562177667846
4600,0.012334029585492042,0.037715697042646344,0.10157857893797
4601,0.012450870803931287,0.05703896744744141,0.04804565598294372
4602,0.012451683365268414,0.05599764965170342,0.08321024352974939
4603,0.012432431741001688,0.052838043628977295,0.059810641901339466
4604,0.012595052203438734,0.076648147435469,0.06118370267931855
4605,0.012379202379988722,0.055252510350736396,0.06198166213585717
4606,0.012526178224584763,0.07384986404757005,0.0463323519519257
4607,0.012468176525270666,0.05129380369116254,0.06868480131787102
4608,0.012510575359541521,0.053316722164603515,0.02888227513073322
4609,0.012441152366232805,0.048228580907050615,0.021945670824918263
4610,0.012474884237473971,0.04496715937781111,0.07517755532656564
4611,0.01245939464723279,0.053853035462186116,0.06935823046839483
4612,0.012394480598197909,0.060021220570548955,0.05894126721582072
4613,0.012276993384134212,0.03411845787528281,0.03740698554437251
4614,0.012370110970460015,0.0455215153937761,0.1143274912460386
4615,0.012322838382613218,0.04417774284624857,0.04590805993949217
4616,0.01255565303378054,0.061089882137726176,0.04986822797556497
4617,0.012946536556690126,0.08240890282066791,0.03431219195542512
4618,0.013216990221089011,0.11041495381207811,0.051476122595064525
4619,0.01257056773246346,0.06414476648926126,0.034229011201424804
4620,0.012548664404773435,0.05719704888088724,0.09017785141999864
4621,0.0128339194893359,0.088909351260295,0.06656537384529992
4622,0.012912833404817192,0.09689588895900236,0.08729723810442086
4623,0.013414463537652502,0.140838299550531,0.03543056452891526
4624,0.012781051919165613,0.08624453964839789,0.04487158799048055
4625,0.012435006320502602,0.04911385137858119,0.06771988747009036
4626,0.012561966898533637,0.068662060440873,0.0553788866226123
4627,0.01287889560768113,0.10029073268642433,0.04730350643091789
4628,0.012528005542305204,0.06009045594580772,0.0316732649445684
4629,0.012607418950055705,0.07558052139168424,0.06268497139504453
4630,0.012503394508921318,0.05336564947848693,0.10360707120237081
4631,0.012599797727017598,0.06324725432328741,0.07177144083400039
4632,0.01274824233522664,0.07738997283068867,0.046610582275288526
4633,0.012736095964039225,0.06422633017473948,0.09904280642108526
4634,0.012580559206737146,0.052242458555324646,0.07926903355493638
4635,0.012462297146734129,0.061081792238207575,0.029463640147900254
4636,0.012591163255414794,0.06725917315218785,0.07042917530001384
4637,0.012533627630722997,0.06172084158198414,0.05936019229537589
4638,0.012580342740498723,0.07534295003366306,0.08293385620736626
4639,0.012807721275999575,0.09283006781462204,0.07685326784585943
4640,0.013240241890547243,0.13176823336434168,0.09398320807036135
4641,0.012510085068407548,0.06678192962166521,0.042233744969872526
4642,0.012403063259807034,0.06236916890293099,0.04022479168379217
4643,0.012587770239573042,0.08051789579161675,0.031020331151960966
4644,0.012358978989498046,0.0628276330083961,0.021036842105939337
4645,0.01231509190242371,0.0646802925248564,0.05578943360721484
4646,0.012261228170706464,0.05087234533321901,0.062148633121856554
4647,0.012318822032322003,0.056622092353463584,0.06017174595174967
4648,0.012696198634971744,0.08955891392365178,0.019425027939950136
4649,0.012467936632441029,0.05947909451226913,0.03711722374079922
4650,0.012661111277412268,0.07069401814561879,0.09355360089722463
4651,0.012896859376174396,0.09899751377720105,0.0390195913613655
4652,0.012899512632101382,0.09777300682488752,0.106227681770519
4653,0.01292565007383196,0.10761220185707589,0.06203535673627954
4654,0.012614112227332934,0.07965764559883536,0.04206881852520009
4655,0.012748895939632467,0.09589632365901415,0.07307499327508586
4656,0.012419950895793556,0.05382085557518819,0.10662755948714288
4657,0.012344397895659916,0.05053047021699918,0.04253341482953443
4658,0.012713449860566748,0.09818203502103741,0.03264036519030282
4659,0.012722328330336229,0.08906592676447886,0.04802784205627476
4660,0.012536783993175761,0.06499412108638365,0.06866757174809762
4661,0.012593369289260045,0.09158406921936747,0.031613585901078725
4662,0.012378102658407565,0.06386803844255154,0.04434376740105313
4663,0.012500054205721438,0.07250218136851277,0.04200726457831767
4664,0.012401025907784823,0.05244253297407845,0.05605797266616102
4665,0.01253964059660049,0.07182020189482752,0.07108164652588692
4666,0.012952361288546672,0.1178809701149147,0.02743561997573424
4667,0.012510206244227108,0.07305703487589515,0.05218582569816551
4668,0.012492143536387411,0.06461168578652961,0.03165528817189919
4669,0.01263823247325155,0.08495530726369512,0.06857080311158152
4670,0.012557965998731895,0.07968930434092406,0.05405018957084115
4671,0.012563410173606534,0.08381801977727574,0.03296557571823511
4672,0.012775991495620774,0.10080770281239554,0.04604254937822179
4673,0.012402302887293392,0.059873407913196675,0.026590719589971806
4674,0.012423441093219571,0.06311614363086035,0.04042199705793799
4675,0.012340786294373747,0.05789746137136076,0.06340756180029462
4676,0.012371639351553693,0.05863065960509398,0.07326353464247294
4677,0.012220283026260577,0.033120430655740586,0.07223222853136319
4678,0.012455631366255047,0.07334515258864654,0.03603004677815226
4679,0.01255303871229931,0.07571673872297562,0.09114331095535631
4680,0.012566547562443978,0.07956420288575584,0.05946080739928906
4681,0.012269147976291661,0.03678029810825071,0.017689102274005566
4682,0.012313655536059662,0.03733547974270212,0.05661879345377587
4683,0.012290883404400807,0.03496378767155082,0.0937148261276497
4684,0.012425983748053746,0.05690339708465933,0.03930147348905533
4685,0.012414718702470049,0.044619900930801516,0.05897125304501983
4686,0.012511332134226423,0.05783005602859188,0.031839033356726505
4687,0.01260745137585498,0.06991548009239257,0.040571238841992575
4688,0.012467693305100192,0.0460184878969512,0.04038486110630453
4689,0.012534778464845893,0.06520165650868305,0.05387102512882991
4690,0.012688920934868612,0.09216283966907919,0.07704281839551842
4691,0.012399551572239957,0.058316400935587494,0.0688939739614951
4692,0.012490469708665889,0.05656688788259341,0.049063618111915445
4693,0.012879724356386854,0.10051822546260165,0.06803626354756567
4694,0.0124015122628247,0.04818488373610482,0.03381065179067903
4695,0.012423915608167682,0.04453314287730537,0.10307052656690101
4696,0.012510162488131053,0.06592324635409794,0.0632601098715921
4697,0.01276759722854748,0.0804354279955207,0.056168727652458464
4698,0.012632798878166089,0.06711762807414882,0.04801715071339783
4699,0.012728523344852307,0.07857587076859217,0.03505121777879382
4700,0.012649366681783843,0.07098126470550813,0.04941620136533027
4701,0.012436348637273801,0.05359709517414022,0.05959626713485337
4702,0.012604897179235589,0.08084210037335504,0.05037456384120097
4703,0.012521607917111712,0.08320164541824737,0.01530320481226909
4704,0.012268760202834713,0.042419147339385566,0.04317209183768563
4705,0.012467757276036502,0.05640128759447573,0.10764473328164002
4706,0.012403653670356821,0.05682863486881096,0.06736703973737035
4707,0.012644064586672294,0.09368730153734431,0.04861713029636806
4708,0.012623988187190786,0.09082422303438406,0.11046417209834125
4709,0.012659900950578428,0.09525950655164832,0.0769173305587807
4710,0.012604224918932478,0.0810275914549054,0.026307282631287725
4711,0.012276766342249048,0.03833288671144161,0.056509769856894716
4712,0.012494225479061847,0.06853499926026149,0.08247175918111983
4713,0.012613073612516292,0.08271885015427842,0.0840611879276115
4714,0.012350686903378748,0.047780958466726586,0.06802796731527794
4715,0.012439765450267821,0.06759980515901444,0.05521827720476309
4716,0.012814813961425277,0.10485012484328558,0.0861960303698319
4717,0.012475464511687705,0.07317133874800225,0.04036020523749086
4718,0.012973062854218564,0.11626759657581617,0.09051022053091176
4719,0.012349694046076193,0.06264983769683925,0.05138975611543685
4720,0.012216636875825913,0.03548120292436957,0.056854678226487126
4721,0.012316444198390756,0.0567254941981291,0.10385267637073967
4722,0.01222535017911691,0.044407436406897344,0.0641059428335187
4723,0.012245052973624491,0.04579635745461469,0.017252554341980728
4724,0.012178653717137873,0.03423527630295652,0.06684791397830869
4725,0.012175216373720621,0.03216447162650221,0.02777968356646247
4726,0.012351583452704595,0.06277921500113683,0.0424120788442822
4727,0.01238095440596964,0.06637941418957981,0.09083854750415932
4728,0.012349495475387337,0.06430177083418559,0.07543731648942922
4729,0.012183259059007951,0.031113779332112228,0.04620827301867143
4730,0.012382675215948222,0.06715987287302666,0.06884051756113602
4731,0.012273019678926005,0.0459268964750365,0.04970882653985739
4732,0.012364532247280718,0.06783920568504909,0.07294584276308438
4733,0.012327753476972654,0.05327390639682148,0.06047233293603995
4734,0.012237583396356137,0.034134117156757925,0.060957709686554784
4735,0.012337911349232037,0.05793145194845438,0.046157922280154175
4736,0.012249979282651634,0.03827928508763712,0.07242284608508687
4737,0.01233928661081344,0.04919614344774027,0.07756685572538677
4738,0.012626599815340648,0.08860575434998304,0.04467533620445383
4739,0.012298904558518977,0.04515048406990303,0.04908093909207485
4740,0.012558530713997682,0.07954312710637827,0.06468188041418667
4741,0.012286639851940643,0.03586057539978755,0.05730165996388151
4742,0.012366592013661509,0.06418964597547586,0.045727735658236866
4743,0.012462788214252039,0.07840709380411995,0.10449730125541128
4744,0.01284272862861562,0.11198973450643962,0.06842395968725352
4745,0.012261271478954523,0.04792598216562234,0.047256902118290936
4746,0.012139242139459674,0.029509041420854275,0.027949796764214198
4747,0.012285324473572334,0.061495180218496745,0.05872979118263895
4748,0.012276721462236335,0.042695629546211956,0.11638326972016287
4749,0.01272768243529057,0.09040333730488521,0.04568624723687494
4750,0.012835223893289317,0.10421591947459885,0.10077081663359859
4751,0.012419322855926314,0.05874850298707847,0.06396111492159699
4752,0.01235597708582575,0.048092014129827956,0.06627779895086804
4753,0.012351421015894157,0.06352441276776388,0.07695775038001379
4754,0.012173314816606134,0.033595895619421556,0.05027602068629624
4755,0.01226953630598931,0.05573509116353779,0.07022479314361646
4756,0.012124769111815623,0.027048928423449504,0.051581588999112804
4757,0.012327788244837955,0.06569209804871103,0.044869020759763255
4758,0.012123710756946486,0.02721161246310821,0.0462830332815082
4759,0.012145759173175737,0.03458494457324573,0.09432090088864384
4760,0.012151048253085247,0.034304233730412484,0.007508496084291756
4761,0.012487015174861896,0.08467886495562667,0.05720092266330211
4762,0.012354935989775715,0.06422108083352021,0.02621722490052038
4763,0.012412908357211885,0.0643634302033575,0.07628741522749795
4764,0.012472847845783201,0.07864014048812368,0.019351704223744375
4765,0.012398114535612606,0.06086374213256019,0.08941973664350451
4766,0.012335551422142065,0.04075513750277589,0.06727175283200168
4767,0.012360800489398048,0.04704468930487824,0.08636471570337949
4768,0.012453461362453984,0.06160009357204865,0.06006927737425275
4769,0.012433823284778734,0.059479218034173324,0.03986585271334973
4770,0.012310111931448849,0.04658142777575132,0.05189041517878781
4771,0.01224200439847669,0.038841228196369,0.06682050865077704
4772,0.012434896915897529,0.058718331686007035,0.022867275053604537
4773,0.01238815754920726,0.04734011872924417,0.11779322251645791
4774,0.012588705604336314,0.06037085489763213,0.03702687989986206
4775,0.012370698777981092,0.04205339199306744,0.013216135902403257
4776,0.012601164805724875,0.07541247787369407,0.07011507204381534
4777,0.012486835109949256,0.05549581775890087,0.05014151708873069
4778,0.012366259805059435,0.052070361550993975,0.0858988282723646
4779,0.012547390738083166,0.07956866189403594,0.03159508528258342
4780,0.012275166100748193,0.03675675152384079,0.06759619956250185
4781,0.012373270868150944,0.05069973484475889,0.05550776272665399
4782,0.012398847713280377,0.057281164339243046,0.036859187866977935
4783,0.012394788886374856,0.04185146314077807,0.09808495700917579
4784,0.012554851128776783,0.06397009267645477,0.04151059172584872
4785,0.012481033228814184,0.046815825009364,0.06491480121629364
4786,0.012436321379023854,0.046008742709383973,0.07240166599791875
4787,0.012452695074047664,0.05675321010408995,0.04063243806760625
4788,0.012342630108489868,0.0469721022259742,0.030436708822049994
4789,0.012352488863146258,0.04552319391565632,0.10211210148730586
4790,0.012319731399735337,0.038582274109267456,0.08112130269393
4791,0.012400541798996278,0.05484411158356147,0.04049465472430876
4792,0.012257431873772914,0.04137446526118873,0.03532054446901968
4793,0.012446160592280835,0.0584511657482785,0.046077474708665266
4794,0.012302277615560225,0.03504308099042057,0.06639231960822493
4795,0.012487444045781972,0.07107700416966681,0.06314951038166058
4796,0.012316867099636338,0.037264026908414495,0.05070804626266856
4797,0.012390415329734158,0.051221226765998405,0.06297907681626812
4798,0.012477731958687996,0.052127029773539835,0.06809177632394935
4799,0.012502125854001284,0.046052265065691114,0.029692611743567115
4800,0.01268161555959664,0.06620572111256677,0.06105668718872681
4801,0.012649081148901226,0.05685338578602211,0.03289509676916873
4802,0.012678964100870035,0.06997180129348965,0.044415053463061606
4803,0.012587399838757994,0.05362421538322569,0.04995789645125129
4804,0.012605428317990625,0.060650428390900867,0.08275567390422847
4805,0.0128793563010764,0.09545381454583012,0.06599065144604668
4806,0.01253709043630586,0.04732197062050375,0.03245104218493449
4807,0.012651368191415073,0.05667540657747582,0.06105143305461868
4808,0.012901345839177718,0.08450172937689739,0.01797857475371725
4809,0.013150181894601291,0.10135831437971783,0.05501390625763926
4810,0.012780737280264529,0.06046427338440942,0.059028876766843694
4811,0.012737316749295999,0.0697271379227548,0.052264702391597806
4812,0.012629619653914567,0.0595875940694107,0.04287071726322656
4813,0.012699298235335409,0.06153433363448518,0.023199875392046522
4814,0.012920361131210038,0.07255732071513499,0.029768704682516526
4815,0.012589089207476117,0.050210023845536876,0.0557944296605176
4816,0.012550634870416943,0.057733805709675165,0.07589051398590244
4817,0.012598749592967116,0.06840126244316014,0.05446729349406135
4818,0.012747361196743225,0.07044013347065083,0.05683619653752963
4819,0.012562248576161058,0.057911002716932926,0.02859312228950831
4820,0.012588146674144993,0.06813410408426254,0.057839060626230336
4821,0.01240147121158001,0.049654405643476396,0.07573878647879141
4822,0.012815094243899178,0.10215055194871821,0.043177753551871305
4823,0.012422431552155479,0.05370730811258103,0.05028608761502089
4824,0.012418674021953045,0.05201482568212018,0.07455636400241777
4825,0.01258300487129824,0.08161504198676314,0.04149330879615128
4826,0.012401761868968028,0.055447955178938885,0.050449026886976826
4827,0.01237685947901945,0.055630593854813025,0.05493013468053269
4828,0.012230895620730332,0.03891343720619001,0.04726920898158264
4829,0.012338738890416262,0.0569852331297831,0.04092145917782739
4830,0.012260634427042717,0.03817668624787179,0.06131649329555839
4831,0.012518202736029625,0.06721311733325537,0.08530074055557947
4832,0.012674189427434045,0.08009681206049371,0.06250293576802757
4833,0.01232829985892612,0.04353360030792079,0.06704289770157675
4834,0.012388693277121526,0.060368189249594965,0.042760620308824354
4835,0.012920179754109976,0.11641850591229393,0.05089190508449013
4836,0.012349911668255182,0.04768613787947957,0.033259500766943985
4837,0.01258497717436178,0.07463262652504746,0.014370215060571703
4838,0.012988226326353464,0.1147166798603272,0.06278598093068599
4839,0.012537327524072491,0.06367858740623249,0.04313432973246297
4840,0.012515409867096509,0.061401441729377754,0.05989322933441118
4841,0.012381623273661328,0.038492803728171335,0.0548015450773288
4842,0.012516238105419408,0.06281065017393585,0.06924012835698765
4843,0.01252365565292876,0.055427652202625424,0.07934543025496618
4844,0.01248811591977967,0.054220344466236504,0.04523814844387023
4845,0.012574166872752243,0.07356542669411029,0.05271448151703879
4846,0.012503675711568532,0.0695869660617315,0.0618046545048642
4847,0.012233217996846287,0.03352657394471784,0.059540745579482
4848,0.012357265276484623,0.05559906873791849,0.05743450383936482
4849,0.012349127013699925,0.04536142666853547,0.05720830586533772
4850,0.012478378640663841,0.060509609046406926,0.06425931114142924
4851,0.012365073408544733,0.046943429102609874,0.08045403372153731
4852,0.01266531352196542,0.08914144230580313,0.0735767523984571
4853,0.012950387106998478,0.11250456399095059,0.056765982219631854
4854,0.012598063123809069,0.07598361770030802,0.03274259717410851
4855,0.012618340122292532,0.07142802707646799,0.023715645140971523
4856,0.012699437705984591,0.07258287592027371,0.08788866715230977
4857,0.012716469314093292,0.07696040754259499,0.08883184891482662
4858,0.012583502675252921,0.06759049467879137,0.0690850580380181
4859,0.01269508381644776,0.07593251809472719,0.061540432137886285
4860,0.01256430147869472,0.060804966681967665,0.03804710462977868
4861,0.01257817684352015,0.06221467618040169,0.05823274928878154
4862,0.012438415946479165,0.05705225300936557,0.03352480655023292
4863,0.012390718837275867,0.04924948699959694,0.07648375579791933
4864,0.012400496430376433,0.04796666638434963,0.06639757538492104
4865,0.012734440940496082,0.08660981451417545,0.05018169786922541
4866,0.012487243228823957,0.055944660368379084,0.06453442774609007
4867,0.012546300726797929,0.06793093736483312,0.05498361702889877
4868,0.012425582626130565,0.048173458500077156,0.04925453549004179
4869,0.012501225863748279,0.05726248816973618,0.07607844249975124
4870,0.012671960194567122,0.07026359918262212,0.08440229181575927
4871,0.012544832066194726,0.060243996974712805,0.025919572355642247
4872,0.012278738237209196,0.0390241195688581,0.057185911967983775
4873,0.012377329999084554,0.04579471001237374,0.09646094481403336
4874,0.012478029644683463,0.05700999702945155,0.042439962255140726
4875,0.012778152343447431,0.08593810069736302,0.033091263035047516
4876,0.013288999416338373,0.12390963476444598,0.12454571763161966
4877,0.012695794289798439,0.07229741344088822,0.08061852512571552
4878,0.012513844315693289,0.05418084861912118,0.053389965940899106
4879,0.012586765792485044,0.0577442874597076,0.08199384186518335
4880,0.01261182665430763,0.07098972372591474,0.03818823924743019
4881,0.012538687656531763,0.07446742862895149,0.030710284652210606
4882,0.012324603430666168,0.048809969289696116,0.06649936971661301
4883,0.012330384740768332,0.058346417594491023,0.041499442559607504
4884,0.01225167576237844,0.040634608452568485,0.04636351784514862
4885,0.01232317922211886,0.04706068620149913,0.06460088471861707
4886,0.012333786959409338,0.04923929457005369,0.0753251159878152
4887,0.012513172854580378,0.07987993065042986,0.06826139112515597
4888,0.013057220158181716,0.12385658755236496,0.0844227355608796
4889,0.012494901047162275,0.07588280917453012,0.04851672809604863
4890,0.012302517689265534,0.04359677076871023,0.07447045054560161
4891,0.012351188528372036,0.05191030492798519,0.05286056654202168
4892,0.012332000563704405,0.038136967063504855,0.07167799710000283
4893,0.012537688997186816,0.06918934001086256,0.09271285908329382
4894,0.01246757328698759,0.05087007332904682,0.049384825808538514
4895,0.01264895526164399,0.07960936672751058,0.04757399139181634
4896,0.01261026889913424,0.06612800125490738,0.03945147322067928
4897,0.012464437589375776,0.04610886055255975,0.05528541995480224
4898,0.012731826807007749,0.06366044200691412,0.002642257288320296
4899,0.01253427933474343,0.05030803123125025,0.04929163940546652
4900,0.012542208231919037,0.05155425204406287,0.05023891115831417
4901,0.012477823476132048,0.050281231943285494,0.08721061858164458
4902,0.012596830077012235,0.06381079759680221,0.048358612987115565
4903,0.012480131571077933,0.048849363373265106,0.0826244659129058
4904,0.012523524356571447,0.059995861351568744,0.06056395406456214
4905,0.012485348306489898,0.05839959144516408,0.0466451226079956
4906,0.01240014859030195,0.04819090851204284,0.05546415722495452
4907,0.012410441759045687,0.04635856356282274,0.05046329276498184
4908,0.012657534372630775,0.07277647740855214,0.052237936658340936
4909,0.012564372010570816,0.05690191554631278,0.09817658752505376
4910,0.012597321528095092,0.06155677156792748,0.06668325180679108
4911,0.012670798818799787,0.055611214184219424,0.07518639506075453
4912,0.012836824673252315,0.06817656749924816,0.10071705535539413
4913,0.01268139632906985,0.05855427819877347,0.05243974189358514
4914,0.01263889897569563,0.06179846431304505,0.09501987929855638
4915,0.012610046108509507,0.06813233990183526,0.04433795843348326
4916,0.012603955770959704,0.06315311493756681,0.056735825289926725
4917,0.012549631663864719,0.062927644529493,0.02408646053455037
4918,0.012514915500997925,0.06614127136909063,0.07548090404814775
4919,0.012466632890908309,0.04666301064216564,0.07104620990356467
4920,0.012468849237397026,0.05287102125398666,0.03849144619145338
4921,0.012596947859209272,0.06435377934660501,0.06965587724504534
4922,0.012566928293952765,0.06545800576370803,0.11777288651885835
4923,0.012442216035294962,0.043439566982700226,0.04756375856689543
4924,0.012440648501230651,0.042890300639335424,0.07800995251011544
4925,0.012656792579888318,0.07717359035988684,0.051729308838505635
4926,0.012664497583547206,0.06602670096260244,0.10079392050981689
4927,0.012575665678725935,0.055269597238300106,0.03442930421309536
4928,0.012386716406904226,0.050956084970625974,0.06692038089761072
4929,0.01250513191998336,0.05845446290042416,0.05501865654207621
4930,0.012547422725583976,0.061700764320311054,0.06638963467689311
4931,0.012633629100680633,0.07783370168379967,0.027023329567018067
4932,0.012650837923138406,0.07198181965796721,0.10604983246667264
4933,0.012589843391454515,0.0595925126970634,0.06253844179758689
4934,0.012489679356178328,0.0546693239652068,0.030647870935026477
4935,0.012468090694380497,0.0551617381475745,0.07181418469660839
4936,0.012531873978905747,0.07113009988787707,0.06980484861275911
4937,0.012457013817594554,0.0577099327499942,0.04544645634471153
4938,0.012786550287653159,0.09510061178976416,0.10625291669686875
4939,0.012958671447414274,0.1095011426149967,0.01667354103063355
4940,0.012698908790934299,0.0811383387401573,0.06830354811549663
4941,0.012618656356906165,0.07505089524820902,0.07225473171843337
4942,0.012279247055366673,0.0394617165887195,0.03328352267861752
4943,0.012448846275235506,0.05851799168591046,0.09464378713827376
4944,0.012425011209437125,0.048105963708166756,0.05596105671744886
4945,0.012527011119637686,0.06867536185995718,0.0488026287817529
4946,0.01237060973807055,0.04592012151387639,0.04548144487444268
4947,0.012233296630680452,0.033878732360805026,0.019206979528840363
4948,0.012333995790881522,0.05541307412961453,0.04161611989205863
4949,0.012210155513086247,0.03716693756088229,0.04870808266435643
4950,0.01236112425837717,0.050450773411464256,0.04810031717576178
4951,0.012574542847651417,0.07346254552484464,0.048852957822297954
4952,0.01261811804293869,0.0771732054771397,0.04542621126727683
4953,0.012562623467773792,0.0684216899670647,0.08381470287874893
4954,0.01237988886545684,0.052815955996813414,0.04874660132480819
4955,0.012684900554551256,0.08825103458067275,0.06637861624962316
4956,0.01278768099523641,0.08892446579648243,0.06681399413530072
4957,0.012731550144107748,0.07867318649995207,0.11716455256527376
4958,0.012719161121331493,0.08365510734029119,0.07110598367733346
4959,0.012507190826786127,0.06797947499222982,0.04775017036351075
4960,0.012681357066990905,0.09193988686603016,0.03765130186080012
4961,0.01234757352743763,0.04173553989484605,0.037352635144338356
4962,0.012521573035421838,0.06597045721018821,0.07823500353467217
4963,0.012450513936647404,0.05295222291475712,0.09743612423078835
4964,0.01248529098009236,0.05850058518142922,0.0835782603054984
4965,0.012417766617563705,0.041840749093237393,0.057860527826855586
4966,0.012848934022831502,0.10081195950986485,0.044015054969519254
4967,0.012472476519268,0.06182787059428094,0.04298148498642567
4968,0.01238256627427555,0.04838350511632926,0.056263125306946715
4969,0.012565685073257058,0.07218890835934658,0.03699961375464252
4970,0.012375480041032292,0.04622632880479755,0.06757085241529504
4971,0.012458108322876705,0.050771655385409044,0.08591524798428328
4972,0.012458037315149283,0.06215797553192078,0.02581036357776845
4973,0.012448626666369112,0.05670260850264842,0.036673414881342466
4974,0.0125709147873043,0.06368847063505023,0.05297876677475835
4975,0.01267424056363262,0.08144161405199885,0.03509873326748851
4976,0.012471764997811786,0.055581610774301335,0.05741422586746621
4977,0.01248067495990008,0.0650753707742047,0.054725381996206815
4978,0.012266098835016271,0.04690097833902324,0.041647383244688065
4979,0.012138609887982505,0.024792998451391088,0.07733363658559841
4980,0.012329357867067426,0.050601006675532786,0.07454136411145139
4981,0.012457929770261014,0.06755696705990906,0.08129327654002777
4982,0.01274206588707422,0.0960103130853388,0.05807461797959753
4983,0.012566018773481175,0.07252362048906254,0.0910982092412512
4984,0.012320375846173279,0.04216598532336947,0.09826396893526859
4985,0.012544418027527674,0.08006086700629289,0.05876081158943064
4986,0.012758197551310177,0.09907046410741528,0.061727463256685836
4987,0.012468312365813021,0.07133592521807387,0.06775311721667454
4988,0.012218615554524123,0.037220916023988665,0.04790320495048762
4989,0.012223948224877292,0.045628556093307925,0.06094742491020675
4990,0.012282403936413475,0.04459551888041373,0.10931496928615168
4991,0.012552093473894254,0.07649589497701488,0.07228979787238686
4992,0.012678780761667232,0.08534530596674787,0.07044063871451224
4993,0.012541611211200338,0.059065594265045256,0.05395238818307099
4994,0.012656168536010379,0.07677900318372134,0.06961531191843925
4995,0.012647987304034977,0.09048450986332375,0.05698339481072406
4996,0.01253126874880296,0.08125081882727529,0.07720079863802905
4997,0.012233668842987554,0.030784613408959056,0.03850001066627551
4998,0.01237498509030411,0.06168387447570494,0.10662907820882006
4999,0.01245394271919688,0.06246092573497346,0.052326887421696305
5000,0.012608033377317293,0.07285377776908022,0.08102521236864446
5001,0.01266858486787766,0.08357275610672517,0.049697204237722975
5002,0.013103161164708374,0.11601256534445059,0.06724900652516419
5003,0.01254385450845374,0.05619771383263739,0.041491194902552604
5004,0.012470995380009817,0.052910064628568225,0.07840321302937232
5005,0.012370972823514206,0.04708908162636848,0.04844970864051627
5006,0.012646625823582124,0.08843669030673597,0.051587139151779905
5007,0.012817283509965116,0.10034736748469919,0.04929228713184072
5008,0.012440049566887821,0.06906064873598194,0.018328226982816057
5009,0.01253899702916719,0.06846212705722883,0.07161109312518056
5010,0.012385601303304149,0.05419623457678366,0.06089160556830007
5011,0.012428650650843262,0.060414239098294395,0.07718914648361032
5012,0.012426886323137654,0.05138300262107422,0.022016265495516538
5013,0.012337053972701253,0.045462204203572644,0.06863307795106578
5014,0.012334714379026423,0.04282104789824243,0.05910588307693144
5015,0.012496644007010877,0.05574778710989594,0.044004204393507405
5016,0.012853958519542914,0.0968696196401197,0.03517463960253602
5017,0.01260727186511888,0.06806550291398816,0.089773102438434
5018,0.012472069889952359,0.053425696730828344,0.0770906790137896
5019,0.012411162504316712,0.043065910050121586,0.044961894873512986
5020,0.012569401618275588,0.06884070210224978,0.06675125380037499
5021,0.012701255597936093,0.08492397501840178,0.046414281233381385
5022,0.012635810674256688,0.07663303709279856,0.08232464064394283
5023,0.012922399946563492,0.09304862007401464,0.05078709068985044
5024,0.012840004434930243,0.09441365429175697,0.02342571719836324
5025,0.012580408456824937,0.08172685452568555,0.047181871015421296
5026,0.012318429565267233,0.03779654513168481,0.03834303172321158
5027,0.012525565339938259,0.06998058452241986,0.059950294754101636
5028,0.012851155918029322,0.10385162884284904,0.08789218971616827
5029,0.012471782808584533,0.06530944160486694,0.04583666904361003
5030,0.01243157321790475,0.05406437891193306,0.04998530971848971
5031,0.012279374121792603,0.0382212478054019,0.017965883728876926
5032,0.012539645290761486,0.08135652087981927,0.07054968035833424
5033,0.012436680802020032,0.06487761292815647,0.051196887246211194
5034,0.012448452524216034,0.0663245986814371,0.049138382965070476
5035,0.012363068241974043,0.04114013119264698,0.07025629110717224
5036,0.012473560155584632,0.06595853800707409,0.0746883646497691
5037,0.012811054030405701,0.10200673209193374,0.04815318200640437
5038,0.01249054648546052,0.06080356992843461,0.07437215590605227
5039,0.012601074408672693,0.07916820775545981,0.06358473107927934
5040,0.012331153112666101,0.0377482069140079,0.026676194992474492
5041,0.012300409645617105,0.03777839729710445,0.07483225272994248
5042,0.012441157173020571,0.04551552178414591,0.05991565074772379
5043,0.012463976604621214,0.04651137507921959,0.02586353256513952
5044,0.012820804457448933,0.09702966986908063,0.03547246768666335
5045,0.012499256548039555,0.05348520490090094,0.04756608379923848
5046,0.012399496461835422,0.04470958013211207,0.014829491949213364
5047,0.012536874482155382,0.06165157544392458,0.045409512375584944
5048,0.012459794554646351,0.04733404022304308,0.07762130471678129
5049,0.012631304945446264,0.07934939336476989,0.06392454437831377
5050,0.012838014327298461,0.10034213272193318,0.054651192417969736
5051,0.012729543932146805,0.09488621871820285,0.03634544879620024
5052,0.012401481851307758,0.06090422570620727,0.0587118390903175
5053,0.012358879033615154,0.06235898882146144,0.042805154686964234
5054,0.012332546207798667,0.05778627310705364,0.00731226464436596
5055,0.01226687509623606,0.046165591025768955,0.05160507346939671
5056,0.01223679513498722,0.04155735959633489,0.04830553184130971
5057,0.012364504147631251,0.060477768721428994,0.10038030900848002
5058,0.012506015811687438,0.07762905672128621,0.027718402746158787
5059,0.012247423463058042,0.03819153120818074,0.052670346597031126
5060,0.012285960909257971,0.04131050659654608,0.10775159247826648
5061,0.012392011021237442,0.060736358127163464,0.06034350991162733
5062,0.01246106340942566,0.06791345648401322,0.04641461577896095
5063,0.01232258327854591,0.04983583748379824,0.04665008564443803
5064,0.01249376341139995,0.05612490663226874,0.02005892056511475
5065,0.012639035390659716,0.0770802462543467,0.06970440744735071
5066,0.012567532326821583,0.0620817434404623,0.07084170086010949
5067,0.012544847811486315,0.06981905265393436,0.03909404420727253
5068,0.01272637870132971,0.094685466803617,0.03261331727995965
5069,0.012965707980728967,0.12116157948954814,0.07034583359106657
5070,0.012457112638929757,0.06786363634515642,0.04031094846733601
5071,0.012226479771704032,0.0333862178800066,0.04945396048318456
5072,0.012274331072015398,0.04970753439604163,0.028580787565645936
5073,0.01241921236689722,0.05998048061521394,0.06685891565695264
5074,0.012347295898101834,0.04495740381851102,0.10195746953165134
5075,0.01241084616714553,0.057428191073283216,0.05049444142649044
5076,0.012549030579869043,0.07043063297698116,0.11313965768030862
5077,0.01245632987753048,0.06513727788782406,0.05626406473951431
5078,0.012358622344322246,0.04633428496999696,0.03800959053523757
5079,0.012491607274797817,0.05976172694590241,0.056747328029222076
5080,0.012407919354626496,0.046515156368676924,0.04405844268064067
5081,0.012371694222286676,0.03915646974936047,0.06119177034760146
5082,0.01227430254730682,0.03539389686005285,0.08347708488741394
5083,0.012423865699564267,0.060233135459568786,0.06904431174228302
5084,0.012570845880978357,0.07194416876668895,0.0679808067393681
5085,0.012668993288203121,0.08555798112560041,0.03484596949336325
5086,0.012482188502995914,0.06325827908811585,0.032039093718810176
5087,0.012667714275608744,0.08366201579159464,0.03195765784418423
5088,0.012541126239583596,0.05689842742217747,0.03115071179098854
5089,0.012372080280274264,0.03937874962010776,0.06864133458210926
5090,0.012376991136479417,0.048146448380633054,0.051932535898447374
5091,0.012399428526458627,0.05614116479360004,0.04336741946693188
5092,0.012319398140420058,0.04087483604165612,0.0340933035739307
5093,0.012432445247419162,0.05362062162147267,0.04961210652664607
5094,0.012519990903128955,0.06117957466748301,0.06141440234533092
5095,0.012989782548295643,0.1067920405024903,0.0633154133536359
5096,0.012814978481264139,0.09114458263588383,0.006842244167001073
5097,0.012522598678956555,0.0723529688088751,0.03926762375105057
5098,0.012487015834571501,0.05490714795831825,0.031110599397373397
5099,0.01241872367785924,0.03872925996622995,0.05327616283080731
5100,0.01270639938806733,0.08325250704995389,0.048984237187094215
5101,0.0127322993670314,0.08765508563931973,0.05786323825816685
5102,0.012374217445511452,0.049603400252124286,0.04034614018781457
5103,0.01270642587363583,0.09251612873156856,0.05770033559201238
5104,0.012474940405659399,0.06126299307602929,0.06152862301350351
5105,0.012413772368541251,0.047167975017041994,0.053078308311550026
5106,0.012310225643439704,0.035844972161956506,0.0726163371645187
5107,0.012303857627375323,0.0458982131860684,0.10591037037978761
5108,0.012536680544281293,0.06923417378926412,0.006898539364544608
5109,0.012482172229440069,0.0536041859235894,0.0651680333062216
5110,0.012419949904761045,0.042841866833752205,0.06768066989044601
5111,0.012588292219190859,0.048009878248611665,0.04882758027153041
5112,0.012802157607525863,0.06853722897023129,0.08092595599712736
5113,0.013128142408035792,0.10085293771954854,0.03165629193219358
5114,0.013112518236992332,0.11034145237662639,0.014228771934469493
5115,0.01270167383257623,0.07077836725509876,0.037639844903918966
5116,0.012534525824345414,0.05877359918562492,0.03881299742209192
5117,0.012601439302047403,0.06434516736614863,0.03673788504255581
5118,0.012728643852741275,0.07303861850762544,0.0685612089587714
5119,0.012466249437010258,0.05422292656954999,0.03530714260903908
5120,0.012346781384878455,0.039146641535398374,0.04648449576690885
5121,0.01245810704699618,0.06475603004503569,0.04865352402248671
5122,0.012352163970911764,0.049188012973237064,0.08128766020523447
5123,0.01231366567613746,0.04805702421442953,0.042580308392552106
5124,0.012344873225922374,0.05210713567022936,0.08724557053242972
5125,0.012600489641334514,0.09176712288006261,0.053523888838648774
5126,0.012201214690527627,0.041646518417300965,0.060972404219156076
5127,0.012232796581476612,0.04235780859950404,0.06418534274373099
5128,0.012197751467510618,0.033875133931746605,0.0432291532240934
5129,0.012375838953255853,0.061480171125438764,0.08901181054898227
5130,0.012765617434336343,0.10727815726755328,0.06755266344923026
5131,0.012591877889255334,0.090422319234273,0.05778380911035734
5132,0.012287523110222326,0.041774619648692606,0.08088815137357873
5133,0.012445251378161954,0.07307540687329998,0.07453400764872027
5134,0.012361281278380357,0.06190370861842485,0.06309134556462556
5135,0.012428776327678645,0.07531602823164459,0.05121551729144301
5136,0.012328012119227193,0.05457365095388519,0.07768075541569523
5137,0.01259604503301782,0.08235692330403271,0.08279621454019905
5138,0.013018290639715444,0.11937241454844423,0.06828381236364958
5139,0.012451834033498478,0.0728391018772776,0.06481541018494456
5140,0.01235322132255908,0.06259364103142256,0.04502122869967381
5141,0.012220116937637956,0.0429515870822954,0.029105600310627016
5142,0.012151834057998,0.030432504258166515,0.05778111165053005
5143,0.012383340761808035,0.06622513475087212,0.02972948966354738
5144,0.012686078687201365,0.09977616781860446,0.06089394590974668
5145,0.012205448743331062,0.03295198208139261,0.029002215427462234
5146,0.012459336409595782,0.06849766865928608,0.0537426015423851
5147,0.012433405847521815,0.06200790092768399,0.06198078218814124
5148,0.012341213948525217,0.05607893155879171,0.043404529942413436
5149,0.012461079901263012,0.048879412316204664,0.027839203927666614
5150,0.012556770648547532,0.05497533660693679,0.07046059914738576
5151,0.012439255500504261,0.0602101874860212,0.043696169625940216
5152,0.012402812303706932,0.05075701249139323,0.06653518619422925
5153,0.012476804488543684,0.06969743229971788,0.061754189316935944
5154,0.012586676563283215,0.07677073818394871,0.08780196780034731
5155,0.012452271605863393,0.05776742421415902,0.06492576468861412
5156,0.012346341282770758,0.039115143994554805,0.06930887221986126
5157,0.012460809294424717,0.0563848769390792,0.04753386125970729
5158,0.01234912108041415,0.0401313543090158,0.054218740451572954
5159,0.012608563959738429,0.05490027960124696,0.028262950076905092
5160,0.012705653029189263,0.06915020274653769,0.0740139737503304
5161,0.012665312359855251,0.07193683669695027,0.06030084598711547
5162,0.01251746671832148,0.05302873497451056,0.026631031837112486
5163,0.01240512512216243,0.04838186479933216,0.027163587194505665
5164,0.012432639535095416,0.058272200373289014,0.04011134121193524
5165,0.01255541817976663,0.07882118433909374,0.07922113992221286
5166,0.012767751154249066,0.09129421265702677,0.04192296219370737
5167,0.012497683583651671,0.05194635926577704,0.04191795499892716
5168,0.012460726227863936,0.04866233065725957,0.1276017703215021
5169,0.012516349504393509,0.06308024604829149,0.03021636288334444
5170,0.012391972722190378,0.044603206828925296,0.07802957057644153
5171,0.012377170109473593,0.04436199227441748,0.031959598531598216
5172,0.012469782419031064,0.062215674901906375,0.0864596513355896
5173,0.01242025975561091,0.04772594568737928,0.06340705797968535
5174,0.012424155452549289,0.05838095903765321,0.05894364349944461
5175,0.01254164089399142,0.06515565279404947,0.060475795275918044
5176,0.01239761026650304,0.04506977039568194,0.05552491213480742
5177,0.012330254323212546,0.043481632181319306,0.044626951605655635
5178,0.012261275992986655,0.045067403110572675,0.08655676784335713
5179,0.01229441146572121,0.04374460254560174,0.04340037094193048
5180,0.01232250383499948,0.055931838417688735,0.07672013365162507
5181,0.012337797084657797,0.06129414165603443,0.03340859559722014
5182,0.012253961963343264,0.044839343826095474,0.0786303508416633
5183,0.01224952857934799,0.04620192402480342,0.06324312714035021
5184,0.01234131990265322,0.047741174836304655,0.02441705169851351
5185,0.01260027737383792,0.08083666949754777,0.03837845770394172
5186,0.0125279093226955,0.06325852356026297,0.04714494354047563
5187,0.01286138971193443,0.09028007631742084,0.06476462683182255
5188,0.012842984000185808,0.09739486995398228,0.044197405056924655
5189,0.012444348516452026,0.05505157028185853,0.0627548313292963
5190,0.012532423594199996,0.05983165852331279,0.04731349114578803
5191,0.012711480022516635,0.08667367292231372,0.04079022480725988
5192,0.012624486421370772,0.08418469662823053,0.10875997811238496
5193,0.013156256198291846,0.12167518601060509,0.06398250546440182
5194,0.012665813591118605,0.0837677307771013,0.019995526906185036
5195,0.01284254452248613,0.10393561299084855,0.03977034229278991
5196,0.012520180548393276,0.06774510778582657,0.04793785327984415
5197,0.012296458173775806,0.03909436412879297,0.05964854723624635
5198,0.01228631699318277,0.04014691794738426,0.04415685015005228
5199,0.01232215625918159,0.03686357525869287,0.04430705682282003
5200,0.012418594680127903,0.05713725323153691,0.05833170430688668
5201,0.012380756077919853,0.0487930592686146,0.052820662451226685
5202,0.01255602997850484,0.07343693061334194,0.022053881664932343
5203,0.012572130957921765,0.06755997213977243,0.06895542093478325
5204,0.012519243684967795,0.06277287786570945,0.06694985789627289
5205,0.01292665820740782,0.10317698669542989,0.043078975704543505
5206,0.012723098571507808,0.08691466299132307,0.05251258695402891
5207,0.012387771973631978,0.046578695208072424,0.0410786304736152
5208,0.012461883056253256,0.0706966888330796,0.05673929048538517
5209,0.01222404498425371,0.03275668686037896,0.066306217652221
5210,0.012261926001527685,0.03611747321093759,0.06581008058059774
5211,0.01253195139617874,0.06968095947717864,0.06340029400983135
5212,0.012563693621521389,0.07931765790728174,0.06530198307320612
5213,0.012230247872336652,0.03218340633535485,0.045379648261014385
5214,0.012567861976724862,0.08158145312255133,0.05763646315301947
5215,0.012296402480444314,0.04848578062890109,0.036785283949685714
5216,0.012377692833082538,0.05416373679036494,0.07852166222623708
5217,0.01265613661947929,0.09229049990836848,0.07213039600982721
5218,0.012514428932805898,0.07159055177496511,0.025571802091329202
5219,0.012722193495653376,0.09595899025523288,0.023831905337075892
5220,0.012423194188995767,0.061365776463043725,0.03479962473694791
5221,0.012353009996596163,0.03831692197386612,0.0431236008402377
5222,0.012527841856114138,0.06903468867015228,0.060233466212685716
5223,0.012834437168440663,0.10484295549028338,0.06052194883498994
5224,0.012497909207502106,0.06291365588349893,0.059037256140307685
5225,0.012394399968354357,0.04357098155893272,0.03269870895553307
5226,0.012487835377451888,0.06114621100699003,0.02566635860118144
5227,0.012399855383041645,0.047966144940484054,0.022712183554857338
5228,0.012413885984387222,0.0638043138367808,0.05813625204923163
5229,0.01238771767373675,0.055987532916911664,0.030365299508610537
5230,0.012274785798351022,0.04712036010123636,0.054011825716441954
5231,0.012204633903124576,0.02787321616148714,0.039033067199158354
5232,0.012391686179335311,0.06339143139484406,0.06988065109263362
5233,0.012628728904127891,0.08707066582056038,0.08622442956584449
5234,0.012646823371965822,0.0868986454924847,0.04603659913676195
5235,0.012394228795960218,0.058406433918451385,0.030004148188252134
5236,0.012674217324226019,0.08798418417631901,0.0620487719663776
5237,0.012504325751215201,0.061738667011037446,0.030425612458877576
5238,0.012703510200381352,0.07656197954165592,0.04184240024425217
5239,0.012475633036807496,0.05652540410921492,0.058172688080125746
5240,0.012301060785923749,0.037955802802371694,0.052151310616264435
5241,0.012582617596299271,0.07624142888562158,0.031679053662778484
5242,0.012534377052117684,0.054391620118814425,0.06909451316806584
5243,0.01256657910894621,0.06312309260084732,0.06955590879377704
5244,0.0126617038474608,0.08445611995513405,0.13463224603655902
5245,0.012454969848724717,0.061439650792157435,0.07277286085047939
5246,0.01232423500714564,0.05057321335090534,0.00941019437031277
5247,0.012474903208491041,0.06630962469917882,0.026561310603536108
5248,0.01255183785484589,0.0806288331533201,0.081730845815204
5249,0.01230781669924678,0.039288341438849836,0.06095704080424722
5250,0.012239177009638743,0.03478910815916666,0.06305413380227534
5251,0.01228851246964162,0.03664164620140332,0.06346188471222623
5252,0.01228746368007435,0.042282448357635484,0.06417495452710568
5253,0.012450676576153223,0.06288715843861473,0.054604831989827816
5254,0.012611063230862854,0.08309772336017673,0.061403003597134194
5255,0.012450274356686473,0.06582789946669511,0.04093990489332011
5256,0.012386005472109118,0.055941543452927275,0.07638619059502084
5257,0.012341753897377348,0.04174916393640909,0.01742113377690927
5258,0.012335750234433307,0.04517319102379402,0.05942115960231029
5259,0.012398978948395104,0.053651212190450215,0.04632648512203463
5260,0.012846457828017006,0.10178210030026126,0.047959498794930625
5261,0.012593152852725402,0.07415854715983568,0.028723898927740518
5262,0.012393273581522308,0.045302945869914686,0.04163658324580539
5263,0.012480969796929323,0.05454509693395338,0.027886396355333534
5264,0.012820030606105995,0.0965362152966938,0.08731785041818563
5265,0.012564327888073008,0.06512269014056699,0.07572428415313308
5266,0.012402502832705511,0.04546504377377782,0.062141271001798656
5267,0.012426430237027383,0.05551637114446147,0.06957615772677829
5268,0.012399838603570424,0.05253441354289853,0.023416915541744725
5269,0.01231688918538387,0.04555526338879998,0.07576881178864621
5270,0.012305616845433083,0.044190796573689566,0.006673102762844207
5271,0.012192279130983343,0.030583752924223922,0.06809693088000959
5272,0.012396386873809284,0.06895079320352103,0.06623273078344195
5273,0.012403048385265852,0.07033806084707678,0.0763968835898374
5274,0.012266990716495715,0.0388817038521542,0.05047111124451275
5275,0.012354270677628973,0.06456640403605075,0.06692555740241057
5276,0.01225516177636524,0.03568650410109902,0.03380872318305303
5277,0.012495813891130813,0.0747180658709813,0.050207116389155294
5278,0.012901841057106046,0.11132623905909496,0.06904312300507044
5279,0.012529637431700116,0.0756522611825728,0.0651421058146584
5280,0.012203085224536203,0.029507229149234357,0.031072852231839643
5281,0.012452648801749717,0.06891841583350572,0.05348068176698321
5282,0.012651955088222065,0.06603946237074912,0.029946553606500368
5283,0.012913636081409798,0.08690949902574648,0.09037126653180506
5284,0.012907391440985152,0.08619260460982672,0.06813292905574826
5285,0.01270539357236624,0.062123711220217016,0.06099048805133276
5286,0.012838175818658162,0.0680196830632154,0.053365799547596016
5287,0.012737896348281617,0.05826698271465438,0.028295808168610367
5288,0.012777204735615576,0.06762827935049522,0.043699190134141
5289,0.012609281726749334,0.05662127566254611,0.029693842969012237
5290,0.012793208555786362,0.08685908116167441,0.04473129164517855
5291,0.012645273546698668,0.06025464877798828,0.027306205391471272
5292,0.012549121445129192,0.06360382788461232,0.036833664984871915
5293,0.012538850815666188,0.05891928175304032,0.057300190028024715
5294,0.01274940433077415,0.08607374652785166,0.06510457029019365
5295,0.012501533580769407,0.06636179407714747,0.026362850819666574
5296,0.012521569696572983,0.062498227706006916,0.09462023536036653
5297,0.012387497653171767,0.0457517695747442,0.03281059634096308
5298,0.012302170006717376,0.03945626879979617,0.06807992455892381
5299,0.01232076870301292,0.04772500458743361,0.0719449409877161
5300,0.01234945694205263,0.0399257559403667,0.0843825388209608
5301,0.012281639877466211,0.041058968163321614,0.050169104334254415
5302,0.012445844973067288,0.06966932878103024,0.05246727721016635
5303,0.012580679342620003,0.08826707665465462,0.042999644678117205
5304,0.012453670565916359,0.06746157900340836,0.08951743907775983
5305,0.012309854212645478,0.04242680400877867,0.11101962136661121
5306,0.012283056495468209,0.040004625884270284,0.05765526972036858
5307,0.01256281933863128,0.07970385229846252,0.035608542723315234
5308,0.012402239163805865,0.060168085951759896,0.04155492035611214
5309,0.012647033338908702,0.0895391996240035,0.06482387789674071
5310,0.012505843563834572,0.06032284192252725,0.03899293036107496
5311,0.012584509790677606,0.07125507937857893,0.08287251449331935
5312,0.012947087714744081,0.106632114066852,0.06941354635806468
5313,0.012669466354439197,0.07894521658358696,0.11381850660019054
5314,0.012532558590143347,0.047888393434845834,0.07346780551191037
5315,0.01256697062050441,0.05819367051966302,0.05129455894086553
5316,0.012574697920450531,0.054272074989157815,0.06428357983635768
5317,0.012695962595112192,0.07179568370918753,0.056058610034391845
5318,0.01259371479301327,0.058376259423521606,0.03717673839621404
5319,0.012497255968072166,0.055188130315989396,0.046474865052979084
5320,0.012468897966972129,0.050851131359175135,0.04966718335110102
5321,0.012368296347885582,0.037180125091841494,0.08138339964437932
5322,0.012481468654056449,0.04535346762415388,0.11057161849040362
5323,0.012573277600666184,0.06012225570368172,0.033346514371166966
5324,0.012489903157101308,0.045162088882973156,0.04362669575391891
5325,0.01268417716079862,0.06991360675604746,0.06277045006928601
5326,0.012857434372114182,0.09827528261878188,0.033274295197008676
5327,0.012456890891950347,0.04315224024820876,0.03768166407195369
5328,0.01290288532662085,0.10250284681539953,0.025127796056115138
5329,0.012582137174468634,0.07303795629799525,0.04126475379743909
5330,0.012304045845476634,0.03733319207223216,0.041902015315587765
5331,0.012354903582438407,0.04289980948347894,0.04587144182175845
5332,0.01242960814012587,0.047770075751691406,0.05221719433395012
5333,0.012574006762010394,0.06934410497484299,0.041622658577888605
5334,0.012429925641311243,0.04562861705934472,0.019030657439252918
5335,0.012424462614804932,0.06104462936111314,0.031177941397013836
5336,0.012403142193444391,0.056092937415044807,0.0374807757861333
5337,0.012555078643659675,0.08051301300969742,0.0420569450270126
5338,0.012885810482284033,0.11280564154328773,0.05423285096905308
5339,0.012376246811053395,0.05126691494397599,0.03301084982107461
5340,0.012345867424161116,0.04521086225496395,0.07795462868326142
5341,0.012599021882117133,0.0830320292903624,0.07371641071080708
5342,0.012468829942037274,0.06372280342934253,0.05270370810370594
5343,0.012416415713262446,0.06396190124627577,0.07561995446471614
5344,0.012282942690875523,0.04159341105233619,0.04776750113858283
5345,0.012286095758936235,0.03918389092849639,0.032847608695702774
5346,0.012238336751881481,0.037715696838481895,0.059548590186239654
5347,0.012268364246211418,0.03829932837011129,0.10872510407999472
5348,0.012345990941549928,0.04945351788848068,0.07003306754522237
5349,0.01234862876200176,0.05241617527348336,0.05058200145159243
5350,0.012338963321538396,0.05804311984565008,0.0688525176470891
5351,0.012533399581298113,0.06794850545828567,0.032207928712368286
5352,0.012407828063318986,0.05884846435728299,0.041067315130644946
5353,0.012324802347684708,0.04629824007488227,0.0216529607367493
5354,0.012207634673359682,0.03531706272196343,0.043921253599252176
5355,0.012538027419545223,0.0794346196878157,0.050879019111533585
5356,0.012441270491303228,0.05494874103367794,0.04661061183426441
5357,0.0124827327628883,0.049988492777492975,0.031132358816814983
5358,0.012709696833724627,0.06915587553748158,0.0720369212256327
5359,0.012531332166825416,0.0512458972054623,0.07130891836907063
5360,0.012474565383230067,0.04972860869991758,0.03745490625457556
5361,0.012411449083718594,0.0484543714699865,0.04442503090565505
5362,0.012845337305047427,0.08810754796554296,0.022496850656295517
5363,0.012553261102702377,0.05929278417791938,0.03891612109889064
5364,0.01297094922995845,0.10443717107167558,0.08541370721846804
5365,0.01246737264398119,0.04858646209044174,0.03845705201252007
5366,0.012559579011119608,0.06284988677136336,0.08203796045076878
5367,0.012539467661133697,0.06019116148198248,0.04206092017759001
5368,0.012535168129431493,0.04985619397970111,0.07977468199467924
5369,0.012651121602845322,0.07223646006240268,0.1066234429702078
5370,0.01247642557132304,0.05001412180679073,0.04710008063611794
5371,0.01248628812609827,0.060491663680857934,0.05039949062428788
5372,0.012440475096726146,0.04747730656129159,0.05772389549020899
5373,0.01236579025114165,0.042925628618604876,0.06472142368343745
5374,0.012428672461733728,0.053665860561205835,0.07172084635325134
5375,0.012316646413505137,0.044908209930101625,0.02499608116495608
5376,0.01232364764193346,0.04580918063456719,0.06343844649853926
5377,0.012458743743781758,0.058219913183209064,0.044784668934309727
5378,0.012420649535270556,0.05314373266927465,0.07971138288838489
5379,0.012344816335339428,0.04830771886878936,0.0743519755556896
5380,0.01271906186355476,0.08763998645318347,0.05993554825749643
5381,0.012473859805602554,0.05826217631277605,0.022651277569307206
5382,0.012786496039819467,0.09474886144367009,0.0692993640428637
5383,0.012647104313809283,0.08812281238616462,0.08626940633725277
5384,0.012893640627640457,0.10273794958340901,0.07462359585041495
5385,0.01252168752825464,0.06155766141394018,0.0430897416959266
5386,0.012427731448224597,0.04312310236211439,0.12317357322251739
5387,0.012618656474828724,0.07206035253538774,0.060445394961922264
5388,0.012481120274699201,0.04533096510108227,0.07223178291432894
5389,0.012401565806808533,0.040692011228616175,0.06729952261748116
5390,0.012641555479009664,0.06287771310583914,0.05619857432794178
5391,0.012480668346005051,0.04955520631002683,0.024124088276904952
5392,0.012330568688577112,0.03593270327777784,0.05683600514346693
5393,0.012559896507279176,0.06435400362750365,0.06031409330743405
5394,0.012350770640414623,0.039115549505705595,0.03709383186428937
5395,0.01246864176995208,0.062238843970303714,0.05827057647215051
5396,0.012539680258695582,0.07235000696631272,0.06615382398932333
5397,0.012345365826172731,0.03726939833042543,0.025176925099617945
5398,0.012578893232659415,0.06408242954362456,0.07160772980117484
5399,0.012819727457568854,0.09897095623834334,0.04400641485845568
5400,0.012404249750981219,0.04931264239497684,0.0403837123034243
5401,0.012467764804387202,0.05288188251111932,0.03137102695957071
5402,0.012550861203004311,0.06222127357597261,0.0459469334121015
5403,0.01261016882182985,0.061493368376894675,0.061484051062133255
5404,0.012579156864844376,0.056232614028944236,0.11698655106266652
5405,0.01254629096364944,0.055167565138603,0.0701351094783393
5406,0.012630547675563516,0.056248744468697195,0.06755531253667307
5407,0.012659370459167143,0.06616193743119601,0.07920179421647973
5408,0.012404709660183866,0.04039876563346974,0.0603035893705454
5409,0.01252495141169546,0.059005756242444765,0.03811936179942683
5410,0.012584637682566938,0.06945037364408677,0.08732866112874013
5411,0.012877089981435398,0.10121164870046477,0.03514277316547722
5412,0.012460750818305479,0.04660293482950399,0.03155220765730475
5413,0.012772298675488843,0.08210323361370755,0.09114978788330619
5414,0.01240594471366794,0.04140711070854472,0.05403669550310533
5415,0.012448953741739606,0.05338424981124092,0.07100686136803516
5416,0.012609535779465738,0.07332417360849194,0.051058569333153676
5417,0.012386443376607478,0.037397521423226235,0.051339925046156726
5418,0.012409088070442786,0.03743296878653538,0.08492492770576911
5419,0.012444268662530008,0.05691744967166044,0.03819622749147617
5420,0.012615188326840625,0.07694787927546066,0.0743238523233564
5421,0.012326399948794003,0.03298864016440932,0.04396140441523111
5422,0.012412107409769777,0.0539950141957957,0.08806902577733669
5423,0.012528919727099446,0.06880440932648477,0.06047992331894168
5424,0.012546439236912378,0.07668295372392808,0.04439300691829684
5425,0.012383897281080783,0.041285642860972666,0.07265848867105515
5426,0.012343564905643332,0.04163573616373176,0.08505300152176282
5427,0.012342951249524423,0.03857690657028181,0.10202714724120968
5428,0.012332457932206812,0.03644539248819008,0.04603586340912967
5429,0.012576996156214123,0.07031642672475143,0.0342488234561087
5430,0.012548523842644918,0.06460755251546667,0.07743291501749115
5431,0.012742003724155128,0.0742334998644286,0.023375761239038863
5432,0.012984319716632615,0.10006487023591272,0.026830795477744578
5433,0.012714786537032695,0.06907040139079071,0.10458537064217312
5434,0.012786480219738328,0.07250646297514711,0.08761131111567654
5435,0.01299594733657467,0.09292006358652811,0.06351951008212015
5436,0.012648560298820713,0.06079874034164471,0.09475562637461174
5437,0.012828421850524853,0.06637077245753087,0.042128243148494435
5438,0.012806772527688023,0.06140065553093303,0.06429370964112875
5439,0.01302297658875628,0.08607374288059062,0.1099602395567322
5440,0.012889208668482918,0.0771784277708838,0.04140343604783843
5441,0.012892963708630464,0.07575179991597582,0.0757518321082092
5442,0.012786285865332838,0.07573047063233289,0.08766795338364218
5443,0.01288930807796046,0.08008479599237023,0.0621793236686723
5444,0.012700693594134902,0.055353651133675755,0.05990125163871501
5445,0.012573804033117931,0.04828534843395677,0.05836837871883369
5446,0.012825344677721834,0.07681288635776279,0.07387427377992659
5447,0.012839605703352684,0.08320362298638644,0.06553427631694514
5448,0.012556505830238788,0.05149534932451825,0.07613155656412436
5449,0.012696100278394701,0.07076293871871889,0.07747776547388342
5450,0.0125435544902485,0.051684825892256446,0.0672724404500463
5451,0.012815949612985142,0.08657385451688786,0.04001711623759479
5452,0.012841164423949348,0.08712892352811459,0.05064309263167036
5453,0.012797074694456172,0.07821817096347126,0.06826126378706775
5454,0.012569497067291106,0.05734010151990193,0.07250561767357772
5455,0.012499558649449245,0.06816445814783849,0.014836954776528723
5456,0.012529121265838846,0.08128378271494034,0.04431915988429702
5457,0.01256589114419222,0.07370058308497421,0.03759843932059903
5458,0.012385756662712116,0.04959422478944708,0.050886302787001084
5459,0.01241986149017381,0.05771299115517463,0.04716255412713772
5460,0.01233678416534713,0.04616683939843499,0.058423138082365766
5461,0.012392355995447335,0.04861703344200413,0.05643724910062778
5462,0.012634173032256736,0.08257437036515647,0.08248800687561159
5463,0.012382552970777427,0.03990316983523221,0.07119942865583229
5464,0.012480069490335702,0.0493361196015295,0.07679121624461321
5465,0.012531942725395075,0.06049541050166279,0.03358996628164554
5466,0.012504023190352827,0.04847445219685085,0.06969606506468978
5467,0.012639738020798515,0.06399811545958477,0.08725500736062625
5468,0.012739998207074167,0.0745871085388471,0.03312028350485402
5469,0.012645398832670464,0.06631693690554093,0.058018145971882144
5470,0.012618471355719625,0.06013052346555718,0.039338054507836055
5471,0.012591136736237666,0.05392601173458042,0.06384723039716599
5472,0.012631082583809123,0.07212538799027857,0.04269386854210181
5473,0.012730882913463424,0.0855617716295183,0.04819269235351039
5474,0.012560693589604596,0.061571282571559485,0.07135585157941618
5475,0.01248579161392591,0.05376798371052447,0.05268917979504281
5476,0.012665806546873243,0.08473473800548352,0.050130062914755594
5477,0.012401414443935143,0.050263604100594675,0.04238944068484686
5478,0.012540638386895134,0.07673863355967339,0.03909579637743111
5479,0.012364962622508266,0.058566911531264206,0.03383811226997225
5480,0.012329798726626214,0.04570319098323235,0.06111810829644217
5481,0.012737698192693776,0.0936076126055697,0.061515979305976985
5482,0.012742183185269958,0.09289969810020837,0.05522965205740943
5483,0.012802731944320299,0.0941631531424412,0.08022229852925973
5484,0.012550563109548087,0.07433809258580595,0.04726013717647072
5485,0.012455307501419035,0.051814832365012456,0.06611966814770752
5486,0.012742414136152631,0.0907024624090339,0.062394622320646534
5487,0.012416549835070892,0.04605786417535518,0.03648677418336658
5488,0.012652142371551961,0.07552896675643667,0.025529554134542578
5489,0.012486112231241383,0.05267417869673442,0.06031574716326298
5490,0.012538847403643808,0.07036748294853504,0.043958897467661746
5491,0.012254208293451207,0.04048108420398933,0.05053176896187976
5492,0.012266358614556619,0.03991304842240384,0.050549857086610216
5493,0.012482812776833371,0.0644148721137207,0.052485087562937204
5494,0.012549685757805816,0.06630011078312648,0.060616726885759316
5495,0.01238704535779723,0.05515921891068783,0.03649843206329348
5496,0.012464166283896527,0.06973301845652664,0.051647266966204905
5497,0.012831520743472604,0.1058176889113422,0.0922920427171981
5498,0.013127664846816236,0.12452479478683624,0.03003938347251126
5499,0.012542638590467205,0.06728328603423119,0.043127580806996794
5500,0.012721528918204304,0.08744175997558404,0.06078480025469236
5501,0.012373379353875258,0.04767382044820298,0.014312243583784585
5502,0.012249359397266573,0.038054070275975356,0.033423974101494905
5503,0.012245753897205058,0.03561365451880646,0.04879646335682639
5504,0.012263163480241496,0.03687326176513348,0.054911634084297695
5505,0.012568727406401229,0.08308267701260745,0.028417380754138466
5506,0.01224580738789218,0.032220913627363394,0.058131609122988634
5507,0.01239466727941792,0.052062570282104995,0.060100936991271545
5508,0.012458427377834713,0.05633254820629171,0.08050394787838824
5509,0.012583195508348749,0.08076984568073246,0.05866201953436257
5510,0.013018663470811624,0.11386355228086224,0.031015969666431525
5511,0.012578438928924648,0.0757291122231154,0.05774091110226466
5512,0.01228866518767564,0.03948830674456259,0.02713029760556839
5513,0.012315111473005567,0.05006472975069158,0.06817829229397358
5514,0.0122544553321092,0.033759676422237934,0.05319792540765201
5515,0.012322951364395996,0.04349927083674533,0.01766950702710696
5516,0.012409526250451754,0.06498318750016575,0.04191606397948796
5517,0.012270207715561646,0.03617717762430807,0.12265316555192099
5518,0.012322225458954335,0.04358069161086322,0.09023014060367217
5519,0.012339165050689133,0.047389320411240055,0.04299329835271289
5520,0.012473361677832664,0.0696218179669064,0.04198854944973777
5521,0.012391631191719052,0.0605250363129724,0.07511512972366158
5522,0.012453595860468021,0.06603411015190934,0.03939419981865392
5523,0.012405476896341647,0.051363824150781556,0.05723815105264521
5524,0.012533900295472428,0.0669306704892569,0.07516021453666243
5525,0.012409161525019648,0.04777192380828527,0.05266949699834359
5526,0.012433988155062126,0.046191590277438764,0.05509453137775328
5527,0.012543759641887402,0.06156078026193453,0.05743691137939423
5528,0.012424847975946512,0.0393459776829091,0.0758497860028943
5529,0.01262440911724648,0.07244801753128924,0.09086238282592865
5530,0.012465345866242908,0.051611557345663826,0.030991660982901837
5531,0.012631573056069965,0.07199062380327619,0.04671332736629124
5532,0.012568676091547815,0.054899430056777394,0.029216096440993652
5533,0.012539808985910941,0.06311275041895188,0.035661780144856235
5534,0.012498927688561303,0.06014706500468032,0.055826212460576216
5535,0.012386212837355859,0.04651151510182522,0.037214620820540174
5536,0.012327839015411566,0.04021276471584783,0.047201944448017265
5537,0.012333602541051206,0.04871998076441525,0.06333864931157994
5538,0.012765869618044899,0.10398608569497896,0.08234678511640217
5539,0.012388112054041335,0.05090469301605099,0.04435784999421182
5540,0.012481359727379588,0.056052820796766364,0.07156358303246212
5541,0.012411599993630914,0.051058557761036134,0.04070040518488564
5542,0.012409894255289999,0.05039864358165151,0.05922749504195411
5543,0.012458947483052053,0.06020309936511963,0.044609920389755246
5544,0.012252740808631276,0.03221290361223112,0.0392812173107496
5545,0.012379719254998478,0.043758661460319974,0.0652443392241086
5546,0.012329546003711687,0.03384356825883318,0.020033077667430767
5547,0.012495650073138577,0.0626717339716503,0.04548472202206581
5548,0.01236417291140559,0.0441178285749789,0.06914669212173324
5549,0.012360843045569503,0.041248126200567954,0.06691114799768277
5550,0.01261553340860161,0.07739567570194425,0.0573433544388942
5551,0.012713357161938285,0.08409384585880561,0.059283055087471975
5552,0.012725138990319133,0.08762210700335381,0.053679667849706354
5553,0.012525258150676212,0.05366251706491967,0.06571488330788312
5554,0.012533299922642311,0.057552971097951364,0.04397291432190198
5555,0.012517219082547692,0.05524493880548133,0.05027322155663596
5556,0.01250863293001839,0.047503133773264344,0.03570674836535276
5557,0.012509027382336611,0.048323201691628494,0.051478354101778666
5558,0.012786674339731642,0.08677751848340778,0.06442564244506786
5559,0.012425037884420152,0.04163053169346433,0.06492675474015441
5560,0.012456165115507283,0.053106742035037874,0.08537992562451388
5561,0.012592586130858745,0.06751373379657212,0.07557053003301326
5562,0.012882855545263803,0.09193191620634324,0.031438712397050546
5563,0.01263011832408313,0.07512275585593306,0.04508702698748576
5564,0.012326193619802427,0.0386132570476291,0.015462457827322116
5565,0.01234163656225564,0.03967813701131771,0.05598112867748078
5566,0.012588780698038551,0.06831875183164479,0.03426754118109196
5567,0.012471230360655863,0.044456280742441144,0.03537580331086263
5568,0.012420664249464529,0.04310334894432971,0.06822903374930676
5569,0.01249805888376958,0.05013270091339325,0.06546343457194757
5570,0.012625906442305664,0.06650987114838365,0.09521521533633928
5571,0.012503370882950586,0.06250593823828474,0.04676314965732514
5572,0.01320958123270467,0.12746430099521014,0.05836773311862121
5573,0.012672642685205805,0.082028527567342,0.08479436218717158
5574,0.012452494704085259,0.0562112594171442,0.05897089951589802
5575,0.012607348828658299,0.07563497088852675,0.10072227775205557
5576,0.012399613853040278,0.04749040955395399,0.11047005256930557
5577,0.012527515019957039,0.07185240695539133,0.09026498308754695
5578,0.0125776845365361,0.07453121054187124,0.06137863500614872
5579,0.012536269898437412,0.07049277981070085,0.08773436629673942
5580,0.01271985987379796,0.09320132974959766,0.061334317764476017
5581,0.01235075629629265,0.039625960100215595,0.046653486086896886
5582,0.012425450389600523,0.05677846680011573,0.061191030749223115
5583,0.012421133633587027,0.05208336235661808,0.06035399624689481
5584,0.012539260284649715,0.07386871088431564,0.029545002897464836
5585,0.012373523040265741,0.043444950636647786,0.06645252463895825
5586,0.012731278552886574,0.09023150213246332,0.04672564650255057
5587,0.01251641905954496,0.05717566343864433,0.06983257618240228
5588,0.012551433900360605,0.05547459961375946,0.042863630761839244
5589,0.012575830184942629,0.06061725724637083,0.09157183502931604
5590,0.012742570321655287,0.08291954755232853,0.06839105128265352
5591,0.012418830870352867,0.04584936540545296,0.054543716984706704
5592,0.01250274457264224,0.06400763553384607,0.03133663734197587
5593,0.012604142919833748,0.06901639067241115,0.06895063584719684
5594,0.013133825383126907,0.11950438822928756,0.06708454586230418
5595,0.012490321555660948,0.060554694478468445,0.025856302804373336
5596,0.012418732840256522,0.04204179371130754,0.046713664831183783
5597,0.012509908194401727,0.04808787594134949,0.06330552057731996
5598,0.012698855215964986,0.07010836191928325,0.06515498635937185
5599,0.012609374700048345,0.053061910000521094,0.060430074574537904
5600,0.012698202797725369,0.06119110545414342,0.033360540828247014
5601,0.012542429238923732,0.0559262063835748,0.04080102226837078
5602,0.012543845934749432,0.06079500039334092,0.04972318170724484
5603,0.012374074716243673,0.042090394943847635,0.04338637835678011
5604,0.012442811555360872,0.056251374733173244,0.027458925654383907
5605,0.012767782463721282,0.09650377868862492,0.05539395062949107
5606,0.012416331444807851,0.047214356742427334,0.0446809717753222
5607,0.012569344079229848,0.05577515570019904,0.0644416438387592
5608,0.012684784194210402,0.07228560070423655,0.0411909638167744
5609,0.012687940165828424,0.0747062158607763,0.07281313920929201
5610,0.012588999726046216,0.05702591253952558,0.07051695248479116
5611,0.012634231730002589,0.0671916963858026,0.0538822067017762
5612,0.013099740838973311,0.11794477404281978,0.07328530691216359
5613,0.012825238505685515,0.09638269728419357,0.05779093130104696
5614,0.012522463612417965,0.060972668270598517,0.0124239356334382
5615,0.01241508031035529,0.041912133996975125,0.03378858672098272
5616,0.012353885371392205,0.04028275149191352,0.025276063243696953
5617,0.012465694717411607,0.05609870948945924,0.04498262277357351
5618,0.012510592459763641,0.06317686733226369,0.07702450905695259
5619,0.012430197974064623,0.05760374213668182,0.07736075845763087
5620,0.012402784057740555,0.045999218213815876,0.023183760651686938
5621,0.012438405463090019,0.05275862253372829,0.042297761611955705
5622,0.01272424469670266,0.08563550937549491,0.10216840275482011
5623,0.012693400881704656,0.08768341671328854,0.016200840091962463
5624,0.012687684245801589,0.08855884578812183,0.10065856096979905
5625,0.012293214068474776,0.03817826728360115,0.035400336466953806
5626,0.012399682759369984,0.05891248444513313,0.06368966089109131
5627,0.01294032057375892,0.11315449017989747,0.05838608489737305
5628,0.01253988323659878,0.07605351669936582,0.10963951225187075
5629,0.01235403087701671,0.04443698002439226,0.04397755238686776
5630,0.012465362896234749,0.06420586454767128,0.1028416531335261
5631,0.012779755082727036,0.09804333791896704,0.10090103955134723
5632,0.01314375572577923,0.12840421081788184,0.031793830713184194
5633,0.012932919162855662,0.10092215964049747,0.04168096519006456
5634,0.012582865597781413,0.06812206031381345,0.056998288080055394
5635,0.012923149654126234,0.09054842446116958,0.07936827366547977
5636,0.013340977559805728,0.10927433055703929,0.03999163099334093
5637,0.013051557603019771,0.09161415584540403,0.052430309870886316
5638,0.013043068685344028,0.09122735042256767,0.05878548600508772
5639,0.012884929250497319,0.07143960239279852,0.13004925158310457
5640,0.012707448156150759,0.05760711667680479,0.05296710265014298
5641,0.01277225021176999,0.06969881671650723,0.09731423105407891
5642,0.012706988777695617,0.0591910931446803,0.04397275848957662
5643,0.012994327908680598,0.092626730520449,0.05293697178884571
5644,0.012677243843970456,0.06461945371902689,0.09269440550003843
5645,0.012795453047830413,0.06831640458695636,0.04842116801214523
5646,0.012641844731273168,0.05775311379871675,0.0436907408894396
5647,0.012808816070491188,0.08022330920574566,0.09595039599750425
5648,0.012650122207991351,0.06131720366146454,0.06804563836450092
5649,0.012668434682076337,0.07352331642737489,0.06414204968110335
5650,0.012403876490991724,0.04840457597726677,0.038265208161585185
5651,0.012521319284048526,0.06635415869772816,0.06536903758221776
5652,0.012545388088891198,0.07460649784376405,0.06474712171861208
5653,0.012510519837456543,0.0672027058459327,0.0917490740052086
5654,0.012557604428693258,0.07165893027192201,0.05447842555031349
5655,0.012315375081868328,0.0339613353994195,0.03249352556611335
5656,0.012314752307450523,0.03688270674221689,0.07491230877382365
5657,0.01246360477700628,0.05160504187437774,0.03386658669695183
5658,0.012360540199920547,0.047687885077496786,0.03223006524979939
5659,0.012279024806237184,0.03686431552719229,0.12254941132942028
5660,0.012268589052558204,0.03882071435094138,0.027329062735149984
5661,0.012294683541138968,0.0415566228154719,0.041146855880550795
5662,0.012463898739533678,0.06529320161815114,0.05430293647628135
5663,0.0127528724091221,0.09087857190718275,0.07336358962825652
5664,0.012431516209278777,0.06279989035565797,0.052231886535597405
5665,0.012612711408293474,0.08263517628050646,0.031513816486007956
5666,0.012491437055532881,0.06635145289487566,0.08838415936148081
5667,0.012379061856260826,0.041865066507944915,0.05100347554604263
5668,0.01237886851638494,0.04724021270450179,0.06833665031885627
5669,0.012425933704790056,0.06879800152872274,0.08152767166901892
5670,0.012387618117238798,0.06105754197762697,0.044531668157026666
5671,0.012246046617305249,0.03657654284751175,0.0431820961562513
5672,0.012605270514643774,0.08878863008965067,0.12124032314335383
5673,0.01314152697180681,0.1220218065651734,0.02415006320093748
5674,0.012518431952803607,0.06370659095363532,0.03264189542452045
5675,0.012479547631742319,0.05969800118626663,0.06802173321862526
5676,0.012340202558988952,0.0426652316637182,0.03985521666113788
5677,0.012482181515376278,0.06292961542972911,0.04569097304166871
5678,0.012421600702584691,0.049327077783226196,0.08010137104663793
5679,0.012484617756650327,0.056736481103302525,0.0449155711249277
5680,0.012583385981955441,0.07081267113274124,0.05373021055883569
5681,0.012456917297056277,0.056390067399552705,0.08232167289329573
5682,0.01243305646348437,0.06892098834659763,0.012590300812951191
5683,0.012503820376345962,0.07279185875563443,0.09954819251276091
5684,0.01248321897876314,0.06236456771639858,0.03184092833403688
5685,0.012417108707022721,0.06288669253116305,0.009571905656029276
5686,0.012352804774950368,0.05688301879661651,0.02866999235967877
5687,0.012294494276422704,0.04333432196984053,0.058642254919863426
5688,0.012392927999858324,0.06253546899082386,0.07126436699003813
5689,0.01237352745147843,0.05509760436365319,0.028921478023016214
5690,0.01236023075332339,0.04622321925123304,0.047717507783412653
5691,0.012430995235701823,0.06043698457287575,0.048972665509913874
5692,0.012580410428618398,0.06882437942639637,0.05631399097027774
5693,0.012821587080933991,0.09057026636233328,0.056951667238308155
5694,0.012569269150914943,0.05927353670870147,0.03718030387115334
5695,0.01275845497110213,0.08148613989422329,0.05453865389568495
5696,0.012701225582389805,0.07826710230850498,0.051669220722124244
5697,0.013016427797207795,0.11090799943737066,0.07547769063380437
5698,0.013069350403006868,0.11343809376634055,0.05622222497692324
5699,0.012515924560221547,0.06103284547746007,0.027000678898150984
5700,0.012581413376403878,0.06886209411322203,0.03808690924333217
5701,0.012595593351740349,0.08020682139915643,0.04167979971077795
5702,0.012380333773406207,0.05271601832893074,0.04579942309286228
5703,0.012324348965387616,0.0462296824275535,0.08432396284494628
5704,0.01225776537242055,0.04903720315996601,0.0731437443557955
5705,0.012278059928932775,0.054694702907079715,0.04760485387519329
5706,0.012368444538698953,0.0645288700117591,0.056296667830363384
5707,0.012169118444559583,0.028566094593238233,0.10376602386908614
5708,0.012191500330155631,0.03682206122777964,0.08899358925969914
5709,0.012239900054429036,0.037366829680997006,0.06612720555062826
5710,0.012356185746623841,0.055963048675182994,0.05328605825608345
5711,0.01221078933072884,0.028388533077444336,0.07586632426174894
5712,0.012503495122406307,0.0768104182968364,0.05252545508809949
5713,0.012657249611914206,0.09529982016466405,0.02619260971191456
5714,0.01317569860465578,0.13810728930779084,0.06016527020973513
5715,0.012445406549780602,0.07353127733773444,0.058856225968841186
5716,0.01217948616946811,0.02972019712288789,0.02462906149938016
5717,0.012312570699147932,0.045949112724176774,0.11437610485778243
5718,0.012385970537550972,0.0473389780484862,0.042776582475757795
5719,0.012372390685123929,0.05512505457881703,0.10776144037259211
5720,0.012439081070821641,0.06109052878968139,0.051676380319240135
5721,0.012830955482542063,0.09986688707604616,0.04343519786019532
5722,0.012771097606561336,0.08728241557752495,0.07520038571495066
5723,0.01235367720414302,0.03931950266700933,0.0544598380864575
5724,0.01243945160102948,0.05683121712022843,0.06771799947933625
5725,0.012539622973516176,0.05673425099278374,0.07821767925674984
5726,0.012658002576750992,0.062282221191501,0.05030455339932981
5727,0.012765813291495039,0.07517121633699378,0.020980974576678142
5728,0.012871221399564866,0.08969031460315197,0.09245952779268675
5729,0.012557720889272641,0.053409014269255865,0.054572657451572484
5730,0.012927393974497926,0.08674721494952935,0.05969772320299583
5731,0.013367143031194923,0.12699467013243937,0.05538018984996142
5732,0.012614877134339201,0.07142541994054437,0.03579352851920896
5733,0.012501091134823714,0.04454461515790757,0.07456891102950414
5734,0.012615558323274881,0.057950691111588515,0.04218526422011558
5735,0.012371223173853424,0.03620001966877958,0.07094383978290078
5736,0.012451038992681811,0.057961917046513114,0.09127435503717105
5737,0.012441669423113004,0.05122068679459291,0.09455630914030924
5738,0.012654376045297813,0.07653182953856463,0.04547887330404616
5739,0.013010689572829578,0.09765304596394316,0.026791557578626342
5740,0.012874271687069942,0.07912074909370999,0.037509898690693856
5741,0.01331805819878732,0.11385977730276957,0.08793383720447824
5742,0.01359943764052112,0.1327596152526393,0.07357724719041728
5743,0.013002258394156049,0.08765228955647442,0.029894269272692984
5744,0.013392006826125956,0.1111057527214169,0.018548624984787977
5745,0.012869894731437998,0.08040587870470578,0.031050479400520723
5746,0.013155038427142158,0.1160402731988779,0.08405231651023229
5747,0.012814166730075453,0.07848710535166503,0.0562681765724423
5748,0.012546782203544783,0.05697543589729201,0.042567090356884094
5749,0.012395276469816746,0.055819357907550965,0.03906063270872391
5750,0.012216121517947747,0.03405714599436844,0.07166847895985752
5751,0.012427091666636659,0.06344336494866264,0.04516791858574809
5752,0.012279116714792638,0.04795893499693107,0.06790725253397008
5753,0.012462416226117056,0.07267278836058252,0.04769399015745552
5754,0.012649164431299265,0.08419759104065927,0.024871629700274966
5755,0.012470356451812131,0.05867416969478178,0.04614705278343586
5756,0.012680939955604922,0.07174688210205632,0.1028167363820788
5757,0.012518464843245005,0.057279214597909266,0.015940675465907356
5758,0.012595524257131308,0.07091865549415752,0.071513856545232
5759,0.01244819772336037,0.05771186682852077,0.06799137120291933
5760,0.012493827336810785,0.06157470678191932,0.07414819752764056
5761,0.012249448804262071,0.030917795456628126,0.05456355510961433
5762,0.012525468499283227,0.08239366668071633,0.04470210187296273
5763,0.012507448226875289,0.07456704079726345,0.04112155051911887
5764,0.012434971320358937,0.05598907368036502,0.05490018658088927
5765,0.012690538986518828,0.0889033996396232,0.0295341311031261
5766,0.012525528111457906,0.0697726054499956,0.04756162270147271
5767,0.01257317090586065,0.07382527788880444,0.023717848996372352
5768,0.012345585027678909,0.043892855030256,0.06619012454789377
5769,0.012385842115530047,0.06270960013852298,0.02163739848898688
5770,0.012282517009866644,0.050042299382499496,0.0537537552813665
5771,0.012213576726954641,0.030034068957732998,0.03837449239543688
5772,0.012378331593509971,0.05841207602207551,0.053858078774117
5773,0.012319828358623426,0.04800994563663218,0.061418957232979084
5774,0.012468875885451366,0.07251195755410272,0.0669418594549414
5775,0.012396175395149948,0.057627269363628844,0.04491297447906257
5776,0.01235361806119735,0.049030265396890316,0.045051573717487914
5777,0.012483984198736206,0.060725027294083314,0.07060392497332316
5778,0.012348975859326122,0.04610683324837784,0.030095223688177773
5779,0.012344824904095879,0.05311686058325338,0.05751304212679991
5780,0.012280958174152631,0.035815741891237894,0.05999134386042209
5781,0.012335525468678325,0.04918616950114548,0.11909308898910156
5782,0.012277918417941082,0.04109183223525936,0.043292330594376864
5783,0.012303192193899765,0.05232886180601358,0.07263769748889781
5784,0.0123631282154234,0.05298127697475153,0.07497408924842323
5785,0.012332182234140487,0.05352963797160379,0.054577415259677596
5786,0.012364825661062614,0.05368173256239259,0.03359279995154166
5787,0.012308188800208928,0.03903199334556832,0.04769306055128297
5788,0.012248873039580454,0.03495575089679967,0.03205023001361264
5789,0.012430176779268422,0.06050768012534634,0.054240723957169834
5790,0.01235828687602433,0.048241363794419304,0.03970695084186203
5791,0.012473070396520193,0.06590180214806375,0.09089071336322958
5792,0.012748590891222163,0.09515425414096002,0.05912589303408431
5793,0.012563354968805718,0.08112409304356172,0.048644974148393055
5794,0.0126293859687434,0.07891286250459341,0.046333318446113395
5795,0.012626668697160368,0.0732230625866399,0.05328769990385515
5796,0.012454287928269607,0.05092470287533164,0.054027435098945496
5797,0.01260231792950063,0.06631716465675744,0.05492310257763725
5798,0.012412178311528046,0.04858096810087634,0.051313850011486646
5799,0.01257083498079664,0.07550154926082474,0.04015380661503829
5800,0.012655895452419968,0.08657971110390585,0.03450701135071233
5801,0.012361688890441579,0.05110287984206915,0.022631906060215208
5802,0.012224795999773696,0.03839780207215226,0.0277931292152604
5803,0.012163393118752183,0.02682640397606411,0.07737503000535635
5804,0.012383135554461504,0.06371298560433453,0.055686758494496946
5805,0.012224460909103561,0.03630382934163459,0.06187147836699763
5806,0.01230688127264395,0.04560300634309761,0.07481674742974063
5807,0.0124283021980598,0.06638845319837526,0.04914655701471291
5808,0.012266630779780815,0.04648031874427682,0.03241894028524277
5809,0.01222931464526554,0.03863226013329619,0.09090897401637675
5810,0.012339337826672047,0.05899485332019574,0.0625729866383489
5811,0.012282865316586478,0.03731540942430403,0.04896167658713445
5812,0.012357262734128448,0.04997310702541871,0.04948876313605372
5813,0.012371356436483487,0.05420468632481821,0.08666004426283545
5814,0.012527760663140364,0.07276310212309134,0.061921732159281366
5815,0.012536086282200841,0.07134903285023482,0.11188339106534277
5816,0.013090688610398941,0.12442595392467386,0.06083249008854413
5817,0.01271863016161217,0.09171048932156001,0.07214747641737061
5818,0.012844236985855031,0.10237595345025419,0.09832193334290174
5819,0.012396794147854901,0.05316345823983436,0.058534686291335014
5820,0.012680728700316685,0.0819467171776764,0.051795282282015596
5821,0.01261733847073428,0.0634136299622345,0.06474572010823118
5822,0.012924809294621038,0.09013786338760722,0.08158381790330098
5823,0.012456708272882346,0.05120277082672518,0.036811085063326705
5824,0.012614169929926087,0.076502167500199,0.056223406350384406
5825,0.012639511604668405,0.08244879509331925,0.06485229993957686
5826,0.012675706590002184,0.08812387813684028,0.030962381736916726
5827,0.012408486577253817,0.04891272920276609,0.05708209713947431
5828,0.012487577214676662,0.0639191656488738,0.038668330627548264
5829,0.01237433009724776,0.04798494502042145,0.05665909015693941
5830,0.012781584018775615,0.09055134758799259,0.04191358076138655
5831,0.012446302335255652,0.04818121597023339,0.033802023720879495
5832,0.012376226474537476,0.04630056916250555,0.07904541559681896
5833,0.012636807311214977,0.07871643380541171,0.06567882497419555
5834,0.0127313532666352,0.09117431425520087,0.06312782950556822
5835,0.012462480087278984,0.04844811747664728,0.036992082857295314
5836,0.012550423694119186,0.062123114436697255,0.024054386645893357
5837,0.012617310579416318,0.07050241085134065,0.08131869508369925
5838,0.012531870700481567,0.06554868109006674,0.036364808088870174
5839,0.01254094235191628,0.06846347727306283,0.05412342081737797
5840,0.012444259167426367,0.053224570280337766,0.02209000262927421
5841,0.012449945540090485,0.061958416998566704,0.03503993202470311
5842,0.012430836395467451,0.060049418696241204,0.04288769537319949
5843,0.012730668455361688,0.07936348685987893,0.04007466505703903
5844,0.012606491521504176,0.059341619273285975,0.04025321903139527
5845,0.012425205300352125,0.048339526505310024,0.06851042838794379
5846,0.012821869279953654,0.06896959438860836,0.03544832123594426
5847,0.012944527354909488,0.07975968812260802,0.043812461806019797
5848,0.01302706393370917,0.09250737797427402,0.060823771458346956
5849,0.012709841203120352,0.06660391108771004,0.06246472003770918
5850,0.01303128603656588,0.08779188104218238,0.03703362529207058
5851,0.013167031928090782,0.10469676128285102,0.0715968796172313
5852,0.012807071813770313,0.06814890517383868,0.067740394826204
5853,0.012801661135880809,0.07450889644733809,0.0624004253525197
5854,0.012906684761310192,0.08309631538907347,0.04579508441084263
5855,0.012654961113576774,0.054140025268503485,0.023401940839795698
5856,0.012819553264409315,0.08053901256562897,0.07091726144782834
5857,0.012734468421677414,0.06731469107551433,0.06079856540507537
5858,0.012644121531550895,0.06370219630518736,0.03730481511475064
5859,0.012706754430282984,0.07595636535502981,0.07278299453334536
5860,0.013084976535270935,0.10913538975317089,0.04467884473239711
5861,0.012683683022341038,0.08989791428167865,0.060945475778877545
5862,0.012555426794922449,0.06861330451884955,0.09102571312167985
5863,0.012426357073678899,0.04676205046396195,0.049307879956239066
5864,0.012669772999217583,0.08132786178144895,0.03386079296825807
5865,0.012453651758479475,0.04572564340023095,0.054863906547039896
5866,0.012544492157592976,0.05274853879440844,0.06478858480083868
5867,0.012826258169730124,0.08201423933894912,0.05575699117928438
5868,0.012447675668217854,0.05102068692426837,0.044082945861941454
5869,0.012532016657725896,0.05114208705399897,0.07762015689872533
5870,0.01254903617764975,0.06011836133170655,0.05500516031744613
5871,0.012678750113018653,0.053312536504410535,0.026624481915604604
5872,0.012944511237981297,0.08218123405217743,0.07352037549255108
5873,0.012806507941531391,0.06949918012435917,0.07989121850936297
5874,0.012679840165584726,0.057668109913965176,0.05492793795588536
5875,0.0128231605453616,0.07420072125914971,0.06407960151803144
5876,0.013153771450569443,0.10859252359917622,0.04853047480139221
5877,0.012643035691310877,0.058374022506716756,0.0545362233883041
5878,0.012683852933293936,0.056085552938871346,0.08736120050201598
5879,0.012638566008330354,0.05126623796501476,0.12584325762689555
5880,0.012654293117895616,0.056738408800224266,0.04765131706001788
5881,0.012741405898233958,0.06507017095096966,0.061364228466547
5882,0.012795569143642452,0.06891174484564364,0.0261708991343434
5883,0.012766278491537714,0.06976687786146078,0.05859364641174442
5884,0.012619777389478398,0.05058231736846313,0.0781525403134621
5885,0.012864235919479983,0.08748312500089629,0.05316126342051194
5886,0.012685823963796231,0.056850663845935026,0.03944483949131941
5887,0.012642687540928331,0.05294590160598527,0.05748328932997922
5888,0.012978300203591702,0.09591034404694823,0.056620552824352986
5889,0.013382796229900391,0.12372963817152384,0.0605065436978399
5890,0.013491188037780632,0.1324863570057175,0.09652239577699198
5891,0.012806442558752365,0.08841013204702777,0.021093015354226544
5892,0.013225126228921092,0.12395817857722916,0.06307678299215107
5893,0.012986275831378378,0.1163905599073047,0.04603395008152067
5894,0.012430712738799622,0.05171333994954237,0.06760693495081646
5895,0.012384658823303788,0.055517217335599514,0.03869564165899051
5896,0.012432480230803358,0.06543921105653809,0.05409782545942196
5897,0.012620359438720065,0.08326963307549114,0.05365139903850458
5898,0.0126899755447134,0.08431575703003283,0.05181196325254858
5899,0.012833664171767631,0.0978585509612411,0.07040012660691668
5900,0.012940213924752315,0.10808450946319723,0.038586668401831385
5901,0.01279235258523047,0.09120985602675138,0.041043817788360325
5902,0.012369440550431848,0.043553333916523856,0.03225942100443879
5903,0.012626898899855608,0.07390827497865883,0.06522116663166784
5904,0.012620256826058638,0.07648942608947701,0.021272461982601777
5905,0.012380585789919376,0.04794522179887798,0.06564847674285619
5906,0.01254619875309251,0.06386733670496057,0.09540157174965697
5907,0.012718862180929318,0.08515989531305558,0.0387006692407664
5908,0.013350219654793006,0.13548804577132978,0.057281172288915314
5909,0.012582864114494703,0.06874886151851348,0.03774089753071665
5910,0.012610600890485789,0.08575779125378376,0.08277914857672061
5911,0.012531016822761986,0.07448470591212815,0.09074853609563235
5912,0.012460835943737699,0.061334927726106825,0.06827377499625574
5913,0.012411513509836268,0.06350735175176321,0.05724879772798808
5914,0.012437641360644945,0.0532823084625688,0.03912894938484923
5915,0.012364537851798285,0.040964245128390024,0.061705943594504355
5916,0.012596440496002254,0.07432101360405768,0.055816784026461924
5917,0.012497093885875206,0.05921576505161491,0.05233321641075659
5918,0.01241092107566477,0.053537041395379084,0.06758812941000647
5919,0.012379511805100897,0.056396921395696416,0.047237779420853596
5920,0.012319958621736989,0.04972153645565095,0.08825435825141063
5921,0.01223624177347735,0.04675758203898242,0.05097378086937773
5922,0.012570877747998215,0.08761964675799004,0.08700135285583889
5923,0.012664987374455686,0.0933308973428965,0.0887924887723793
5924,0.01249901748080314,0.07291914898280251,0.13243004344903603
5925,0.012388940061035499,0.05033397437102412,0.03729827613313194
5926,0.012438791726102197,0.058630955862714614,0.03248761351708257
5927,0.012524254699471162,0.07579137327704377,0.021534118855072597
5928,0.012347612903374088,0.04313641331606669,0.08939622717035633
5929,0.012400471394757652,0.043319150003357364,0.07938552764164793
5930,0.012426200233897473,0.0457333805965524,0.05989040954801221
5931,0.01273932934961136,0.09392821828637259,0.054324960443940806
5932,0.01300040249384331,0.11258553477034636,0.06453016208890988
5933,0.01240894239073012,0.0586397531436681,0.05260081010516171
5934,0.012392356265628478,0.05526430598924402,0.050932014897042625
5935,0.01238171982011007,0.048248971119640376,0.14949460146114876
5936,0.01233418285041959,0.04532905628762878,0.06050575060120932
5937,0.012359280880377207,0.042626873608900065,0.07901281614618019
5938,0.012306872018779098,0.04014929352990034,0.0478640063543694
5939,0.012594126829929587,0.07878532676540793,0.041207650607911234
5940,0.012453776768396823,0.06104010436322965,0.05023482395171549
5941,0.012422718504590091,0.06066292930463898,0.047423210772682196
5942,0.012465879172692117,0.07030045356483235,0.06372909451254095
5943,0.012508171466671736,0.05974937121654656,0.025058410042183735
5944,0.012949616869728653,0.10690716386352454,0.07733833753817283
5945,0.012494189566901877,0.058998066663508666,0.04870192708749521
5946,0.012401540712824165,0.050118862027111535,0.060224147966991506
5947,0.012376754137390074,0.054739227865366266,0.032228633487312155
5948,0.012807013674690854,0.09914020759423417,0.07238614063531063
5949,0.012824103370207516,0.09744324238532075,0.061063069699136184
5950,0.012874806772193787,0.1049699763512771,0.0509743368945379
5951,0.012410691478617489,0.05992210734680859,0.07548441117770865
5952,0.012773137772181727,0.09574055588730701,0.1031384481620157
5953,0.013070523113048777,0.1171725988573805,0.07331305419250177
5954,0.01269238390355998,0.07384537479251926,0.04615239872176098
5955,0.012752155934377033,0.08339302036202614,0.07341854595957258
5956,0.012496795969122836,0.057818798505956066,0.021261866304664215
5957,0.012307730560951805,0.03765803024867369,0.058577739740809126
5958,0.012345713488673247,0.05070735102239281,0.03926079764300562
5959,0.012344953897542286,0.0420137984332241,0.03220340608463958
5960,0.012446851584365823,0.046765925749966734,0.04080559588425809
5961,0.012681954893760828,0.06751426743772711,0.05880741305320455
5962,0.012850610049568294,0.08670106589034318,0.07539981899063405
5963,0.013118409351552222,0.11066335384235461,0.0501330055158056
5964,0.013796462450058628,0.14877851000731823,0.03485806502510632
5965,0.012916714099698258,0.08717880411957457,0.035304612882744946
5966,0.012644411897044221,0.05718080169407767,0.05102962929517058
5967,0.012892338178740533,0.09672579843534647,0.06644139258445896
5968,0.012606093876595842,0.060094347568152955,0.04862078337334595
5969,0.01266585946626318,0.07344587995034405,0.06792091283753628
5970,0.012406605883728605,0.049701063417090685,0.014741023244990567
5971,0.012414738181958157,0.048087100053469,0.04023034973450021
5972,0.01235189348865701,0.040206370147504875,0.08289927716013289
5973,0.012383462816760237,0.04421788324479574,0.09260471992593712
5974,0.01266710783134692,0.07425858705247365,0.06249196346867926
5975,0.012570619385625585,0.06096703547030164,0.06939316666836988
5976,0.012666976389677797,0.07235905665952079,0.0448722890383721
5977,0.013220728528993277,0.1149493324913441,0.035957268893921084
5978,0.012849220452486713,0.07643181104446048,0.0629959535374116
5979,0.013193051226223154,0.11788380029590832,0.04842028454611082
5980,0.01263575197108417,0.06187217227114596,0.045012406751478155
5981,0.012995073752788815,0.08105132968154026,0.052244820553928956
5982,0.013048820993376288,0.07879204950115104,0.06648179781149714
5983,0.013031179334925903,0.0800598221482721,0.08484776097343702
5984,0.013046347720199913,0.0911185551726452,0.035627198359910545
5985,0.01320196625514518,0.09565977727360964,0.08274671111454486
5986,0.012847245122409373,0.07909645804123668,0.01239652055193834
5987,0.013119286930598521,0.10934456015399363,0.04339296929105122
5988,0.013112666753625112,0.11110301981617249,0.035619313230696954
5989,0.012522007938094331,0.062403786380298996,0.037789998241400814
5990,0.012380338024648881,0.04747688191044519,0.07518841256114683
5991,0.012302246047004287,0.046730829788279624,0.015556026057829176
5992,0.012568919746289245,0.08282818153844604,0.04926742759027213
5993,0.012391039181794529,0.05096802453238048,0.06378675942981167
5994,0.012540342728441605,0.06315921898924579,0.06788740220357994
5995,0.012560392271623286,0.07264476346767028,0.07960377766271705
5996,0.01278426540091123,0.09707279790694154,0.021880001837066194
5997,0.012418290822673188,0.060103359570769135,0.02615727807563189
5998,0.012409878105199359,0.06289043607807501,0.0304113255725074
5999,0.01256950007647666,0.08686645882689414,0.07532617576772761
6000,0.012203355063974576,0.03204050875810029,0.051687142641548854
6001,0.012322336621331456,0.04504864701157925,0.08358070023679877
6002,0.01242190936376939,0.06773367697402831,0.04074491539880542
6003,0.013063766328764733,0.12465367737095936,0.052310452826537575
6004,0.012417558499632426,0.05940569399848454,0.060850720067456274
6005,0.012277826010032557,0.04442626870016823,0.02832395515292348
6006,0.012319565101145858,0.04873162513725386,0.050425579851051165
6007,0.012324519428191266,0.04434784099797423,0.09162074980815604
6008,0.012331827305920216,0.03995650778932689,0.06671249198242298
6009,0.012449503081824336,0.05929654633076897,0.04561832345526645
6010,0.01265858308428905,0.08239876795778128,0.08665378369184921
6011,0.01234331504315065,0.04204513127573162,0.051730534967580295
6012,0.012659655412576463,0.08398529184299201,0.06407649302990212
6013,0.013145105651809198,0.1268107979870528,0.06453539167494046
6014,0.012474930572552747,0.05928033789509637,0.058435088426257595
6015,0.013081427361409506,0.1221538890477872,0.05148971843120868
6016,0.012430317603862706,0.05620609851662312,0.02814575979001197
6017,0.012653143461311635,0.08313936206532735,0.053307818483175215
6018,0.012371650104121043,0.044223025638376566,0.043406700221725096
6019,0.012449050016409254,0.06229370652645377,0.07773018471417029
6020,0.012738267794167835,0.09767856087238415,0.01668482692433845
6021,0.012430965326099972,0.058746920426028644,0.05778573671142557
6022,0.012478730268707572,0.05856183396007145,0.0677004010890397
6023,0.012506378932469043,0.06741473249049164,0.06153208174408814
6024,0.012657804807087517,0.08552915774352313,0.08837707159518073
6025,0.012310688845759818,0.046741597593884264,0.026779922336255712
6026,0.012395651296240293,0.05553191057781545,0.07626902746518625
6027,0.012460463883008071,0.059635299051816276,0.023720332896054012
6028,0.01246789052270179,0.06298544496899713,0.0731960375482441
6029,0.012421675730233757,0.042386760290516245,0.09350056262396639
6030,0.012700109412294821,0.07730053405858703,0.07313530910451785
6031,0.012482315928461421,0.0531656197371734,0.08409099274319885
6032,0.012520985394438414,0.06805886630405136,0.04293918806154765
6033,0.012580643041004936,0.0749640700264383,0.10508751209962232
6034,0.012981383148604088,0.11996653620248533,0.04914340373178359
6035,0.012322390682725351,0.048569796651127026,0.05771850851136405
6036,0.012326062928366023,0.05003897364154415,0.039313600400707145
6037,0.01226828798537691,0.042654374980414675,0.08111395139429184
6038,0.012381356154802051,0.06016163849933955,0.07975269819825466
6039,0.012288954203548712,0.04869275567837182,0.05767373363166599
6040,0.01238924240241129,0.047719250625080076,0.043869752147780966
6041,0.012329282020051248,0.05232998074432445,0.02292276211588589
6042,0.012619844530113191,0.08655702783286345,0.05713756347705106
6043,0.012552257596730133,0.08016089441750057,0.04311113065643498
6044,0.012563450895068278,0.07162923613492016,0.11964360216460186
6045,0.012380394079394468,0.04924172918923238,0.07081507275259813
6046,0.012563861689831991,0.06910641199083867,0.06234112090354231
6047,0.01251729433216479,0.07046438871960682,0.04218039319224972
6048,0.012497074791631499,0.06469691586948573,0.048993967477783604
6049,0.012303332639986498,0.04422059605332666,0.05341861317808711
6050,0.012347834360724634,0.046524201876796255,0.06985317228842433
6051,0.012442352148237587,0.04936301889468839,0.08306857300374383
6052,0.012718033417545982,0.07501124155451265,0.01962665287272875
6053,0.012904265095616162,0.09783299500191178,0.04689359296630401
6054,0.012437802750121065,0.057834832507685154,0.02933772694135051
6055,0.01243390842749118,0.05683268006148167,0.06521996999604
6056,0.012558304643310198,0.07952932956151744,0.044325407643227226
6057,0.012306549038185505,0.040137765720178506,0.03229795825505054
6058,0.012403646550004657,0.056492635928484504,0.056190848853694124
6059,0.012415326447851767,0.056884702131634664,0.05924789905050985
6060,0.012490232833352734,0.07514957937574661,0.09615605540764778
6061,0.012219192378731307,0.034811797380397275,0.036766764836140275
6062,0.012411623210484227,0.05522288992704432,0.025635606219819307
6063,0.012408155959313799,0.04394674112537458,0.04313045096190006
6064,0.01238293246771101,0.04083245728111211,0.06679446844171713
6065,0.012424776463469534,0.05977742508064463,0.03248091242105239
6066,0.012350885827136442,0.05485119742735492,0.04147823365291296
6067,0.012366694049151077,0.05148726849331432,0.044300121405792856
6068,0.012246122761847951,0.034098941353841554,0.07369675877571633
6069,0.012279554001941095,0.03929093679986815,0.0866998482014295
6070,0.012333237584977782,0.04970587792467798,0.028147566924721118
6071,0.012499814856175418,0.07354975366731126,0.051728253068381636
6072,0.012307439908509216,0.04608237295702077,0.046691484220319955
6073,0.01247611512314803,0.06763196036046061,0.09646689002464949
6074,0.012359783586146164,0.051146817873096655,0.03154915974534122
6075,0.012350536186256545,0.051021104807788493,0.03401835709230864
6076,0.012381853153183256,0.05102094499219882,0.039049412853554975
6077,0.012315349546118357,0.04923884672700043,0.06237021056836188
6078,0.012350133939768632,0.04597499523619421,0.09807397649230126
6079,0.012507690536879624,0.06315068420476526,0.06736651635139472
6080,0.01236783434163259,0.04829109292059601,0.07211578053988332
6081,0.012494452932403179,0.057657789153207316,0.04788878365620011
6082,0.012570756465640832,0.06932359640044358,0.03894296452536928
6083,0.01316772161256762,0.12558700089553113,0.05408686930747219
6084,0.012962364518292142,0.10633180617616281,0.03510181592367536
6085,0.012385327159224739,0.043518998045401686,0.02484616867910536
6086,0.01259525862646972,0.06305342410825009,0.04391198249730431
6087,0.012642722951641953,0.06539342767758616,0.054585782478764264
6088,0.012925403297721781,0.08520413099742973,0.06729118331328686
6089,0.012618302746600162,0.058052451561429456,0.04004999337302495
6090,0.012623316364695087,0.05864608108130852,0.0827683830418226
6091,0.012424785456590655,0.0541977985468244,0.01952520526695216
6092,0.012455451535151,0.06072600434535872,0.07598059147965627
6093,0.012802982758624907,0.10249117963708043,0.04376201843927395
6094,0.012515604182066365,0.07144736526596668,0.09229657763402037
6095,0.013018905276698006,0.12071007932319658,0.05835546530246044
6096,0.012444310348333204,0.06056578615378694,0.04868777228217116
6097,0.012533081506842535,0.06526373207033632,0.05727330728179622
6098,0.012414244279885371,0.04582739179968335,0.0738662688969036
6099,0.012512632725680796,0.05459622539116343,0.032969080794014595
6100,0.012723278912409446,0.07624787660426353,0.0740113130315068
6101,0.012797175800938412,0.07442311273101045,0.08421438713416719
6102,0.012544849469152507,0.05301787188946259,0.07917020539785935
6103,0.012405616447377392,0.04920754530146826,0.02530918801568991
6104,0.012432521411035348,0.05448372609333189,0.07507206749506692
6105,0.01231288516106524,0.03836238586463559,0.08657322977139457
6106,0.012403845817425953,0.050299345916737126,0.08155862225287899
6107,0.012395676761516575,0.049145909234611665,0.06228179748289682
6108,0.012350541480668619,0.04547917235999356,0.03373912292920981
6109,0.01258496572459051,0.08390306464264412,0.014716951446552171
6110,0.012276692055827225,0.03224884108193628,0.06969757927289201
6111,0.012427606434871143,0.05928430865228852,0.047515799390464214
6112,0.012751520826567648,0.09745683431983446,0.05170124579312377
6113,0.012375724161509505,0.045136569660510495,0.07041545466100702
6114,0.012375266785997392,0.043773493940998345,0.07507052450676271
6115,0.012530442263126409,0.05036775098627075,0.07470746581603653
6116,0.01263762085261945,0.07008251750163001,0.06482125684652744
6117,0.012569429133951591,0.0655241941992668,0.059462898983374465
6118,0.012721084976729085,0.08284088123036026,0.04260961898628892
6119,0.012414738086193543,0.04134477903324574,0.03459958943694914
6120,0.012415431999037087,0.04810205370961795,0.05862134712925495
6121,0.012303069059182508,0.03685293793264321,0.044498082335695965
6122,0.012440116521104435,0.05943129114220339,0.07049257852947156
6123,0.012364412280717114,0.04399992271419799,0.05401571744119924
6124,0.012749251287303443,0.09481416181650144,0.04482745300678742
6125,0.012681537508219926,0.07896721282718053,0.07804599363894098
6126,0.012441936438225075,0.04423758065984517,0.0708994577981374
6127,0.012543761523526537,0.04943410079887015,0.05539916652065852
6128,0.012526014954036473,0.05764317674538398,0.0030296981625785534
6129,0.012647967252270166,0.07780079079964147,0.041063696872230444
6130,0.012420834364510198,0.04820832788084399,0.028986336921413114
6131,0.01268875184235685,0.0898550483586095,0.052622885053098645
6132,0.012448789956484727,0.06555182390212923,0.06204501120313743
6133,0.01243946892187276,0.06511348898045134,0.07698269626878737
6134,0.012427209759406518,0.06285834917752293,0.05491131642174728
6135,0.012443391174368355,0.06766121604755307,0.09070481017214865
6136,0.012535332198426372,0.0743165017561968,0.0504766239644504
6137,0.012403214806811173,0.05714975515913694,0.05101036123875402
6138,0.01250229161380398,0.07431510404329786,0.09877098666942007
6139,0.012620016918732633,0.08453136215320416,0.05647282313073834
6140,0.012383300998552664,0.04452205908528122,0.05826419814395866
6141,0.012463024726886056,0.06490956165832451,0.03624702057282884
6142,0.012461903064118573,0.06373104453629178,0.13450711878926436
6143,0.012502610438233228,0.0710678312242668,0.06192092131459616
6144,0.012321663823656525,0.04587566313455271,0.05164488440149704
6145,0.01251257980376321,0.07278276743932058,0.07068631713096135
6146,0.012233873465473041,0.03497770233684299,0.04460971790678414
6147,0.012559307642763702,0.06247308108564132,0.047545006845540735
6148,0.012314987666526674,0.044100617311216006,0.044152359820458606
6149,0.012338739972556136,0.04611984920882555,0.050170114320977774
6150,0.012464779384196715,0.07374506761473781,0.08097572620847111
6151,0.01271678227809599,0.0946504741805824,0.06984521024722161
6152,0.012620390513091124,0.0814195835904168,0.0926018957964
6153,0.012412607052251367,0.05957004927268112,0.08096776890387719
6154,0.012476250776014088,0.06434012161630137,0.05036910421818562
6155,0.012416175398639909,0.05968583991925563,0.09534635214241252
6156,0.012695370279077767,0.09125751532989258,0.07304907322095243
6157,0.012387495427231677,0.04781244494428282,0.04362949933288785
6158,0.012375715803139294,0.04577502338623345,0.062089787690550235
6159,0.012405141286473808,0.0542937119046631,0.04150851976725393
6160,0.012297416361275081,0.03706001112319718,0.05675237481310613
6161,0.012418433163250243,0.061501480215481116,0.05769851612977905
6162,0.012251725221098743,0.03468152799831349,0.03056533467861827
6163,0.01242085840494546,0.0520439406305428,0.057644016870974285
6164,0.012410267602549293,0.05169941611245209,0.006151431600435204
6165,0.01242362540241131,0.04714744532713463,0.04830917098262225
6166,0.01267723945337536,0.07037709465105679,0.05663173573922405
6167,0.012815000294783045,0.08599400691516558,0.04050077819601591
6168,0.01277370431852307,0.07206189923681237,0.07666014707124096
6169,0.012855158981654848,0.08045356737487842,0.08049081161923899
6170,0.012924898080892736,0.08287030324732518,0.03447635425081885
6171,0.013014825609492079,0.09498476593556683,0.10473725975542204
6172,0.012633708037302393,0.06124728976402982,0.04980833356646514
6173,0.012545708399421072,0.04899553659053959,0.03434439641867093
6174,0.012648253361182537,0.0665011020415152,0.09673549480951439
6175,0.012469918296451771,0.056677361426800285,0.05833801517014496
6176,0.012446423574031617,0.053625371115646185,0.06059557119998298
6177,0.0124628436435274,0.05733871206689008,0.09028812202523677
6178,0.012486382546615951,0.0605913170605859,0.07447636893362695
6179,0.012421893685130192,0.04153314831084981,0.07414292287483894
6180,0.012590511296131831,0.06839359841299571,0.05086450689073601
6181,0.012746281322586735,0.0850697775352764,0.06532202891688282
6182,0.012843697764959411,0.08893509698231439,0.03964692323994551
6183,0.012479828320414067,0.04364607439702307,0.035442018503875856
6184,0.01261875147603995,0.07590812278392808,0.06759029402152839
6185,0.012471290655548513,0.05532452786160026,0.025812254770682594
6186,0.012617419279947091,0.07284074849859995,0.0655480993188975
6187,0.012591458076126692,0.0720552339837759,0.07580730708660766
6188,0.012711223657338521,0.08532520450282098,0.04196186177035
6189,0.01259624333922603,0.07908810031664525,0.025409945607085534
6190,0.012403467479082012,0.06000978029349972,0.06214062445268207
6191,0.012360715469252805,0.04513185338988695,0.06697043365087914
6192,0.01272835901351521,0.09009280951463508,0.07676237420952788
6193,0.012461345855035066,0.05719970892262329,0.0782406513752122
6194,0.01239140003779622,0.04411094339349328,0.04012981528095681
6195,0.012474709482955261,0.05718510619593207,0.07118086236531083
6196,0.012420859762011169,0.05010740553525915,0.03562554870439354
6197,0.01242966973719678,0.05910747607515463,0.03298160378259522
6198,0.012503703127745906,0.06907820226895081,0.06317300938264657
6199,0.012772844888824143,0.09249593340202757,0.06593605232172933
6200,0.012494797463584844,0.0560750896508294,0.05892566167134982
6201,0.012608937385445778,0.06679242066478053,0.04860878533134253
6202,0.012394810163856743,0.0408334285018348,0.05024558353382075
6203,0.012502785481625067,0.052005952339320156,0.05808969979177047
6204,0.012493724731254367,0.04722283825350332,0.07710443137778883
6205,0.012632919287115062,0.06178407430895054,0.00046283703763712065
6206,0.012757741339766378,0.08020865261314072,0.06953077260459296
6207,0.012586906692969116,0.058164221395424286,0.07238853472175259
6208,0.012681055137986293,0.07938996784372869,0.0802534114934146
6209,0.012597156058093029,0.07292350927452697,0.06051194252219148
6210,0.012544780521974835,0.0685513618343399,0.05317612532279358
6211,0.01259296371174772,0.08119639654955382,0.035041663328637083
6212,0.012399524942245438,0.05203316849780373,0.026529884715866925
6213,0.01238550833243247,0.05534395666568763,0.07331432870193096
6214,0.012284753157667992,0.047889495320181066,0.04022416858867806
6215,0.012508622196386309,0.07828289028699924,0.05528611512346222
6216,0.012361614442618492,0.053397415442060434,0.0839047651893513
6217,0.012440943268755297,0.0657621325061581,0.10205365227066397
6218,0.01238305720463379,0.057575847895460844,0.06025501326801343
6219,0.012371124138684556,0.05122899716117627,0.03193697919016798
6220,0.01249924670433442,0.07352286682093148,0.08205854506403543
6221,0.01241868177304326,0.053242669301905673,0.08630936903766469
6222,0.012769984857061755,0.09642952034746019,0.046957235051021035
6223,0.012711201524982813,0.08640750785457835,0.09943313050544295
6224,0.012802469043902599,0.09591886637242077,0.09712749507293893
6225,0.01267986474831154,0.07874509507152004,0.06997007825073605
6226,0.013036713114646459,0.10893803295553234,0.06993943704912862
6227,0.0130019515925786,0.10942890654315712,0.04446158694132846
6228,0.012573981068678516,0.06714507720351078,0.0568927316227748
6229,0.012453341344056295,0.056244809085018874,0.06070929790521247
6230,0.012597285901199882,0.07126815520644286,0.04455235629651711
6231,0.01249739587772717,0.0579998147647878,0.06623265562902149
6232,0.01247897659510258,0.059050152610085234,0.04603611677223662
6233,0.012467848903530171,0.06983794286156923,0.024981637787290338
6234,0.01245874394734043,0.07310254826215941,0.030034810654324735
6235,0.01242548918902275,0.06490947445614481,0.05752846486470094
6236,0.012612259759180436,0.08631577947242147,0.024140284151654656
6237,0.012648736701096373,0.08693257600537037,0.06416139600693009
6238,0.012711918582907322,0.09257977217691729,0.06172375831973225
6239,0.012381027147099804,0.05114217053161668,0.0647405076994263
6240,0.012541973096997647,0.07152296701293975,0.04633095951550667
6241,0.012467279494918496,0.06774682241453474,0.05097269806591477
6242,0.012521875503056593,0.07012043028314813,0.036638745516738576
6243,0.012470348319950324,0.061206049850999145,0.07901478117778794
6244,0.012385949290171313,0.05680747408171009,0.044537363842281644
6245,0.012498009468895555,0.06662150680259371,0.052516057778688945
6246,0.012693298188652976,0.07378085978354389,0.07595157500959757
6247,0.012840117542480767,0.08709210276591023,0.02009052268764441
6248,0.012682514388642869,0.0755108586489192,0.04728327743697417
6249,0.012610465530636456,0.0673273205944537,0.11447459920345224
6250,0.012494192720989604,0.06253570078210748,0.05432542717576404
6251,0.01270934702890318,0.07761672402609675,0.04704474147549733
6252,0.01259455246303864,0.06855345771608323,0.04290994405834764
6253,0.012813171947856621,0.09486441559010772,0.04223917605056214
6254,0.012626723501458015,0.07859424581479964,0.11173635576604961
6255,0.012586285065912103,0.07138142462387113,0.04967754347501476
6256,0.012482440328177954,0.06170060689502025,0.029525223573496115
6257,0.01250084942797648,0.061569216839946386,0.09433418235316951
6258,0.01254602313068632,0.06868920835869223,0.08806441633359648
6259,0.01252589171298326,0.06625769048912297,0.005920061220545356
6260,0.012593742216706276,0.06814783049898915,0.07592487393947783
6261,0.01281950656003458,0.08352349202447697,0.02015591175527971
6262,0.012719201711461932,0.06476491328751828,0.06010090342627926
6263,0.012814199211571767,0.07644214117419967,0.10162008224200568
6264,0.012635852956129198,0.06130721840931398,0.056062145923035725
6265,0.012766844664771704,0.07790457751044268,0.058151578841464685
6266,0.012776597449459401,0.08385155072994846,0.052949880425043803
6267,0.012690749210678798,0.06817492568264587,0.05153938817418942
6268,0.012797845900122133,0.08291969239323563,0.09490416323222227
6269,0.012593441978145162,0.06056791666634958,0.04854583102782662
6270,0.012835206743992451,0.07388799471124328,0.016686899743077948
6271,0.012835103986822546,0.07343159082133095,0.08927764580269257
6272,0.012944488466704674,0.07659993666572762,0.06426706974069879
6273,0.012919939384749045,0.07142312862669763,0.050234631583131475
6274,0.01299468675281637,0.08991966307364613,0.09049213922359413
6275,0.013128829413526989,0.10012871068140775,0.0488236939524924
6276,0.01281591605337074,0.06680710546757569,0.028369920583843553
6277,0.012598796813268946,0.0628454161661347,0.041107762701231655
6278,0.012719680882596531,0.07657062684900265,0.050569552400108624
6279,0.012834898303637822,0.07837730497613764,0.04607205155413927
6280,0.013003359543006611,0.10318519943190686,0.06721461645547194
6281,0.012487666949503954,0.058344442560348375,0.028871958142027764
6282,0.012708690968921384,0.07924763455145015,0.07647190277702892
6283,0.012493692773599293,0.05535177442268568,0.09100153965272306
6284,0.012390925110321359,0.051452607974534915,0.01534702454004246
6285,0.012697147007704659,0.0847458843622971,0.08372880597003172
6286,0.012533863798476931,0.05721804521869398,0.0858083614407128
6287,0.012549654600315442,0.060747412985402274,0.07183539287284683
6288,0.012593809522110389,0.07455368893533103,0.10221099828465063
6289,0.012726209782822068,0.09751067132400122,0.028989793805674343
6290,0.012434258369423733,0.05745793861890612,0.056704217554046504
6291,0.012582567042182845,0.08164883206034902,0.059489602141973075
6292,0.012582273004178737,0.07833410684467836,0.058885084165641005
6293,0.012392621249272831,0.05686477760778088,0.05406604182800775
6294,0.012386969403401837,0.05782602811492901,0.08327003545670772
6295,0.012455301004665548,0.06281421665618418,0.041728462057980656
6296,0.012470041076219511,0.06296298619396899,0.07946412783359968
6297,0.012826628044230593,0.09349475262855354,0.028751486050746695
6298,0.012977216182805873,0.11096650042250729,0.03707238311934565
6299,0.012464076284213251,0.061339346049575826,0.048846760951793695
6300,0.012500139232935432,0.06782301571500506,0.04770103511122376
6301,0.012556343333750952,0.07138583255397371,0.07739548503023243
6302,0.012638422799959912,0.07663476857955576,0.0742378732367143
6303,0.012465755199461966,0.05880217823235677,0.03324832997601247
6304,0.012827280194966874,0.09617759418757033,0.06470817980271143
6305,0.012601114874964781,0.07262628035513535,0.07797027354631601
6306,0.012923180752242124,0.10371916705636426,0.05530503555155726
6307,0.012573862554314105,0.06999414253123208,0.0374100251438595
6308,0.0126955587725734,0.07564079334899856,0.07272799723313732
6309,0.012622842410601446,0.06900118781431848,0.08055508388082398
6310,0.012795741125599497,0.08195660773994468,0.08884640696444968
6311,0.012656281898822199,0.07508285927962492,0.0708867599820914
6312,0.012549504937351451,0.06535959723732147,0.08368770098471277
6313,0.01274411774312331,0.08260392496129898,0.08411966079646196
6314,0.012503718085422822,0.06112218439991133,0.05753031134257774
6315,0.012881781357170915,0.10175240729248555,0.05600613770526363
6316,0.01248660255341601,0.05706855877377583,0.04931581741415503
6317,0.012579725961921952,0.07573968394037038,0.05347709310888129
6318,0.012455430241587528,0.05514565941836486,0.07980057175619887
6319,0.012572629743350126,0.07738939750688976,0.057652660835515894
6320,0.01283653156147227,0.10928893971856932,0.052940887296861444
6321,0.012389953678778785,0.05444311180056262,0.045141917094800095
6322,0.012418386649792494,0.05819388729010053,0.09705175593583079
6323,0.012540645326942804,0.06229245418311377,0.06410267498726296
6324,0.012479910354391648,0.062395837853929534,0.019712066873132903
6325,0.012692406511189153,0.09310730858997238,0.07350986291756957
6326,0.01242232018830163,0.05897372926615191,0.04896132793789561
6327,0.012577399907256858,0.07540125580518274,0.06517201557060123
6328,0.013260834988778704,0.12536720583990196,0.027645838931426484
6329,0.013371540235209109,0.12985891177536094,0.04564190985239451
6330,0.01355169029701314,0.13317984243910555,0.057453487522194764
6331,0.01292936127234633,0.08112276693350699,0.055044074939517636
6332,0.012962070956571398,0.08003969934466476,0.07913771919059255
6333,0.012912438114232257,0.07540256140417158,0.09496954397209359
6334,0.012823612854196743,0.07502604076582971,0.0620380589649883
6335,0.012714122504876338,0.06714270409304364,0.026812672799166777
6336,0.012681437139397154,0.07670228742334506,0.04476487762171842
6337,0.012637921352283591,0.06832670380686365,0.03468068604962095
6338,0.012881167059615789,0.09504691339549239,0.03370769699926432
6339,0.01258740636184593,0.07090205551712268,0.04593650547013689
6340,0.012418823277840383,0.0600484056035844,0.023568330018176552
6341,0.012535502713120698,0.07317343043076446,0.06858382402054854
6342,0.012711583621003724,0.0946990203138908,0.05048366696771762
6343,0.012489233034616139,0.06614772667484793,0.03551884348672877
6344,0.012357217297620259,0.05115974760771761,0.04045810191355594
6345,0.012616007908123611,0.0820984974785243,0.07593317172218338
6346,0.012472875481904216,0.06754405428334598,0.041488082410863165
6347,0.012504855069091414,0.07670085720297327,0.02881998958700864
6348,0.012404250761647532,0.058173582164788885,0.03400883111374907
6349,0.012434114697481312,0.0589860372476028,0.05601005598286105
6350,0.01245490064710599,0.06502264214113344,0.038956107905181475
6351,0.012429604110446087,0.059067066520422484,0.08071539883236127
6352,0.012415921329367004,0.052737024647578984,0.06805076092002756
6353,0.012597960276183408,0.08368694053469682,0.0397774613535183
6354,0.012328375055687915,0.04912252959374898,0.060026869103433335
6355,0.012471984938145527,0.07182318809290326,0.06093468137339319
6356,0.012500697021852714,0.06438832778638436,0.02930628681981216
6357,0.01295388873987619,0.10948660552380272,0.03146703869586799
6358,0.012525013427098912,0.06721673518980383,0.046172920722016696
6359,0.012503908312629524,0.06053136329185141,0.051901104453956425
6360,0.012613939425862123,0.07399464515575455,0.05292827198026024
6361,0.012530930788804202,0.06242782073449505,0.11962103974682886
6362,0.012469745370822521,0.0612494566577199,0.08321683818304021
6363,0.01242334366467577,0.05605016050988599,0.042466443154783595
6364,0.012784562910613024,0.087307871886744,0.030037562912544447
6365,0.012551995207678588,0.06924093090018751,0.0634175548830328
6366,0.012401740181931537,0.057473222856133065,0.04142925453371861
6367,0.012587267976749963,0.0716332391521057,0.06430179680983328
6368,0.01234017744162618,0.05553643339215249,0.026057373120864827
6369,0.012436609664093903,0.06111105240218603,0.09008351093538336
6370,0.012544346469175459,0.07049164402562076,0.07514802216184163
6371,0.01246334471981335,0.06287567814247064,0.0732875745960639
6372,0.012470753851300581,0.06718956825532865,0.07265797864101269
6373,0.01233677587274207,0.05531381720323207,0.03160207404844744
6374,0.012377252164682738,0.06511481539281064,0.074825910505839
6375,0.012265143998823462,0.048445847647371816,0.08436843906804288
6376,0.012314130328661431,0.05088140378910128,0.06623773953389679
6377,0.012422611229888301,0.0583154837918505,0.04236849980072551
6378,0.012413085831840224,0.0552433369597204,0.03560593479308467
6379,0.012408952673639426,0.057466127774127095,0.02449082465096283
6380,0.012521794131672436,0.07375553342126949,0.037971775494855746
6381,0.012534198289120477,0.06289108419898491,0.05747151452927198
6382,0.012805903147195445,0.09783827397787022,0.06549595641337862
6383,0.01255957744331704,0.0686031043689398,0.05954226607826854
6384,0.012612674293238205,0.0804642342681301,0.0415065866411691
6385,0.01266594854149748,0.07980219261513957,0.08108530587840045
6386,0.012640340509751827,0.07845755469508,0.008730593291612592
6387,0.012935497060611272,0.11058499101511657,0.03777515125878294
6388,0.012560419711143798,0.07856889349585312,0.03147972114499464
6389,0.01256514715302095,0.0764967941593331,0.060235545023521415
6390,0.012797530678843932,0.09957951183489495,0.04267253046239457
6391,0.01241925766028873,0.06240032595219511,0.07519373086578576
6392,0.012413053855438946,0.05765591247765589,0.08016777407855627
6393,0.012332907459318455,0.052427021553701346,0.08858059663488534
6394,0.012473260535013323,0.07223009171033223,0.06452985314628006
6395,0.012380360558502532,0.05906163035206634,0.0412393594880227
6396,0.012497820276756008,0.06824506111352768,0.06701993737006683
6397,0.012354973516374287,0.05576264799591849,0.04509382182338695
6398,0.012632547307917645,0.08362946712832134,0.014457048189746675
6399,0.012338749154451486,0.054230415684357096,0.06986718742121054
6400,0.012410408020108073,0.06556590357586319,0.04843797298241259
6401,0.012656106878161839,0.0923326080860832,0.0554590827042803
6402,0.012462380756623643,0.06242301233935836,0.09199215379500675
6403,0.012330458716941705,0.05317493536805003,0.06772382196193351
6404,0.012418165898467282,0.06580998696290984,0.04476120368003162
6405,0.012455406200055974,0.06623181813768574,0.07237874984727094
6406,0.012607209262424831,0.08530656361032611,0.044003760019979514
6407,0.01244772888209518,0.05689831316090134,0.044387518842237454
6408,0.012450728606026633,0.05691985141733053,0.11031403634875646
6409,0.012540514936086001,0.06791538643770985,0.07859940971511287
6410,0.012440082947515044,0.05721740378563553,0.06750589312205377
6411,0.012473961688331132,0.06115079839212947,0.06531280699474443
6412,0.012585001655573566,0.07421807132003788,0.05196458597140787
6413,0.012487180598917284,0.06333472552653216,0.06750689756997666
6414,0.012453278369090803,0.05372627909264163,0.06735396118018107
6415,0.012475644762169827,0.06116522183991035,0.06563620689952882
6416,0.012658762750127886,0.08609377887954386,0.0346354420794961
6417,0.01253497943760127,0.07229679417644654,0.056287603928698644
6418,0.01230691293138298,0.047215017841877926,0.07556080313767914
6419,0.012414860079168321,0.06080698731767838,0.08213857639072061
6420,0.012586875128884262,0.07616571074459388,0.051935879539227334
6421,0.012513369816308783,0.07124402932696146,0.08541888142463024
6422,0.012380886573642832,0.05144695135876133,0.06421759298927728
6423,0.012562198104579933,0.07942222162483728,0.017646470579317546
6424,0.012434391170405559,0.061294933430155914,0.05937135877280625
6425,0.01289168670915689,0.10520030400429799,0.06707679708959467
6426,0.012796924858868365,0.09866129945611984,0.09799589401691992
6427,0.01254103973722732,0.07010063864682026,0.049371112593049694
6428,0.012588567348560089,0.07576978468636851,0.023548459952359945
6429,0.012419567218076584,0.05849202270716409,0.04106844352347967
6430,0.012460735010611061,0.06249861340691485,0.044276356739491936
6431,0.012457508031584097,0.061618005449069084,0.08096979643981479
6432,0.012502531454241211,0.06361394524216743,0.04895213032276992
6433,0.012622290215445527,0.07583959004516753,0.06103684984672225
6434,0.012666353157844845,0.07625402032212375,0.08108491711674011
6435,0.01243968413026113,0.05185397248226194,0.05216702990181734
6436,0.012681297534583011,0.07955673530287717,0.06749128561985572
6437,0.012673141204699884,0.07832617221648355,0.04094177983695239
6438,0.01291977405950581,0.10273852130962437,0.10500120826461153
6439,0.012550131265946566,0.0638521227975659,0.052221294817919185
6440,0.012713648656247613,0.0765529722084022,0.08825853603402796
6441,0.012568623983167427,0.06686362457981515,0.02314825472582011
6442,0.012625748050908332,0.06555619954513861,0.02074850527139825
6443,0.012728072216276696,0.07904826222758235,0.052426163099245825
6444,0.012635748482440213,0.07698633347899127,0.0632494383565581
6445,0.012463638587679099,0.060183345280640566,0.07629322139951786
6446,0.012491869980019572,0.06540760304755625,0.05496507665221158
6447,0.012509501046674233,0.06496432028342265,0.041147208519785344
6448,0.012462742793689011,0.07060848018844339,0.03558910714479595
6449,0.012441139436968078,0.062431365747738284,0.043655512186542754
6450,0.012482096935572236,0.05768678158904943,0.07746210441994612
6451,0.012803633211961296,0.08730404996738585,0.051424386645831204
6452,0.013120318253782777,0.11737018526743759,0.09285794432269723
6453,0.013138604394458875,0.1158566742659041,0.059694678286487356
6454,0.012769127287282956,0.08132247446880862,0.053021081948580906
6455,0.013077700176795574,0.10796636522163967,0.053738849551961884
6456,0.012660283365030861,0.07013231253299351,0.03258593552782415
6457,0.012751580816348,0.07690101452051573,0.05538575839751382
6458,0.01265788312047673,0.07050636803678852,0.03509313743749856
6459,0.012469959510715771,0.05524165474177761,0.048300201974951246
6460,0.01246714053784419,0.06110919719418289,0.06171378008171859
6461,0.012696937250334963,0.08897058715493279,0.09818974073917154
6462,0.013042185491867515,0.11330092857865535,0.031146551124562185
6463,0.013036418542429217,0.11291620427095399,0.0680219806874573
6464,0.012473005565391668,0.058073983582231564,0.02958999751258334
6465,0.012733922732711208,0.08916176166123603,0.0580063917432562
6466,0.012596128101904976,0.07039686713586014,0.0293644003254643
6467,0.01261364026528296,0.07182955994701624,0.0320028172981992
6468,0.012515566459386581,0.06397154822122154,0.024990914181894957
6469,0.012643473516097846,0.07167135666555355,0.09247670751618914
6470,0.012593106481447422,0.07360092729279238,0.04677761274226595
6471,0.012539685253813404,0.06254546618927476,0.06648078029337444
6472,0.012622567370921217,0.07281242763036727,0.041509666174993604
6473,0.01245939444954226,0.05860040243852965,0.059214456514131784
6474,0.012597067359549964,0.0797919692589467,0.05559273164085195
6475,0.012409306276553423,0.054624181275967534,0.05177159183008764
6476,0.01249977558394848,0.05705035599960729,0.031568158939028104
6477,0.012480978940986842,0.061289341423654324,0.05377914079344989
6478,0.012580716315891152,0.0764614807695342,0.04946875139329905
6479,0.012604506813371141,0.06784689492878417,0.06633759423998185
6480,0.012620661460256524,0.07770106366967888,0.06450425123873228
6481,0.012573122031212965,0.07664495327909222,0.04190290142849425
6482,0.012384814309031173,0.05354924889067786,0.03539893113983507
6483,0.012599902670515984,0.08017614187333372,0.07124062422913133
6484,0.01273966127665671,0.09625511771179873,0.05011676202098688
6485,0.012699239079055326,0.0894673867642456,0.07443929149803756
6486,0.012527151647456759,0.06718465730131493,0.07257576868032697
6487,0.012536004698647399,0.06723128951117671,0.02220795382754773
6488,0.012482255746396944,0.0575319797339263,0.06999523486139068
6489,0.012674582370286883,0.08150451292576431,0.04594333915938298
6490,0.012452082682349687,0.05185869949180107,0.0553825494999646
6491,0.012530229877258978,0.055914249869151986,0.09208155986123012
6492,0.01276141139769001,0.08901996542436785,0.03006576508944356
6493,0.012784411789067855,0.0769164584134947,0.0740252874851048
6494,0.01257971334869379,0.061392550599182784,0.053596777195281456
6495,0.012854429308096849,0.09047279760305608,0.10486382408414996
6496,0.012823897005542298,0.09046139217760699,0.09055528989277091
6497,0.012876534855227967,0.09311589924753014,0.07258912867524184
6498,0.0127961825747822,0.07448807767292125,0.03292053549471824
6499,0.012932610143376088,0.08212287180337334,0.03251581030027243
6500,0.012816829559387023,0.06810569393742409,0.03814836096883429
6501,0.012647821071923655,0.06355363126002372,0.0435616968917582
6502,0.01288670507837335,0.08939317530105503,0.10657193322556717
6503,0.012606176501617857,0.057933215137483396,0.053433321563844276
6504,0.012822262833536451,0.08284722782765584,0.07178775735327365
6505,0.01273182149267713,0.06575417668660694,0.025176066340662412
6506,0.01273197348958066,0.06718241280427212,0.08346694261985174
6507,0.012641542068052016,0.058491303953507344,0.06410050296322557
6508,0.012974128026698855,0.09925252002821693,0.08990550152398434
6509,0.012673873767145478,0.06131133863795425,0.04746224422404893
6510,0.012822465898593967,0.08354871129293931,0.05455955361612195
6511,0.012763503066123349,0.0776456511458184,0.04546274693031673
6512,0.012917712171350319,0.08706531964706028,0.06764452238750658
6513,0.012531237827556685,0.058525637179372085,0.011183673549938654
6514,0.012561195119306026,0.0713083924192825,0.018865512605802423
6515,0.012471233201766468,0.06193095815195719,0.06325160498358434
6516,0.012601364554217122,0.07602908625896959,0.07627948561003581
6517,0.01258670580697429,0.06861938174324163,0.07631454721178614
6518,0.012475551259097984,0.05705240417318432,0.05738264461473313
6519,0.012528601361571448,0.07103610157555977,0.03373701374254635
6520,0.012687557042274105,0.08743723402358149,0.06377100798688873
6521,0.012459385773501676,0.05917850899054253,0.08219253699956836
6522,0.01254494729099863,0.06579745585498654,0.044244344431809475
6523,0.012781276627717218,0.09698453223666753,0.06075127583498649
6524,0.01249518022618058,0.06124359884027215,0.047670349203165874
6525,0.012444221401413854,0.05767332814233618,0.042517013524740674
6526,0.012461024649473606,0.06722586877718091,0.08232234032683991
6527,0.012650696284214327,0.08811913870314887,0.10572658772917112
6528,0.012571371178633352,0.07441718571434076,0.07299988177959543
6529,0.012547225777097347,0.06796250219205706,0.022111871359107523
6530,0.01311557416389923,0.11664551747507927,0.05132532456857404
6531,0.014125571840666182,0.1793443700001291,0.07598795641199378
6532,0.01346802959572186,0.1374887486971481,0.06562652470284486
6533,0.013259140070638569,0.11775191155415038,0.09370906548988034
6534,0.012842050895663135,0.08419091735639296,0.050630670100771324
6535,0.012960325403147881,0.09243848877355365,0.0689318614649326
6536,0.012693137858729487,0.06684973201691102,0.03755471560803366
6537,0.01280614945991916,0.06963618183375374,0.07070870674005429
6538,0.012768060018928114,0.06967380244915128,0.04627122441480394
6539,0.012759800939821889,0.06794043830206756,0.02974385043392025
6540,0.012672157788514372,0.06960698216652102,0.05622829555652166
6541,0.012805713866597646,0.09409074361279818,0.04373270920679989
6542,0.01276019634451754,0.08778353914088163,0.0492582358577869
6543,0.012719488182375836,0.08476306917009681,0.0837465127002868
6544,0.012679436226264657,0.06862786863736822,0.028173015270883332
6545,0.012953826693044207,0.08864377014370328,0.09788426829439327
6546,0.012930158950629052,0.08089249698857032,0.08715391139421642
6547,0.012955263085036854,0.08407380013046503,0.07631419054742915
6548,0.012904490991381037,0.07650759739956661,0.10978899137181701
6549,0.012903514885126316,0.08139886076622364,0.057489961560287677
6550,0.012898408282111248,0.0836095044605253,0.06896339612586323
6551,0.01266177862811911,0.06533507908482657,0.0412673398892504
6552,0.012810257619820081,0.08177999152959145,0.06225915811434641
6553,0.012795296807866502,0.0898946339557284,0.0726144793533814
6554,0.012636751384384992,0.07368585183543355,0.06548028092780678
6555,0.012601281589675184,0.06309289151942506,0.05462310536334654
6556,0.012466151690249096,0.05557721804798546,0.07224258770440388
6557,0.012441023665246041,0.05496314333294494,0.0770310611797785
6558,0.012695332237281323,0.08736006562426234,0.06695268984889104
6559,0.012596825433482162,0.07131568437344343,0.1080664367084704
6560,0.012633167247834516,0.07533029846229379,0.05309185621865441
6561,0.012532826898854467,0.05907390530016525,0.07425589490521738
6562,0.01251485669968647,0.06183394348553735,0.027131054579120052
6563,0.012577104712969014,0.06512124149471574,0.045570195976657124
6564,0.012616825070253428,0.07191696611764556,0.0651589143576839
6565,0.012753605219734093,0.08431075056228214,0.09210987616828971
6566,0.012561245746331294,0.05867904140532817,0.10154673110127913
6567,0.012777592749620594,0.07812205506668277,0.09670611850452114
6568,0.013191456636472662,0.11226120552365604,0.09332744481966485
6569,0.01325882669024285,0.11888379307537165,0.0815402996033759
6570,0.013187805340809298,0.10936468347492238,0.032227237234950044
6571,0.012813884599369671,0.07970383131166427,0.055625947953453124
6572,0.01260535255979432,0.05533976894696496,0.07780991458374074
6573,0.012743447727759417,0.0818356541673011,0.04127332432178273
6574,0.012896271409265874,0.09554258044606945,0.0650788248326922
6575,0.01277204519285942,0.08291562494438783,0.04774972517306701
6576,0.012652330103592412,0.06628310640296643,0.04553237974712908
6577,0.012963770476013036,0.09633254997676617,0.04357928987064999
6578,0.012797658124278303,0.07078770101729534,0.041179062842768774
6579,0.01317832039011792,0.11693443339718941,0.05989682277289152
6580,0.012808877404877529,0.0816605897442768,0.028041074465164996
6581,0.012801974536497038,0.08181490558447757,0.06870253430443851
6582,0.01304923764363397,0.10047163391882641,0.05745320013995128
6583,0.01316020468784887,0.1130606498766421,0.06980778772653436
6584,0.012939429139967465,0.09217509135550535,0.08049702385139917
6585,0.012662016123622385,0.06189769790792953,0.04763436508131697
6586,0.012607999403380834,0.057419055195453914,0.09969634371508514
6587,0.012625287986717514,0.0616163606496652,0.07919240212314814
6588,0.012865877494609263,0.08519144801493952,0.037799090000487215
6589,0.013250581818882485,0.11525060802439752,0.05158262414174732
6590,0.01284346460961647,0.07291132947563606,0.06565957905688435
6591,0.01259863052707924,0.06194963604904661,0.025697977862053762
6592,0.012677282217831895,0.07114981839696406,0.08711537858947928
6593,0.012866020266331065,0.0977824953148691,0.044815284277265124
6594,0.012541815738912073,0.061036129702836575,0.06132016408993257
6595,0.012570768649149869,0.0661569693567878,0.044083498133754145
6596,0.012579085401441351,0.07272783520528295,0.033211602746900395
6597,0.012545240074055773,0.06863036888792957,0.059190809772492727
6598,0.012324568296457497,0.047271397462720195,0.023094987710823155
6599,0.012459576501892904,0.06584756568252133,0.05561141030339173
6600,0.012392555433767941,0.05680682028356689,0.05927629962389012
6601,0.012418285690184445,0.06267288440920456,0.07117237815457444
6602,0.01247621881151385,0.0665029421171095,0.07715765039963038
6603,0.012850998048740018,0.10152464926509572,0.053047394444852576
6604,0.012481039606745256,0.06950193632657697,0.044625393562867766
6605,0.012789191132538602,0.09269480435023299,0.09954035567686381
6606,0.012859419029870015,0.10151961545153591,0.06600383847392136
6607,0.012730397951183688,0.09198685690792946,0.09129895108950582
6608,0.012395338007740847,0.0500728698603161,0.043918623448947265
6609,0.012494832175640428,0.06255822908558396,0.0820126871311837
6610,0.01276788783888963,0.09443138893760662,0.057576842341377575
6611,0.01258973216686264,0.06875040972804235,0.06373887665826558
6612,0.01254410732722915,0.06366820115678398,0.04333474859665788
6613,0.012475630315196827,0.05839122850370134,0.024661409268058515
6614,0.012482999303611611,0.06461816170180032,0.09400141665687516
6615,0.012450704741463819,0.06136374288122428,0.06400290507129644
6616,0.012860036290016991,0.10251826120485949,0.08177759007076345
6617,0.012636523687991758,0.06902003098280424,0.05187603632908479
6618,0.012605870522977689,0.06996501023449941,0.08308509321539187
6619,0.012545067736951564,0.058346435794045734,0.06053459315203467
6620,0.012631324157985832,0.07433888186904172,0.07065067731774705
6621,0.0125172092198826,0.05912141880654032,0.04012826080295041
6622,0.01274483246854097,0.08726254388839919,0.04174845840024163
6623,0.012425600445665354,0.05020628474963982,0.03377680062303311
6624,0.01257951027397371,0.07223242858783846,0.10686057811801143
6625,0.012546930244396275,0.06776190438879856,0.04044428979038311
6626,0.012576012464415396,0.07255945961463721,0.038827667721802614
6627,0.0124584993560485,0.055047921470938586,0.07611077757421357
6628,0.012492787236534042,0.060204300816845455,0.07050477876137425
6629,0.012704672294822956,0.08569543546632075,0.10259677238663824
6630,0.012570523710307304,0.07398578125223541,0.054999252448225996
6631,0.012437933379390743,0.052973282706134155,0.03878944699426305
6632,0.012737863812872563,0.08610994688719942,0.03972710622999438
6633,0.013043567287607773,0.1139688548119256,0.061107468545907644
6634,0.012608338927866962,0.07243083044052644,0.05052798035476872
6635,0.012471631959915807,0.05707113103504619,0.018057876624514833
6636,0.012643974278051822,0.06617591364482675,0.13304140580573895
6637,0.012560595211361028,0.06250828094740879,0.045033637073496745
6638,0.012590832611531742,0.06042798103126793,0.034254732315816515
6639,0.01255240948768745,0.05632390802134832,0.07411649689053165
6640,0.01271399548292779,0.0842624137423882,0.07097625888611972
6641,0.012534698196513077,0.062189287051850874,0.0692858006265284
6642,0.012806101490786377,0.09865687757380046,0.04991550725822802
6643,0.012480970178619214,0.05603263758908546,0.06446598818215452
6644,0.01268342569646517,0.07947356898554069,0.03824020889981717
6645,0.013029781108565551,0.11423053533760792,0.051420784757828505
6646,0.012594507401876228,0.06756371761884242,0.04839250411458187
6647,0.012910493386863816,0.10547611776552396,0.03689091391719761
6648,0.013220769760719306,0.12590288882629785,0.06663208208330855
6649,0.013117247989450609,0.11180781673226536,0.08012128747802727
6650,0.01314997634330633,0.09962558797385491,0.04057459800894721
6651,0.012890624061208335,0.08648619904219616,0.06317091888656773
6652,0.012712381708532398,0.05986042792185573,0.07352540098723037
6653,0.012620755698804246,0.0567239086577679,0.06309615307895151
6654,0.012698033475732805,0.07107258527176384,0.07348159068743959
6655,0.012498748895357048,0.0609694581690557,0.08599111007774937
6656,0.012489997424324398,0.05793557244779078,0.07069182059727695
6657,0.012597102905186912,0.07079441854855036,0.0623230271154938
6658,0.012804881642576217,0.08808513709827287,0.07737534562859723
6659,0.012512642216418313,0.05379969727053092,0.04007025668633563
6660,0.01276416699312309,0.08340434101180275,0.05899439797058835
6661,0.012527117183437454,0.054514156509993784,0.055321078030359246
6662,0.012528367904592653,0.05831984524086715,0.04580665598622865
6663,0.012731233787352117,0.0806177331108619,0.037971684676552826
6664,0.012498435095844328,0.06096578443768631,0.04943078856374984
6665,0.012491122251067962,0.05649453741229666,0.022576445644426964
6666,0.01253522980454543,0.06516408648747161,0.04134049908787676
6667,0.012509591409320035,0.06025624783547309,0.023429005305654966
6668,0.012528165907274956,0.05782808654180453,0.05298483568594479
6669,0.012712524219061608,0.06518480293023177,0.07129518756055193
6670,0.012679770657204709,0.07151724267597023,0.04438504417076869
6671,0.012887600193860583,0.10071490959633485,0.052149859210557176
6672,0.012490980575161523,0.05582128101442348,0.04039118494842601
6673,0.012568256364376302,0.06541475138543897,0.0555550398189371
6674,0.012464656114141328,0.05908979414394064,0.017834910661716247
6675,0.01275952940824242,0.09473174347747178,0.06296479887510353
6676,0.012604206291855305,0.07570211091548268,0.05959916561562089
6677,0.01248475498084077,0.05217915411355952,0.0725214033133812
6678,0.012748680159302308,0.08752860682269228,0.03341014668769137
6679,0.012835207878298019,0.09442302794880947,0.0543548230354794
6680,0.012517311127010402,0.06203543865065393,0.036458676874645164
6681,0.012663409905487729,0.07524672175577733,0.05309195058000953
6682,0.012703043884569196,0.07859577009190388,0.05409298413679593
6683,0.01307443903018627,0.10988622384877839,0.09906697916575226
6684,0.013153659066063781,0.1136519767450059,0.061626379123825015
6685,0.012723357927054922,0.07148553154980014,0.07599287182370877
6686,0.012747459190504688,0.07273368701389561,0.039080946090363444
6687,0.01293365837515621,0.09392888014656076,0.05463204151134691
6688,0.012714775848261691,0.06818504581343798,0.08855285380169735
6689,0.012888263210528656,0.09359245421458272,0.07358327597708723
6690,0.012715464381763486,0.06752488069423922,0.0918249474311534
6691,0.012973772694208071,0.09012488377780871,0.032551486688425196
6692,0.012865610067345514,0.08289558555746687,0.01856378092900362
6693,0.012625744743002749,0.06272703423799239,0.042766873452376716
6694,0.012652037733647368,0.07037031251989874,0.0941600370540143
6695,0.01252174764553814,0.05734717267196963,0.0693294977536345
6696,0.012611852077977687,0.06767018857992742,0.037449040141751475
6697,0.012639212120335383,0.07073182932492014,0.05313939054693124
6698,0.01265436573002629,0.07322660389678023,0.1046442092628516
6699,0.01254466788139526,0.06604564994617604,0.07805029746691673
6700,0.012691774019615366,0.08177082718649109,0.02358717761509541
6701,0.012561878648554107,0.07210996666298254,0.06987192176943173
6702,0.012618887164516025,0.08220905374005293,0.08625222818798318
6703,0.01250299510014529,0.06541882311624718,0.04351685653014908
6704,0.012464523534983757,0.06581363187063069,0.06195567133988115
6705,0.01249515672002849,0.07277937780192117,0.05485570236177073
6706,0.012425935977604333,0.0647683314210528,0.051760673185213026
6707,0.012341865751691414,0.05390835214126428,0.08920011840405484
6708,0.012482907304274734,0.0654126247624687,0.04770428196081325
6709,0.012446588345471889,0.06023092749152274,0.04421886243723643
6710,0.012640695322159199,0.07204296388511602,0.0496901721851227
6711,0.012565859372391327,0.0652119502556212,0.06877776709970128
6712,0.01296437847783979,0.10367004901205983,0.06707742278641546
6713,0.012615774143419769,0.07013021926089948,0.05657333288459449
6714,0.0125328599541927,0.06579452446040737,0.09024345485283625
6715,0.012609337842046172,0.0735913344409255,0.07991254731609446
6716,0.012509260929061922,0.06736567205820157,0.05784252191200735
6717,0.012848887758864865,0.08869872266785771,0.038994076384938375
6718,0.01263040164973686,0.06839976489314237,0.057576814646680415
6719,0.012777852881516729,0.08348999318542982,0.0618802973979681
6720,0.012845693974177709,0.09473271559103538,0.0696732229187672
6721,0.013009521712072751,0.1108790250185539,0.05484886241384224
6722,0.012595193793587832,0.06896780531078094,0.04378294650594856
6723,0.012544624829572627,0.07048116659194659,0.022042564539757857
6724,0.012633820980984046,0.08783641133204244,0.04654797622162836
6725,0.012403004843973296,0.06349557573212081,0.01811537933614385
6726,0.012487469235435013,0.07038189494693829,0.04184912207854304
6727,0.01295504847768289,0.11981110903034364,0.062363438201146676
6728,0.012661622429941156,0.09028261908839857,0.04214203019299164
6729,0.012717620684672018,0.08288108821286101,0.050884409974470794
6730,0.012494865208595347,0.058210706549598625,0.05217777692218257
6731,0.012536408713984622,0.0681280023187332,0.046792248874989346
6732,0.012537839163565134,0.05984964306785691,0.08510714335897508
6733,0.012560640937329615,0.07390712417137278,0.05861317681506173
6734,0.012600188170098359,0.07923027515246298,0.09941723325683066
6735,0.012493963565131785,0.0667394078974733,0.08935399035364229
6736,0.012442476411095731,0.06197104299415744,0.04546855621156978
6737,0.012640659813193029,0.09070261584340782,0.04967713174416451
6738,0.012456490921602486,0.0726040464929866,0.04362726137615204
6739,0.012723928965228906,0.1006598967641863,0.0671905588626492
6740,0.012891968194969839,0.10763464854384867,0.06804646425870903
6741,0.012548294300321122,0.0713738402907436,0.02837693108683714
6742,0.012392833109328257,0.06173887074637815,0.05475791480059987
6743,0.01261554399742901,0.08378399772972075,0.014149483654932698
6744,0.012648475724499661,0.08650758005915844,0.04783359415300194
6745,0.012438495711408391,0.06030909093666579,0.01614461659590591
6746,0.012569703698235974,0.0773651527200404,0.052402653812539314
6747,0.012392620751289041,0.054399528220813134,0.08113976055685222
6748,0.012604141640419697,0.08589239909247409,0.06771889214788873
6749,0.012436925833295838,0.05710500765876149,0.043336328037144524
6750,0.012486800976788968,0.06485397673624974,0.08932061559824438
6751,0.012449880468464854,0.06531801149334031,0.051530198754608667
6752,0.012862062302264117,0.1078269372156244,0.042582861325788715
6753,0.012598126563505377,0.06983086329189314,0.03978215195781457
6754,0.012778410492710404,0.07314942804737835,0.03866590785221638
6755,0.012484627666750694,0.05944345388184551,0.05149151263621632
6756,0.012592663207206463,0.07078993817815041,0.10148909342466267
6757,0.012473155607671201,0.0605368263848671,0.024008083643015043
6758,0.012500067252610866,0.06745880098501841,0.04195181317306683
6759,0.012486453230016943,0.06713107553824682,0.08460970380505195
6760,0.01264547361189243,0.07556530003927882,0.05380541858939542
6761,0.01255646898336101,0.06203745125704001,0.05972335011532557
6762,0.012536082004554855,0.07306600282060505,0.025743911249224205
6763,0.01265801894997616,0.0922705432159919,0.04929878668660033
6764,0.012353778127452784,0.052754461593756005,0.05869542326421969
6765,0.012511183355680898,0.07258045597202209,0.07037411924973024
6766,0.012875642352163548,0.10015108713308474,0.005547040124795622
6767,0.012693266557352296,0.08244644603434798,0.05269328453973172
6768,0.012399390054554002,0.05379874717678288,0.08567325505116943
6769,0.012439561311808251,0.05946343156122331,0.05262992241466733
6770,0.012641848258767126,0.07639558855056569,0.06281659277694371
6771,0.012740823218476036,0.08486855086291847,0.13411751688819648
6772,0.012765965405819148,0.07633713760741226,0.013199640079996994
6773,0.012694325440253312,0.06671568785257448,0.11343312349383533
6774,0.01305735398642528,0.10996283239665743,0.060218973663478434
6775,0.01257736883014397,0.057372041778518304,0.09272674083826937
6776,0.012532254754214755,0.05448385517756564,0.06808174833072608
6777,0.012598890653160263,0.05975431771971276,0.030949810574664272
6778,0.012611383867786903,0.06272661174928612,0.053720359827897884
6779,0.012759932580091598,0.08102564044880749,0.05691855699623473
6780,0.012624313377220812,0.06410190450636649,0.0896240105928005
6781,0.012668327702365487,0.06626285787068474,0.07638829961995496
6782,0.01283519484610375,0.08767327378994938,0.029164882368437655
6783,0.012614756718907726,0.05947965478902586,0.037048161315608286
6784,0.012752876007973162,0.08171700886458515,0.0931496395356976
6785,0.012617553561973196,0.060582445530811366,0.04344989862646236
6786,0.012596024361486113,0.0583839990885928,0.0489873843049681
6787,0.01239236884933028,0.049111389406614726,0.022134575416042326
6788,0.012699183134186744,0.08946655139324876,0.05751974255671902
6789,0.012834803704213518,0.09566938323389539,0.05672444195816383
6790,0.012670048307764735,0.08163249701925879,0.06253816416787786
6791,0.012634367158714887,0.07205279308741923,0.06789678077160752
6792,0.012654869445841615,0.0781695220484733,0.10233664765779864
6793,0.012550545737016949,0.062102092178961836,0.048934852783476916
6794,0.012531955897647322,0.06803091142543337,0.04163801154900322
6795,0.012475242365701161,0.06896319006862725,0.0273297726094035
6796,0.01249008949185894,0.07544392929202054,0.04055505574784936
6797,0.012347397649376266,0.053326199671758424,0.04519893066078239
6798,0.012367808002602754,0.06099272176590699,0.07072213863934335
6799,0.0124693987056627,0.06903214707167105,0.04406926888938242
6800,0.012439453440182371,0.06534256842632169,0.061115156423696075
6801,0.012523521950722214,0.06719355083443858,0.08508807739955444
6802,0.012531798048049604,0.07268291730721656,0.0780841356295669
6803,0.01253610667080015,0.07522347067975077,0.044772668333577015
6804,0.012333997531463302,0.05572091072339708,0.0196591337210579
6805,0.012502358538306972,0.0776686558223445,0.06559856664147361
6806,0.012596365734491397,0.08557249378289934,0.08144071731942286
6807,0.012348086336592488,0.05991380471781661,0.052646666941339015
6808,0.012380377338343431,0.06382635339389495,0.02985527387885251
6809,0.012337477413525236,0.05124270496195879,0.06661415265577349
6810,0.01246607113034087,0.06988590642316832,0.07457359876388876
6811,0.012358281631903272,0.05378346896274799,0.1046662788758076
6812,0.012489996381912808,0.06914210482696373,0.04944017644869148
6813,0.012623881137713377,0.0856550000081657,0.07066538854068646
6814,0.012537222023881647,0.07771131272810335,0.03473916935533101
6815,0.012418652370299089,0.061855153663066625,0.09014024215925667
6816,0.012466088168769048,0.06060421587600373,0.029349735670750627
6817,0.012600954022414087,0.07280704670430134,0.07037967876808188
6818,0.012551552048184294,0.06071009765006518,0.038060980738735116
6819,0.012630295700433107,0.06702030984705447,0.06162770935943674
6820,0.01279203804545318,0.07476602614772816,0.06935980590200203
6821,0.013110026500350147,0.10043579676043823,0.045079639139519324
6822,0.012879553769600002,0.08284554310824038,0.050612127261588806
6823,0.013176972094147315,0.11190069099076091,0.056776792242800446
6824,0.012669415452209357,0.07068390257214492,0.04275251308991929
6825,0.01270836148923976,0.06844389100432025,0.06118315199437554
6826,0.012586022023043531,0.05935499673740956,0.06117338456354823
6827,0.012572084326298083,0.05715217700559143,0.07818820400400789
6828,0.012667549151123822,0.06532165809534678,0.08808807668026618
6829,0.012690580607429837,0.07123928755103924,0.06897764335566366
6830,0.01255538827876689,0.0563320792019556,0.07369764309276693
6831,0.012706232803515752,0.07888566687489398,0.017827863842433466
6832,0.012503023941828064,0.05759522682329307,0.036608226680359186
6833,0.01266064271746673,0.06810295042732853,0.026307690860040485
6834,0.013008862842218598,0.09223549924568106,0.03497697062212102
6835,0.013186106633203083,0.11152435758244997,0.05373655176305938
6836,0.013118842802643953,0.09975178923262536,0.05439277465144835
6837,0.013605872044353528,0.13636228511788379,0.05206024239495388
6838,0.013229124485571947,0.11009345790255526,0.043530311076446025
6839,0.01268213943747272,0.06990184375473898,0.032343888806914474
6840,0.012868316138085858,0.09501742435204907,0.06223477310672848
6841,0.01257213430921637,0.06772754846734183,0.02245363032515331
6842,0.012646405481766838,0.08046371570955044,0.04406769278293017
6843,0.012529246878255688,0.0640969090876812,0.06273598580205049
6844,0.012384482379110339,0.05506744313651808,0.03513264349574185
6845,0.012450759462080708,0.06654076606258669,0.07625199598486725
6846,0.012359416410726467,0.060992300420056614,0.02164674843839908
6847,0.012519817129265278,0.0836736133771618,0.09284409895080384
6848,0.012333607301890351,0.0527021615388055,0.04670891193222567
6849,0.01262944157976289,0.09304473952432227,0.05691759009683766
6850,0.012297126123529682,0.05029066380461792,0.038916110199959
6851,0.012489202385870977,0.07885129990993546,0.054133867377492866
6852,0.012832157458090899,0.10789141711912363,0.0619497506875029
6853,0.012475585394772927,0.07236643412589527,0.04641324367476859
6854,0.012516938763140138,0.07149545124362801,0.03291471202416217
6855,0.012627590799574375,0.08329811502371681,0.07686787791144181
6856,0.012678773385123653,0.08595557834682133,0.08250710726395707
6857,0.01262781121738668,0.087025558846266,0.0491314274895701
6858,0.012755561500303018,0.0973574165730056,0.038116225413950704
6859,0.012497300293487444,0.06445081938542224,0.0480065459510177
6860,0.012951766260484972,0.10861275957749399,0.061166215048900185
6861,0.012695921478987914,0.0720553088854787,0.07898311776349623
6862,0.012578097772602255,0.07217073565007984,0.07286239809295762
6863,0.012705220632215177,0.08913760050011289,0.06088112078170368
6864,0.012476645944797735,0.060552662964922156,0.031765740102958955
6865,0.012599772721746708,0.07380395863974826,0.024101579413518842
6866,0.01246308108700346,0.05415165329557021,0.04140197404793082
6867,0.012554120901849678,0.06385383845040783,0.050342076039659914
6868,0.012469156502360405,0.057575480503978,0.056327086577837825
6869,0.012738269255677021,0.08971451156804987,0.06778260003564306
6870,0.012566143322484654,0.06463963887823225,0.04274284733669345
6871,0.01250230503415537,0.0636022831075827,0.07823189200532756
6872,0.012518015104711271,0.062456818706740046,0.033725592385009724
6873,0.012648646071252394,0.08396024008602014,0.04298321184948335
6874,0.012669629523228728,0.07832672169657279,0.06802710868945427
6875,0.012503678108779356,0.057177542947806415,0.03190963983200739
6876,0.012546447685031912,0.06855047782161537,0.04850180488666778
6877,0.012775420772116877,0.08847897517488662,0.06612322283091572
6878,0.012456500133295129,0.06120714496825696,0.046101690052243544
6879,0.012641639849256064,0.08418137065300033,0.0778375502656682
6880,0.012391336259004552,0.05398955477969539,0.059263034112217304
6881,0.01250671493388627,0.07249557573393081,0.08252944547286702
6882,0.012405249972918241,0.05637414836838349,0.045955174695754546
6883,0.012445049643572502,0.060446453006817065,0.065310972353458
6884,0.012410706375257364,0.05957213759921795,0.06152977241989938
6885,0.012483231355314903,0.06757753723257676,0.0754816349319131
6886,0.012409947537077238,0.05446995530775523,0.02329199790727158
6887,0.012395131688881957,0.05179386651469134,0.08856467040715181
6888,0.0124922673690182,0.06627244848048947,0.04847810903683925
6889,0.012452963554063843,0.05457759020326422,0.033648870639982016
6890,0.012583692341436237,0.07116639121465876,0.06456875537559774
6891,0.013109602893320452,0.12069462703516173,0.09684671830711629
6892,0.01254675249950245,0.06567307385919999,0.05270776369737565
6893,0.01293354190039611,0.10281726902163352,0.05899791729451774
6894,0.012511525285576666,0.059208651683797416,0.03630166673677167
6895,0.012481755138024667,0.06448384723311303,0.12098205284821827
6896,0.012486115829120773,0.06072443774158167,0.0776226272652919
6897,0.012629850310625395,0.0822413303895779,0.0712291666087465
6898,0.012434158996786746,0.05921424291918479,0.01961300576567209
6899,0.012449746567148288,0.07001965338873595,0.08816915167841817
6900,0.012450356819181815,0.058787223478276376,0.026812543870006582
6901,0.012523624903153913,0.07230049701649899,0.04228629934157851
6902,0.012436960732270047,0.06138588231644708,0.05700839381726288
6903,0.012510291357258091,0.060923540366283974,0.03421892650413547
6904,0.01250620890657265,0.0679076996704029,0.06223998895553396
6905,0.012437027692593278,0.06037775067717414,0.023605981382831005
6906,0.012445454182180531,0.07140247463396615,0.04526172793475929
6907,0.012414311460307517,0.05940310678757468,0.049505837109846434
6908,0.012448298583144057,0.05685507309661459,0.11173157700814272
6909,0.012482002841180515,0.06011580654200192,0.07242524461530642
6910,0.012705056175082356,0.08146395864097467,0.07519364965586044
6911,0.012639708944547214,0.06295882307623406,0.029345139047767616
6912,0.012618916083634127,0.06286909484972662,0.006461706242265337
6913,0.01276690657596668,0.08149875134023223,0.07235942675933599
6914,0.012841864280796174,0.07507823241143242,0.02450458705068825
6915,0.01259918906363097,0.06159039461169548,0.03536459119051268
6916,0.012598688891994341,0.06695662007299087,0.05548587233567461
6917,0.01255739016889233,0.06815680080196845,0.004745415428344456
6918,0.01250592043657013,0.057501330418061734,0.06628377227086797
6919,0.01270671294093564,0.08634075982296785,0.07182169926657245
6920,0.012597773379890553,0.06655327039319946,0.056816725816202826
6921,0.012544143700175984,0.0683077004504275,0.07765528562837906
6922,0.0124712812933026,0.05883855320145644,0.08866370388137665
6923,0.012639841690406158,0.07973661642196826,0.04727022461109465
6924,0.01244026428518288,0.05383963065642891,0.06808819903353676
6925,0.01265774739873097,0.06611044055802429,0.026845575406927474
6926,0.01268621101795411,0.07317892837282651,0.060661013753968596
6927,0.012564742567769533,0.067138441645639,0.06109432479339258
6928,0.012923569820004779,0.1014038051874661,0.038924000845827866
6929,0.012807929841735422,0.07657763675548052,0.08330031918803844
6930,0.012593407214797217,0.06149602762276338,0.07374894193581485
6931,0.012547907386998404,0.059856255656625695,0.027750235339809012
6932,0.012721366320809366,0.08930254991349272,0.05535028391577986
6933,0.012564457118514364,0.06773011035745755,0.04328699800203671
6934,0.012793844469490364,0.0892301209478665,0.03313032367119526
6935,0.012832815845994848,0.07582328844503823,0.04481870621183506
6936,0.012689155673238662,0.07307598357554328,0.06701071470959254
6937,0.0126223022289066,0.06407219303500943,0.06272999015131868
6938,0.01266884443676918,0.07314919386236056,0.03947491735071571
6939,0.012717984943112956,0.07714917879036774,0.08788207468237663
6940,0.012517467769864945,0.06196047884308354,0.056706744536115544
6941,0.01288771548706845,0.09982085214492933,0.07539213258493231
6942,0.012651808899304118,0.06910015022259454,0.04987838843978194
6943,0.01271046454981366,0.0819198806632159,0.055725180819779466
6944,0.012578076879678499,0.05940368754804971,0.0818998352862735
6945,0.012536988442057459,0.054808380685963845,0.027290577861188776
6946,0.012502488214787548,0.06367054910046373,0.09710089514188658
6947,0.012675751553806224,0.0782070584744981,0.07035099044960735
6948,0.012644777453740107,0.07598308501166384,0.06714733352843226
6949,0.012457132487308047,0.0549523071360201,0.030614387086318313
6950,0.012487878375142748,0.06516993753991317,0.049360282909636406
6951,0.012429837639220386,0.059622370463198106,0.041552255699211144
6952,0.012801780027780355,0.09841270216750653,0.05058689737295776
6953,0.012521740254390597,0.06441087337910896,0.0421690551595628
6954,0.012694079548638649,0.07243668486264747,0.07248429804691185
6955,0.012865559804113169,0.08621650605800478,0.04815058446783217
6956,0.012792088260702925,0.0770854251779052,0.06406600504399466
6957,0.012734930742960239,0.07697289341290514,0.08245929477974795
6958,0.01259159826369295,0.06680285318424377,0.046554228407079956
6959,0.012413426650794632,0.057690927441880174,0.02811624089463657
6960,0.012631954506376653,0.08493340301299832,0.08855993423714505
6961,0.013003714735785111,0.11300430852565643,0.12454720394960175
6962,0.012467032223893735,0.06488062768085143,0.037502744498324365
6963,0.012591512409083357,0.07843657787007778,0.047037632826967275
6964,0.01276078966751829,0.08634451630823779,0.028773085810268374
6965,0.012675705244049582,0.06875167803542899,0.0842390285461464
6966,0.0128082142413483,0.08681860319161258,0.06461784442755675
6967,0.012825349476350223,0.09562433573526806,0.03552453105557554
6968,0.012641810666545454,0.07492423543014043,0.06955198175308079
6969,0.012776802098773708,0.08898625301388291,0.09270419530180729
6970,0.012575549830024959,0.06219720886581897,0.04120008734103897
6971,0.012539550464072551,0.06600729297043327,0.08900928831406274
6972,0.01250501925829598,0.06972791934634744,0.04522591677408951
6973,0.012820599161581797,0.10618096720422812,0.03953856399065385
6974,0.013413838906753383,0.1449414072726848,0.08194071974379295
6975,0.012799062683203117,0.10213408277706386,0.029202392397134683
6976,0.012511178469795058,0.07400518040057619,0.09956070758672853
6977,0.012392658395966141,0.05755703214549529,0.05683738176010963
6978,0.012437100396488739,0.056430696321474384,0.058110166945940685
6979,0.012572674356133443,0.06447900775402318,0.06029648867629708
6980,0.012853972834149557,0.09078256730551203,0.04229042492413552
6981,0.013025499409791426,0.11476484588660806,0.03382565120766201
6982,0.012968697927510459,0.09667826769035275,0.045733549523493865
6983,0.012851793574773202,0.09150175380389441,0.04208372728238104
6984,0.012525839326736767,0.061791659005524066,0.04574774898819502
6985,0.012620748390223275,0.06837274027838483,0.07613383071465807
6986,0.012744405322212533,0.08478739087150045,0.0696401015492697
6987,0.012524531521792087,0.06645069322531358,0.032807446877535326
6988,0.012588251992695167,0.06866355982833822,0.09146691837232164
6989,0.0129293292326344,0.10179242518895515,0.04798850372537312
6990,0.012548553202065793,0.06243460989172092,0.05556629218506003
6991,0.01246930937927144,0.06851439828134627,0.012856917315782526
6992,0.012472876977128415,0.061843200782810775,0.08978938163692435
6993,0.012684529289588029,0.08281017313633243,0.05123964503373016
6994,0.012525953360061726,0.06482222021440891,0.049780822437757825
6995,0.012559643332758759,0.07452867788765576,0.06066537989491096
6996,0.012454464815742142,0.058096481497432156,0.04014572846107892
6997,0.012520974317529614,0.061952322931410626,0.054222270027599086
6998,0.012521154372784565,0.06649302204686199,0.037258114885900535
6999,0.012401031097149972,0.06135534556513007,0.04789171856647996
7000,0.012673935176891714,0.0950899468183313,0.04492654204262001
7001,0.012392218672081196,0.05783518872896324,0.040526906338206554
7002,0.012568882612492598,0.07514794314436556,0.028794675267478944
7003,0.01277320945283989,0.08962200627594262,0.08307665709286251
7004,0.01284038807914191,0.09227308612214062,0.05992126168901499
7005,0.012489171469421087,0.05832261324635651,0.0675461780291825
7006,0.012509324977395004,0.058578815481703614,0.06451725775008707
7007,0.012935399692135068,0.08792332809745311,0.06040990934834058
7008,0.013530098047323452,0.1371041645738126,0.04432367004000483
7009,0.012678739741591758,0.07875653860123429,0.026748542217700594
7010,0.012576232870936552,0.0632150285692726,0.05351882677431552
7011,0.012601008488889594,0.0656356118958321,0.06501742944134392
7012,0.012565052723454415,0.06362032052202249,0.08281437391571002
7013,0.012506340621588074,0.06712083766914623,0.058748176109505
7014,0.012484700641280983,0.05851264259319271,0.04092312357070159
7015,0.012648498030350177,0.08134976931659017,0.09421345137942162
7016,0.012766525429034285,0.07696033491790802,0.029111807673545972
7017,0.012973034394050979,0.09255998023204952,0.05835022364239711
7018,0.012936878306679764,0.09614118629651038,0.06254588938034936
7019,0.012801002364627034,0.0778278827495435,0.04378087467689793
7020,0.013083865735102868,0.10218358795707098,0.1238181710230908
7021,0.01275701107968638,0.08114432141761127,0.017380964716093912
7022,0.012501803202956508,0.05718623258426132,0.025410607244481742
7023,0.012477712109719935,0.06642849065395508,0.04417615741416214
7024,0.01253591520253588,0.06284117869765353,0.01936884837056207
7025,0.012533436983687968,0.05899105183661671,0.06112338252809303
7026,0.012816477937597257,0.09005826102195479,0.030504695422051857
7027,0.012717796607772553,0.07138369990036686,0.04434477924196615
7028,0.012584959650306208,0.06235114160652825,0.0912333875672124
7029,0.012613175581817017,0.062179872588851534,0.11500745619333116
7030,0.012615119554390495,0.06122043674564347,0.06665433852623621
7031,0.012670903491193352,0.06789396739538617,0.12256551378526986
7032,0.01266008334637764,0.06401994448537873,0.05227610676663625
7033,0.012531972423012244,0.06062665316533864,0.03982300250712202
7034,0.012525271274664193,0.060167396152248136,0.07298257154415778
7035,0.012578498250232942,0.07291508141681007,0.0375408330719815
7036,0.012442991775167752,0.054799216610540616,0.04167343791295808
7037,0.012477934207739278,0.06304682952308403,0.10672880132397186
7038,0.012534802192171858,0.06916993209748418,0.060249666138484335
7039,0.012538186716204457,0.06780712405596072,0.051315154395909196
7040,0.012650984026304662,0.07656408701874234,0.07536115051191532
7041,0.01263768262956984,0.07119447864127706,0.057619561893612836
7042,0.012628782266307198,0.07135305550674882,0.05162607515798206
7043,0.012551948113079265,0.0625202641696683,0.031273679248418174
7044,0.012491531315854294,0.056745195617532704,0.06800046182740435
7045,0.012622747134977783,0.07606694175553054,0.06062092544193306
7046,0.012586772800747173,0.07312043100987,0.043677743332619215
7047,0.012498085292780903,0.060694717935211646,0.08428833386252282
7048,0.012539888364848043,0.06771302475071625,0.02647977961599313
7049,0.012468247522956062,0.0601527694086825,0.049617986819704786
7050,0.012396547241046729,0.05769879601790805,0.036384773409281805
7051,0.012478524575473134,0.06712133505164417,0.03144573149141035
7052,0.012337132427245804,0.05056050923862046,0.0567096803474491
7053,0.012356433476956225,0.05180100060974898,0.05964748379408397
7054,0.012583946839650383,0.07805121774351667,0.08975829227534458
7055,0.012304860781424764,0.04980589480664299,0.05103687943704791
7056,0.012518627760064998,0.07166694568194139,0.02128310030878814
7057,0.012685716699266531,0.08753704886927362,0.06609718515390454
7058,0.012358814534038328,0.052197689981310094,0.05631615743530962
7059,0.012544705562360843,0.08126330010422407,0.07172258194892252
7060,0.012367060222581916,0.055279581905730055,0.033673043055992675
7061,0.012355417235655423,0.05302722685794988,0.05015566733306182
7062,0.0125150014014976,0.07447077859512011,0.09002143075658056
7063,0.012353601240198247,0.05353789450165335,0.049217763964369124
7064,0.012413593779490549,0.05876958207271783,0.060416855907637804
7065,0.012469646945783402,0.06736821256571507,0.05580483130107274
7066,0.012549227182478766,0.08316383614797984,0.07849236905707455
7067,0.012491139199975668,0.07416232949608169,0.07329221909744384
7068,0.01260389498006959,0.08196226675852729,0.07594234876942359
7069,0.012647103216580238,0.08224993303969619,0.027484827530996642
7070,0.012416032855130012,0.061566198564860175,0.030044385871221643
7071,0.012376195189215896,0.05483712533786874,0.04480793877914642
7072,0.01278132752634855,0.09413613447253254,0.03039536295894996
7073,0.012579348657053154,0.06692364993609441,0.08309404338954945
7074,0.012583884119967005,0.060257944414082894,0.10743096951865877
7075,0.012768774956266642,0.07698576302329564,0.039547199170987146
7076,0.012679656921227985,0.07509708209259526,0.021571124453968204
7077,0.012428441827423841,0.05303015102513302,0.03259513852359434
7078,0.012541123141068167,0.06987618551227627,0.06752238438450434
7079,0.012756814569742935,0.09710685362975208,0.0445639270400328
7080,0.012606102945840612,0.08042372635480248,0.058685292018230646
7081,0.012382316734653903,0.0527375337377061,0.06312187773103668
7082,0.01258174346179802,0.0764619212887905,0.03155535765010366
7083,0.012539003309801755,0.07226141258021944,0.048754828870762025
7084,0.01270455396487995,0.07823783946748694,0.037331462814069655
7085,0.012860019114120075,0.08665786095264706,0.07727394132521176
7086,0.012940858280209952,0.08110653917384493,0.08830856370323044
7087,0.01292085159401795,0.0790757333832579,0.05907157267945123
7088,0.013426817412070939,0.12080438543180727,0.06357323194029796
7089,0.012952300949207131,0.09285061829168767,0.03715659197550148
7090,0.012630217121603548,0.06325248814899584,0.04092745476310396
7091,0.012746800217415364,0.07689582513525538,0.04479837357912267
7092,0.01328044396279468,0.12459179277237822,0.02761919486056297
7093,0.012978130597040173,0.11104466034484159,0.03922924717999796
7094,0.01276574877399294,0.08742847632496006,0.06261823283475716
7095,0.01255885458002776,0.06329701754286268,0.06221599046472153
7096,0.01254798902945724,0.06771177345434926,0.02801174049369402
7097,0.01271783752730287,0.08736095197788586,0.05068458448514809
7098,0.013116227220807982,0.12474807610412363,0.05549071640301933
7099,0.012533397661282007,0.06579505888443017,0.06444071798593616
7100,0.012695407935073703,0.07760262081717831,0.05342431041361955
7101,0.01256209429211273,0.06055112131313635,0.057680641250613444
7102,0.012678199037913679,0.06860577095261139,0.09610657495205845
7103,0.012762447573364043,0.08665753173418467,0.0725508978544601
7104,0.012814842147581442,0.08082536190530486,0.02280657553537235
7105,0.012781745927045736,0.08343509561978227,0.0658588187192986
7106,0.013154441719268316,0.1195400759384522,0.08410063189565467
7107,0.012689274983959083,0.07352217500153369,0.04906585084315478
7108,0.012573981192365597,0.06660908302416932,0.051066449019453994
7109,0.012640056969368312,0.07800382644000627,0.0482964495924407
7110,0.012499429356425845,0.06327653068398693,0.04891175557460153
7111,0.012637925185034853,0.0734905003975226,0.059515823251247935
7112,0.012600577496723804,0.07422605408078183,0.04282339658607242
7113,0.012812280772939109,0.09049974128622254,0.06825561849961026
7114,0.012507494528526265,0.06440005577315755,0.08750017724641261
7115,0.012583705534393298,0.07489402037738777,0.057111176536514874
7116,0.012481345250468645,0.05927380918354271,0.048668115576188706
7117,0.012747707969909487,0.08257476481156092,0.07410159582605107
7118,0.012739604558042577,0.0803529915709316,0.05619847616125636
7119,0.012441978062937231,0.05370604843575174,0.030769255149325984
7120,0.01252296675429036,0.06884919558759317,0.07264250006746792
7121,0.012471730500240355,0.0543025866852142,0.07514149812333898
7122,0.01275418932234097,0.08734983104937573,0.05430950720121283
7123,0.012520218609933745,0.061537676502419446,0.05722763527934993
7124,0.012751334934734966,0.08887770955711627,0.0695159434378461
7125,0.012453446948686801,0.054307794331111874,0.06515706985292341
7126,0.012568876285214426,0.06770252521122147,0.07332533531134501
7127,0.012642203808346424,0.08391826167546379,0.05112796863844204
7128,0.012371043008993056,0.050477514056502,0.044603541852338016
7129,0.012474747323560341,0.06512824532443828,0.10050473583888829
7130,0.012367345966428547,0.05226755163497863,0.03760748198488194
7131,0.012389149586020966,0.06073176165840367,0.05800875350556449
7132,0.0123957804791639,0.06433381650011054,0.0880822174131081
7133,0.012282768453667759,0.051279926767237,0.04591917691968948
7134,0.012373849305546681,0.05967528187791851,0.06395488307598494
7135,0.012403802627045766,0.0660758054333096,0.07513276581505361
7136,0.012756392198654478,0.1032591322855061,0.054318587236703755
7137,0.012473898519628396,0.07406745820528363,0.034029195533732355
7138,0.012455513095698707,0.07146167710016761,0.09210918151876311
7139,0.012389777673982262,0.05962310656803568,0.06223778961764965
7140,0.012499578175241931,0.07268192799370445,0.046682679331027134
7141,0.012433474417602754,0.06402230340816308,0.05659097841230103
7142,0.012509136432547346,0.07292153968944283,0.05477445073288851
7143,0.012593613480524918,0.08076648407243577,0.06991291243736954
7144,0.012509861097350364,0.07122890032462667,0.06538989789957463
7145,0.012479034298167558,0.06648078064592786,0.0374963412966501
7146,0.012463502302775377,0.05703507957997293,0.02032147129406086
7147,0.012498635538278314,0.06506067356744581,0.06965032413499544
7148,0.012553408398387965,0.06513228633284053,0.11437576348111482
7149,0.012797183100501697,0.0926199180747319,0.06992695115094448
7150,0.012561608654187298,0.07640013725651275,0.04918496447843814
7151,0.012480710875217738,0.06914324058870562,0.04141684520397896
7152,0.012412747854235373,0.05648947184232996,0.04834795624711848
7153,0.012344976227947654,0.055087689616840144,0.042994960299986014
7154,0.01255565972469363,0.07873936532953588,0.06973517970159986
7155,0.012378163544138909,0.054722246495153476,0.06410809873707404
7156,0.012535336093185235,0.07288762510152512,0.048417643193964584
7157,0.012598971348527905,0.07793414233260808,0.04538936277014479
7158,0.01237735154597305,0.05327301138412166,0.0894231518110047
7159,0.012510726238167642,0.06813907864012865,0.12409242820046917
7160,0.012467553656923777,0.06136270903032515,0.04566727101014251
7161,0.012421939090139437,0.057447262421585855,0.06475791401118479
7162,0.012622892480731694,0.08350297779276582,0.06543181363966705
7163,0.01245374393128505,0.06142900467614486,0.05075861730726112
7164,0.012674913070917462,0.08777263308658644,0.07124004615909489
7165,0.01237620425421211,0.05752616793659574,0.041737989919074354
7166,0.012402454222308488,0.06412009264813483,0.06591997840239043
7167,0.012387476471898187,0.05230507986424468,0.08647868222921802
7168,0.012522052387210611,0.07573115714425684,0.025063721403717473
7169,0.013014204109507809,0.12215789681835876,0.053617006046686115
7170,0.012640147086402214,0.08956377719097665,0.08788740318053972
7171,0.01255352348463872,0.07648651995584853,0.09260965353867558
7172,0.012454266450240887,0.06220590305772816,0.05158825390063739
7173,0.012476922984097078,0.0630115018098651,0.03123418167963811
7174,0.012589604596209322,0.0724470849843255,0.06570167137457834
7175,0.01273809062263589,0.08781459749455074,0.04881156561931977
7176,0.012828266876037718,0.09602201461538765,0.04824269361957444
7177,0.012968752840490315,0.10958956750855334,0.05071380352698274
7178,0.01264724545684674,0.07503808812098887,0.0490673520308331
7179,0.012635322536242811,0.07538620099218445,0.03555518220316577
7180,0.012426166788463039,0.05663855280430703,0.057597378089543294
7181,0.012455236465020812,0.06566983449296057,0.053417079280702405
7182,0.012398122526539749,0.06093293610437783,0.07497806457798147
7183,0.012430619552213211,0.060428488244899096,0.02250500795452487
7184,0.012534080328499946,0.07197296116146833,0.10628136731292386
7185,0.012597964540598628,0.08057467738434353,0.04693341930719088
7186,0.012409000884654452,0.0568410888615092,0.05557973355658414
7187,0.012548825484300094,0.07332168052362616,0.030037452017159707
7188,0.012474667180716827,0.06575277893360003,0.08648023943693997
7189,0.01271578400963042,0.08629238364568463,0.05688800121570842
7190,0.01256774832932668,0.06409693423968703,0.0566348662388167
7191,0.012410654717515762,0.05470266245553601,0.057598238348343565
7192,0.012536841144354278,0.07014038224369512,0.03718884809658799
7193,0.01256535184485138,0.06380319440215464,0.052667400264542405
7194,0.012545514394943369,0.06131222333588816,0.0861660092475821
7195,0.012597045652318496,0.06828581689883069,0.07627938522952506
7196,0.012817101607054883,0.10075378089430871,0.03932533252740286
7197,0.012422545916434349,0.05647922397463688,0.03615822911713765
7198,0.01268820632780347,0.09267082376279513,0.05608987740751555
7199,0.012416305499803472,0.058623406537867025,0.04362315025569827
7200,0.012645125499424823,0.07367761537379264,0.04079224743171698
7201,0.012660789914229467,0.07017161231939668,0.07515340520413881
7202,0.012659227873442631,0.06986619440905938,0.0393676055774388
7203,0.012467434475084712,0.05494357024193516,0.029318842530166457
7204,0.012578365583101284,0.07713860309430358,0.041979860125810675
7205,0.01241909517071229,0.05452130647127853,0.07139721676823146
7206,0.012545489945391813,0.06517554414761781,0.05199389953389115
7207,0.012431153333646291,0.05361527403540171,0.07194729245075766
7208,0.012654749042757962,0.0724009119654509,0.03250092165018715
7209,0.012517766323413492,0.06081166487589739,0.04972302989653261
7210,0.012604278647032034,0.0747025573423847,0.07610580277888968
7211,0.012473539061189911,0.05792379976440592,0.04378233716355393
7212,0.012417232094936068,0.05233248793965987,0.11501403035899427
7213,0.012463577072611459,0.06243559163113356,0.0587811434215117
7214,0.012421978521965296,0.059078958640322046,0.034841241435912294
7215,0.012449595709545845,0.05784945156255102,0.0447944993075747
7216,0.012641884221162952,0.07613000251124478,0.07194995721529017
7217,0.013273690736783042,0.13140583805347142,0.07064494227462857
7218,0.01279678094802719,0.08621572497837596,0.08008579733908065
7219,0.01263941995290214,0.07369046318218646,0.04394370639322568
7220,0.012509059237635761,0.05860862123092492,0.046142933554019015
7221,0.012496257363098716,0.06365563935062782,0.051511441825617024
7222,0.012638241424276142,0.08596916490266283,0.06809579419842492
7223,0.012699836663293261,0.08612159758300662,0.06585792497148783
7224,0.013103597040038804,0.11860547118587896,0.04166314823609844
7225,0.012806346946754409,0.08825135137166369,0.04841579349562663
7226,0.013433811626708373,0.13824532020874133,0.08175295319435115
7227,0.01320047988327163,0.12720515102377908,0.05953596165642948
7228,0.012619724498193527,0.07436400303839878,0.04098766754697666
7229,0.012435797888702116,0.05477040812185294,0.05765589343654895
7230,0.012584385860177185,0.0726081374806284,0.026133079124947077
7231,0.01238393432433948,0.05274010450320513,0.05524212089976361
7232,0.012416681776325907,0.059232944979183466,0.06433167803535414
7233,0.012318788884287784,0.05098468618954527,0.029863666560171014
7234,0.012353120527918381,0.059356875150873234,0.047466694037056105
7235,0.012399645547473942,0.06502098151584107,0.04364959442676237
7236,0.012359720478267828,0.05593127581235979,0.01804127712993528
7237,0.012563558167000872,0.07943120042887966,0.03353654959300281
7238,0.012652906513780933,0.08819772208208253,0.030170194866373578
7239,0.012407197953386549,0.05544244155617931,0.036635258118519455
7240,0.012466179851498579,0.05880384763771094,0.03765416868540208
7241,0.012757421479443788,0.08906228154668257,0.04498206311674164
7242,0.01272490821284191,0.08026480205007136,0.058315678330488466
7243,0.013323563978238329,0.1302119596382374,0.05440141145434687
7244,0.013307593713621193,0.11973773668515122,0.07929182094797176
7245,0.012751762630773628,0.07254737271275688,0.03848417346387284
7246,0.012730142303501718,0.06607272705534695,0.042732372128265875
7247,0.01281499942809766,0.07176814177826207,0.05455001578293276
7248,0.012757019315831583,0.07381050589939617,0.06973744106222754
7249,0.012563386633195143,0.07140912201172621,0.032123709492641914
7250,0.012473266174535695,0.0570087258851656,0.05913902879803894
7251,0.01265004337361435,0.07412441716260582,0.0463086526679164
7252,0.012516647694542802,0.05944439023726939,0.06696882915681628
7253,0.012616577739592025,0.07256573022330831,0.08144888380319064
7254,0.012561560110424634,0.06961503442426828,0.059333657256884165
7255,0.012436427921254092,0.05191467310672935,0.0599719937473258
7256,0.012554065586555117,0.06216458594040614,0.05593487076669322
7257,0.012579023848881534,0.06568506409095527,0.06962194632166696
7258,0.012545567762775836,0.060879521709416545,0.07995614244436243
7259,0.012502569563258098,0.06451780900876573,0.05999595793812965
7260,0.012530097488846917,0.06789796109990191,0.0693399224046066
7261,0.01247767046958824,0.06005462276541932,0.05553958992851613
7262,0.012558478110309227,0.07425925985628887,0.06448622748618933
7263,0.01275393836803014,0.08973256284510617,0.08980462159961253
7264,0.01252172520645455,0.06835608017639959,0.06560899813173435
7265,0.01243919405667629,0.05558913278705655,0.03862193027411858
7266,0.012498411006631361,0.059659177937405286,0.029157039966794925
7267,0.012721392867731973,0.0834812814829814,0.07181549560742023
7268,0.012472400538482366,0.06190778833100709,0.045504874233718434
7269,0.012676139668021008,0.0795421427726786,0.05336538453472496
7270,0.01247178126535512,0.057938110663134916,0.0620297865746429
7271,0.012688195604170897,0.08402778862375204,0.0497116064681607
7272,0.012555314174859148,0.06800400724117124,0.06913912155394561
7273,0.012544852610057517,0.06903775263548353,0.03782049328645852
7274,0.012543989030516452,0.06608067820626212,0.09172250894760016
7275,0.012681389644444102,0.07666963324286734,0.0603985028087949
7276,0.012792548877790244,0.08548208384773409,0.026134853626100133
7277,0.012613462650490322,0.06331301197726952,0.05088199536961613
7278,0.012614923214605188,0.06937332130112546,0.04101945520117213
7279,0.01268410398103631,0.07940212478131783,0.04889338415319189
7280,0.012474652257116163,0.05881100661082348,0.0857084875040971
7281,0.012417586946260013,0.058866697871049735,0.05699882338513854
7282,0.012793381889737096,0.10595478328587918,0.04857953455994038
7283,0.01236926409627202,0.05665799355861934,0.06808083847292451
7284,0.012608917050405276,0.0737041207683876,0.05638489738380796
7285,0.012786238709362583,0.08797908225240521,0.054770078788680045
7286,0.012528634100928113,0.07097145479519168,0.06443205358135963
7287,0.012933859746270052,0.09517056706792758,0.024964980169920374
7288,0.013140940284164054,0.11512734789393951,0.03875555087815631
7289,0.012787079049117947,0.08544983565220374,0.05976444001495471
7290,0.012705237429297859,0.07410034480455964,0.06589630104282136
7291,0.01240673078218899,0.05314291709715729,0.03408819271468178
7292,0.012658234051947898,0.08288564990497614,0.07119805984116012
7293,0.013059273632028292,0.11486705213293055,0.03184755865771095
7294,0.012673318469502272,0.08012393249517184,0.04235986797730415
7295,0.012604153638573307,0.0688304079590456,0.08781489522754289
7296,0.012589832531970787,0.0768235029198504,0.06567367078422756
7297,0.012844974563288333,0.09538152827275222,0.07450331282552415
7298,0.012551686157837364,0.07133694821281668,0.023306190874697815
7299,0.012783403128101584,0.09628313700750399,0.06874933433599015
7300,0.012766320260836963,0.09624716828195669,0.0682892515071417
7301,0.012783644799842713,0.09618162289319396,0.07969811167502178
7302,0.013524810906458674,0.14275830494005237,0.049328358933701244
7303,0.012908705758690736,0.09654644128412193,0.06457811489308107
7304,0.013043349420331786,0.11000660266255535,0.03899968794739555
7305,0.012660833586292641,0.08264606269543709,0.02471270457887034
7306,0.012452386791548708,0.060454465745170244,0.07694492965410289
7307,0.012593990428026114,0.08179531116198194,0.061322357868893396
7308,0.012869467834742333,0.10125634738903923,0.023674655511267868
7309,0.01247393967288367,0.06682911922036328,0.02325352050123036
7310,0.012431343815821932,0.06423213080739104,0.05244175927303882
7311,0.012408676914896864,0.054483676797262515,0.043279625766051356
7312,0.012711811547522834,0.09525795123933134,0.04309735775881167
7313,0.012710994488584563,0.09853788893562684,0.022156277865422166
7314,0.01253348269811149,0.08204975300470914,0.07531921122399138
7315,0.012449684372425007,0.06661558353731412,0.05774474369770505
7316,0.012681452493112592,0.086640780579571,0.056020552056696094
7317,0.012496301654041999,0.0674912970702098,0.02816540742513672
7318,0.012521681926219485,0.07337135653838361,0.05838405970146753
7319,0.012419347144409572,0.0636897648251081,0.06375527805433885
7320,0.012393126087475835,0.06297299067434935,0.0736761064700233
7321,0.012437412649152503,0.06184011736342271,0.11106082278267876
7322,0.012461994789942876,0.06828134629786499,0.06400441323331037
7323,0.012361379164610298,0.05362031239295414,0.047540338130028253
7324,0.012399046099332608,0.06001767731909443,0.06558057767878994
7325,0.012278558072242287,0.04640657629108403,0.0560051652005813
7326,0.0123353886637529,0.05139668298051431,0.05251832280746216
7327,0.012389288435363594,0.05224380851804303,0.08761267823114535
7328,0.01264877442151399,0.07887212551589184,0.04254573634255869
7329,0.012430392985150947,0.05525463847643911,0.07663359911030267
7330,0.012467992574887435,0.066115478536271,0.06892939579151885
7331,0.01234572368690861,0.050807366135958806,0.05499168898389164
7332,0.012514708895158646,0.06298471851604794,0.10321916208659579
7333,0.012572406722366227,0.06539959884724993,0.09137377712495504
7334,0.012481752936071604,0.06368766569268755,0.03090726396876029
7335,0.012464930252176057,0.06530230788560787,0.0728829070986369
7336,0.012655641675311325,0.07828736560457739,0.05361918345286586
7337,0.012771722889390746,0.08924052357195045,0.10308295743291526
7338,0.012632876056834311,0.07417151637025005,0.06169396340825381
7339,0.012819825982329443,0.09300030968209456,0.06400927758208375
7340,0.012419880262640981,0.05338833718421893,0.04569126373574709
7341,0.012618887422120513,0.08096586372337715,0.05258491463879297
7342,0.012543181556391824,0.0661325618814331,0.07224001326262379
7343,0.012489464530224889,0.05509700791979612,0.04318681127226813
7344,0.012570925588170072,0.07164735808646713,0.033972200756080755
7345,0.012409778226707786,0.0572621678466512,0.06553049609471082
7346,0.012521472905826026,0.07305883959983545,0.034086602305588375
7347,0.01248941837801334,0.06247009610694763,0.07991391661523232
7348,0.012534892346088948,0.07066049643758891,0.047281739091861244
7349,0.012446258540601416,0.060589164333076505,0.07154418211012878
7350,0.01260104454432027,0.0775272665061414,0.07463858390994944
7351,0.012463969391104857,0.06042859214471101,0.06959628449503745
7352,0.012382286230121697,0.05736799667855668,0.01951655212962849
7353,0.01239816398465079,0.0558927551688057,0.0655252929934198
7354,0.012698648304943872,0.09786822701946996,0.0841687381334174
7355,0.01268030031500985,0.08944134885534252,0.03394454389228939
7356,0.012842130424826934,0.1127350976421178,0.04824828061225084
7357,0.012367351022407711,0.05962647691414479,0.027747141786160938
7358,0.012411156108428576,0.06791752629284034,0.08491718360600524
7359,0.012410788901506065,0.059481790336450215,0.0494855987279106
7360,0.012490775002185836,0.06278018645095826,0.14507389131573126
7361,0.01244173672575658,0.0540768126191882,0.08066928990392826
7362,0.012527960256208306,0.0715470534684631,0.05054355975911371
7363,0.012599563597560582,0.08321324820796838,0.05772614876756085
7364,0.012609153587746882,0.07443664101114957,0.03438234586230103
7365,0.012594936986123234,0.06563344497815463,0.05719396054186929
7366,0.012662487603280795,0.07729831736697179,0.024979527683275833
7367,0.012608625727824365,0.08319228411312403,0.010086567661518749
7368,0.012419648176589445,0.05184606490979518,0.052103321566742765
7369,0.012632675647382447,0.07671482226874166,0.048004946120409474
7370,0.012569614079263849,0.06765268782646247,0.08412251309765843
7371,0.012421222733904233,0.053317481736097655,0.00015169879675423962
7372,0.012532398025195362,0.0668728182732804,0.07839555468018872
7373,0.012359392081812292,0.037410671703375,0.05587905715144503
7374,0.012565720653627372,0.06617218320985122,0.07201984087700668
7375,0.012486857881978935,0.05290308671688062,0.053950821094400817
7376,0.012435613127014628,0.056012878087022086,0.03589071770666543
7377,0.012470901418565224,0.051649624449591605,0.0812697007802015
7378,0.012521461804365336,0.06857312210991463,0.05559239555420547
7379,0.012538267114754467,0.08022852245235328,0.03808965349065577
7380,0.012383128549711566,0.05713327938822309,0.040066170224577556
7381,0.012329179993161504,0.05240880339427983,0.05916809875250476
7382,0.012340822986807314,0.06478483127078459,0.060049246481039785
7383,0.012151580990930434,0.030366478509819335,0.05057441536366188
7384,0.012170034241240359,0.030479489311387022,0.06349958612344388
7385,0.012242250833759035,0.041662532682357,0.10293661947876648
7386,0.012292249150529795,0.04338581331259605,0.04295208240782453
7387,0.012303001458039687,0.04187586865017445,0.09373392015028588
7388,0.012537658253255972,0.07477544170216459,0.038955245214521116
7389,0.012451874802193829,0.057644357343666984,0.08706813968812907
7390,0.012511462068900048,0.06854727907956086,0.07236249488584594
7391,0.012464506285551716,0.049341270312745523,0.03152341746842387
7392,0.012648622619229204,0.07581799271405026,0.047065095448898794
7393,0.01239515944046332,0.048352140059677105,0.035436064849339345
7394,0.012651070570544248,0.08106187533209068,0.04977629338055524
7395,0.01238055512174549,0.04427942005864963,0.0462390169960784
7396,0.01231480467560866,0.04518903247743742,0.05931490380562781
7397,0.012459723165138617,0.06497156454518403,0.060318022089745175
7398,0.012368038441361782,0.052759443310082164,0.08791031502422493
7399,0.012691495925871136,0.0903351361463793,0.06941498847364289
7400,0.012387616806777026,0.04895666252198307,0.04870694942438099
7401,0.012399313611922053,0.06529617276842317,0.049229082757840305
7402,0.012636306417227017,0.09182192804348087,0.09311466107291538
7403,0.012323490886930643,0.0509581427504834,0.04719120561622715
7404,0.012240619507211063,0.04032939160972156,0.06657805291767356
7405,0.01242821843729354,0.0605624017967142,0.04281722853036034
7406,0.012492041894817564,0.06588945389491205,0.07915021336454173
7407,0.012231287209893728,0.0380802055938671,0.042479432328756776
7408,0.012220599880947564,0.040902634184468246,0.039506996667688574
7409,0.012196316604550507,0.03395956736206295,0.06753094350062532
7410,0.012188825973511798,0.03157487833871625,0.06155504620629274
7411,0.01223871141618216,0.035046435706913334,0.10530660702342992
7412,0.012218249861457942,0.039525164648318,0.06435025429456931
7413,0.012319408141378226,0.05546242891990046,0.05089797917483197
7414,0.012359722017113802,0.06067700875541255,0.06725824661870397
7415,0.012240788286160112,0.03998118198923484,0.06951518246974792
7416,0.012340022295541132,0.05685004501876652,0.05589053052901266
7417,0.01231079654292153,0.05223115659503292,0.07111731359562692
7418,0.012188626959153955,0.02985915893565378,0.035708380278220896
7419,0.012188710279687995,0.03828350363359444,0.07884613906815152
7420,0.012639220345408935,0.096944265940736,0.05881846546841635
7421,0.012391452598658039,0.06897240703219022,0.03601288223145165
7422,0.012960984499300988,0.1201867771823066,0.10112036476465326
7423,0.012390659995594617,0.06018079698942221,0.03080165418053007
7424,0.012371882696062155,0.04622381514527975,0.10654405726929295
7425,0.01251588336784497,0.06015303274380291,0.061195280106450145
7426,0.012781362181355322,0.0857849268233702,0.06471552322757926
7427,0.012486909195632945,0.04997333983788455,0.06421598753057793
7428,0.012468316527792164,0.04665226841162067,0.046233647935193654
7429,0.01246122625511266,0.04928794708174292,0.07231715132730202
7430,0.012873925563576982,0.10246857437572587,0.03978860101246066
7431,0.012971263897681438,0.11242571555783572,0.07186251987306483
7432,0.01243539875489052,0.05667912705402672,0.05357138491841835
7433,0.012416242089927254,0.051952846920080314,0.09194934708253875
7434,0.012397898649166978,0.04397819982165397,0.06796749490980102
7435,0.012506845885299092,0.05034994899528967,0.09380567944665624
7436,0.012708724450958738,0.07977997796682948,0.046916254616679004
7437,0.01247767497263494,0.05879122760373804,0.06355602332100231
7438,0.012386710773802056,0.041360994014571696,0.060744180205074876
7439,0.012593021445521229,0.06803555320181812,0.048714948370976924
7440,0.012815207627806241,0.09562361635142778,0.06761715586751736
7441,0.012466401127226443,0.056684092283131524,0.07066215327146505
7442,0.012384630158145385,0.046211966819904006,0.08467716326374758
7443,0.01240860517067562,0.06310605181238085,0.02491881301249814
7444,0.012242949381822825,0.03872873126403989,0.05471042293676477
7445,0.012265828484909773,0.04196791516124321,0.06538450603927443
7446,0.01223632818950063,0.029204551028227558,0.03841607383350408
7447,0.012552556161506093,0.07829798054341193,0.051670115175967056
7448,0.01237240180603322,0.05530474723642549,0.05965343958511201
7449,0.012533766746156782,0.0786308176987387,0.05852855319934547
7450,0.012427469081284781,0.06711586362507681,0.04635494510225146
7451,0.01259074783687861,0.08543153230490425,0.058008688778392756
7452,0.012292989155054062,0.04305745218121103,0.029511149464948976
7453,0.012504834155379448,0.07313554206744663,0.0905168420139848
7454,0.012648785243377961,0.08415966967352612,0.03846883897368108
7455,0.012599242866980092,0.0840698414466365,0.080966921893488
7456,0.012408532716347833,0.05753102255445456,0.0463082199901615
7457,0.012298018064098202,0.03980132479760699,0.042370129210850864
7458,0.012676206181627377,0.0914361309069174,0.06579901785852847
7459,0.012291889731972273,0.04120117873159409,0.05372539020631925
7460,0.012480035917398134,0.06627640654343689,0.0695097751165432
7461,0.01234477835959313,0.04296133576734586,0.056608338312811333
7462,0.01246030151412897,0.06793434215578512,0.05201129405623865
7463,0.012282404719956546,0.04170437759233063,0.0758033407347507
7464,0.012252243734359135,0.0383020389029258,0.06302260222635914
7465,0.012409884939551466,0.046619936663230506,0.05045430018648646
7466,0.012310728610511865,0.04452444368562411,0.09497300974341484
7467,0.012422653476494553,0.05345786334102193,0.07824799709038381
7468,0.01258536282370205,0.06687348972416057,0.0418294149007371
7469,0.012943692249555981,0.10719205488074948,0.05858241562266042
7470,0.012545982441187084,0.07870788764326737,0.029179842132643435
7471,0.012279358382084885,0.04543260616899761,0.06354339409312136
7472,0.012263852532295855,0.03854965940761442,0.0786095758664088
7473,0.012461737992382912,0.06288931513120642,0.06116046529263375
7474,0.012564711701923222,0.06536732754515258,0.0647377905628603
7475,0.012493322756039127,0.05407643484519445,0.08207917869793603
7476,0.01258395936827848,0.07748548641197871,0.06641973333067447
7477,0.012352004408854715,0.05253643901070207,0.034845786355123115
7478,0.012557346766005523,0.08211193017719164,0.06448779416500415
7479,0.012236510129119124,0.04108127117613373,0.04768891971788312
7480,0.012534112673703069,0.08602833376415282,0.050253516018778976
7481,0.01280564474469436,0.09865498003007793,0.0776477566677045
7482,0.01288960052244025,0.10473291778649156,0.04414268608700815
7483,0.01247905606180958,0.051782814819873686,0.032921304294465166
7484,0.01239531457929351,0.04686012764632193,0.0781978598913641
7485,0.012411642241801598,0.04694018061551318,0.05624886938119451
7486,0.012379250073375208,0.05147172188101684,0.011727417962152254
7487,0.012320655257065553,0.0432127345151766,0.061006168230750994
7488,0.012683949008806334,0.09041882653692837,0.04725221640518831
7489,0.012453852580112314,0.06267715312133537,0.03972756203865223
7490,0.01241983354377453,0.04606327103435232,0.07949948209216223
7491,0.012553601563413102,0.05609107911820645,0.06594729156911712
7492,0.012739238432705004,0.0638903477620225,0.03860516440940466
7493,0.012646694697080924,0.05913495034827177,0.08824619208435153
7494,0.012715175981859715,0.06828756626357828,0.09896099601209991
7495,0.012854014823921716,0.06788105791100221,0.035764895242853874
7496,0.012875463872810397,0.06954436935813858,0.07897004104179815
7497,0.012785846790888206,0.07263766561930836,0.04652321496634719
7498,0.012649674427407697,0.055695794735976356,0.08277949740449683
7499,0.01283894494352793,0.08556789459569529,0.07462611950909502
7500,0.01263678398539732,0.058589969098951616,0.05401233049700548
7501,0.01273453419504723,0.06963943614386602,0.03845959479505976
7502,0.013007870588677225,0.09591767950764422,0.06547978950437865
7503,0.012626644139836917,0.07334820901419581,0.049924693542876326
7504,0.012693501093682898,0.08992537782938773,0.10418846814130721
7505,0.01238403799680652,0.04818343852978829,0.04747982015654574
7506,0.012849566024983156,0.10071407603917792,0.0489783081918162
7507,0.01238417485681869,0.060047638717470826,0.02393682045428139
7508,0.012511940537021175,0.06780606010042184,0.08203528816727831
7509,0.012401071134982528,0.056550016005469994,0.013076694594366937
7510,0.012436618758759396,0.06827139998336261,0.029141614469010972
7511,0.012465146658449656,0.06778228269195619,0.047537616083541206
7512,0.012362153534377722,0.0661914813264617,0.06267104228230878
7513,0.012309515258304248,0.05014889066413419,0.049813713341967304
7514,0.012449756524649008,0.07346791493241543,0.05560978048386522
7515,0.012198300217421397,0.031229505597061395,0.07882987886142498
7516,0.012389651533006779,0.05611995835454598,0.057004143969983524
7517,0.012382840783575946,0.054970764469079336,0.037969322262711755
7518,0.012268804541449263,0.03579507875576715,0.08054408309306936
7519,0.012282862504466523,0.04342720214440162,0.06889374664141763
7520,0.012357225855842414,0.046096252549290374,0.0545981719766054
7521,0.012329156801047403,0.0424068536276953,0.03742933027454973
7522,0.012396529493066676,0.05607740093056808,0.06207371109116662
7523,0.012469630196096326,0.06307565719564477,0.028006733606782092
7524,0.012408840450365778,0.06114740542415006,0.03684687659130675
7525,0.012470843975918815,0.05462236371798415,0.09762388144303437
7526,0.01230823559077439,0.03738969045561313,0.032620104571367305
7527,0.012363358319078966,0.0516692625501969,0.04189181686294107
7528,0.012518263249913342,0.06529743131958257,0.07330958066262276
7529,0.012653435922760841,0.0714268990922674,0.0020175530601409214
7530,0.012691938805001926,0.08010210859458454,0.0705046114690445
7531,0.012769512874293785,0.0822390267022753,0.06247131103431144
7532,0.012388122007325983,0.0456202813842989,0.05044358262491139
7533,0.012701223159810687,0.07773814644995868,0.024424463462685352
7534,0.012381323765937976,0.04734128514178964,0.05115245755919008
7535,0.012502255320986854,0.06969179860123605,0.06473593215259364
7536,0.01223753129298777,0.03415501965691222,0.040702809526080824
7537,0.01223708698015612,0.039762123549106396,0.06688154671275835
7538,0.012287733520061168,0.04327808276391789,0.05888831637856429
7539,0.012208705309055292,0.03457226878563371,0.052199705891027084
7540,0.012354401828015563,0.05900223145758709,0.04870477185632459
7541,0.01235053578323869,0.05344765298567481,0.021264601650867365
7542,0.012294324704030725,0.03938803320530028,0.04752796133546888
7543,0.012456868960856703,0.05782183747614703,0.091154619383692
7544,0.012327512047383369,0.04291686557824605,0.08826792728266733
7545,0.012468382131558152,0.06340173386814686,0.09211632785980257
7546,0.01263462879818465,0.08712873966526331,0.04112321707470218
7547,0.01237254821293077,0.05145082584907706,0.09249497277484783
7548,0.012219470784153363,0.030421178742585857,0.04780091528451646
7549,0.012522881951646877,0.0727632176664108,0.032732741531936865
7550,0.012732669263504253,0.09785009488013013,0.05136398322718731
7551,0.01239950072275635,0.050610569492779166,0.03198890081955764
7552,0.012548210382576811,0.06756194647859631,0.04765222026306024
7553,0.012433563696744943,0.052670756580100335,0.05793934854379567
7554,0.012659044294877747,0.07527210795637296,0.049750683161642925
7555,0.01234080316214789,0.04357644362297006,0.017302468264807278
7556,0.0122301379965198,0.03207475329589862,0.04669204428533498
7557,0.012358056167684353,0.050991776790913775,0.07615661922763986
7558,0.01238355746931267,0.052773950726441886,0.10651915899211609
7559,0.012566536003710202,0.06974531535264665,0.053049294534437935
7560,0.012414977587811913,0.05781416010660524,0.05515717697198571
7561,0.012372011539686457,0.04174759043525129,0.07960752802672519
7562,0.012433903818674742,0.0575498412477328,0.07925146809070527
7563,0.01263150097980054,0.07945916642843581,0.03166730255796404
7564,0.012429519922112702,0.0601819343768096,0.03560969195346413
7565,0.012289329484078815,0.03501698518250768,0.05753612123488695
7566,0.01225281530414167,0.03255464096942464,0.031461206028943124
7567,0.012416563003373439,0.06962529846992291,0.07572338588699438
7568,0.012268208692840591,0.040891316974124216,0.07895563955087069
7569,0.01251142856079469,0.06934085536660975,0.06591610342499268
7570,0.012519492224099853,0.06625402139685199,0.025137872871667303
7571,0.012358006760766439,0.0492674983530696,0.07084292372372797
7572,0.012460189974261628,0.05636539630863023,0.08660224955871726
7573,0.0123766455170689,0.04491905136119949,0.0635189834708258
7574,0.012710406107573074,0.07912334360224522,0.04061952518254354
7575,0.013321938395930651,0.12622077432684334,0.03199162414462451
7576,0.013714015736108441,0.14811302940587695,0.0385674603619136
7577,0.012882062797001435,0.081206419855956,0.0513196848960847
7578,0.012664889010357715,0.06775173356634161,0.0330275143279523
7579,0.012985717260473753,0.09970958172026882,0.02515644335926515
7580,0.012737857747275053,0.07441864862855968,0.05369652109850438
7581,0.012408641483221556,0.042648460781500065,0.024300313583546528
7582,0.012336505922437116,0.04508309687648996,0.045572276680260676
7583,0.012524375194041136,0.07183537374386299,0.0711246115595944
7584,0.012511952014472543,0.06361651858900426,0.03624273256520289
7585,0.012822296904356194,0.10285159578710973,0.049451048530913845
7586,0.012503620138483372,0.0636890128354457,0.06205743700883167
7587,0.012620563409175027,0.08033751334237332,0.03941791430461683
7588,0.01244100126387387,0.05918856383597787,0.02737879372593352
7589,0.01248641138852897,0.06896193476470314,0.04273069897512655
7590,0.012325752127565608,0.04611334421655859,0.05703031289515252
7591,0.012340694751292224,0.05219456937637499,0.1092718726401989
7592,0.012291373198823856,0.036592863682455325,0.07049845725341546
7593,0.012332926031545498,0.05265104016368433,0.06327658917361313
7594,0.012269072334912118,0.035187569225848224,0.06893458168072325
7595,0.012509051046731834,0.06264337746236442,0.07338518470831
7596,0.01238244597691994,0.04621114798048628,0.06324141175321861
7597,0.0124684709140674,0.049509142083576506,0.06135903714199606
7598,0.012547319552657872,0.06244500250926805,0.05541820630514088
7599,0.012853060980637437,0.0771419590792847,0.040567572155040456
7600,0.012502270010980266,0.056855003229475176,0.04787550325427074
7601,0.012512366162568638,0.05739202489800893,0.005761654287217466
7602,0.012477275782769848,0.05181368669541148,0.034995506093654
7603,0.01238325055001252,0.0460113631095982,0.07385176434922078
7604,0.012526728158783427,0.05545267828752055,0.06448216006370754
7605,0.012333697267069569,0.045395133380800645,0.04351184534742253
7606,0.012374590889232293,0.05376018727404266,0.06060051393814976
7607,0.012662398862823958,0.09075499755932072,0.050820520002006264
7608,0.012303873738177817,0.03589312934814458,0.039964262079274955
7609,0.012300868055212195,0.041291106530002765,0.0853506909794133
7610,0.01258452598887045,0.0787460264264875,0.06569750268314557
7611,0.012488226243232595,0.0650474562438505,0.06245893049957474
7612,0.012762318789568522,0.08399616200601996,0.03592686900547828
7613,0.01266983309342613,0.06629880528523478,0.040552020681095154
7614,0.012838378485006309,0.08806835968201897,0.06771604202995955
7615,0.012491479582134653,0.047314983897299726,0.07167959446794059
7616,0.012665709049851561,0.06426153663806582,0.03469598090365737
7617,0.012768553067206525,0.07011097008591012,0.07184431437657443
7618,0.012662632673160189,0.05933047020434302,0.08304366172621852
7619,0.012705072312237822,0.06150083019388354,0.06753770284010589
7620,0.012883483896662223,0.08242593615851965,0.11879070307820458
7621,0.012666516939438188,0.05994522683814008,0.056404409831743434
7622,0.012622643028674904,0.05474179750621979,0.07614334088704859
7623,0.012709968563085497,0.06091751571431445,0.06994208973974202
7624,0.012704199682680198,0.07046899496841152,0.02535176032958041
7625,0.012596296059901129,0.05838821357324316,0.05061727828268607
7626,0.01270815831328098,0.0825660709469086,0.07723052144197347
7627,0.01247276688287179,0.04776606296360253,0.04164337516679671
7628,0.012276271285340824,0.03367299661557364,0.033721816659311205
7629,0.012530970804896747,0.07544115985375428,0.06560996307855543
7630,0.012260215649659722,0.037369076095968054,0.044943014152845025
7631,0.012444252328464363,0.06720837010051928,0.04740180213631816
7632,0.012517110827981496,0.0701441984773249,0.04960014535152366
7633,0.012351536503789255,0.04113490596492089,0.06279942127366606
7634,0.012530764850969562,0.060262614111962605,0.0321973540839196
7635,0.012514568668549464,0.04691073694024529,0.07607855831639211
7636,0.01250678749391288,0.04679817974149938,0.006208505275224467
7637,0.012370682273254642,0.03725951280365264,0.07771443816237673
7638,0.01254293750863058,0.06017639075339193,0.029873997539027836
7639,0.012442771611929552,0.049548087534564356,0.044944116673216454
7640,0.012360147169558463,0.050733239965530794,0.04013062041310784
7641,0.012295168032979259,0.042873632053179324,0.04971162708090246
7642,0.01234283965309019,0.05007496544301962,0.05313292368411535
7643,0.012358109382693903,0.04709067449392936,0.03203150627345684
7644,0.012477809314738143,0.052412540189887676,0.07456767487496507
7645,0.012377510529778674,0.04201265021590262,0.049647692762894005
7646,0.012466997912751961,0.0494714516427817,0.050678546878050616
7647,0.012704969451715509,0.0759885330856413,0.06630750776230625
7648,0.01295989095769977,0.10034090329756162,0.06409279533750074
7649,0.012502970030320294,0.06294866228977186,0.04046496075848269
7650,0.012486547611831182,0.06297317111721415,0.039003657526866846
7651,0.012299267611480275,0.03824448577341192,0.06182291613574136
7652,0.012400458624236553,0.05256711329614623,0.0447389422536525
7653,0.012255549142706292,0.034055789696466096,0.044470778481146694
7654,0.01230580445786602,0.0376329352743703,0.035200757265255136
7655,0.012303905251248559,0.04472348316200083,0.034259823752862684
7656,0.01245552124342681,0.05004905498551717,0.08200317242254085
7657,0.012444128761672228,0.05088086807051312,0.07387325536676288
7658,0.012397792132244692,0.044924607935972596,0.05691410743953006
7659,0.012365089163565227,0.04118599684106393,0.03635853163270955
7660,0.012361993678136124,0.037831495910640126,0.1001198507263463
7661,0.01233745073109674,0.03322046581319055,0.059343990162296
7662,0.012490894685852759,0.06781112898392873,0.06883448993731303
7663,0.012555159165905803,0.06809574184660698,0.05256469456164237
7664,0.012326120149565016,0.03623119528380789,0.06704327389066748
7665,0.012386577584279976,0.04229704463418505,0.076183943660362
7666,0.01245191864874127,0.05967096506459028,0.08875767321007119
7667,0.012562553697310245,0.0741504047851719,0.06319235499985976
7668,0.012642295702335294,0.0686850562884495,0.08304449546416671
7669,0.012461619901233121,0.04940125893395151,0.032538133579096566
7670,0.012417513269443898,0.04415420415639606,0.028132633712410628
7671,0.012449929956025814,0.04638149037650316,0.03481362004235006
7672,0.012345395183104688,0.04446234526880591,0.02589913645740008
7673,0.01256619184537376,0.07492384603202214,0.026830934298292766
7674,0.012509570761951264,0.059574363324538006,0.039608516030450215
7675,0.01246130482848186,0.04854692579381721,0.06401612731041058
7676,0.012476878418305344,0.04873483197884035,0.053434286344037484
7677,0.012444614849010585,0.04789514251426927,0.03540180133436268
7678,0.01275003123816983,0.08270404302373476,0.06218848765457999
7679,0.012689457216191777,0.0783985841808846,0.07298623435030241
7680,0.012308990575889108,0.03459310778910684,0.02641983728243553
7681,0.012338194535038566,0.03549841044359985,0.0791480425134761
7682,0.012703683510232308,0.08911374771223245,0.0539537565004897
7683,0.012333136984320005,0.03937926780875753,0.018998143568985996
7684,0.012323168888859246,0.042027788777980864,0.07920193689317928
7685,0.012636908153063318,0.0816961114158033,0.08285296773437194
7686,0.012354893028841657,0.0449099403495674,0.07716252605816165
7687,0.012507690701009995,0.06761988045361403,0.03572018941287791
7688,0.012410229137190365,0.03984593673649961,0.03660929175508733
7689,0.012640923040146745,0.0686232265316453,0.09152422107519503
7690,0.012836719797268043,0.07688891286530615,0.02626611457688535
7691,0.012571410795296112,0.05218999545005912,0.02207098555781839
7692,0.012563262932611402,0.05387460413523889,0.08889259267403526
7693,0.012955741477114768,0.07731256341183901,0.025493077098759854
7694,0.012972851238603464,0.07738011171715803,0.10146101075602268
7695,0.013040449751934297,0.07861607508891832,0.07274204940870212
7696,0.01311571942223893,0.08007822324422278,0.09171541061101394
7697,0.013029221731073678,0.07883059160037008,0.056653682459650495
7698,0.012987011501797653,0.07354822158452791,0.09053336179750543
7699,0.01275136935768706,0.06593863793271242,0.05986326220699142
7700,0.01280109312656222,0.07259533765504717,0.052866468167607775
7701,0.012701269754689177,0.05951805378531626,0.05299993456210002
7702,0.012395891259011664,0.039571798951070714,0.01796889761861871
7703,0.012384808226919513,0.036635704913327675,0.06182970185700968
7704,0.012452713988586807,0.044426398881963675,0.05374009770923916
7705,0.012598394861223267,0.05494654252259702,0.03237222893858359
7706,0.012806321878388672,0.07528115037673105,0.08780072371612653
7707,0.012685311255820588,0.05259999950922812,0.08667461804174421
7708,0.012507544188770061,0.05158880399246462,0.05750262318241021
7709,0.012789958684345792,0.08397235149169557,0.06292622109685035
7710,0.012585383660104971,0.06712548972989933,0.022213993717454503
7711,0.012684228647090437,0.08617009536761697,0.029834281427362448
7712,0.012473490525902239,0.06567592962763584,0.07840194014790887
7713,0.012331718776207012,0.0467009498838764,0.045564882097200964
7714,0.01253370264577493,0.06963175306751969,0.0935418183160091
7715,0.012338910361746171,0.03456209278823786,0.07683138751134276
7716,0.012410949611314627,0.05576886730175158,0.07444957483756667
7717,0.012680510804895176,0.08337306549198092,0.02319633458802363
7718,0.012293122963463455,0.03468878188465812,0.03650451546571009
7719,0.01249396935682992,0.06181624595540194,0.03547628731438341
7720,0.012452096107627594,0.05747163686445961,0.050416311905405936
7721,0.012465785539506434,0.05750067980493626,0.10280409789621417
7722,0.012431343944849542,0.05227949553599777,0.07441694898515137
7723,0.012462621286094272,0.05840414531501131,0.06922307397107624
7724,0.012452656969345763,0.06750781555295693,0.030249114878225795
7725,0.012228174883941657,0.03814540128695954,0.07986643628566903
7726,0.012300965809847983,0.03936198564103663,0.0620878523656155
7727,0.012501454967004442,0.07409499050892518,0.054978302221007386
7728,0.0123250798619983,0.047917408409641864,0.08659124337450073
7729,0.012332348219892802,0.048653555929829076,0.0859121239385544
7730,0.012352972602227574,0.04982309866578909,0.06593643322602274
7731,0.012542694624230655,0.0765649345091839,0.05138728410166397
7732,0.012674323826989669,0.07848072529586332,0.0502687220982055
7733,0.01280512396302118,0.09097283037929882,0.07344315175210656
7734,0.01284585471176565,0.08838090304822982,0.06098522774024137
7735,0.012638920213634813,0.07060688840484562,0.05563748500294606
7736,0.012405181028095222,0.04815142571130656,0.043143921716113386
7737,0.012444709848148796,0.046295018382227944,0.03764852451894519
7738,0.01250986311590406,0.05871721326661336,0.08008193499842185
7739,0.01266372826325263,0.07793859806248392,0.02876375975936181
7740,0.01247138649458484,0.048435543954103606,0.08963300505738277
7741,0.012867421264606911,0.06574712958226837,0.06153030123935525
7742,0.012899525250700324,0.06970911187519209,0.08091177077446163
7743,0.013181821458823208,0.07801338708120278,0.028504920183555625
7744,0.01309170869325645,0.07572925785213423,0.0717930020545675
7745,0.013053837686419979,0.07846484265453112,0.06369327413697028
7746,0.013085073437913083,0.0857888287077774,0.06780094465236963
7747,0.012989964194219595,0.07285337180816208,0.0953554750637662
7748,0.012552838487701517,0.056100420765480837,0.02637499019861094
7749,0.012730946089678978,0.0785839806342993,0.031388386518460806
7750,0.012503330568714891,0.05406809036386966,0.04770507891966121
7751,0.012763422862325402,0.08938810839605633,0.07265450983761555
7752,0.012589822759969366,0.07564046138836032,0.05548287366172453
7753,0.012887156051971065,0.10528103335798937,0.08368473097412309
7754,0.013172545906488618,0.1217193517985454,0.09772384127635678
7755,0.012884631822785758,0.090951155779509,0.07137120823592254
7756,0.012731265512463856,0.08257946733139832,0.05947823273841149
7757,0.012856438736445716,0.08589382137344712,0.06660635832136058
7758,0.012514898235872044,0.06358040179090195,0.033719869630923834
7759,0.01250117200699122,0.07502181114998552,0.08494786163530056
7760,0.012548716652814403,0.08418788304355115,0.011633589024956589
7761,0.012444128384261429,0.07379237991715219,0.021250889061853857
7762,0.012285014677238651,0.05463957571380812,0.07721277084813746
7763,0.01228709235543744,0.04456420366309455,0.09990730407768832
7764,0.012427425858150206,0.05261618825787441,0.038055668901759016
7765,0.012345317662416358,0.04019663646749144,0.028313948246298834
7766,0.012370857394347134,0.04627078916311281,0.0735766906345025
7767,0.012598575207386657,0.08066113469557991,0.0523082293958441
7768,0.013046505908472611,0.11741574331985978,0.04495680864427582
7769,0.013005538707178323,0.11543816162567638,0.04807589497400358
7770,0.012518856699422513,0.0626976420338924,0.0463705749644348
7771,0.012452534223959767,0.06151873161225019,0.05589590656801652
7772,0.012221532931178293,0.029519815178787864,0.02939335120162202
7773,0.012456263624983633,0.07545856619217896,0.041869590185063435
7774,0.01223389659373403,0.030825801525626365,0.03461367985290721
7775,0.01226999035179846,0.03359837011588532,0.0467067666315835
7776,0.012362790270016206,0.05586819804341556,0.058404789898528015
7777,0.012587778547394771,0.08081666242934166,0.03471152611912973
7778,0.012315683352987708,0.03852443331653417,0.043364005301158325
7779,0.012446709144674705,0.056265452919173675,0.03193585412792039
7780,0.012763399981104017,0.09268518456422098,0.05565099336317645
7781,0.012401839084425239,0.053498746521285764,0.0445679572012154
7782,0.012512613833006558,0.062407349555128895,0.02943538963500362
7783,0.012437243024937431,0.04675285824131851,0.06388507509157333
7784,0.012506903991765772,0.059650180567344294,0.06513986567192072
7785,0.012750637487092322,0.08683359251699257,0.1088640713990913
7786,0.013058620829856532,0.10529091041407895,0.0326846822014847
7787,0.012824592781186316,0.07925119410279809,0.07509764195264823
7788,0.012713130138759304,0.06752245520675991,0.07345784672201061
7789,0.012858107516130255,0.08797264843945497,0.10407301392804015
7790,0.01305545930789381,0.12005124430492843,0.013049537765819439
7791,0.01239996337325957,0.05172953814091643,0.04816924631546447
7792,0.012346885562900688,0.054324980724070375,0.04123116446094604
7793,0.012324725603944497,0.03994235365598723,0.07407616629528394
7794,0.012419776941533444,0.0546987846079433,0.03706845537130053
7795,0.012410680286838584,0.05071302242011078,0.062862295335902
7796,0.012875705588707072,0.10214362697816631,0.02452794460676333
7797,0.012645787608534081,0.07229761507408083,0.061900870419366864
7798,0.01287031121691247,0.08944445063499774,0.03360180783415709
7799,0.012651496528043918,0.07331962496830996,0.06695677576001483
7800,0.012578931715651104,0.07120140402244866,0.07523798359230359
7801,0.012330629166275867,0.038770419641478426,0.04993681280039252
7802,0.012377982555493668,0.05685923667205043,0.10064182642275572
7803,0.012478812596538687,0.06308659407108885,0.052672210212008866
7804,0.012308215746848204,0.04122202905167026,0.025155314222094553
7805,0.012335247483123686,0.0436288219491217,0.03383465235156491
7806,0.012293981988757465,0.0362865408206363,0.08955694001339298
7807,0.012321769495065638,0.04531725320527837,0.07477810583613208
7808,0.012499902327178763,0.06716710442865459,0.07873681764712691
7809,0.012498277698445267,0.06281949106118803,0.06243494032840624
7810,0.012518358340176403,0.07282854467927566,0.036400042732951124
7811,0.012257985419325249,0.0411434500836126,0.06257407151406998
7812,0.01221452660278493,0.04290788725971513,0.051793571866350266
7813,0.01245579029080141,0.0710303852821714,0.0679835949915804
7814,0.012749614208589232,0.09583135754259785,0.04122412209482371
7815,0.012405593032167778,0.04731840233344636,0.05447922959166831
7816,0.012707247013432791,0.07594917369397054,0.036741669996733846
7817,0.012760708465888497,0.0890928596004231,0.056806538286702755
7818,0.012725077495965865,0.08916729908985663,0.0666095439786981
7819,0.01307242780493694,0.12275557224962824,0.08092787706726284
7820,0.013135782403258986,0.1271844767625958,0.030361980634571163
7821,0.01260483057926564,0.08832484108692111,0.02822511774514035
7822,0.012560008711242578,0.07292838184023569,0.04280473877019346
7823,0.012340490129589642,0.04855008676764748,0.0407693051362187
7824,0.012447098335166638,0.07373349595175507,0.061604236023897654
7825,0.012346082033869693,0.05663743278129431,0.04038954139104659
7826,0.012264399365320266,0.03890985977257152,0.04143549177402
7827,0.012423031876481045,0.05570145497320525,0.036576176913603195
7828,0.012293939966112928,0.04036006230452039,0.029084477955809516
7829,0.012474598861703661,0.06398611471058631,0.04918333743464714
7830,0.01226571513897126,0.03504592447004944,0.04062972955137288
7831,0.01225494220207106,0.03555031551140685,0.005547960322609828
7832,0.012242817494000722,0.03496823045458389,0.04276732646848595
7833,0.0124646019082735,0.06716735653939673,0.06498910125974144
7834,0.012357672521735346,0.04735487753973109,0.07437885300755165
7835,0.012260004384863351,0.034397412704092176,0.08122901719841942
7836,0.012310141110714752,0.04264408687540209,0.05802365233741083
7837,0.012470508544989082,0.06545394059733063,0.06827264899307062
7838,0.012499798895416659,0.0600725327917119,0.06584684458805669
7839,0.01279380614145761,0.09932407752071665,0.09401317184522474
7840,0.012472472979628235,0.0640392046803663,0.04283794423867393
7841,0.012698726601165502,0.08046524046803266,0.08863239157577474
7842,0.012413866736492144,0.043124002757310514,0.044868630151195646
7843,0.012475395550974995,0.05308538676048372,0.0694058361634504
7844,0.012763963847338298,0.06738308530021123,0.04460008398680078
7845,0.012628430961791833,0.0562881904764728,0.06850319351385278
7846,0.01263335046783906,0.06411642425675299,0.06956638286310364
7847,0.012641228837373644,0.06157808601857817,0.03095954999332563
7848,0.012708175400738394,0.06363592805197997,0.10569431360817715
7849,0.01278711994835526,0.07849079490471356,0.06963384243542547
7850,0.012762993436668462,0.0704159139978308,0.0615608361848916
7851,0.012568993525029732,0.05565852749886722,0.06286000732235017
7852,0.012560927756146398,0.05503338427597851,0.05488149838263179
7853,0.012706286534392866,0.0651091713212307,0.04392450128797928
7854,0.012535705072263734,0.05417317359979834,0.047847650974678274
7855,0.012906225850692107,0.09156959685789387,0.10070218108318842
7856,0.013252508556742223,0.11111200598375098,0.06273439083614092
7857,0.014333708845053932,0.17276799365287288,0.08867585124117593
7858,0.013542382738647548,0.12752990943410666,0.05344674030783492
7859,0.012926298913833074,0.10019783558524417,0.001998724936553668
7860,0.012907645576098093,0.09242709454133652,0.04382451939177206
7861,0.012548270267136792,0.06319781771707048,0.0630130477192857
7862,0.012719706317781316,0.07434031335217543,0.02957997056583499
7863,0.012916695987007934,0.08722619574843,0.07200093378508046
7864,0.012851339679370096,0.06752887113503192,0.052819332464678216
7865,0.012948440505781799,0.06726676333370527,0.06127806905164793
7866,0.01311671088243083,0.08787191028776543,0.07084830287394073
7867,0.012885112768832635,0.06906990610896302,0.04454131094978063
7868,0.012891309101353813,0.07231151288069892,0.03238249296105372
7869,0.013131001267988432,0.09244031072183977,0.07855862504490367
7870,0.012877817541198247,0.07343662240709914,0.03272342949162127
7871,0.013143095849283536,0.09575233645662631,0.08201971332627056
7872,0.013360921578159716,0.11237394688301394,0.06927557237048028
7873,0.013069635111597306,0.0863810545281924,0.03230625091068621
7874,0.01344224969767556,0.10834702261084542,0.044513378501749364
7875,0.01302963364784588,0.07073516524666926,0.07914447779679448
7876,0.013282834709764872,0.07918911085887534,0.08246549993274167
7877,0.013179105174669142,0.08585744081602265,0.046642646166312786
7878,0.012815337268772105,0.06385003150928609,0.04079801009670954
7879,0.012777116293206011,0.07584677909011187,0.08641397429949607
7880,0.012557583981573134,0.04881955127873305,0.05015521287464073
7881,0.012569785431186756,0.05549403386288138,0.03330829822376856
7882,0.012751415892574119,0.06169402310647894,0.021007526167863562
7883,0.013039004349938146,0.09052660968340724,0.06316567032001795
7884,0.013330458249991095,0.11155721372871552,0.0735384854578888
7885,0.01292076790061914,0.06723467430972416,0.04959310524456578
7886,0.013124373357095487,0.09320183881476532,0.053427711034346737
7887,0.012793699605287204,0.05995475180337097,0.05211059910569361
7888,0.012681714228483666,0.05398173090873736,0.05802450976227338
7889,0.012835493092674578,0.08346941415024844,0.09267919013883809
7890,0.012633494045894209,0.05507602489703289,0.06274124572835348
7891,0.01272489147451443,0.07698753185187862,0.0406469286728804
7892,0.012517723003343537,0.04958252811138711,0.08042429726009544
7893,0.012687113336926237,0.077061929063578,0.05422438834572544
7894,0.012570666009608916,0.06294023704220973,0.09067367156033605
7895,0.012504755129985685,0.051129956453516506,0.0635662406916916
7896,0.012423849654777296,0.043565195080988856,0.08997815147136419
7897,0.012739865750139093,0.08541718505067035,0.0484820140543876
7898,0.012674546660890814,0.07610762990985834,0.04739767160251933
7899,0.012897975282667897,0.10013447471776861,0.06563537758038507
7900,0.012472368846628982,0.053477065979954136,0.03209712986068149
7901,0.012701958980968042,0.09076438077806748,0.056911507370731945
7902,0.012468244489183978,0.050370976261397325,0.028970536130896486
7903,0.012502775020092081,0.057468357171805456,0.06529759347828215
7904,0.012482168428771713,0.04224554480701616,0.060954763599242845
7905,0.012512026625596065,0.048332901887979646,0.04295892000176892
7906,0.012661740204656387,0.060366614561737524,0.054346356422297445
7907,0.012680592668962914,0.06300119596360013,0.058700747684222614
7908,0.012808727742176881,0.08074044461455814,0.03101483565427135
7909,0.012873440094875815,0.09777921171574462,0.04249795698266098
7910,0.012588913511633895,0.06248782671704316,0.051088827338579786
7911,0.012572285259712766,0.05775453159082223,0.0707246899858356
7912,0.01242408797724612,0.043293369765967475,0.02507846649070652
7913,0.012410923660726,0.043119943637397566,0.05077031671602683
7914,0.012304850433862046,0.03701309701493876,0.07856860322576444
7915,0.01253037277431298,0.06348189515628125,0.05570286167316563
7916,0.012532854508193662,0.05601511127738077,0.05348361822232717
7917,0.012594811436689583,0.06628847746887617,0.058334245446554835
7918,0.012862536540704355,0.0962324689802241,0.06389361939141627
7919,0.012815792959497979,0.0904805991416631,0.09031546874126559
7920,0.012388267263035945,0.03875059846983856,0.04717763928713023
7921,0.012605964919493949,0.06977390355701575,0.06479213858157373
7922,0.01237269072637093,0.03900349509230498,0.054187655705825316
7923,0.012479274143169758,0.04976596083663322,0.06651828324203304
7924,0.012662930382035094,0.057184758287169755,0.020535671387239607
7925,0.012665953045700552,0.05630445843439708,0.06237963665801116
7926,0.0124389814441699,0.04700462164233199,0.02099403435088588
7927,0.012408329345798393,0.048825532871132164,0.09336791200474713
7928,0.012530003454126266,0.04554514717468603,0.02930261223400424
7929,0.012585892179999274,0.04892040137207319,0.0701852691992296
7930,0.01271986677074424,0.06384763996224342,0.04297957898244015
7931,0.012868525729855921,0.08513936093205395,0.060026105920407545
7932,0.013092052578378175,0.10663045250322295,0.042157990276821544
7933,0.012800205242034093,0.08337944847632052,0.03679944738191933
7934,0.012625655267033242,0.07034798115175832,0.036865819319930375
7935,0.012982683823872352,0.10955051235174139,0.06324292648960216
7936,0.012527477156891557,0.05511409887251714,0.047760944244689726
7937,0.012938063487762021,0.10098932681639303,0.06113694120910094
7938,0.012735877198814567,0.07924283065953204,0.09157365324120285
7939,0.012623317300788446,0.06974926364194695,0.05982618205992782
7940,0.012441768386470622,0.04579671833492091,0.056574878766001035
7941,0.012478392939979752,0.05946751683888591,0.05628005562807008
7942,0.012530221989880313,0.06128073267239887,0.10354289398862228
7943,0.012424788866579032,0.04295891428017026,0.07829340117962272
7944,0.012393796750972847,0.04528785392575406,0.0680742306821903
7945,0.012532122546541716,0.06119039124096878,0.09065974020373634
7946,0.012472737115737657,0.05956002752830621,0.06940411730876947
7947,0.012408239785472085,0.04490053976759495,0.08908816074894248
7948,0.012752705678903827,0.0912614038209555,0.05720773437498614
7949,0.012385367606223436,0.04035371293852979,0.05446326488317687
7950,0.012499569086007991,0.05917266124440937,0.08910549910243466
7951,0.012347202804863209,0.040937197822213466,0.035484247390385144
7952,0.012421954339269509,0.049911150601249836,0.04459468688518272
7953,0.012378582217346753,0.04985564806427854,0.0690767572074339
7954,0.012439770604105097,0.06519335164320478,0.03559235979235491
7955,0.012433438579522425,0.06112792449461317,0.02382464500415173
7956,0.012578069673854025,0.07347990810076199,0.0004715483088985882
7957,0.01249307798793518,0.06547792704751941,0.0713512796448472
7958,0.012595321625554875,0.07817966964983934,0.09522220033352495
7959,0.012735653811677792,0.0951932106359232,0.06395640458136156
7960,0.01240887939590874,0.055085257837312586,0.04751943723618574
7961,0.012379797520181922,0.0582196424157736,0.06415055607342085
7962,0.01240043192543496,0.05585847022391131,0.03976385931635672
7963,0.012372602507083864,0.05384930749675209,0.07216303346347448
7964,0.012591940829233435,0.08586164312387855,0.09956355528202626
7965,0.012415147647727413,0.057187619541191635,0.045567565240303774
7966,0.012393958040784157,0.056306292345210805,0.06026794566371186
7967,0.012455031986277842,0.06857587336495682,0.07992347499996297
7968,0.012508907973305292,0.07119271135457933,0.07037137508068117
7969,0.012829658748569395,0.10533368936703989,0.05112557458676865
7970,0.012879309517363982,0.11413825683570947,0.06474733545076244
7971,0.012367825103054246,0.0646175693659107,0.039112020221494175
7972,0.012338208571654661,0.0608383426449832,0.0900200206885387
7973,0.012333487262267663,0.051643424614467255,0.04702808316475782
7974,0.012689367506434892,0.09558265231119761,0.034231211830796276
7975,0.012728326290494085,0.09396141503737593,0.06909927079726605
7976,0.012381288980395522,0.057528230705450725,0.05850023167230743
7977,0.01237530270231747,0.05938124007487068,0.03930225121452921
7978,0.01241678016936856,0.06267872405019663,0.046477526156579116
7979,0.012406396911650465,0.05316534007729908,0.03659763898240303
7980,0.012453633224198856,0.05444424011446954,0.07024277023431967
7981,0.012614352434908277,0.0757316543011706,0.0699415071529634
7982,0.012387564005693505,0.05419602265128031,0.0617329606437744
7983,0.012362902925368818,0.05324934793819107,0.0866885682559032
7984,0.01243152540171945,0.055204591248560676,0.10288569625759773
7985,0.012510827169036688,0.058940438468718444,0.05681390275721782
7986,0.012440089057232743,0.059056499105673635,0.05638444688688882
7987,0.012452222504214199,0.05583975500874845,0.06565506512760116
7988,0.012508898369485566,0.06128579924687375,0.07130957287011748
7989,0.01239532681831075,0.052964712783701684,0.04624221320481305
7990,0.012403469370772436,0.053255217223217854,0.06565487511405689
7991,0.01241155779084698,0.05956659867909219,0.04936944606350195
7992,0.012360531561138468,0.05723375726350175,0.06430848993225892
7993,0.012453375798869615,0.0635101799356541,0.014078250967216458
7994,0.012450308846935569,0.05973347139817702,0.061484404102819204
7995,0.012614113827418819,0.08052858850365506,0.0557020196641271
7996,0.012567226018356406,0.07306470559209777,0.055156365988256836
7997,0.012503759212853606,0.05645221091789356,0.08048354340059907
7998,0.012487552818165068,0.05499753371642612,0.0050489960627838355
7999,0.012684170254969856,0.08561822072720972,0.03086390024917994
8000,0.012415912382803006,0.05264801629845234,0.049319897730328285
8001,0.01247854089694483,0.06287258122644679,0.06739204759886482
8002,0.012415775049750439,0.05641372163443762,0.06898659187614008
8003,0.012489147956699162,0.06498973063407787,0.05605957343509666
8004,0.012559343835684437,0.0710747234110305,0.07741452474778922
8005,0.012859567213544278,0.10507706985288928,0.06046237528597044
8006,0.012465607056087732,0.06688591347433738,0.05297558697155329
8007,0.01242891918557515,0.056442965646787975,0.047475223905073506
8008,0.012608440144392082,0.08225118509668262,0.11027477235815385
8009,0.012317877520171668,0.04947944432148936,0.05101335932540359
8010,0.012462765007634637,0.07316051202772214,0.08731599032795037
8011,0.012328830705156231,0.04983871330581166,0.10307688264381296
8012,0.012376523962408579,0.05580783593881722,0.07030400326774237
8013,0.012463774904062874,0.05827099826252105,0.07132250701077564
8014,0.012517881757005184,0.06969950072814425,0.06367277001163185
8015,0.01257045396242538,0.08191692924300761,0.021390497323997434
8016,0.01272487618838618,0.09945089559066703,0.04247003207416458
8017,0.013392274068633225,0.1496683116514773,0.05981205721054979
8018,0.0138937586829436,0.1768597277895416,0.057703981082252324
8019,0.01277689932234697,0.10136583715325849,0.017673649316513655
8020,0.012522505185300195,0.07806233281775253,0.03882457459410916
8021,0.012360213106508167,0.057279807335291505,0.06451214513817981
8022,0.012424251571556973,0.05875691785450017,0.16344626509145646
8023,0.012493966007627857,0.06110431161678264,0.031784032307322366
8024,0.012431878015267232,0.055962555621491085,0.06136126823946508
8025,0.012550775427930726,0.07105023622444667,0.04466171994125105
8026,0.012998226101426659,0.11491965344326428,0.07212147318451326
8027,0.012728897375635947,0.0908780551081568,0.03424181834579502
8028,0.01275262898060991,0.10025913937027411,0.06617076093231294
8029,0.012422208158469209,0.05521790903254095,0.02956205560249909
8030,0.012524029469787106,0.059777346974550526,0.07226845687947078
8031,0.01272506541637278,0.08465874117064598,0.10423812795228694
8032,0.012709787339542531,0.08438967925553094,0.0592252064667027
8033,0.012524475826136685,0.06585243845101273,0.0811156241162014
8034,0.012476152253552532,0.06050181557146057,0.04155835030290489
8035,0.012427739227960869,0.05385409511237495,0.03496911765534581
8036,0.012606193097250468,0.06163061098916632,0.02639345518495256
8037,0.012705864907785587,0.06808436981813272,0.13546198415849559
8038,0.012857816710794459,0.08086452902778705,0.04015365789320552
8039,0.012961811738584577,0.09227277571869354,0.06686077703998287
8040,0.012894602397483893,0.08224316765748758,0.03296873000574464
8041,0.012775578057483358,0.07004113577799807,0.05955577873714139
8042,0.012754868705823779,0.07019771853422295,0.08371388838664141
8043,0.013030354124536068,0.10513569716813355,0.06523301701358619
8044,0.012844778719717287,0.08673840000855494,0.08917125481681223
8045,0.012693851516882947,0.07370075637740789,0.09280672390326081
8046,0.012441082020050929,0.0531595429364243,0.03008038854692287
8047,0.012780019176661545,0.0940068984498252,0.06740462810044065
8048,0.012575943704750844,0.06551727965900972,0.06869461879795792
8049,0.012486066207592347,0.054979387882999,0.06540455279990735
8050,0.012695499520733814,0.0764971543562554,0.10913819249329265
8051,0.01258292021417098,0.07417198013073355,0.05302790718352988
8052,0.012588222937558406,0.0764703444405682,0.02868059436512268
8053,0.012570706619607727,0.06909391440446627,0.05083342513298674
8054,0.012560236058709722,0.0657034570680667,0.07436936073761588
8055,0.012818821795054775,0.0916318944463846,0.0663518000003433
8056,0.012559046814757712,0.05775045158615019,0.05623475216520049
8057,0.012688284234238302,0.0750194637728361,0.08648276114776231
8058,0.012985595519693898,0.10217331698158551,0.05772295403768513
8059,0.012723532550729999,0.07977044891550915,0.10126518771901405
8060,0.012624976825615431,0.0782715775378706,0.011341187784090438
8061,0.012576925203767443,0.07930815734514102,0.03101318508533215
8062,0.012791046006908188,0.09690825674594396,0.05688136189573791
8063,0.012598212224291878,0.07747167586832084,0.06305630866194839
8064,0.01234059664320828,0.0499565832612023,0.06582004069435864
8065,0.012528030689934092,0.0811575908487818,0.08427295270295469
8066,0.012397235962920172,0.05622382238890316,0.06942414065569179
8067,0.012449961651149932,0.05900720992118676,0.11015800978204147
8068,0.01287103426321544,0.10583499843384171,0.0676945777807169
8069,0.012708790661185966,0.09056500119604535,0.04075173170682277
8070,0.012529478198174925,0.06989429402707484,0.044972262283068346
8071,0.012651974970744127,0.09095275198261965,0.040065608393436716
8072,0.012562187731057214,0.08194154491049392,0.0950729788673856
8073,0.012856862891495393,0.11153157278953055,0.08320659800945909
8074,0.012482146166093847,0.07487258511691268,0.03356494319959767
8075,0.012421651822448762,0.07029041814508219,0.06836240123620667
8076,0.01233617137439695,0.053002512868977676,0.03213501138271997
8077,0.01240987263921206,0.07441990222030485,0.03291711363229766
8078,0.012292872366393513,0.05215290958302256,0.03061276370117508
8079,0.01234247007106908,0.05090994483727999,0.032666853967472306
8080,0.012490771686218231,0.05840956623318008,0.049682159933657
8081,0.012570382213547927,0.07343145995542338,0.09422824040295225
8082,0.012745556104620163,0.09409369747846898,0.05885546794685024
8083,0.012513043691153941,0.06107553846109481,0.04632127731926577
8084,0.012919854343620939,0.09246916990661845,0.08083633179509782
8085,0.012605923261587871,0.06567570091923634,0.05826869925770734
8086,0.012697671139674675,0.06693512431030446,0.08144568863198777
8087,0.012964464382596238,0.09706294536256002,0.035750390737123876
8088,0.012863639346995234,0.08325881623863157,0.051565512338560035
8089,0.012964123633192598,0.07579022128043371,0.051473377968478166
8090,0.013008038044587188,0.08349199488196779,0.04905639561420974
8091,0.013045895835453252,0.08791312050231166,0.08750303466589737
8092,0.013160040704682692,0.0901492438429048,0.10950410843875735
8093,0.013078165333756924,0.08047795065705812,0.06096574019716211
8094,0.013095801018273578,0.07812552004385508,0.05429386732733754
8095,0.013222795009605562,0.0882078581482867,0.05888478473509663
8096,0.01304025625624131,0.07529197655014139,0.08959738936594809
8097,0.013226667686929375,0.09435046535863394,0.05446770838951032
8098,0.0135493059483869,0.12282017384959179,0.10841868857944974
8099,0.013277660898208367,0.09867906804929544,0.06849395612077419
8100,0.013528120723958566,0.1226667389417302,0.10029816728241575
8101,0.013246913456918478,0.09133450132504044,0.08974335602351367
8102,0.01308594886976196,0.08278792254829427,0.050347668941574504
8103,0.013037444870890957,0.08620938274315797,0.029783947186306916
8104,0.012836203192601566,0.06895784280832945,0.04362363074255211
8105,0.012863839291895492,0.07710127883358613,0.07450941485664822
8106,0.01281436453885211,0.07404530454927147,0.026775632415449974
8107,0.012708244387628164,0.06898123243916499,0.05403297079378783
8108,0.012721141630886248,0.06810896251741393,0.06020052460222679
8109,0.012918597692213504,0.08556704123121618,0.0938554226379856
8110,0.012732404273864056,0.06752297559299596,0.04677765116673518
8111,0.0127311504432478,0.07427535003274888,0.05826578759971128
8112,0.012888173551570249,0.09505729635003174,0.0659787313130858
8113,0.012550667239675435,0.05619181337755247,0.06772197658755914
8114,0.01282531918805765,0.0843130163724239,0.05209421752317602
8115,0.012681783931089381,0.06507922925774759,0.045007821266334014
8116,0.012710295108829225,0.07104147820459467,0.053813054536550414
8117,0.012605359163048661,0.06049172267700058,0.07358295247786498
8118,0.01268765859426858,0.06475407993562539,0.09610966688809604
8119,0.012708146411678155,0.07591059329165323,0.04517132566328761
8120,0.01296489996323032,0.09537642819508635,0.04991838986057369
8121,0.012740059214102657,0.08527490511817207,0.047530393620942184
8122,0.012536208181713845,0.058626729997339644,0.03734704155817293
8123,0.012547140726768116,0.06997090770326408,0.03496403477834004
8124,0.01281151514034,0.09960504634672188,0.06055141953550229
8125,0.01249317505812146,0.06025217561726163,0.04942077176204561
8126,0.012588173235835602,0.07127796547619836,0.0899320421061757
8127,0.012436768181214078,0.054673722868612835,0.037835446249229035
8128,0.01253139385821732,0.06205345559706404,0.02674528994130961
8129,0.01266353161906658,0.08234369787801678,0.08637064868301722
8130,0.01249576881301459,0.06274970211302615,0.02763426060922339
8131,0.012533466135170597,0.06436186286813565,0.05919571859068356
8132,0.012510804638095082,0.06696928850537487,0.019227032230279613
8133,0.012469699898917549,0.05381253366828018,0.06115517314211619
8134,0.012497826410085157,0.05454108218839591,0.07346132601276895
8135,0.012475257910093992,0.05620541358783975,0.08044210092931078
8136,0.012620701108847518,0.07450470033860151,0.04794923796967763
8137,0.012565324968213915,0.06793747131186677,0.0644422750540551
8138,0.012587216410034255,0.0681839176592775,0.05124367719970619
8139,0.012549556382296738,0.061614119550078505,0.06925986627508181
8140,0.012544671158123742,0.06142005809560062,0.08136658097554697
8141,0.012571473843652339,0.06397686663771586,0.08061653990895261
8142,0.01271955421846718,0.07733706966011819,0.05893065602265687
8143,0.013039676095707399,0.10168214263321873,0.05023559642997317
8144,0.01261963008106307,0.061375313480873155,0.03886426845527379
8145,0.012588097387930354,0.06705759432474688,0.06917897255744822
8146,0.012550698086796305,0.05712096945259017,0.11274107398965587
8147,0.01268564544065888,0.07420797906411576,0.06054146542932374
8148,0.012709840622233149,0.0776728325511326,0.04138853172634408
8149,0.012726873454815366,0.0781595105177652,0.06645300210835901
8150,0.012584544464656842,0.06497842570468236,0.047945219738524884
8151,0.012719179092357293,0.06644001292739518,0.08438387031707681
8152,0.0130157832021795,0.09900229738100014,0.03560704671758791
8153,0.012957180667326127,0.09457868119628925,0.05953819756762862
8154,0.012791302703811095,0.07707112372973347,0.09539817845093308
8155,0.012796122951850671,0.08437618087918995,0.07520479176838463
8156,0.01251993682517249,0.06064976979924382,0.040348308455847755
8157,0.012611258760072774,0.080884270248996,0.07071469610636237
8158,0.012528508875591787,0.06166417554987914,0.04297678173508539
8159,0.012553784816889875,0.06908965247135598,0.05083989036279555
8160,0.012376270995939843,0.05453813471626933,0.04061363888014548
8161,0.012514743730766092,0.06091616772585083,0.06647474311232152
8162,0.012529589660665462,0.07233965214400549,0.027609739365667702
8163,0.01253829552152809,0.05963730636498458,0.06782766586939225
8164,0.012832953003546317,0.08762373109137782,0.07128548642672619
8165,0.012719892800378323,0.07601412768167069,0.0467142314735035
8166,0.012553215773290988,0.06612022211814614,0.03802117429055803
8167,0.01254043113184632,0.06921945713199334,0.08160245022599821
8168,0.012644867900134825,0.0839709823779037,0.018312943550953552
8169,0.012514601405126093,0.07195642622166622,0.045605794910553776
8170,0.012500236656887539,0.07536114775517108,0.08792722988659378
8171,0.012474682999201112,0.05877799238631056,0.04263618438470776
8172,0.012470980467386147,0.06480597627878251,0.051296102660249275
8173,0.012492148161571525,0.06616339743383425,0.04479926679811247
8174,0.012368560385967496,0.05215297047951684,0.04327868548226956
8175,0.012474893372531128,0.06830711022290935,0.08097472456952627
8176,0.012695658963478969,0.0744685689814723,0.04148707997505205
8177,0.013029579604540766,0.10973192083141545,0.049288760723360386
8178,0.012592755404955112,0.06771931199324283,0.02195298038908322
8179,0.012520554567105276,0.06511095526540808,0.06378241015580036
8180,0.01276825772849817,0.0965282135749868,0.04336015685969963
8181,0.012630663697240016,0.08098916016538578,0.0502073976664041
8182,0.012761496846937462,0.09839003975110014,0.04001988992398505
8183,0.012450846880552256,0.07045810055317824,0.08298368002175924
8184,0.012725984999386751,0.09543265944216979,0.09007454971016601
8185,0.012806766047785058,0.08552699421755573,0.018178811199674367
8186,0.012652446826254648,0.08111212443794359,0.06189901053182272
8187,0.012515540361014156,0.06413940454102725,0.03806235735005527
8188,0.012675173277825583,0.08830967981393077,0.06340774281340893
8189,0.012371969643979927,0.05305919282246954,0.04265963709033702
8190,0.012377073132639409,0.05143653678682716,0.05466499020113204
8191,0.012401663042909603,0.05323751198900442,0.099305047250853
8192,0.012483298240265523,0.0621958958598372,0.03227130973349356
8193,0.012564287576623288,0.06820264502437427,0.07725370967581752
8194,0.012570839081061788,0.07528694966042185,0.09571282340454575
8195,0.01250116781354089,0.07456846566507136,0.07550767648898268
8196,0.012377182458779468,0.05659858059890473,0.04630324654229686
8197,0.01245316118354676,0.07257052384898761,0.04672466677372817
8198,0.01237943652274081,0.05848917001883138,0.04937985324756563
8199,0.012675814953066236,0.08821077598393795,0.05755972192534889
8200,0.012519143391980726,0.07215341168616929,0.057305825654401434
8201,0.012395516012299336,0.05588716420175102,0.04216975703432887
8202,0.012704322960996007,0.09376933153719255,0.08081450807019655
8203,0.012412734744536417,0.05944786074045881,0.049666571726572226
8204,0.012361366276121225,0.057606196509033744,0.10006973586016704
8205,0.012857493302220666,0.11104143848037329,0.0669411213045581
8206,0.0127759034878438,0.09545146825435018,0.07545687628528741
8207,0.012464688926519923,0.0578346987892123,0.06415909993557974
8208,0.012465755937995043,0.06503911152232776,0.05573590463014754
8209,0.012628029248091203,0.06162975252382759,0.02003539338528025
8210,0.0126197110451927,0.07396578186382563,0.03694065668316142
8211,0.012586160469170778,0.06678488340751651,0.0708125395746628
8212,0.012700630415081566,0.06847717237528889,0.035944956929509754
8213,0.012606779270549939,0.07390033279742739,0.014957214658440595
8214,0.01246385850848189,0.05982366920345869,0.06278345702063032
8215,0.012633209298597431,0.07999924009307745,0.017682587391700533
8216,0.012423089402177743,0.053512973858250094,0.06346984820299759
8217,0.012529167136335843,0.07899594485121625,0.03869703048667893
8218,0.012369467409547205,0.06095029944219521,0.0327719111720617
8219,0.012320667078942284,0.05487799636887104,0.06685049892298174
8220,0.012453027409735537,0.07018172781854334,0.0775310621745511
8221,0.012355364692579883,0.053269634169495476,0.03968068681878374
8222,0.012363613398223523,0.0499471013902772,0.07139017159038402
8223,0.012508225308302501,0.06270861140761966,0.0605813244552788
8224,0.012532934847842975,0.06874961597856462,0.06748577096799602
8225,0.012394680309892965,0.05113612553779986,0.04858344605870975
8226,0.012622107312572276,0.07674346122681948,0.05379305085808861
8227,0.012416005495677942,0.05162264364663288,0.09440941025368753
8228,0.012450441738211963,0.06266224137702682,0.050246077044134516
8229,0.01239232670781204,0.05283955453676989,0.05636672041504985
8230,0.012490147860636309,0.06494788010238993,0.025667597688443122
8231,0.01285947790872031,0.10832160442212409,0.058566409887708275
8232,0.012584813204350552,0.07397568102390048,0.06235196549586299
8233,0.013023857662598674,0.10996076468961766,0.02466489749036061
8234,0.012632374683458292,0.07588363227334555,0.034439212590314135
8235,0.012471500992298604,0.05890714070243218,0.0647799571737299
8236,0.012660485808128553,0.08198703866355453,0.07685485526568897
8237,0.012457512244880932,0.058022871122768854,0.05645153060449222
8238,0.012535281181627889,0.06709448278896328,0.07391726285989528
8239,0.012554679780209174,0.08011528834908127,0.02474429884437452
8240,0.012573626104252132,0.06940996651750125,0.03853506498180351
8241,0.012587490191552217,0.06947747600852534,0.056909476652711496
8242,0.012615095893484965,0.07526515541868752,0.06748549958792154
8243,0.012683085282506933,0.08273396592726583,0.054231477563680575
8244,0.01273598850853725,0.09103199680901043,0.03858276003555555
8245,0.012686637215523556,0.09112225548759746,0.07069329410516483
8246,0.012416045427115958,0.05572185976955229,0.05686740555812854
8247,0.012435760973225924,0.061813863774368656,0.022955445024606655
8248,0.012553380165970436,0.07340952424786587,0.05660292938976207
8249,0.012532083234872596,0.06768258577906752,0.07345676071369932
8250,0.012496840985865548,0.05931567881322337,0.02747369877125607
8251,0.012751994666588962,0.08561273171990388,0.02346700461104862
8252,0.012489519274310015,0.06281727269641989,0.032731072728057524
8253,0.012678542529475001,0.08473719993993113,0.0877720972992139
8254,0.012602326762261468,0.08066962134595147,0.052819682684744906
8255,0.012668060795704855,0.08371129030664579,0.05758211363517351
8256,0.012457685600412282,0.05125744080719885,0.0625649915165283
8257,0.012558083110991056,0.0671091424162164,0.048671097365392546
8258,0.012867517385083361,0.09755711907913284,0.11072150339520605
8259,0.012644125095987188,0.07409839379962638,0.08227409414703495
8260,0.012598303729027911,0.06723366405268873,0.07129767734531535
8261,0.012494878748510145,0.05474863579332706,0.022105267799664083
8262,0.012473600443291937,0.059089280550876234,0.036608036219704626
8263,0.012410069700762222,0.05154827329984857,0.0522582411056749
8264,0.012504214293785367,0.06681034218742703,0.10083352650692641
8265,0.012852850560090692,0.10595105885107854,0.05817426673730037
8266,0.012648680854629134,0.08084723359794493,0.045809713045400685
8267,0.012504810581884887,0.05678606997899787,0.05562864725153293
8268,0.012682822735887384,0.08624144746021695,0.047192584048567264
8269,0.012522375565765397,0.060328875213727234,0.05343949174612068
8270,0.012593734175724541,0.07135963370692087,0.03622239075523765
8271,0.01245930239246918,0.05422527460864605,0.018146363925215653
8272,0.012717678601881712,0.08651207666668058,0.0385322607368832
8273,0.012562538474411543,0.06654985286372848,0.06221090362181654
8274,0.012574677790948155,0.07359727156123827,0.03155530548452104
8275,0.012579643403039768,0.0703527503742701,0.09950422912448358
8276,0.012653675742285968,0.07683872278567545,0.07253661030039454
8277,0.012662760565140893,0.0731734207581328,0.036570073851625765
8278,0.012684878811406874,0.07764839880553592,0.06763971575436437
8279,0.012553864426011748,0.06039039435229176,0.03920757745145845
8280,0.012700506751023686,0.0821022004270025,0.04721750490492841
8281,0.012994234426886835,0.10672937455745013,0.10664955879808577
8282,0.012553831627189403,0.06115125739671587,0.04260901225289967
8283,0.012680644257762563,0.0718413106789727,0.07598304154939826
8284,0.012510425180951053,0.05346645925897452,0.03419931456623623
8285,0.012653033200609504,0.07657011746031812,0.05674061836524898
8286,0.01249284604778949,0.06342162028778932,0.06047694830041556
8287,0.01253802466404084,0.0711107382207714,0.05663602619916489
8288,0.012474925462264613,0.066727815431553,0.07235919846311069
8289,0.012454054592396069,0.06917088618307583,0.03346183944376209
8290,0.012400941455864392,0.059729611381224845,0.0465383276665007
8291,0.012525656634225894,0.0719786959512829,0.07675912212797546
8292,0.012553621331160085,0.07423149146139547,0.06940981722356845
8293,0.012423776174834773,0.05280081888979014,0.05627690449652224
8294,0.01244692901476577,0.06745507457368471,0.06399594918594909
8295,0.012427817489414615,0.06187782078102148,0.08452766644322002
8296,0.012426514869688123,0.060904971455766316,0.05691695760736807
8297,0.012703859466056934,0.08928092729522907,0.05606182879105035
8298,0.012549530891696399,0.07013766921760217,0.05022005847749948
8299,0.012650013543828923,0.08315625660816263,0.03520147911092891
8300,0.012446438376573242,0.05875206358899083,0.07028906049970353
8301,0.012446939362692904,0.05130687414518124,0.06632516489042922
8302,0.012452908722747109,0.05636920151200195,0.07557802324001776
8303,0.012506947648180826,0.06886641676328173,0.052624166931205696
8304,0.012529322993796914,0.06367586234522346,0.06457087236840016
8305,0.013060259753259952,0.11330129556010153,0.031715974180393035
8306,0.012790854125599046,0.08422574189729255,0.029104094768042814
8307,0.012752896882717194,0.07786949211263827,0.038414200447524555
8308,0.012602893815269158,0.05908939465837319,0.044789598529639985
8309,0.012809561825133748,0.08073336500804346,0.05804571485183977
8310,0.01314978705244549,0.11044550983690708,0.05953168991133046
8311,0.012682793326123898,0.05972358363520551,0.043944691475303894
8312,0.012922597587360312,0.08796443046752536,0.047600866688912405
8313,0.012748190724294233,0.07297610397745545,0.05558853949296045
8314,0.012685334365752289,0.07270399353965203,0.062102965733553325
8315,0.013099046498753316,0.1141428865951316,0.04405849259047455
8316,0.012720153619148862,0.07334092698521699,0.04729891476023138
8317,0.012721530708781608,0.0773248999130304,0.05401531203482834
8318,0.012564659868661636,0.055889989292401084,0.0576214989854486
8319,0.012563113927805887,0.06357051127262581,0.08642053698204945
8320,0.012534126998783406,0.0633188404072444,0.055401604773092195
8321,0.012614368774460786,0.06987110288978221,0.04672288086132323
8322,0.012577190424685802,0.06526360399386112,0.08047344935628004
8323,0.012638364685360715,0.07161178759334443,0.03383202736714324
8324,0.012946867053018757,0.10550025392791386,0.030651110739013568
8325,0.012546424102518541,0.060140644845146855,0.054758306408820824
8326,0.012587470724299967,0.06185679039534127,0.047546529183878534
8327,0.01265706268748304,0.061725390176496434,0.030712172562227146
8328,0.012579333827167152,0.05539027696362954,0.08441404506815312
8329,0.012772003986634913,0.08127081572628862,0.039786554563166196
8330,0.013016829510304492,0.09379218488424754,0.05941258597921102
8331,0.012846811646619419,0.07504289069610551,0.08182561466888383
8332,0.012716332042252483,0.06966383388992603,0.056375147941172966
8333,0.012597829104940539,0.06414831750789912,0.04900100644254114
8334,0.012570308437158484,0.06015175857219636,0.05130740332424182
8335,0.012639856468806582,0.07255048408102864,0.08918823820660898
8336,0.01255611371401414,0.05614032223232044,0.0780126398107024
8337,0.012534965175693316,0.06255900745453129,0.05510621880816948
8338,0.01305981514035603,0.11407457077323033,0.06381155498720373
8339,0.012663287787470631,0.07559477002327775,0.031083264182735774
8340,0.013167439226897837,0.12104399032362416,0.0254915764272391
8341,0.013267903142350301,0.1304939947586571,0.09192229945675466
8342,0.01294583490028475,0.10788375695752972,0.06382086791344509
8343,0.01250312042819898,0.0631290576356183,0.04122512321646144
8344,0.012508425041180524,0.06128733146547797,0.06787417182789089
8345,0.012605453115048279,0.06384546714472356,0.08570603132200233
8346,0.012711135181077533,0.07025014208610518,0.09025153279636541
8347,0.013057530550559582,0.09972310413728022,0.05821382173009071
8348,0.01259264530351601,0.06150114975761587,0.04112887353702334
8349,0.012597666334052076,0.06135483514998045,0.07770248741559833
8350,0.012786583526875627,0.08669925188455906,0.05755599606860735
8351,0.012925864852416499,0.09465362002150095,0.06052530382823578
8352,0.012680086479051236,0.06638114240803458,0.07523026621684323
8353,0.012750542289020669,0.0814906251722797,0.05072441487673643
8354,0.012782470543661564,0.07631958212239036,0.04299863037006995
8355,0.012804717245760027,0.0858599267756144,0.051513763931192856
8356,0.012649389864946438,0.06932979352042144,0.04030581647196173
8357,0.012626373823774637,0.07743926209192503,0.05824752229922199
8358,0.012693830784071722,0.08042155091893159,0.07858242970137069
8359,0.012718233746222928,0.07954303964408507,0.0648002717210294
8360,0.012443014152509833,0.057133589782952444,0.03024356994996119
8361,0.012836970538252217,0.09492988163239055,0.03451196749233943
8362,0.012494396709044411,0.0579716529952376,0.04853233515861455
8363,0.012605175874490497,0.06474905343465005,0.07149400468233658
8364,0.012550481161408509,0.06752595955495838,0.04690845237768914
8365,0.012479377920454775,0.0565838625400809,0.06083936258710735
8366,0.012387023221632858,0.05289912453397142,0.020546335594370673
8367,0.012481562868809547,0.05902777122323759,0.08014872220620813
8368,0.012583936500302914,0.07940328329685944,0.10229285588902895
8369,0.012519784994545403,0.06772685202620486,0.062128857615784
8370,0.012655717314317113,0.07910472213605188,0.039091196091938736
8371,0.012553350561348113,0.06211793654799624,0.039164221929638865
8372,0.012638764122534613,0.07410567817073259,0.08533749144602727
8373,0.01267539391873023,0.0769774891421531,0.05312524546594021
8374,0.012497486525935826,0.06596519341261382,0.06370075007996354
8375,0.012566032886725302,0.07168428408853368,0.05981748194469766
8376,0.012508295076200344,0.06577879327090512,0.08237100483980175
8377,0.012506367285537645,0.06870843359483754,0.05715264141668033
8378,0.012596690464845697,0.0826552543696237,0.01907406190131041
8379,0.012752459312085162,0.0955054526387923,0.0879913409314876
8380,0.012601088464937875,0.0766301695817888,0.09624603021501343
8381,0.012676395356433374,0.08246657031897273,0.04444157512313577
8382,0.013020913826931584,0.11299641615363654,0.06786525740290607
8383,0.012544077670240919,0.06582609370852434,0.01601460563017244
8384,0.012652025048767283,0.08662554103185388,0.04547413850902895
8385,0.012408813785591869,0.05228557712948964,0.041562962004184335
8386,0.012450245083234208,0.06395874403980233,0.04084100445840833
8387,0.012587916942784265,0.07437092630246421,0.06406760338343398
8388,0.012743347751533924,0.08188980692548162,0.05579186440459876
8389,0.01266164168087044,0.08095689517368791,0.08028568520996983
8390,0.012438340326868452,0.058749554471699314,0.06470005404408735
8391,0.012450742355339727,0.05786178442329502,0.05900099077326378
8392,0.012540615455431059,0.07115201411479442,0.04524440989513602
8393,0.01258573400951259,0.07035400041616625,0.06680867524464859
8394,0.012450308139383255,0.056023039669455724,0.05784072550521114
8395,0.012585745279722612,0.07231312850472885,0.041506382176647406
8396,0.012483700709231705,0.0630588768274557,0.06307851295055246
8397,0.012555988995424086,0.07147728123492719,0.028331336766478678
8398,0.01246141378899689,0.06053500115129936,0.020855284635859804
8399,0.012470893130148639,0.0599296812212929,0.0773938168009678
8400,0.012534177476326472,0.06327260463764506,0.03163894029655821
8401,0.012489367638413301,0.0675616863066676,0.01657185753616163
8402,0.012484340347219567,0.05690241394230656,0.05343672885099636
8403,0.01255280258275804,0.0643103183076737,0.1069634672882678
8404,0.012400893431700016,0.05106396264556965,0.03895797468236128
8405,0.012520099691331504,0.06839415882882746,0.06145373080242535
8406,0.012861267713964649,0.09966776262448614,0.03967610866203456
8407,0.01287652354097086,0.0992620615890565,0.04470116325101138
8408,0.012903727179390647,0.10223543318573773,0.0688277722158225
8409,0.013195521588345995,0.1308100603169875,0.06343370646916836
8410,0.01266456497250836,0.08051460154580312,0.04628671417271983
8411,0.012892116978334782,0.10198539242335716,0.06926078086306423
8412,0.012582797215715332,0.06819419682083651,0.03283326194601557
8413,0.012467934267020687,0.05649176384611029,0.029768775481931485
8414,0.012535090421731492,0.06862677652715807,0.03747234459881635
8415,0.01256358169218042,0.06676756280348638,0.09958443364785378
8416,0.012907389772190568,0.0935358527039151,0.061730958542933395
8417,0.012906747044556912,0.09429533870208955,0.060136695894569686
8418,0.012629437382016028,0.06232878065261137,0.044032246270489704
8419,0.012701878552056737,0.06577130652420939,0.046905415348870105
8420,0.012669461097606888,0.06816199824372927,0.050564010517403175
8421,0.012537448759636782,0.05880201697504413,0.06179686375220669
8422,0.012664956598298104,0.07826896550994597,0.03158069806112866
8423,0.012605044254808349,0.07578067917983784,0.04912931577945012
8424,0.012674558890200433,0.08501119404072457,0.03250117401953156
8425,0.01240010880296216,0.058683299127029305,0.06336288372893228
8426,0.01235302915033035,0.04999701941466392,0.09468333526433742
8427,0.012430444054308437,0.06368013783734679,0.05208776479674637
8428,0.012440212204432937,0.06961939803580519,0.05102526923309077
8429,0.012480584620528784,0.07284130942896964,0.05618777216820253
8430,0.012416938919981758,0.056869422258902215,0.07725198072869724
8431,0.012462424657069086,0.061769106263692565,0.03620831612674053
8432,0.012660080918881373,0.08600755502499975,0.05037863190128772
8433,0.012423730404826012,0.057641864415386566,0.06164817835045822
8434,0.012601071152646307,0.0715498023606218,0.05271539827824344
8435,0.01319430987190093,0.12411000643932256,0.03004933724623754
8436,0.012736069766447663,0.08802258225311693,0.07671789796573161
8437,0.01258469996674322,0.06504589602019209,0.09286983046762842
8438,0.012469641134005567,0.062302218053653505,0.04040602151551771
8439,0.012562427590815313,0.06835102126921931,0.041450218673525094
8440,0.012455398218955247,0.05734318117060598,0.03664298583592974
8441,0.012622123217939681,0.08634871635348017,0.03585591973336829
8442,0.012693646506751498,0.09515109396589076,0.07656346077670306
8443,0.012572672420929704,0.07889458116492913,0.06510555625004424
8444,0.012743611302642961,0.08894746499131596,0.05956000653612207
8445,0.013013680703226694,0.11740665663119862,0.06952950806582396
8446,0.012697759112468213,0.08995915334952781,0.07867745803918826
8447,0.01253731817010778,0.06497657900239959,0.05312240148401491
8448,0.012833214275682028,0.10142839959554452,0.06853587120185801
8449,0.013106165733187408,0.12917791043827995,0.06539552792146595
8450,0.012650283554782505,0.0866079311278973,0.05125459493616695
8451,0.012474174211660532,0.06654584854665924,0.01637719823885203
8452,0.012789272112119518,0.0921844995517816,0.07756358889024742
8453,0.012465898676213607,0.05701189678466697,0.058048860970162194
8454,0.012664655171886304,0.07840453894099156,0.05290346776007373
8455,0.012630433476250296,0.07106580732009053,0.06010969889246368
8456,0.013113226232870952,0.11519934413417651,0.08657560957661498
8457,0.01275842929033397,0.08433256367747834,0.06210652808010202
8458,0.012904043750664486,0.0995539236847995,0.06719713342345861
8459,0.012648474283166108,0.07024462345910899,0.06742943877163478
8460,0.012870048281161048,0.09696383956369703,0.06008871583822855
8461,0.012531703272092833,0.06552056707349234,0.04860620388653155
8462,0.012407755938216585,0.05261203530463531,0.14078743364283938
8463,0.012365931272700257,0.04911160932788749,0.053062208004672866
8464,0.012455458642155214,0.05978669692851719,0.08163473901527211
8465,0.012542258233663027,0.06998716067892624,0.07585387589675031
8466,0.012720446866142458,0.08125997324692966,0.04273909843131431
8467,0.01254368641121376,0.06179145468108645,0.06727198796956273
8468,0.012456774117301377,0.05561039805564367,0.06456931477830395
8469,0.012584477609727114,0.06475898162242329,0.0794511125548047
8470,0.012843598749090171,0.09723524113701815,0.047818877253427754
8471,0.012642463946784956,0.07923454989742246,0.06066970965959816
8472,0.012727018141814204,0.08687974079247646,0.07420945245103375
8473,0.012486751075440025,0.060500773905260506,0.07258316543719895
8474,0.012650170805427356,0.08395980919976659,0.05894179237811563
8475,0.012826836856605277,0.09067405309658877,0.06730953216552636
8476,0.012881194560919249,0.09432744263373972,0.08018939900648465
8477,0.012660264144558796,0.07602172967131708,0.04265863849407448
8478,0.012478920267274317,0.05839747875770928,0.06499100676120015
8479,0.012579243901699526,0.06652085828053145,0.039527768384916104
8480,0.012874229840808389,0.09473057248899704,0.06133486455640485
8481,0.01278055315588057,0.0925318943036348,0.07403617000944591
8482,0.012704810837509538,0.08721638143396011,0.07069994350365852
8483,0.012510294467298006,0.06248714040751886,0.04739308325292856
8484,0.01248528875316813,0.06306880087831883,0.04503457373068002
8485,0.012798865210326003,0.08665445878331986,0.04901791163996527
8486,0.012714851903225544,0.07746059655523925,0.0646864389964562
8487,0.012531108538005835,0.06354488484797925,0.06276099523553381
8488,0.012438288883748292,0.06010706869104575,0.039041625305004435
8489,0.012471428824530329,0.06577270365654433,0.08833976261248612
8490,0.012306927526795675,0.04927023340155336,0.06081124866780003
8491,0.012446273499210438,0.06429214561288676,0.04371324341928928
8492,0.012432629694255076,0.06560274702810243,0.03960293890325235
8493,0.012337449820908715,0.05257017615483996,0.05314942423009645
8494,0.012521223723269907,0.08218503178912855,0.07418565551480237
8495,0.012512064036365237,0.08024626522111836,0.08537249790293594
8496,0.012511243661318158,0.07848576027905958,0.061471382357169105
8497,0.01239372808255918,0.06540250820217701,0.0882184558557346
8498,0.012552658516603428,0.07587625511926382,0.026649139298230914
8499,0.012833915022924188,0.10419027304504787,0.04970187002623285
8500,0.012423617092128234,0.05627596829766543,0.051376589516163244
8501,0.012602909394909125,0.07842924425800588,0.0771391672918712
8502,0.01260241291391134,0.07165030859080704,0.07228038617052707
8503,0.012549292579140123,0.06680634460654024,0.08148232630322418
8504,0.012642315971898816,0.08385806786196201,0.0645662358005944
8505,0.01260538985146272,0.07789210011636842,0.0345054194870185
8506,0.01246849136035805,0.06252114528777453,0.04047266565086041
8507,0.012399639663754142,0.05675930908560031,0.0841295868617823
8508,0.012459043490215309,0.06248135403674609,0.040321722156030165
8509,0.01283623731419705,0.08136276774335344,0.0240969846814567
8510,0.012484407539463747,0.05731679157634925,0.026699815483105245
8511,0.012564216400774795,0.06070866106880342,0.06960511133011764
8512,0.01284819787950939,0.08955915310659741,0.09602653823591879
8513,0.012647673064101413,0.07040121321160829,0.07157849220886128
8514,0.012477534909708158,0.05862063513149619,0.05317498496772342
8515,0.01253131531744014,0.06645343526692911,0.042599024597053024
8516,0.012695357838347627,0.08578817448688841,0.06038282323640405
8517,0.012605395190249181,0.0692152308802424,0.032237721118059066
8518,0.012959464023809564,0.10036581086341284,0.052295453530438185
8519,0.012983521011493058,0.09795982359962346,0.057927868290828674
8520,0.013132900053660381,0.11070985708353229,0.11080174322157582
8521,0.013118101448959233,0.10644886990296581,0.038417039289901006
8522,0.012806592784755287,0.08950456567819089,0.046046684373591586
8523,0.012916520743868823,0.10641987944541514,0.09390065819180252
8524,0.012406217690760783,0.05739045465923644,0.05428190664045394
8525,0.012548590339666339,0.06500028639407938,0.058232374696245835
8526,0.012547679385716555,0.06116513890878622,0.052228668776459444
8527,0.012656816440973244,0.07603778388339885,0.07451535313452863
8528,0.012507005716379228,0.06008782068445479,0.09918162193466845
8529,0.012625064847050957,0.07206006144526038,0.020104054956661264
8530,0.012682998604517843,0.07123435560744368,0.1321627581935541
8531,0.012765042938727836,0.07387083122190292,0.07912599140895174
8532,0.012527307494207473,0.06438803175597342,0.04051339550072451
8533,0.012787267417841815,0.08459077998011785,0.02856382608513583
8534,0.013116251898296663,0.106720918070899,0.07165292663556817
8535,0.012627384260305774,0.06976036523917188,0.059579143745563584
8536,0.012436834824943644,0.0541208721957541,0.032885425131921074
8537,0.012496414527804665,0.06921315790494678,0.053274393620966955
8538,0.012831002023130382,0.09645418305402959,0.07024124711646383
8539,0.012551156802192518,0.07458074142394772,0.04282832437865999
8540,0.012870815350664023,0.11086335728598085,0.047587723642066024
8541,0.013225436652617302,0.13508399540774593,0.046491360601121925
8542,0.01263972597363996,0.08401813851754653,0.05335159332220981
8543,0.012574396082569229,0.07997407098236456,0.05341855316210682
8544,0.012402571280298999,0.05476830254002162,0.05632521125548155
8545,0.012530887535677411,0.07376383096918002,0.053020270806982774
8546,0.012353688240606132,0.051889539848656886,0.08905651968180388
8547,0.012503464803968996,0.07775644439882144,0.03123009714654028
8548,0.012325650992059534,0.05310858677448031,0.02835101071361861
8549,0.012430229952748267,0.06688656487048328,0.08770744695467
8550,0.012609648505707349,0.0824024343377119,0.04062351866300455
8551,0.01239603594055493,0.053937732156180286,0.0666977098305046
8552,0.012522562271309932,0.06334634841868339,0.049626047946497456
8553,0.012880175108173002,0.09087309877620596,0.03773212558632967
8554,0.01267733703118307,0.06993023535250796,0.027863228659797377
8555,0.012611156811576613,0.059531537028448205,0.06238171215021071
8556,0.012919433856306128,0.10021128055258127,0.04433069761808567
8557,0.012639055829898816,0.06995926619609835,0.0593817073803402
8558,0.012618061481680773,0.056853690162534075,0.06663944270310283
8559,0.012715425108808024,0.07167240668849843,0.05837659703598192
8560,0.012804634965841081,0.07792820008824768,0.09254255159406134
8561,0.012630398567140304,0.057639336361513964,0.07091013502230491
8562,0.012798315688723763,0.07443250988068335,0.05030084247386419
8563,0.012737437491743485,0.06599805360393186,0.08331638868480498
8564,0.012723883542696733,0.07762452244315447,0.02286864029808147
8565,0.012692378053694914,0.07641058795824716,0.06039603036324491
8566,0.012520477819412684,0.05874255177906135,0.08498167468816298
8567,0.01249060635284689,0.06023074143378661,0.06273818092642477
8568,0.01266315644008353,0.07995559582017729,0.053215413635979376
8569,0.01243721655493635,0.06446307347119944,0.015230720622243338
8570,0.012593443512202786,0.08398368423141765,0.020276596802050323
8571,0.012398393274833145,0.05952278962293506,0.025002163905226506
8572,0.012688153702335921,0.09540159081073063,0.07511450548671728
8573,0.012883846330227187,0.11151676273832842,0.06976126798054197
8574,0.012513936165867138,0.07191340368067618,0.04808038995099451
8575,0.01240721462876085,0.055962457433568216,0.0630879524310259
8576,0.012458652910026615,0.06037461551533985,0.0855531272580628
8577,0.012541384414365763,0.07502947787617364,0.06117923465875365
8578,0.012647137483120853,0.0800491574389308,0.02121924097531179
8579,0.01251570148263281,0.059259394190428,0.13693016985869214
8580,0.01263926343793699,0.07230077499774178,0.05573297271734636
8581,0.012495511159276537,0.06545861987764735,0.02350939066445392
8582,0.0123761730328722,0.050976588855643636,0.03555675559522495
8583,0.012452865133618046,0.058446550532621315,0.07796328688569608
8584,0.012765508232062812,0.08619006332020751,0.023053646770006847
8585,0.01291855803564264,0.09764889242301064,0.05668849739576362
8586,0.012827570456387131,0.086406191959638,0.13112469766232904
8587,0.012700561043213841,0.0765299760092261,0.09503967924474707
8588,0.012927936249018772,0.09501566970295987,0.0836552064128254
8589,0.013273721969876995,0.121059053295145,0.07174573333899265
8590,0.01297088894950468,0.0896712658270878,0.06871219701129645
8591,0.012998004387820635,0.09215842814335462,0.056420310460013036
8592,0.01325190472823634,0.11788500471895513,0.0476639519639613
8593,0.01364683483555494,0.14232428344589534,0.05771341486825965
8594,0.01300609574959331,0.08751358303089675,0.03373813033355594
8595,0.012732828138087623,0.07009503355569686,0.0666510974466683
8596,0.01281999199544828,0.08616380546527372,0.06538035002805188
8597,0.01251906564901895,0.05781376402052373,0.062829268970219
8598,0.012530830564641876,0.05566380430726241,0.05143535815775753
8599,0.012633400440093489,0.06834388881462708,0.08193820220897803
8600,0.01296306255439136,0.10506455905066148,0.049784990557557425
8601,0.012534815762379465,0.05893488432839989,0.03249398427258259
8602,0.012533224812213245,0.05758793319374052,0.06557277789368599
8603,0.012859635345838859,0.09162330526945134,0.02735434685638509
8604,0.013371410364869158,0.13270151042849493,0.08391286278725461
8605,0.012930015821375472,0.0960439549019663,0.07995725943563546
8606,0.013100791207315134,0.09783648845226633,0.06001600187212446
8607,0.01292540918391057,0.07528310450483125,0.050586598860681314
8608,0.013232488152378485,0.10313898737197717,0.06693455061221198
8609,0.01289262413580585,0.0742021709089554,0.0514470159518505
8610,0.012808857733777568,0.07399458247811107,0.06697562052803288
8611,0.012684781566953993,0.06387898176170227,0.054424068674043875
8612,0.012916365933129037,0.09084636774372451,0.06564418050298987
8613,0.012697574596972247,0.06638171262553978,0.07964082469549305
8614,0.012706194214356334,0.06983707754039105,0.041451072363366724
8615,0.012679719299353385,0.06898645018218331,0.0906642445104218
8616,0.01240916922301965,0.05171668272789986,0.01675158438059887
8617,0.012437608805963885,0.05984324143982465,0.01691072549357864
8618,0.012705855952590285,0.09201334426866947,0.06900960358861952
8619,0.01263695550015459,0.08369295246845045,0.038659517761008164
8620,0.012579571757645474,0.06697128730975756,0.06880066671186992
8621,0.012703083277874207,0.09146133056130083,0.054153356896787755
8622,0.012408870285330352,0.05809887879197224,0.03400089065513294
8623,0.01242620618169414,0.05048869186276181,0.08267794237921375
8624,0.012551142805742758,0.060877384036590355,0.07331378088351796
8625,0.012659863335679658,0.07399202021578935,0.04768808943352628
8626,0.012684054364717028,0.074004686908169,0.06843408055194083
8627,0.01291517029042848,0.0978357220134707,0.06721733186954004
8628,0.012962099782068508,0.09226280335601943,0.05994947691912774
8629,0.01264571318460002,0.06573196422337983,0.04613414363568197
8630,0.012576146196167133,0.0632725029262171,0.07829689466252854
8631,0.012573044787582116,0.07450336188447844,0.04343170886121976
8632,0.012555885418278035,0.07481477348126811,0.057695405484084715
8633,0.012396478637700967,0.051565560002620574,0.05503940139648048
8634,0.012554443997100024,0.0681557454812685,0.035502436293795174
8635,0.012990804689714187,0.10537798625270892,0.10977798083754675
8636,0.013089932430631588,0.11315029954056079,0.04653689809422988
8637,0.012551765141171659,0.06990029235767108,0.037347833946316175
8638,0.01238782802888571,0.05041462876527704,0.040566595086506375
8639,0.01251414958137443,0.06689442387247573,0.023358227869194163
8640,0.012521142763062007,0.07010575134216442,0.06680878864907683
8641,0.012624616777347794,0.08047890079889287,0.05667456779871913
8642,0.01248506230220425,0.05519144021786824,0.03972095262831925
8643,0.012711862379930999,0.08906951361711127,0.053639384679532456
8644,0.012604807380423617,0.06675244362129233,0.07595293029323381
8645,0.012779887967278126,0.09510063250438457,0.04052350515652696
8646,0.012473271874822247,0.0624481475719115,0.08031238096693
8647,0.012601967920073889,0.08150498382809877,0.02396709458589451
8648,0.012452779586804612,0.05900696974687706,0.06960574611891913
8649,0.012435451267601677,0.05933471991099051,0.04962406747807231
8650,0.012691605014211304,0.08458862733179937,0.07998068478214927
8651,0.01272774020221971,0.08269796596331107,0.040120804017935725
8652,0.012850330365884507,0.09475488141890699,0.06900609147521687
8653,0.012813265762757906,0.09813518476513154,0.028465606118905407
8654,0.012591150791272036,0.06684909031498266,0.015180334577305556
8655,0.012606072255084137,0.06612332390193772,0.07068943925815505
8656,0.013211461504284698,0.12334694395795545,0.030039929944491044
8657,0.01366679611170183,0.15615083318006434,0.07586531826089367
8658,0.012754721517755268,0.08999712270264754,0.052259355499759415
8659,0.012665343307678734,0.07815580975214699,0.08065015842704164
8660,0.012626906263484143,0.08205839728732872,0.0648755749032986
8661,0.012450140015419485,0.05747570195458268,0.03340651407072
8662,0.012402653353063526,0.052503697964536314,0.0656447600507194
8663,0.012507689094357741,0.06261382481984677,0.06866091253191253
8664,0.012730445868993915,0.08910325646346308,0.05698510666625333
8665,0.012691891502573617,0.08288664303341735,0.06158705703062743
8666,0.01270158471407488,0.08836682458025463,0.043187561114161555
8667,0.012895305807173954,0.09127785836495342,0.027520048507810806
8668,0.012668205808302184,0.0766463712353689,0.03167011494545824
8669,0.013060226442331239,0.11747774469670307,0.03274762926986222
8670,0.012605683706900215,0.07334005814124653,0.04192456836282588
8671,0.012526440097361516,0.06815413112175091,0.0400942167782004
8672,0.01261056509659265,0.08578770672360156,0.055326915359380995
8673,0.012876847643960016,0.10044559394732361,0.05532354942271482
8674,0.012745447411946323,0.07745536142698202,0.034456385594880755
8675,0.01265209957254076,0.06970380372330871,0.050838940829981534
8676,0.012687891194097392,0.07758767289676173,0.06907852485846533
8677,0.012545311862843066,0.05704496806032118,0.07226197011326137
8678,0.012648052359355478,0.06925212113294793,0.09218108741101246
8679,0.012586741496099351,0.0650704517909005,0.06198810478042766
8680,0.012627746075957002,0.06513609719395945,0.09585757997436192
8681,0.012776094986352548,0.0832708754296173,0.0709677147451821
8682,0.012530820881362679,0.06570826538484235,0.02610799818387348
8683,0.012527888718055451,0.0746490723720855,0.041209124950962586
8684,0.012498935614721662,0.06670405921883063,0.054032957064230884
8685,0.012479905400325153,0.06672426822445866,0.05265814546736503
8686,0.012452353741156956,0.05771756334994834,0.06531272655704304
8687,0.012498545271217243,0.0659592559186334,0.07027651096574092
8688,0.012537074201403401,0.0758178562420109,0.04621518695342239
8689,0.012375622337172565,0.05371925594334458,0.0403166558734394
8690,0.012426023364473349,0.055467844860382705,0.08556294292900732
8691,0.012595505671927031,0.08323289285416967,0.05595374423531114
8692,0.012439284702058007,0.057232545511907706,0.014098672270915248
8693,0.012585000579872555,0.08092329079605597,0.016702897763872772
8694,0.012434034842052527,0.055008403562510896,0.06249493624378954
8695,0.012599414623826013,0.06988432685157948,0.05336889256339043
8696,0.012587797483218756,0.07399595530598052,0.05414272904788275
8697,0.01238905251511242,0.05408589577520789,0.05169864311729426
8698,0.012643357211915148,0.08873270142159,0.07313256027869713
8699,0.012488778843951486,0.06405240433318807,0.039590294989227864
8700,0.012575827238674736,0.07756235177703717,0.055015994596413174
8701,0.012568974088465227,0.07589938873818218,0.04544240796255387
8702,0.01294344708680227,0.10858844591304853,0.02659212045147072
8703,0.012523876581885538,0.06786673579339542,0.0681481643478707
8704,0.01251301476965887,0.06586291427018945,0.07174927355940308
8705,0.01250813261948268,0.06419673196722914,0.04212897306211432
8706,0.012590154712335088,0.0731930490250201,0.046119011179738205
8707,0.012451697113264845,0.05736821673603956,0.0820715292751068
8708,0.012784201699388136,0.08649821426152816,0.012912137458041284
8709,0.01297996088429235,0.10346475944018588,0.0529698298142499
8710,0.012632717317815763,0.06639834381890013,0.030541833641364157
8711,0.012732429388146761,0.07230484841671836,0.03769619752121593
8712,0.01291595313612026,0.1016539739478283,0.061201618955797954
8713,0.012701804355986456,0.077598902534527,0.07803746341201864
8714,0.01299385801199005,0.10975442412663663,0.0637969030236303
8715,0.012676123417107965,0.07697579663513356,0.052993798090671104
8716,0.012556750120791355,0.06578245449988912,0.04463605557109082
8717,0.012613294306225148,0.07111346836206937,0.0645283645298335
8718,0.01264884305947955,0.07608836776538078,0.051713645061629974
8719,0.01262505367772816,0.07921340852734116,0.04099825466355764
8720,0.012399590007278326,0.050525679481295264,0.06504683862370199
8721,0.012462578292158875,0.0592027358722152,0.05276148614603649
8722,0.012364565707871788,0.05336459345455297,0.047411344932149255
8723,0.012498383882792917,0.061861273953774554,0.015975804325986144
8724,0.012561532799022642,0.06278081067654304,0.07427702180723994
8725,0.012558422528428861,0.06543273880683224,0.045813249459593884
8726,0.012434226093989005,0.05438995204531647,0.05913041299297634
8727,0.012572935788071253,0.0751359454625223,0.06486745846771177
8728,0.012467896393786421,0.05601535722290351,0.037755582947587636
8729,0.01251301662169971,0.06277767913199364,0.03899526366294536
8730,0.012745580716997301,0.08162905377080346,0.0586700422703932
8731,0.012953082688062577,0.10234161752922967,0.032828091334679475
8732,0.012601006418168076,0.06646748089849122,0.05496720284966129
8733,0.013022977413627308,0.09325440351282532,0.023028301650957848
8734,0.01271897476520469,0.06850225129882441,0.03804591981357627
8735,0.012605339441720334,0.0644624633592999,0.04815709777707189
8736,0.012626449045941788,0.06336334343444537,0.045838839664424466
8737,0.012812233442811653,0.06853527337828143,0.0555747679228464
8738,0.012739509935008561,0.0659536261747394,0.04626799554993595
8739,0.012877939062848827,0.09121127698490882,0.09847759666484918
8740,0.012537720526987583,0.054686444386316674,0.01911595237947291
8741,0.012626077869610553,0.0670142195959124,0.08676221312374725
8742,0.01266005390812029,0.07228802799562407,0.07005279272189797
8743,0.01273476579697825,0.08315220979243149,0.04345298285551375
8744,0.012762429145760734,0.09446329723570024,0.02982631506926359
8745,0.01299439587094698,0.11603615865556877,0.042116358060457645
8746,0.0124774033889609,0.06283970790685149,0.03346076387531351
8747,0.012541961433553135,0.06689501278470704,0.07811943164271662
8748,0.012679242642451072,0.07848481672033138,0.0621650726767523
8749,0.01254434702063931,0.05919443984009626,0.048760975105373285
8750,0.012813034769361768,0.09198918615779389,0.05886383052139739
8751,0.01252634391428224,0.06818572639662596,0.05508404126704969
8752,0.012457665614868664,0.059657766540435614,0.08937545693861511
8753,0.01247311432874948,0.05709784222383217,0.033729984313039696
8754,0.012451565303008675,0.057025511908832024,0.06481010021494317
8755,0.012555154033391006,0.07280452432718523,0.14247730375477793
8756,0.012500081902442858,0.06636556740714827,0.03223691326758685
8757,0.012574869735512448,0.063856121834697,0.03369743839197652
8758,0.012505612590860344,0.05905465462023625,0.07107763023470051
8759,0.012479326509589632,0.05607629011874405,0.05838701937764115
8760,0.012787627715457517,0.09773894095186962,0.028439123101657065
8761,0.01242296422436396,0.05217983471374156,0.06937419337293842
8762,0.012484158768781771,0.06920064196879973,0.07749843890186486
8763,0.012506824314226754,0.07102235005153858,0.05912278441104975
8764,0.012400819190684456,0.05733196335909701,0.06573940494214067
8765,0.012470720283215869,0.06563857165801176,0.03325195811558501
8766,0.01257017752422446,0.06780920071227024,0.04019908138701443
8767,0.012420379859458862,0.05870438315109172,0.04373218394394871
8768,0.012410684967784864,0.05225090572196125,0.03520929493353134
8769,0.012454879733291834,0.06725974037157634,0.05591805274303277
8770,0.012504907594866041,0.07396744502453227,0.04589059329184437
8771,0.01264836285750088,0.09045671243526186,0.06102446312404529
8772,0.012426248090534827,0.0632429469388027,0.066898613452788
8773,0.012380241101570141,0.05187934707239407,0.06434165835327242
8774,0.012580871399578234,0.07209231135470522,0.04327962122913449
8775,0.012476184737773083,0.06220725238531448,0.05377298136652268
8776,0.012641875440550798,0.06156604774541506,0.04504177308643932
8777,0.012683755580939935,0.07964409452429276,0.026381136909120882
8778,0.012546700208237895,0.0705329427115086,0.08464479879541176
8779,0.012622984440225705,0.0774986555282701,0.08303402757038622
8780,0.01247837559422343,0.06983167834044152,0.07225843970190186
8781,0.012420600242347968,0.060520247944362046,0.08342597470012225
8782,0.012486836686440756,0.0670683201946978,0.05906549631391271
8783,0.012724454236592407,0.09510760621089834,0.08618103462186509
8784,0.012336335036744313,0.051594840319145345,0.06749938047480251
8785,0.012340937604532844,0.050642088288569906,0.04701685000319654
8786,0.012648947127420327,0.08455258586641484,0.055331753635863214
8787,0.012528167986865322,0.07182746277302453,0.06261371584835006
8788,0.012516292358791986,0.05946163979263825,0.08501566071722347
8789,0.012569879754111087,0.06194670577982803,0.04284924261367129
8790,0.012540229537751916,0.06795098450890769,0.03937613097259527
8791,0.012667014801224225,0.0754889496278101,0.020780210612893243
8792,0.012645825500013072,0.07086015293289923,0.06385201014422887
8793,0.01247038372140963,0.053479268014834096,0.07562519446357982
8794,0.012483180720527525,0.051356291644730136,0.07847358479634671
8795,0.012650573267584064,0.06463163589221269,0.06932258082939632
8796,0.012612031080695096,0.06366128461079631,0.04590337641961975
8797,0.012848422407341197,0.09698018395208831,0.07339430159052968
8798,0.012687548928297107,0.08143930299712229,0.05138025283672424
8799,0.012498546363960458,0.05967492048418356,0.0630593819870114
8800,0.012538072215450663,0.06407408253042848,0.06116957179840747
8801,0.012749404943620238,0.08600168616137804,0.0404087448388824
8802,0.01262990259064856,0.06568515746780564,0.05467120131035347
8803,0.012688226833377385,0.06738840348323982,0.07528470501384349
8804,0.012508342706550967,0.0570239438905106,0.030765727834556778
8805,0.012609123674416701,0.0709578520192018,0.07713509524467302
8806,0.01253222879397649,0.056418782586971215,0.08873813426635074
8807,0.01252632625342125,0.06346010654744552,0.024970820217945805
8808,0.012563488756995,0.06440031496759466,0.03746298129713476
8809,0.012999069640725641,0.11072793309609816,0.05842608419457214
8810,0.012668635572765215,0.08341235033604485,0.06547032036317577
8811,0.013147660580526807,0.11661031540403036,0.040699416590067664
8812,0.012799285228949851,0.08131479687097581,0.04637533243856298
8813,0.012817573885800737,0.08214963769743479,0.06722445503967567
8814,0.012693141724609691,0.06972935630271572,0.039546699739449756
8815,0.012690268614408199,0.06815856821867514,0.056908229017495905
8816,0.012830744646042768,0.09020388696311663,0.05022130994486499
8817,0.013097996671916724,0.10820320692600634,0.051560695487007105
8818,0.01291228896788198,0.09668328630747738,0.09819569962659257
8819,0.01273284847244225,0.07678395230456776,0.04645749136106038
8820,0.012537219526892584,0.05937695803156737,0.01868414524208658
8821,0.012564631970610501,0.06750233752008604,0.06190351698987755
8822,0.01271937672492025,0.06931784455430477,0.02880500137198576
8823,0.012875943864593514,0.07649962947980318,0.09043982759252972
8824,0.012600095959303604,0.06259057713447408,0.03123369780436566
8825,0.012679669892975181,0.06455615399035747,0.03122841587418017
8826,0.013007820539139042,0.08682306866056223,0.061194131649485006
8827,0.012817230047739103,0.07439308427486384,0.10123266629548551
8828,0.012585603928048729,0.06198125228784158,0.05781112869065978
8829,0.012578401413952443,0.06550448812425792,0.06083704898362052
8830,0.012771109413823638,0.08782184655338925,0.07662535739968064
8831,0.012434572038570629,0.05319040991985575,0.027694861562797234
8832,0.012708382753640515,0.08800325555604523,0.029912433379969273
8833,0.012462666582663203,0.05316567324906847,0.04409568847886461
8834,0.01255356712149985,0.059255800264717176,0.05855077206968214
8835,0.012662799312921554,0.06351844722420277,0.06821532845245858
8836,0.012516422300137347,0.0591472764820375,0.05235222572673919
8837,0.012595617640668123,0.06284143197849065,0.07739085059759863
8838,0.012508927538181863,0.058060490091920776,0.07415376771235922
8839,0.012629443923956768,0.06441223940182707,0.13776319649994945
8840,0.01278682299960768,0.08885845000252968,0.04955428137004651
8841,0.01327563771135608,0.11842868309927786,0.024689593389839077
8842,0.012913903105618858,0.08547189051309913,0.05525387011303198
8843,0.012627136588037532,0.0764142091377489,0.027977872492844065
8844,0.012527065192267156,0.07124546478766922,0.04126614672367133
8845,0.012574926820798134,0.08092851503362052,0.061992709346524205
8846,0.012958904457951255,0.11652983107925456,0.03174298038064248
8847,0.012550997797994387,0.07909126130335127,0.04353866863097047
8848,0.01261033600251904,0.08483666977022646,0.03520263641529445
8849,0.012897402336156497,0.11185833997769482,0.054458757500851655
8850,0.012579341844662584,0.08056018498144436,0.08083340658239486
8851,0.012428165949586178,0.061338157045975575,0.051682384308005674
8852,0.012571472628270913,0.07176208130230752,0.07847690962690491
8853,0.012456447587200149,0.05681485419337072,0.03225495472451208
8854,0.012672534972171372,0.08440850346346451,0.05492727563642901
8855,0.012770210333183513,0.08939049803648183,0.060376556892531054
8856,0.012626061433767244,0.06679352571345881,0.03992500332019147
8857,0.012760089856868634,0.07182545908930298,0.05518062974341627
8858,0.01296134337424397,0.08380511561188853,0.03583239588845158
8859,0.013122383889945554,0.08910644372903032,0.06809201693344359
8860,0.012739217705481832,0.06594636934282187,0.028882779810295987
8861,0.012729309459989676,0.07358722077130164,0.05611548980629096
8862,0.012578654791500955,0.06143059596822018,0.024686938618343934
8863,0.012607671337166849,0.06441817570849954,0.07090459095192422
8864,0.012802007899602647,0.06893094479924135,0.07702192198892494
8865,0.012921615291251288,0.08858873945732726,0.05861042187820935
8866,0.012833068753679615,0.0820983602750211,0.04160037439433386
8867,0.012795642002768252,0.08491533326548753,0.042099548579940964
8868,0.012717113525404647,0.0760282437517578,0.06280182891193554
8869,0.012724959759591207,0.06744714664697342,0.04151963350732683
8870,0.012733341323897814,0.0707081673841903,0.03573072862136598
8871,0.012545313804264671,0.0627271688853086,0.023874029526149802
8872,0.01247739733724867,0.05718666239853319,0.06658743887347171
8873,0.012503693439929296,0.059544691601505745,0.04715160454921292
8874,0.012414029117726993,0.054448061215095614,0.038252864113415164
8875,0.012616100422206511,0.0806629544799308,0.07124077833392037
8876,0.013127445708401379,0.12091715855251103,0.03547316611917228
8877,0.013377619811582952,0.1318702897232925,0.05104286458420937
8878,0.013479225357487568,0.1268851044391625,0.06999562276558996
8879,0.013097048501277839,0.11067204091825138,0.02718939812248531
8880,0.01305299251051468,0.10736958975435751,0.10249022544230953
8881,0.012585570075511943,0.06310446491289676,0.04915390448756422
8882,0.012728471988297624,0.07947505456111159,0.03864854253527392
8883,0.012994396280008145,0.10606012288691188,0.03718076130305322
8884,0.012636282096297177,0.06735199513719439,0.04448408443907848
8885,0.012645247364805637,0.07505388224693645,0.04180275972694855
8886,0.012690370668662049,0.09088032073828099,0.028999927612402814
8887,0.012591121878815703,0.07075430758962253,0.050929820915279415
8888,0.012608985450273629,0.0736335209587595,0.03208162759510038
8889,0.01258452636626707,0.06376630229765191,0.07867879464879278
8890,0.01251592731979359,0.05988817095183399,0.033450704987143226
8891,0.0124537408665814,0.06171255119962025,0.05975453512727145
8892,0.012415654095591883,0.05790235743661284,0.0770306634994602
8893,0.012664712077114887,0.09219996036046892,0.041942484764860295
8894,0.012585835760971867,0.07679033578329417,0.06808237624844554
8895,0.012495986445739002,0.07094507819251548,0.06320188774761178
8896,0.012554205060157708,0.06973628129764403,0.061582969468391716
8897,0.01272853217502059,0.09226161706100709,0.06392193395402311
8898,0.012970266817213992,0.10568924468006,0.08445831594678194
8899,0.01253191773938921,0.062072306584521376,0.03676600969146211
8900,0.012603541693926306,0.0767470952602777,0.024505913120450543
8901,0.012435412927600566,0.05365740600093468,0.0899327925119648
8902,0.012701891889464747,0.08337056596269143,0.09069523109108844
8903,0.012945027336395258,0.11711335574507696,0.026967451060767766
8904,0.012524397757494853,0.06964024212557542,0.03422877398400441
8905,0.012483009097034169,0.06493967282387361,0.05303922381112041
8906,0.012426496112880906,0.05842345904639726,0.07485930002016983
8907,0.012636503294634354,0.08831023811042377,0.04260024011438729
8908,0.012514015841703328,0.0726109355436553,0.08316589067641536
8909,0.012602218045666403,0.07980682803374982,0.07463161389772183
8910,0.012644421722188473,0.07643329464862109,0.07931181019506425
8911,0.012539829953195,0.0629230046510025,0.03547313748064007
8912,0.012526437797798948,0.05952675748886224,0.05964859232669673
8913,0.012763322742188546,0.08532338742043524,0.05874783776612816
8914,0.01263598061950022,0.07034643286573547,0.027207709157368476
8915,0.012977923496986182,0.0990531600989716,0.024733178194822014
8916,0.01283963605191348,0.09113856583140215,0.10100263137026869
8917,0.012541038114563648,0.06447345287489141,0.060404248682184095
8918,0.012636868164736326,0.07074563431634415,0.08834926861630675
8919,0.012974277488028148,0.10632573113011239,0.04931345043205812
8920,0.012864788386508367,0.08304295149211201,0.0822190013927448
8921,0.012746992439385329,0.0746013698517741,0.05927189728567912
8922,0.012734445311534467,0.08256133470391515,0.07861714080754602
8923,0.012979014523670842,0.10792500638725662,0.04414258664519348
8924,0.012477141909988046,0.05916003443918981,0.035386765424631414
8925,0.012669462781535658,0.07973215745659636,0.05870965844016825
8926,0.0126272178161489,0.07248488876293536,0.06441032733135231
8927,0.012759989041167154,0.09144098837827519,0.0450349356522766
8928,0.012650231204631554,0.07308908286530183,0.07096834067489156
8929,0.012722267108543189,0.08788217036649686,0.01139808083644407
8930,0.012458226988603764,0.06524093481023924,0.055213418485491855
8931,0.012371540266417826,0.052795108108231244,0.045541651794642236
8932,0.012701972097954806,0.0920752202241512,0.04968956336961952
8933,0.012517096069171955,0.06590994930892469,0.07471272058934096
8934,0.012773282499350832,0.09704508839377392,0.02552595366123235
8935,0.012790631576374082,0.09288410877669281,0.0534149820038283
8936,0.012438811263115681,0.054405248392538415,0.04411362360301805
8937,0.012603564459098573,0.07407803916893572,0.05209776485267696
8938,0.012534675852754628,0.05991279306018815,0.06390408046966423
8939,0.012605707403460936,0.06668006199790136,0.02990037776368151
8940,0.012540569029051615,0.06540807341303499,0.014945488212581199
8941,0.012479231536062368,0.05903506926856398,0.04826495950429225
8942,0.01275734053152647,0.0877095031210342,0.07449969773104459
8943,0.012473894544344482,0.059279800787915005,0.0462171531990639
8944,0.012662439150647936,0.0760981355995847,0.047834494330451116
8945,0.012518574928651252,0.06008066655387458,0.07997659418526917
8946,0.012535798250815728,0.055838455315117816,0.09448873047696725
8947,0.012588938956318988,0.0652166199841696,0.036402839810849054
8948,0.012461506794808563,0.05445834353285729,0.014417785213574634
8949,0.012562007938976253,0.060346565882106885,0.07894801500888575
8950,0.012754835214955983,0.06936097085254843,0.11907137696989088
8951,0.01262793206040458,0.06666194222950345,0.03501327981969857
8952,0.012663559749669586,0.06298925683759898,0.07177503144205509
8953,0.012718005631094554,0.06957247702747861,0.09513281995535107
8954,0.012744869670330622,0.07184814231745987,0.00621088727018216
8955,0.012642123558036615,0.061832757636526785,0.08451070601892921
8956,0.01299729862115606,0.10580426529110373,0.0477056100288532
8957,0.012912219036838344,0.09985181472908254,0.02246109422404994
8958,0.012565776998710003,0.0599351586989974,0.04239987640967047
8959,0.01245781463527138,0.05296017136552819,0.08715112170385188
8960,0.012667392152895111,0.07556737097065491,0.04416321177717595
8961,0.01259190364603022,0.06417412350747947,0.05883540325153608
8962,0.012672820436968707,0.06589076472882825,0.06158126490712833
8963,0.012785332175783691,0.0745258619118734,0.03446577590986569
8964,0.012993102930958832,0.09016695104416377,0.06718707307605572
8965,0.012942013706016463,0.09214163457802724,0.04982283390929029
8966,0.012623071257683366,0.06092625264075752,0.04562286258521033
8967,0.012483166012695399,0.05874477367935779,0.019952644183184327
8968,0.01251651154211725,0.05880013873109388,0.08459086492650951
8969,0.012593935566256449,0.06685841329187804,0.04094254981343242
8970,0.012739836507629455,0.07677169198625378,0.06240275599936941
8971,0.012648222773785663,0.07411890685129194,0.05954844580877321
8972,0.013177096579901548,0.12145914763733269,0.03276863066628878
8973,0.012579008644346325,0.0647095279288851,0.04498623952948403
8974,0.012546057327472252,0.06716412622683747,0.024539485152845722
8975,0.012558295312777981,0.0730279256570464,0.053973975476667845
8976,0.01253723226966073,0.07201425093738952,0.06179724870760364
8977,0.012485742379362912,0.05943374559372747,0.06632271612863345
8978,0.012557439031022136,0.06647450529561626,0.05781282985357843
8979,0.012653064931304884,0.07315039762179246,0.020910677904776822
8980,0.013021137167722095,0.10880506982428205,0.08981432761766281
8981,0.01259279161070679,0.06852677918999456,0.05362437953498944
8982,0.012606619748284672,0.06551903529347627,0.08766860760517058
8983,0.012567207783132217,0.05750025099557226,0.05486427072543828
8984,0.012581512885598454,0.06717435155751367,0.025107027154731364
8985,0.012622766359625873,0.07299947144080073,0.05957612277965479
8986,0.01261716734675408,0.07033082155425538,0.045363946946735866
8987,0.012488241548363954,0.05801196787508957,0.045091639809834404
8988,0.012676823273057315,0.07504417354712888,0.038852812546842586
8989,0.012576674342294192,0.06661375571189185,0.043781068619043406
8990,0.012476657846035823,0.05717760073935233,0.056780304220235694
8991,0.012589987272770426,0.07274498211493562,0.03665036801900375
8992,0.013051566525566227,0.11664271701629002,0.08485606823322399
8993,0.012602322393593848,0.0752709164777108,0.04731891067966104
8994,0.012514742160086594,0.05937770795735437,0.04752302920386299
8995,0.012772063969307506,0.08740954498142135,0.04227130967135864
8996,0.013357158592988413,0.1349080984161821,0.03338987087609355
8997,0.013104508676065243,0.11241451272080286,0.07460738302698301
8998,0.014154585402628858,0.17526369170304051,0.06039358277040098
8999,0.013210880819122736,0.1152439496528937,0.043934706015848216
9000,0.012708875039229349,0.07718778049960945,0.04962263604766426
9001,0.013215102585887512,0.12032863360383303,0.03879975508768057
9002,0.01326076620122281,0.10803877883306766,0.051914136641676836
9003,0.012861933102851303,0.076695579469624,0.04470715031430827
9004,0.012899117961392505,0.07127397859539922,0.04908981041729647
9005,0.01260981457223352,0.0588666664920359,0.02122221416543693
9006,0.012711838904023592,0.07131860780736277,0.09272650472236624
9007,0.012614638498300506,0.060876658945104606,0.042924332486432196
9008,0.012723865306101168,0.0660626981726402,0.06987177295426147
9009,0.012797972533711649,0.07467623654290964,0.03687233122450012
9010,0.012624450978129689,0.06265891924540691,0.06362926960556227
9011,0.012697692478024204,0.07255332097637322,0.07717155199822219
9012,0.012622233732578559,0.0634142038165687,0.03767018434160482
9013,0.012581173018969992,0.058395487675232303,0.06761290020693377
9014,0.01266957389965221,0.06876490376557029,0.03291889258410628
9015,0.012930809368626398,0.09775855305279543,0.06669505083844551
9016,0.012514643060154283,0.0547883005980545,0.03666361074098315
9017,0.01268519449640322,0.07289394103457854,0.06670142168630282
9018,0.01281225029974524,0.08417380612687834,0.06118296560632472
9019,0.012635378567913306,0.06503802372992448,0.04687312778641754
9020,0.012519073310829599,0.06566446218413736,0.016907859472554704
9021,0.012625815446657125,0.07251195708111999,0.09102378600233761
9022,0.012816547067552586,0.09287084226668796,0.07449914069693463
9023,0.012722318209533616,0.07492902170859495,0.06563219676100332
9024,0.012842866096230221,0.08968509800858868,0.05428523444501106
9025,0.01258538134609247,0.0655563881029089,0.01564241282717202
9026,0.012571199441071778,0.06436836917587078,0.07059147201927964
9027,0.012978193754694087,0.10492692316272809,0.06477796239147704
9028,0.012588064285264796,0.06912269244291502,0.049868535895389685
9029,0.012938201451462994,0.10522692278965103,0.08164030291570928
9030,0.012792900473806323,0.09036767101179305,0.03169481799250062
9031,0.01262031326002305,0.07108244723588786,0.05355700460500283
9032,0.012772709638146843,0.08879558689218252,0.05855074465950519
9033,0.01255024641835487,0.05792064203328518,0.05282615674964037
9034,0.012699877447009565,0.06817807626938525,0.0813104916154192
9035,0.01255521531933467,0.05823277070080385,0.07117340652614576
9036,0.012583499371080796,0.05954117278914187,0.030593193636302907
9037,0.0127809677198444,0.08579103444276985,0.08205940636219848
9038,0.012684349338336133,0.07421344371254567,0.030933619109608342
9039,0.01277172531085081,0.08437685838077667,0.07814077839816776
9040,0.012415663613139153,0.055943534169872404,0.04977092733524729
9041,0.01257815785421413,0.06488137847221535,0.0469149885586916
9042,0.012402830963632957,0.052132945376964356,0.036205627794640594
9043,0.012644342505305738,0.0825567827451008,0.061526098788513936
9044,0.012449047108690521,0.05332998269487135,0.05537478482898996
9045,0.012524580802148076,0.06741487818264938,0.0798493049317641
9046,0.012424175429141957,0.05430286196573289,0.06234051665422451
9047,0.01267135868858555,0.08348036125808664,0.08020359375385655
9048,0.012459298715489071,0.059052568416125856,0.03231306756836609
9049,0.01250248434285402,0.07434102696566183,0.05037573757864337
9050,0.012319930252793501,0.04791344307956574,0.054038537270665425
9051,0.012430831996201746,0.0633049657819607,0.022296234014750886
9052,0.012406373285436027,0.059575913117688346,0.0326336519402818
9053,0.012480013429155867,0.06098258376124152,0.0725571426619222
9054,0.01259465167636567,0.07841305057246153,0.071579393871056
9055,0.012430500521877571,0.06211890351881112,0.04107904613895531
9056,0.012359997422509823,0.053943463143066805,0.059110826349178115
9057,0.012511592707191174,0.06383225799897409,0.05068327988435978
9058,0.01274946900850382,0.09579507831687302,0.07853225320284823
9059,0.012556966559594944,0.07348661012623343,0.07089750931910213
9060,0.01236101850659264,0.051618970834603595,0.04760431557046667
9061,0.012777149721809286,0.09633665540790852,0.051854490379481116
9062,0.012596271065009018,0.07527860172273976,0.0015820912089568723
9063,0.012493605263423831,0.06693454209834,0.03735479424882586
9064,0.01254590949710418,0.06791496793097146,0.10710393390650826
9065,0.012675293848457813,0.08159808900057818,0.04641157505000635
9066,0.012464995350904095,0.057052009802166244,0.0657439416582689
9067,0.012779774863777012,0.0897478472012517,0.0615208525023946
9068,0.01258674221195254,0.07090842922156575,0.05006633049735304
9069,0.01279750469308852,0.09163651025035568,0.04732598961105493
9070,0.012398249137138922,0.05575716817677417,0.04767166714310197
9071,0.012429986467149884,0.06329058028946472,0.07209806706830882
9072,0.012645746169828801,0.08005317895696601,0.05675679329560965
9073,0.012896125933006914,0.10896490601353892,0.06465682286211849
9074,0.01245152585652959,0.061144370690324586,0.04587203286773526
9075,0.012513815360177987,0.07324366593701113,0.04921626780291705
9076,0.012701425049514289,0.09168613815515947,0.07375575103555444
9077,0.012666966000119075,0.08144846996900983,0.07559224014302125
9078,0.012771364046389446,0.091400228088873,0.05534363539392897
9079,0.012678655017492194,0.07907859485533672,0.0638720441579
9080,0.01270861950714714,0.08293135264648174,0.06762040748074968
9081,0.012740839925531502,0.08684175864511204,0.10066204007007484
9082,0.012430607811409838,0.05271934358934707,0.0712167730400289
9083,0.012644176267425684,0.07896899907564538,0.044807169246416395
9084,0.012795131624071471,0.09120682041091899,0.06538650196594757
9085,0.012557725609013314,0.0718507777627718,0.06038488570325026
9086,0.01248892139093626,0.06183525116223592,0.061688546626690814
9087,0.012645282831966035,0.08349005177805872,0.050736650750698345
9088,0.01252444907116459,0.06372085577455003,0.06335668478507858
9089,0.012585849871676475,0.06559454228241197,0.03688944038619927
9090,0.01279390046443079,0.09189682738685129,0.0911090261878178
9091,0.012497608629241817,0.0605481744251207,0.07265571731115529
9092,0.012538478851267139,0.07110374522513721,0.06290080917475183
9093,0.012760398444870955,0.09106447989168505,0.06635867739886793
9094,0.012615713232898047,0.07783329152961894,0.04529510387123014
9095,0.012460013660388201,0.054721875233098995,0.051510566861854484
9096,0.01256312561458633,0.06553893927491482,0.054232791524373714
9097,0.012500831834550372,0.06064503413131605,0.04046502096515531
9098,0.012555040972163907,0.06370660770911783,0.0744013186326596
9099,0.012608079851502968,0.06849213870555261,0.027570754230232274
9100,0.012821248891844734,0.09700585792662567,0.05293305916468797
9101,0.013146803555292911,0.12930190333677966,0.05775991566237924
9102,0.012553653482423547,0.07707788585454008,0.06593981733740316
9103,0.012428638255540452,0.057073967622522544,0.047292349913417034
9104,0.012513226231196533,0.0687834646714245,0.07471182887298482
9105,0.012458077224306014,0.06489776382132971,0.051631580646888386
9106,0.012396303022156685,0.05806931566261518,0.07292022746017847
9107,0.012376126674957454,0.05542805900614446,0.032042756409463934
9108,0.012396263740779793,0.06233407330760346,0.06844325667269038
9109,0.01278644423429369,0.0967446155061419,0.07828526973258683
9110,0.01279600443035326,0.09429969871168917,0.070100557767918
9111,0.012510414913155077,0.06844744589079685,0.0540588691867807
9112,0.012464658827303677,0.06207145432547062,0.08439078701944229
9113,0.012395742032672918,0.054364373945650704,0.08433516650151852
9114,0.012545724895462719,0.07537412091424356,0.041671902398611516
9115,0.012455140046522135,0.06262632758706606,0.07563450494205255
9116,0.01269114706499196,0.08171295166103636,0.013826137500819534
9117,0.012455915217726992,0.05460068193790244,0.059349532870794315
9118,0.012549535487531722,0.0645039891817898,0.05497991750279897
9119,0.012700078253324138,0.0865709740270259,0.05820421450072167
9120,0.012849786689968072,0.087149370415133,0.06010046476249726
9121,0.012962470950494291,0.10260111103507184,0.02727868202080062
9122,0.012488974354045149,0.05761425363618754,0.035601910311966564
9123,0.012670386283971694,0.0783766243094308,0.0721056506949841
9124,0.012639442017698373,0.07431805102425298,0.04809466726218824
9125,0.012532241906073781,0.06217312143473379,0.024159583183482866
9126,0.012678987934483412,0.08339122687874788,0.053888092733167074
9127,0.012706402681721499,0.0965434478579486,0.045726328705232494
9128,0.012401038524586048,0.06078901107716993,0.07023873749179263
9129,0.012313696531569213,0.05065777734132381,0.1043075812407874
9130,0.012459192771149897,0.061537767337716084,0.05495446527634647
9131,0.01242887362709728,0.060202087800456563,0.05255558432048141
9132,0.012455802576042108,0.0660798052670866,0.024877995300871123
9133,0.0124672671325125,0.06505836109132435,0.06901942504907822
9134,0.012443081867201214,0.057931229826505996,0.020700524728937342
9135,0.012624080395734193,0.08524118333021846,0.03553724984128657
9136,0.013093758557752282,0.12147158649102055,0.04610098350915651
9137,0.013237623357603864,0.12402089180806128,0.0685392106367639
9138,0.013069644802299852,0.09772264602586833,0.044482640245529344
9139,0.01270509276012248,0.06891623657975372,0.04520380028461085
9140,0.012857943378970305,0.08935028887479748,0.04018025616847066
9141,0.01255475630963457,0.061036650620854414,0.039035675845046545
9142,0.012582356917314123,0.06640215034202833,0.09920964002856507
9143,0.012472262841153142,0.054684506039659624,0.05412362145886705
9144,0.012504834973816237,0.06472536351888213,0.05047702727384431
9145,0.012731579668198684,0.0885107854642301,0.05802711166522271
9146,0.012614016773464123,0.0828661643467704,0.02155845603460528
9147,0.01261682116454982,0.07492715894997053,0.05361249421205988
9148,0.012429164072370378,0.052661544019776275,0.06228892138188827
9149,0.01253695284705841,0.06607386260652344,0.06679619501190513
9150,0.012738990017603851,0.09336081012646885,0.04910526916730947
9151,0.012408189226188015,0.05414506036520166,0.04064401331300747
9152,0.012433998584651116,0.06344516610176226,0.058190271686651904
9153,0.012327796525582385,0.05224896966049403,0.06279748254141639
9154,0.0125207071788761,0.07740331097442879,0.08292166583334674
9155,0.012415406177070813,0.0650193190373527,0.08689682685072798
9156,0.012933606956110243,0.11639585409259443,0.07059854060111072
9157,0.012472672386529406,0.06798557470762455,0.029703153168434165
9158,0.0124531506475991,0.055072751741808534,0.07747990483317582
9159,0.012439278704577093,0.05371260098703276,0.09035007497493011
9160,0.012804255126542919,0.09387156331354526,0.04370033451862867
9161,0.012632772523175259,0.0746706249437828,0.061781550905679876
9162,0.012934093830665943,0.08361652787401225,0.05530841179123347
9163,0.012713316126464301,0.06286406278653367,0.04286359338824503
9164,0.013008083827681712,0.08902804989423034,0.03161972946897645
9165,0.01264032840766957,0.06223722076900792,0.058448223433066764
9166,0.012511217157904675,0.05870805517287308,0.028780428205905012
9167,0.012525551806708779,0.056088601029437,0.05769890264555664
9168,0.01262390171228995,0.06982431071857018,0.10533960899164138
9169,0.012594236991364203,0.05891936461278037,0.09130777049116681
9170,0.012581429875209708,0.05739332581584541,0.006035265791688984
9171,0.01264070419402291,0.06187604032844106,0.05002616108739678
9172,0.012740799617133645,0.06346856877569798,0.07475877381814724
9173,0.012842767378981539,0.0826975943856542,0.09381299862786661
9174,0.012794343351279717,0.07627429545941528,0.045821433543844464
9175,0.012729980544857437,0.06233568185644939,0.06346293704935581
9176,0.012898720305951352,0.07590063938947793,0.05510999688048801
9177,0.012821021708251291,0.0710487267149644,0.07632398902526957
9178,0.013016621936509399,0.08078930826631857,0.06007625330457796
9179,0.01279000729674212,0.06992539695235764,0.05993738356360683
9180,0.012958340046636313,0.09891047816306563,0.05954580600113741
9181,0.012555336152889536,0.0604556207501637,0.02309235664111808
9182,0.01257300172853772,0.0694066870118287,0.07292960614372043
9183,0.012964117760462841,0.10507025409498377,0.0658535569226976
9184,0.01258201614552312,0.07368789728510751,0.04699313679052143
9185,0.012557310323061767,0.067512088169766,0.060126920603577896
9186,0.012651893255758741,0.08174586555378183,0.05666986534694689
9187,0.012584247951153602,0.07353845520321008,0.06718877367640406
9188,0.012844697975930502,0.09962344662855441,0.07785149842899458
9189,0.012476168509858727,0.05350220466461088,0.03384818257826348
9190,0.012607972993372454,0.06657979929952908,0.04605737419156167
9191,0.012876026734652216,0.09048013636331421,0.041184599551370465
9192,0.012802270542788005,0.07639742982289831,0.05869894762685776
9193,0.012735199669469583,0.06839556650755334,0.06129412941096647
9194,0.013117398218109262,0.10789323655775214,0.03265716805812707
9195,0.012966580187007689,0.09523888975942833,0.037928154775573965
9196,0.012925898094652655,0.08758497862337161,0.07837051392419692
9197,0.01316712025893167,0.10583481550267688,0.05808251258141463
9198,0.01269082753445928,0.07465171785497847,0.03211188430613193
9199,0.012622356397772087,0.061553826693304454,0.05410127546659074
9200,0.0126731688483427,0.06593081360047671,0.12291011792661535
9201,0.012762961770448736,0.06532535905814774,0.029796213375795386
9202,0.01278293979470827,0.06292413619067073,0.06938744689960669
9203,0.012795007622232575,0.0786051437082978,0.038042072674957156
9204,0.013306295479312346,0.12381461856203745,0.027327401614507852
9205,0.012761904087607108,0.07984582974659217,0.03749017916471288
9206,0.012519292563652773,0.054473260654136754,0.034025041569344196
9207,0.01264734940627322,0.07082395168902209,0.055165893491067014
9208,0.012621237996933297,0.06936274457684821,0.09641953058186527
9209,0.012866636882562982,0.10184442019135562,0.06189629814977409
9210,0.012534956951061122,0.05603345442976227,0.036499422611168474
9211,0.012510053101656806,0.059930224371625485,0.06933857125746277
9212,0.012552915324872493,0.06663500372368406,0.11855339984825333
9213,0.012528536834013,0.06404513735692276,0.06658856734108139
9214,0.01265758009937852,0.07113662911292556,0.05062209156171908
9215,0.012733464943918547,0.06792165336215668,0.09457997700344291
9216,0.012923825764166263,0.08688617476655665,0.050766482671636484
9217,0.012783114188588072,0.06525262753245273,0.05369514835769419
9218,0.012913040196178406,0.07123903883797565,0.07440441962436357
9219,0.013013934502970788,0.08057279241613681,0.09322794920973826
9220,0.012895978672597036,0.08202638057241278,0.021941493613678326
9221,0.01263313441205168,0.059150404057295894,0.047455652040670086
9222,0.012604527850776965,0.06769588675492616,0.01686178133635808
9223,0.012719701233684889,0.08562076701373061,0.06650899658991685
9224,0.012888679232822524,0.10120328254816054,0.06507931363509945
9225,0.012956937069755516,0.10750023625945594,0.07029203039972462
9226,0.012947443624406483,0.10168871767784787,0.043160935444771446
9227,0.012959942777804717,0.10448848024452374,0.05733552215799184
9228,0.012967665091277327,0.099835485767022,0.02550821879909325
9229,0.013100377022288143,0.11529232221337762,0.06719576189077268
9230,0.012894753928036214,0.09346809555985157,0.09680514793147495
9231,0.012645945359840857,0.07666909333529924,0.06345125940683745
9232,0.012592567070977714,0.06919694386940255,0.08189834326501814
9233,0.012548563280972475,0.06031993584563559,0.005395124612879878
9234,0.01267898087271892,0.07273593137552073,0.06396655851535324
9235,0.012658697898237722,0.07294285885089992,0.06726466429522944
9236,0.012525873605464947,0.058421635267083966,0.019413862667831638
9237,0.01265393823674108,0.07642987732148994,0.04400235422282266
9238,0.012623839755418144,0.07064470647410304,0.08690880607374643
9239,0.012592154191690595,0.06599371030704738,0.0653882437806463
9240,0.012653437004383563,0.07492878798658137,0.09627306279582966
9241,0.012570815483805009,0.07357481434786699,0.0695514115797116
9242,0.01251088808905262,0.06142761569147768,0.03571411523712356
9243,0.012953504041953966,0.10274047860962414,0.04381447119673351
9244,0.012485844796790452,0.061518042173245184,0.05317031665008148
9245,0.012562909827624858,0.07584792261376296,0.07171113904736896
9246,0.012653644703833176,0.0919158182427627,0.020581175474761914
9247,0.012925623614186586,0.11402869090269206,0.05447930800771694
9248,0.012577670218418114,0.07445388237929358,0.04601326768386469
9249,0.012441472772432101,0.06913557722870196,0.055312984347221525
9250,0.012288563142399398,0.04932875023697072,0.07330814990103303
9251,0.012581548131581632,0.0763503796973382,0.02952264871032368
9252,0.012525236301516756,0.07172090554368922,0.05128579041072997
9253,0.01263052812172645,0.08820347493948542,0.038084485176181085
9254,0.012528803370675584,0.0727394325432191,0.05583276076527459
9255,0.01272338086261738,0.0915487685413063,0.03459038983215747
9256,0.0125408287143464,0.0721139551938903,0.043092019871093144
9257,0.012311741840730637,0.05587657014553527,0.037988707892816685
9258,0.012427055956704111,0.062408496789158587,0.04346813892044597
9259,0.012387948996949501,0.05645147943944196,0.056697722278412584
9260,0.012509516964069618,0.0676784175629471,0.08868975936452066
9261,0.012785687228601482,0.09587418255818916,0.04705416487967672
9262,0.013039685280087475,0.11058108971724614,0.06443790320880943
9263,0.012626980361809982,0.07652727623722676,0.06230659259618521
9264,0.01282720536949948,0.09780960286635056,0.057254121038614034
9265,0.012519451923479915,0.06414930180382826,0.02576287483961918
9266,0.012495632389448256,0.06290120538331624,0.07095470317579547
9267,0.012515575894071885,0.06767003245942596,0.09313167844308387
9268,0.012550594398643113,0.06689493585017076,0.04692289089574613
9269,0.012467956064785214,0.06039964909607672,0.058217282355018204
9270,0.01239674389745167,0.05122067335651969,0.11809969472800363
9271,0.012643253716087512,0.07344339690395084,0.03248797208168437
9272,0.012620448015938132,0.0690554941084871,0.09559771048803518
9273,0.012654428151947172,0.06260455383293516,0.07255292946342909
9274,0.01259836023252218,0.061343465371131466,0.056439130145630144
9275,0.012430652736448226,0.05108845525999712,0.04349735978061406
9276,0.012413841889719847,0.051813714356236606,0.08264759988889941
9277,0.012498090285343103,0.05770048949958496,0.046894188266284546
9278,0.01257041285697813,0.06390164928391226,0.03337143225979321
9279,0.012519587891903492,0.060379511758366505,0.05930343395831801
9280,0.012500496693922693,0.059128578112334865,0.056211330462682306
9281,0.01258637192237318,0.061679805739077956,0.06252377182620747
9282,0.012922036909416379,0.09753178664849207,0.032620820713135594
9283,0.012736247785615263,0.07274128182627664,0.03449573175406081
9284,0.01259645647415815,0.060339436109506664,0.05801116306243139
9285,0.012621794778537698,0.06094261233988419,0.07238174756419564
9286,0.012624542168068806,0.06698722877129373,0.040445461351426695
9287,0.012502768725751132,0.055285801735021095,0.08282112537819662
9288,0.012479538496908284,0.05693647429847557,0.04423095150427088
9289,0.012590171642212171,0.0666439926287997,0.03429267233357172
9290,0.01263256416530139,0.07056096393131915,0.08769744539172979
9291,0.012633629151411196,0.07125269680712766,0.005820863852452485
9292,0.012519743097855396,0.05386669248005211,0.06508901196879696
9293,0.01265678890968575,0.07403761884541885,0.05763827532069716
9294,0.012607834527204041,0.06358315418782462,0.07977575051909534
9295,0.012872621870900654,0.09333286480329765,0.07636271311299443
9296,0.012522607130181277,0.056486263483290784,0.05590811415144548
9297,0.012541517138047928,0.05918357287503241,0.05745913923122337
9298,0.012688501749208074,0.06941306671364504,0.04083040598005821
9299,0.012984921559463973,0.09615078194927092,0.029404915559428715
9300,0.0134591021572927,0.135843121171558,0.044545843734890574
9301,0.012858508927556231,0.09721750908369024,0.010839472742757069
9302,0.01263607807648826,0.06789485435149396,0.0505552962251055
9303,0.01265371048998762,0.06830263745843847,0.10734485976086282
9304,0.012672068185150688,0.07107729775453424,0.10814574917238068
9305,0.012794327970897957,0.08720000863830538,0.05606937432838665
9306,0.012634576758099677,0.073062373431504,0.03678399783791727
9307,0.012510546249237359,0.06965709347476541,0.05231919966668839
9308,0.012708404721564618,0.08243228317206194,0.03676909206399063
9309,0.012561928505047476,0.06404044864302683,0.0718617293125342
9310,0.01272844606339091,0.0885283008366452,0.0845364570955294
9311,0.013067803866700247,0.11498505403411279,0.046628802748463725
9312,0.012665464345448893,0.0742371636705433,0.04701424504700977
9313,0.01267592535873519,0.07111320830972673,0.07342382523211921
9314,0.012837202577848742,0.0831930757790116,0.04068787248326574
9315,0.013059759123020523,0.09335143256791817,0.09843326417397882
9316,0.012819903228569771,0.07468859437447305,0.040175784544221285
9317,0.012676156105216472,0.07311040943220698,0.024731565072898382
9318,0.012818999174754944,0.08111758122661615,0.08602180640510391
9319,0.012960341669936235,0.09293737732053349,0.06884148569245434
9320,0.01301997706115215,0.09479728923741823,0.02604488601706179
9321,0.013164892545302016,0.10066130388142795,0.05979658040303094
9322,0.012940844480922859,0.08486976930053161,0.055519954473151674
9323,0.012749236021745498,0.07619787234218407,0.0889102184394089
9324,0.012636388692102351,0.0668059163116063,0.08127723931281138
9325,0.012675142083768942,0.07986248341469825,0.05718315253876629
9326,0.012719327142865479,0.0755496314323687,0.071257526535576
9327,0.012894331336816512,0.09342887049923404,0.03676386228335073
9328,0.012696626461945542,0.06760691895558459,0.0736742640430932
9329,0.01260193483440459,0.07250879476293565,0.029648308791902403
9330,0.01275032797620563,0.08776659929109391,0.056385554748055906
9331,0.013086613721207245,0.10633962191251563,0.09015165672950451
9332,0.013106121690910353,0.09595705803239965,0.027774547472063833
9333,0.0131015528991197,0.09785103778118845,0.06762543559069761
9334,0.013019980785776177,0.09685087568716526,0.04290625096929053
9335,0.01311039258738299,0.10029893942819969,0.05661223245321
9336,0.01291297103737643,0.0909345786155465,0.023476430560819907
9337,0.012957860765814014,0.09275538758593109,0.07685028881720107
9338,0.012698276223828315,0.0728262772364862,0.042646970514652376
9339,0.01266820719315237,0.0768074829361379,0.031827223192881095
9340,0.012736275362112765,0.07587198687836545,0.0703651879414986
9341,0.01303270671275618,0.10240676731266778,0.060052741018260275
9342,0.012745941608491934,0.07671208181515284,0.04114100242295986
9343,0.012848858108915076,0.0777129290694382,0.07197985213414489
9344,0.013085010310853568,0.09833383041339036,0.03948834616857986
9345,0.013194430391453377,0.11315381586475809,0.06591262163350071
9346,0.012972832938571347,0.09025396116292614,0.07349263235829362
9347,0.01274497685617491,0.06704325150881994,0.040756939767175974
9348,0.013153906044354655,0.10315013712600131,0.06047005900509808
9349,0.01322806029590635,0.11742963211420784,0.02785190183690439
9350,0.013499855930643907,0.13689346745566355,0.048238931481868086
9351,0.013106362457104673,0.10326822046485733,0.05205253803466823
9352,0.012618128194684677,0.06994343929200805,0.03786185194560189
9353,0.012562090204071046,0.06587076208553329,0.06637824397822734
9354,0.012484333448388014,0.06248312541739789,0.050862847632651864
9355,0.012642068887969815,0.09000238536827586,0.0765036225073312
9356,0.013098441035386666,0.12486663225788519,0.08417296200743636
9357,0.012928450446053076,0.10659758425398917,0.0847045424947253
9358,0.01251472946053706,0.07499052280139368,0.04112409169927192
9359,0.012540399786622282,0.07793637760005528,0.04761374525813339
9360,0.012411174218168093,0.05981716851523783,0.07004547551770529
9361,0.01251235136457532,0.07046564949662278,0.09808806806115519
9362,0.012558012916735672,0.06458790542798208,0.05737684049286239
9363,0.012427873605402222,0.0632576094739419,0.047739829924871004
9364,0.012448550004264746,0.07205469205947303,0.07906451554000994
9365,0.01234273618702209,0.05486042627876031,0.05478333564465849
9366,0.012404179074012619,0.05778156218879546,0.04998790532773344
9367,0.012720365288263008,0.09877998587737709,0.04695331104178764
9368,0.012397149304915455,0.05825409069812655,0.05025423535985238
9369,0.012371204401427553,0.055220158431401795,0.1249635071661106
9370,0.012594538966856163,0.0728842233265803,0.041177790189850835
9371,0.012512090388997414,0.0715245655975951,0.04431932429486786
9372,0.012512140514235846,0.0730523905886071,0.0498361133048058
9373,0.01231703413796178,0.05101890080260214,0.05060386384011271
9374,0.012370921729535198,0.05140719216608444,0.08084314677708375
9375,0.012417705228335699,0.05404844127752319,0.08677331795724298
9376,0.012458954917671322,0.059537880450791635,0.040246240508352564
9377,0.012453585846072594,0.060047326307786114,0.005356455848479978
9378,0.012354925194349805,0.05119008866860353,0.03899325833383754
9379,0.012531891736348803,0.07149962576594329,0.06629874090895606
9380,0.012414228455352349,0.05552150823254102,0.023205814263568207
9381,0.012559094406351537,0.0698304802926097,0.13515936635967166
9382,0.01276847280810237,0.08779556485461829,0.03326659613417021
9383,0.012724580718272198,0.07920876308070095,0.08157657252842909
9384,0.012614922713840553,0.06486000179565823,0.07803249641141559
9385,0.012978846402016238,0.09862510381141296,0.024331110159355587
9386,0.012803630262139902,0.07981614501606206,0.04632681002587906
9387,0.012608113849359056,0.07590183593646409,0.028800301467330786
9388,0.012496442808249065,0.060007296213472665,0.04329052754727998
9389,0.012392659302350121,0.05285426870629259,0.04464734485935941
9390,0.01253142619981534,0.07464435896858192,0.07068625877626127
9391,0.01272506693097887,0.08916272150124586,0.07123117704978317
9392,0.013021090815290497,0.10787278134580669,0.08236081466773142
9393,0.012666722992555285,0.07974424816408203,0.03789127161024599
9394,0.012822202930740514,0.08682225863960061,0.02464419868377651
9395,0.012887101842101942,0.09439281310410247,0.12698703760581093
9396,0.012545490639042502,0.06416113218547204,0.09215281644513196
9397,0.012691361268716596,0.07712143150961884,0.07205813444222191
9398,0.012509900443288625,0.05894135267721784,0.03485963950125398
9399,0.012581749941884098,0.07284114306769222,0.06980323547173355
9400,0.012428954360463582,0.053679578078957756,0.07599000331644959
9401,0.01266187758114981,0.08537713584608216,0.04565131449352221
9402,0.012730712211586078,0.0959663510352868,0.05038349030793045
9403,0.012355060297947513,0.05618804736816102,0.06540067262307533
9404,0.012956424833580117,0.11986168692100926,0.05498838992053738
9405,0.012822876623622297,0.10513570720701859,0.07622996053894522
9406,0.013017911646715752,0.11867429717635075,0.05008479028408887
9407,0.012748513595861806,0.09430902406534496,0.07146612094956915
9408,0.012901073429825292,0.10909067019984939,0.0706504583852808
9409,0.012906521828983789,0.1023768912173622,0.08620388966371559
9410,0.012616309069570184,0.07122155194710843,0.024820882032558444
9411,0.012451419699810489,0.05715174620686458,0.06036446417134332
9412,0.012490906475966176,0.06463117924795934,0.06066148179797226
9413,0.012543911093959357,0.07274636246192893,0.05162389752764251
9414,0.012702940077239004,0.08807447692964984,0.02520026684536108
9415,0.012791158434393551,0.09894025275363191,0.051232745616883076
9416,0.01256876714637855,0.07083247130245234,0.05954731912645003
9417,0.01252522770819536,0.07275624510475756,0.03558151412220232
9418,0.012678033490878458,0.09220367369769854,0.05925224208653468
9419,0.012461721900616082,0.056047225589848634,0.03180922887800919
9420,0.012678969006535885,0.07400767557555255,0.06306055521906644
9421,0.012539147495021984,0.057893984462611806,0.04595291158830278
9422,0.012633035182590211,0.06401286506431275,0.0851320665220951
9423,0.012562029572054873,0.05906632150920461,0.05519692584381103
9424,0.012567828256619968,0.0668870728492047,0.02432686662432059
9425,0.012501932145901964,0.057816276683258734,0.06233627214315384
9426,0.012656745554815647,0.07463868791294039,0.02780984870259598
9427,0.01254508726047164,0.06770812309527141,0.041356230713960884
9428,0.012515760824603171,0.061691607012024155,0.05327111424196182
9429,0.0126826708989932,0.07933292469578526,0.06153664746104646
9430,0.012518793534111505,0.06417414971201736,0.05680769588071921
9431,0.012668844072678612,0.08898658671518007,0.05812196166633394
9432,0.012878078958194055,0.10876963593071932,0.08647855326822461
9433,0.012443338013587957,0.0610606321531557,0.0395025678228777
9434,0.012455000470986534,0.055274929621900774,0.03552905348534687
9435,0.012642980184666653,0.08081469785511677,0.02721311348396842
9436,0.013083661316451984,0.11968690293110221,0.07112444118926974
9437,0.012642917146999505,0.07238277574764912,0.049738056409626794
9438,0.013173473833171143,0.11614815315726913,0.06057591980430093
9439,0.012696989691083954,0.07436685333445796,0.04462917885682307
9440,0.012654379675626326,0.07614364123821506,0.036943973554061
9441,0.012431829480946992,0.05471159532858707,0.05227263935530572
9442,0.012561174083885265,0.06696049685357403,0.05764559282168919
9443,0.01255647888340874,0.05997460419087178,0.07847080401765415
9444,0.01279475304638604,0.08310707222719795,0.05462151466670907
9445,0.012658342158119083,0.06844224130289857,0.06717300687296207
9446,0.012552188458159417,0.06138393335371678,0.04551281919067839
9447,0.012618912518376206,0.07404336381235804,0.04745479468066836
9448,0.012872991590528177,0.10239254527286268,0.03799733865020412
9449,0.013156693556427007,0.11934626078202334,0.0724497211643793
9450,0.012722067109250033,0.08371836689601882,0.027341827655497808
9451,0.012538097093077754,0.05986432120144936,0.07787446696641835
9452,0.012556366642479307,0.07319455816896293,0.04692512106523675
9453,0.012739946492693255,0.08945562519540963,0.07387197674440416
9454,0.012451945959610187,0.06513062351261019,0.01622866288246176
9455,0.012772958083037649,0.0942548818360941,0.0654106996932629
9456,0.012486068343113086,0.061057183689887426,0.03152973970554113
9457,0.01249594030608047,0.05947315824566272,0.060942349455599246
9458,0.012454678650958197,0.061430101459615506,0.048342707279381794
9459,0.012462888857153362,0.06374516254458897,0.0989321933296208
9460,0.01254834609375628,0.06728983149963147,0.05472462682150646
9461,0.012623941063895132,0.08168491560050445,0.06852235116074538
9462,0.01249774836166864,0.05978566127430889,0.05294375399891184
9463,0.012520549040991431,0.06533995843752781,0.0951297159713186
9464,0.012738721995502625,0.08678278867617154,0.07228849725333561
9465,0.012656102003415489,0.07996462477314183,0.0661950743775022
9466,0.012866355794373117,0.08872895005360305,0.04917394774751361
9467,0.013012439692860991,0.10174323899582632,0.08868045350169866
9468,0.013012740181616302,0.10435345822621518,0.07164707219463154
9469,0.013035508979862784,0.10088551998653729,0.0859850308108083
9470,0.012973007841254087,0.08056116839353472,0.04024697020602212
9471,0.013049781029998916,0.0869879878028059,0.11228962849268605
9472,0.012875152212341177,0.06945253328342912,0.046967135382849794
9473,0.013138382263363491,0.09253282738179519,0.06505710615703747
9474,0.013586088382431503,0.11312588779345163,0.05742331798996076
9475,0.013311145804078233,0.0880737443554959,0.05709109904880483
9476,0.013183154951358259,0.08293893018761744,0.10607777662468985
9477,0.013242674989030088,0.09632942826759788,0.10313023538682423
9478,0.012976400287872556,0.07140166951540552,0.0354296904853021
9479,0.013436038628559627,0.1159360737103327,0.04766328165710343
9480,0.013492973045418721,0.11586390261036335,0.06026337817531117
9481,0.013313912341214802,0.09328162578790368,0.059227086293203196
9482,0.013168219078078757,0.08253428345031871,0.05349861767993143
9483,0.01286641464332487,0.07525473798883463,0.020423472897826023
9484,0.01282458886959955,0.06654041430325262,0.034997657493460024
9485,0.012788880972887374,0.06813653409353923,0.0539411565792813
9486,0.012911906052298498,0.07714866164765131,0.06360675585931824
9487,0.012989667994134993,0.08309790626118244,0.06033886817079185
9488,0.01307449807880391,0.09311881593574182,0.03577489564941713
9489,0.013415907620349044,0.12177693657875421,0.026975092946964114
9490,0.013536735441742494,0.12300169711225609,0.053493229269272406
9491,0.013489696726295393,0.12050321249787932,0.07264209341844614
9492,0.013777576915680618,0.1349056976812508,0.057511373878959896
9493,0.013107397461059732,0.10286632177624838,0.0242497900420834
9494,0.013034041853197939,0.09094735962929647,0.07083720907810113
9495,0.013123891578110695,0.09484688260106565,0.05647889097351034
9496,0.012980249124315646,0.07875579475400618,0.045049005709345384
9497,0.013012143410898971,0.08557628441954031,0.05286179286875297
9498,0.013183158373912636,0.0960456988730312,0.07792123324953083
9499,0.013032024718943044,0.08760201205787259,0.0843151688331821
9500,0.012817713814131774,0.07276621685283752,0.04376246677795625
9501,0.012818154253267239,0.07240464150431682,0.0712065870757555
9502,0.012843061809211982,0.07340816391093859,0.05682467336145181
9503,0.012861339512478732,0.07673558447302764,0.09288450216595744
9504,0.01275446681941921,0.0692722469003982,0.06190442303386527
9505,0.01308630067728249,0.09008770558847405,0.05111361801162243
9506,0.012816414237297333,0.06646278186687234,0.03493295564450695
9507,0.012960354463792245,0.07818048112397555,0.042884390309775984
9508,0.013228893642779153,0.10266479982720952,0.0886138128011987
9509,0.012952906830187204,0.08438872168342842,0.044990500389713556
9510,0.013103472549602079,0.09770789020310416,0.054999477088154655
9511,0.01329961525283019,0.11375642567551332,0.07745525299844008
9512,0.013157845946264719,0.10330280845786438,0.026269109052901262
9513,0.01315558362537645,0.10591304669330129,0.0352847113784362
9514,0.013073348755789055,0.0961164490468979,0.05847425179031722
9515,0.012866207670884889,0.07561552838985076,0.025547435609224282
9516,0.012983007665185817,0.08896339441608041,0.06714012209263026
9517,0.012793588738115338,0.06903148151214908,0.047712910073385524
9518,0.012894058242805147,0.08290942501712278,0.07085661995595194
9519,0.012770446473802913,0.06634840675894757,0.05070096307618994
9520,0.01272394277011569,0.0767447297835937,0.0016268473170831983
9521,0.012684430863117017,0.06319248612943207,0.08689009926469096
9522,0.01284670814844695,0.08863426794948241,0.08092882909616778
9523,0.012812136681094896,0.08480355576438671,0.0738983558444556
9524,0.012601435076731567,0.06683066420600031,0.020940735873674888
9525,0.012642370516098981,0.075685066971895,0.04694785274103494
9526,0.012756859706695343,0.08846152517890647,0.07663228724786997
9527,0.012667987803610755,0.07720271455584023,0.013193910442463623
9528,0.012899336085985449,0.0999689086926497,0.048928292289634134
9529,0.01260442803740327,0.06716885854341381,0.024878495518560015
9530,0.012595077483065795,0.070697704477795,0.06792671075073095
9531,0.012531890673214825,0.06319951605484779,0.04555822621473195
9532,0.012743059947374595,0.07594171486534962,0.08516783837663125
9533,0.012579326038784857,0.06329602580784441,0.07107903670578436
9534,0.012579377024173707,0.06566233919202112,0.05122464695406287
9535,0.012595015873580393,0.07488437707271138,0.06300588428976232
9536,0.012407497477716072,0.05720450451215991,0.04706478372560262
9537,0.012519213741623613,0.07569716563189186,0.05370179025663274
9538,0.012479578095887263,0.0702097978899528,0.04499911257286032
9539,0.012491997883866617,0.05886140093653563,0.048170202126311464
9540,0.012697908304150294,0.08016693629501821,0.09961818282455893
9541,0.012696790469745214,0.06384581231154397,0.025088992197670117
9542,0.01271839472614201,0.06055224063274231,0.05803989235357742
9543,0.012819765356995553,0.07756295747555329,0.13290461111107893
9544,0.012734725943560093,0.07102518338706464,0.04458777312279153
9545,0.013006182914684998,0.0836271163696632,0.04939067835755793
9546,0.01305833486135118,0.08721799847316694,0.06634979236402552
9547,0.013010764803573832,0.08211525984100623,0.03303168113917778
9548,0.012775210996149172,0.07341065002015847,0.023885461574883898
9549,0.012620157040618103,0.0591030349909879,0.036749717684373955
9550,0.012787427327522673,0.07626037501735197,0.06357986998521466
9551,0.013004181167925096,0.09700812995078546,0.07666017723210396
9552,0.012821835304702017,0.08142875289573309,0.0633579906108666
9553,0.012664830240717422,0.0628106733708374,0.06611808235268585
9554,0.012587074459408095,0.05736308371628527,0.07383260094443567
9555,0.0124266696005289,0.05633194230447933,0.03463369898489726
9556,0.01247038744591562,0.062467072449103114,0.07838422181798249
9557,0.012610019235721632,0.07417238998347685,0.08362900791446037
9558,0.012551017673009276,0.06391215109053384,0.05374161576921578
9559,0.012692160115867794,0.0809035504666326,0.06937459900927329
9560,0.012890964855330264,0.09474004896981805,0.06140786527928487
9561,0.012893031138913909,0.1036942231926091,0.03750322515819577
9562,0.012663870704631583,0.07441573129763503,0.06466258313366208
9563,0.012665189209022956,0.06952448710521589,0.05311351109333334
9564,0.01268241797290232,0.05941959101403106,0.016480699538867917
9565,0.012849338086828886,0.08150339075110846,0.04754798218346325
9566,0.013237457549805234,0.11464440442291465,0.07090093497905184
9567,0.0127985716860073,0.07087025715781606,0.03366181284731937
9568,0.01292487785070998,0.09360945399172232,0.03924564753477326
9569,0.012707899459842308,0.06660327367051032,0.03883941374898642
9570,0.01285712151137843,0.08589136063284367,0.05479445798797664
9571,0.013319650848626147,0.12210254860410273,0.04429740845447925
9572,0.012709247939267303,0.0759511479506018,0.06787137995978976
9573,0.012543523088747056,0.06178244425944026,0.049681724922737286
9574,0.012550224126357975,0.06015644519157833,0.05382826088818238
9575,0.012516786948603528,0.05875065184356612,0.0345763980236617
9576,0.012644330036264202,0.0635882759580064,0.07754345574735011
9577,0.012857796232019627,0.09250381754316571,0.05664395045094358
9578,0.012800252113480143,0.07590251059567647,0.0628223645179218
9579,0.013066660740777563,0.09680674116458443,0.020509032790657755
9580,0.012959414627286826,0.08966482024886169,0.0507491383939789
9581,0.01280958322685851,0.0695457710433491,0.08979811656670926
9582,0.012645742655474948,0.06665033675984344,0.039219450327382985
9583,0.012592587976953723,0.05684081030102567,0.05724006749212063
9584,0.01256212137957082,0.06401004610184324,0.048868446535529506
9585,0.012533993408347394,0.061744900896516734,0.06973983795162304
9586,0.012883346383609707,0.10054930853223114,0.04958289858359055
9587,0.012672609168370545,0.08053180270205892,0.04134597004145561
9588,0.012683145010168649,0.08174765356837001,0.052574621725096506
9589,0.012524424386054289,0.060655172577560236,0.034503020671570225
9590,0.012551975740838718,0.05860447138460556,0.08400783431075541
9591,0.012549599821767895,0.0635140725932783,0.06910815325516205
9592,0.012621026946497943,0.06929504920853564,0.07606974457597421
9593,0.012564147617413087,0.060458463206630425,0.07430616918805973
9594,0.012748506811499387,0.08347646532669352,0.07202456899563581
9595,0.012914272519340422,0.09300143286874504,0.07995972864991295
9596,0.013001434360658239,0.10129292785472127,0.050887136336972075
9597,0.012660207002617552,0.07360894175945584,0.03238178450148489
9598,0.012525150581459353,0.06087164306924203,0.058112641902990265
9599,0.01253928156321179,0.05948651682478332,0.1062936417925029
9600,0.01263205359565778,0.07458953376252235,0.06715045175548862
9601,0.013037394544046992,0.11755494040755703,0.0529173962043479
9602,0.012494268573492432,0.06636917305026241,0.04398469997214682
9603,0.012567049430732464,0.0767894983385726,0.055318106764732325
9604,0.01234803411157655,0.05637674946179455,0.041830081039824676
9605,0.012548514320097102,0.06731420541535706,0.05460302624609257
9606,0.012596134998136426,0.07111373628829494,0.08894353411168693
9607,0.012363686210558123,0.05102753557107774,0.02363263669233803
9608,0.012399723876787703,0.06195334036016645,0.04325232994320724
9609,0.012338921911204004,0.06023131646904325,0.04389728556727121
9610,0.012692708325144403,0.0956318853126811,0.052616005669890005
9611,0.012398863322064769,0.05721808905474084,0.03111976690313818
9612,0.012387166876895913,0.06446864455803901,0.04599840822424348
9613,0.012353298307460799,0.055878722577514736,0.05139421552299364
9614,0.01278429239849913,0.10678163304227223,0.039916689156456846
9615,0.012531335564870126,0.0789560789873436,0.05405950927132269
9616,0.01236336575601015,0.051964542484704966,0.06779109786947782
9617,0.012623321941641804,0.08328895193821335,0.04836202123486793
9618,0.013051611650349834,0.12096169585402997,0.07250511883889646
9619,0.012442411552988758,0.06294849638736646,0.02887232497498983
9620,0.012464004723188517,0.06172818009527133,0.07470480776547896
9621,0.012537753194342324,0.07108668743342554,0.057160120370582254
9622,0.012584932070276925,0.08158769908310981,0.04540363811328724
9623,0.012933767262380047,0.11220542457374114,0.0787569679071758
9624,0.012598507757628694,0.07881163394624598,0.0510158776119581
9625,0.01263192674288215,0.0889467586520286,0.06219746903915248
9626,0.01262932450860115,0.08431540146191889,0.07343860172072199
9627,0.012337899980516338,0.048264726527225355,0.03165276229997909
9628,0.012567372554484119,0.07518347083060574,0.0411479802747826
9629,0.012322215605789172,0.04825203642149502,0.02502736930041025
9630,0.01236280606380499,0.05969541961084837,0.058060534734121046
9631,0.012468289311316832,0.07460740068267387,0.07455719904917033
9632,0.012454893319765709,0.07317727407041154,0.05364050131679475
9633,0.012347892127860511,0.05887279176829547,0.061991842410555345
9634,0.012314343716808293,0.05026636210801805,0.04480539832349224
9635,0.012395773184830034,0.05319219871881087,0.06523815517356713
9636,0.012492760761736357,0.061146045979989544,0.03990517624993263
9637,0.012719524753457606,0.08998907587122791,0.03706296022560856
9638,0.012656603919429799,0.07438449443858232,0.05133508464880722
9639,0.01268587538593972,0.0892999184377099,0.03946240740205005
9640,0.013075146681450786,0.1267705781480222,0.08914688601032351
9641,0.012472940996404846,0.07270768738783674,0.05648457917478498
9642,0.012345509588353707,0.053018052725582854,0.03546402367066633
9643,0.012430875160927654,0.0605957554915613,0.07883798906491327
9644,0.01238643098902799,0.05315640388417494,0.042922665291276564
9645,0.012368115703825563,0.05493917076565442,0.0490838925136445
9646,0.012421601484047862,0.06418421418993324,0.06767703524030995
9647,0.012461713613080266,0.06392001423799021,0.07589315703003838
9648,0.012510015748440666,0.06469800477145,0.06900808132838047
9649,0.01280803302361325,0.09810518612083026,0.05933699949571055
9650,0.01250386725973648,0.0645704822440119,0.0325941250743979
9651,0.012847694610925465,0.10489046453505935,0.0444432835836429
9652,0.01255147531902079,0.07586285084926092,0.05864906168822537
9653,0.012670818514409442,0.0864426284260306,0.04541114787942442
9654,0.01245557461962409,0.06419577405766505,0.07404179927915633
9655,0.012627395644471242,0.08831628812919579,0.04064027080615769
9656,0.012610907963760888,0.07977001941472012,0.04528671822246836
9657,0.012431187144716449,0.05806278032460482,0.050579633683917574
9658,0.012319655697568073,0.04968843568325757,0.05401012314592077
9659,0.012402009565972021,0.05908156736437024,0.1081095359314684
9660,0.012419847105219782,0.06355310763939903,0.046078105835443056
9661,0.012472120098530963,0.06516983324734484,0.038153266471533095
9662,0.012394564893296309,0.05482466576520548,0.03036071879546297
9663,0.012429775625133737,0.055381741768143034,0.08530677991505593
9664,0.012546321790556291,0.08048836105878347,0.05039644864247545
9665,0.012670708949896308,0.08805135620747953,0.07489101535824269
9666,0.012696594639221057,0.08688876136407082,0.031970227312743627
9667,0.01240027900274112,0.051819609096937176,0.03652368767051128
9668,0.01261857430398247,0.07958251261576231,0.04041089030528113
9669,0.012456650009661565,0.057758441069748624,0.05677741157839212
9670,0.012676489425396457,0.08778967199699195,0.06943770725298701
9671,0.012719245910007868,0.0852018922646386,0.09111911737280547
9672,0.012593622281396414,0.075297220320686,0.0714518552475447
9673,0.013106365803595909,0.11389912893475418,0.04362649227940839
9674,0.014047559932272144,0.165883887327911,0.047577797257628285
9675,0.013845801931349105,0.1431740866678061,0.0589694025938208
9676,0.013210347498514569,0.10537744517194583,0.04411577387465023
9677,0.012949269370447384,0.08461012401427008,0.029851591702596075
9678,0.012836730831157982,0.07109529412090872,0.05585922665551746
9679,0.012763801224338733,0.06440587769547138,0.10318175557944403
9680,0.012694672414268346,0.06558643720374976,0.04589093134796917
9681,0.01310173167411964,0.09988263231834453,0.02964403309910558
9682,0.013594525901179095,0.14180208440539743,0.05974096576031275
9683,0.012839607256628265,0.08678509357846484,0.03379522448334739
9684,0.012572728400799949,0.06455583290811989,0.03144723653445024
9685,0.012574576031710341,0.06219316956731758,0.07316172074905011
9686,0.012459708681308261,0.06222774886178673,0.06208935914308373
9687,0.012508486769857205,0.06758262391650437,0.07230357270322972
9688,0.012370480200021159,0.05586543964525471,0.0326449726249294
9689,0.01259817417983103,0.07176740526819592,0.0721059708992752
9690,0.012495600726763926,0.06040783969476104,0.054569405482885476
9691,0.01242223042052772,0.05622710005878167,0.029278390904418587
9692,0.01259110291604853,0.07261125434366734,0.05645445748449854
9693,0.01250395728776218,0.0568681390347767,0.05900161607252674
9694,0.012609286503753167,0.06873408750894937,0.04518787077336362
9695,0.012525998896107076,0.06178393562591339,0.06797161957578478
9696,0.012748382368869531,0.0877672683159626,0.09421423385069842
9697,0.012896640595473269,0.10128298301254367,0.06793187939540918
9698,0.012491405837838554,0.06217555318959772,0.031821189484092634
9699,0.012615499504873251,0.08094100551501951,0.056103597971559505
9700,0.01248097399526119,0.060856790805228086,0.04818633878865695
9701,0.012494935996137942,0.0643392594274126,0.06021351123812467
9702,0.012454402381611832,0.05691828283217295,0.04669303555005385
9703,0.012477472275958341,0.06282730634277892,0.0315551772224526
9704,0.012571632032756522,0.07948360942447981,0.03437564545724217
9705,0.012408120704325776,0.055914010477424246,0.06012913394791709
9706,0.012375951707851628,0.05560760760240472,0.07974156585016606
9707,0.012403016378025686,0.060696215103589114,0.08900161775449127
9708,0.012475007872256675,0.06890759410814944,0.020133825582811002
9709,0.012390463339810148,0.05601477808571244,0.06136987297975371
9710,0.01247487611652713,0.07163146509345703,0.06788919431468593
9711,0.012446618421066617,0.05861994208725295,0.08847893062485898
9712,0.012651308950726674,0.07515226518516042,0.03288022088287887
9713,0.012745062155679452,0.09193218357849546,0.049481349167322684
9714,0.013045217233034928,0.10625492491053781,0.08077662451648933
9715,0.013107041248296631,0.10854703478046356,0.08135757704669802
9716,0.012684807521023326,0.06898081497415044,0.05906127083872658
9717,0.012618424736853541,0.06787800858624955,0.034304283597086045
9718,0.012612888687468555,0.06409839671122884,0.03716792845005463
9719,0.012600379174990852,0.06476816109174843,0.04903978647251049
9720,0.012596287759243364,0.06714982556335657,0.05493306661505304
9721,0.012606142670565533,0.07282337130171163,0.045301555762683535
9722,0.012479073777840112,0.05854913346068751,0.053024980745666896
9723,0.0126850898019322,0.08868305554678034,0.05838309060388931
9724,0.012458369747355232,0.055171409425274306,0.05071331273241266
9725,0.01259883121035242,0.07515747775426039,0.07462382306110063
9726,0.012681612063434088,0.08912759217710521,0.03678830514554186
9727,0.01242474599392505,0.057650508678435526,0.02333076664531202
9728,0.012533410422710788,0.07184720994997412,0.06766902150716023
9729,0.012463508415013782,0.05642573632936605,0.08879374408945852
9730,0.012633225738605704,0.07044009237143174,0.027197599003477294
9731,0.012544625839497149,0.05738717728475247,0.04459274537106775
9732,0.012595736226434034,0.06531079518999343,0.04589168592253046
9733,0.012581449271175398,0.06400550482616088,0.028998582145972795
9734,0.012579577891755355,0.0677806356954065,0.059660796319144026
9735,0.012744236149689258,0.08925451910386172,0.04817533313964173
9736,0.013022348372271722,0.1171821998104905,0.036749532130460956
9737,0.01301232571837166,0.11267653681220798,0.04999560271620301
9738,0.012788490954244471,0.09105269564870289,0.06786687262025029
9739,0.012531289856108902,0.058994945912703003,0.051629380157733135
9740,0.01262892733843393,0.07208960360987486,0.05839349683323091
9741,0.012414906854529204,0.05671324632331246,0.03174731844679715
9742,0.012412298911667785,0.05725094262414149,0.06987151818730301
9743,0.012447205028272824,0.06892544291832288,0.05624896610669242
9744,0.0123735455370237,0.06297518546962946,0.03280551448149121
9745,0.012563741332443186,0.08964779086919995,0.029540693623143384
9746,0.012344695098448974,0.060461980821441365,0.039181624336562346
9747,0.012367422475472865,0.06122048111879903,0.05387428359961046
9748,0.012373548407061542,0.059401017983323534,0.06408465353580638
9749,0.012443927685199009,0.05945642944672452,0.03353199832028009
9750,0.012496329277821388,0.06831076109916329,0.10961232995996902
9751,0.012347519798759799,0.05098586950842784,0.06583099823368878
9752,0.012397932335326317,0.05576962106581935,0.06708640260578445
9753,0.012844767382515972,0.10319083979774592,0.02155786748593296
9754,0.012427406210607436,0.05687061286627725,0.061994108443950896
9755,0.012698095918378026,0.08348922558060319,0.053205327360345764
9756,0.012427145461576219,0.055372575252634525,0.031746676539896324
9757,0.012425687431830685,0.056082848883283076,0.005225846135302226
9758,0.012460649754055161,0.06080250121020214,0.03861267113840183
9759,0.012623997284951822,0.06353023957590359,0.010567283259442017
9760,0.012798704130424967,0.0808997172851294,0.06836497679127529
9761,0.012712352413306953,0.07229331262614754,0.07140172959579606
9762,0.012426858181766611,0.05585482550322056,0.0070758454091942044
9763,0.012466315635151432,0.06284221569323332,0.05293319214466793
9764,0.012703795660894641,0.09225483017066957,0.0931055976608452
9765,0.01240389842033506,0.06505650025516625,0.031933166663681505
9766,0.0124026944911589,0.06076292910297481,0.07535814107487505
9767,0.012540745968499595,0.07499046697136628,0.07117702622297425
9768,0.012454851694316846,0.06190165487221037,0.0694381311636171
9769,0.012566086092631096,0.07198626182231643,0.038239708311056705
9770,0.01245145518086536,0.05656545484440543,0.054324886978571164
9771,0.012607531889903737,0.0653049265972503,0.02658677738326014
9772,0.012532651523522077,0.06166697309128,0.03959747179779417
9773,0.01250698003625662,0.06066234196566119,0.1025986310833896
9774,0.012674421707060306,0.0870046127241829,0.05032270016415792
9775,0.01240977663033128,0.061719723334713816,0.04365309332794166
9776,0.012368513133043773,0.059481977331757536,0.07938983355977365
9777,0.012686770215234665,0.09674772896719011,0.08488087412073408
9778,0.012376355587653213,0.061303098216717956,0.051085828231128734
9779,0.012497430077492305,0.07243394822804153,0.05032943885445412
9780,0.012390589729167416,0.06036582909025809,0.07073005674007679
9781,0.012387708475617714,0.051868591369821845,0.032765345500653485
9782,0.012579737700522864,0.0756936348037998,0.04424783435360966
9783,0.01245491559179526,0.055763690117656986,0.05860707162861808
9784,0.012684406586688006,0.08434259419256791,0.04913368435330502
9785,0.012570683768662827,0.07089461498716837,0.08362996102182671
9786,0.012426001752409016,0.05779881401582181,0.08255032775769261
9787,0.012439640336688994,0.06341616955322936,0.05538776068744255
9788,0.01251871069134489,0.06521530415376074,0.0837456144977435
9789,0.012493093688904052,0.0635996983067531,0.04609885388648115
9790,0.012602943334068221,0.07517329124214174,0.05475849339842546
9791,0.012432657889564493,0.05479009274775668,0.05685971843195895
9792,0.012613392187559455,0.07477574451080093,0.04660595701376636
9793,0.012598943313650987,0.07906262624742022,0.08575275693767052
9794,0.012616852381226418,0.07701340273552791,0.07448220752261357
9795,0.012816985572408403,0.10331856736855281,0.07910150117490083
9796,0.012543019224544628,0.07320956790602026,0.07905397954609956
9797,0.012423762718781449,0.053479681773909375,0.07675395424615389
9798,0.012485961356817609,0.06765591772049513,0.05422929380010982
9799,0.01263419574534425,0.08036016797071456,0.0708523180563104
9800,0.012920745843841897,0.10425573068122332,0.12599760474913002
9801,0.012991809253769079,0.1174189072325855,0.08117766595853083
9802,0.013056306724902272,0.1209273631621502,0.053537347190659196
9803,0.012517858668736207,0.06269904198318188,0.04641189731016257
9804,0.012494640750581697,0.05829590263789263,0.05780156540782612
9805,0.012603544491959665,0.061281138640462626,0.07409119791454409
9806,0.012815874653920782,0.08357244328763729,0.05360054546851597
9807,0.012480591752043357,0.05578407519385276,0.01707929113511467
9808,0.012461284754041374,0.058114749299488455,0.05420488964336564
9809,0.012447086126925985,0.06249578992659109,0.05501577588225634
9810,0.012356541538470756,0.05406110731212156,0.06824779692917102
9811,0.01237319779992973,0.05665104652892211,0.0060699102454387695
9812,0.012433111677686397,0.06843607932628791,0.07116994364881608
9813,0.012888893580677395,0.11267915845300326,0.10287917383822268
9814,0.01270910770621383,0.09368827691649127,0.044800850501502225
9815,0.012886327161648432,0.10370072802967222,0.048773086449923654
9816,0.012714637665779722,0.08516240156513746,0.04095067718619235
9817,0.012709711544816022,0.0796016905207171,0.09595454896479741
9818,0.01253885053872215,0.06051291453059785,0.04376805025084869
9819,0.01247445550488591,0.06468701422032234,0.08718823540673941
9820,0.01263431355161291,0.08022569040475333,0.08668228081156225
9821,0.012625056832925355,0.0791916940570041,0.061831012823655385
9822,0.012621581888098228,0.07601484931284694,0.07262478138310385
9823,0.012343722072255967,0.05285995223304605,0.016313161092833397
9824,0.012427803039670166,0.055808767591010194,0.0525001146190631
9825,0.01252110793963198,0.06170110998116525,0.05053476060147028
9826,0.012746181126594713,0.09416443212195737,0.06916074259521336
9827,0.012354355434943606,0.04983931985992491,0.024122533138865365
9828,0.012527620531350717,0.07696968895674353,0.047617377322100765
9829,0.012376762666195461,0.05581246920105633,0.07339281210075659
9830,0.0123505601496495,0.05210667542396606,0.05811075512808862
9831,0.012415293573763813,0.06173025211371318,0.04742663401038362
9832,0.012401146071490293,0.06345614826772339,0.05722077245566049
9833,0.012575070538012562,0.0856658928980357,0.09537808479620614
9834,0.01254675898182447,0.07629469364609387,0.05618745549670574
9835,0.012307583908111317,0.04741556581492284,0.03965073591474508
9836,0.012391199131670042,0.053673023778099835,0.04872949937902778
9837,0.012396112510214136,0.05352880301873996,0.04904500281879466
9838,0.012387656485683038,0.05905923701527052,0.09791084855135412
9839,0.012372104775512595,0.059625527473181415,0.08986566461094558
9840,0.012343633572651832,0.05435448501854975,0.07088919358769476
9841,0.012458720228202933,0.06587351345124885,0.05568078026329732
9842,0.013157503097810398,0.13089485155104622,0.07038703400918186
9843,0.012608448089133755,0.07981113895089335,0.08594057064360658
9844,0.012534692386946104,0.06691846203347993,0.045095783775218744
9845,0.01271588100917317,0.08494766657294647,0.0342721493005878
9846,0.012909078310957217,0.1000262366271457,0.050268447702499934
9847,0.01255726322836653,0.06567448353519902,0.04753820824258498
9848,0.01284128066218066,0.10233118547692477,0.05655686516608969
9849,0.012553018129485422,0.07084860890412344,0.06349995186193012
9850,0.012669170584723194,0.06463663367039227,0.03842741087583379
9851,0.012816378178481734,0.07466883787225699,0.07018374152512934
9852,0.012906865373965173,0.09502304293012988,0.04897010373087898
9853,0.013142074469185897,0.098948152152872,0.052350115038502114
9854,0.013435360315697765,0.11314476079789067,0.05437545061039104
9855,0.01318427666637175,0.09211321209363495,0.03640533194818855
9856,0.013102474242006798,0.08812934182525228,0.04238487364847732
9857,0.013621675171816618,0.12494767243186491,0.04011046894253637
9858,0.013408287790388157,0.1054541870460394,0.08136770496608074
9859,0.013991977401566052,0.14285293657128825,0.06844955071777543
9860,0.013467258496917182,0.1027677938609472,0.0426405064802944
9861,0.013188927788155516,0.08365758496660654,0.06493713321334393
9862,0.013211561435326221,0.0837592016717675,0.05034784319560117
9863,0.013195753558456208,0.08404796905547056,0.060741734522880106
9864,0.013170229337925157,0.08834109124410547,0.03768738116909522
9865,0.012995806722803947,0.09266798585372017,0.04738594239743781
9866,0.012874904953067576,0.0956038866009689,0.053651289425404806
9867,0.012690328871890056,0.07414662814649799,0.0477323198270019
9868,0.012614922498940355,0.06527085348228133,0.04513889367902376
9869,0.012761630134051231,0.07876498111484899,0.06275869541922752
9870,0.012796054908417093,0.08137801962638083,0.05941655747026213
9871,0.01290949977398974,0.08670675106120473,0.046767265781997865
9872,0.013075784621370417,0.1077810193217497,0.0782358631221423
9873,0.012749942532976961,0.08009993010639563,0.05399235878843233
9874,0.012680182107563769,0.07995938552356216,0.10390912611556485
9875,0.012540430327846623,0.05995224235889662,0.06265999376698012
9876,0.012692166117641245,0.07690920019148688,0.07169473587064448
9877,0.012770946640191069,0.08491466964958883,0.06535710443513797
9878,0.012512968287693091,0.06034362201492359,0.03949220528428084
9879,0.012473148720334185,0.058257078833724975,0.061831398814501594
9880,0.01248889037514409,0.05818831138954859,0.09355098372077442
9881,0.012573675822269665,0.05677629371370304,0.058162542267986214
9882,0.012551215223522165,0.05858327576789878,0.05607211310483518
9883,0.01265985805922697,0.07480175953726727,0.09723523038673017
9884,0.012549022498549042,0.06819248905582712,0.08370422493797515
9885,0.012655471293478814,0.07643770344028444,0.055602958682412565
9886,0.012638753197610297,0.06822435810570061,0.067372885853912
9887,0.012518972143353187,0.06028377412849215,0.03001111057779805
9888,0.01258475001143595,0.06704447693344417,0.021419627639647165
9889,0.012816302108987314,0.08962488863002266,0.05849284398986195
9890,0.012769843078919901,0.0850282985458387,0.05062067709846348
9891,0.012803740526053927,0.08336939073404061,0.021590744909707197
9892,0.013019012780684229,0.10715747532695463,0.05325580618806418
9893,0.012638875714775984,0.06545551614425571,0.030450361519384433
9894,0.012685202966272085,0.06347926746777528,0.06939094152564691
9895,0.012739720830861752,0.07304243635786865,0.05073396262179218
9896,0.012720076452020343,0.08014826349030535,0.034531922622026034
9897,0.012734105334902535,0.08453726522431029,0.027065339947355414
9898,0.012628418094404828,0.07125404116956408,0.0584333792835489
9899,0.012595415248906824,0.07097530293359423,0.09801387052561757
9900,0.012753263897210505,0.08855238172839675,0.09383277884891614
9901,0.012994276780003523,0.09523386166164083,0.040802468749469495
9902,0.013222792670215179,0.11886380951359571,0.0516065379507263
9903,0.013274939898791287,0.11998380599461887,0.09604017068609835
9904,0.013258130595752397,0.11514396587370154,0.09329972613672702
9905,0.012716940565393875,0.07154906531597165,0.056230629056211005
9906,0.012519509639800646,0.05878919136026005,0.027198455128202254
9907,0.012504166387487753,0.06483088385525686,0.05499550756398379
9908,0.012533069814308854,0.06246471772957796,0.04562229408812661
9909,0.012516644849349988,0.07040952629826436,0.057221643292926644
9910,0.012358381385672638,0.05368096263384812,0.02842402272865382
9911,0.012550615791369391,0.07308789302311108,0.029546352059433584
9912,0.012429802134380125,0.05883359733347634,0.02535662454532172
9913,0.012447053941180569,0.06787752987699408,0.04888129558393185
9914,0.012522622025470232,0.07305214847550727,0.05959741070439887
9915,0.01239455288589973,0.05626288746240993,0.04977639200984157
9916,0.012521638060264514,0.06733532553607782,0.06184179108795556
9917,0.012528258381932679,0.06258881115103265,0.024053488632894363
9918,0.012780919469561034,0.08967460965278229,0.05731681343662485
9919,0.01332134191779349,0.1337376576366525,0.042954253184050974
9920,0.012760768704698071,0.08555214975566927,0.03830868285946025
9921,0.012706115520895712,0.08364673952904393,0.04489834980678336
9922,0.012504115768021047,0.05674467804911543,0.05323253525507661
9923,0.012559539233385158,0.06641139934096736,0.06985030285977348
9924,0.012574982041321008,0.06983090227891846,0.0773824249304132
9925,0.012597417881099197,0.06341605781892017,0.0675723618185403
9926,0.012730791224101265,0.07210380110095271,0.06880545220996488
9927,0.012701915942832823,0.06383914649568037,0.034394304718163404
9928,0.012748506676860902,0.07594542550557605,0.07209725903905546
9929,0.012682824726626345,0.07407916959626241,0.03646540384971618
9930,0.012627648670962251,0.07262843393138237,0.06270512669263388
9931,0.012720321611130311,0.08472829424210594,0.05191667888499039
9932,0.012686578075944975,0.07940273009855922,0.04466966208982518
9933,0.01265000325839546,0.07281957124291372,0.09688637061479209
9934,0.012947869089077888,0.09991047644969192,0.07603944000534867
9935,0.012702112302214914,0.07989021394977625,0.05454775530047042
9936,0.012997616872545088,0.1096970184045799,0.09023412034407195
9937,0.013110445750276431,0.11721621799264106,0.05798829368132946
9938,0.012756339395724839,0.09408229299171139,0.061227727859960786
9939,0.012595053612164534,0.07148319709063115,0.06444314669630904
9940,0.012575216739491725,0.06100776123252643,0.09115232322441248
9941,0.012563139863214251,0.0622944404064909,0.10052608094940042
9942,0.012572531490431716,0.06521920187621845,0.11171479821920301
9943,0.012751954778700315,0.0787478666701953,0.04855350665533237
9944,0.012603836654896065,0.0678416036836408,0.024547467570096834
9945,0.012617091329580589,0.07896868146636289,0.04244634781855173
9946,0.012574364450234623,0.07354208636893285,0.06266534954105711
9947,0.012534650686201534,0.06417306838743284,0.05172999903514566
9948,0.012599200772603618,0.06775968937287008,0.07047876698832578
9949,0.012419895269744857,0.05580513222831149,0.04833644081671842
9950,0.012451488383994678,0.06665577297687132,0.03751304680436494
9951,0.012583330809596085,0.07823131941949452,0.08108229806345735
9952,0.012604051937594965,0.0834663179775977,0.0870511392128664
9953,0.012746853251737536,0.09723439334707515,0.0636487439297226
9954,0.012689697176949278,0.09065748476147303,0.05899208802887833
9955,0.01258631876470528,0.07783407369076696,0.04475619788381803
9956,0.012614493164083779,0.08273410909124168,0.05383620663135298
9957,0.012829449316400973,0.10111211158589578,0.02928255738289714
9958,0.012555292746984428,0.0666385964994918,0.0516925044052523
9959,0.01275079963218157,0.09314068654766797,0.0939915616109039
9960,0.012617133547465598,0.07360911539243553,0.06882314738838059
9961,0.01293272449450898,0.1068995076237095,0.06046768335498124
9962,0.01255581865368445,0.061603290144594605,0.06526714548614096
9963,0.012521213438314012,0.06209224982520814,0.053289621949622966
9964,0.012497913576766967,0.05955669643933103,0.09158935777643014
9965,0.012447332468964253,0.060012319849378416,0.01887644880621838
9966,0.012871599116607065,0.10781778509271465,0.05814544607545619
9967,0.012799981330066441,0.10304684578800248,0.0925506331324587
9968,0.012468856055652127,0.06664285278287348,0.02514898776576744
9969,0.012523248456366643,0.06911427525195937,0.05368776057967326
9970,0.012592927479425711,0.07282221207508399,0.021848558580625066
9971,0.012405531069723344,0.052960589012879686,0.06343463324015874
9972,0.012545327407871055,0.07432870053701623,0.0835719845324904
9973,0.012415856751465169,0.05793104201065277,0.06356205294277295
9974,0.012486880439270731,0.059804698290268535,0.05886995082348651
9975,0.012916425799351566,0.10655653071425582,0.034572611504887225
9976,0.012499988195083338,0.061661592159383216,0.0652184694824857
9977,0.012554703787236656,0.07076145051302571,0.05595737463379252
9978,0.012384155826965297,0.052213758333024475,0.10090369106848979
9979,0.012521296209052384,0.06075275387583223,0.06777170363255464
9980,0.012712317780077215,0.06876110374706651,0.027239208535773492
9981,0.012953945438080759,0.0914294269247072,0.0401879457166419
9982,0.012727599393774694,0.08508580860424232,0.036613785166793374
9983,0.01249170284434875,0.05458290916293877,0.04680396692296537
9984,0.012568750698077008,0.06965916732037941,0.0851844794039458
9985,0.01247912724376437,0.05458602825578551,0.0502619131194493
9986,0.012441970057332774,0.05587937470594724,0.022278206721887916
9987,0.012574527227339854,0.07976367668606872,0.038374783359178
9988,0.01246835711494614,0.06712231404041996,0.0751752436431406
9989,0.012405822782092301,0.05920073293108462,0.05192014764789952
9990,0.012460238118366312,0.06284492843643602,0.03586282128631787
9991,0.012388802990745636,0.059484567612612275,0.06821407685289009
9992,0.012357017187593106,0.05705703439504092,0.06349782768740027
9993,0.012570827618087655,0.08638098084020447,0.08622064754812535
9994,0.012588309419852601,0.08042161233163027,0.0653021186058539
9995,0.012374677707634498,0.05743418153273144,0.06144330912928551
9996,0.012739462267366955,0.0996983609923117,0.0675401580441511
9997,0.01245541945519426,0.06367374091300254,0.07214361059529195
9998,0.012551908125386358,0.06565540976906045,0.053743026422976604
9999,0.012601165551666932,0.0768026157786247,0.09993179423269791
