{
  "weights": [
    1.0072057789258057e-05,
    -4.565247640255428e-05,
    4.4251583948875834e-05,
    -9.284350743245191e-05,
    -3.349895054716674e-05,
    -0.00012293185555182226,
    -8.97324230397598e-06,
    0.06306430939330454,
    8.675469817576325e-06,
    -0.16106434245150109,
    -3.224245824094514e-05,
    -0.019046618172584934,
    0.000775425444973791,
    0.04436822989356628,
    1.0786756360270707e-05,
    1.0786757003865512e-05,
    1.0786762218942407e-05,
    3.3937172948157535e-05,
    -0.049315327286147854,
    0.00014292377843969813,
    0.011381711306688917,
    4.922522253873082e-05,
    0.002383735478164918,
    1.1640648257892723e-06,
    -6.481705363815872e-05,
    -4.565247658055894e-05,
    0.00015480610293229087,
    0.007899114907837209,
    0.014246297078126809,
    -4.618197630386987e-06,
    8.782760447398147e-05,
    0.007777325158451596,
    4.922522236213266e-05,
    0.2512047989860653,
    9.021222642216634e-05,
    0.0019033691255556596,
    0.10256418578805247,
    2.247571540417023e-05,
    -0.00018879614368956863,
    -2.4444070506787622e-05,
    -4.057164124187198e-05,
    -0.00012063598264358331,
    0.0037741744402778,
    5.579471150762026e-05,
    -7.930267082088701e-06,
    -1.4374618441559856e-06,
    -2.2204268357846252e-06,
    0.0005439417933478438,
    -4.618200339079545e-06,
    -6.445930205837345e-05,
    -6.012749245236062e-05,
    8.782760262273478e-05,
    -4.860858537958591e-05,
    6.434665301190074e-06,
    1.5215357720185227e-05,
    3.604536960283263e-05,
    3.623903055538827e-05,
    2.1160913439621556e-05,
    -0.0013018449685243724,
    0.0013996463026653663,
    -0.018310534248005047,
    -2.512803376852427e-06,
    10.117564493339376
  ],
  "final_loss": 0.021929444506689082,
  "training_time": 8.51111364364624,
  "converged": true,
  "iterations": 37,
  "final_gradient_norm": 8.133049367236206e-09,
  "algorithm": "SciPy_Newton_CG_LASSO",
  "loss_type": "lasso",
  "regularization": 0.01,
  "message": "Optimization terminated successfully.",
  "initial_loss": 51.48842426427826,
  "initial_gradient_norm": 10.264778045632946,
  "predictions_log_min": 7.866216629131092,
  "predictions_log_max": 11.573653555807134,
  "predictions_original_min": 2606.6810769700724,
  "predictions_original_max": 106259.99415219227,
  "metrics_log_scale": {
    "mse": 0.02831042089269677,
    "r2": 0.9183699653222771,
    "mae": 0.11948193678774788
  },
  "metrics_original_scale": {
    "mse": 19215624.75025176,
    "rmse": 4383.563019993184,
    "mae": 3057.9644254281347,
    "r2": 0.9193273467560827,
    "mape": 12.350727348701385
  },
  "parameters": {
    "loss_type": "lasso",
    "regularization": 0.01
  }
}