{
  "count": 3000040,
  "mean": 29933.369140625,
  "median": 26477.0,
  "std": 19566.169921875,
  "min": 165.0,
  "max": 3299995.0,
  "q1": 18451.0,
  "q3": 38220.0,
  "iqr": 19769.0,
  "skewness": 14.912970542907715,
  "kurtosis": 1376.9189453125,
  "outliers_count": 86106,
  "outliers_pct": 2.87
}