epoch,cost
0,2.0746987402221744
10,0.09749585054967813
20,0.01713347678155245
30,0.013379694616331438
40,0.012911650461435959
50,0.01268689806142159
60,0.01253700326115086
70,0.012428571287209629
80,0.01234853098570287
90,0.012286872376760564
