{
  "weights": [
    0.00395486256747232,
    0.0015697824443320877,
    0.010478816969996146,
    -0.014973981571599524,
    -0.001093639376033888,
    -0.0013734704420740726,
    0.002719988977856265,
    0.0804199829234354,
    -0.0038225530521228874,
    -0.23359059009639271,
    -0.010423216755950858,
    -0.00955357162480428,
    0.010060187445538906,
    0.09558585078046893,
    0.00023297495910858896,
    0.0002356780249768295,
    0.00023463053034351012,
    0.013314873194205705,
    -0.09559241019268366,
    0.07916624087466564,
    0.017484644395527535,
    0.047934687134178,
    0.0061117827808805205,
    0.00341691490535334,
    -0.004758088597299965,
    0.0015703617932254176,
    0.009138834041083907,
    0.025374604496730176,
    0.03254449630969276,
    -0.0052967543954391344,
    -0.0013576682441665724,
    0.011534888817439966,
    0.04793518067397551,
    0.21543674680627248,
    -0.0039794786903652865,
    0.047350512162617875,
    0.052352497699972585,
    -0.0071015613012624405,
    -0.01876707202523414,
    -0.009755963788373076,
    -0.032501162212020596,
    -0.032972048453069225,
    -0.022649046002057496,
    -0.0013459733418725267,
    -0.008678769409452914,
    -0.012158454241668568,
    -0.0004963428815430953,
    0.011513603893017088,
    -0.005295277322044054,
    -0.01530639834971123,
    -0.016617969482381104,
    -0.0013571646018342655,
    -0.0005101500153241675,
    0.0005786255131193385,
    -7.34077589434408e-05,
    0.0036997077331779636,
    0.003321319825021411,
    0.003895092652611751,
    -0.013878127078264685,
    -0.003912471944815084,
    -0.033865913338632724,
    -0.009242631617755351,
    10.11756936107652
  ],
  "final_loss": 0.012756618657987525,
  "training_time": 7.171074151992798,
  "converged": true,
  "iterations": 85,
  "function_evaluations": 93,
  "final_gradient_norm": 5.5971064865813374e-05,
  "algorithm": "SciPy_L_BFGS_RIDGE",
  "loss_type": "ridge",
  "regularization": 0.01,
  "memory_size": 5,
  "message": "CONVERGENCE: REL_REDUCTION_OF_F_<=_FACTR*EPSMCH",
  "initial_loss": 51.48390822791243,
  "initial_gradient_norm": 10.26472017062685,
  "predictions_log_min": 7.646529736831042,
  "predictions_log_max": 11.622271389933346,
  "predictions_original_min": 2092.368430531478,
  "predictions_original_max": 111553.8179566492,
  "metrics_log_scale": {
    "mse": 0.02377728917651119,
    "r2": 0.9314407600163388,
    "mae": 0.11128420330810479
  },
  "metrics_original_scale": {
    "mse": 18230826.312623214,
    "rmse": 4269.757172559491,
    "mae": 2917.849882681258,
    "r2": 0.923461810449381,
    "mape": 11.371908236333606
  },
  "parameters": {
    "loss_type": "ridge",
    "regularization": 0.01,
    "memory_size": 5
  }
}