epoch,loss,gradient_norm
0,0.013628962289896069,0.008293606759036048
10,0.013683959530309951,0.011490664052617396
20,0.013228937288913563,0.009834888944468692
30,0.013927946889884897,0.013680702070590883
40,0.013508082144902536,0.012239331241295425
50,0.013567496528383283,0.01249691723017045
60,0.013440084727562184,0.013672532093776973
70,0.01398541407646923,0.015707772639412997
80,0.013239928508068603,0.014646649444299387
90,0.013821429248497481,0.015231152491736987
