epoch,loss,gradient_norm
0,21.964131887688204,6.802615894652795
10,4.883557045380438,3.2955925016952965
20,0.013116688089248854,0.02868635007905615
30,0.01204553809770872,0.007996196668081
40,0.01200821220644117,0.009992760613702951
50,0.011997856873813504,0.006814159780418444
60,0.011981888504631834,0.005890732110562075
70,0.011982344665079855,0.009580311068306984
80,0.011982285960279922,0.0055790459319884494
90,0.011996400566156985,0.00660804071572824
