iteration,loss,gradient_norm,learning_rate
0,51.278380189550155,10.235967429477588,0.00038927622096822563
1,51.23153647356321,10.225038434401545,0.00041990334051142327
2,51.17406929369029,10.20190579163707,0.00032657701530737184
3,51.11945732572644,10.183794905128554,0.00039221078107527714
4,51.079427058534066,10.168519251936301,0.00025724019997252275
5,51.05030903583344,10.159924274462162,0.00022427351164873744
6,51.00527925753566,10.144488379955106,0.0003049380695727948
7,50.978362231648944,10.134808602263094,0.00020575246925945867
8,50.949177912933166,10.12806161700189,0.00026486045174399617
9,50.92217868975753,10.132694012143597,0.0003987980308423091
10,50.900442745805755,10.141371669048935,0.0003469603608160154
11,50.85964698778198,10.132961014077335,0.00030940034766031133
12,50.81203311199584,10.127790588001112,0.0004109692730425772
13,50.79042786671329,10.13052702163435,0.0002774801086631409
14,50.76845366218155,10.12854068615619,0.0001987404324887351
15,50.72985791681256,10.114891710895561,0.00024934791261590095
16,50.69209148611865,10.113814589620478,0.000367355404408237
17,50.65923610401707,10.103459576981628,0.00023877629475897632
18,50.60555256776052,10.088569038483293,0.00042344874771685543
19,50.564078744001066,10.078379859133225,0.00028726277166427386
20,50.53157388563454,10.079727785323266,0.0003776063548351211
21,50.48915134528804,10.078640372390081,0.00044393097718053255
22,50.45241766640196,10.083058367352097,0.0004869086694853279
23,50.43327848401946,10.086061631517865,0.0002527224390822159
24,50.39866911320271,10.080458658866094,0.00034204524479239086
25,50.35046879985555,10.069782241499082,0.00042603944788059336
26,50.32853819178835,10.0643100429487,0.00016483590004833608
27,50.309736433879415,10.069509319532134,0.00031330319402672136
28,50.26083088760355,10.059251404393104,0.00044785805035706415
29,50.237124438954666,10.05680024656182,0.0002508308096981917
30,50.226530132368204,10.061896199628075,0.00022030788019477486
31,50.21442638049546,10.065074867541423,0.00021895527517752528
32,50.200569592296446,10.076142828295973,0.00031193337798488945
33,50.16639845530843,10.072262124327853,0.00028781490082529983
34,50.15486654389997,10.08332293360494,0.0003133475861882658
35,50.12362685482867,10.080685811391808,0.00030592134156441435
36,50.10336583799162,10.091881260743738,0.0004275577449975637
37,50.08896568392368,10.1005069237927,0.0002615595214507822
38,50.033853083660446,10.080087215074057,0.00036289759834672757
39,50.00614344778939,10.075694138431833,0.00026348569421088587
40,49.97253984649936,10.079846673708861,0.0004261879531980033
41,49.949593042203375,10.086392139135242,0.00032200240794130655
42,49.92876747507438,10.096182389429103,0.00034534370793834685
43,49.92901585712342,10.11248097820931,0.0002506639414193927
44,49.89580003354605,10.101370926835049,0.00021000297896321845
45,49.86971937471455,10.10639810633089,0.000344259596525621
46,49.845248308736394,10.102709525525473,0.00021398896215191248
47,49.80503059013641,10.091993296011218,0.00034188169974832183
48,49.77021301237455,10.095952164820426,0.0004488910495102035
49,49.71917961217108,10.075268858608961,0.00030131413719484994
50,49.70406738750891,10.088207960183379,0.0003290217338089011
51,49.698862550024565,10.108054992247888,0.00036222332570415994
52,49.68836586327296,10.114883862213137,0.00019746301160603096
53,49.68768212123735,10.131450908231363,0.00025882456534174727
54,49.63214262035056,10.107148791633866,0.0003026478932524776
55,49.63560475359716,10.12635291850482,0.000285704362922968
56,49.61620257896358,10.128926674620843,0.00022923812247157402
57,49.596290654662916,10.136691365304582,0.000296770265705749
58,49.546159924649864,10.119990852696318,0.0003697444098084729
59,49.498856552764344,10.104708528358442,0.00035844436179506545
60,49.4340990669372,10.077552816894833,0.0004086048698717398
61,49.37789245850396,10.054207501498263,0.0003417358804021188
62,49.34587604121016,10.063873003518458,0.0004997812762608894
63,49.329779775060146,10.070373116587001,0.00025165525931872734
64,49.32603851750417,10.081840238503787,0.00020745118649283218
65,49.3240721485124,10.095106126711071,0.00024102351957721037
66,49.27988593040759,10.075531870002457,0.0002567499445665625
67,49.21877656807539,10.052492977546912,0.00042969577065282114
68,49.1744736064789,10.036449481689289,0.0003239413443673145
69,49.15335434893265,10.037887402560774,0.00023427433915999398
70,49.1492273554753,10.052392176001186,0.00027512720811346164
71,49.116910245435434,10.04126437571987,0.0002388175528178923
72,49.06905398374016,10.024566341356843,0.0003534785180647571
73,49.053981397236754,10.03635113128912,0.0003011837358468843
74,49.01467234286976,10.024730339386558,0.0003434653390438155
75,48.98552853939931,10.012931385386022,0.0001604771841082893
76,48.96144361544542,10.021265584913202,0.0003790927736867246
77,48.907800845218674,10.000693626202114,0.0003777300511794918
78,48.885391247388675,10.008138270577662,0.00036440377396996273
79,48.854211934838936,10.01636531401506,0.0004903303172727098
80,48.82193058845616,10.015303559703147,0.0003288732568094288
81,48.79645707627642,10.006183682009931,0.00016409683124016632
82,48.74914718476598,9.984344867312892,0.00025617147980234155
83,48.707997665177906,9.97012254066228,0.00030528685086405135
84,48.67958539854642,9.97732849665821,0.00043214689305303236
85,48.660927915306026,9.98192354940991,0.0002430932668377625
86,48.60403858077432,9.96252475655548,0.000442381993401153
87,48.58146635441707,9.963893892281128,0.0002692403466182114
88,48.53933376740854,9.960243756027857,0.00044391232623212213
89,48.489525514435265,9.940413692698973,0.0003231852296637489
90,48.441952915257104,9.92209371078612,0.00031287802788260177
91,48.42499365131029,9.926017865129024,0.000211203655597555
92,48.40265599942881,9.930256124389755,0.0003270717032720084
93,48.36265701381613,9.928977645622743,0.0004407037114044181
94,48.35057306099008,9.935995814252175,0.00021359746317527122
95,48.31958283736575,9.937102311625685,0.00036013137096734573
96,48.31210169522867,9.947691476083667,0.00023081498094984975
97,48.290982433028866,9.953016325268845,0.0003134521154746685
98,48.25442041330124,9.938836315933589,0.00022988353039364421
99,48.201814675322716,9.919704436181762,0.00041420912131956314
100,48.15064604921761,9.90231909417284,0.0004219304058268847
101,48.139746151741456,9.91004641465455,0.0002295657862263042
102,48.12797592383837,9.920222946114762,0.00028897784342538606
103,48.12668853311121,9.935451284602006,0.00023243138677515857
104,48.095604604603956,9.937650857602803,0.0003403057633696382
105,48.05087182953776,9.918275852872858,0.00027936664535373163
106,48.00800853808196,9.904414054504047,0.0003445429410336078
107,48.00762031171781,9.919406599720135,0.0002467685444992899
108,47.996586929125655,9.927572128446458,0.00023100261593763188
109,47.94669351186907,9.90999046495154,0.00040485475034016333
110,47.93109260972359,9.918905947677382,0.0003091192110893759
111,47.88209280256095,9.900518278883034,0.00037181639637298995
112,47.83836847864575,9.882092849734994,0.0002853674196959543
113,47.82515451479706,9.886698000210007,0.00022857554392096774
114,47.8251516762543,9.902827981320682,0.00026245986550449364
115,47.81799185282492,9.91781500424983,0.0002936664489216202
116,47.81826312343753,9.930899974183175,0.00016455673834925544
117,47.80422838384343,9.944567741355174,0.000372816792501628
118,47.769505387285335,9.932063671787473,0.0002693855282908098
119,47.726415795702415,9.915311285639074,0.0003234812728280007
120,47.69119492940103,9.899754919066664,0.00024550305164633255
121,47.674195928524156,9.917198463341201,0.0004765122452055342
122,47.66809528799658,9.930931033353952,0.0002656915530764989
123,47.61305829179936,9.907848908220638,0.0004000540514083464
124,47.582620606607,9.914728460446712,0.0004654402472555326
125,47.56138875521877,9.92767420908071,0.00047375970976343116
126,47.54902407862015,9.933945158125463,0.00023791967923576188
127,47.53766739386025,9.94422497361096,0.00032913868563716416
128,47.474978662517096,9.915339176594063,0.0003420043172389571
129,47.47787779524152,9.939095510068826,0.0003253077363700122
130,47.479005625011176,9.954700230475535,0.0002329387316889496
131,47.4505799410237,9.958756903481932,0.00042534581653719337
132,47.394131160693036,9.932224603750038,0.00031808417895455674
133,47.32826638618281,9.90437468594564,0.00046453683089804583
134,47.3084881092299,9.903526155010452,0.000187350554520453
135,47.25670769588517,9.881088078167044,0.0003860214444542496
136,47.212171344346025,9.872127467319988,0.00039686047432764066
137,47.16196984297239,9.85092820110028,0.0002997517659605379
138,47.1112323892337,9.833338061345367,0.00038190438299392436
139,47.100270886639116,9.846069911457466,0.00033433840860182723
140,47.09454238190432,9.864423554911642,0.0003519616241189782
141,47.09270277017164,9.873762842913273,0.00013208645655261032
142,47.07424681329629,9.87745669060231,0.00025474845335842416
143,47.0082296397107,9.849778796537981,0.00046228812402286244
144,46.9859303220518,9.853748384405751,0.00033208055572633534
145,46.93968159703315,9.837007421545996,0.0004105239619816235
146,46.93935754926768,9.851981236346429,0.00023821337551984065
147,46.920734566661345,9.854785807606799,0.00022519355942253696
148,46.90966973200214,9.863692903058682,0.0002378683463556729
149,46.89893570488333,9.881761613171536,0.00038796265314164016
150,46.87995316788622,9.892994040711615,0.000305901812257509
151,46.8754475998398,9.913289266561335,0.00033577576801713715
152,46.83707786398801,9.903652871641265,0.00036367354917922733
153,46.78498309319546,9.878827774068805,0.0002910856359975514
154,46.768162886067515,9.888940762228653,0.00035875513350049456
155,46.7292511385648,9.879443126582208,0.0003147580441647385
156,46.71165059111063,9.890743771630955,0.00034022785804187504
157,46.703609688323596,9.911581258949326,0.00042727949999636227
158,46.645177688064706,9.884738315267148,0.0003506721138256491
159,46.62645907336807,9.89821031534378,0.0004482942709492703
160,46.592390834971525,9.883066487655844,0.0002536076963454251
161,46.58870349472382,9.89520502619122,0.0002253887159591609
162,46.5290378464039,9.869280796946235,0.0004329772594724325
163,46.52449344436572,9.879225969479206,0.0001799680050216728
164,46.51220022224728,9.892825888321049,0.0003273284126661285
165,46.459726284896796,9.870605494797013,0.0003498946937997165
166,46.44951896921911,9.86923963040491,7.454884398658936e-05
167,46.41957722821029,9.871773214116637,0.00038742043138384165
168,46.359575307448644,9.845145044569925,0.0004278996879925509
169,46.302203195119276,9.821349899610473,0.0004023132673881021
170,46.24798854320567,9.797539820282147,0.0003598624953789171
171,46.195667398816354,9.77483116573735,0.00032502438893230816
172,46.15058387392687,9.756290759244136,0.00036243666093118776
173,46.13858010248214,9.769890620489562,0.0003449558249716749
174,46.11317932977744,9.775967629818073,0.00034955121308071364
175,46.06543493391369,9.756228707048232,0.00036541454010061034
176,46.045168900285525,9.765029482587854,0.0003400259764031148
177,46.0277600247697,9.778268206566837,0.0003910534152458847
178,46.026413420179615,9.793254698887312,0.00031984417154261975
179,45.99285377630907,9.791248600785405,0.0003128267980342195
180,45.96586357812119,9.793275613250188,0.00031888507600372624
181,45.909806232785535,9.771435337901263,0.0003965264328643141
182,45.8661766497482,9.754724563551267,0.00032417961785777456
183,45.85558112201347,9.771809436893536,0.0003946919147134619
184,45.83658324980614,9.7851540221286,0.0004358362794762689
185,45.77790861615763,9.759121058753198,0.0004247893453756484
186,45.761116148764145,9.765178992750394,0.00026166889938211707
187,45.729444468260816,9.768709767341694,0.0003914785088505862
188,45.729855758427874,9.78714355117388,0.0002688797635520541
189,45.692725730123165,9.779875795787413,0.0003264216517040217
190,45.63043033265634,9.751410638545533,0.00039552548865735295
191,45.61067336920058,9.763792739293411,0.0003807485395601984
192,45.55508648701533,9.740477614790413,0.0004462889600744057
193,45.50852593155103,9.722556219073372,0.00042138966415091925
194,45.45938793476781,9.703675770663223,0.000435394875370982
195,45.450331589075915,9.712372621368573,0.00017335188314907004
196,45.42058619487644,9.700262926064244,0.0002560086543777701
197,45.38052625910076,9.698248505883544,0.0004838366824331336
198,45.35570132744231,9.704703792478533,0.00042460288589997046
199,45.3112693335477,9.68882916009881,0.00042064078597409403
200,45.27951453123445,9.69911921953185,0.0006040158541903819
201,45.26660738565011,9.714398896225346,0.0004266256426410689
202,45.2396098993388,9.725159143784493,0.0005393376713011889
203,45.20945217119087,9.712846317652716,0.00016126505355466763
204,45.18248730684029,9.723347239561475,0.0005574433150036637
205,45.13448204423757,9.699685419004748,0.00026208889436926344
206,45.10100379324306,9.697371863526051,0.00045486096394870804
207,45.088735951690765,9.710973788481414,0.0003870058776091059
208,45.084634839537244,9.731215401445414,0.00038417722283602023
209,45.06293527746754,9.744552566450704,0.0005010999149034504
210,45.05498152935843,9.762997168349434,0.00035939796672681266
211,45.0402148000281,9.774968539658428,0.0003781468599182749
212,45.0059458361609,9.767651751172377,0.00028688584767744323
213,44.9759938001857,9.772171533404753,0.0005065460149066854
214,44.968000633922294,9.78228343886898,0.0002442411851853738
215,44.96326271076453,9.793194448059591,0.0002042200873011378
216,44.9423705674326,9.794106656073978,0.0001604095480228224
217,44.92032911210983,9.7997505001671,0.00025669122972822643
218,44.897421735103734,9.795609713128393,0.00014566788197988467
219,44.91713170604332,9.832459194578275,0.00031695362351102447
220,44.8817377754224,9.83287773529853,0.0004425184873951251
221,44.83389449694888,9.815405099151832,0.000418315689372486
222,44.78291017893844,9.793435472829549,0.00040303701015458656
223,44.795347698623516,9.827509096371182,0.00036715980202528797
224,44.750031186859786,9.811490001998697,0.00041278218259687885
225,44.746481321198296,9.836484459268158,0.0004951396076125397
226,44.70108843336015,9.817780646446588,0.00035767400125345415
227,44.673550811402436,9.815053221679733,0.00024967530046023393
228,44.633971422542025,9.794942500242982,0.0002531540144223706
229,44.57998537958148,9.773405287039147,0.0005075801713423038
230,44.55167775325379,9.768314271993018,0.00039005992668593946
231,44.49774227950672,9.7464938865173,0.00042295509356297327
232,44.49111077672968,9.758710023782282,0.00025628343527327424
233,44.45410179063899,9.74859310751709,0.000284649367112906
234,44.416865094882304,9.735325340646948,0.00036201635088486234
235,44.359096235101624,9.702904110914877,0.00021719139027751434
236,44.31401110728109,9.678672734097407,0.00020205982403827136
237,44.25921739463459,9.651482262292319,0.0003712573557649296
238,44.24330011848377,9.656660398439271,0.0002254621614665904
239,44.24078724560812,9.673657158839463,0.0002730950193452121
240,44.18679797618432,9.648578109779955,0.0002978100122698259
241,44.159838422839286,9.637301800640413,0.0002357283677197472
242,44.14666739452605,9.641083894400637,0.00016695639308112066
243,44.10435108752786,9.624706490907345,0.00042558534666744526
244,44.060672902330744,9.607504660376273,0.0002706653380374272
245,44.038637999035856,9.623124990376732,0.0005810819666554992
246,44.00255780866929,9.614805912254818,0.0004397272012482792
247,43.971516710097625,9.609886416233838,0.00039481732935374143
248,43.95231330864994,9.611946308551115,0.0002447263285357358
249,43.92700118696066,9.617243952464804,0.00042460984569333106
250,43.88875370143467,9.620977098054754,0.0006048896897958578
251,43.85368803242223,9.61976470174963,0.0003695750869188753
252,43.81930422204439,9.612298771912263,0.00039015778379172014
253,43.80103351569852,9.613944990314662,0.00023579899941837025
254,43.74297095192251,9.585878645901445,0.00035313641378015444
255,43.716608611422956,9.587607499554766,0.000361621342296688
256,43.676252859625734,9.574012218142167,0.0004293334407486222
257,43.66950371287782,9.593101010733745,0.00037786913514851556
258,43.64449346002017,9.592445765482578,0.0003067421473219168
259,43.6108371202083,9.584695987009557,0.0004059603926474911
260,43.61213112468469,9.607210595084627,0.0004076102900091888
261,43.594247254964735,9.61551051979019,0.00031388922793976453
262,43.577603087954046,9.619515324593142,0.00021830468982417852
263,43.55150464325719,9.625063629736237,0.0004240831510906141
264,43.53586586429245,9.623838893463027,4.855379405340002e-05
265,43.515562641021646,9.623815037393799,0.0003485114842868165
266,43.49980244888262,9.633370340851005,0.0003166962760288034
267,43.43857000220013,9.598310728414656,0.00025947537307983727
268,43.41554346391135,9.598161171717488,0.00024067573047187684
269,43.41852284997723,9.622648267749172,0.0002955246351982739
270,43.375928226636866,9.607229729642505,0.00046674615556490615
271,43.34134557291441,9.595563215847934,0.0003424431098356068
272,43.27677826318059,9.564628367193269,0.0004428719997910734
273,43.2514191922799,9.569797036600612,0.0003757367241534588
274,43.23724611521043,9.590622442149797,0.0005777146741500481
275,43.17752637427045,9.558495865002579,0.00029399697734139687
276,43.15039475036744,9.553476786364596,0.00039427352850888265
277,43.11374839915784,9.542912740163853,0.0004705489202118836
278,43.089579442061726,9.539903801914626,0.0003655539593830887
279,43.04517980979009,9.51676646174495,0.00020169737457101407
280,42.98452539863642,9.485052049381952,0.0003020621550609757
281,42.95259458956178,9.479605020853613,0.0003020601428555677
282,42.90144863197276,9.454858097275062,0.000293705069545768
283,42.86460986912256,9.436120507267006,0.00012752757007752298
284,42.82394059824931,9.429092862813473,0.00041953653035704683
285,42.81087117928773,9.442959627300871,0.0004322547761652387
286,42.75376427069446,9.415497111333734,0.00032177965640715336
287,42.73656619886005,9.42003148433248,0.0002825249097778272
288,42.73521393980557,9.440620460372562,0.00041631688780832796
289,42.706011674937045,9.435270782847175,0.0004138430769565748
290,42.675935384118745,9.428901726526608,0.00027880278734289675
291,42.63076866293273,9.406991973949351,0.00026812310172940826
292,42.60378443095591,9.40179797289137,0.00020441058182089355
293,42.58483275285308,9.41239754397882,0.0005087166901943862
294,42.55064304571577,9.40224121349587,0.00046299287143553274
295,42.55005489187454,9.41580326326856,0.0002697420122429454
296,42.531629630079856,9.417071829080362,0.00021306071216714017
297,42.53481658397661,9.436265110261242,0.00021984477930576512
298,42.502350729194305,9.432150387357833,0.000309532160413486
299,42.49151722594319,9.437658980363693,0.0001832802798505192
300,42.46140391210019,9.424495098731484,0.00019828861304650795
301,42.415259876095476,9.401140269118423,0.0002259177591594757
302,42.38019942850151,9.396842399416258,0.0003561120789004427
303,42.359880079818055,9.411492395560918,0.0005475183537772773
304,42.30554175094225,9.388442152608258,0.0004590312296013546
305,42.27294912351106,9.388413998501136,0.0004849378894136892
306,42.24431713842624,9.391535154028833,0.0005277738260604169
307,42.20473450182836,9.377252355439603,0.0004005140302563094
308,42.155099757076044,9.354861736914717,0.00034222751619797164
309,42.130028689531876,9.358012409323118,0.0004002619021720474
310,42.09755211239246,9.350621585125444,0.00039492026419474415
311,42.07083097574294,9.337226768802442,9.643412336928859e-05
312,42.02466636014526,9.317703370584372,0.0003985534881963228
313,42.01310204477123,9.332184492447558,0.0004285596136612872
314,41.96516438046859,9.313269935591691,0.00043439068884447646
315,41.96178482780678,9.323754872835957,0.00020942520160564644
316,41.938153893044706,9.329029466049821,0.000443204332616749
317,41.90698448432774,9.32078133899613,0.000413456709057489
318,41.88134252788534,9.312922460656937,0.00027412407169740923
319,41.84839636157001,9.307438763694513,0.000440737424885098
320,41.81877538245254,9.302709474252486,0.0004724139842706707
321,41.77846792387,9.285060868224116,0.0002293154443598035
322,41.744836235598356,9.274639976721433,0.00027488310915750337
323,41.715861316535886,9.268077730579263,0.00037070831354815915
324,41.68316730786333,9.259041393844466,0.00023827632919783698
325,41.649632535948854,9.248940094947512,0.0002542072835903565
326,41.64511221174911,9.261803978318712,0.0002991000633150202
327,41.615408990688564,9.258672944309875,0.00042741305029521463
328,41.61208960918273,9.269999604058299,0.00022731101549794476
329,41.593771686901505,9.273446830327831,0.00028207255738358077
330,41.560439169571985,9.264976790994043,0.0003660632241905318
331,41.56093094802274,9.2789391115663,0.00024383634743613188
332,41.54065463231775,9.274256048037842,0.0001974660937295059
333,41.517137536413784,9.272089796154914,0.0004057997550859094
334,41.51093720125884,9.283443886328703,0.0003660249133710113
335,41.48935538820189,9.290670500202896,0.0005256578404802152
336,41.44771520216476,9.283210065716322,0.000451782745414764
337,41.43343889226914,9.291144213127895,0.0002719773445662772
338,41.42318952552591,9.307058692653456,0.00038915723715431577
339,41.39510814393294,9.308621417060197,0.0004249468809234938
340,41.34709825339524,9.289402185878014,0.00042937145294873533
341,41.32935336531634,9.291904231441057,0.00042644616518396257
342,41.287393178562255,9.276537580816143,0.0003441789800586269
343,41.28883429306582,9.28872329225167,0.00026065989696788045
344,41.274288679853115,9.294385784657878,0.0003820145751472413
345,41.2757936328944,9.315751721755262,0.00036082150621385295
346,41.231969380295695,9.29832080030485,0.00035335547907993514
347,41.21475574424835,9.306026448577299,0.00040974185480932107
348,41.18862824175405,9.296582240694255,0.0002900046546288363
349,41.170623909189025,9.293671426429631,0.00022324593700377978
350,41.12276611976391,9.27841113827867,0.0003589865812633496
351,41.10819018228066,9.291901790001203,0.000424800115906043
352,41.10666327000699,9.312761678611663,0.00038037325148342353
353,41.05226376552677,9.284962835045558,0.0003016606421826635
354,41.02451243999679,9.28488361696541,0.00036880028414712534
355,41.002128877130346,9.286699685260546,0.00048754926172793613
356,41.00377026452609,9.30308519828221,0.0003126554413595733
357,40.998342376681556,9.321666058552971,0.0003667577986038286
358,40.94283944822565,9.296185974399188,0.000397808836005993
359,40.892127790540194,9.271390190919675,0.00026386203335340415
360,40.85142720781103,9.255220018024602,0.00020140759125972596
361,40.81324535454973,9.251061558703617,0.0003657179946624653
362,40.79920589168523,9.256891240115015,0.00039823418077595337
363,40.755195488806756,9.235216488757608,0.000219874506767911
364,40.73134574703471,9.227601117116492,0.00027959685351354045
365,40.69069587738194,9.207671120688293,0.00020411285487614025
366,40.68591119591406,9.221440242410884,0.00031583755431788214
367,40.66724879622443,9.22522518359956,0.0004765927439500533
368,40.65827572388686,9.233295901860963,0.0003320436228148763
369,40.62029614693394,9.22979958667014,0.0005095320228851686
370,40.60025136277738,9.231844410467806,0.00011558030335009758
371,40.54729523075634,9.206742783266883,0.0003380628076662372
372,40.52613941896855,9.208032933151433,0.00042967422406793587
373,40.500738143120024,9.205082551089333,0.0001551281715110851
374,40.47413914877761,9.198875603477873,0.00019834796309829464
375,40.447562636538514,9.207947878775988,0.0006631361736892474
376,40.41127951562999,9.201012304069671,0.0005147045470933293
377,40.394321437960855,9.202132656737392,0.00021080508776632356
378,40.36232675877141,9.191247425346313,0.0002124293895731549
379,40.361917085619204,9.210225220036165,0.00047755702210740123
380,40.33018013890692,9.202600421578916,0.00046275100546439886
381,40.289066824770906,9.1868051744344,0.0002589412977864661
382,40.262318739208574,9.183045685757127,0.00014574808549057213
383,40.258285688707375,9.19749451322663,0.000340783051498286
384,40.22494242896738,9.185027227287492,0.0001634617907098226
385,40.20519190327466,9.187531999428893,0.0003312622842649992
386,40.18453914316837,9.195791542418407,0.0005602630018686196
387,40.14128786599716,9.181038837610988,0.00047817331369952846
388,40.12958577524637,9.181298682500653,0.00012446078522797358
389,40.1023645762554,9.172726735836957,0.00023568729909618605
390,40.08550158857631,9.182216260068671,0.00045952513288345496
391,40.05894074711744,9.180479778463315,0.00048012793529419616
392,40.02186554341318,9.174981677099922,0.00040044482346622274
393,39.99785616468501,9.179800466152361,0.000530418802189735
394,39.952334174720825,9.16206306235489,0.0003655501554998147
395,39.95147685062493,9.177625464864082,0.0002510370881994801
396,39.93171205769601,9.190258982377593,0.0006259706209196266
397,39.898562579786436,9.186917292327037,0.0005419873021890557
398,39.88413575677813,9.190326368943392,0.000289595832664228
399,39.87644793356376,9.19948135438376,0.0003747671915558602
400,39.846425861630266,9.19601122856988,0.0005052509448391477
401,39.79067270220062,9.167145826260072,0.00029033462245201756
402,39.748740219613815,9.152102859226252,0.0003362867670704455
403,39.73091831643978,9.161133741639196,0.0004820828685660483
404,39.68881659760059,9.142226557912542,0.00023081848157497606
405,39.68251071340603,9.157717632481875,0.0003682134372377774
406,39.680256174292595,9.17656934881203,0.0004960408748236497
407,39.659452460310526,9.182199920620494,0.0005682104854531391
408,39.610267825297235,9.159616373645767,0.00025424042712296344
409,39.60277270087096,9.177085173925862,0.000561446383509945
410,39.60262678333413,9.194758101523629,0.0003856091071743876
411,39.55592878866559,9.173349107848557,0.0002480275060456094
412,39.5151085126033,9.16115530527293,0.0004143878461909136
413,39.46616777107372,9.136947335753693,0.00024097354908152277
414,39.4428549042033,9.143167437649002,0.0005759370441487295
415,39.42556329603585,9.150958016970836,0.0004207869315723793
416,39.384417312732154,9.134015883840188,0.0002532387978774663
417,39.36719961567411,9.134024986096826,0.00033216294858626563
418,39.35256037970204,9.145193550157503,0.0004509116017184678
419,39.330596710091974,9.143145848612985,0.00025186672036682517
420,39.30991533935523,9.147511918977356,0.0005598705159028891
421,39.29987326548457,9.159280368612269,0.00043075392547137914
422,39.287004204563644,9.17309895419191,0.000521831504956937
423,39.2851631681137,9.19247318168944,0.00047274859971313375
424,39.23905588614203,9.17983837165658,0.0004671434221391889
425,39.23236905312793,9.19843877119566,0.0005203490511999639
426,39.22596493827097,9.209607556777922,0.00036374399998571135
427,39.218896271806315,9.223671377528003,0.0005113533729446804
428,39.207833740689104,9.241238579644552,0.0006067236191854784
429,39.198979995972124,9.251670690754743,0.0004655330779836459
430,39.1526639219012,9.231926465223902,0.0004161339205369614
431,39.157653717991955,9.25650870962643,0.0005823364997062949
432,39.10454058185523,9.23571265617853,0.0005101130257616943
433,39.07114110011149,9.226684044246792,0.00038116043251648933
434,39.060831826789496,9.238587193117015,0.0005114862639613144
435,39.0612630808756,9.255013597392503,0.00040461755325130617
436,39.010629340392875,9.228471927488346,0.0003023309249940424
437,38.978820940633454,9.215348435152036,0.00014974553312604384
438,38.97119238075133,9.229800569472864,0.0005188417434414288
439,38.95710526815796,9.240749804588395,0.0005591323432914258
440,38.933792302774215,9.23744017090922,0.00033662381628936263
441,38.90080464529594,9.22927665661462,0.0004707230815288232
442,38.851195013638815,9.2080490505046,0.00027748541475371277
443,38.82989945395867,9.207950659478803,0.000468879089573325
444,38.82020193534786,9.22200862541322,0.0005059761421568902
445,38.797926603164605,9.224465206066519,0.0004134107057428377
446,38.78065800015073,9.231879824955008,0.0004938551023646167
447,38.72425881109499,9.205954359264817,0.00030416395625128967
448,38.68512240459399,9.190685349676334,0.00027831030443933316
449,38.66167963895184,9.188069847809489,0.0004527319495275722
450,38.63924701339948,9.182613584997792,0.00027076427618805203
451,38.59661971147899,9.162394420514879,0.0001293731605169049
452,38.57223730580543,9.159491918341317,0.00032059817306151164
453,38.527092729816395,9.14462388225915,0.0004108685850817655
454,38.47170886251227,9.118793416181765,0.00035831104398195045
455,38.45468753500028,9.126910992517386,0.0005515656746225984
456,38.44440814738518,9.13099886030294,0.000269892830007823
457,38.43949306963635,9.143887971832362,0.00031335584480794145
458,38.40067224315748,9.125111154962495,0.00012721414708771102
459,38.38571474650535,9.135186833906491,0.0005216534684270472
460,38.39283229498905,9.159475087416453,0.0004845661332837898
461,38.35954487371826,9.151190156663775,0.00027450357203300397
462,38.34627111978207,9.160860331403814,0.00039332922915187097
463,38.350408011503,9.18386332731847,0.0004571997685615474
464,38.32685832973364,9.189323293508243,0.0006775726066878217
465,38.28718803435851,9.178520501628741,0.0004098009794688117
466,38.24517124188781,9.15662714965298,0.0002364603788406719
467,38.21642685708817,9.154058186955666,0.0005934727623785541
468,38.18230027122762,9.145777210101183,0.00047204528475556216
469,38.16005432383161,9.139657707624847,0.00023520315182849044
470,38.15097316309226,9.152474873217427,0.000506244175806271
471,38.09009276078779,9.122136645234272,0.00026709214391045937
472,38.07809397010651,9.136204754511189,0.0005982372234968888
473,38.064655817507585,9.145949941441526,0.00047800758980701846
474,38.025650403492,9.127519144967668,0.0002689551948347073
475,38.016845873334795,9.128667299593616,0.00012411415412791444
476,37.9953793615181,9.133694876414047,0.0005613901528862666
477,37.98605964879122,9.147580437104432,0.0006323203118702023
478,37.984492904953356,9.168687220758205,0.0006266824399056019
479,37.98112725258676,9.183857819470067,0.00040200599508126563
480,37.93335091922734,9.164575710721861,0.00031835207654755344
481,37.94385999922146,9.19207238081598,0.0005415994812062632
482,37.91936999438533,9.195602469779926,0.0006005692260428086
483,37.887831283107005,9.191576763457663,0.0003786436232988736
484,37.8267421282413,9.158955083194215,0.00027929254381956327
485,37.79065616646707,9.145501314315744,0.00041426906088387345
486,37.75661815536117,9.131651250145524,0.00017244878166527755
487,37.73399376867936,9.131172816572953,0.0005432441701002163
488,37.689977534337366,9.11820091883304,0.000616141288499782
489,37.67600961858399,9.128987115405401,0.0006145252560232286
490,37.63378597819003,9.114834495773762,0.0003404967044125881
491,37.62615711791814,9.121164637546737,0.0002348688224133067
492,37.625916484085394,9.14266405223457,0.0006392168525729915
493,37.58983290544298,9.12654399596918,0.00013890387402025356
494,37.589590789253094,9.146080246924106,0.0005484458432601784
495,37.53800922967716,9.117386227756011,0.0002433870990634239
496,37.52334759509059,9.12369092219459,0.0003778416733833372
497,37.52240342614738,9.140576571171003,0.0005542288987005297
498,37.501540715365785,9.136120162414825,0.00035994550353402965
499,37.50130907389208,9.15692157741147,0.0005816026722985029
500,37.51077981233983,9.182310497098912,0.000508921164036893
501,37.49528919481406,9.176942308142177,0.00011393716102374922
502,37.45501239853081,9.15696676619617,0.00036991971832838144
503,37.43635502041779,9.166744432097104,0.000766334246172898
504,37.42839949847228,9.168838210610625,0.00012886803271329014
505,37.38379129941054,9.156267781347166,0.000617209723896836
506,37.38365718546702,9.16890353386781,0.00022977515378572592
507,37.35512109712254,9.154954451586763,7.991709354705003e-05
508,37.287754143343925,9.12016011631749,0.00023045320899300656
509,37.27237145373992,9.119487750508059,0.00031983205773734115
510,37.2816511917701,9.145476697506728,0.0005772654575904976
511,37.251607020831536,9.140498432802863,0.0003187313093351594
512,37.224986473038065,9.14088708312033,0.0005182152808868162
513,37.21868603163859,9.154960077879489,0.0004534055956523308
514,37.18879290029596,9.149760588735258,0.0004787439935184434
515,37.18239233714346,9.167749744760487,0.0006324392991653518
516,37.182411558290234,9.179037891979664,0.0004340987392312085
517,37.164481593267396,9.187209779326363,0.0006385810084851393
518,37.174337892830394,9.21633841024828,0.00052663044867922
519,37.13939430685394,9.201667716204998,0.000341922062543762
520,37.146881303387744,9.229294006602712,0.0006313294293137529
521,37.151185951610564,9.251295652050294,0.0006757736344240053
522,37.08428003282356,9.215152783692632,0.0003382275522746642
523,37.06620814029134,9.223714225006297,0.00013294948763528327
524,37.02210304060454,9.203914201528525,0.0003236814729689704
525,37.01123851616166,9.210098356115562,0.0002630899989665044
526,36.968585463865324,9.191706807242388,0.0002215404494151936
527,36.90659977906,9.157879800454038,0.00022599124675404164
528,36.895870083375804,9.162531109058765,0.00020236169101013168
529,36.86201792332875,9.148600518788049,0.00022309662517879891
530,36.850068399570546,9.15014725388349,0.0003502840807015272
531,36.824886077551206,9.146242719490697,0.0004639455831297262
532,36.77736961825634,9.126086801837582,0.0003715860783382843
533,36.749989665026646,9.122638467955984,0.0005612869203596663
534,36.752054651785606,9.144625003796362,0.0006630340541859675
535,36.7419899615295,9.149637128006448,0.00023725830135432627
536,36.68977994121092,9.125430936993368,0.0002785220783027039
537,36.66906746559327,9.131828496418633,0.00015246200044698882
538,36.67243595473362,9.155836494135864,0.0007266413321389976
539,36.65964637891675,9.16567632518357,0.0006877048388605124
540,36.66288540414847,9.190037206802153,0.0005194524977825512
541,36.64132385866211,9.189862891959725,0.0004867341647839683
542,36.630254385327234,9.197172465863728,0.0006395492826430616
543,36.63765542754577,9.225289940235955,0.0005779027352129358
544,36.622801519190254,9.227390468967036,0.00028398870449093124
545,36.56409596878536,9.192685257722221,0.00020048889916600708
546,36.55170341345996,9.203218618708526,0.00048095067007822604
547,36.54052275760613,9.212512080104567,0.0006776494112670697
548,36.497227123339115,9.196989093801747,0.0003937281974264219
549,36.44816231774467,9.17007433240696,0.0002000255091340466
550,36.426639176434236,9.172835797995724,0.0004901395218871582
551,36.41629383076073,9.177191952931677,0.0002933655246707757
552,36.3696149365567,9.157571660278101,0.0003563956328386074
553,36.3621052622508,9.174531773972479,0.0006504289373638064
554,36.365774073885724,9.198653772012891,0.0005882526061551545
555,36.35544878263032,9.208772987511862,0.00038268324151071186
556,36.312371275450246,9.188537966681386,0.0003440273988989409
557,36.277201620810864,9.173616356384626,0.00021488841015069885
558,36.294260458487045,9.20641322396279,0.000515270555478949
559,36.266590769048456,9.202803761660096,0.0005179515131375513
560,36.22540869922858,9.185566247563465,0.00035945441869031
561,36.167806846573164,9.153270006643858,0.00021835746146609927
562,36.16142236634276,9.162319948470989,0.00025865757611847777
563,36.1596276796811,9.18205355098221,0.0005756276627776508
564,36.16019591110381,9.203036204106345,0.0006358164355727301
565,36.13700306749692,9.193728412891199,0.00032243671361588
566,36.14501040723711,9.214401421716877,0.0005047707118559107
567,36.16461356853766,9.249228635644998,0.0005278975131610381
568,36.11470747081169,9.228543292717129,0.000438013422866666
569,36.074258639013934,9.215144684149356,0.00044120935538182685
570,36.04720228887735,9.216122974657928,0.0001421820933540677
571,36.0364289767589,9.217444399027492,0.0003561698350596659
572,36.0460379750044,9.243291020291831,0.0006568091178366245
573,36.063755427355034,9.273288965485097,0.00036293521764236
574,36.05347933770929,9.278099149199017,0.00038536179943881075
575,36.02296752020525,9.27232621342003,4.8081303254025e-05
576,35.96606038441131,9.2477338838619,0.0003631340701714373
577,35.959562471257605,9.259735908824565,0.0005107817017089596
578,35.958886738925635,9.27777823141727,0.0005321584100445524
579,35.94662908840148,9.287963356451089,0.00076377413253129
580,35.97267433122069,9.325789461814816,0.00047638141756445237
581,35.96708839825273,9.334195505871008,0.00022003883668394113
582,35.98834549366816,9.366906971986715,0.0003725454839494898
583,35.95004779722191,9.354988375074685,0.00030509997717911874
584,35.89397817330019,9.323029239158936,0.00020938317918759328
585,35.87186940311922,9.321858259706799,0.00040857258609221117
586,35.814397735956085,9.29165213177595,0.00021305805415891644
587,35.81562204560853,9.311680085238228,0.000720018798147741
588,35.828868278798836,9.337014396824966,0.0006442038517667749
589,35.79708910229752,9.327019855067794,0.00047614292944819336
590,35.76235854515066,9.316832956522195,0.0004356577600059442
591,35.77636116798214,9.34496624656976,0.00064856739211074
592,35.74997080794294,9.33160695596036,0.000283488619728724
593,35.68893072402085,9.29681480857747,0.0002740023364026498
594,35.65992540356599,9.283037154507374,0.00012806757401566938
595,35.66722348748043,9.303020925822024,0.00031055938511455913
596,35.607290935991905,9.272661924909768,0.0003533962045847787
597,35.606426251939546,9.280957221336342,0.00011475777207995222
598,35.54817614019557,9.251460831131023,0.0003440021002022048
599,35.52431956548374,9.2510329209823,0.0003902540109733741
600,35.51929542592301,9.256271176671962,0.00025614893708753847
601,35.462390764434694,9.225137873775253,0.00026818923989426467
602,35.44590629543635,9.219971005242186,0.0002528231405048962
603,35.41134807099422,9.204644523718406,0.0006184904646710055
604,35.436550212942585,9.242816792741008,0.0006124467882793724
605,35.39029820942742,9.21729550327458,0.0004881477931144052
606,35.3679295593722,9.210757323942772,0.0004326375174376096
607,35.33963009809663,9.19826945015765,0.00027064667095788516
608,35.3309610534549,9.21094149268413,0.0005247009090410049
609,35.27386098455761,9.177673644000508,0.00012962977871518132
610,35.28576778828599,9.210326259059338,0.0006794992067021726
611,35.26978671353406,9.220538876809691,0.0008449897217603262
612,35.25585972521173,9.222332499079215,0.0002451530609450494
613,35.263892367209294,9.248151880190136,0.0006518910242694359
614,35.235444491514194,9.236194806035824,0.0001815776100117482
615,35.202281310083976,9.228878189774333,0.00043225731141904855
616,35.19056415498721,9.234756264665565,0.00026420744103887635
617,35.16197995888254,9.221114455597718,0.00023910681992170727
618,35.124003951919235,9.209379152343892,0.00039384645740814754
619,35.084992031021464,9.19737843852325,0.0005869041020735603
620,35.05389979079992,9.194483056356544,0.0001470918825743079
621,35.023772855867186,9.191102833069893,0.0003582152785874901
622,35.00601600365926,9.201503303776576,0.00015643830711541744
623,34.96639250823287,9.184166356016284,0.00028261188977408
624,34.92925717801224,9.165587740019078,0.0003449258382143196
625,34.93966164538872,9.192242993836508,0.0005610691392283213
626,34.95396834394701,9.220057504297742,0.0004833401831560241
627,34.899661977244975,9.195710914451467,0.0003517519977009681
628,34.86984632017517,9.180100108494367,9.842470611753717e-05
629,34.87321004713176,9.204224684525292,0.0006711787960910167
630,34.877154514754956,9.22581191118784,0.0006287296217464518
631,34.843330232444416,9.211164534666029,0.000295139897102378
632,34.779636398211274,9.181274077451164,0.0004749791481476052
633,34.72485094095545,9.154529866305602,0.00034287514193308353
634,34.70485318276468,9.15862458728831,0.0006110959567713442
635,34.665057800123336,9.140590439237302,0.0006211075529836022
636,34.64056506487143,9.134610293154614,0.0002643531961177316
637,34.592432253320545,9.11152076698911,0.00021749576314904925
638,34.61066450370878,9.1479410164413,0.0006719691532169366
639,34.600767510624436,9.154838617512805,0.0005042922501862739
640,34.547471511004616,9.126222148872023,0.000226526179803037
641,34.544336318599306,9.138200508708143,0.00027612181411731354
642,34.53866362955641,9.145953990879391,0.00030437913745782666
643,34.52129965935083,9.143228679888356,0.0002540995992945174
644,34.500268306189504,9.140648448200562,0.0001730981249150196
645,34.49257368013209,9.14885159352073,0.0003950585215873196
646,34.463114638052964,9.135162267963983,0.0002751471514612203
647,34.457186951614375,9.147784117002026,0.00048795019224256097
648,34.44964435461693,9.157007800256189,0.0006703353154028683
649,34.41687099616425,9.147236640662886,0.00032616388433620445
650,34.42950940452112,9.174007249336738,0.00048340057157289664
651,34.35711955210527,9.132546599507464,0.0003816277481984275
652,34.35647974252634,9.148880083969786,0.0003317318998807997
653,34.36978988124119,9.17592725037354,0.0005273679117786595
654,34.29852731453349,9.13503861204751,0.0003016750606382093
655,34.2409112265255,9.103140671791165,0.00015184139487802443
656,34.18711840991025,9.071667074543738,0.00018382010569237134
657,34.17575873818412,9.083895471097604,0.0006460309945871865
658,34.18431431187209,9.106654050180989,0.0007184302849292846
659,34.13075618475913,9.07747216237404,0.0002723267997671827
660,34.113826787223566,9.073462728844802,0.0003206064564294871
661,34.113541640232064,9.087924348106505,0.0005402398538410098
662,34.12816504865147,9.117848704133227,0.0004012873266513768
663,34.06978422930604,9.08613011331763,0.0002892392263413824
664,34.05192265592,9.094682091418509,0.00014336022588899182
665,34.03793779130596,9.092038909660111,0.0003330816583886515
666,34.04399306614724,9.112712749680549,0.0005691662318860789
667,34.00512106277786,9.093799144994755,0.00014888974187482883
668,33.99228647591136,9.094813140095484,0.00019241368279727318
669,33.983080892545395,9.10571397787067,0.00044285619376073694
670,34.00463149774533,9.137410663481969,0.0005476281602839736
671,33.945499760661605,9.103930232543105,0.0002454998205486408
672,33.957025716801546,9.133321009139665,0.0004289335393265589
673,33.97254023050721,9.163273619532662,0.0005341163873702503
674,33.9085021145448,9.12989786669825,0.0001468722498759268
675,33.8685538739119,9.114361230744388,0.00027906651973432477
676,33.87051111493508,9.133173337577826,0.0006274552083699195
677,33.87217724824198,9.153394067507579,0.0006009489215081309
678,33.83229967172032,9.140272291725609,0.0005282233755062205
679,33.809069114941735,9.13061150711114,0.00028397325562236434
680,33.807731346734236,9.146331923028562,0.00042751089293029555
681,33.784010515449104,9.143534904615375,0.00017953556644059054
682,33.735526791193784,9.118346651432596,0.0005094315648918636
683,33.67792968582449,9.084712632792522,0.00011170828212564718
684,33.7050583341985,9.125837434216631,0.0007209937850470672
685,33.63463610139277,9.084565255835399,0.0003516451002541303
686,33.613794037089,9.086457759294177,0.0005803607342319379
687,33.55779886186683,9.053204971708421,0.00018852859320619622
688,33.533194987721515,9.048867370099483,0.0005658263536774411
689,33.48962975475771,9.02827350378466,0.00021038574480040839
690,33.4242308498943,8.991138811680266,0.0004056683688205318
691,33.367290905548224,8.955526523081064,0.00032443793058277735
692,33.33861366293285,8.949930603894586,0.00042815061351781795
693,33.33281535008033,8.956778517545555,0.00019339910445145947
694,33.34720244235684,8.983210599418143,0.0005912903230605432
695,33.338924112966964,8.990560619662523,0.0005719257155079225
696,33.2779120901867,8.952955646257315,0.0003071903360812521
697,33.28495135500948,8.976028265017499,0.000555714764783015
698,33.302080290422396,9.008183324450258,0.0007855692600181804
699,33.26554141008682,8.993575529355093,0.0006244789058944466
700,33.26956861284739,9.014153562827504,0.0003683489151051452
701,33.21731469642754,8.985228945612732,0.00019487525657484439
702,33.213374997476855,8.999565252216923,0.0005528977413506473
703,33.20764680731168,9.004817224737058,0.0003749811147802521
704,33.14556895694663,8.971927592735573,0.00024086029983758336
705,33.16067888121447,9.000948739149225,0.0005424197173918858
706,33.138287632915706,8.998386376971956,0.0002661635729991356
707,33.127300039031745,9.00488878957924,0.0002706008091964198
708,33.07181835520695,8.977968303577713,0.00022441297522753036
709,33.050186232844226,8.975544514945167,0.00040879783682463224
710,33.04177312377088,8.984872201835351,0.0004982869519783803
711,33.02903297294069,8.984576689711202,0.0002843781302467293
712,32.96961623281088,8.956420847181855,0.0004243126854015525
713,32.95478055456136,8.956713580157173,0.0006679346336644235
714,32.96562968450234,8.98727015452452,0.0008718215944922799
715,32.98261637777573,9.016491926861264,0.0006896020035917623
716,32.984481025693185,9.032081774370665,0.0006075181515863952
717,32.96056950405148,9.028695007993765,0.0006297550289963607
718,32.9365190386572,9.015787636020411,0.0003528085443718842
719,32.93894930968219,9.033287274139159,0.00023333423705267065
720,32.94859551078583,9.058737243740168,0.000337201521922362
721,32.95409711070777,9.077390254453618,0.000575807178588001
722,32.88049237612964,9.03155414945393,0.0003231658503808814
723,32.88324200287509,9.046740125003705,0.000510139154234622
724,32.84317163289618,9.032444633179686,0.0003925621682766064
725,32.78960963569186,9.010068942391621,0.000573605905754305
726,32.80076355371504,9.03423848595678,0.00034557635596807056
727,32.72769348914624,8.989657834124914,0.00037189616922579254
728,32.72762560871978,9.00495189367465,0.0006376505588142863
729,32.72704382054822,9.021480420711391,0.0007276802544089278
730,32.66956671468593,8.987915917557432,0.00023559702831110695
731,32.68521484221526,9.01714109577642,0.0003453530204785192
732,32.65035352511227,9.011789158731169,0.00013622071825497676
733,32.59416035239987,8.980330406279988,0.00023569570146535416
734,32.51824698868579,8.931725519837522,0.00028160981179984137
735,32.48530701896123,8.926674938129462,0.00015562214173084641
736,32.46764787851417,8.925141836322082,0.0007239099254103218
737,32.456611330464185,8.938973102105253,0.00044557189777563424
738,32.426374835653185,8.929983529373846,0.0003932321296310419
739,32.4008695860772,8.92595284973491,0.00022354799082473017
740,32.33767620127553,8.884696972994751,0.0003314423264386245
741,32.35124203360648,8.914124020627067,0.0008081624126536188
742,32.33319678897268,8.911664490958458,0.0001846211261170578
743,32.29368827008114,8.89552255077897,0.00023146707320426962
744,32.31526225134498,8.92861254522618,0.0007978436074481514
745,32.33513829742649,8.964660759179877,0.0005206782590156582
746,32.30173578126142,8.949631674727614,0.0004040630805712085
747,32.268119144180524,8.931311561081312,0.0002424743068122835
748,32.284817763727645,8.963696403493419,0.0008587961952378356
749,32.213886729060874,8.918645536822053,0.0003359689502316851
750,32.18628371357245,8.913614301480283,0.00023730050190975036
751,32.207170737446596,8.949239342581414,0.00038238480531409567
752,32.18192307121991,8.949284370796954,0.0002524184836417588
753,32.17141324595051,8.953558719439238,0.0006068447610577959
754,32.17784980000673,8.980318155610751,0.000918277307858356
755,32.10082782817943,8.932060149393838,0.00037162150021653246
756,32.09722752623643,8.937744191280911,0.0006955805581472776
757,32.09561496966767,8.95354321836559,0.0005294989392817773
758,32.10004501675861,8.976038649616198,0.0008764090433943254
759,32.087973044060206,8.979535449732515,0.0002049870441573029
760,32.09386273581852,9.003242955126384,0.0005939722539108813
761,32.06466377948909,8.99422353889419,0.0003021518304492963
762,32.068290417299444,9.017319515797316,0.00047373647056011067
763,31.99893445125232,8.97457647752171,0.00030982860040597505
764,31.97054000681215,8.96060636369055,0.0004992834646226059
765,31.986386747213082,8.99274176116671,0.0009656471018423905
766,31.949194362820243,8.973548993665819,0.00026367440273199097
767,31.947082385859648,8.985056795556165,0.0006803406366152612
768,31.935127808389378,8.992917071784339,0.00040774454627139604
769,31.93196350777843,8.998630584298178,0.0007657977129271778
770,31.913085766877515,9.001763011562556,0.0006314942244035265
771,31.885444356239773,8.996042360570309,0.00025593716323863965
772,31.85649959961412,8.993232765782164,0.00011064686184295694
773,31.84933393720284,9.013168086216218,0.0004334288004513397
774,31.771852582399706,8.960942706884994,0.00022454946057256592
775,31.7263552852524,8.94371997776219,0.0005963644448809645
776,31.74732512946203,8.98186831896818,0.000711058304124305
777,31.699956532426306,8.963465037221534,0.00016938956060168493
778,31.69364975694052,8.971219920313061,0.000540439601362244
779,31.665399929208235,8.964738393934502,0.00021313287992868996
780,31.660022047077977,8.977278041670848,0.0005003182967766264
781,31.582601249198515,8.92585770154206,0.00034495924600213456
782,31.557355121410975,8.927209855768034,0.00016288779599511033
783,31.546360723821056,8.930565541301446,0.00046096147235433584
784,31.482056379751807,8.888661079094872,0.00027234295595840165
785,31.481490994965508,8.907910730097184,0.0003528654450864411
786,31.450801511312978,8.902031835356157,0.0006854613864438805
787,31.419441056985068,8.894184274915514,0.00011471417968641967
788,31.40338814086616,8.896825093196206,0.0005402794498795034
789,31.41672721036336,8.921486630240658,0.00046182193533949244
790,31.42031465904203,8.942447786713316,0.00021019041412105157
791,31.44855199270233,8.985661253093928,0.0007993457921279469
792,31.438564160771573,8.988481460761802,0.0007099825646960534
793,31.41482263045887,8.990332037043975,0.0004565155107293984
794,31.435988672339196,9.02625121505498,0.000735831565634083
795,31.436456672383947,9.046353194591196,0.0003286015685639445
796,31.393969529112365,9.024782157726273,0.000322781464912857
797,31.400106229410618,9.044898031263752,0.000602424706178175
798,31.357332732408736,9.028755357293479,0.0003360403740479679
799,31.30734439765929,9.008062956697795,0.0003362955764947314
800,31.26153489418415,8.987609407701553,0.0003444850530000764
801,31.241234684170177,8.992487911157351,0.0007331926269238187
802,31.201805046931117,8.963411176114201,0.0005326332709688283
803,31.186044805932966,8.972255255707758,0.0007002476110952307
804,31.208556648643516,9.012188057807432,0.00030889767701929456
805,31.18887247635979,9.005965454710811,0.0005790473633103532
806,31.164771232693624,9.001871202157096,0.00022705706070059962
807,31.196355182764776,9.045865125140073,0.0006677666558489397
808,31.19861245990538,9.07063853591556,0.00032495228391640334
809,31.152019705391098,9.048754951514098,0.00023431874159854412
810,31.08357330221135,8.996619248752426,0.000325215765466031
811,31.067911291691455,8.990738116362593,0.0006615522447304062
812,31.007146294616764,8.947571979695953,0.00024954134107411105
813,31.021258457373264,8.97981488623444,0.0009913195457478274
814,31.0112660066315,8.991553004615273,0.0003418457804950019
815,30.965103912242128,8.967167370704006,0.0003898726485520701
816,30.937252001122545,8.966120149806594,0.0004826082127257005
817,30.88687558932585,8.933098365606197,0.00038544063957050216
818,30.85720926712085,8.919598281996134,0.0006859613670858099
819,30.85750599774695,8.93726508938085,0.0006808772266616351
820,30.820982301546564,8.921779207893053,0.0002799913172876402
821,30.81280257879295,8.926964498955575,0.00045639598877430485
822,30.80777421371167,8.933473799611598,0.0005265755648602926
823,30.767488316301392,8.917855411022082,2.6569551777562103e-05
824,30.72345701714988,8.88510617897305,0.0005349167252847027
825,30.66965900295458,8.849832849508005,0.000569669403721894
826,30.615261483335058,8.81409138694789,0.0005551958006922633
827,30.57260960345535,8.792787068064765,0.0003183904190608072
828,30.569526765020715,8.801533042150085,0.0005928027571811028
829,30.56552406612372,8.815159695113918,0.00021445556494025468
830,30.517128130882536,8.784611053563554,7.861711396861648e-05
831,30.4806874988756,8.777372203503313,0.00018781997096945549
832,30.472973379392442,8.780852614732478,0.0005836797511978325
833,30.451092624387304,8.782239255959281,0.0004150371362197522
834,30.42754753569345,8.781197666015295,0.0006665695089766566
835,30.42580655247291,8.7912500808771,0.0004143017993793274
836,30.391896184903704,8.77721362019838,0.00035144723001877764
837,30.365226376504143,8.778302006462903,0.00048355531993324796
838,30.293725155346404,8.732866672464036,0.000375948934625727
839,30.283400525508426,8.740564825759035,0.0007942354717291509
840,30.268064208641032,8.741340175331445,0.0005015306955479247
841,30.25104479139435,8.747465757497606,0.0005297646217722772
842,30.217616962741058,8.741063639456264,0.00016085818044212242
843,30.197620335021632,8.73485027322086,0.0005236677202126986
844,30.162767801345698,8.72753385491703,0.0001332640119775167
845,30.148948881566156,8.739691066098146,0.00029443636132065235
846,30.137051793118037,8.745050601020433,0.0007411288907864913
847,30.12371609536272,8.746777129654962,0.0003261290642571856
848,30.12566487265015,8.765758212715332,0.0002228137562745859
849,30.100644872191562,8.76193931733388,0.00019486284214824057
850,30.082563682616154,8.756737263899536,0.0002455529600524709
851,30.06241985663609,8.751671579831896,0.0006915859421626736
852,29.994661058286656,8.706683134141585,0.00029847682217280693
853,29.95157367391877,8.679499072359427,0.0004370690147147397
854,29.881870253969293,8.63857074351651,0.0002231303091042262
855,29.846732608811287,8.615787190612123,0.0005567860967566198
856,29.85907995417111,8.643514954305463,0.0009921324269762826
857,29.84600285275817,8.64684238886843,0.0005817800774154661
858,29.83000981982088,8.637144837049988,0.0004024583232748027
859,29.818458869145495,8.6461670658089,0.0006577161004794874
860,29.811283308012538,8.655010101633493,0.000543356245894621
861,29.806630315270727,8.662333747459511,0.000575712759487884
862,29.78355316879528,8.655893534122443,0.0007080173037674158
863,29.768428089852062,8.647855080700161,0.00039999701248150533
864,29.786579998400953,8.677384137078773,0.0009795694120850232
865,29.80951285910614,8.713860250460257,0.0006222364663390916
866,29.793681902720174,8.718480192398838,0.0005800915423629537
867,29.795069880902233,8.733010285816704,0.0006088634309050424
868,29.762899209251913,8.72677733210355,0.00048217200022359263
869,29.7771647304497,8.755591983477629,0.0008502656191611687
870,29.742334477221764,8.73268549525217,0.0006163686153285308
871,29.7253372311149,8.734173218519263,0.00047901263549576437
872,29.75607362835937,8.774333977085993,0.0008830719113077377
873,29.698677566310344,8.739432832136494,0.00011627283020726866
874,29.69106600279215,8.74732817884248,0.0006453628173110782
875,29.655395035382245,8.732920136542115,0.0005505477725716517
876,29.633967371244534,8.737374910932461,0.0001685438361983609
877,29.65118078487691,8.765482648117207,0.0006330252638689585
878,29.5820131412947,8.722925530025664,0.00023774729443119688
879,29.573701173120412,8.728470446532981,0.0006686286529866258
880,29.57020472079672,8.738063082811871,0.0008728244159124073
881,29.510488877818027,8.705336571565324,0.00027120125532721705
882,29.52867635338809,8.735018055851544,0.0006080598867180774
883,29.513836844137806,8.740148762520732,0.0006235729855783049
884,29.476228832101988,8.72282851129108,0.00021422302220121218
885,29.419030584788892,8.694262405068885,0.0003418147405804514
886,29.428225138341393,8.71889862328752,0.0004265997862030026
887,29.37216331940222,8.681408747586735,0.0002623745762460747
888,29.395658052904885,8.71672615464135,0.0007556257066536331
889,29.39369840000615,8.722821253037623,0.00033339059658778176
890,29.395161601694934,8.740480873292643,0.0005883663663304497
891,29.373408683410467,8.733154531961391,0.0005107943324173021
892,29.36482549460078,8.741413858929322,0.0005611994211552981
893,29.338819191847566,8.72567806007255,0.0006000990319781083
894,29.332682703305938,8.733230308378392,0.00011557313247700003
895,29.32440997994196,8.74160391875688,0.0006447646162244624
896,29.290259528650562,8.725746684994345,0.0006289829561192863
897,29.303051950231094,8.746411853498243,0.0010398858886210651
898,29.312420124796866,8.769012250596358,0.0005690657735542635
899,29.28303439598726,8.756582432116037,0.0004327351050500434
900,29.228045367326317,8.72659632628411,0.00013186475287882564
901,29.197899990240124,8.714657810839954,0.00019921701040281808
902,29.206234645786708,8.733718829634968,0.0006019557593911985
903,29.200303134467724,8.74550317349655,0.0005588732761345861
904,29.211333679725882,8.769530374302178,0.0007915740095324878
905,29.180464247052353,8.760778183897322,0.00020462158453838101
906,29.129468992465586,8.72858277093521,0.00030454927177650363
907,29.099360811545445,8.716293435058546,0.0006460569679232386
908,29.11557859996307,8.745613060582345,0.0007850510204345855
909,29.10518387110939,8.745038246714921,0.0006469985615268472
910,29.089515653080145,8.749169806966767,0.0004923550106733731
911,29.057837192254667,8.7429446696277,0.00038936057913092925
912,29.066890850088306,8.766261327690184,0.0005837085629736322
913,29.081802058984735,8.795252846716968,0.0007098800480456229
914,29.076525832067272,8.798778935919131,0.0006801146434089907
915,29.05513478665182,8.790407517611852,0.0003774024921521821
916,29.074602651604394,8.824062911742555,0.00074011783980427
917,29.09430917041716,8.858163054301126,0.0006057242433881179
918,29.100340595522468,8.878214958243401,0.0006135422048322352
919,29.082512346426874,8.876753264509105,0.0002953998606027535
920,29.090787567720866,8.897582540019707,0.0005864415375795976
921,29.107879975298395,8.927669918601193,0.0007568159974050587
922,29.061753283856813,8.904061150390506,0.0004852145854723177
923,29.068950463940514,8.926803886271857,0.0003593798058165753
924,29.084635701888782,8.951578008331657,0.0007819265887161147
925,29.10114565390468,8.979098256458737,0.0007662977649555341
926,29.096321066746103,8.990922090242423,0.0005724726985887771
927,29.12522510497835,9.028137891993408,0.0011344740724632725
928,29.122021755617265,9.038779517630461,0.0008252328119867996
929,29.058826061598133,9.00195707681071,0.00014759747913909902
930,29.054922340007646,9.010584262058329,0.00027711628277765757
931,28.987846283771226,8.968885450754279,0.0004077292472732576
932,29.002938676632606,8.994246502456363,0.0008488524729496193
933,29.02318281641446,9.02580635066619,0.0008434891098590636
934,29.030603244895833,9.043288606475587,0.0010850137032436958
935,29.045735942512973,9.069512389571278,0.001035298391327761
936,29.02700115540393,9.071917025736418,0.00037122758219781786
937,29.00498153105999,9.060354015174005,0.0006247752996469067
938,29.032490880695917,9.097885466870412,0.0008158976967581658
939,29.00884295664171,9.085681510988042,0.00028120843592821624
940,29.02842371504025,9.118251675403247,0.0006571338723896569
941,29.02302327577495,9.126748643138654,0.00025745495928544823
942,29.03175071128374,9.149575313760526,0.0008833928124380982
943,29.048314688546025,9.175807188733272,0.0003851108607599605
944,29.05354583067323,9.19787651030108,0.000862054729317348
945,29.05190199117641,9.209863967197172,0.0005458183499219626
946,29.02617595682436,9.196527324485857,0.0005818035389303493
947,29.05779171841424,9.236024468102704,0.0010585356785020156
948,29.080593444727956,9.268436016341134,0.0009015409442348826
949,29.048550346739137,9.252595772013212,0.0005156618825064126
950,29.06552997115159,9.283368994341608,0.0006063449783633546
951,29.038464378016908,9.275504613928835,0.00048732469152069956
952,29.02003303419367,9.269100660009938,0.0006362848464515929
953,29.058155750334667,9.308990757355645,0.00133814165924485
954,29.029840316628647,9.296488641444949,0.0002471221098845784
955,28.957175732886313,9.25359939836272,0.00039013104993596546
956,28.92599783211888,9.245494813933927,0.0003189920462369955
957,28.955247711367168,9.287170714696574,0.0006959350989931561
958,28.904157559518083,9.25049743518971,0.00039617442643907774
959,28.87639309417642,9.236478273409745,0.0005148696220425566
960,28.870243976908295,9.244383633211687,0.00026786913467014814
961,28.82993549926554,9.227202300847036,0.00036009290401214363
962,28.7769684000324,9.195632065601584,0.00014798474661506555
963,28.738105456027412,9.178119709640589,0.00016757259197494595
964,28.667647683677323,9.131284998999094,0.0002688817154670918
965,28.690854760157784,9.167396811494184,0.0006992331330462657
966,28.660890313959694,9.15230741882958,0.00035567840745752725
967,28.670099116097802,9.174913970724068,0.0006279726660169321
968,28.629587819542056,9.160048483689573,0.000611132186647951
969,28.579219077514967,9.129806026384282,0.00038260084615835934
970,28.59061371357231,9.146299175115868,0.0005143543588508306
971,28.604734270572287,9.174946637213148,0.0008518645706656139
972,28.590283431979202,9.168427693176756,0.00036873055313109047
973,28.573698606540525,9.171084564720893,0.0005121987493525127
974,28.53745637602028,9.150442025834952,0.0008094632109798695
975,28.477370912685966,9.116714325649854,0.00026371716413351
976,28.426195804219322,9.091704171953333,0.00014383046037409904
977,28.363471740784725,9.050208560574571,0.00018554741090107097
978,28.354015839226296,9.047968600691679,0.0007758103816369825
979,28.311390439145562,9.028303911963336,0.0002044392257785193
980,28.290586309056216,9.026179548871028,0.0005154954149887553
981,28.30385119693239,9.041121448422777,0.0009481958470977271
982,28.290676831303657,9.039275196733547,0.0008317529756151877
983,28.26532177937389,9.026540032087874,0.0010474959186780547
984,28.236888839194496,9.023310785253996,0.0004971224202917447
985,28.251961399214117,9.042481344980517,0.0005614851201064494
986,28.261461135617882,9.059844429075959,0.0013251567657910346
987,28.238633082245244,9.049345542549629,0.0005045616353205193
988,28.177364052426814,9.01273214068638,0.00026343755428356375
989,28.102134377661766,8.96750229163276,0.00043930738537052987
990,28.04448570054365,8.936095409860034,0.0003357356544840018
991,28.046619504646586,8.955922895694274,0.0006934796737634694
992,28.061407127754084,8.980222912738089,0.0007123201718197184
993,28.058478416744666,8.982266577593958,0.0005103915977610588
994,28.06648009820291,8.9983096394357,0.0010733916440660235
995,28.083275930049258,9.031850684408802,0.0006836001219663225
996,28.047952507162876,9.013593584996325,0.0002569611240579376
997,28.06914082464595,9.04537042089598,0.0006044938095963881
998,28.007202118307134,9.010625714647041,0.0003835511134364101
999,27.95721968469806,8.98573192542638,0.00043969069553906505
1000,27.896459589990243,8.950063888527499,0.00019807328095303547
1001,27.911105409140376,8.976494769590639,0.000807545302808956
1002,27.861790416907322,8.953299100964443,0.0002635183187820262
1003,27.80249929298729,8.923177915119645,0.0002727372054644821
1004,27.782964252213887,8.917501617480811,0.00031581089580316903
1005,27.79770364547586,8.940282775860831,0.0012572401466116143
1006,27.760017301396708,8.937279901900101,0.00013251408635662956
1007,27.7119444695691,8.91344795865844,0.0003016756832376001
1008,27.63718202353958,8.873815332541055,0.00035331039716165574
1009,27.662742101817102,8.90456174290384,0.0011466909583309833
1010,27.609238668927276,8.879746617095515,0.00038383024587932866
1011,27.616943288461858,8.894358952436791,0.0009728640006497292
1012,27.601441789763044,8.890181168531427,0.0006202564134240985
1013,27.620606693238475,8.916119392504603,0.0007120539159652121
1014,27.632807428535212,8.94201618553182,0.0005197322321952966
1015,27.654418030249477,8.970378997795855,0.0008263601417535146
1016,27.671950251314446,8.996360221372228,0.0006394296543491419
1017,27.646950241604262,8.990975162516873,0.0003928986620637307
1018,27.605315849015373,8.972301465124323,9.982832261219758e-05
1019,27.5918329335348,8.979929703172507,0.0005119251475349325
1020,27.536651274792217,8.953524996741715,0.00020187683124349518
1021,27.533915817864187,8.968098890205553,0.0008499041248199948
1022,27.48753692546775,8.951626545340169,0.00034583639890684595
1023,27.426877287129813,8.916364781938729,0.00019212702307680262
1024,27.423445119054517,8.91140886323581,0.0012117377608601727
1025,27.389962973784286,8.91209700537563,0.00013901098907180293
1026,27.390040160232616,8.917776661940126,0.0010900941016568863
1027,27.34386721853046,8.90684423913347,9.141734534559547e-05
1028,27.338334941552073,8.915802810298462,0.0007504474399311347
1029,27.30504239723759,8.898125096247904,7.67832310851371e-05
1030,27.319999002464993,8.922656164335937,0.0006244333376502011
1031,27.2630727802148,8.898415056970018,0.0002295191777629951
1032,27.23524910310705,8.899642995067573,0.0002802601568382746
1033,27.22981882805824,8.901321732405531,0.00016027148538147018
1034,27.181411170366523,8.883636724904092,0.00030370176747844893
1035,27.11331833582218,8.8534828779995,0.00022730209616389233
1036,27.102595622154,8.86247832185488,0.000508971138307916
1037,27.046905676721693,8.830438461921496,0.00018544400059246387
1038,27.0421267061283,8.83618814965293,0.0010018496908442837
1039,27.03858532589027,8.836597023367379,0.0006999101741744419
1040,27.01572625575709,8.839975336901462,0.0004420956450488332
1041,26.97033489519154,8.816484625215628,0.00018422479143184812
1042,26.941812505137936,8.813585594257201,0.00032024286847637837
1043,26.89647556960928,8.789123891585286,0.00032684657999618866
1044,26.926070436147516,8.833847806507972,0.000696529208688973
1045,26.89789809925783,8.814652047435946,0.0003207390596474131
1046,26.888189774031158,8.817071819748922,0.00038684692880609566
1047,26.903562650432608,8.841049013248726,0.001075044858371724
1048,26.859987858067946,8.813916831523883,5.2971066727217676e-05
1049,26.88053570374661,8.846453088356142,0.0008232314305453274
1050,26.87719384876708,8.853537424063877,0.0004969565867883244
1051,26.822585328775634,8.82236519669237,0.0003642263788630083
1052,26.769024051377578,8.784777080025421,0.00018786947986145167
1053,26.78137778920544,8.805269489545694,0.0007579585360887659
1054,26.77620708039198,8.812044145801233,0.0008165593523993756
1055,26.756873978659893,8.806052078886411,0.0005077707933044317
1056,26.686235427771226,8.765713821735732,9.580025974556556e-05
1057,26.664777061155256,8.765082573178708,0.0005439989465730775
1058,26.654571065958617,8.759000709999171,0.0004204170216384148
1059,26.620322794753314,8.73997840028505,0.00023904124649120622
1060,26.64309737523012,8.774580459304344,0.0007072392445760346
1061,26.670693107612696,8.813148967539576,0.0007985260720868349
1062,26.6812259464175,8.833412210979816,0.0009467890465429587
1063,26.711924773148716,8.874176059600389,0.0006570645675141985
1064,26.74125212125558,8.916286737149562,0.0008892848826612624
1065,26.72011246200418,8.907350807048596,0.000892227314151601
1066,26.740400486953863,8.939857034369401,0.0006683494820127574
1067,26.74711981107311,8.954254048538637,0.0007719425679269517
1068,26.793981701361023,9.003404961917315,0.0012995670441058264
1069,26.730321903851433,8.97166829066524,0.00023799198748676963
1070,26.74429188795835,8.993593266031388,0.0009322697131194861
1071,26.71444152937641,8.976207312347658,0.00019118561036320246
1072,26.66668283142036,8.941043902096803,0.00036690931132181073
1073,26.63043834037097,8.925738161635644,0.000215937183935341
1074,26.668352784840742,8.969595821805516,0.0008415471896168575
1075,26.606061112569268,8.933403988876478,0.0003177199740515917
1076,26.592640353407617,8.933265737158777,0.0006433618777067478
1077,26.605050123252617,8.953373223868939,0.0011036295825152809
1078,26.595524281737795,8.96284971654957,0.0005048227200223573
1079,26.563616897382808,8.953693441127388,0.0004313953493039458
1080,26.562627477965066,8.959416216376932,0.000194526011349345
1081,26.52156145399464,8.948688560059821,0.00010857853498135163
1082,26.46552803019679,8.917044794352881,0.00012615781324003893
1083,26.457283964188793,8.91658522947297,0.00066818642969789
1084,26.4035438796533,8.880152339704635,0.00016379323036346354
1085,26.362130720729255,8.875235132661171,0.00012475356653805645
1086,26.37023115888598,8.891809314231724,0.001015708113917592
1087,26.401066078284167,8.930548732296675,0.0009439831941685329
1088,26.41636117226794,8.954539321832067,0.0010312126196662806
1089,26.388548897290324,8.937541890300395,0.00034182378393193396
1090,26.351736649172683,8.918528073516933,0.00040154894045911434
1091,26.322799338245527,8.90589693279536,0.000511928115045822
1092,26.27333007309126,8.869441731536705,0.00036504864519101377
1093,26.21273413103399,8.838228207885377,0.00032437232475108325
1094,26.24249529781834,8.880403892427239,0.0009198336394649433
1095,26.275143376539546,8.924914187289446,0.0007382327376889679
1096,26.30614882364608,8.969312606867087,0.0007727324034575667
1097,26.276914572051222,8.962577162515547,0.000492395135567182
1098,26.21193301318675,8.91944691639637,0.00039867405141774307
1099,26.234005934525122,8.945233098262568,0.0009584598317651167
1100,26.232766520112936,8.947245002390185,0.0007816306131541754
1101,26.193633782281513,8.923264900313965,0.0003794705448295728
1102,26.224449340480465,8.965079002618504,0.0008138918586404351
1103,26.166860937844024,8.932822984735823,0.0004233030940962917
1104,26.12308234215164,8.913248224790156,0.00044818909821379673
1105,26.125953119699016,8.920943643593388,0.0005310169630088618
1106,26.137727271967425,8.938630176429978,0.0008178894940393554
1107,26.14828601459983,8.954341116987708,0.0012293987169915642
1108,26.11404705655284,8.952137750286736,0.0001373748256739698
1109,26.12874572713672,8.976204726035501,0.0007995153263217782
1110,26.141903978224086,9.002092802634934,0.0004442964429548306
1111,26.0876947377586,8.977494768138778,0.00036232287588522095
1112,26.11879706702505,9.016826627941596,0.0007370784581123529
1113,26.033780024181628,8.961151209915675,0.00014226886904108893
1114,25.98195222347996,8.932396091327137,0.0002452808884358663
1115,25.945524211368557,8.918938737610992,0.0004457320115086265
1116,25.92713166239211,8.91165331036276,0.0006158710309478418
1117,25.969455014343698,8.963283914474163,0.0008485952922850593
1118,25.95934212098066,8.974494168167876,0.00037197682221066857
1119,25.904510041722848,8.948855635795667,0.00011667845774174258
1120,25.907595983272795,8.957327423748763,0.001066089934278685
1121,25.904690641917306,8.95756347621428,0.0006252385583514092
1122,25.876022683678578,8.952007522486978,0.0003767025139824158
1123,25.845978087197672,8.94093395425303,0.00026763640568737776
1124,25.776586886442836,8.902819026049471,0.00021265203469861353
1125,25.746093851054493,8.890457459381837,0.00040158910554829205
1126,25.701911727273156,8.881782491394262,0.00014006084564877844
1127,25.686771108638883,8.888730561538237,0.0003747659684528347
1128,25.626135749358795,8.848014045648496,0.0005407319508275479
1129,25.608668845244186,8.843400654699764,0.0007952187033305018
1130,25.583380522968127,8.828163355223587,7.681411450337962e-05
1131,25.568014273840262,8.82882463167747,0.00012647524110580183
1132,25.605053494644398,8.867295671192041,0.0015466605878201652
1133,25.58508657547347,8.858268063182694,0.00024273627742088633
1134,25.619010003920565,8.903193628822564,0.0008333530953058649
1135,25.657561348452646,8.950551129056166,0.0009589376095277425
1136,25.587789555033382,8.90294855397824,0.00042067092857716226
1137,25.60519868613733,8.925959336287349,0.0007757467942253158
1138,25.64492332188574,8.97484924999384,0.0009673245230932726
1139,25.684781948996243,9.019121690140775,0.0010234211320625758
1140,25.654728825713292,9.010987926391627,0.00042543338950354814
1141,25.660217642675825,9.021028547574213,0.00115135676851758
1142,25.589863371436827,8.976664728021646,0.00030583933532115417
1143,25.603363850381978,8.997256375615244,0.0011957248102022402
1144,25.62732749354344,9.031165814298875,0.0008768685569349996
1145,25.61271453046233,9.033073642555157,0.0006025413992209176
1146,25.54802495382936,8.993900740993313,0.0005111022685789906
1147,25.52923593245143,8.990124482208461,0.0005824562101117341
1148,25.57464316575526,9.03644191639966,0.001073348347356361
1149,25.540250948413796,9.028699509190176,0.0004929595280657737
1150,25.52547640024204,9.024315032291666,0.00014444421535247313
1151,25.540666553763923,9.04548715367776,0.0004694335559631979
1152,25.52471347999871,9.0434373278867,0.0007160641191281945
1153,25.461590884042685,9.01003085217343,0.0002274527085247306
1154,25.508166826098083,9.056647257790836,0.001383126709311488
1155,25.53146621828727,9.091062895762953,0.0004193794095596651
1156,25.442262116799885,9.030587093233107,0.0002820318073354655
1157,25.393754264513408,9.009972767200777,0.0003531641845643243
1158,25.393993633199354,9.027232748487373,0.00026099217941727665
1159,25.36237527222368,9.007357938095664,0.0005273871855451096
1160,25.399070502010858,9.057526149284142,0.0007795583764138621
1161,25.415201868136343,9.079009360872199,0.0009710532187953299
1162,25.364070864878272,9.047679238049442,0.00016734705979845393
1163,25.412748788894415,9.101174678292036,0.0011671089956738258
1164,25.3590134305475,9.072140486481562,0.00033287447344322656
1165,25.344232906088237,9.071812219274562,0.0003221260361128771
1166,25.36545270053873,9.095622181559092,0.0008902966954764396
1167,25.384634011902936,9.113785788949283,0.0014902194710159225
1168,25.3395088034397,9.093195680264852,0.0003244173818233518
1169,25.372010409057616,9.134793007089959,0.0008950052903695353
1170,25.40291256451339,9.16571382113123,0.0011453570776143072
1171,25.4515074066089,9.221349024808061,0.0009402609865676485
1172,25.49777111891469,9.271127720865998,0.001406106937141696
1173,25.45350623331068,9.250652379728447,0.00031905169229526776
1174,25.412561328372163,9.225989088422365,0.00048692174912509217
1175,25.464309287010348,9.284731233898944,0.0012706191653195772
1176,25.490334755250107,9.317135680336229,0.0011674044397762772
1177,25.552396424832466,9.381239067315438,0.0012932208135976282
1178,25.493608824206884,9.340093312109857,0.0006270436355345176
1179,25.47870435017436,9.342780330929834,0.0005174081172969122
1180,25.486343238103085,9.3554410765764,0.0006365753600499114
1181,25.429802710728392,9.328148830886153,0.0003355893565906755
1182,25.410626145248283,9.317937468505896,0.0005693136947395492
1183,25.366137685677902,9.304464787384227,0.00044264696294528345
1184,25.419661869464694,9.365927369084641,0.0010565610117555782
1185,25.368355879756425,9.33472151716939,0.0004087220300470301
1186,25.313606347958977,9.292873574744654,0.0004643037579265158
1187,25.25277692314792,9.248676493812397,0.00019766821832078172
1188,25.229669985980433,9.238673468489456,0.0006410145886354352
1189,25.200001129271044,9.219145011070875,0.0004029384244830583
1190,25.210042305253822,9.232117576088857,0.0011700576711204424
1191,25.19544243194293,9.23522167439891,0.0006492228754811553
1192,25.15485659382728,9.215469969607595,0.00013408011667959653
1193,25.202011579179075,9.269675799076632,0.0011053890879089722
1194,25.241389408392553,9.30576657517184,0.0012911537529314771
1195,25.284127136479857,9.354235887732754,0.0009364016873877895
1196,25.24860584944831,9.325543346910345,0.0007593695285872175
1197,25.261112164047436,9.354377773093784,0.000578164275408303
1198,25.266435206181097,9.36767357396637,0.0005277937435453578
1199,25.217781458498287,9.352585646593294,0.00014697865340754343
1200,25.208264207204444,9.351486946733244,0.0007598076703733065
1201,25.201499246862284,9.348410443216537,0.0008408764718749117
1202,25.22238888519087,9.370481807340768,0.0007886081145878754
1203,25.1851981940778,9.350058795046762,0.000345565079797239
1204,25.152584398743375,9.334618856600615,0.00034386428696399205
1205,25.107314250619105,9.299970519090037,0.0004561042599528273
1206,25.122601007108102,9.312435402616702,0.0015051415045272561
1207,25.171254068382055,9.367012388455406,0.0011195114455269444
1208,25.16294540566887,9.36250150959957,0.0009728914105086692
1209,25.168460769327698,9.376003101192504,0.00015105977825765162
1210,25.22285337146902,9.436333248659267,0.001040821457410526
1211,25.20598557000104,9.436961133739599,0.0005360332918552984
1212,25.151342977784797,9.403115359943333,0.0003271509334528504
1213,25.219767276525978,9.471247694242782,0.00140905564549173
1214,25.17411699739263,9.441533486062323,0.0006283714838856171
1215,25.20583702872841,9.471653011459201,0.001523379801168292
1216,25.201717355034827,9.474193612199127,0.0006134829248865105
1217,25.14932377166067,9.447035545909868,0.0002532891780126353
1218,25.10298531001469,9.41320963742087,0.0005235976852236852
1219,25.035775029679154,9.373182978786849,0.00026421947456057443
1220,25.037596111104143,9.38977834911721,0.0005874549451631459
1221,25.013432626369998,9.374605859509758,0.00051325002883142
1222,24.998579555971258,9.374253791888677,0.000634139296207993
1223,24.98232162775455,9.36282927994914,0.0005783916238741788
1224,24.92639831641445,9.328619537072653,6.87685216468294e-05
1225,24.864968705044767,9.302742984791843,0.0002553472549986781
1226,24.818432227669895,9.270633953490506,0.0005733776259735243
1227,24.73994611099128,9.220003470158634,0.0003653245995165446
1228,24.734258396155358,9.21920597765309,0.000482552437061341
1229,24.694744459171854,9.202802306024813,0.00046404581565232976
1230,24.652975401183227,9.170432056395146,0.0008114085851240379
1231,24.6405087587214,9.179148917803293,0.0006408597685856768
1232,24.59776094565034,9.150791525871064,0.000570930764252348
1233,24.591125148222208,9.149003519182989,0.000821943736699594
1234,24.553784591405137,9.1216991125607,0.0005193320292782121
1235,24.589451970604653,9.158697721166888,0.0012836366195682755
1236,24.636943075714097,9.214888345901247,0.0013141373924845522
1237,24.590249347256314,9.178149234508263,0.00045132761246672394
1238,24.65134355804543,9.236874904807257,0.001735361706756221
1239,24.584133891313506,9.192125838725477,0.0006510498488230247
1240,24.54058994425791,9.166187528115177,0.0002581320611531236
1241,24.539825911196253,9.166482222823653,0.0008106703080902886
1242,24.53458912661805,9.170144990875372,0.00046241939372058244
1243,24.54362372611047,9.192517813735751,0.0006229938194431111
1244,24.498853345786316,9.17845640538169,0.0004986856639269174
1245,24.475623841014414,9.160504093312579,0.0005894257582628817
1246,24.52433204982226,9.213184147792143,0.0009586289825655107
1247,24.455666040707847,9.169644830404149,0.00033152729749534176
1248,24.49856172313507,9.220686909964844,0.0008224022463952744
1249,24.539584103671377,9.26799389477965,0.0012252816665155747
1250,24.536925938112233,9.269447599763243,0.000562445726054134
1251,24.56280917345497,9.291853740352652,0.0012604762244167289
1252,24.513492853233604,9.269733368104427,7.309198799349353e-05
1253,24.506809346401052,9.27567872661677,0.0006291982544558265
1254,24.55453783995009,9.328531679385149,0.0010111457631195439
1255,24.592777308292362,9.372269303116253,0.0012204920429462725
1256,24.61939159344477,9.39802962656974,0.0014455449662355506
1257,24.646148355521458,9.436335504890593,0.000979102732100221
1258,24.66652454971149,9.456694815584683,0.0010969727807768
1259,24.67190542045962,9.459374216252577,0.0010903414979400985
1260,24.629609743418534,9.442801087555123,0.0004543661722181148
1261,24.664850432590125,9.486022688644917,0.0009118359330274511
1262,24.646310264827505,9.46952674227496,0.0006673972269703091
1263,24.58107618661333,9.423524529623837,0.00025601536494057343
1264,24.538750248800287,9.39962951441112,0.0002598807709940828
1265,24.507539495618552,9.381655393380074,0.0003039061529438395
1266,24.520089211073177,9.395858256025528,0.0007291413427459943
1267,24.57588414388265,9.453462668749323,0.0018570315489011122
1268,24.63749940049817,9.510486593241792,0.0019998965902701996
1269,24.593836995972573,9.508082575830063,2.7039546913506582e-05
1270,24.532672857182515,9.471241279488064,0.0002887254029299094
1271,24.507930216530642,9.448789201774105,0.0011308090465802683
1272,24.50310355260449,9.458718477371495,0.0008581819669818276
1273,24.46685141259677,9.450989491936458,0.00041130244854602037
1274,24.49149285669896,9.476010095785512,0.0007514280856798142
1275,24.477110419894444,9.46568099768951,0.000810330874636175
1276,24.538745042873483,9.524798515897063,0.0016636737389883504
1277,24.59540045430181,9.584263439018947,0.0013042141210860368
1278,24.649506308650956,9.645794952689377,0.0009286693273614273
1279,24.67091636263196,9.682477193585779,0.0006609694748852269
1280,24.611741955374526,9.641404873953634,0.0006366628636220975
1281,24.622353654906664,9.657138676566944,0.0008312614329863998
1282,24.597989335289732,9.649459599637472,0.0004704248182955505
1283,24.66795271638775,9.716783556021264,0.001652703194153063
1284,24.68702950130732,9.727793024797837,0.001666010067297422
1285,24.723044425329437,9.761524245255542,0.0011315907423599077
1286,24.683137345424417,9.729423135543191,0.0009014899853172214
1287,24.62595765014526,9.702200520416598,6.621247865663039e-05
1288,24.65034374370673,9.724961528321925,0.0019235815226270026
1289,24.58647542325074,9.676785602066253,0.00036143028454673653
1290,24.60646257723425,9.698893714602821,0.0007594162243402782
1291,24.628698396178187,9.721053508562518,0.0012676350416339288
1292,24.592471543777286,9.690080690511838,0.0008810848421913769
1293,24.550246832079928,9.666952992139509,0.0004541471268615079
1294,24.52036018088808,9.658746866834152,0.0004138308448808445
1295,24.57113052918991,9.709325219127706,0.0013632701707828815
1296,24.567410851258117,9.715148631725857,0.0009198675803120733
1297,24.6271159237689,9.772719115572526,0.001462765853824778
1298,24.55175684273175,9.735216530003798,0.00020445497519005468
1299,24.506604843073422,9.725145837960772,7.388767080278744e-05
1300,24.40277231675465,9.656527836006394,0.0001664736361654767
1301,24.38236010316491,9.642891600759063,0.0006879643907957567
1302,24.443708273837526,9.703390287688073,0.0016125126641866917
1303,24.391098801399366,9.672904153436084,0.00032775075217085953
1304,24.343651299714548,9.657922948134425,0.00039019054111089297
1305,24.329124772887077,9.679132356814355,0.00014268587740392087
1306,24.32024156151183,9.682738341525358,0.0007437137486517162
1307,24.38487726833618,9.74583533905966,0.0013394251626722927
1308,24.32611960335439,9.717466766055765,0.0001900316199960234
1309,24.301812813809985,9.714484095303995,0.0004038134526910988
1310,24.321028641869017,9.734137728131241,0.000981738990030036
1311,24.39761555324221,9.80186449081052,0.0027820913455067304
1312,24.329602469438235,9.762875579439898,9.652291805705378e-05
1313,24.287888940594005,9.731439657152997,0.0007111663177079669
1314,24.329538598118923,9.778814646064431,0.0010930382016619748
1315,24.255975892014533,9.726844552581266,0.00034200871784616644
1316,24.193854776713216,9.699488793429706,0.00010986687261223653
1317,24.13935711632582,9.655278148072732,0.0005267581485003697
1318,24.15554765786129,9.666794328063483,0.0013241708680374646
1319,24.05877367582595,9.604717634549026,0.0002401180814376235
1320,24.033626604238734,9.584102515576491,0.0004935582751694965
1321,24.04580668964826,9.602235068037942,0.0005056355114312899
1322,24.093248203697993,9.641176091147264,0.0036298828023029004
1323,24.148465829869075,9.695181377516393,0.0012693256600696495
1324,24.09415078083858,9.672265444690447,0.0003810328078576039
1325,24.124296035395744,9.692101844966945,0.00280377121302342
1326,24.03967943432345,9.63404967800338,0.0004607034300814371
1327,23.944688447581253,9.570414865927182,0.0004291094036250246
1328,23.852925461227443,9.508717976937737,0.00042110921542675507
1329,23.8783275317776,9.532020340510117,0.0013344160933771458
1330,23.84354219881389,9.513948978616959,0.0002788411254382487
1331,23.78686080062556,9.473599575121455,0.0003769756797187158
1332,23.73580868516329,9.445239859935684,0.00032025665323141985
1333,23.729929620905157,9.447226273927892,0.0006169065997703683
1334,23.69397199257916,9.424414589789134,0.0003145588893863334
1335,23.60688618615948,9.364215328042471,0.00047088303347748517
1336,23.647725453316085,9.407887766709592,0.001214077629510584
1337,23.677914419567358,9.438921909167789,0.0008537869114224028
1338,23.702600229810653,9.459605991351134,0.0017471612818964987
1339,23.663655567824406,9.456178805302486,0.0001465439981870133
1340,23.72661782832206,9.517924402953122,0.0013941975561989814
1341,23.70456049889896,9.517405174331225,0.00042991679959432686
1342,23.674116568572423,9.49021785696122,0.0010804506987231188
1343,23.737925064810845,9.55170914671928,0.0019435134434785094
1344,23.65901693434071,9.512138864471288,0.00016997397284434829
1345,23.62214143232858,9.486388353505777,0.0007543719774487325
1346,23.58408641323858,9.467804759263107,0.00033034246815574064
1347,23.631167977236245,9.520695570267682,0.0011514349028412516
1348,23.556823139441413,9.469588165116614,0.00023834248218614876
1349,23.499743188553428,9.440824643098273,0.0003771380338490523
1350,23.534701699530828,9.468718773107561,0.001751507878171842
1351,23.470773434552733,9.422076222083117,0.0004536289079264964
1352,23.468137790343533,9.431560757102435,0.0008796485869796862
1353,23.388818499275736,9.383428410282956,0.0003428555092772612
1354,23.35401521513187,9.366237265887635,0.00033282230169584396
1355,23.39113995282997,9.407073058776026,0.0009491830183724189
1356,23.453319976340946,9.467243354490162,0.0018415598101983208
1357,23.483016797890944,9.494787153909925,0.0014492263518786884
1358,23.541422081657444,9.555565135513417,0.0014239398693694084
1359,23.583859584339535,9.603424769340528,0.0011598114973833367
1360,23.566653545770063,9.606926782178201,0.0002851421874520445
1361,23.61810922699095,9.663255655999631,0.0011568368942216185
1362,23.645265675140788,9.697650920836798,0.0011994567650003398
1363,23.61834134498413,9.669420190651042,0.0013597287375423785
1364,23.57163112919794,9.636327621589947,0.00038003447338698224
1365,23.552036865312974,9.655138818794573,0.00013256494077899702
1366,23.532690143141973,9.644649310001462,0.0005791710047710187
1367,23.528575016213875,9.644614452210172,0.0009574149070696645
1368,23.474164457791332,9.620731403351405,0.0002136108769285854
1369,23.409624989461584,9.579151511411624,0.00045595776289885146
1370,23.364700220543003,9.547842669185012,0.000678173542679259
1371,23.406371798611804,9.595451773913585,0.0011687202788775157
1372,23.462534079710068,9.655808004409861,0.0013557419423445665
1373,23.401445147480228,9.618311968277228,0.00024571849127720264
1374,23.40244443173724,9.623984393557167,0.000717197165767813
1375,23.35760835215563,9.606171089036645,0.0004924035241996883
1376,23.310985913918433,9.603145419684202,2.5843756476740366e-05
1377,23.277180955043697,9.609409307129004,0.0001330149931586532
1378,23.261381140431602,9.596125122090791,0.00042919959194770316
1379,23.326005665803603,9.66142956440527,0.0015202075063327262
1380,23.293141722794893,9.642251239530577,0.00015742768263474007
1381,23.357381693538194,9.706641726167081,0.0017153954174365465
1382,23.309337464651655,9.669566010086124,0.0004647492041019776
1383,23.310013248063225,9.689304706392475,0.0006921507021686208
1384,23.29799260785152,9.679883834681672,0.0005013091014310744
1385,23.35411464572017,9.73326982872906,0.0015766088969799178
1386,23.359346224896022,9.733848724895374,0.0013618509574519382
1387,23.356901089970293,9.73496722386511,0.00042702377043541437
1388,23.393232860148782,9.766705738531275,0.0017858299747166872
1389,23.35654575027437,9.746386093623205,0.00045711681658872473
1390,23.368436909313026,9.76028931319733,0.0009799302292362638
1391,23.26816212930747,9.691274208887696,0.0004072703760404095
1392,23.297169938552578,9.727641966047683,0.0008279035770614966
1393,23.260063104696876,9.693835311179436,0.0010176793737624802
1394,23.256121533764528,9.701230951195258,0.0008597939799557595
1395,23.312136953783266,9.749213180902348,0.001743294382120517
1396,23.206906017334656,9.68778356359708,0.00013999182501863501
1397,23.191680359511437,9.691183424326415,0.0002490251590654418
1398,23.129545121505124,9.656982196302394,0.00010908982364217428
1399,23.03279437045466,9.59286536713859,0.0003866493316178284
1400,22.997422693689657,9.578843863352505,0.0002661185457643346
1401,23.031093664044665,9.60643523971857,0.001669055572851009
1402,23.103009660506203,9.673850806819555,0.00267212593437805
1403,23.07945764390288,9.662393801126388,0.0007016046591939243
1404,23.135874956153184,9.721391939941418,0.0014871347259328355
1405,23.107922404800515,9.703206887912284,0.0004978297911209085
1406,23.137248025086148,9.739466020522007,0.0008571233420676419
1407,23.207009970262746,9.810293741869247,0.0013269808829665575
1408,23.193656763223185,9.806824757658566,0.0004604763470402334
1409,23.209942159286136,9.818068452722004,0.002092838666465255
1410,23.246549471527356,9.850316848792037,0.001122212568027157
1411,23.22719660689093,9.850167876192284,0.0002874297509429333
1412,23.3094714502457,9.921793172089744,0.004798739205960671
1413,23.26325864945662,9.880122913492006,0.0005888838804844142
1414,23.2803047589775,9.891589151665222,0.0012019295754081734
1415,23.211522212900253,9.848873682226186,0.00028123734825185063
1416,23.17349392474764,9.832487609651409,0.000356158777324564
1417,23.244132688049568,9.896955440687645,0.002709924486199681
1418,23.180149698014613,9.858435015980794,0.00014494330813939957
1419,23.21158762938058,9.879453030861749,0.0024030484750880367
1420,23.174943121319068,9.861559644791193,0.00047519228005059663
1421,23.253055112843757,9.934004088920029,0.0017799944672700129
1422,23.209452816300853,9.935221649344918,3.0086939476382034e-05
1423,23.21582135500473,9.952906083742924,0.0009415507812178617
1424,23.184145833298214,9.957129044216948,0.0001524640141287887
1425,23.071215540630412,9.888622004222483,0.00022447985486001362
1426,22.995079540418935,9.83263968813241,0.0005664943286218063
1427,23.027671273051126,9.857731332350951,0.0015013987138986606
1428,22.95152295358364,9.816971849089137,0.00023826491582132526
1429,22.902854907984928,9.787454468942368,0.0003110446144681524
1430,22.951872396318837,9.840188722329748,0.0010700564939817173
1431,22.917702277735657,9.808220182453992,0.0012400766750343983
1432,22.92738679683089,9.81119371307773,0.0011009538690422316
1433,22.959661889375905,9.836582758128586,0.0021251887827329215
1434,22.963826858471286,9.838762367721058,0.0013265431805256733
1435,23.010546035057345,9.87857796449442,0.0028013744323264387
1436,23.089014418264753,9.950203029776544,0.0022367466625911516
1437,23.120474604037245,9.98241947747165,0.001186638973018018
1438,23.069254746934458,9.939419451285469,0.0006693636780852878
1439,23.090394323562297,9.956359602239395,0.001351171594132081
1440,23.031954062163244,9.92463250738955,0.0003971611007251162
1441,23.077178342711402,9.96723892275147,0.0018291927037910826
1442,23.129313845142306,10.004251615738038,0.005631950466434642
1443,23.115730237794313,10.000159460081443,0.0006283942435643423
1444,23.070122302710303,9.973934554669777,0.0003537549900810411
1445,23.063242305059337,9.97291630602962,0.0013113103778715817
1446,23.093198032154334,10.000132704842448,0.0012977415623639556
1447,23.155949316781694,10.06077347128236,0.0018019323763033372
1448,23.197831266155468,10.088906373789223,0.0036695188857346376
1449,23.14307382050095,10.054257375692021,0.0006727060655518994
1450,23.143152629458417,10.05792098087127,0.0010786179856986332
1451,23.182900644480117,10.1001928844771,0.001233940773858609
1452,23.17245278604768,10.08151857703682,0.0022515556597082795
1453,23.20633314513209,10.108432209961192,0.0018547612565803712
1454,23.225837167891846,10.128918231345981,0.0008944515835878264
1455,23.13337590510687,10.069888996419513,0.00015028442352840913
1456,23.144839208620375,10.081705603147313,0.002181829061140663
1457,23.186444352537677,10.111753450401814,0.0020963500720343692
1458,23.251780959099253,10.170938100050343,0.002813081104041743
1459,23.321446201168822,10.22683890192232,0.002669951254094158
1460,23.321464699650495,10.242427313594144,0.0005389741606467909
1461,23.38590144240427,10.292581024842143,0.0033039407584284225
1462,23.302855698155007,10.240331038478276,0.00032900333075917403
1463,23.237772454030008,10.208101557820854,0.0004752171229217523
1464,23.147691441218424,10.151933066620613,0.00018220150963012055
1465,23.078206382877287,10.11309284051683,0.00023021973926732597
1466,23.135759083379345,10.164031796059444,0.0012767623325733906
1467,23.089278014450638,10.14063753837283,0.00044770957765057973
1468,23.147035969436274,10.179900583335714,0.014263429196746748
1469,23.062691981238114,10.141335855313159,0.00024480911133570906
1470,22.94562621331158,10.0683370277576,0.00020741634200744624
1471,23.005919890517013,10.1151940770038,0.0023020560644140646
1472,23.04243296015395,10.142761975615073,0.002347089384256754
1473,23.05533131491833,10.163735155627405,0.0007473127032171251
1474,23.09483559957012,10.196551972751843,0.0024769271920962745
1475,23.019109354341857,10.159171404331264,0.00033486505022148214
1476,22.984092598059583,10.161459161197543,0.00014358548692490816
1477,22.991058615582975,10.179210422863308,0.000947941264184667
1478,23.06798811187427,10.246980389105575,0.002185458500178931
1479,22.944271291426773,10.173198763434591,0.00022207355511057322
1480,22.92938525213074,10.174599214601194,0.0006432458185393963
1481,22.861191627794657,10.144191288253667,0.0003122049837721967
1482,22.83268044488938,10.134048352662276,0.00016251591273973458
1483,22.782032043683714,10.094341219918375,0.0011472947604438666
1484,22.765674102659766,10.091724691796033,0.0004939116838454079
1485,22.832921656819558,10.157122584798074,0.001590920008247451
1486,22.813520600748866,10.178542453040974,9.964060832675038e-05
1487,22.895063291025338,10.251863383827011,0.0032766141047680547
1488,22.869940742532364,10.245477894042768,0.0006478726200759082
1489,22.858557806083258,10.241602766054186,0.0007410943503279735
1490,22.908685612313743,10.278978216420633,0.002861385128246147
1491,22.86967313590148,10.264722175539523,0.0003885339875178949
1492,22.945260524764503,10.336588362563782,0.001455196902964235
1493,22.985657344063195,10.389599751571236,0.0007191072683848151
1494,22.94297830979324,10.362583204569031,0.0004056084981437496
1495,22.82796846784011,10.295234210300322,8.20749624124421e-05
1496,22.804972313694215,10.288162708686995,0.0006722559415332645
1497,22.89320252404457,10.36431794064992,0.0029112279507435175
1498,22.89614151288344,10.36509344587039,0.0010444405118061734
1499,22.934289913965134,10.38414385469086,0.008366912316726564
1500,22.902333872967898,10.36111029518079,0.0005740338597876053
1501,22.822576508621285,10.310833216295597,0.0002921896499153769
1502,22.913545893202325,10.390666607841972,0.0028488243658711487
1503,22.86387835118641,10.374115472667235,0.00045090663994634824
1504,22.762295501011668,10.307840615078772,0.0004052055192547823
1505,22.782759728926642,10.327152736754474,0.001309713823572204
1506,22.786282096647135,10.345857751272542,0.0006286531806842209
1507,22.707099332407136,10.313851767599308,0.0002052863533224805
1508,22.78369044292968,10.3814489480653,0.00311672620234021
1509,22.861679749160036,10.451123544917365,0.0026506697888646286
1510,22.89540711622371,10.477045908343282,0.0011372493472559806
1511,22.922322521223364,10.514198513686882,0.0007789164059009766
1512,22.87036320391961,10.478322590074923,0.0004890419815762417
1513,22.787912002594968,10.429664327201177,0.0001708961157202893
1514,22.820600214492305,10.466710646194533,0.0009592551229851775
1515,22.835724550240357,10.472552319247363,0.002583298059660983
1516,22.733613710111662,10.407512046546387,0.00014669044642609536
1517,22.671607003677803,10.36514285296126,0.00039045050286379556
1518,22.750106215556283,10.435291445561043,0.002930493930064131
1519,22.67719074549531,10.395763178772796,0.00015506656483609953
1520,22.6939267342604,10.405122406589026,0.0014788530650953426
1521,22.6771986509351,10.391086140400825,0.0009766450044750117
1522,22.59387457842951,10.345790991875017,0.00011195430420653066
1523,22.60308616246596,10.374576780458527,0.0004078545279424157
1524,22.528165425181072,10.319465090565274,0.0002680938385518039
1525,22.42345386324843,10.249748768329457,0.00027797862533035267
1526,22.510938562309608,10.323305388225334,0.003103959195009166
1527,22.447652841521677,10.286592008836598,5.362030865328908e-05
1528,22.450643787975274,10.309852313896679,0.0006501498696409036
1529,22.495989787708755,10.35375965019475,0.001596774142083257
1530,22.496579562417242,10.377516747762202,0.0007898828558550528
1531,22.462969084185005,10.35286381032964,0.0007085047382879076
1532,22.550588032254293,10.43208881901895,0.0031818274510188654
1533,22.640359034743827,10.508488645226212,0.004555771488494689
1534,22.679252732803384,10.53723588043097,0.0013840183342596322
1535,22.6787582518407,10.551679812704823,0.00043663227497039173
1536,22.581467682466073,10.505636291622993,9.918186857695989e-05
1537,22.619038116450454,10.547197639531749,0.001039015012344279
1538,22.706765512506593,10.625858443430868,0.002817550856187013
1539,22.673895156179647,10.620586199132486,0.0005341628110788172
1540,22.77545821104221,10.70644954769625,0.006422976385997917
1541,22.67577786832487,10.651925730095194,0.00015472410195915647
1542,22.625449880743705,10.634399384609598,0.0004157147862020619
1543,22.536660159524526,10.574305658101046,0.00018277861583591149
1544,22.53175796765313,10.567152568091496,0.0010771132967705602
1545,22.421202078734712,10.498649030413716,0.0002438043289557042
1546,22.494766548003835,10.557493434786771,0.008013093474822569
1547,22.541079752343492,10.589936199646896,0.0027337545414692845
1548,22.46001789185601,10.546021649877327,0.00011515271079675545
1549,22.402050223996582,10.512256524754848,1.4755127694129856e-05
1550,22.400531225890106,10.531682170673957,0.0004146648755676816
1551,22.437185041504385,10.55371632289481,0.00635939361265407
1552,22.537057426060954,10.638000774882755,0.006889711196926363
1553,22.460868662958507,10.613058233536524,0.0002447510023907484
1554,22.42017771554732,10.575003924867833,0.0011525221613025419
1555,22.520737028088398,10.658564833187532,0.012005799615083967
1556,22.537429560087766,10.664071074145006,0.002612722977468793
1557,22.507504670917662,10.658955082704642,0.0002367719286247944
1558,22.54376197108351,10.68044845825943,0.00587166791490742
1559,22.446490022660434,10.605719825398037,0.03342431047631922
1560,22.437139757622717,10.592945002323193,0.0012764953150774282
1561,22.455023305775136,10.603455690317428,0.0012706176285065738
1562,22.491439611565447,10.646278066548838,0.0010070600581672975
1563,22.533030103695424,10.669007786364011,0.006443939172561113
1564,22.494916984477275,10.661154203681564,0.0003802039671915234
1565,22.468737985958903,10.639279484929045,0.0007407206969535778
1566,22.42055211229068,10.607981391005817,0.00028859787490391676
1567,22.518794258092107,10.685872972022402,0.012760957504876385
1568,22.534798016138854,10.705639654430334,0.0006631920427053812
1569,22.554230250350166,10.734495244085911,0.00034418404117059654
1570,22.528410700880517,10.723705601384957,0.00019119742298253395
1571,22.45957243152296,10.677766987355644,0.0005945734084452733
1572,22.47738522880114,10.681810415404168,0.003598398332798405
1573,22.516790644809184,10.723291274855516,0.00044790678448685544
1574,22.414747031944728,10.657659344483365,0.00038101366823109587
1575,22.346663888278812,10.60794328033887,0.0009150262556846304
1576,22.223829446243467,10.525577752124873,0.00030427647397589236
1577,22.24508137613808,10.538140315949907,0.0016949368871865356
1578,22.273241281767675,10.556108445279238,0.0016031180635514663
1579,22.285962113726857,10.574808545709882,0.0006177229382389368
1580,22.34054063532875,10.613864961576098,0.004628853340424206
1581,22.328713842791053,10.594751680333143,0.0026879877769922667
1582,22.295532994509504,10.570763979011772,0.0007064690287322035
1583,22.246222309077574,10.530663699995293,0.0005091603157423902
1584,22.31556989963192,10.582508449095675,0.011532546168254042
1585,22.21648332241489,10.516845089484933,0.00036764796044817035
1586,22.13896925866849,10.484830828465473,0.000234064438968822
1587,22.096154962266013,10.488128328630095,2.5646184850959753e-05
1588,22.055887184197623,10.460483349722193,0.0004877317392222906
1589,22.041207407496632,10.452339784231512,0.0010017660102794297
1590,22.01247525896306,10.443519870366519,0.0005135255185035138
1591,21.960995593653713,10.423658102677905,0.00045090146922014323
1592,21.974044495781783,10.446347020403815,0.00106398085783898
1593,21.930967131948442,10.408248601461228,0.0015575070448574334
1594,21.89577107446589,10.381255205848616,0.0006348419796071248
1595,21.852820122603546,10.354120610223266,0.00023477077007987254
1596,21.931974797453726,10.427177688856819,0.003130552020664222
1597,22.006538754427744,10.493267111429532,0.0027772805733093744
1598,22.082475729634144,10.55371184083522,0.006381277790084518
1599,22.1224016694801,10.575256954035536,0.005875169752002981
1600,22.14083361441715,10.601014834796748,0.0011237541284546603
1601,22.169416134873245,10.636063768100474,0.0013595691770551211
1602,22.264699702129523,10.71793286862999,0.005801945238637176
1603,22.26057185778324,10.7115858735837,0.001097523601121708
1604,22.213513193043195,10.695707161591665,0.00047037867865199845
1605,22.2081838372792,10.703760447391065,0.0006116595087348845
1606,22.246322532358764,10.749195243749087,0.0009159035940033446
1607,22.20999626516279,10.722932146855968,0.0003493909426932613
1608,22.094592115888187,10.647949487640195,0.0001947472693747107
1609,21.993785594736295,10.584442415602105,0.0005037955709009143
1610,21.954433809860184,10.5564336562971,0.0007391415466530656
1611,21.921634132584174,10.557697106767902,0.0005113952146905427
1612,21.960616345464093,10.602314942252058,0.0013803663697795105
1613,21.977419973919954,10.606899634876115,0.00326580650965123
1614,22.058903465019004,10.67871273312973,0.004386617842986478
1615,22.105306053823274,10.72404020240638,0.0013966281498090812
1616,22.196122116373104,10.802326673462431,0.004682557845470812
1617,22.21783116184241,10.834691768198459,0.0007837175221431415
1618,22.12884356629257,10.778482703994912,0.00031895442981159965
1619,22.11144875147693,10.764691598803559,0.0008570348921041647
1620,22.198720906092223,10.841961648771328,0.00399291769438571
1621,22.230424962991496,10.864638233289655,0.0034543366284608356
1622,22.27323136391048,10.92233732107261,0.0006534994869262226
1623,22.180482025488903,10.858347512497744,0.0006898094306867767
1624,22.225270332526957,10.896390966481398,0.002129110539485191
1625,22.288152143425826,10.94414771196613,0.009617428187814124
1626,22.193139312649247,10.871976634424897,0.0002987502262705525
1627,22.199691675463235,10.884414473821963,0.0009045663335767718
1628,22.18572262234854,10.861049163768191,0.002173565078282468
1629,22.22626731178629,10.906959597922217,0.0013897271553935328
1630,22.209518135946755,10.887661327653328,0.0015788239974065265
1631,22.17055566361162,10.856097304177457,0.0005541907950363961
1632,22.183701150734542,10.857664328722295,0.0018272988728477329
1633,22.18453057262372,10.846539467805322,0.002166605242628717
1634,22.185749895453462,10.863746060980446,0.0004015119480500643
1635,22.246822962325158,10.914315863984811,0.0034491728605098794
1636,22.352822354231716,11.00235669977469,0.00866846334805524
1637,22.45111897754879,11.085932355560004,0.016808789938525137
1638,22.508262097337017,11.138607432542486,0.0013055882962301928
1639,22.452438099707848,11.124307558477643,0.00011053306592503893
1640,22.455598295113678,11.124814248065137,0.0011232804956505494
1641,22.3957362474426,11.089255063658355,0.0002380792904407339
1642,22.294955577562643,11.026975870435823,0.0001786021437965989
1643,22.17658379281422,10.953725322548609,0.0001354139279266405
1644,22.091530711790003,10.90021924600111,0.00022104852215220415
1645,22.062250505054962,10.898536839692058,0.0003709732498065551
1646,21.952783090544074,10.82715554996681,0.0003535125375624576
1647,22.037027190618176,10.90192679552073,0.0016100552919764352
1648,22.092469818658838,10.95213018512959,0.002915489152803313
1649,22.105451312762924,10.950888265179,0.003260293203576318
1650,22.164258369771986,11.010261685433266,0.0011504590934997318
1651,22.081349911741786,10.956996420002184,0.000724706792198973
1652,21.979402410686802,10.877850686053998,0.005172046617318808
1653,21.903806773744883,10.81745264901979,0.0006739967245786804
1654,21.846013438956888,10.775946751621715,0.00024445026735383043
1655,21.811005194025306,10.7558391457063,0.0006565278020871246
1656,21.797397958089533,10.74957721052417,0.0002680949973614885
1657,21.793759824817755,10.738162607977415,0.002078424856456901
1658,21.69739048000716,10.681137380766643,8.668305619994938e-05
1659,21.73041991418449,10.6948912100759,0.004817496522969734
1660,21.6200261957255,10.631120407688728,0.0001999653178198595
1661,21.572598447529998,10.594838567818915,0.0009550044847939186
1662,21.533227193810205,10.560914703273516,0.000563964549660076
1663,21.54194883946132,10.560721402989952,0.002150879545749075
1664,21.51791318087756,10.5412456433558,0.0009939761381631508
1665,21.594933226777584,10.611504320859481,0.003938452886441859
1666,21.524075549900363,10.560436045355239,0.0003123384571426702
1667,21.495290533877654,10.560141767165726,0.0006020741736643513
1668,21.50746177777474,10.561464770175027,0.0014381185396114139
1669,21.591074392777887,10.634645198709851,0.003389938840489951
1670,21.61102815048805,10.63921160978832,0.004104980085751564
1671,21.58502160929425,10.615911225732596,0.000513612133259319
1672,21.679607130310973,10.69606876108535,0.006616371757349585
1673,21.575114197319294,10.628418193984649,0.0004054870867039898
1674,21.491675323530895,10.572843343842441,0.0002677670575100541
1675,21.43203005795341,10.527982229200395,0.0003904446451659421
1676,21.496384898912442,10.584392028787244,0.004002649041159277
1677,21.540798267214758,10.631703381762597,0.0014651556561919494
1678,21.517498537989376,10.609969514533262,0.0005407343589208572
1679,21.470735942503563,10.570165869760649,0.0009113723091270495
1680,21.44076900727076,10.572663412273178,0.00046609674970902635
1681,21.392723563176464,10.537223873911218,0.0007764359777107623
1682,21.413217131160497,10.548129835966169,0.0014731426789060514
1683,21.501575943871764,10.624609124847401,0.011770389739995446
1684,21.4184767841328,10.562344543181323,0.0003607690121831769
1685,21.44387956419759,10.57218594535954,0.00537556051915558
1686,21.52505683015947,10.646513878255055,0.0023515956005281786
1687,21.447929412856045,10.586262822454579,0.0008564235405554422
1688,21.3728764323852,10.537013903366798,0.0001523826093417649
1689,21.340438968942,10.528525864169383,0.00023745861073919857
1690,21.33162239089688,10.529573592708699,0.00038209600872373095
1691,21.35513411515704,10.553535233732273,0.0014517782848665394
1692,21.317226786216,10.519369350291264,0.0017150803038764356
1693,21.34373680855089,10.55578098888444,0.0007000190474941966
1694,21.235051179438937,10.495290967939912,0.0002469935181487295
1695,21.23203380029686,10.49101676567304,0.0011018092922131955
1696,21.19560521659318,10.471628977260558,0.0003703680195470985
1697,21.17237145177126,10.442735864997813,0.0023875662776784243
1698,21.07737348376697,10.375267636878087,0.0038634139551582403
1699,21.08250790121642,10.390108627656552,0.00040339739244418815
1700,21.04916242180611,10.368209035443215,0.000623497531280502
1701,21.0613794957436,10.366682727817683,0.005864527784902311
1702,21.021377059551067,10.3263778668475,0.0011025434641852919
1703,21.095373971453554,10.39081629807624,0.00447450125682096
1704,21.04215854010918,10.371362849574634,0.00022200199356333893
1705,21.05910565342757,10.383168855125676,0.0015483660766640976
1706,21.06539717042116,10.382407909536035,0.0019034112479062856
1707,21.04086841136847,10.361199020933041,0.0008451134606815969
1708,21.114881016422956,10.425633517774216,0.003018449832343099
1709,21.083607117851543,10.406156932824267,0.0003175946406968654
1710,21.07389398325033,10.406777348933751,0.0003918897622816746
1711,21.079494580842837,10.406594447062213,0.002433159490481301
1712,21.080334650681767,10.395789171491357,0.0023282934541523827
1713,21.03347530367208,10.364520422811248,0.00037288284201475653
1714,20.967476434794644,10.323583765117634,0.00039097489599390265
1715,20.919725281372735,10.286682392144808,0.00048555710269954447
1716,20.90054432436631,10.27598267942059,0.00019948014228743098
1717,20.90081844321387,10.289919056571435,0.0005715011105781278
1718,20.98563314388913,10.361798307757176,0.003502969442554027
1719,20.942462519233747,10.344243867258218,0.007618759768578208
1720,21.004898067934544,10.398609187427837,0.005426088179715738
1721,21.011108721498278,10.408558251208696,0.0005208361129545263
1722,21.050450631540865,10.432913180752605,0.01865441107142266
1723,21.037895495610233,10.41601824786024,0.0015095372301175566
1724,21.12886815773675,10.491400030095699,0.018700200409776532
1725,21.20199849997356,10.55944744291554,0.0018658794602923407
1726,21.285272810501414,10.62962746317253,0.0048949016346035
1727,21.315876692824713,10.63716608994829,0.011144992979181877
1728,21.25558413536114,10.591969760275855,0.0011099079955669488
1729,21.174798072412997,10.526280729013344,0.027569900230917262
1730,21.157980632334436,10.508513023931169,0.0008089521819720652
1731,21.24498681126458,10.582184674206898,0.004339543213066041
1732,21.272425480569137,10.593296416050077,0.005311923624831335
1733,21.223835552471765,10.56697015648839,0.012872623309898284
1734,21.19151293120206,10.581605962046456,0.00012139420155835755
1735,21.23233210775926,10.60721614032373,0.006200517671665936
1736,21.296411035509667,10.664570498728121,0.0032967522422697954
1737,21.24966265361854,10.622137478765271,0.0011751931102581827
1738,21.321231379713765,10.682361008345444,0.0023359521822634358
1739,21.332708111753874,10.686574280001429,0.0040250915943678455
1740,21.32334443596071,10.697994214670285,0.0005397607996784016
1741,21.296392762625466,10.669934769474386,0.0011901445398534772
1742,21.340886217441003,10.707479472997047,0.001805997929578253
1743,21.277021950037543,10.671867732334746,0.0004529873363867114
1744,21.2131274237866,10.63708940659603,0.0006386450071487581
1745,21.258274692184372,10.668166069124963,0.0023258540547135306
1746,21.20356491247785,10.640664177279861,0.004818369659525429
1747,21.147527421484586,10.608070114774792,0.00019756233081854357
1748,21.125919437739253,10.59682637268109,0.00013973416438814898
1749,21.12544655518267,10.591292751246707,0.0006459138188209639
1750,21.205880608027098,10.656443933716488,0.0030933264433808637
1751,21.174032508242718,10.621802329539873,0.00160007824687247
1752,21.19017417246711,10.633018962860541,0.001598849535744345
1753,21.099183046380375,10.558565838927642,0.011384144067893525
1754,21.10507604042204,10.571852736408667,0.0007501133493739442
1755,21.063849334454307,10.536058190353682,0.00133942782627201
1756,21.100713635566144,10.553211058948387,0.011923465182248592
1757,21.13984008970676,10.570305467710014,0.08554707683670945
1758,21.095530028051986,10.536228805562313,0.0007596171140902488
1759,21.0288831417333,10.496718637267985,0.005402085484921873
1760,20.97085026297918,10.461098525478905,0.0003632592780411167
1761,20.944494658907406,10.43982072014353,0.0009557383007332497
1762,20.954728604388073,10.450177549005444,0.0012314526027570154
1763,20.84544030831235,10.377287539264513,0.00028801473254752097
1764,20.836765617901175,10.357044383286743,0.004890098646705347
1765,20.800176605050368,10.335173109383819,0.0006247118923613305
1766,20.761201876904387,10.308776523987822,0.00046565880405237625
1767,20.82693961804897,10.366920199616631,0.003526557094364849
1768,20.767523719729635,10.331901898402977,6.954212804717501e-05
1769,20.763162068373834,10.325004216718124,0.0011904210236445604
1770,20.73719323028202,10.305871691688154,0.0008234587592938985
1771,20.72411842638239,10.305892660035218,0.0007714789193806432
1772,20.672287729701935,10.280743605934001,0.006082795029892603
1773,20.62863199846277,10.259043509658513,0.00032429333852545064
1774,20.697046362000396,10.321389520296657,0.0017643194239901833
1775,20.676865686976026,10.300702230081999,0.0022402434433970732
1776,20.613486270179223,10.273232158050494,0.0003220930067248332
1777,20.64912096632601,10.28771779264323,0.01911830825853681
1778,20.65434506538198,10.290976124523523,0.00082500983525217
1779,20.736271503062962,10.351837705425606,0.056596656310440994
1780,20.822118921546586,10.421888154771095,0.012076041984351873
1781,20.863077121781846,10.438795579959534,0.06532857092375258
1782,20.850145848536716,10.420274182859037,0.0019948843174000396
1783,20.905466221543982,10.473872245407325,0.0018814986078491923
1784,20.913762822226857,10.485693444401901,0.0006101484439477988
1785,20.956093124836062,10.510704987553995,0.005336106631751782
1786,20.898845939185325,10.482852421501425,0.010124088451583883
1787,20.93968994120695,10.509921571341271,0.0037010621207846984
1788,20.951380454113327,10.524863997276162,0.0002323168775066403
1789,20.894336852971477,10.484925199763643,0.009461588848805502
1790,20.987326790686087,10.557595223260627,0.02717817449633811
1791,21.019019188826665,10.585501752781,0.0017513502259960932
1792,21.07466770906458,10.631403036973369,0.003997800231305485
1793,21.09757541370305,10.65861271535245,0.0018290112780480114
1794,21.089877238284853,10.672560015622185,0.0008461748421983483
1795,21.073709627253972,10.6791381624637,0.000656474637429758
1796,21.10076342797485,10.706840095940086,0.0010959110037469396
1797,20.998173203599855,10.646045224148207,0.0002323018674970481
1798,21.01620031514703,10.663290726452114,0.0007724983289761579
1799,21.045853536586414,10.684220357401696,0.0021444186669032214
1800,20.987784582370686,10.656998408446393,0.00027341576825950733
1801,21.0038525406633,10.681065784114027,0.000950159679576138
1802,21.082436718632756,10.746629649340104,0.0035164541075292425
1803,21.1117372346189,10.768935928153812,0.002729881009438857
1804,21.04942454108297,10.733130651170029,0.002487779941281221
1805,20.94636627380047,10.663580386527668,0.0004975237472249495
1806,20.884390006746088,10.619200253150478,0.0004984400235097588
1807,20.88865613401276,10.608498640017967,0.003864071839005148
1808,20.87706510103596,10.584068337425528,0.00413516421825234
1809,20.818495578363652,10.542904716534306,0.00048365210154067376
1810,20.780271830091774,10.533294023737799,0.0003449116717614934
1811,20.759649764591845,10.51176680416463,0.001624393596799631
1812,20.828342222946553,10.572878518321984,0.0020102627310740126
1813,20.795055850203727,10.56741359665637,0.0005663215714664173
1814,20.835895911514193,10.591083527985857,0.007283138626190654
1815,20.830125591351393,10.580835987321203,0.0015567520332129348
1816,20.863514786760426,10.602437469872294,0.0037232362896298765
1817,20.77628189275407,10.562250108578482,0.00024582467043834407
1818,20.74457571998114,10.556264136069775,0.00025477012855861
1819,20.71871399630667,10.53659381691573,0.0004718836631788127
1820,20.711304609971833,10.54646589514156,0.00016937670887949961
1821,20.665433904925933,10.511458634265967,0.0009148149811629592
1822,20.699880698352057,10.533351810649233,0.0038114031107529776
1823,20.661909323570338,10.522866788006006,0.00047526160143488165
1824,20.576207733372286,10.468757520030618,0.0002711802240173533
1825,20.52494007030375,10.43088910676532,0.00024538727212872414
1826,20.52551140646991,10.426484194308832,0.002885722918063507
1827,20.43783374322137,10.355563297903075,0.015803590348985787
1828,20.519904495743948,10.4255745691627,0.007562705399345449
1829,20.491555375349737,10.392367968257751,0.0020769942787032224
1830,20.573461295947165,10.454657356308646,0.008858138120157419
1831,20.520497245235013,10.434964327592192,0.0004708826672020597
1832,20.477317437715698,10.412676995814143,6.799459253484714e-05
1833,20.52062609380932,10.458414185567852,0.0013075810830471435
1834,20.560289243807308,10.480969017594038,0.20851620959325173
1835,20.56643907450749,10.47839228097329,0.002271221280302535
1836,20.60806103752836,10.49969269899558,0.006832271861323911
1837,20.591678913325715,10.477840593233033,0.0027014272112907936
1838,20.5335894714081,10.466617415928884,0.00014547322288624814
1839,20.477727794854122,10.423840936979973,0.0010464518048031754
1840,20.451360790626605,10.414055607783347,0.0004559520303206519
1841,20.376991478666664,10.357880944206135,0.30961559499126395
1842,20.3506428091482,10.35882453596892,0.0003739401826049435
1843,20.31627499629708,10.362100546749197,4.2136103352810506e-05
1844,20.34853600195065,10.393357217006924,0.0013342516256952264
1845,20.351862088370197,10.394998248874064,0.0011091542510547085
1846,20.31822083860681,10.365347324107432,0.0009468049085602022
1847,20.313557348566313,10.34557732736853,0.007829561491260038
1848,20.382431888802074,10.400120339279603,0.004144505746143966
1849,20.414938155358648,10.429635426133528,0.0018179400346806285
1850,20.440452626943642,10.450333801829744,0.002231347673975973
1851,20.440687570321597,10.453505062898738,0.000523663639473186
1852,20.403850428009918,10.430436732234838,0.0005057029067803666
1853,20.4765321126363,10.49289683118863,0.006019028568902661
1854,20.457934261760872,10.491727726634878,0.0009803998236804074
1855,20.382902569136117,10.442406159493496,0.00015050713638202487
1856,20.29382855080656,10.372428753197305,0.009605971236017063
1857,20.347934546499136,10.421334177625118,0.002025155192240188
1858,20.317429880381344,10.390846547781653,0.0015202711425831984
1859,20.346930649329767,10.416227100834698,0.0021524308419865823
1860,20.246946088284506,10.355514067646075,0.00013716632350485594
1861,20.22892041896362,10.336873323756668,0.0007153789135371953
1862,20.23579629322466,10.34340860969742,0.0005686976517627104
1863,20.224376136925855,10.337450684563764,0.0004115530544859423
1864,20.14494952555216,10.30600346955571,0.00022490015607752543
1865,20.124387438552464,10.290173930792395,0.0006145365505371564
1866,20.06167106565535,10.247651210107206,0.00030922980649514747
1867,20.01859326791364,10.223427262679598,0.00016008503612801992
1868,20.018171902546392,10.208015696080995,0.017207204967242425
1869,20.025361148074463,10.221277539385992,0.00017845511687694933
1870,19.983375752227285,10.206494044163005,0.0003649885675222601
1871,19.986176389274142,10.204711385102994,0.002007005044250357
1872,19.973170225045333,10.184945746000476,0.003109002361266015
1873,20.00652420113758,10.212377884660226,0.001972904609476403
1874,20.068754877158046,10.266027209127822,0.002115200179822253
1875,20.108841006769165,10.291788310506895,0.008176816903616631
1876,20.083209962803593,10.29281667978872,0.00037731600096693323
1877,20.156655336743935,10.351718321699936,0.0033018403010694076
1878,20.188872144974717,10.368324333831632,0.013333455945063048
1879,20.206630107061443,10.38275548659371,0.0017572375134322462
1880,20.1660900586039,10.366207783127955,0.038728363491596876
1881,20.063048352618875,10.298053167590075,0.00019718621022564044
1882,20.036790366762848,10.28989670956793,0.0003871577895308169
1883,20.088888319588342,10.327671791363084,0.009101941111069165
1884,20.085106400930577,10.322838032691648,0.0017855333421580009
1885,20.039258369025692,10.285090909612624,0.0008562818204399413
1886,20.03149421932476,10.284900861386909,0.0002995286792539695
1887,20.052024224446157,10.307322255563358,0.0016277599132086865
1888,19.965919311246626,10.240919345553587,0.0487555326028147
1889,20.030919295153023,10.29689262336192,0.003917334526264187
1890,20.00334326140524,10.28163586236874,0.0003410824291174195
1891,19.98859475833215,10.259183148257323,0.002477681489769559
1892,19.98949848261194,10.243916772706227,0.6376779806595115
1893,19.957325219521234,10.227245106849395,0.00010107431527599887
1894,19.920165974517037,10.194374116811673,0.0009328810204535079
1895,19.841031628048714,10.172149942164758,2.2446795646094502e-05
1896,19.83259571707797,10.159933407777523,0.0011008402241789524
1897,19.87046898590999,10.187542309943739,0.0026144374345546417
1898,19.926107200886886,10.242471220005376,0.0016468843788413263
1899,20.006600558739255,10.307553995274729,0.010633793807769737
1900,20.077037953895523,10.364228298976714,0.004241688501607879
1901,20.07113940084754,10.373429764589279,0.0005310272933586065
1902,20.09613218863614,10.384595128855716,0.005243973065987361
1903,19.994729959337736,10.318167920011955,0.00037100103802455744
1904,19.99693926511735,10.337543632449218,0.0010202730843277385
1905,19.93857640474212,10.315360086917403,7.022752713723964e-05
1906,20.009857902595733,10.371299256868564,0.00313472553594328
1907,19.97246730339123,10.3426733462833,0.0007228625132139507
1908,19.899179560723937,10.29717596278806,0.00029856946459463484
1909,19.90137628796214,10.315134332148286,0.0007625365994405488
1910,19.977507895947053,10.371726764849168,0.009874380419245885
1911,19.926251542276525,10.358955217366297,0.00012177519653897943
1912,19.867150472567893,10.322710502803766,0.0003051641514956985
1913,19.891133632533517,10.344142737265468,0.0018051857083956038
1914,19.904388226860526,10.366485317803612,0.00069428114027665
1915,19.894300681553915,10.379528995099724,0.0004975705341555563
1916,19.85015544517156,10.35133440249818,0.0007134717482222356
1917,19.84285793154685,10.358074380623423,0.00031640980718736206
1918,19.802568609876317,10.341498098794572,0.00018047266126550385
1919,19.67959975668624,10.270421586407833,0.00013989428829066508
1920,19.74299676786754,10.326200553283087,0.0025720473066356856
1921,19.807277033129846,10.387162305353703,0.0023771155163864305
1922,19.76438526161612,10.351425422672168,0.0005491150043939486
1923,19.757432684986984,10.353640723385222,0.000712224824112058
1924,19.747883781260548,10.335649545559699,0.003971945634083316
1925,19.693047986865306,10.301594893266827,0.0004553891515291467
1926,19.72988338253447,10.321304635522434,0.008445022543506259
1927,19.764897754563364,10.347312325720852,0.003260879748359792
1928,19.681902933679687,10.29939519175773,0.00012340544665868754
1929,19.74864345771911,10.353156126360151,0.00547039321490761
1930,19.67064767582425,10.325535252154378,0.00020586519050757118
1931,19.730206503450567,10.376567440388168,0.002837857485945194
1932,19.66461612840504,10.334277817405935,0.008235253365757748
1933,19.667410764181906,10.324020617561377,0.008105602164420973
1934,19.62263280447427,10.30196657527965,0.0004372174309824312
1935,19.558278845878448,10.261429200427207,0.00047919988171471597
1936,19.520701622577484,10.229100956980284,0.000817377195897039
1937,19.5042918833248,10.210109552277734,0.0018777176227739133
1938,19.47258133956597,10.203565922811652,0.0006279361819241028
1939,19.465211846593323,10.215600172116321,0.07432890342326358
1940,19.38657374848295,10.156406242717486,0.005201637426238491
1941,19.338360017955665,10.12279448391345,0.0003179031114878546
1942,19.38017984050072,10.161807708695072,0.0029747675596645618
1943,19.39842373618464,10.172927172271287,0.001527707893968141
1944,19.351568360653037,10.137549096412807,0.0006458334628273728
1945,19.413225664291758,10.19316873978,0.0026749463860104568
1946,19.459143527926415,10.23008588189821,0.0029859405980990896
1947,19.45371384580185,10.234243050762068,0.0008996766346730439
1948,19.462002370181867,10.23519844694213,0.0031417422867510507
1949,19.47044742458598,10.227680884985299,0.023968449256378928
1950,19.462164568759587,10.21703329964978,0.003312248048024307
1951,19.51071171635017,10.264972627317373,0.0015073686729806881
1952,19.48833689548512,10.244375651340423,0.0012657546213411235
1953,19.451277137983848,10.234533435726698,0.00871979024621042
1954,19.360623864566747,10.189778547438662,5.9137652610036195e-05
1955,19.265558654326895,10.13874709230796,0.00017994354098292367
1956,19.224249545467394,10.100812810837853,0.0006763316541707601
1957,19.20288517234454,10.102723698189648,0.004360625402664818
1958,19.249178190503617,10.148734915180759,0.0024419358216108493
1959,19.218924183556787,10.126484917061083,0.0005489120758127267
1960,19.196626377341925,10.111197456852052,0.00014461342234820066
1961,19.16668789614802,10.111213839143067,0.00048713841931647577
1962,19.21779542416315,10.163297551268007,0.0017115548825497957
1963,19.137506541485738,10.112114754039512,0.00026015094114455563
1964,19.158500967943993,10.125095973288401,0.0026383309397635915
1965,19.159865437462955,10.137841026128307,0.00035432256698724097
1966,19.165131503275735,10.158121921056244,1.32724041886603
1967,19.14979684707207,10.164353574302787,0.0005317880129701777
1968,19.21943417217795,10.225685485930132,0.004970550967269696
1969,19.215686632897558,10.212643750258906,0.006418375502688099
1970,19.27475380738391,10.269473667435541,0.0022618768754283473
1971,19.348258543754326,10.33164795991655,0.005754777061160369
1972,19.264622953512298,10.264172658050853,0.014679760446336823
1973,19.207793077470445,10.264293920887694,7.810894902917657e-05
1974,19.113715189608623,10.210577489380338,0.00029605691009372396
1975,19.145223510097946,10.23437650877262,0.003994255112588267
1976,19.080259185531137,10.184331135929792,0.00047148999978664167
1977,19.07312804367402,10.175987418515763,0.0008140532403514479
1978,19.028412884412433,10.135873809518676,0.0006892599549879107
1979,18.98503014058944,10.108178328650983,0.0001936646963820978
1980,19.062816930275474,10.16745574934125,0.020953447054305477
1981,19.129440887360108,10.226545584868523,0.004313551483950562
1982,19.147578981020608,10.250810605774529,0.0009707978072629622
1983,19.117530659903878,10.246850262666607,0.0005103063102267595
1984,19.147419495737754,10.277412903239144,0.0012821855346091132
1985,19.176588982760194,10.292437471217271,0.003006833315665754
1986,19.080611648582696,10.23653875150076,0.0002574288333309761
1987,19.045741624267848,10.221804118638664,0.00018886208136386482
1988,19.025861189741256,10.21248789621304,0.0002760304413177901
1989,19.043907020189824,10.215388994662797,0.013227633990695816
1990,18.972541588687076,10.168460757231731,0.000619112541823569
1991,19.03021068692852,10.224383198417417,0.002104027829234317
1992,19.001542936152997,10.200741138252626,0.00046686758118229526
1993,19.005039277880233,10.216864219199238,0.0006955559802895944
1994,19.036553675378713,10.252300000668033,0.0015276760159354998
1995,19.00175529477534,10.235059075643806,0.007758802020233426
1996,18.9718047340613,10.233945122422739,0.0004381540627560505
1997,18.959929920192117,10.216125935065493,0.0026351544424814935
1998,18.975844053678667,10.23726283895704,0.0006505670468320594
1999,18.92006012587961,10.234396668814997,0.00011906228657042919
2000,18.898453907253927,10.200741895410454,0.004983608673379398
2001,18.852921665797673,10.201372677464942,0.00013661179372124872
2002,18.864658200606492,10.199471769886296,0.006024935429481387
2003,18.80660278933564,10.153361817306124,0.00042782370228781473
2004,18.762056169747105,10.148389227463532,0.0001603746865573442
2005,18.75570543003925,10.13276524627657,0.0045621959910141395
2006,18.72691506148961,10.1092367451461,0.0011260900521564768
2007,18.69802063196364,10.074864579483995,0.0010216276934734035
2008,18.65035871513944,10.043897532365984,0.000543388355499284
2009,18.6289385342298,10.044728722631932,0.5169749806597768
2010,18.568898262687217,9.999100577120725,0.0004688463425526697
2011,18.64213850116459,10.057745694385389,0.015932211990875977
2012,18.63955136157086,10.047774363225775,0.0008365557224910507
2013,18.687110021742335,10.089994972722998,0.005173603509049526
2014,18.683808080593156,10.082907578127685,0.0010677378846835276
2015,18.6993735475452,10.10771308160198,0.0008120862584800907
2016,18.62859892012391,10.051678497023323,0.009217005847592656
2017,18.608685168824472,10.026205960362129,0.0009010642966717331
2018,18.529901469136593,9.96729836543118,0.08803340545829683
2019,18.601411841680672,10.027427693102442,0.006102901907784319
2020,18.607644064880773,10.024145270885413,0.003081725048806821
2021,18.494208367066715,9.958808857732052,0.00015865011638617647
2022,18.45658145783987,9.937333521663566,0.0001926983576501024
2023,18.50728929648275,9.987398563474596,0.0019218319307109037
2024,18.445495170753183,9.98269382867801,7.695084994321481e-05
2025,18.40290893991977,9.958736620619103,0.0009154402191444136
2026,18.37400844733298,9.956454460519614,0.0005000982851790075
2027,18.320619077071143,9.924760381834652,0.00020103710317859077
2028,18.223785140514636,9.862846133039179,0.00018959995121544827
2029,18.272572246400568,9.905269429738196,0.004323504173331533
2030,18.32867661604328,9.955364812016214,0.007458695654649265
2031,18.334822344147096,9.9489524620315,0.0038141109906047257
2032,18.310062874675467,9.938689519030412,0.0006532305789475051
2033,18.366965066179493,9.989384250315334,0.003536539776299745
2034,18.323785735575616,9.954522650579475,0.0004027772040226121
2035,18.307784172072797,9.95425902315518,0.014743261193840252
2036,18.235073638753356,9.909345760042225,0.00024284150581793614
2037,18.2141542513881,9.898507754432412,0.00031614241364230335
2038,18.160563943585903,9.86235218299745,0.0009081229148438468
2039,18.058002909180153,9.805573042229565,0.00027096116662268165
2040,18.115287029000772,9.856435513053292,0.0039397562057783934
2041,18.107818773556968,9.843629279444352,0.0019205788646466102
2042,18.093883319503483,9.8324595434458,0.0009669409277082707
2043,18.153718732657296,9.884869990341564,0.0037414270958958384
2044,18.14020048675227,9.868049249202164,0.0017427481515346784
2045,18.105318176088666,9.851030038773201,0.00021574415626952044
2046,18.1230786792445,9.869992489579728,0.0008779510269585941
2047,18.077157039755708,9.840905734248098,0.0011152552724476889
2048,18.046463566065764,9.82608813129806,0.010323599967151063
2049,17.99312271099574,9.818948249902013,0.0001426255853848505
2050,18.019088458965303,9.850741407669688,0.0015348639813474582
2051,18.00507363801436,9.838786829565441,0.0007540881678811869
2052,17.991779240499493,9.822287547211069,0.0009181045347199776
2053,18.009683962851696,9.845934239327208,0.0010812698913226033
2054,17.984866472110507,9.82896298968557,0.0004009405578425867
2055,17.95591270979976,9.826338592766545,0.0001396955078739576
2056,17.906408595780306,9.805106128116284,9.751650693369895e-05
2057,17.90305615621015,9.797910204548597,0.0019282533516922521
2058,17.910511938581372,9.817809881974433,0.000620609319176324
2059,17.88207811851716,9.791403312819972,0.0016425496706023162
2060,17.88848939165599,9.811934003842111,0.0006181866641988861
2061,17.93572494163856,9.856001365454846,0.002917666921607632
2062,17.99563727932117,9.908648704570636,0.005469304190346477
2063,17.907617711486722,9.85828500699947,0.00021457778483176195
2064,17.947922824508044,9.889899838731091,0.005762538294303275
2065,17.87438012082933,9.843959887440695,0.00021847663658130338
2066,17.862546211174674,9.830158031887306,0.0020282345915317236
2067,17.850821281809033,9.823582234383647,0.0005985676651558396
2068,17.809496437205844,9.794178724275202,0.00039734775979931953
2069,17.79229136900772,9.791695085186984,0.04325903269381653
2070,17.727097207174165,9.752779982723085,0.00018067191704127563
2071,17.718844140394594,9.740672262201024,0.0010915362556256857
2072,17.695107551177713,9.711182543864961,0.002000210607204903
2073,17.654766234553602,9.678767429306175,0.0007235448819126056
2074,17.58802284269316,9.65602890804621,0.00014135188134421238
2075,17.568150269983168,9.64641219604117,0.0002786976195813873
2076,17.552947055304408,9.647563338117727,0.05322592376682077
2077,17.52684223325484,9.624737295465668,0.0005576950918239518
2078,17.55874239002403,9.635898237634468,0.017224814290577883
2079,17.54065549569486,9.631341306754216,0.00046937016052451885
2080,17.50353837399706,9.615546414327195,0.008679072287410978
2081,17.551250369734237,9.660571299882944,0.003184874253458564
2082,17.546189319228738,9.654831085854374,0.0006162788509467591
2083,17.568911234467294,9.664041375727871,0.005534343977527861
2084,17.51041387346668,9.652409917267482,0.0001374800231544434
2085,17.468164852718516,9.630814296257423,0.00028242190282526055
2086,17.383918162156387,9.584899916012503,0.0001765111362926063
2087,17.29697356313096,9.548699318304429,3.194251081549491e-05
2088,17.310795567322902,9.57384807818916,0.0005350034415283313
2089,17.261524293952753,9.541640328463549,0.0007094470131171385
2090,17.305160814638384,9.578339194864697,0.0034499859572181706
2091,17.231185244303294,9.523030945067408,0.007715359681297064
2092,17.243740092359015,9.519471820131404,0.006265461471930583
2093,17.2295311439016,9.502012303359948,0.0033416765966088925
2094,17.17774551842703,9.46600435406463,0.0007646237403810358
2095,17.143019039402418,9.442049443249838,0.0006322614312695751
2096,17.0959753501447,9.419357409859048,0.0026974621580152128
2097,17.046846746929393,9.387194297437878,0.0005146004539401444
2098,17.04475351925094,9.392064340614363,0.0006689157748546858
2099,17.060415004310542,9.396668712664441,0.00356627114899804
2100,17.08143404693262,9.41946445103241,0.0015559582058269077
2101,17.135297354336085,9.462704045637226,0.00551259210505526
2102,17.185427534187927,9.504111515947185,0.004115282156325068
2103,17.245109970409448,9.549606189895702,0.02797788484562561
2104,17.236204643638022,9.533755631903203,0.002126494339508029
2105,17.21523800568546,9.536687042875373,0.0006193796843729882
2106,17.15415280847724,9.526985017091295,0.00011866431660432219
2107,17.145897522977066,9.512465404583196,0.004139010982401714
2108,17.079037160296597,9.499352320080622,0.00011242296877203764
2109,17.07799364819085,9.489349541457651,0.004550026662522705
2110,17.046316749497397,9.479505112743784,0.03694719391515072
2111,17.025056655939565,9.463018314132688,0.0004055631870563337
2112,17.0399913150463,9.47444643711801,0.002082559770005797
2113,17.042553954197263,9.46785686826123,0.0024425405280985536
2114,17.02939069039672,9.449156855640485,0.0013294148544604196
2115,16.998311734572038,9.424088670094756,0.0008370018729603358
2116,16.95472913968402,9.41149694796752,0.0001969510186250561
2117,16.91149922045029,9.385219667121522,0.0004639304000138992
2118,16.922323610619806,9.380855548989484,0.005637753074706268
2119,16.96471198972131,9.421271087874484,0.003293541597413317
2120,16.985211458862988,9.430161688718425,0.044281699366159534
2121,16.91943253654906,9.39661658167658,7.110537403428714e-05
2122,16.898486928103225,9.38438733992647,0.0005399417773694059
2123,16.895798869997023,9.388111394242134,0.000697856165272883
2124,16.928815500640564,9.414459249926166,0.005383030362937565
2125,16.907732355230007,9.40936884970792,0.013629220709766538
2126,16.92638097928197,9.419355954069038,0.0038169055185133657
2127,16.837219539184684,9.384959950976928,6.767611713698207e-05
2128,16.844410352511932,9.383009150506204,0.004213994198896791
2129,16.79036367132754,9.347375732210697,0.0007753669346278728
2130,16.81824425117609,9.364379910273009,0.08313574595485236
2131,16.871117166649363,9.407182714940674,0.005066419373774354
2132,16.861857337572893,9.405204752354246,0.0008630697472087536
2133,16.89581063907815,9.429416912798354,0.006899141155465222
2134,16.926849548170846,9.457177600932688,0.0022317463400901598
2135,16.97713460099348,9.500998700424752,0.005158206835059969
2136,16.990741693575526,9.516253905213032,0.0009695165861625993
2137,17.03854568820728,9.559208095378445,0.0024719606062670423
2138,16.942446272920687,9.503253927718813,0.00018935245612141573
2139,16.95484956501223,9.522866211386562,0.0010715842684304333
2140,16.91762641683729,9.500784538204186,0.0003404110640072673
2141,16.900179638784962,9.501708026605018,0.0004939739882346475
2142,16.93628913066626,9.531192988718862,0.007012977931429799
2143,16.93208183028299,9.538881488000426,0.00010371702613732849
2144,16.92759497410221,9.531835466861255,0.0025765484409749394
2145,16.97217363097772,9.574249189342977,0.002312567696555993
2146,17.010600478306376,9.607204763035476,0.02808086351175072
2147,17.073407992761208,9.65679629443651,0.011575805543765456
2148,17.06044759820367,9.644790166703118,0.0005966283138242699
2149,17.02177421430886,9.629890810753004,0.0004441730857584229
2150,17.029253501513555,9.631834452058964,0.0014932872838713212
2151,17.001340814374384,9.604730491200625,0.0017115709939152974
2152,17.053213118009417,9.647730812576256,0.004750248418133672
2153,17.002442788382623,9.635360515613005,0.00017357923631169288
2154,16.9681400207349,9.612069380343351,0.0002865002732722145
2155,16.910948367308865,9.578537069168336,0.0002384225746098236
2156,16.869833576205444,9.56465356371096,0.005181388891330501
2157,16.889297027643508,9.59209343950727,0.0004641027988810609
2158,16.940725489001725,9.63991327417207,0.00378939629281056
2159,16.853616036289303,9.588496048467674,0.0001599303368019485
2160,16.827906977024817,9.586398390037726,0.0007401937560290805
2161,16.78401705528863,9.56130034910438,0.0008108626676977014
2162,16.79302263671879,9.578229446004228,0.0012496409035330754
2163,16.811539891596045,9.600306387697437,0.0014251292737296852
2164,16.85023778031059,9.636118076076647,0.0040747118679657695
2165,16.80962941317363,9.635259275948274,0.0003990920646829383
2166,16.859170642648817,9.674464484128357,0.008986148196447342
2167,16.84917441449838,9.683472194576584,0.0004860850930042556
2168,16.770865652313507,9.62312286422146,0.00805715988974617
2169,16.737089954849147,9.593654422213298,0.00048315109303183204
2170,16.712243615185162,9.604052365612397,0.00019487866277411548
2171,16.67518562742269,9.592562693931168,0.006246693264431411
2172,16.712371172972112,9.632790998396482,0.0027622441493691274
2173,16.671122037015614,9.60236601362291,0.0003314810652597131
2174,16.591905349945982,9.549563553473208,0.00023059769214168612
2175,16.58116404034813,9.559385432287385,0.00039956647519795305
2176,16.557893629787586,9.536100674193925,0.0006342433607767556
2177,16.61404286836499,9.586609683090831,0.01210525422938254
2178,16.635004863028517,9.591071726045497,0.004174575536475816
2179,16.613255300739482,9.573504046508216,0.0004494504815072501
2180,16.598978584988814,9.578886429161718,0.0007149946107685616
2181,16.573250811570375,9.54982324371189,0.0008454342373150784
2182,16.56697233374357,9.55932433523929,0.00046787513663924986
2183,16.497472893687316,9.51709810780196,0.0002581897346100671
2184,16.520195075867626,9.546651188656476,0.0013695578193104925
2185,16.54397442714494,9.568691160743779,0.001270510957094111
2186,16.500343314447374,9.537547139552967,0.007944317742707529
2187,16.467146491568062,9.505955540351197,0.0006209454535488724
2188,16.426336761362467,9.474467311883293,0.0002564571903404024
2189,16.42442192200039,9.46473232709122,0.023458574349604334
2190,16.458190193693866,9.502741329126792,0.0016383928826240793
2191,16.47745861312146,9.513156780737544,0.0038827281482984666
2192,16.512733285487062,9.54845782248925,0.0027091854099604903
2193,16.539081801030328,9.55770580398676,0.00438233364392011
2194,16.52703787006046,9.551778380131246,0.00013591566699739028
2195,16.553182512476834,9.568111551298733,0.017539763971079887
2196,16.55947850417856,9.58064226853962,0.0011948189128667224
2197,16.52773757536194,9.552193691540174,0.0008412244076403137
2198,16.51983375952265,9.558546072613899,0.13227928824300722
2199,16.475948076773744,9.532215108783122,0.00024264791968720516
2200,16.484675120193163,9.548035323790613,0.0010949085500334336
2201,16.544622067056793,9.596715533155768,0.02284097875199194
2202,16.494365269907842,9.565819836634878,0.0005346050479878975
2203,16.478292679050032,9.559762784467436,0.000293602234358612
2204,16.541824790124167,9.61265761136452,0.056816235743672464
2205,16.48517878823502,9.593699032135735,0.0001135579053794475
2206,16.429244618199156,9.550481220831434,0.0005320504899211543
2207,16.445506278976207,9.57882347181358,0.0005015241049927651
2208,16.387940865209032,9.5700614257334,0.0001242682167358142
2209,16.372977347948492,9.575743679289904,0.0008641007778515829
2210,16.340973494365677,9.54705546458641,0.0008896462600588702
2211,16.32827246708691,9.552762246316483,0.011300660926462033
2212,16.36323080641966,9.585761066711,0.003091191277150352
2213,16.32995596680538,9.582500061969819,0.00016180203076053082
2214,16.247658066770832,9.556377444481111,2.3362580112769187e-05
2215,16.269839405848693,9.582063190677214,0.0014056146983696428
2216,16.260346397727417,9.593019916832677,0.0007318176697556591
2217,16.241885217524526,9.595174837047573,0.000675867893450719
2218,16.225441077876148,9.583118783916117,0.00021165245196980582
2219,16.23615342919852,9.611933292750921,0.001042591800567104
2220,16.170394415250133,9.55873070893088,0.02673889121896066
2221,16.118533760370244,9.525489829834706,0.0007806518264296049
2222,16.09571736580174,9.51187145475414,0.0006134449068029158
2223,16.141209224472913,9.549281777600275,0.015613921421206746
2224,16.119580027338436,9.53231925010549,0.0015471146023063455
2225,16.106908101060533,9.516392083229798,0.0010887521582304983
2226,16.092392972667643,9.521450488676797,0.0072416124184422025
2227,16.03763920743138,9.494567042269896,0.0002502172405879992
2228,15.989721439311204,9.454090142132875,0.0006279213982618594
2229,15.921716682278934,9.418944087787043,5.884131070159169e-05
2230,15.972805562597214,9.465572603627272,0.006615518039979503
2231,16.013135093417034,9.496845177969075,0.030768607729567132
2232,16.05830037414263,9.534198599063961,0.009454572678753853
2233,16.011191304667946,9.52521698074688,0.00015509492353449315
2234,15.959328391640934,9.490498463019176,0.0008092279111112248
2235,16.000745941756406,9.531895016520242,0.003772215600454528
2236,15.975627025322702,9.521345877981629,0.0003797948930790974
2237,15.977971827474198,9.50514484583867,0.01172856777541991
2238,15.989185691704963,9.502937431306677,0.0066655236676508335
2239,15.97997360233067,9.49079020287236,0.002109352595965839
2240,16.039812444646728,9.539879908378854,0.03872325807617283
2241,16.09189902649474,9.586617164939538,0.007553952561976374
2242,16.092392997931295,9.580940192421433,0.0013896615787339966
2243,16.148667868014122,9.628662481247474,0.14705742099786145
2244,16.11982781799144,9.60339632463747,0.0006905874079816217
2245,16.083775461711568,9.578765805156252,0.000455933701305366
2246,16.063501581456208,9.575616678977829,0.0191081084741173
2247,16.053450251504028,9.584653643427735,0.0006613397237449523
2248,16.08211217641413,9.600466942215057,0.05284292055388707
2249,16.084250720757627,9.608403696236067,0.0003796012689999812
2250,16.04599374333165,9.569434361289163,0.0014807762369390958
2251,16.022858544969715,9.56549344190296,0.06278963219586839
2252,16.025195611607955,9.552245662296656,0.014595145976710012
2253,15.925334113466883,9.492278585697688,0.00018046443364741447
2254,15.881661698340967,9.461229998468854,0.00027119231980373657
2255,15.941356693414086,9.511192593352472,0.011468396522283856
2256,15.8643910531709,9.471047121820094,0.00034201281226608484
2257,15.871739012684738,9.473501959359254,0.004146751400787872
2258,15.930597064813,9.526818775605427,0.04551020818438706
2259,15.994284812686459,9.57977024553076,0.036010529008238416
2260,15.975648842503864,9.564075544826755,0.0009646325860405015
2261,16.025320780307023,9.611185527754323,0.008562054326246226
2262,15.98993354953912,9.574381190999691,0.0008654168153188706
2263,15.964661072510834,9.54199194592851,0.00270368279491026
2264,16.000445391591086,9.580764634583621,0.002877076278518059
2265,15.955420147809331,9.572038390402003,0.00012573986357207042
2266,15.890993155890904,9.561294948553046,0.00011475078961239332
2267,15.944389738954985,9.607604238788173,0.00538050359350188
2268,15.878286075527619,9.552491070073133,0.011159854756409899
2269,15.872185393471518,9.538875142544049,0.0028137452885427365
2270,15.833302226204085,9.507671686011314,0.0007830154993581064
2271,15.812355004136858,9.49956181164283,0.0011495727427533633
2272,15.746365793853736,9.44459741891252,0.06471624201853558
2273,15.781247419708507,9.47970786501917,0.0020956320821615766
2274,15.763684779538629,9.476802562963694,0.021553784885071807
2275,15.756886964143721,9.483595120684729,0.00035251935394203007
2276,15.704629177399664,9.476963196390578,0.00024376318607099203
2277,15.620803842475159,9.441626945231224,0.00011217237222158944
2278,15.617849546366338,9.45809951264477,0.0008439119037236582
2279,15.618151983475995,9.474047311413356,0.022388549978190495
2280,15.614473234292412,9.470263165420606,0.000332953374940365
2281,15.651707607331986,9.51602286057837,0.0019328470400023778
2282,15.594379155932707,9.462900565343924,0.041312478733531555
2283,15.54257200831612,9.430569522170977,7.254287419620886e-05
2284,15.489986353020912,9.38504320483508,0.03704524793043201
2285,15.479016458975227,9.400512763738638,0.0005718609498354506
2286,15.43014761921885,9.395140186348154,0.00014020265490173503
2287,15.418662217986117,9.401809741991238,0.0011954150162803664
2288,15.382081653691642,9.378244495408518,0.0006378642279523804
2289,15.384852492861606,9.36493684868697,0.01119088995633806
2290,15.37762182422953,9.351654538622538,0.0012198549428324938
2291,15.368457268822594,9.338567522350198,0.0010649246653657934
2292,15.329499205181257,9.312287598606977,0.0011135576708877547
2293,15.366444260934065,9.349976815830248,0.005137986484040572
2294,15.40688304273792,9.389622659537743,0.0033258565957610207
2295,15.398467975147138,9.399328936512491,0.016641044172650728
2296,15.440239653412176,9.440881115191237,0.003479499236959123
2297,15.392515864477115,9.397264271658717,0.01756158157190654
2298,15.335824798781204,9.389229636534836,0.00011411546159745307
2299,15.35320929359538,9.415604958199784,0.0010748450281521367
2300,15.346767280559062,9.431888028717083,0.0005191544822941238
2301,15.318018873598136,9.400470634213015,0.002329329925803068
2302,15.36839520135744,9.44580153688539,0.004779158039644337
2303,15.426425728245219,9.497588773417153,0.026996093219236777
2304,15.436407926317079,9.49519982415738,0.010271230227720534
2305,15.385696554104092,9.452549850975235,0.0005152239678132239
2306,15.316141114559109,9.418306907788107,0.00018630509948852647
2307,15.333308241659784,9.452690877430014,0.001284654876239745
2308,15.340163198021257,9.476289264859663,0.0007391748250734484
2309,15.360641784957377,9.508132391211545,0.0016959552170747315
2310,15.296301813247647,9.453374339699895,0.008270436977616744
2311,15.29040982442606,9.449116017665453,0.00024018467498999245
2312,15.287600754954559,9.464433981964719,0.0006274527705518793
2313,15.255940549667235,9.428494271562755,0.0011068426393550548
2314,15.21402439352863,9.386453857808895,0.00155059071282567
2315,15.18531612509804,9.351425027397193,0.0016983191525270134
2316,15.11930632510542,9.298061661070301,0.005220308807702613
2317,15.123203939977435,9.290740149792885,0.004352876660316303
2318,15.05990695120903,9.238252290414573,0.02319502493508584
2319,15.043973207070534,9.213748707250954,0.0013812806768901938
2320,14.997695856869791,9.180440677062395,0.0003976300158003771
2321,14.971121120596793,9.178054714865548,0.01020726505729274
2322,14.98539131105461,9.203426388092176,0.0006174905265920268
2323,14.973770815886118,9.190371598341763,0.0007962935138758843
2324,15.022466210613434,9.233995500668966,0.010445610006484692
2325,14.958911741250567,9.199230145380488,0.00028195605106867694
2326,14.913358235476252,9.178085291573728,0.007139399015715508
2327,14.915524496656863,9.171361951325622,0.00245566810381943
2328,14.872884380721622,9.145460603680824,0.00019193753491133058
2329,14.89457433624483,9.17460794305771,0.0014698972175938632
2330,14.87540872749406,9.149351528180578,0.0017359504909154509
2331,14.86725892178394,9.158746327498969,0.0006647068334282133
2332,14.81112005843901,9.114842087242755,0.0004074854485384686
2333,14.761795969431784,9.081158170828122,0.00042080156772715375
2334,14.73871572176094,9.063957727879306,0.00041974189520035976
2335,14.70811344220929,9.03851785850482,0.00044220976740341224
2336,14.68064619546108,9.03231236510016,0.010183353702243556
2337,14.636812088758942,8.99819056018556,0.0010135075880812808
2338,14.67765373967346,9.032712827281593,0.009572944509561095
2339,14.66858583229436,9.045085775549733,0.0008255555475850866
2340,14.636604302666143,9.033659992789069,0.009718670464991112
2341,14.675132650338895,9.073639632472625,0.0038628401746203527
2342,14.731869669068221,9.123552220419386,0.178070861450257
2343,14.766548151241341,9.158223642970903,0.005183186098258262
2344,14.8027613815545,9.195116760602335,0.003242659717922649
2345,14.85445357581631,9.239550747326518,0.004517588314797655
2346,14.893277295091355,9.278110452243919,0.0024951207821315505
2347,14.884236088490084,9.284640491479179,3.1299200448734608
2348,14.93312790822302,9.327680332832529,0.012967402510830409
2349,14.893494696805025,9.30593711609706,0.0001671585510733605
2350,14.83985989487522,9.275884334262605,0.000381674376568491
2351,14.895206056659683,9.328652855502067,0.004356562266428218
2352,14.896665300121594,9.322538743596501,0.001552545703169594
2353,14.892816296598019,9.308633418731185,0.0024228555317953814
2354,14.874711481580528,9.287168576104504,0.0015322295242811961
2355,14.91603156990461,9.328922440303925,0.003237072157193966
2356,14.88016375606178,9.30839282130603,0.01133813775004398
2357,14.858529749485424,9.280429820064718,0.003184743059439664
2358,14.851558219538356,9.292524827405115,0.00037379722623758047
2359,14.860177031454167,9.317210037578535,0.001061918730190786
2360,14.882829776733486,9.320861754075306,0.019630821969754235
2361,14.830669978511725,9.283056057185489,0.00016449964990247474
2362,14.82366171584456,9.292807747482339,0.2499898475085928
2363,14.781174800667353,9.280402443065338,0.00021928189637459628
2364,14.781363871301682,9.298943948451473,0.00992421448377514
2365,14.735800402382768,9.263641620286377,0.0006290646437807024
2366,14.73046368957812,9.2595072927961,0.0012240883337021676
2367,14.747076749017936,9.292964094766882,0.001241359980371603
2368,14.714410741855112,9.257080028955714,0.001123863166923569
2369,14.65232030868702,9.205309532794187,0.043272234268069205
2370,14.629800704747318,9.193546465163788,0.0010690710198471187
2371,14.601715491100036,9.165147148044507,0.0020902053040143575
2372,14.584220378272146,9.168546474972995,0.0550933399048397
2373,14.52776458010755,9.130330028339378,0.00018212523257309188
2374,14.455030868666244,9.11009684567674,7.729032602569204e-05
2375,14.45777110215204,9.101983715333404,0.0024009688244050723
2376,14.44888963934998,9.079164122672537,0.0030747157405706296
2377,14.425693617770003,9.05226161734163,0.0012214890547826197
2378,14.411301603130712,9.029559894650708,0.0016666152286378205
2379,14.384134511439253,9.01297683521691,0.0007417337063192336
2380,14.308869584066514,8.979721483743281,0.00014059073248960614
2381,14.266225379282444,8.960327877566462,0.00021314000044290828
2382,14.256588758601788,8.96959849544835,0.00021163828114585892
2383,14.229302762476499,8.941148266003214,0.0011432138895851463
2384,14.21471215941899,8.932598386476947,0.0004745779136416081
2385,14.234622000577183,8.941789262029626,0.01201227702042645
2386,14.268131514064013,8.975426391270732,0.004199402820524051
2387,14.271924223948222,8.997200205816167,0.0009555784171272377
2388,14.247304898764629,8.999289295447545,0.00019877829889259436
2389,14.251197706269432,9.022939460389045,0.0010972151356173165
2390,14.297713953810627,9.067877447817388,0.0034579948830831928
2391,14.255874474693842,9.030707352590653,0.0011104119115928472
2392,14.311372969151856,9.078824640567236,0.007871780030831688
2393,14.27433167399365,9.04492749366167,0.0010622672165366653
2394,14.266416162747797,9.030714275152594,0.002211759157974406
2395,14.251607732964398,9.031727078814825,0.04868032564107206
2396,14.262986265366541,9.054380592323334,0.0006291476640750724
2397,14.24807763570302,9.026907782137648,0.0027496935262255238
2398,14.241719760304834,9.021090100294332,0.0006368883340650202
2399,14.234763171028087,9.010416485557673,0.0019716111155444367
2400,14.181052935285251,8.965717748888883,0.2706778127391467
2401,14.138598584041032,8.92943352108897,0.0006302161177866957
2402,14.120569319184781,8.917998282215699,0.0008151796048144314
2403,14.156767855877728,8.952029011064395,0.009101491330478478
2404,14.148597507688427,8.963454900750412,0.0004468625801112004
2405,14.042853540697918,8.911516544609736,6.557262221221173e-05
2406,14.018255825139176,8.900293134154252,0.0003175152556531276
2407,13.965734610875009,8.866039089409117,0.005398707407514736
2408,13.932072951879103,8.841279143645757,0.0006750221361097985
2409,13.941065916175008,8.862935348517622,0.0007511045978924124
2410,13.927423008775198,8.852833135574112,0.0022811572364739596
2411,13.85551223935645,8.831080048838157,0.00011970301494928449
2412,13.866919579699356,8.838738121060997,0.0038718398407810877
2413,13.848901335419455,8.830438752224765,0.0008384531623513591
2414,13.855427721779952,8.852168761387324,0.0012229768161283907
2415,13.827333385632022,8.829998035482436,0.0009315392706577407
2416,13.78707238147558,8.803203593763618,0.0007428292181955986
2417,13.791509489398502,8.79819462282613,0.002091059603635158
2418,13.80872199080878,8.823234518678039,0.0010497496920142963
2419,13.852877105815507,8.86214788376714,0.00425434945266162
2420,13.83891979780921,8.866601043433503,0.10889833433461941
2421,13.854897737988756,8.869528558265284,0.01664048936126575
2422,13.901178116946419,8.912761258790653,0.006157869200385994
2423,13.945895935944657,8.958567820865557,0.00539108766793709
2424,13.93935832893336,8.968936668702227,0.023350978831686887
2425,13.942293569559222,8.959716907886973,0.019513590897162415
2426,13.885856056874498,8.930093659219489,0.0002865920885120243
2427,13.918674262263918,8.966662507936059,0.0049836483250930074
2428,13.928062026989863,8.957852562841168,0.031237106647409706
2429,13.945123201168856,8.959124659594192,0.02255807414111602
2430,13.968943937127008,8.982559959786585,0.005615356990420768
2431,13.951517066480355,8.963878239373622,0.001746946404776733
2432,13.924912177619298,8.951989801380462,0.01792403478077675
2433,13.893890142281574,8.91956863011226,0.002237564143569321
2434,13.915162982405233,8.950220786091553,0.0016421539839808592
2435,13.860372652409035,8.901233451961504,0.09538454564978277
2436,13.889720602344635,8.929043996607506,0.00449141316930889
2437,13.936394128652214,8.973735551948979,0.009227784549263256
2438,13.985739250242068,9.019797427322587,0.010170412765142366
2439,13.910733104369628,8.981661598608607,0.0002475092295307305
2440,13.89539291163551,8.975199434761425,0.0014654172457467002
2441,13.837320939821323,8.957097098725313,3.85673119718856e-05
2442,13.866459243680842,8.994025670468746,0.002255255971548437
2443,13.907341383539897,9.039503169377287,0.0043204584786865185
2444,13.897992688067554,9.013964100728383,0.02246195493438616
2445,13.96378713518028,9.072184884393478,0.016557003829204074
2446,13.905185612376856,9.02404218599357,0.00028527426792743547
2447,13.901808125181669,9.021701341710164,0.0005817288645546484
2448,13.93222003094608,9.058359004178023,0.0023575017213611806
2449,13.968357376926964,9.105605254632405,0.0022657226751481075
2450,13.91654200548944,9.062446948554356,0.009328319944810615
2451,13.92073826855211,9.05196682350455,0.006307998075077459
2452,13.972499609027347,9.105780472524117,0.013052540170480475
2453,13.94855123180452,9.087714897966745,0.0005251205995601005
2454,14.001862182535318,9.137206493151439,0.025051115931757014
2455,13.928177587616482,9.080411908228921,0.004042295648096963
2456,13.86909789295912,9.028605402054392,0.03350225213183558
2457,13.867318069771942,9.014254700757,0.004314693443142265
2458,13.913893512663561,9.060591094072882,0.009225540476556413
2459,13.85933213040525,9.015604796878575,0.007898068225196201
2460,13.87404493187567,9.043000472301058,0.0009621483201921685
2461,13.874789404730665,9.032082399641801,0.00390550879802851
2462,13.83837671674922,9.012430854899316,0.031574732771961836
2463,13.883916195231413,9.055012511419024,0.0041959879643816665
2464,13.909439692666322,9.093635843058903,0.0016270400393643446
2465,13.95399213687871,9.136050921191398,0.007089884781323565
2466,13.908305597083418,9.091333294721169,0.0005943900984713165
2467,13.965503727570411,9.1507292726818,0.007412692883195857
2468,14.028448262517827,9.208202946652243,0.012279411238613648
2469,13.966567145174336,9.158337231099743,0.009241550255793159
2470,13.982114610287173,9.188497737449639,0.001066253441464899
2471,13.998377862151857,9.189313437734347,0.012611679951700261
2472,14.027397774881024,9.219768702949061,0.00319335722213803
2473,14.031174719167135,9.211085703324091,0.01685223792303468
2474,14.029025289180879,9.202421751691755,0.0042862802333020105
2475,14.085226859072712,9.251753208733096,0.00835402814777727
2476,14.054952651346523,9.232473355312912,0.0008998845462940292
2477,14.10018231121334,9.27527847592462,0.008849462202681206
2478,14.075303879902636,9.27902457072562,9.813903291577661e-05
2479,14.053231911440752,9.279928586555176,0.0071955417956914075
2480,14.114249866278845,9.338174685374861,0.022887393731304485
2481,14.09068609640875,9.306803867955798,0.0016799710712458752
2482,14.073770671168186,9.285455495536882,0.0037452681483523794
2483,14.043065307104492,9.249991497187782,0.002771284769366898
2484,14.096264839922132,9.305789401815161,0.003734558023994379
2485,14.099475127422188,9.323829254265474,4.696805252008711
2486,14.123761100645657,9.362443020219475,0.001390474413256446
2487,14.116774140243873,9.363202793175402,0.0008701825637103632
2488,14.075981339366953,9.31802213724787,0.0006867786433470467
2489,14.007915886464753,9.3018122590764,0.00012372732765486533
2490,13.988495038193022,9.27200735982542,0.002181679379007935
2491,14.006734962663588,9.311289328008616,0.0011995286013177443
2492,13.94764688520625,9.302163104239426,0.00012822895537601317
2493,13.89431265405118,9.278797002898088,0.0004041345101607114
2494,13.888937040815794,9.287944317301955,0.0007160968645978999
2495,13.88608801456355,9.272824644300798,0.003959751741640181
2496,13.889692086366221,9.265027418804248,0.00742293829430482
2497,13.85349781624883,9.231750530195875,0.0005779441627116817
2498,13.889015226160044,9.267811531124803,0.00973426964340818
2499,13.83266367824106,9.218647299861992,0.009116764109656034
2500,13.76328630446982,9.159955958343536,0.00921512824287713
2501,13.771179670134538,9.178669469609337,0.000349169039659656
2502,13.747090374085742,9.154006457722232,0.0011595400838331402
2503,13.670852480202134,9.102551835546773,0.00018360465881194366
2504,13.653781802588083,9.096574686590447,0.000625683352008051
2505,13.674393470726416,9.135949741494985,0.0012202535295653268
2506,13.701342512154751,9.163392477733057,0.0033725408787926418
2507,13.710588896893963,9.167812806924895,0.003464505122499117
2508,13.689625283880027,9.17179935922054,0.026332407445223242
2509,13.681446232284012,9.150119327285218,0.0048774729600464155
2510,13.636027531328814,9.112599821482593,0.031277583028173475
2511,13.632344186686671,9.127054098213682,0.0003164350746586139
2512,13.660656602022845,9.15627931040446,0.0030040840400034105
2513,13.556218463415446,9.096507316484692,9.524904285689702e-05
2514,13.60250433137933,9.147831276493118,0.006858506167426786
2515,13.534838428237084,9.129530608500334,0.00012917135260515121
2516,13.605867200372906,9.193841032870308,0.10972317007812764
2517,13.55310467348488,9.159782912590044,4.91894700410152e-05
2518,13.562490576594307,9.160941780764356,0.004052240748717013
2519,13.596721666673142,9.200845323392304,0.002576573022778442
2520,13.534611114277176,9.148622260392818,0.03104443597296012
2521,13.563871231268052,9.176713979807682,0.00438099838344742
2522,13.595602139784274,9.214910518356627,0.001780746561208716
2523,13.558651921289263,9.206054182684827,0.005718038183944024
2524,13.568227534679906,9.196675000794007,0.04551111261232184
2525,13.548902282776572,9.17853691733386,0.0002378034172624344
2526,13.585103149691697,9.229857028883924,0.0020521503312891103
2527,13.580248544220698,9.224988560409887,0.0030405548050856687
2528,13.56417656498543,9.198126543079889,0.002404465094115748
2529,13.518764924564008,9.16212057635333,0.00034585569260962525
2530,13.440002054854114,9.123494042536482,0.0001454054496165362
2531,13.381928262688708,9.072579424151735,0.0033878692868534225
2532,13.421855442720481,9.10868315173652,0.01621418229514889
2533,13.484861200075542,9.172845512886358,0.038045673753049715
2534,13.408248272516522,9.131178076028357,0.00032704454156411167
2535,13.417535835653764,9.132420761800088,0.017766545348915277
2536,13.399242541725817,9.103285800086251,0.0022008118167415316
2537,13.41911126405575,9.130999517396543,0.00230656011331999
2538,13.416506502797771,9.11970284180879,0.001272275183111682
2539,13.41810974173289,9.135791741483112,0.0008793950207898726
2540,13.37502026246917,9.091340302874363,0.0005981987139432511
2541,13.387776731648396,9.127509960862001,0.0010040274856419086
2542,13.374327009822482,9.148715527174938,0.0004077152579540987
2543,13.431902575298247,9.211311033699191,0.01628051721704091
2544,13.420229470940894,9.20423773746388,0.00016089587327266816
2545,13.439944015362107,9.211722650270831,0.007614497361050613
2546,13.41754759508948,9.215110138809528,0.0073887325282958344
2547,13.36447808509915,9.167780910318271,0.0003442753500884755
2548,13.347396586618203,9.17760996547333,0.00010750112782589901
2549,13.278133761360913,9.116000224935124,0.004978159892121879
2550,13.283018742132818,9.099083252991065,0.0516997778523764
2551,13.337209762957313,9.14898303073121,0.026358093654988604
2552,13.264820858735414,9.084025653991436,0.006014840998458419
2553,13.2522707941816,9.078995070788318,0.35818080827038007
2554,13.184616119915963,9.059088151492084,0.00013455552521864536
2555,13.147703531677838,9.014336456677936,0.0009628959354645844
2556,13.160074574526837,9.022322005239335,0.00836496413408186
2557,13.092474542495024,8.972384486512842,0.0002715635070045163
2558,13.087462122141362,8.980136814404625,0.0004289401330032697
2559,13.036637307352562,8.937731861523096,0.015862219110620673
2560,13.079202273652486,8.990378810351945,0.004791569295579704
2561,13.106872579405918,9.035178831773894,0.0014304984205508328
2562,13.067043633609046,8.996766355540567,0.0006696682812214667
2563,13.037331704347364,8.97921545100422,0.06231567739996926
2564,12.991809556624382,8.957061555962774,0.00022930278552271412
2565,13.026482557952601,9.007372411415995,0.0017845451293053928
2566,13.057958773333857,9.029020801999149,0.016822117743645604
2567,13.029407863985053,8.991216267231719,0.0027626431671637875
2568,13.05254774287222,9.014622765908806,0.003501077857285734
2569,13.046062542654534,9.041124286639084,0.00041090222679505305
2570,13.063198938659058,9.038675204009271,0.009093247296084817
2571,13.020186726521079,8.989766996148695,0.0014566987511781188
2572,13.003436571717033,8.987020827902146,0.00029351863756963927
2573,12.95297937638255,8.939712001361443,0.0011681218864964364
2574,13.018852131449668,9.007844195496498,0.020585753051993092
2575,12.976470161944063,8.995331296593083,0.0004441015386731761
2576,13.028370373903432,9.042523257698043,0.02760710902955066
2577,12.972115580357663,9.010369861573388,0.00011185606512892452
2578,13.00606471139583,9.042259944578653,0.005980521339715056
2579,13.046781748866104,9.083995677124147,0.008422583578188859
2580,13.106453630177937,9.145440038232023,0.03235543874120636
2581,13.135317523387231,9.17113033258833,0.005783036434197192
2582,13.189141342522623,9.218731283010849,0.015946471080728625
2583,13.135444947363672,9.194171684029392,0.0001346620503039909
2584,13.121391326739607,9.211275575613387,0.0002401732707328926
2585,13.140029232193688,9.230765469449585,0.00409896116300896
2586,13.081029963263699,9.18135099022902,0.012953445845136666
2587,13.052090700174286,9.139591768550595,0.0035033886705775094
2588,12.981521395361362,9.072383374014336,0.03490421766482591
2589,12.952917473531484,9.038481013812453,0.002238743441772351
2590,12.940305422221943,9.011113212625997,0.004568310100223966
2591,12.917651208038516,9.017643103571412,0.00044925420364769734
2592,12.90018104027366,9.026313396796786,0.00011100115854774082
2593,12.89449858001034,9.006826691485651,0.002345298437328941
2594,12.890364908018343,9.018663842208467,0.00016938719453324708
2595,12.833605380152832,9.00867490202781,0.00014337510247065173
2596,12.875964523901171,9.051131914371886,0.11117689832544046
2597,12.91196250493805,9.096057113605445,0.0018075602899319994
2598,12.909963990604885,9.101613049768991,0.0012910690303548674
2599,12.895907013370078,9.107157399153436,0.007905126097112435
2600,12.849682259767857,9.073729165471683,0.0003389032442251991
2601,12.83604855437645,9.071449642008016,0.19967404803898853
2602,12.762151114305574,9.003411538495042,0.01969527522397703
2603,12.733965501156703,8.980684889682532,0.0004387352985854282
2604,12.672419230776653,8.929203778635765,0.0003121328603928533
2605,12.72613272625437,8.979208214775058,0.027527397605017576
2606,12.681969833676451,8.97665463457677,0.00015250672646024583
2607,12.614242286316662,8.917583362206596,0.00022129058745434582
2608,12.560245792364196,8.886663972368376,0.00029866607100668225
2609,12.510164061721214,8.83537308436684,0.000727069022077762
2610,12.441414119637635,8.786485545667494,0.00018698560218557034
2611,12.39127673923298,8.734476575839473,0.0009962634567258777
2612,12.43103069459161,8.774123635658517,0.007012027183317633
2613,12.42368797347887,8.753568462627868,0.15738441500641903
2614,12.474916519578125,8.801189814724685,0.013505849137834511
2615,12.46284238270946,8.784428076688096,0.0015112633889880326
2616,12.49065893617865,8.828593496818874,0.002312423723168531
2617,12.452897008418631,8.792286083236208,0.001203075499551157
2618,12.391183649434897,8.731279419885638,0.021245827170241312
2619,12.422881290407842,8.77812555656251,0.0026527937358865853
2620,12.402595395107195,8.761943292788624,0.0014366440898330173
2621,12.333422893602263,8.731341926680226,0.00015608842930761962
2622,12.30212876890077,8.7032040090721,0.00013986983125184347
2623,12.269274302151473,8.679871864028785,0.0003517382539111447
2624,12.292354894666662,8.723266468645885,0.0016442082604685526
2625,12.229285682338329,8.706272825646607,0.0001300246339024734
2626,12.238928914028788,8.70219715543647,0.005695972973717881
2627,12.23562480518329,8.69054747363435,0.0010794282082979975
2628,12.262515505300101,8.734709026262866,0.0021158952142951407
2629,12.208489984998359,8.683226298972908,0.09312291609773578
2630,12.19709601736286,8.692861689099479,0.017565691575896603
2631,12.239361500027034,8.73772106494466,0.003239770761280449
2632,12.200492997353416,8.71208817528169,0.00040570407331224105
2633,12.143549635371873,8.659013179030712,0.00034717174738094973
2634,12.126060495465746,8.631658653229772,0.002501871313857888
2635,12.159756890638846,8.675369239423707,0.0020483649962785198
2636,12.165571219850671,8.697268579598946,0.00042219883582622647
2637,12.13305452950551,8.669884836663819,0.000316005420472171
2638,12.13211544828018,8.687054735117956,0.03156304552445195
2639,12.139400078769647,8.690858800101234,0.0026978473087414575
2640,12.093715818798538,8.65207544305285,0.011174924107265213
2641,12.060309056231645,8.640408125604848,0.0005431615228472296
2642,12.104684649816438,8.684701857016481,0.006532336435988941
2643,12.054102923348285,8.652052116370006,0.000123188452669879
2644,12.096017383475115,8.689621166623475,0.007154356103180074
2645,12.033394764352899,8.637446982545026,0.007263603683929906
2646,12.0714486755424,8.674130425239476,0.00738908177390691
2647,12.116228429833638,8.722469328313803,0.00954360702353474
2648,12.178054469731343,8.784794260979714,0.0679861393148095
2649,12.190902822602165,8.784519876806867,0.2442347691891046
2650,12.161490415991983,8.772038560231609,0.006676152324952825
2651,12.206755037513828,8.814507431398239,0.017857610864968794
2652,12.146219729137627,8.771286986409418,0.00027293570604778255
2653,12.145954654756316,8.773974839541102,0.002416952613515505
2654,12.083498615597653,8.725232275319879,0.00016106161582260916
2655,12.032786611106085,8.67781167777942,0.01460529613321484
2656,11.933013323499694,8.628941683010877,2.0180952446827102e-05
2657,11.92786371035073,8.655550579938085,0.0004652362629426094
2658,11.902914856856087,8.6418653210422,0.006604418293579484
2659,11.886925909702322,8.617400027316473,0.002383545542977743
2660,11.863318688374202,8.612661475284106,0.0005090725062522365
2661,11.908050311969532,8.665834283064,0.004493059394879284
2662,11.944339152468972,8.7139732883885,0.002703413019354212
2663,11.945682714728802,8.727740203066883,0.005618487136623126
2664,11.984252155731815,8.77348045746567,0.0038553994505231485
2665,11.932104002160031,8.733057024169621,0.0002919622287773265
2666,11.91667526178783,8.705055475265612,0.008399310799121958
2667,11.911733842104383,8.697105985250126,0.0018830741406553292
2668,11.894375124116156,8.685051579930633,0.023431894401562972
2669,11.869869789317233,8.680079002035686,0.00023367605472176812
2670,11.88087506174846,8.693538284917343,0.0032746389909189856
2671,11.804229716127857,8.648722693468056,4.072205100082564e-05
2672,11.788882321924802,8.638067335023514,0.00024175060370576362
2673,11.778518837943823,8.65888693799532,0.00035742112010878557
2674,11.74821252907219,8.628914068297476,0.0002217646248507192
2675,11.77998555377149,8.680021040387727,0.0020554097866032762
2676,11.823662699108715,8.73067559689615,0.004302044246813571
2677,11.826427495264051,8.73858009982376,0.0015716571921939844
2678,11.850147453088194,8.769331220654344,0.0025106204203204445
2679,11.888498789785453,8.807706893829975,0.005908424866273322
2680,11.850947365044515,8.759500224421933,0.0018860565929185935
2681,11.8359110757575,8.760345486287937,0.004921516699037449
2682,11.848457399389316,8.76611843392463,0.005219245765188445
2683,11.856372139730137,8.761965377408202,0.03221239990565643
2684,11.896843035368212,8.801361021663137,0.007649374580201208
2685,11.832195768999583,8.760870831982892,0.0003134687617886347
2686,11.885407722844317,8.813772135878652,0.019404196557581917
2687,11.852429902402456,8.78615986346479,0.0008185676380529322
2688,11.827035335627967,8.750821027138242,0.0049097091971130385
2689,11.756781140913027,8.683394083001701,0.0062475746969580855
2690,11.762866754897745,8.676751846161403,0.009505564406962477
2691,11.744807380136493,8.647197018927347,0.005034678470151885
2692,11.72342367021717,8.631022738878263,0.0007964647447831636
2693,11.715574990482773,8.604396343209146,0.017376130716912994
2694,11.701081166958783,8.616775975979872,0.00050354341806733
2695,11.701576361849122,8.625662864676523,0.0006028564383547837
2696,11.719616195233485,8.647742862185945,0.002531767777920158
2697,11.696235506787708,8.634812727791354,0.0004522589955809368
2698,11.738960659958284,8.677032856820274,0.043142644725539296
2699,11.761215157361137,8.715246315874795,0.0011997743982387638
2700,11.703790051664596,8.675524161403814,0.0003254923112524167
2701,11.690044789689326,8.661586210373486,0.0014449811082030944
2702,11.729157455107101,8.702461133110408,0.00925338443754557
2703,11.794556499517169,8.76871462634752,0.11315191493177912
2704,11.806467077558697,8.789065105940095,0.002977882692044128
2705,11.792211876667617,8.780031334570639,0.0018127424397133092
2706,11.787100169458174,8.779013310230562,0.00328462689293048
2707,11.74160448657934,8.733676888800298,0.06378085344579457
2708,11.738852412294964,8.727690345563401,0.0009185168223498777
2709,11.72004562749876,8.722535346473766,0.014540368450071327
2710,11.650380831844572,8.657325114235793,0.0044441177044954976
2711,11.6223148552625,8.619722026189566,0.0014699390586343222
2712,11.61700931596001,8.599375200452556,0.003989439334291005
2713,11.52167637560725,8.548261000872321,8.531918734728855e-05
2714,11.519426831998215,8.563088553766992,0.02988775197793462
2715,11.518508685302024,8.579003332877637,0.00045906735054437116
2716,11.4706896975399,8.542442188429533,0.0004407007914302168
2717,11.424657299644357,8.503684684848018,0.0002573425077385755
2718,11.366453980596765,8.44867838783542,0.008865469305919504
2719,11.359839285302677,8.459190506229616,0.022354391562355445
2720,11.39011840646552,8.50549464862553,0.0043942651411551376
2721,11.389490711407051,8.535150853826748,0.0005383223008341785
2722,11.32745610430928,8.474675600187634,0.006708152601530427
2723,11.31343018970693,8.472431030363724,0.0003127300554700071
2724,11.34504882179261,8.505779764597166,0.004251383355236735
2725,11.33108272490797,8.5064444242065,0.004351206220900286
2726,11.27750529305319,8.46441811629736,0.00018735566728345196
2727,11.256099915034829,8.430980338404467,0.002614234395394936
2728,11.295074111808585,8.480473218515488,0.004432405643649572
2729,11.24599469666493,8.425397744431335,0.0012224781879305543
2730,11.185529543168885,8.366789366676231,0.007446705675898809
2731,11.203706283659056,8.388591263845274,0.0026140366744397125
2732,11.205873573809562,8.373598363146767,0.013747611060168693
2733,11.222447023957919,8.402261545045835,0.0010572511843452888
2734,11.233368621954664,8.395276322814105,0.008539972563771285
2735,11.258662493038091,8.42273455261508,0.006707824228130773
2736,11.224305786657675,8.38236968853792,0.0008617014953379393
2737,11.207331029195165,8.394161662173428,0.000176196074041118
2738,11.190803094374465,8.372427029152773,0.0015375063700060426
2739,11.212730836597544,8.409219539051056,0.0012791321326528706
2740,11.215426994514077,8.397372265996804,0.011725559903498838
2741,11.243189261083923,8.427931705575473,0.0038832818972475217
2742,11.179458147483542,8.364374663015193,0.01528717212955531
2743,11.166073599048508,8.37720323012159,0.0005373079593086269
2744,11.193790916213116,8.413082696261387,0.005256011886638318
2745,11.184871033147381,8.429377590170095,0.004135117640340664
2746,11.164189433419997,8.426482766753667,0.009827883684545543
2747,11.162889209511404,8.427602934864044,0.0033165444636680313
2748,11.117834891397164,8.378959903228283,0.0014639097729176136
2749,11.144059524228664,8.420967248605356,0.0014706493763799334
2750,11.174361419141269,8.454415280616637,0.004833809841924163
2751,11.191529020841946,8.47514932831476,0.004390229106322458
2752,11.172084488701634,8.440322406001767,0.005738206809423875
2753,11.16925015033377,8.444663061322077,0.0030965679618092357
2754,11.204820127278643,8.483188866174748,0.009545707133431855
2755,11.191599438825351,8.45890737612047,0.0520220855165655
2756,11.175309710489781,8.449935069923463,0.0009642893401667459
2757,11.168150383096958,8.45553999585054,0.4398497719616147
2758,11.136406417512866,8.447696441869445,0.00018403669919001255
2759,11.168007729673281,8.480710639847299,0.004194081593188195
2760,11.140658655205407,8.442990851817509,0.004181769768429909
2761,11.183269184888577,8.499032000161804,0.005622255955462429
2762,11.155009552757805,8.456538725172242,0.003744158688551661
2763,11.193035760119503,8.513393851918531,0.0030112070984983073
2764,11.198507642393928,8.523742518241564,0.00448798447182769
2765,11.238992441529485,8.575608075892589,0.010197818478785033
2766,11.223994632613971,8.57982769764976,0.0006469937331116012
2767,11.257319130567303,8.61100144911639,0.011070628833583526
2768,11.260490871386095,8.607825605095547,0.0021337856232991727
2769,11.210894631916103,8.560258445642265,0.006711206821144336
2770,11.198223818758162,8.55982907192742,0.0005181113583803278
2771,11.204833156835859,8.597220695250194,0.0006737435335689891
2772,11.219228140594575,8.594311991892813,0.04403435561157514
2773,11.174599518751295,8.554084985525888,0.014244217640385201
2774,11.130282203643699,8.503719516133174,0.0009185552423233841
2775,11.133700191169723,8.492665328259504,0.007197005209529441
2776,11.120535371295379,8.515554930440432,0.00041301926129759265
2777,11.133467598358619,8.511816007414414,0.016438209712998773
2778,11.184700618829927,8.560685542895676,0.09082831804127577
2779,11.209614819138935,8.589813828815581,0.003981617640147119
2780,11.14582643834126,8.52240012001148,3.8890691436957714
2781,11.104737740209682,8.490911639317705,0.006609962552564931
2782,11.017582088124051,8.438440089525159,7.841399948523815e-05
2783,10.996997541530677,8.423356458630478,0.0004528889822761222
2784,10.965678004843944,8.379800912535622,0.0036269061380850664
2785,10.982910397428615,8.399390016150003,0.0025611485953829
2786,10.96607783586887,8.37133047700033,0.011871774651745229
2787,10.967686102616808,8.365991014716297,0.0026275086454905323
2788,10.942360217602916,8.349058206543141,0.007510870042843577
2789,10.879481995042372,8.283691259331215,0.026633442572345237
2790,10.876111458752519,8.293275120651616,0.014062164806605581
2791,10.877632318829638,8.309155763318518,0.0005912951030981617
2792,10.898675885616516,8.330992278236106,0.0070780489948427
2793,10.853680513142617,8.281821655647628,0.0009640653526001331
2794,10.917916219016265,8.347608163728793,0.028414840074879745
2795,10.867695481015227,8.291421316500474,0.0005896430626536587
2796,10.838195031010509,8.261433114306902,0.01345726669572482
2797,10.866856193862963,8.301941666325199,0.0018800973122202228
2798,10.907603614900639,8.347883205957675,0.006236141246383856
2799,10.851746637273754,8.301423624270774,0.00036189730853891747
2800,10.801223011145973,8.262377525422393,0.00021077833510178777
2801,10.775169500538617,8.253132061257466,0.00015723284963514838
2802,10.778341076907173,8.244087666333012,0.009878247731858676
2803,10.815583946548657,8.295296124525143,0.0028032043393622446
2804,10.775879640274322,8.256000333357472,0.0003225923051454998
2805,10.802700335235349,8.301079957761386,0.0018724748939055638
2806,10.792542135716097,8.28338203788717,0.002067877752493729
2807,10.719382345859145,8.252727553635951,0.00011792863407973776
2808,10.619548549735537,8.20115340737728,2.0821175065820167e-05
2809,10.611592811553171,8.1958459497606,0.0014190924729704135
2810,10.625488801159188,8.217509485614068,0.0005771333355616004
2811,10.606830184376888,8.186571328878548,0.0048887311901276995
2812,10.643462706791265,8.227029977374299,0.006827449791923337
2813,10.636016020315015,8.219510040028698,0.0016818284766477415
2814,10.652214230315213,8.254544381919368,0.0008287252137123984
2815,10.711962939392079,8.318497008506935,4.759460563718805
2816,10.706781350363132,8.320344614510132,0.0013519111610094414
2817,10.662326800304417,8.272207118386882,0.0008568866946633501
2818,10.63450574619791,8.230370702734636,0.004509095139753626
2819,10.645761054530013,8.245854731013647,0.001952493902702441
2820,10.695705236819144,8.29322031607941,0.07552510413762961
2821,10.732642340306358,8.346391144684807,0.008488042469909897
2822,10.744794280197517,8.384369029211516,0.0005297071143166265
2823,10.703646165701882,8.33130508145372,0.0021076264742031395
2824,10.741659350747412,8.38481782130092,0.004183178271126076
2825,10.784992532249353,8.441738820256905,0.0107543905502991
2826,10.749561260011603,8.404292964060268,0.0004985471133019337
2827,10.714576038774993,8.377774905436262,0.0005201070372811245
2828,10.77323448475193,8.445071606038681,0.012722294104418152
2829,10.739757922731803,8.403815144404508,0.001019333879995442
2830,10.777799523507761,8.447969306020605,0.06261092109282236
2831,10.802132523786842,8.47610868819031,0.02411853239354671
2832,10.780352801466202,8.466783423635977,0.016524917970729143
2833,10.72856667736511,8.410703979692283,0.0009020671512593306
2834,10.714527464235132,8.412050745354982,0.0005049503281123827
2835,10.716450155050607,8.423403616123016,0.0012735919724775444
2836,10.69023914100092,8.39076471978714,0.0034227748352496615
2837,10.648127250976078,8.354726738757735,0.0004474882228747448
2838,10.69373492049871,8.399920869473322,0.011918506953328559
2839,10.650622420790203,8.368867603983551,0.0002456998283976994
2840,10.586276936824797,8.305038054384228,0.008415523138602296
2841,10.538557207894389,8.259196978337025,0.07487933410952514
2842,10.473305188857346,8.189594151949407,0.022328526686289537
2843,10.457578320610528,8.171053236660011,0.0033968819726345623
2844,10.466554130210481,8.16424785282155,0.008726138479599901
2845,10.48511310227981,8.181946580982837,0.008373207848626697
2846,10.519944106332972,8.217599137595252,0.011677656906142544
2847,10.53775664672899,8.235733593120724,0.0052642886418127
2848,10.527546210001828,8.227526638344479,0.014348386578295194
2849,10.581343588879545,8.281795789872916,0.04477461354622828
2850,10.612726095191247,8.331288307079824,0.002332576182903562
2851,10.611409454423685,8.31163716087704,0.01547634514131119
2852,10.607090383614446,8.320814567013912,0.0005850501091026847
2853,10.566836341129612,8.300032384462561,0.0003969134601804088
2854,10.55545673427899,8.285462001673913,0.0019879075701899904
2855,10.524534410612036,8.239547557136316,0.0028856723470451445
2856,10.493565296699908,8.224229801564228,0.00048138456732285445
2857,10.454649698146955,8.197828859922147,0.014609726009366998
2858,10.485228236636305,8.229686397024068,0.007701115874057684
2859,10.493124141294553,8.234548135170622,0.003898820471187618
2860,10.541719771297522,8.291150232893601,0.006417902120227579
2861,10.587525206895913,8.340540065216798,0.005397319678621823
2862,10.603722155776513,8.358021846116724,0.05015630158633995
2863,10.64980539418581,8.403369574633361,0.011459763602084215
2864,10.604158564516545,8.356393295478082,0.010131899321758587
2865,10.576722967077249,8.321940939080715,0.0014890168595244342
2866,10.517764078308591,8.266249764107641,0.07366370963198886
2867,10.530883668044764,8.279894964136862,0.006711692142450067
2868,10.480810513767025,8.227881774670827,0.017954621791190485
2869,10.509654265881874,8.271843236187733,0.0011269396074961799
2870,10.406672657439831,8.207976864620036,8.487094028076797e-05
2871,10.407837756747083,8.212589354395265,0.005258580860150017
2872,10.443271855399253,8.248212235005406,0.013964053700128116
2873,10.396234791579458,8.2076626154496,0.0007339265109285154
2874,10.340937593052995,8.153235444679346,0.019183036081796764
2875,10.31171587193357,8.11262141058823,0.004663821119557561
2876,10.317549185493622,8.123668408822192,0.006638090464324321
2877,10.328726563128267,8.155934586894434,0.008666810968428591
2878,10.31290110637169,8.138216982376985,0.0004001725848244211
2879,10.35165230781337,8.190017373730814,0.04929928632828297
2880,10.334013964743948,8.162395078917587,0.006307266656680987
2881,10.326610714952276,8.136628142925614,0.016861675332446105
2882,10.363380733002494,8.185051805691964,0.005240494659464536
2883,10.31870711513643,8.149526642791795,0.00032164655363528045
2884,10.258747749599566,8.089472233999071,0.008570313743872576
2885,10.277775704785753,8.1053779441826,0.011836274650075739
2886,10.259867891728694,8.08611041978274,0.0010490578324072678
2887,10.26813300340137,8.101240102892325,0.007289613423287109
2888,10.276041463357997,8.112972646436024,0.008361901440264045
2889,10.269618919763046,8.099314350699471,0.0023417351278078352
2890,10.283529837032743,8.113418605819206,0.006579940826497415
2891,10.297583709476115,8.115539370831689,0.03681314366862622
2892,10.327921653327959,8.158996978325709,0.0026964475197903013
2893,10.340810423536107,8.167970923727255,0.006972799087802008
2894,10.38459111028572,8.219399935979599,0.021978075495801164
2895,10.402848139093736,8.235479170419577,0.005726443533002333
2896,10.408996180297951,8.239805363948028,0.0028006937790129
2897,10.380924253564414,8.21708490741855,0.006391017790415269
2898,10.395887879626988,8.223941804157903,0.012096707745789642
2899,10.352403936758392,8.183086003578449,0.00043930306113735694
2900,10.330668333453298,8.147928032935155,0.0025278673823881724
2901,10.234018075830555,8.08449547778282,0.00013067093585475862
2902,10.262751307881526,8.116152115489852,0.002546592603602604
2903,10.20142857556885,8.077814247822772,0.00015545515978663093
2904,10.223565977055195,8.098960528605739,0.007514239966060086
2905,10.169398190689424,8.040404491251197,0.03904600407558518
2906,10.171048345234617,8.040969996055471,0.0012451258137448598
2907,10.17017790235524,8.045265255815854,0.0026049446579765123
2908,10.138487401501692,8.020779035309253,0.00040432777498656056
2909,10.15127999829936,8.032951447130793,0.028497153130591833
2910,10.198297078000651,8.087009988665178,0.008108808144860695
2911,10.187958572180671,8.082127562579982,0.01130930056759523
2912,10.158937078942774,8.058384505725687,0.0003913493585013149
2913,10.152445496072128,8.051879331429442,0.002236691709610036
2914,10.11877733062024,8.044305790298841,0.00047261283120109956
2915,10.12002847429136,8.027773021382528,0.04672692669942234
2916,10.109901160518653,8.015023496720838,0.0005184585740001414
2917,10.101475822878447,7.997037469899292,0.001973139380579414
2918,10.095893832692445,8.003146264909239,0.01958747269804003
2919,10.076823979626433,8.007732123627662,0.005057908339806755
2920,10.073263881779784,8.003888434282116,0.003772367476346727
2921,10.08133209512304,8.01146847210429,0.1424534094178157
2922,10.088211609390887,8.016251024194862,0.0060284579157196296
2923,10.080031708701995,8.036076055799322,0.0003726550796562264
2924,10.12037984591885,8.081671456771668,0.007469060280626507
2925,10.146648123195847,8.107889164046137,0.008140280674221722
2926,10.11788933589428,8.08020113405566,0.00037931561477876015
2927,10.0797312220624,8.059828921748887,0.00031814810193253503
2928,10.07890282286644,8.06116898334883,0.005929444232867622
2929,10.021430000228184,8.004193014036918,0.01123936243950023
2930,10.042096719733093,8.030002986464082,0.0037750808257400103
2931,10.003890306580555,8.010884662393506,0.000420583113764898
2932,9.98045053930194,8.005290781840937,0.0006792814703528915
2933,9.99173126984035,8.007936550359128,0.014605594895051706
2934,9.972851851716607,7.974560657201464,0.004982058049197499
2935,9.967585334412185,7.95935679060285,0.007218711019947774
2936,9.978859264367236,7.9557472698429015,0.013530372665358606
2937,9.887113356480308,7.896716146967074,0.00013724485365846015
2938,9.842970808851828,7.8620222293385575,0.00017651242024673417
2939,9.890184397741864,7.914585331586193,0.014765741404554245
2940,9.870895494868805,7.915981199749548,0.0005379859792906333
2941,9.880560163339746,7.943047412673339,0.0005619746114512845
2942,9.883837549955357,7.935599506249697,0.0175514453852195
2943,9.878362806588116,7.913219362562055,0.03943037989177805
2944,9.864337567454166,7.903288284913842,0.0005659332324195819
2945,9.886555602747453,7.926949289489382,0.004671850907980111
2946,9.863187388200746,7.913574876928778,0.0005101004858061615
2947,9.834294645510633,7.891988996725036,0.0004780178330393778
2948,9.787628085186695,7.864772041267979,0.00015573336633291178
2949,9.773015152816843,7.833526333708462,0.34212960611336446
2950,9.793419266818525,7.870406586099247,0.0024315497181788496
2951,9.82554541889824,7.913229160959041,0.005261641947501418
2952,9.821622377475864,7.894831437778696,0.006376089598241623
2953,9.802791790922964,7.893451218242588,0.009392643685508194
2954,9.83065304591191,7.922578005669617,0.003957203518003979
2955,9.836046819242968,7.924406939584949,0.005781203831468029
2956,9.814789870751214,7.92135375461366,0.022673533680288162
2957,9.83785268670375,7.962150192707899,0.02257120736688172
2958,9.862263570080563,8.000419786638155,0.0021688360889802324
2959,9.867602042821373,8.005530946564743,0.004941267567950614
2960,9.852006465914727,8.017683962961497,0.0001657267091647882
2961,9.876886180167336,8.054588929353951,0.002725600144307875
2962,9.860759413884837,8.035224612197137,0.0035942910662062092
2963,9.846266085056017,8.04183965620564,0.00016757101493159962
2964,9.767952135363478,8.002823016183166,8.667111346783141e-05
2965,9.776521762355426,8.037025944949828,0.0006771074945680427
2966,9.758890562368114,8.001225446622641,0.01450424724659081
2967,9.739957365168872,7.995326709124764,0.0006219374373807265
2968,9.73211465034319,7.98154305699267,0.0016830406799943898
2969,9.699358857903931,7.96628565735283,0.00048092134833681787
2970,9.688465698193282,7.971295799322584,0.00032654568874858304
2971,9.681720831681833,7.96371402325179,0.0016231597851807038
2972,9.716688776790642,8.00044371950453,0.0051839964612394795
2973,9.693549558659655,7.9890235814963075,0.0005606750103631166
2974,9.732785457775,8.043837268049558,0.009342045749064833
2975,9.723565013314767,8.027334974502107,0.015233608877941729
2976,9.750190590935688,8.054589736228877,0.005843286414875207
2977,9.724306208438733,8.027996653613252,0.0012674010454758393
2978,9.703557608950321,8.006433351383517,0.015959026958056708
2979,9.704429415445416,7.989196707399907,0.9139837528547746
2980,9.722107916958123,8.008964350984009,0.004422431100908388
2981,9.694351636000679,7.983608347848015,0.00041163885085986204
2982,9.684134444236205,8.000429278293895,0.0002057064740328636
2983,9.600584869205253,7.9582094614616254,3.578114398851785e-05
2984,9.58953207916457,7.9507722684219955,0.0013636677353922875
2985,9.563688999522077,7.910957102538327,0.004766068706990428
2986,9.604856812834635,7.964987605541943,0.9949783846199317
2987,9.577558019489034,7.933528138637857,0.005060412231211896
2988,9.604442264110208,7.958387046396392,0.009558645398780484
2989,9.547149363994842,7.932213116196814,0.00017309718716436505
2990,9.521100356957666,7.896671658167489,0.10556574849982579
2991,9.520504402330547,7.883316163456305,0.025442523096096934
2992,9.527816726515747,7.869897692164309,0.11059497688869264
2993,9.519925401016414,7.882764380240956,0.0060978201075995485
2994,9.52840918525134,7.889545778500258,0.005689189154311688
2995,9.484121747999872,7.858201553817903,0.0002871988123375095
2996,9.463010134193162,7.826162946943432,0.007871482854379282
2997,9.41307977289981,7.810842085129911,0.0001649077580312351
2998,9.425850128147275,7.821311078914234,0.00556528684167076
2999,9.411288718794426,7.791039103845815,0.003500984326345484
3000,9.408608531225905,7.782910745761636,0.012224166140998893
3001,9.408590737431586,7.799946052471811,0.0163980290352673
3002,9.438059608454664,7.847502124308762,0.00343617509945036
3003,9.467749844497556,7.873741004238859,0.023557361924321688
3004,9.492502180006545,7.910555969982278,0.0016288934782374078
3005,9.520416125144637,7.940872144421927,0.009192247886432041
3006,9.5024104806977,7.924278262413014,0.025481006894770404
3007,9.505440722738069,7.955541332788559,0.000967089357624125
3008,9.496120813554258,7.962159418438593,0.0003629894134346966
3009,9.46812358738909,7.931850832702603,0.4291185398226784
3010,9.463093277292742,7.9525247226581435,0.00027484379626934645
3011,9.487424158853937,7.9822053787176115,0.006262716678563366
3012,9.54035675613591,8.04634060946084,0.01655271164322328
3013,9.524259476908178,8.038295502048966,0.0010590613319916551
3014,9.557805786917694,8.07135640812465,0.02998734184002018
3015,9.604912564030403,8.132992907767127,0.17939217169708974
3016,9.59897290876331,8.145839956685611,0.06051234001154819
3017,9.625432160050659,8.171798344078029,0.011118273464842857
3018,9.643305240041029,8.187658012414303,0.07829456644408478
3019,9.68177543906363,8.226781901071647,0.018552048213518847
3020,9.681210784591949,8.25924275900789,0.0005311566410949072
3021,9.625175000199931,8.189413312030668,0.009004846772151118
3022,9.61730785183529,8.205095065161094,0.009901956777903795
3023,9.60667308174194,8.200865384678547,0.008525116626264116
3024,9.610428852193472,8.205367217291304,0.00770557158265306
3025,9.650787336640743,8.246575121943543,0.026209682253161573
3026,9.637434179833386,8.261641888013786,0.00013684051235802707
3027,9.682012736677537,8.315292477523867,0.006905594253979813
3028,9.672987637435545,8.308177883520573,0.0010365976812159664
3029,9.6339558353559,8.254927899379346,0.0185727966380971
3030,9.586161500862506,8.194215657305811,0.020837093877280333
3031,9.529751209416906,8.154138551129211,3.703636462039964e-05
3032,9.482717516188186,8.091820859862281,0.012536099208487061
3033,9.522630275500953,8.136999114092246,0.012543812111771933
3034,9.53950409752506,8.15375225065467,0.02789828859339246
3035,9.515821818503227,8.111700475641712,0.005745396267830312
3036,9.501550243763019,8.07935420484527,0.7929954114901187
3037,9.493686500586984,8.098620065455973,0.00022065668386306547
3038,9.484125420978126,8.107953191713703,0.013753806935941845
3039,9.475211216863126,8.102949734077415,0.002656816344648387
3040,9.523210490268573,8.159780044925618,0.010289053499526498
3041,9.457039014287288,8.091942312874975,0.01306979538401375
3042,9.435288662169066,8.060988998506236,0.0028231423961985126
3043,9.36380060170213,7.987128610686621,0.008589933227093371
3044,9.299100931843794,7.921746007801052,0.005790490578824374
3045,9.239879132032504,7.8563797481171544,0.009369676177936234
3046,9.197225458253783,7.80020976829266,0.0024125905272529375
3047,9.237715389733912,7.856163195135934,0.007648417565035122
3048,9.242485084360379,7.892275278524727,0.0006607357672758268
3049,9.228033383316816,7.879856523787327,0.0006222271704201372
3050,9.175356719460673,7.835984407237251,0.005505165430925075
3051,9.16074852466647,7.815393594695372,0.0014047797050358588
3052,9.131855413052437,7.7830107658013485,0.0010926668742828624
3053,9.116017102814485,7.788186062719731,0.00017197636917060997
3054,9.118704303964115,7.798230477171529,0.004238564388711461
3055,9.086592797783965,7.764509713468245,0.00045723118114606196
3056,9.105067159168236,7.784091902192639,0.00743445035004149
3057,9.142795385865318,7.838236521934708,0.004944805997282534
3058,9.126247950216165,7.837286349672569,0.00046702846411033813
3059,9.094881142557371,7.798694028268602,0.001400633801950785
3060,9.120052010531792,7.825088212698178,0.00748410363139622
3061,9.09004064993407,7.779641508931959,0.0019113590153960539
3062,9.127677828691946,7.834785565814027,0.007644300022780529
3063,9.131185436385277,7.856918553013126,0.03873797395309083
3064,9.122172838655262,7.84745005139142,0.003048793537206162
3065,9.13343638275643,7.853666253889065,0.01159906491567007
3066,9.095260919738614,7.823823206824955,0.00033860007906040416
3067,9.072652059595331,7.78458038962721,0.0029131387519542593
3068,9.097025279584678,7.82467227535429,0.003248442719393552
3069,9.128497459500954,7.872182647895575,0.0037313001756641914
3070,9.099770002021486,7.848585334109654,0.0005839987060492854
3071,9.117554007945701,7.866632150584775,0.010335362951109671
3072,9.1321758981946,7.880107378576127,0.012966007797718003
3073,9.089707625892364,7.824479624985002,0.011132624440416254
3074,9.086988905401157,7.841774940852952,0.018369199437758294
3075,9.046561688289392,7.7980804605406755,0.001414632860103929
3076,9.023878440956654,7.770571040844719,0.005296033622923429
3077,9.016898635585566,7.765521039843867,0.0012771285576794783
3078,8.939633902965982,7.725028592100205,0.00012540785769293993
3079,8.905304142426736,7.688938307053369,0.000515243922137012
3080,8.875666340407681,7.651993151161749,0.0026716828277892975
3081,8.845530657733658,7.611875185377601,0.0019090654583270301
3082,8.872563698245733,7.64224959703301,0.013406126736308758
3083,8.820256368314224,7.5835347970370375,0.020347117973754904
3084,8.812239072071012,7.585011129352798,0.6062537848145457
3085,8.809310601665077,7.588407231636192,0.0002013264859842076
3086,8.79021139687754,7.583225953866105,0.006361844639889083
3087,8.79490463054343,7.602710037444847,0.0010523552202479165
3088,8.806583537294971,7.610944313234606,0.048734524483673554
3089,8.764848648496603,7.570752392344282,0.0002792879418805536
3090,8.756240771757428,7.5468010510767565,0.0039381949027325665
3091,8.79825203549601,7.593848381219821,0.011818716024391843
3092,8.748712586132546,7.536483743181428,0.015535328174130858
3093,8.741781885573763,7.524638500287759,0.0018822021795337016
3094,8.769103461887731,7.5540620916858705,0.005366070312810628
3095,8.721079851165259,7.5168267305801235,0.00017026266415152232
3096,8.729668928960283,7.544705818916192,0.013391368017159459
3097,8.74272090332189,7.5608773305110395,0.008196320998374501
3098,8.778475561717816,7.5980095115532045,0.010636727869233593
3099,8.716822181329555,7.573144851440673,0.00014820316827937155
3100,8.702582066895067,7.5432915179979,0.04868803925934215
3101,8.676279633047741,7.518129136955179,0.023912053445123954
3102,8.669400118933613,7.519283428661956,0.0016020654782608551
3103,8.632396347682821,7.473358574330247,0.0010863062999661025
3104,8.666537371918059,7.518881877116533,0.01398204488696154
3105,8.642203013191114,7.481127904841384,0.0023581684110443677
3106,8.66537410283093,7.516330985121039,0.003385086915525625
3107,8.648721949146688,7.509071006416819,8.873884002282127e-05
3108,8.675977943041014,7.5368096876143635,0.008722745012996686
3109,8.643864592443416,7.520545229791327,0.0003383337608558404
3110,8.663108102441127,7.544198914133882,0.004917850799026504
3111,8.650525233559767,7.557953754053964,0.000214066604485466
3112,8.6543328765932,7.578198226373328,0.0004567764150477358
3113,8.661198321529545,7.58875887140581,0.011179127979799803
3114,8.603552808593092,7.5284124046478045,0.007157648500757959
3115,8.575975501578856,7.502118294528181,0.001512382222242896
3116,8.550342748634424,7.490465068020871,0.004454010729698218
3117,8.51093726311902,7.438666199126763,0.1342960100350692
3118,8.533139933148863,7.46460349327257,0.0069984992218220625
3119,8.533014300243554,7.469056257175412,0.004077214171649568
3120,8.56685020487523,7.512427674527017,0.006602763762251057
3121,8.519722635673894,7.4684691811776815,0.015945090431571392
3122,8.526417248754576,7.497239720592503,0.00033364737819398927
3123,8.528672087739777,7.484294423010264,1.2365012066724939
3124,8.507012723892908,7.4656985904740045,0.000526132056355486
3125,8.53362051217383,7.495938169701528,0.007635920928352249
3126,8.541836816521895,7.504379059361151,0.007565802632560269
3127,8.50682718388374,7.468209993487306,0.008571582447438272
3128,8.512120024213264,7.478733482338912,0.004738056879713343
3129,8.505131129144955,7.484844142957823,0.00043996095370526985
3130,8.493758440458784,7.476344025291407,0.0017133617158023053
3131,8.494407187796055,7.4881573115553115,0.0163677552695361
3132,8.474018226134861,7.454537690105336,0.0073628690159675495
3133,8.497972742717792,7.478974492759244,0.009920404704233015
3134,8.488076138278446,7.460000127236172,0.0015820851599075531
3135,8.528573931362393,7.510528345941192,0.006240009271503786
3136,8.502462760410541,7.483122821661752,0.0006775981227483565
3137,8.48181001852348,7.467302812894385,0.0008133939927005764
3138,8.457944862739465,7.46423627946171,0.00016376847055256464
3139,8.4616938094179,7.477437072706785,0.006164640875760772
3140,8.421732319669532,7.437443499254311,0.00032152320494776746
3141,8.395420709404023,7.395142939794738,0.008959118047547681
3142,8.39961148175898,7.42066891005532,0.010158325135919083
3143,8.413137916604336,7.435257478907272,0.011165897894413666
3144,8.402686167866124,7.429151188889559,0.010811584390233728
3145,8.374503988259404,7.414363825076344,0.00048067925421699633
3146,8.3359044585677,7.383015020801038,0.010965933335570678
3147,8.326034701282124,7.369851987989047,0.0012855919855791194
3148,8.306327376481434,7.343765026700391,0.0013950352554669718
3149,8.326578134441869,7.3628065783256975,0.011396250063809295
3150,8.331115585418349,7.369717644663886,0.005223225432742742
3151,8.31750102699171,7.3762681628295255,0.0048446670652451135
3152,8.311686777896778,7.375550751024791,0.0018778141320059632
3153,8.232839719031967,7.3318510609806955,9.065445867643042e-05
3154,8.233064263265309,7.353648305290126,0.0007216701119963828
3155,8.190825556903473,7.305793977146985,0.7603529179712971
3156,8.161134473674332,7.273124368081588,0.000688884147557429
3157,8.159245266580795,7.280085313839268,0.007963306498181907
3158,8.128967828652168,7.234425930783227,0.11712527828849957
3159,8.094702258125166,7.203243545984614,0.00024321169804028024
3160,8.07869984535508,7.171854381256337,0.0064754873763237675
3161,8.070316504375795,7.16995620814071,0.0035650515584523617
3162,8.031129492174344,7.1353112819356195,0.00023609843445252405
3163,8.03378034382494,7.137485650289586,0.01666768547176316
3164,7.999883492801264,7.11014217818836,0.05482304500958226
3165,8.029489834405869,7.142318307269658,0.010731975238483238
3166,8.008289028435732,7.131917822530099,0.0005939700998149451
3167,8.041085305754885,7.174586840576243,0.0053047331635380475
3168,8.02731315405289,7.150510513795693,0.002906586340299885
3169,7.953716036210302,7.106917094533027,0.00013582502105748313
3170,7.979465075864868,7.145572245231182,0.007022603701998154
3171,7.978482908978565,7.144440258638048,0.00557733307829414
3172,7.969332656245717,7.136648168420685,0.0010882574694011124
3173,7.961237578552352,7.140937979863303,0.0004563899808669814
3174,7.957769861828951,7.150954482936535,0.07961775353810956
3175,7.950695804283552,7.157155715665605,0.009756021564613377
3176,7.965715622221628,7.1731550244963715,0.03912522006818531
3177,7.955874688541042,7.166811356508918,0.0016006983458952428
3178,7.988179249742032,7.200827120631549,0.01760500733275041
3179,7.9920682886092385,7.209464421097308,0.004037761909363812
3180,7.997135265051159,7.229408829144258,0.12206472381952993
3181,8.014769358565792,7.244528497395947,0.011490571863168209
3182,8.009442142189533,7.224918073796008,0.02212983341791651
3183,8.00135746211749,7.223498195073566,0.0019713159140093838
3184,8.02021452122099,7.245578218855984,0.011270816109027205
3185,8.045450783875822,7.2836259574845865,0.0059709985595729825
3186,7.996431655315688,7.231216445070282,0.01304700268584239
3187,8.01293991510498,7.243044656370745,0.07496036661722615
3188,8.01586103694299,7.2406218059395435,0.003295601406050122
3189,8.014772825708608,7.227538340215638,0.007385510287804639
3190,7.980915635810501,7.2128483662794975,0.00015439413964211035
3191,7.970846109384034,7.224151773559735,0.0038162615298647454
3192,8.01363241810792,7.274471798985983,1.17265506847108
3193,8.040035832842944,7.306980553737431,0.006916699485778561
3194,8.013863122711621,7.26651329883199,0.005262299901035663
3195,7.992829764814035,7.263212171911867,0.0006752581940266733
3196,7.97370219731965,7.236455913773741,0.0022949741735384622
3197,7.9798470254177225,7.241242945090533,0.006400323790835012
3198,7.956968991866171,7.223314361445567,0.00011625452247706471
3199,7.988539609338642,7.250501784917331,0.14562367254402622
3200,7.971191307119466,7.2438860735963715,0.000320228422747154
3201,7.935068818859599,7.200800879053876,0.0013550801865043678
3202,7.920833459206635,7.203538884965139,0.0009204813730818833
3203,7.912089542405501,7.213327309951025,0.00029172865564322433
3204,7.8936274386658125,7.196126935022834,0.05440268903121455
3205,7.880328977940426,7.176677428047753,0.003939938458539714
3206,7.8002445217095655,7.125007239047663,0.0001304745450072821
3207,7.798398448626709,7.119816368608559,0.012190005404471568
3208,7.785803721529198,7.118531328870293,0.00039744215258555765
3209,7.772264205275045,7.093930089114304,0.00711307338480433
3210,7.730167489659254,7.0710286453198155,0.00043080756941459003
3211,7.720505106260312,7.0862826018615666,0.0005054592915130564
3212,7.743835546200221,7.10479041649557,0.02615567142535239
3213,7.73250056193802,7.0960805368004305,0.02035304445877155
3214,7.723792167608215,7.091482336651827,0.01688931807614347
3215,7.721374145159782,7.087171037863067,0.001719873947503383
3216,7.698567354038162,7.082269663861669,0.00015189075264536252
3217,7.67113242037238,7.067524052972527,0.0005347144671067765
3218,7.634388192568166,7.024630218825056,0.05030487351661798
3219,7.635869501002219,7.01812591004111,0.004940406864630077
3220,7.650256946580133,7.030082309829158,0.03542916498188372
3221,7.631614264133201,7.032736724374915,0.00022285364141091772
3222,7.634382243550842,7.032373792137405,0.006582377016435971
3223,7.643651391877892,7.037611792965987,0.10165856552799102
3224,7.686035537332301,7.083843617119243,0.019497560354686565
3225,7.7171732521444785,7.130645509725311,0.013141326698697555
3226,7.737499095274955,7.156490553277788,0.010229793525110721
3227,7.737333358826373,7.15226323671558,0.006512940469916063
3228,7.74123181310156,7.142670842748409,0.006372720121680556
3229,7.745933891474181,7.142609912867499,0.00915748314303113
3230,7.738499374147091,7.138456385980852,0.023742475616347628
3231,7.7446740647239505,7.13946307365625,0.009208251918860752
3232,7.719486299700546,7.116985295956134,0.044244569978031896
3233,7.657816535244621,7.085258832777438,0.0001630968911432526
3234,7.5788328668972875,7.0375758668775985,9.271311028233679e-05
3235,7.520853066250917,7.0090012975148,0.0001562405703025317
3236,7.486176720910501,6.975444117136621,0.02829069366520298
3237,7.504173080511286,6.992531485870017,0.02462725726210643
3238,7.5200568463717365,7.007573519453229,0.017257300028602703
3239,7.494581942208734,6.981589270562995,0.0007345483858214444
3240,7.486516635284949,6.979201743001106,0.004421475159052234
3241,7.508720248458356,7.011597325457906,0.010947610072956044
3242,7.525865038004565,7.0342703219780205,0.005356265830366844
3243,7.474228526511031,7.003409364463686,0.00011461212604435724
3244,7.4562252405120235,7.008900535311655,0.00013681666178117015
3245,7.489541539244174,7.0444524689728745,0.02023082300555576
3246,7.444417003960703,6.995684276923778,0.010582600071897942
3247,7.4203022490045605,6.972612640861118,0.000371373296372384
3248,7.4392289230302735,6.991124566605232,0.08748094460115913
3249,7.421085260132545,6.995480043560262,0.0001332206145635388
3250,7.434320079489056,7.01647849979498,0.03727695550894265
3251,7.385450240301416,6.977862510522512,0.00012107519987931326
3252,7.381660162050283,6.963422041916767,0.009744959802204432
3253,7.364682063656531,6.947741802351014,0.02368192896437209
3254,7.345061901374406,6.927106813021639,0.0006365729914968912
3255,7.298714840806155,6.874645100666749,0.020791326321698674
3256,7.316408197918186,6.890078778548875,0.06563456406489566
3257,7.277816293755465,6.864076094071751,2.5125964096011125e-05
3258,7.303056814960727,6.901969009646689,0.004319584410609192
3259,7.286898214633823,6.886901714201243,0.006883528760403072
3260,7.2827869502070675,6.897915232211027,0.02417629146321361
3261,7.250254829048955,6.870646972470152,0.00022845490380605553
3262,7.210017373902529,6.823162638079004,0.038560969422864105
3263,7.221882110901212,6.840025289543873,0.019581204009955853
3264,7.211345665143292,6.836218373734321,0.0012233511440650974
3265,7.227651517697285,6.859584863522656,0.025191498694949417
3266,7.252763164210458,6.889339479798835,0.03962377503720486
3267,7.256259018304914,6.906932130855811,0.0005820216693368411
3268,7.267792374131277,6.915591057281768,0.008657525692037496
3269,7.297492200534468,6.948160839969394,0.013730395126915205
3270,7.280715345044731,6.914216121267073,0.01736511482642595
3271,7.273205352066593,6.918181546012227,0.008624692486748103
3272,7.253501657549785,6.898468156290867,0.00043200728447437313
3273,7.2465146694020435,6.910388714815386,0.019596116574148056
3274,7.216785296001931,6.878346044253974,0.011951418825954295
3275,7.232250734242328,6.903758068324532,0.08337061982191217
3276,7.185749811919094,6.88446124532804,0.00018765932100232524
3277,7.205389393826883,6.904540801368693,0.009603050543551551
3278,7.2008858857633395,6.889700116459786,0.003640432853706327
3279,7.155873653731942,6.872361429529019,0.00019129269957535397
3280,7.174712469748164,6.894807382287426,0.03204021312683961
3281,7.168862911758863,6.897634139101333,0.0006042298766258161
3282,7.148675606932256,6.861424524543253,0.006230204063850867
3283,7.110802937196101,6.820419357362286,0.004825823829580421
3284,7.096035606298926,6.809270580489366,0.0010799552598469663
3285,7.056736912092447,6.768102183290974,0.0005020385910605006
3286,7.085194073883275,6.803716436151677,0.014711015870518495
3287,7.07015251680147,6.783568253871484,0.003227722809549054
3288,7.046484248415555,6.753887943636286,0.05478619468379351
3289,7.063519095920515,6.787423085606428,0.013595518885092816
3290,7.081028431709616,6.815459393338802,0.00798231272211528
3291,7.093215949930986,6.849804786867773,0.0030071179852800556
3292,7.039426834295469,6.819226274933631,4.580876921984011e-05
3293,7.004414278872305,6.780946279254876,0.03174283489695002
3294,6.977760388489416,6.756398287350628,0.00034452660250301384
3295,6.949671525817191,6.729132556210413,0.029061938147368224
3296,6.95852289278002,6.758696882018585,0.006482417953586529
3297,6.960842418224697,6.763864595781166,0.002894998035889434
3298,6.946794133875741,6.748738711372694,0.000331567967530617
3299,6.908391244330841,6.699523669676336,0.28832440497095335
3300,6.914329769228731,6.702398666377794,0.013028277542584413
3301,6.925903363600142,6.726846675662948,0.015195567338179566
3302,6.894368676377146,6.704434305167638,0.0005209731926421237
3303,6.904989025629265,6.7412417881557225,0.0009925916790665624
3304,6.8856853470697175,6.727130044217071,0.02822236961905888
3305,6.900936114407284,6.739590483933011,0.026443779806021077
3306,6.896080711561189,6.721760690161675,0.016203178908241515
3307,6.932062703311503,6.765551605917516,0.06555534518754422
3308,6.9582849039582655,6.81342356388086,0.00621370667261195
3309,6.999506959992584,6.862884584960174,0.02851010891112452
3310,6.983684900006588,6.852457602120202,0.00043859814105481817
3311,6.962906019122299,6.817526459156952,0.0027901934446622322
3312,6.963512885327204,6.829182656688935,0.016053605641750603
3313,6.963169768133367,6.831028726883,0.005263466567535241
3314,6.990539259494438,6.860916700528232,0.045851799734139935
3315,6.994708882181,6.885012078755393,0.05488873534917819
3316,7.012519371617583,6.901709159555357,0.022739050350757503
3317,6.969438543430595,6.864799397815685,0.0002213485852916392
3318,6.949223987361107,6.855543092905719,0.004397262504783339
3319,6.948218356433299,6.854204876092284,2.757204104131144e-06
3320,6.94177454292611,6.831827551698274,0.009291700793581987
3321,6.919296369304416,6.807772152830715,0.0004733592785074747
3322,6.924931288501983,6.820554704571255,0.011987723561619317
3323,6.892419115209088,6.78959977270397,0.015877022109751487
3324,6.931585788365945,6.839177435184855,0.05295615019199672
3325,6.964160817919937,6.876037877795449,0.014285325495868488
3326,6.949640261450047,6.861249063589809,0.007588263214161139
3327,6.921657989329798,6.839112487603634,0.010555043834429184
3328,6.921216930453601,6.834878371933516,0.010320730493165816
3329,6.8764313045367444,6.791514780615757,0.008053755044463443
3330,6.898755837832422,6.833985561182821,0.030881721143122952
3331,6.873499821303688,6.789440329675482,0.0024030670260700767
3332,6.8563951529147955,6.753677908819006,0.007840487515800049
3333,6.827974188548615,6.734922522923341,0.00032733132914979297
3334,6.8237143404387215,6.717697314469997,0.013146857185048537
3335,6.805234373551885,6.680113622509647,0.004926261011164251
3336,6.820990101158917,6.695006854716104,0.012202200626035721
3337,6.788056298603527,6.651517357299277,0.0027968344402084767
3338,6.776858187831519,6.628409421936437,0.0013581851032676644
3339,6.78078099705383,6.618630114801595,0.01899228819711274
3340,6.763849527115768,6.588575564483442,0.004043495893917693
3341,6.781147299990953,6.607728506593322,0.007576022321437427
3342,6.7964396079342455,6.630294091343058,0.011944983249029274
3343,6.775639422910427,6.623996332383763,0.0009441070594914867
3344,6.779545356023057,6.624580101995709,0.04494157865963541
3345,6.780361019823714,6.622433590510368,0.0026254421564451597
3346,6.782279073894833,6.626836187411385,0.005663026067206522
3347,6.754978105065479,6.594982994233496,0.09055851014446253
3348,6.777416650401576,6.634605450374206,0.010426610590287329
3349,6.802604254321,6.677165243419218,0.018651572457930744
3350,6.8289769310922095,6.720919993238603,0.008592470109843278
3351,6.849296922413333,6.743760867236685,0.015808653375793475
3352,6.870971589977264,6.771681700182332,0.005005813692004657
3353,6.86603509555072,6.778711083057732,0.07943445094949832
3354,6.829366996915661,6.744189813156665,0.012209705708420669
3355,6.809116132820464,6.735991849366898,0.0003862365102500925
3356,6.8127641810035255,6.7392584757483025,0.009403369749335056
3357,6.803517215607442,6.734361713434523,0.05283359924790393
3358,6.8437012451766,6.790742426279587,0.008140244233823027
3359,6.89002188051209,6.845295333228586,0.03932201170900946
3360,6.919023209599491,6.883834486295053,0.011450048749557084
3361,6.8913329969426895,6.856112793212183,0.01745453326211939
3362,6.860852210538219,6.807446135214785,0.01349762214479543
3363,6.867503951897346,6.832759342831898,0.048354314454748734
3364,6.858290768606042,6.8063135373539,0.00662027445454505
3365,6.803253247789448,6.7776627641522476,0.0001801670006770185
3366,6.85431045952403,6.840776094925683,0.05245482325016211
3367,6.819718312293154,6.785954427891542,0.012430138823764732
3368,6.826244572723844,6.783807888208768,0.07541470436225252
3369,6.801253146084997,6.766247816754492,0.014380347650477505
3370,6.788414402094224,6.742474025273974,0.004854240405247291
3371,6.8105840968120885,6.7814543909236065,0.005011592438662116
3372,6.828087183287954,6.799866682595794,0.03973022501209208
3373,6.7403392205844,6.730553393183731,9.980515680603046e-05
3374,6.75342404560536,6.764920878296801,0.041110719647495665
3375,6.762833342301137,6.780631905044192,0.002772366224902051
3376,6.7518496731391595,6.7908692802670405,0.000357595167574831
3377,6.725630135130689,6.74803861404515,0.00796261703288876
3378,6.697572435762611,6.708573184421927,0.03291127892384113
3379,6.715650257114407,6.7335035200339215,0.0027412428193967185
3380,6.699436924262055,6.708852342665733,0.012997751305378238
3381,6.676455327165575,6.6953718122659955,0.013037157543499487
3382,6.697051598536957,6.715757844152444,0.02312372665210524
3383,6.664722337726265,6.682252217836458,0.0003427517637316859
3384,6.632487366192272,6.632435244416485,0.0019162133112924896
3385,6.60415978343426,6.603475845752699,0.012780540022938764
3386,6.549609570166778,6.55415249846411,0.00043162561890228694
3387,6.536741792340678,6.5515826819805225,0.008211363828801232
3388,6.536161735257387,6.547273501426427,0.0010862808734712474
3389,6.541497280016234,6.553409583155275,0.009909583016824378
3390,6.531193820793008,6.537723134168191,0.0019139553562018364
3391,6.532067495277597,6.5637617579758825,0.0009007500830593472
3392,6.514575951156978,6.52684204693189,0.031219118985043356
3393,6.4940810133249105,6.496181404213023,0.002193221965841051
3394,6.51528647630608,6.538251948618864,0.008415339382846965
3395,6.502364193623462,6.526029301101928,0.0016084170694811244
3396,6.509905765199694,6.539234565752544,0.007357788808843584
3397,6.507880307083393,6.558680245046726,0.0009901572449477183
3398,6.51617843652115,6.564827222730471,0.009425750584056699
3399,6.522593887791975,6.5658549865947045,0.0022685785862018477
3400,6.535500913816971,6.580519299354946,0.01786964713095337
3401,6.5635012308500125,6.627645206234861,0.14352718748491902
3402,6.593916086141033,6.664966147414813,0.014226639111305416
3403,6.606753262553125,6.6786743995906654,0.019533091254375832
3404,6.5898209622835475,6.640183660732443,0.011194936835841754
3405,6.559872294431005,6.625710638592285,0.00015499455511149858
3406,6.602714009899799,6.67628746617341,0.11055455298043967
3407,6.577734597409118,6.662157753024709,0.009530727211208663
3408,6.557251718742885,6.657304493891455,0.00040031946935778257
3409,6.5345398810731,6.642667058578699,0.017875654679372473
3410,6.518060148468629,6.618571101705989,0.010082303712671528
3411,6.476169385138518,6.565797700313934,0.2105321092785651
3412,6.490118291229523,6.591088750549258,0.004648205539829043
3413,6.478161660721053,6.562284454930837,0.00938346551374921
3414,6.456675977294899,6.540713927323179,0.0004607966233158628
3415,6.42065684115329,6.502957385839271,0.010615682013917908
3416,6.424067086992654,6.4984708848450135,0.06519904657636333
3417,6.402179014182464,6.484519921053156,0.0001547711144292596
3418,6.387825629522558,6.479403083523102,0.0006175781864862288
3419,6.385781816327521,6.461968654929162,0.01993198277667066
3420,6.396860903941145,6.477047256131161,0.033211619825775036
3421,6.405934163310576,6.479756523462768,0.007013126904604836
3422,6.396015097225853,6.477710057755208,0.10438022745010042
3423,6.37690874565202,6.445999352845656,0.012042691444565155
3424,6.320604005420859,6.41244798124536,0.00018064657052859173
3425,6.340105665519573,6.441768439646434,0.00793901327180674
3426,6.323189203254236,6.428092268840402,0.0005639412182731684
3427,6.30677767086743,6.3927032305357026,0.018039688147364806
3428,6.321921361075131,6.407920858372868,0.00795238557805034
3429,6.295082609290013,6.384617617236189,0.010435931335863638
3430,6.282692840472762,6.369284161954118,0.002043895119108466
3431,6.31169714308502,6.40877425318969,0.016745342249560154
3432,6.299337598899103,6.387095928359516,0.026260891033245835
3433,6.271884975145412,6.366154568280123,0.013575446032369537
3434,6.268206457414357,6.3683019275755335,0.020985441827021285
3435,6.257201710668068,6.353625561551693,0.10032048374393605
3436,6.269217605001656,6.354061865401301,0.028946967484543177
3437,6.2720963416741835,6.374923061184397,0.010587013214654635
3438,6.1827911075050865,6.310591243026578,2.216543764522376e-05
3439,6.183133623730276,6.327892027079119,0.08160800661685114
3440,6.172525291860716,6.320127411251623,0.0005281744189778491
3441,6.181832715736349,6.3454131425118385,0.0317055090827784
3442,6.191437033862172,6.362776681002453,0.02458524828186671
3443,6.2005795638805346,6.391324125586415,0.00106518483690814
3444,6.198917442332789,6.397128119819298,0.08199937457513819
3445,6.1741667565867155,6.355018736880451,0.017052643092932564
3446,6.164745892670555,6.346635802288315,0.0006231056145938615
3447,6.155487380824877,6.326613937133331,0.0029429600029133402
3448,6.139392791608594,6.312108817300389,0.05638577454995613
3449,6.121503520100497,6.311630670422589,0.0003865284756523222
3450,6.146915772980652,6.337718448951114,0.015069883466774807
3451,6.079368545202656,6.283829200152882,0.00019325877671971017
3452,6.071957422519784,6.292540975025988,0.036351090035311014
3453,6.049303536428765,6.27281438375077,0.03759615195851911
3454,6.043480603637949,6.251561140789495,0.06613717504782793
3455,6.022899916197362,6.244471640308015,0.0005029519094009266
3456,6.009466949094186,6.222349663176,0.01905553123250464
3457,5.9944377030485905,6.205458595433725,0.0017297690545617366
3458,6.017239710313658,6.242859078956743,0.03660046177597644
3459,6.045744364392399,6.269708752012403,0.08430922015366059
3460,6.068563550400068,6.313696827085059,0.007077024723781792
3461,6.004632135962213,6.268974407791593,0.00016447757346986936
3462,6.01524504507578,6.267569825291855,0.020412339314868532
3463,6.007733125373886,6.248934224024459,0.007096188490248635
3464,6.016595297544861,6.258570742126394,0.011543436878790152
3465,6.037522940016073,6.285775580206853,0.0068692909275593385
3466,6.061450071469216,6.312609263914905,0.023335620722476864
3467,6.054878961569146,6.297926080633577,0.07058207276448032
3468,6.071885836738155,6.319201188636602,0.023298168986832818
3469,6.04583794985068,6.27420552413292,0.015161025482492782
3470,6.0549039094901485,6.300380905820156,0.4329396388288907
3471,6.056345878155204,6.32725695915202,0.000858531988689953
3472,6.063793646062666,6.330957306325693,0.010511449817292146
3473,6.05503144463309,6.304579601267103,0.009335039672880107
3474,6.0503651485482735,6.316663451970025,0.015098262818692835
3475,6.091546628028178,6.367708199832182,0.08648578894611984
3476,6.114506436741999,6.402969145465556,0.007158654559060964
3477,6.097926849054357,6.3701646304517405,0.002908772519462102
3478,6.0526406892454,6.3137790885985705,0.008631764954293618
3479,6.03200019288852,6.289209275857974,0.014176236218569178
3480,6.06974479985467,6.340658590837489,0.022866035016670137
3481,6.04331824212597,6.306453748576591,0.0006493078578427815
3482,6.028705871028657,6.30306879993095,0.05367997993166297
3483,6.058892738993636,6.335167429086138,0.05306615935273073
3484,6.056130904002588,6.345295241695492,0.001212042393205702
3485,6.047006843408382,6.328519484328118,0.0030697004460597753
3486,6.037015697490209,6.330599483012428,0.013631995232775652
3487,6.01113378895629,6.2851543393256035,0.06137772707044211
3488,6.018314167031071,6.306949364114148,0.06767969030653581
3489,6.012030540607384,6.314569472598232,0.024575558877934757
3490,6.000894010623791,6.295988172376255,0.0005080418565816596
3491,6.011929879380379,6.30395929786955,0.18845276646054523
3492,6.015262329586022,6.3325608010574825,0.0010054653381503336
3493,6.01693814019563,6.341175252310926,0.00329001403201227
3494,5.988518424292207,6.298203299820832,0.01038815344413843
3495,5.969941592077958,6.289612265437213,0.009229508530967278
3496,5.978387188624019,6.291874571784485,0.09702823184694724
3497,6.003302746944804,6.321633705213654,0.09674472060264071
3498,5.985972415514082,6.30153503900046,0.19243129712423965
3499,5.975564536550224,6.273031960898946,0.01822296318091552
3500,5.982473780134071,6.271915872046706,0.006872612346318264
3501,5.966275790342826,6.239590413456864,0.0067482112459277144
3502,5.971761619899274,6.24170927111332,0.016153276594143222
3503,5.955138070738136,6.234097350347685,0.014385876483839741
3504,5.968353487307104,6.237385692912884,0.022524146563351506
3505,5.926370069206365,6.216739484743866,0.00021337653562248667
3506,5.926480280248904,6.239226258866556,0.0010376238557055423
3507,5.932260226626914,6.250981687288927,0.005355330351165342
3508,5.905848063589451,6.22594041379651,0.015937785927132474
3509,5.884677238974963,6.19254745227199,0.027516374076197125
3510,5.900242603426236,6.224382384019763,0.0015709617049805198
3511,5.880384227703792,6.204940796228789,0.020212240547008632
3512,5.854399143915135,6.181468500362482,0.0008594362994758899
3513,5.864024589520673,6.180553278066066,0.08353968207732305
3514,5.84716184088269,6.1767095757310235,0.00042683010477749035
3515,5.843068748428196,6.15695018355554,0.015888364908090983
3516,5.828453030837323,6.134390434703877,0.0026766025602644955
3517,5.803740256977567,6.110594213441437,0.0005179478418457895
3518,5.778442234506885,6.082908341649691,0.0621930593911137
3519,5.759275869112522,6.070238810246242,0.009389609662271006
3520,5.768275675950283,6.079644810671615,0.006314272584592801
3521,5.782934853099176,6.096472728475128,0.012457846919530434
3522,5.777447705845023,6.091754388021651,0.0011108145508430289
3523,5.744780371034611,6.076221218156306,3.967973309761609e-05
3524,5.75535750725478,6.096817490884489,0.017934376358483124
3525,5.741921527869057,6.073874769443387,0.0051912970172891945
3526,5.730934266056574,6.065578996121815,0.000717472509996142
3527,5.733894655765021,6.061078222865665,0.008911836542911954
3528,5.733971143238389,6.052589794058362,0.007338975857274172
3529,5.7347043667370246,6.065846367506132,0.0005588802168270358
3530,5.727796990314784,6.070623004735643,0.00875065998296593
3531,5.749363236480652,6.094690463777153,0.018554653771666884
3532,5.749769011451432,6.09043217628122,0.014088506727186575
3533,5.760006529715497,6.1038754663120764,0.0014924943730643635
3534,5.7609156723607065,6.123787202640417,0.008255281769924771
3535,5.76083476378387,6.123807170824581,0.007850487296601767
3536,5.743136916823563,6.105118247599342,0.02090006338676977
3537,5.731838337165392,6.107057881187146,0.009824401134807311
3538,5.720272041908987,6.078018270602759,0.040445612790036126
3539,5.727034175834225,6.098144176720482,0.034482963259486084
3540,5.717570555766283,6.07181997213285,0.019429062706087952
3541,5.7309923951546065,6.098544183610068,0.016244093608882217
3542,5.716087829862572,6.085475508630512,0.0007324795640125069
3543,5.718472545112325,6.085134768816944,0.019868342274628432
3544,5.716348783840906,6.103384551221532,0.000419648862719566
3545,5.750623280246908,6.151443862653052,0.03317615841840516
3546,5.728141080580999,6.1416950519666,0.0006129449634984428
3547,5.749869929617293,6.180822220174136,0.012669756286599665
3548,5.751691942856059,6.171150606703038,0.03883915990985437
3549,5.783579719122928,6.220962173574508,0.00504593073352844
3550,5.790349778116559,6.242284380669101,0.0006277762734292608
3551,5.797820582055256,6.249001065857056,0.032235357320725286
3552,5.791375215022055,6.231863934522439,0.00985423293291044
3553,5.758134002440375,6.184291497124637,0.020137934205301706
3554,5.7570729979963,6.189307642685531,0.047118099360423396
3555,5.734491220733644,6.146887451563276,0.08002710990857166
3556,5.727942942353732,6.1263415768524405,0.012492292136866166
3557,5.708088310589704,6.094104501119092,0.06487777467859045
3558,5.695403347364192,6.104127914778889,0.0007807932587723886
3559,5.687870463070998,6.078288413746469,0.07172019403670157
3560,5.690150212809376,6.094269744137276,0.0057715671829528135
3561,5.681472248221684,6.097488124736719,0.0006104745854138803
3562,5.689371088259508,6.106673968648829,0.009653711073662906
3563,5.687977035541051,6.118844692584967,0.05002837612873379
3564,5.671845694826341,6.0914021441424815,0.0073505975727968425
3565,5.658669424286982,6.093968310245191,0.011837648810642759
3566,5.653229314599785,6.083452189653519,0.00873741544360342
3567,5.667125117875469,6.103093416106604,0.022106593955840925
3568,5.641364689609861,6.0711283857796,0.0006702161863963351
3569,5.64187415382857,6.085219035741552,0.017678074742000192
3570,5.622136248986513,6.05711672955538,0.002982218599365556
3571,5.633261544801348,6.05671399453401,0.039309228603536
3572,5.658817022738849,6.089952847462281,0.009051842463037457
3573,5.642460657334004,6.072418248039877,0.24938311255610413
3574,5.6301135592383975,6.045464360719449,0.0155193230238931
3575,5.639683105840731,6.0648888541432076,0.015054267279554036
3576,5.650856996000949,6.0662623743312025,0.023416258667018387
3577,5.637214489380716,6.058654250902784,0.025284991116631975
3578,5.607570235026544,6.0243825355197735,0.5416632745918002
3579,5.586744177927498,5.999999785827583,0.14624926526314005
3580,5.594959686464352,6.000019361293009,0.03680612234970949
3581,5.579705903586275,5.991217769995306,0.021047319838798255
3582,5.603026645159813,6.025227893499171,0.006033253842045008
3583,5.597897990864407,6.024089060600859,0.0352728217013857
3584,5.5965031378186705,6.015188053511039,0.03401265588435763
3585,5.6022019093779125,6.021413509715592,0.009887851751674993
3586,5.54034131155211,5.9725160522438605,0.0001012947814788355
3587,5.511726025510741,5.95687933999084,0.0002411972904354316
3588,5.504429138854396,5.959992087441787,0.0020943663643203238
3589,5.485172491395547,5.946332186028461,0.014463432994956846
3590,5.484789046907204,5.954936743604281,0.0173482112827112
3591,5.479385945865966,5.968273025827599,0.0006978500860033564
3592,5.479292915627905,5.976820327571443,0.0018505777979215057
3593,5.481848969761613,5.987201050633436,0.04007076051279312
3594,5.509636832403033,6.021199891427163,0.1413809059564764
3595,5.526628903040403,6.036792920303831,0.014678881335742796
3596,5.509325720424026,6.009433758717244,0.0039148565918200534
3597,5.50385601787578,5.997678560544732,0.007216296239494594
3598,5.484403609153809,5.984771400949285,0.03673021413886173
3599,5.465335901441514,5.979389208211903,0.016255610373213894
3600,5.447333580815139,5.948250417701485,0.00545861459790902
3601,5.450522399150191,5.944397591606258,0.008697054796737382
3602,5.469503960936343,5.966256328942492,0.008607358082407908
3603,5.478862608052896,5.972812830611844,0.01084246364140315
3604,5.487854600027447,5.978760778120737,0.00420536132051425
3605,5.48576536534372,5.967146451188659,0.020636602649441067
3606,5.495328755389528,5.975905935177258,0.09779675201877341
3607,5.51175987467971,5.989121562137241,0.5348984268992685
3608,5.529400030213739,6.006363885606179,0.029328225631285388
3609,5.548365058196378,6.043574984333441,0.012505483680949246
3610,5.531033587210437,6.037475994291444,0.0013478657100204662
3611,5.5497973314455935,6.058092491146574,0.03282844827968444
3612,5.5362642106537,6.042480414242921,0.06072257630841115
3613,5.541764856268223,6.052082124438488,0.0393002022624904
3614,5.531724371089794,6.042079228924122,0.03535154047577044
3615,5.514368215861665,6.006229160482488,0.01940654480605206
3616,5.489819810599938,5.986605291175611,0.011374780401442117
3617,5.4937059411419895,5.993880484813119,0.007891902729756409
3618,5.475580702546564,5.992370749805749,0.00020995023434831087
3619,5.458895753213293,5.975104341165054,0.0006078549579394279
3620,5.449035265647578,5.959141034980326,0.015196967441220845
3621,5.432018359876881,5.952515487471983,0.0005647000294792897
3622,5.417410031806861,5.923881134531771,0.017532445736205535
3623,5.430197152014519,5.9522537402678095,0.014471674245839472
3624,5.370679207371673,5.910592400184645,0.00018543807744539115
3625,5.381362762696338,5.931446825856249,0.008279397442239878
3626,5.389510589696604,5.926256308553289,0.15705224719944003
3627,5.404679476121931,5.955021105049967,0.015238921217647652
3628,5.40889041928111,5.9676793017135665,0.006295042692075292
3629,5.41346975146517,5.987549496876282,0.9052192174311182
3630,5.393362606235356,5.968300304289636,0.0007070778268114728
3631,5.385570390492184,5.945960781189564,0.01081822477840643
3632,5.377292307325131,5.920176915971099,0.013310150695630513
3633,5.378782968976561,5.937920760078145,0.02086686136803545
3634,5.366837233603456,5.925114400532476,0.0010857717407691443
3635,5.363120992178664,5.904023062618703,1.4773835706225702
3636,5.299886517146898,5.852212873933238,0.00018322183146486732
3637,5.302854606478428,5.850220808130537,0.9348727108748114
3638,5.29614923441221,5.854908974984296,0.011082477369750625
3639,5.271110107231778,5.828342964516584,0.04736994758096289
3640,5.264671270556503,5.836287066592207,0.000972596101782445
3641,5.256779497074025,5.827981719655306,0.16438716850812
3642,5.2630671163369165,5.846306242053501,0.006181287954676
3643,5.2596873976168945,5.86193038837217,0.001300490419559854
3644,5.267631200140351,5.8797158633761715,0.09388195055617843
3645,5.2724861115366695,5.884182125168009,0.007650452065449343
3646,5.269829053999892,5.892586007138797,0.007034790451660171
3647,5.260873941466695,5.890744330439496,7.958814904474285e-05
3648,5.245926480365382,5.88253092315246,0.00014938971968423952
3649,5.267080110449651,5.921751518600375,0.008106634394469505
3650,5.254833901729733,5.894670959620879,0.007147277836766375
3651,5.255873071684437,5.911773556426101,0.01459133411643679
3652,5.265543283317661,5.925814561749861,0.012918582421852525
3653,5.264069906254168,5.9213533601005475,0.00961192432440242
3654,5.297208877692244,5.965038507624642,0.036004205640717685
3655,5.292511434582533,5.943194646120925,0.03174789403686989
3656,5.268911687536153,5.915884300104396,0.000587871293752131
3657,5.261462530210462,5.893443141345039,1.3917906215472076
3658,5.230135669504608,5.848164860742216,0.1901866439743469
3659,5.251336298631155,5.872454172673694,0.008712606950057752
3660,5.24267336860104,5.8612970743401425,0.03568516863603936
3661,5.263415077618418,5.90241081344369,0.012375928751292906
3662,5.30275267213954,5.953776478203406,0.07034993187095587
3663,5.325954005520821,5.98807133284647,0.09590545225597978
3664,5.316982897034808,6.000707650145951,0.0002888097555488301
3665,5.326841082462191,6.0250384137214885,0.0014470072050980077
3666,5.301710948867292,6.000312942888548,0.012786153561915318
3667,5.281853359813594,5.973965364601295,0.014919602150624054
3668,5.2932831332015455,5.988209808372232,0.025220939337237232
3669,5.2983183424213305,6.000991052158477,0.024628472909967183
3670,5.211450011946976,5.932819861816686,2.3111882406803313e-05
3671,5.179671284261453,5.896047428116343,0.0006961389208087668
3672,5.2142629097977125,5.943486940505905,0.043116131588074535
3673,5.184760385784334,5.907446074173064,0.000749991966094942
3674,5.159343124758474,5.861709001304888,0.005701101836969546
3675,5.187524994474362,5.906363876910772,0.08235067619732936
3676,5.202797347140703,5.917561776174727,0.013974789607141705
3677,5.210629690373573,5.921733124096052,0.013514687327667457
3678,5.198806079526336,5.929113791031375,0.00019433590343545247
3679,5.2198703121977195,5.969239370121343,0.037904969787772205
3680,5.2106483635070875,5.9419384511430655,0.04616944284481908
3681,5.216563115501837,5.941535562654636,0.02930909056681969
3682,5.195139357066415,5.925861246322856,0.0006117796783603856
3683,5.184222202673425,5.927034829368873,0.04716179811740467
3684,5.196759951463171,5.94378726643943,0.016007911223996977
3685,5.199585061082706,5.9652678150559435,0.007510094566413838
3686,5.184880687375641,5.955238670121431,0.0006916077041836539
3687,5.177400415479123,5.96702794530494,0.0004398188624819001
3688,5.152957318660586,5.959109378331774,0.00011241351887635366
3689,5.159703999451953,5.979947179425509,0.0005815519396918033
3690,5.16256866678579,5.977145562032012,0.007106850125460039
3691,5.172314879465136,6.0124103180185395,0.001495324871085295
3692,5.147003405540965,5.973068366157397,0.014807718513854968
3693,5.0602073657287026,5.903372749312586,2.5243772469280123e-05
3694,5.064510333106765,5.906355942541395,0.07357335406046221
3695,5.0490660321337,5.867962592021399,0.017885363418805648
3696,5.033661481891253,5.857006088132119,0.000635397050280026
3697,5.002732579520741,5.827929186225997,0.00716201593527992
3698,5.014509804184976,5.861741614024287,0.001556066998041502
3699,5.029052762306574,5.8789672248010865,0.01600794566480827
3700,5.008506048145559,5.848384029012597,0.000776767455998975
3701,5.022893951048397,5.863856195770274,0.03894504419021831
3702,4.998735345841858,5.835298842025161,0.025812394637974308
3703,4.986262448426813,5.815206392694301,0.007057802002698859
3704,5.01163733967258,5.864861261010316,0.024471269964664373
3705,5.018973357843608,5.868515336881007,0.06566336398033815
3706,4.991156083486727,5.835663493259784,0.014067719634749964
3707,4.961798789637326,5.799474354465134,0.006089360567535922
3708,4.957167729499092,5.808281104346364,0.2140557755082069
3709,4.933976791290534,5.788086793783695,0.0003491065380536526
3710,4.9460917222916025,5.8148185144711775,0.01022688585420091
3711,4.9479036643163665,5.823176290926961,0.056361581103028954
3712,4.942142913761473,5.818828276308328,0.0013997948920040635
3713,4.922783208363201,5.7967705495373405,0.011232724594440927
3714,4.90941502289792,5.791028929862998,0.008476968467810438
3715,4.897696867006653,5.768468760147878,0.010673054769989613
3716,4.856593713911002,5.7447960538972245,0.00022209847826519394
3717,4.8635919451798495,5.756422084653557,0.3160404464371139
3718,4.836891359333152,5.706846067197465,0.0378080124057663
3719,4.814218655490229,5.667070382917026,0.010228966555673213
3720,4.8186733841921585,5.662303828978443,0.055202994944777706
3721,4.817718825473953,5.675856924145004,0.015074484821082016
3722,4.7988746359854835,5.6648339375212675,0.0004210294525442329
3723,4.805703318750296,5.6908826539116095,0.0640700484873819
3724,4.794451031930309,5.661966996367907,0.01259364764288941
3725,4.809152241357032,5.697111260684278,0.007903672898876925
3726,4.807336916681956,5.7045342982575695,0.0091696925112928
3727,4.807609869591113,5.7116044563893436,0.010229541712548683
3728,4.803848941991827,5.708814518054587,0.0021092227764649882
3729,4.80670560953024,5.719607951984901,0.01363486384527852
3730,4.789966305410588,5.712554946056193,6.235023023133279e-05
3731,4.765396346392681,5.688233818863693,0.000680450616261428
3732,4.739235110514331,5.638659530956022,0.012332898369032992
3733,4.745029516761024,5.629764152570151,0.06350344643201966
3734,4.728120465202059,5.598131440855321,0.00991979819413881
3735,4.742962270254398,5.628855860681248,0.10010128375051146
3736,4.722475568626083,5.591895643694701,0.014100717017511989
3737,4.725776446518576,5.6127317262871985,0.007044892329250514
3738,4.74341434261464,5.646658124973012,0.004139139844206443
3739,4.719183896578888,5.6006355961932455,0.01990638639435477
3740,4.734629525052404,5.617052075945578,0.015653395599269673
3741,4.743356039362471,5.637115368883633,0.011820541465862845
3742,4.77195502133762,5.678296102454819,0.05693807830950302
3743,4.738735364363824,5.645745132019606,0.0002390687038068627
3744,4.725574397448931,5.6425383013380745,0.0017118400286941094
3745,4.741123573033386,5.651443382466029,0.1286655881243103
3746,4.739436368141218,5.637608048007448,0.02091674123927434
3747,4.727119816161528,5.611402569113843,0.014732977429329426
3748,4.742296961488594,5.639688066311936,0.09393348525692231
3749,4.663844212812216,5.571129103427366,3.397520515935865e-05
3750,4.680444953603764,5.594762690210812,0.005240658803574419
3751,4.690944192404758,5.628535821417866,0.012235329341756569
3752,4.675850722764693,5.598816633157474,0.059312175819833064
3753,4.68270728984983,5.616617892034033,0.00619580092238737
3754,4.661619574959551,5.5900176322291655,0.0005835084230564986
3755,4.642346694802095,5.557518796912739,0.008860854939675445
3756,4.621901595061638,5.540711843628638,0.013100494486475517
3757,4.63698926329891,5.551933846184597,0.011172405930273207
3758,4.629552553139632,5.555949007128364,0.014725137039579568
3759,4.6445855814050985,5.592628674450381,0.049130525761983124
3760,4.645976410973964,5.583426275007307,0.014776939126922038
3761,4.667287853882685,5.60862391278658,0.2770287372817273
3762,4.662628849250044,5.587021958762359,0.023664678606112766
3763,4.644421889445947,5.567722834895291,0.00048162036496064643
3764,4.646428620189866,5.583966727329136,0.17713097453009877
3765,4.625059834974837,5.564551700906983,0.01224304604157555
3766,4.604253443165211,5.541671625340545,0.00043975001607354927
3767,4.606722012129517,5.539760367887191,0.02975612337007636
3768,4.610993477407854,5.5446961385729026,0.0027326412055558927
3769,4.600742090229637,5.541793718545171,6.682287318959182
3770,4.546825641793494,5.48870598515916,0.00015870665364757156
3771,4.557096261837837,5.493092351500987,0.026561591000463423
3772,4.55985992406309,5.510128750523329,0.03964071172003178
3773,4.558379114896486,5.504630806469967,0.0028122314496832218
3774,4.505012466997489,5.449610120491416,0.00036755259659841514
3775,4.495054876623427,5.446256098189348,0.001506841024292839
3776,4.467926415143813,5.41705510841575,0.00037561074016873556
3777,4.469398635376194,5.440329759601334,0.0012006872970422096
3778,4.463422178814548,5.42532631396948,0.08698751203807954
3779,4.461271981749709,5.440969922631338,0.0005705081199150887
3780,4.447312644212998,5.407386394997224,0.037802248176108964
3781,4.474103468188647,5.449291569702945,0.00929920223843248
3782,4.464718084688472,5.422027557247715,0.008819358845541282
3783,4.441215537157106,5.3866704522194295,0.016528142849545874
3784,4.418452310412713,5.360422432678313,0.0007256501600461687
3785,4.4246777863754,5.358513654790402,0.030755315221660685
3786,4.430468274515982,5.384269478400322,0.005886022282943251
3787,4.4512523523284955,5.425975447864902,0.19622958890836179
3788,4.4502215255842055,5.434528103561183,0.2059976559804286
3789,4.4322799115252725,5.396873033166285,0.006660661461009953
3790,4.440590874374645,5.414903815186673,0.014260120680512236
3791,4.4491731207698155,5.442273744700825,0.013909665424872776
3792,4.463245173021809,5.455545044100796,0.04651769844742536
3793,4.456873609887148,5.4373325026250825,0.027330891276336828
3794,4.442387504362518,5.429030213541713,0.0013195939218024698
3795,4.455785380744375,5.464260074907192,0.010062168716816257
3796,4.415386179483665,5.427554093815706,5.601491374556029e-05
3797,4.42684395676766,5.442424681340788,0.012405178555902872
3798,4.403726405966308,5.414926675012875,0.0513813552414722
3799,4.375517980959805,5.3749775720422015,0.16317968814613137
3800,4.381864597914685,5.376349240734512,0.05335289785730948
3801,4.374382058869942,5.36184515646565,0.006208433313759731
3802,4.390533697212874,5.395669958217363,0.11062511101210604
3803,4.3117446420582795,5.326240633957482,2.5381815434073546e-05
3804,4.256049503946576,5.278647430356587,0.0001941786240733687
3805,4.2450258758578965,5.286622828394755,0.0004658077251027153
3806,4.257753003805425,5.304049091487257,0.01096919216652632
3807,4.242192888710008,5.274316104843992,0.002015095367265926
3808,4.2312249908717785,5.2613687247171015,0.002926782128662002
3809,4.214609346553101,5.2302245419471305,0.05167834920352773
3810,4.205259427121877,5.213067620565874,0.016009552482850308
3811,4.199231222948932,5.223502193197088,0.00044165898769254385
3812,4.189199195361519,5.221403084222589,1.2591605124281533
3813,4.115828022013283,5.155203910384443,3.196647586962721e-05
3814,4.107275258816448,5.155228836418522,0.03160055588597618
3815,4.125511120725793,5.181801457925546,0.059269521497850634
3816,4.0980715564201065,5.143477467007929,0.006388968157517138
3817,4.109929732328185,5.173566020110831,0.002102915893509663
3818,4.1195872499514765,5.182797365332203,0.02215556008172515
3819,4.124885664217278,5.190658961483147,0.011147086656331991
3820,4.117431181707959,5.198176875297883,0.011329684014718362
3821,4.12126567806567,5.2068493536856435,0.028341273251851592
3822,4.119900231986571,5.201465567000653,0.011230531827543124
3823,4.0663973292051665,5.152769827028187,0.00020787050501599988
3824,4.088239541670136,5.199510805769415,0.023591546707676353
3825,4.071521784189849,5.185655338981513,0.0016145974880061736
3826,4.062308540176418,5.156404779395667,0.05321699555322605
3827,4.068823743075545,5.1510772893914005,0.037209922474656494
3828,4.071297823445507,5.144508586427687,0.11103250150832027
3829,4.092367726425032,5.187736741994909,0.014720340677711555
3830,4.089700278799829,5.171595637801213,0.020148693969098273
3831,4.122447764299114,5.217770727659424,0.040123991376127974
3832,4.10189191191709,5.175712878709876,0.013430469814642538
3833,4.117399834342956,5.206372907547283,0.011236025588504528
3834,4.125419739540288,5.228405484072291,8.72132418827452
3835,4.13449852883897,5.235666678694092,0.09637264729324352
3836,4.141922764461607,5.244412435040458,0.05740191529219733
3837,4.120559583300224,5.2206683578590765,0.009920770222750579
3838,4.119009967785312,5.20256072349358,0.0933468235598747
3839,4.0594799990443065,5.145183368944077,0.00021368031731305745
3840,4.081900211071081,5.177443579668905,0.036020406906818805
3841,4.091393005809908,5.1992474848414165,0.030583842382276256
3842,4.085215991329368,5.203585161785865,0.0005452694785142813
3843,4.079779111337209,5.197546644093322,0.0003965789787348889
3844,4.053590583682672,5.176311664809013,0.00020292170191056873
3845,4.02695190445312,5.143830699172474,0.00041103442703293897
3846,4.049273568944538,5.1892356191233855,0.005396192428925278
3847,4.041303228123871,5.18331767198569,0.010463668994763184
3848,4.030862015791471,5.170023932808175,0.578785035367919
3849,4.0564347898069455,5.206662845584082,0.5887140211457031
3850,4.069749313479306,5.23015802494538,0.029090475991906187
3851,4.078984123804827,5.241083367178182,0.02119639991889889
3852,4.076870973363461,5.225138753354577,0.01113433249518504
3853,4.062202681919728,5.216469872814971,0.0009916747457749924
3854,4.087816309432117,5.262031152177328,0.018208164850088072
3855,4.095297604062223,5.270185621129962,0.03911485833274037
3856,4.1093853512005944,5.28833407410036,0.18278111972958092
3857,4.0903157693407355,5.267008732710674,0.07935500802516163
3858,4.070787923084291,5.241233805996262,0.00119299378754992
3859,4.0747119018105336,5.2473768111196355,0.02292011242431445
3860,4.062736005671044,5.235824145897279,0.010460972628785148
3861,4.057186668301092,5.219374970365531,0.08527763445572785
3862,4.045230247924768,5.187790188981857,0.05288682038080293
3863,4.035909836129162,5.172406747745931,0.010311084549582737
3864,4.038681494748972,5.1695286340635915,22.210870179462724
3865,4.016888501602046,5.162542166875533,0.00013790435953527357
3866,4.019779754403922,5.181426858501582,0.02575496765080607
3867,4.000904944124846,5.145122683713511,0.012492276969365057
3868,3.9681535826806402,5.106149912089257,0.00037913678663768833
3869,3.946472086719938,5.091272161009642,0.0002145646186815143
3870,3.9339864155223,5.088585063302899,0.0008442197613805718
3871,3.92975802135631,5.065274583215087,0.038456806979038034
3872,3.9203419646913673,5.068773200240642,0.0014192189275999958
3873,3.91532508901718,5.074674092323187,0.016052474078172452
3874,3.9182529080908624,5.079556346350911,0.002409630240201244
3875,3.9092801944036397,5.056780878666553,0.02861803802263365
3876,3.888759240966695,5.0151090077791265,0.012764393704119015
3877,3.8997080774251467,5.038466624252264,0.008648588163615547
3878,3.8949201219082576,5.031959346990751,0.0023600739309333372
3879,3.8815735883070186,5.019564625661028,0.0008339560362679724
3880,3.883957736846805,5.033334064891748,0.023255311868673936
3881,3.887806774308343,5.038675961506086,0.009000835119484258
3882,3.8781313633183636,5.041718128816024,0.00037593738929046425
3883,3.9086981309295186,5.085969445301217,0.021070214629703734
3884,3.916320516723517,5.107604529407651,0.015207148135814866
3885,3.91205152746666,5.103073712689158,0.0005367726615585399
3886,3.922612115140858,5.128313386991544,0.026914719478852538
3887,3.8664095909628533,5.071654338223447,0.00020915921040482027
3888,3.885956932885131,5.115395036194328,0.013826557610325472
3889,3.888959908642042,5.124002219699584,0.014469949521150152
3890,3.883353141471986,5.10663852724918,0.010372786716707424
3891,3.895279421788769,5.119105207015075,0.04659146622925386
3892,3.8905347171365197,5.116979688285075,0.015314748206597392
3893,3.874721601442918,5.0862916542774395,0.02456459896422754
3894,3.8772993094613146,5.082164887893893,0.014639480743249719
3895,3.8753649990995966,5.0975953595921455,0.0011038150230749878
3896,3.870786087925961,5.0943189682636225,0.020099911609093447
3897,3.848694352046337,5.0477088267578045,0.014241202115889954
3898,3.8385424093300626,5.049305932555254,0.0002898811980901691
3899,3.83166200739809,5.053635802208423,0.0018988429714966184
3900,3.8551168177569735,5.081913977559275,0.04037400740594774
3901,3.866151034702675,5.106984067251317,0.01262456602113389
3902,3.8015190880122387,5.040879767316556,0.00013562387600903506
3903,3.810461246480495,5.069003381257222,0.200024477131721
3904,3.8104788279484225,5.063492775427826,0.05318803364892254
3905,3.7956063282403245,5.035761798625691,0.007098525061696621
3906,3.815008030753496,5.07688460305003,0.007374362479517265
3907,3.7976261737857735,5.044630161118061,0.0036515862605530198
3908,3.8086842189050296,5.050383734936794,0.05427999799066576
3909,3.8056621687410646,5.035103458704625,0.029350431228573608
3910,3.802426330068418,5.022671723100203,0.03291911866873066
3911,3.7904160771936457,5.010139425150729,0.0008455382203907987
3912,3.7832818909855,5.013291319020083,0.32420293305583964
3913,3.7722260677990294,5.009304695362552,0.0009665524932793256
3914,3.776459498518099,5.025958542774819,0.029346575822447166
3915,3.7899146150713805,5.044059805182389,0.029474955898661573
3916,3.805055349421498,5.069271214796195,0.05302986909512248
3917,3.7821193201791274,5.041029147980132,0.0007861246143095826
3918,3.773734313134877,5.032928477458668,0.027567365867912766
3919,3.7771845910970705,5.037331831925582,0.03222236113198471
3920,3.751476441740099,4.998040149253492,0.01532362271532473
3921,3.7411479101235927,4.988692790393732,0.029539900566104012
3922,3.7403646392575705,5.0006174376985735,0.059909894584780236
3923,3.7299918764213174,4.979449103227245,0.03475462899047075
3924,3.7029126198419546,4.935074542629217,0.04069335925009881
3925,3.6880962464414013,4.914109333422034,0.029181552866670457
3926,3.6848834635412664,4.901997056517128,0.025043349052265292
3927,3.6322673574375566,4.8470782845946765,0.00022184696279598567
3928,3.6208799947876065,4.837689764764275,0.684434403100899
3929,3.603180499583115,4.809758582568728,0.0011176774285570786
3930,3.61023945269071,4.816479256106821,0.015443804231441505
3931,3.611233765391219,4.830197403478608,0.004704677646112243
3932,3.599521880952349,4.819473783864537,0.011121412081819429
3933,3.6147575612327487,4.837090106139862,0.02246756638422292
3934,3.620935330758464,4.86155760859357,0.1769267612165423
3935,3.6180124949979016,4.874894594478686,0.0006281711988183271
3936,3.616864966557508,4.89284821045157,0.0020501310276048058
3937,3.6334317211771996,4.909040157955338,0.04696771292619678
3938,3.6266191222142528,4.919044918133773,0.0017121249746208445
3939,3.6468412247263733,4.964130821266771,0.006348728389841599
3940,3.6393138885537284,4.936419830651432,0.009978460353945045
3941,3.621721756076794,4.90048958378234,0.0024763397277667598
3942,3.6184066348709556,4.898233078973649,0.24833621335588021
3943,3.629311969621809,4.928283605467354,0.002085454596654851
3944,3.6496839498384226,4.957299211890771,0.013280390962590663
3945,3.6536929829951306,4.956999812797108,0.024965612451598274
3946,3.6860911770631355,5.008711239791971,0.07724678756062017
3947,3.6765176812439733,4.981722929340443,0.00839376067315554
3948,3.666151608407617,4.986093504196912,0.0005706819640200903
3949,3.659050728054865,4.956979665140036,0.02451013590200135
3950,3.647915068033262,4.930717843965622,0.10873416444378539
3951,3.6600040482610035,4.946559742054231,0.08358423088616516
3952,3.6331230697082986,4.9022650574393785,0.041765469786217126
3953,3.649152993327961,4.931058371091538,0.010348487061815686
3954,3.576713272905822,4.861951975733401,2.697288033952179e-05
3955,3.5667403601509577,4.854129841173922,0.12187324718745159
3956,3.5795353223978035,4.881029345002141,0.044738910606883696
3957,3.5627298543097616,4.863443902053143,0.02195208313146679
3958,3.569935674780546,4.869551391579147,0.03560538886650125
3959,3.5592184711507966,4.850236210321161,0.0281304939378851
3960,3.578354188361157,4.8719035864436,0.14510273204133387
3961,3.5704215626070357,4.864089245891252,0.001925907414212849
3962,3.5717362157464785,4.86257464970962,0.006030327440246652
3963,3.5711567863369655,4.871253143335802,0.0882512348286451
3964,3.5618197228495703,4.858248365107771,0.023287534592037654
3965,3.558992440531672,4.868173791053424,0.00253879623021249
3966,3.562862650189631,4.877847705253193,0.04407691742961358
3967,3.554690029924342,4.875820752509983,0.0005396376486839828
3968,3.5561694246953284,4.89139783574769,0.03284598192930529
3969,3.5521835147296095,4.900377849058977,0.0006069888276426884
3970,3.5662339853701672,4.920524138434303,0.03411939948414098
3971,3.5641272750521633,4.9008821999294,0.1207805620485639
3972,3.559097030120627,4.8878872120670325,0.02063263086932782
3973,3.554787855413849,4.885305811610452,0.027311015185965282
3974,3.575461120163959,4.906742926111691,0.1944774274935802
3975,3.5773309747153457,4.90104128842788,0.024944002173743686
3976,3.556691064638281,4.872181253740956,0.0010554546528326381
3977,3.5491185759056214,4.8473887019862465,0.11849396306756504
3978,3.5404734968437808,4.843734257224681,0.0026881520800510735
3979,3.537245065785989,4.853451039440596,0.02018226122261036
3980,3.5431842283587094,4.86445822355184,0.0378399449698171
3981,3.5583959701543284,4.890725827115567,0.036316067482019744
3982,3.560665108215925,4.89915348575007,0.03014993473325739
3983,3.555804586303122,4.898403502661446,0.03691200542036396
3984,3.5380194031736276,4.8590585362560565,0.021793119796517456
3985,3.5523712212910032,4.890795336145287,0.0028345978446775145
3986,3.565464509919238,4.920034362279342,0.0072601656437553735
3987,3.538976658953331,4.88949802788365,0.00040671144760249264
3988,3.5462673147647754,4.896208577987273,0.03125324516770275
3989,3.537769393136125,4.9040160861271005,0.0020232010038306013
3990,3.540375392811674,4.921850375124233,0.009098315053846858
3991,3.4935291765961556,4.8772050982596555,0.0002567721624079179
3992,3.5013658578172437,4.907019587313922,0.005475124825052891
3993,3.502161061896163,4.902731394363935,0.05294858010033558
3994,3.4983984627695386,4.909556652357227,0.0017299636315175138
3995,3.5138473397073535,4.934686318540376,0.03568594194812516
3996,3.52361636507317,4.949470879105045,0.017959395099333635
3997,3.519199999475113,4.928688776390251,0.03292930091217045
3998,3.493067626597328,4.880470232021116,0.01380294923359373
3999,3.4797564401890724,4.878583124158642,0.0003251464491035441
4000,3.482571616318445,4.897704062829779,0.016719054679786374
4001,3.465217444048304,4.869131516341862,0.01584801218754898
4002,3.4691194430900936,4.861305685963631,0.01254120561643096
4003,3.4676852256207025,4.861857251064899,0.05028959214665551
4004,3.4475024266247174,4.816994789944782,0.04686731129512298
4005,3.443224786558787,4.834562376925295,0.00046574426947763685
4006,3.4369883069222285,4.826114656302944,0.0005913441388204503
4007,3.448986038169901,4.855110611887897,0.010084758415335446
4008,3.434589206798709,4.83509162635956,0.0016996585294748498
4009,3.4365461946584004,4.8550466277581386,0.0018633676608550318
4010,3.4297313774430815,4.85158175168294,0.0012172858511740813
4011,3.4189735886428836,4.832308731627679,0.0054393888825389645
4012,3.4031887865964165,4.8071937824883895,0.0010285794664435808
4013,3.413710219511421,4.831492178725839,0.04466399281152412
4014,3.3929551970920793,4.785617800858279,0.02072409741914872
4015,3.347579747987215,4.7319305862066,0.00046005521263118286
4016,3.352016652112604,4.729636532620772,0.040382571131018265
4017,3.340276298560259,4.696963267238464,0.34871859075699513
4018,3.336706016162975,4.7079355593207985,0.000933443116315095
4019,3.340432695912918,4.721035580014776,0.09592055571843335
4020,3.336645408035168,4.726408912500376,0.023270824277640413
4021,3.339280089660753,4.745884152309531,0.024763533156463065
4022,3.3459152385032573,4.75662720916465,0.003817398777066293
4023,3.3368882742742887,4.729457318423572,0.019053105506099288
4024,3.3388606994354912,4.736854168316816,0.022351278665033798
4025,3.32648612268315,4.7089226549923815,0.024287200087200436
4026,3.3364844053800264,4.727319480331804,0.011400513341384585
4027,3.3602216846699267,4.7600668471228165,0.02849434358124505
4028,3.3544740498769556,4.762658983839877,0.03418234702014795
4029,3.346751983461059,4.742653181489875,0.42873715133919016
4030,3.3625351493382523,4.764518653248948,0.023343747983909008
4031,3.3753429767620076,4.7838326225032874,0.006001326410218999
4032,3.394136292974932,4.821467915864431,0.017844344819717584
4033,3.395877662090086,4.834314067700923,0.12726984770850983
4034,3.389237849971763,4.831644435716045,0.0013540736435867335
4035,3.36749320211878,4.8057275241227675,0.025460262030775043
4036,3.3743472540617026,4.81760466702052,0.1841509432071733
4037,3.3593924167297264,4.790182891257505,0.008361909865208888
4038,3.342681370296945,4.7558685657305,0.020729311504541513
4039,3.319036794775462,4.719962321074876,0.27352861214428403
4040,3.3253488473085273,4.7228884625744385,0.011583284862146144
4041,3.318689395230425,4.7148160625314395,0.014042892456148289
4042,3.329205300630375,4.7460881999523465,0.012048746577511035
4043,3.31977357321621,4.737242882945304,0.05741393007078676
4044,3.316941775524064,4.748198547795526,0.0030725420399059316
4045,3.338550388478294,4.794719551440227,0.03788508376855505
4046,3.325312058067295,4.792034162216344,0.04243423648977045
4047,3.3236184887112885,4.8040967294183226,0.033910888884987125
4048,3.309628407182613,4.781766589820118,0.013918621927710628
4049,3.3053772543438,4.76923339887319,0.019858175766523743
4050,3.3109505885240442,4.771451087570528,0.0189452845322812
4051,3.306026355196786,4.756616492345426,0.01787330978708231
4052,3.316065611208934,4.781922131324472,0.02029704617378385
4053,3.3026019119999215,4.765675727077836,0.027520340672972883
4054,3.3051594356248866,4.780768476716375,0.0016018832598297394
4055,3.310232624446705,4.7838826205586225,0.011260135938495008
4056,3.297411995997297,4.748454049646168,0.016745963333599238
4057,3.2810389714816957,4.723378827588162,0.056857460887331644
4058,3.291725815003387,4.7422334496797385,0.027618260277651022
4059,3.2802141113973686,4.713522590939322,0.027892444374245044
4060,3.2670103915175788,4.684335432490577,0.007295811029338324
4061,3.2918274781224675,4.734385743439444,1.1034439869457273
4062,3.2653748902876307,4.72288674572052,5.35847327283081e-05
4063,3.289101348642605,4.755620088926233,0.07935575646912106
4064,3.2885157332772255,4.74619343080254,0.035517677238435914
4065,3.2712017798178836,4.70803368228807,0.01610415224089658
4066,3.2620164789764634,4.688626976483935,0.12155537652077725
4067,3.2449995384028267,4.657631680134597,0.014726273209307453
4068,3.250749579073117,4.68341464085181,0.002946741083371252
4069,3.272311334561857,4.719184960389962,0.011250308941081739
4070,3.2648216962147063,4.692178689364418,0.03447733292180545
4071,3.281554595000612,4.727812696954772,0.7448667168741794
4072,3.238934579011508,4.67857889785436,0.0005135212736326349
4073,3.246241992460742,4.679016593364245,0.06186484247481023
4074,3.2172785873373337,4.631600083713716,0.021670846684475574
4075,3.2190716073847936,4.6299488557020165,0.03459232051156963
4076,3.2161469205310427,4.634391067216979,0.01604150305181793
4077,3.2208537211682042,4.638151753557373,0.027714130792565243
4078,3.2176842081488704,4.640715093764646,0.0017524740234355221
4079,3.220162808759485,4.639100054051016,0.03989951603393528
4080,3.2165619670011782,4.647119626193032,0.00047033741045077594
4081,3.210138303535928,4.641574647914526,0.00030668282746269
4082,3.210101395130226,4.645973352513883,0.032449339864213604
4083,3.2060233656692456,4.646532698868088,0.00012065939809365084
4084,3.188654098677423,4.630966549270103,0.000310633990643
4085,3.1876805631991303,4.634326293924961,0.5648621426088893
4086,3.114438718572826,4.552156748149532,3.319894625011639e-05
4087,3.1136690473743767,4.561389284688874,0.03376017063587571
4088,3.0426755451827914,4.483761581354566,2.8591581299574947e-05
4089,3.0609521441902885,4.51917782332844,0.021849925250078357
4090,3.067668396851424,4.542980798978419,0.24735527462352316
4091,3.0507172214496086,4.509245276335686,0.01230846977509624
4092,3.0674706610628473,4.537996249549358,0.010702861193072493
4093,3.0586747248075676,4.514954526678451,0.01972096856351012
4094,3.0830352235981477,4.552020560300142,0.03042699396797531
4095,3.0135176561829984,4.475448120050182,3.465742899454584e-05
4096,3.023907464113813,4.510388985321133,0.029235390188262777
4097,3.0259778695731487,4.499843840108701,0.03427307434189026
4098,3.0229707577665628,4.510280812985777,0.002708710540390881
4099,3.032171849288602,4.540490168246986,0.0681554977866563
4100,3.0136551487208147,4.499297470059779,0.008671732855436364
4101,2.955501286175905,4.431638505703901,0.00015816044392650793
4102,2.952123675882482,4.415112211352564,0.011057690989188542
4103,2.953969624429846,4.417903411037401,0.012582683920203983
4104,2.937127846742582,4.378140544196091,0.03161611382619617
4105,2.9399675011991793,4.378170902241651,0.006559621579135008
4106,2.93711950928338,4.388467935387849,0.02410724674659221
4107,2.9337500663866547,4.375477272008656,0.018565448432531023
4108,2.9200851279126177,4.35211311118189,0.023103727772510185
4109,2.9163743996824567,4.338579144614389,0.01682525119544985
4110,2.911848197428487,4.340370732521799,0.0001627630283911921
4111,2.9083230118541654,4.3301267940161505,0.011375510172421933
4112,2.910040621591855,4.3432949848138165,0.010754293046520496
4113,2.8892650798398845,4.3169525640918724,0.020135706673317478
4114,2.9021584126545723,4.345353480566272,0.09443959546954613
4115,2.9165809033030605,4.3670157864349815,0.008588017405814618
4116,2.9027800637623677,4.356419628815825,0.0014351427366034934
4117,2.901618639205582,4.366494200047982,0.028209721532002362
4118,2.908726175598663,4.3844303169718435,0.0106717106150916
4119,2.9206529800769743,4.4129744827886155,0.01504750970455807
4120,2.9228244288712206,4.430048068042092,0.005171327140047133
4121,2.9379066182647167,4.4527299057581144,0.15126611011303226
4122,2.888157394752435,4.394465242942707,0.00023722386127217855
4123,2.873155745268491,4.370828283031497,0.02823338908746783
4124,2.85796248397374,4.337077772843141,0.03251309282847603
4125,2.857529369028668,4.328891658884989,0.017543443633023837
4126,2.847612356412335,4.30047376852826,0.010458670904056855
4127,2.848778496915226,4.3253956683955,0.0019042629360881637
4128,2.840357564356653,4.324349717053119,0.00047559053963951175
4129,2.821004515230735,4.279548534716245,0.027858465738179
4130,2.8119514995382375,4.251007426575473,0.15255134229167902
4131,2.8149577171715454,4.256266760444487,0.0021027722917753297
4132,2.8316908870600805,4.2900245795439425,0.022932956594909508
4133,2.8378596771765205,4.2953164741755,0.014427558803626594
4134,2.826923458103406,4.265917389710126,0.0382592567030966
4135,2.8354807310500934,4.289784084409526,0.12914959204510834
4136,2.8467255504144733,4.31564466144276,0.03377498124530921
4137,2.8549294521001056,4.33806047593943,0.06314896197365547
4138,2.879037621777079,4.387014252464532,0.006317425578117453
4139,2.9024477882899453,4.435456493296482,0.02041106615813837
4140,2.8819035343323316,4.409411865708424,0.028968159902406285
4141,2.893514002538854,4.429930485542952,0.03413841119650623
4142,2.8758938033978754,4.407234853556704,0.00044481899042355484
4143,2.881628190106466,4.415612483037849,0.04616588685267589
4144,2.884121323593815,4.410750000823881,0.01661607872435181
4145,2.885642036812722,4.400608341278674,0.03641255231987265
4146,2.8878731911165514,4.398449251253205,0.011681382060818733
4147,2.8799572585811246,4.3762010658438655,0.03638214981817422
4148,2.884734292445925,4.399762087593746,0.006537661497084943
4149,2.8916844328793228,4.402999671496496,0.17756149768252819
4150,2.889758928975991,4.406213442102779,0.00014845402387123936
4151,2.879452581027778,4.395171797753068,0.009679214085251358
4152,2.8815157697774314,4.422433662458482,0.0018708352055201596
4153,2.878798428440483,4.404708023895689,0.04192508841337683
4154,2.8684729441813426,4.376200042910735,0.018563839595465644
4155,2.869483056390743,4.3784992083354375,0.014475704681982398
4156,2.882347490623913,4.411522152134608,0.011304226942804725
4157,2.874549166758376,4.411047223193373,0.0009864808311449342
4158,2.819109417420787,4.3425836584771496,0.0001670050409252252
4159,2.831176104396874,4.354778628292894,0.010100847878093795
4160,2.813757196873285,4.3208087447935855,0.04421757273543178
4161,2.7953280516277506,4.295441697377163,0.023710072143728212
4162,2.8135754151168446,4.341787435685882,0.0247612068372729
4163,2.8218158187281044,4.364945127266025,0.010144707061276933
4164,2.809698041757734,4.332222233354125,0.03716643187279343
4165,2.7979648222006235,4.295266997257176,0.031095350438481124
4166,2.804936594297018,4.312057728185655,0.0034700408993074104
4167,2.7949735738184334,4.311046747654359,0.00039412006141408543
4168,2.804728130925322,4.323094453048756,0.024869424240345567
4169,2.8163358243572385,4.338532160478712,0.07154173126403225
4170,2.8160179736425404,4.347310170894291,0.005743749957029934
4171,2.81161491945237,4.350467931163634,0.008425645972847853
4172,2.80016301986555,4.332775287714473,0.002820964135822347
4173,2.8172068427950028,4.367319563014479,0.019706430662598258
4174,2.8245629412156332,4.369130586854261,1.419438197485172
4175,2.8125758194634733,4.332052996915506,0.034049910941443225
4176,2.826575402013822,4.365684957410363,0.00888571382614924
4177,2.8070874385345057,4.333006109895777,0.013175046950864093
4178,2.821943053891048,4.3545571679168535,0.13458139484074
4179,2.8335363530102238,4.362626335863085,0.6778188747404577
4180,2.8341784318044176,4.375489532468639,0.12288377892996938
4181,2.8390789391169093,4.375420478320469,0.03665414996096441
4182,2.8457720650544953,4.400933851691677,0.015569342660524167
4183,2.8231393772559414,4.364050087672399,0.001086122525029125
4184,2.8190529639779967,4.350119296569291,0.04089109569083543
4185,2.8126209849001556,4.322221911739625,0.01219727429047596
4186,2.8054215670042577,4.319027348957833,0.013280115799332857
4187,2.813470872604361,4.326572002450818,0.02791632875934957
4188,2.820012467665792,4.351001986061555,0.005267765597351724
4189,2.824621290847679,4.359115565242241,0.004592306486341848
4190,2.831390074082602,4.376494996563403,0.019397504171345167
4191,2.8109662523931673,4.327198116416523,0.00971665357611306
4192,2.824428395105992,4.354435073244317,0.23142079608071411
4193,2.8331856337828945,4.381448591131018,0.007758556653804937
4194,2.8300420757937133,4.39048321344629,0.001035746129596594
4195,2.813107638772416,4.3516846267793845,0.007175742016180075
4196,2.8006700450119983,4.319093465783647,0.02758529732071964
4197,2.8062400500262887,4.324097483390051,0.041580626909302684
4198,2.8270867584070896,4.352582362712141,0.21976869048194303
4199,2.81968580000338,4.326740078187755,0.022204888494862057
4200,2.803658225530333,4.2926051418453435,0.10042925474286053
4201,2.8058096173977205,4.300596935406936,0.007853719927336108
4202,2.819509479102469,4.316780618035583,0.1997940881151515
4203,2.81517741689226,4.3086636177046005,0.0006255764549917216
4204,2.827590564294243,4.329674363396709,0.018735024146733347
4205,2.8311966915095232,4.332870934219429,0.03356966375997388
4206,2.8085233132320706,4.300027010625802,0.0008385394856309551
4207,2.8050822290312256,4.297768038322713,0.019004619483556424
4208,2.8034990626542258,4.30485695336762,0.01382214594311449
4209,2.8166921323914895,4.3388549723025465,0.040285650009988384
4210,2.8202180627546913,4.346161808442168,0.06168803179254976
4211,2.812773980481603,4.3374789951269905,0.0031025904598743228
4212,2.802252014757595,4.325754576410366,0.07051623374889895
4213,2.8226228821724013,4.369766323731418,0.04055075925122797
4214,2.8181409403396356,4.371648735956462,0.00013615790952303634
4215,2.8212154587592075,4.393111631053117,0.13849853125237296
4216,2.820963074842186,4.387375472320699,0.010731889827440276
4217,2.80035707767415,4.353262250517451,0.23475715348342707
4218,2.8029311396241052,4.356397565574147,0.0073036740436912065
4219,2.8085888054216688,4.3704952187965205,0.004843849408496422
4220,2.801525623736801,4.3738089570291505,0.000755723653785124
4221,2.806114418961189,4.380204512993319,0.06067189859276074
4222,2.804359680099359,4.384769175196747,0.012760953182081378
4223,2.8066249085655297,4.406430023824728,0.0006225625258112502
4224,2.804532021915973,4.399183882149199,0.13675131491520387
4225,2.7859150194129105,4.366953563425869,0.0010309438065846616
4226,2.7808403545958833,4.36409685043281,0.08306548609722611
4227,2.787399595775344,4.373024290307818,0.2359596902141108
4228,2.7761388234137727,4.376332993576023,0.0002097781034698645
4229,2.765596408718693,4.354975449502148,0.017880042086265743
4230,2.7577839810390024,4.347614517333327,0.018012034042011665
4231,2.7777753940593493,4.380274163473088,0.023899864273712282
4232,2.790432732637186,4.4112994996670665,0.0923970198404534
4233,2.794890310704498,4.421084157469169,0.024123160015406785
4234,2.785553685274483,4.401027941168008,0.0845209520514885
4235,2.792523386423931,4.421643514243598,0.01713377228274157
4236,2.7955310835646405,4.421485936862498,0.013422411257679746
4237,2.798729176616661,4.437842879065386,0.020856302249401253
4238,2.7806817536326633,4.426394851620011,0.00010092207073782243
4239,2.759503091860367,4.378140229955341,0.009236887365560397
4240,2.7541286840741144,4.360902257925585,0.054967629578638204
4241,2.744129553184727,4.334985536119786,0.04810583344558958
4242,2.735372398831481,4.331613281184611,0.32362626190752725
4243,2.731115137906619,4.3103025570725,0.028876904806855862
4244,2.748205287969763,4.3514316713748125,0.037881601685812456
4245,2.7530038283450353,4.368160750435402,0.0094114688813096
4246,2.7564832102788226,4.381919921466355,0.014337914124420778
4247,2.743107954273632,4.348441305860467,0.017399842493274014
4248,2.7472579677278306,4.345946150746716,0.030653936528773216
4249,2.742566755545007,4.343968635149139,0.009797651792943566
4250,2.733903876671862,4.321297850813519,0.011235515741123081
4251,2.730207173936922,4.30592833542167,0.03807154348640118
4252,2.7234487317258713,4.295436610024261,0.003753290277500571
4253,2.7438529960207956,4.332273150477821,0.012719128881590935
4254,2.7285284320669962,4.312486557683509,0.01442670856354414
4255,2.713174118937673,4.2838691914574225,0.007973006807250028
4256,2.724510854183059,4.301468412189779,0.025983111767042627
4257,2.703829802566165,4.280163340455556,0.0001056753376632012
4258,2.6912602734099953,4.261197161531321,0.016534705610165085
4259,2.6738505271249577,4.24871464631132,0.0003558041498501817
4260,2.6740868393190556,4.245426934229171,0.2114074165786673
4261,2.6776906624316976,4.241093163898829,0.1354857694746106
4262,2.6754805030646285,4.251050381116192,0.003991976843740808
4263,2.672665359830661,4.243605438973207,0.0028942466709879757
4264,2.6714293456460676,4.250384356182669,0.003086855128827907
4265,2.6887222088535165,4.28873299900439,0.004150163923200114
4266,2.6836076204503216,4.287685076156421,0.04054670614093482
4267,2.666478235244751,4.254645996677569,0.015756352904641956
4268,2.679578047229479,4.282893789281829,0.03528284683104996
4269,2.664289522915577,4.241525505371565,0.17431674676648978
4270,2.6814345373572372,4.268404368242397,0.01922986761268474
4271,2.6846868413501404,4.285569338606122,0.013677994215279937
4272,2.697856562088051,4.298737314252834,0.041124314551167926
4273,2.6980670196628407,4.3071522711918355,0.003304782016769883
4274,2.6790744898601955,4.267567164503229,8.734696940003722
4275,2.670050278136208,4.246180916492132,0.05934337504369713
4276,2.664266502396731,4.244624374389637,0.0375011222754803
4277,2.6710254451872193,4.259615295350754,0.011304960043341248
4278,2.662248329886413,4.2660618935312815,0.000281235687072725
4279,2.6661372657774662,4.284123390132024,0.012518561881210975
4280,2.6647380809742183,4.276562885986017,0.12539988494629042
4281,2.6535424703720074,4.261166950240925,0.0007853191481086263
4282,2.6553940698953102,4.274759746382257,0.013190369432430713
4283,2.656750387539359,4.288334252462128,0.08952745661916116
4284,2.651660781979357,4.270153726995096,0.008341961873679846
4285,2.6667025938965567,4.306956257505299,0.02680562554756657
4286,2.680909740674507,4.337563807385071,1.4212705333502358
4287,2.6978758308546897,4.375944493203655,0.012736222135844506
4288,2.6922364391692297,4.35574843481849,0.014603835767728965
4289,2.6851653146726493,4.333447285672192,0.022352864479354105
4290,2.683066029013849,4.317533352705936,0.02905700218323632
4291,2.6898870141224998,4.320763459282115,0.040078136966642856
4292,2.681586213963628,4.295245993149995,0.008424996657586665
4293,2.6956257590110537,4.330063083338759,0.02293640732546652
4294,2.7109994651390235,4.368729564965284,0.015461357657125566
4295,2.6976143211492274,4.333953948614853,0.011539812615246855
4296,2.700338537405701,4.348187205974311,0.00854862742153833
4297,2.705866221430172,4.342470341897909,0.02575025535531354
4298,2.7053582888541383,4.364081891192079,0.0018383049758605152
4299,2.68903754341923,4.336753963438988,0.0009031634386867749
4300,2.6886101707323036,4.325135728885908,0.01716071873589013
4301,2.6825775311221842,4.327170149249813,0.043759628001953724
4302,2.6702543848869595,4.31294665570772,0.023527574716080493
4303,2.63916494016703,4.26505175722205,0.00098143795383441
4304,2.641032023288772,4.254415162620198,0.06952275153413161
4305,2.633377433329966,4.227582150903428,0.06015787100920225
4306,2.6503621026238844,4.269959528569674,0.03075749840911142
4307,2.6501313865033422,4.270221820598655,0.02250257004184785
4308,2.638326842005048,4.266884420089214,0.025036006946724705
4309,2.641004815119248,4.262522853530384,0.20490236918099808
4310,2.6199109075606586,4.226010468709467,0.047266119085357765
4311,2.638808180073453,4.255171519997664,0.05352107844785268
4312,2.616551696451792,4.220313683379814,0.01628374484721306
4313,2.6215548179417505,4.237554050554044,0.07609185762367668
4314,2.6067747352854194,4.201556907085681,0.011704267393755489
4315,2.589614102998236,4.162802220036974,0.016992526952077616
4316,2.584026372523258,4.171748778185339,0.014690775687956846
4317,2.589614498071521,4.189672305626999,1.597172441438415
4318,2.5837667450146506,4.186761003723223,0.0013078323241890448
4319,2.591293206671052,4.195689771169838,0.01605152733482044
4320,2.607552417897368,4.2094590091419635,0.2718380975877637
4321,2.6121839114532035,4.233830945775705,0.03569073955187844
4322,2.6274397357227355,4.249115102236781,2.2788399238027894
4323,2.6275027261999466,4.247587411681023,0.03915478076090698
4324,2.6281701771980575,4.2622129290121595,0.15176130591595555
4325,2.610129627080362,4.217058816939358,0.03409714467218136
4326,2.5970479831432987,4.195067542984672,0.05792831175207466
4327,2.596598825526079,4.201088745246249,0.052983605808211785
4328,2.6068808136039108,4.2219564157894425,0.0086464076320413
4329,2.635041844588025,4.273495901622801,0.06514292239510414
4330,2.611811226032963,4.232649105043631,0.014107504744285558
4331,2.6247042701508656,4.2549584250668815,0.020593602562132725
4332,2.6326559255401882,4.28276662750678,0.05781733720639419
4333,2.6278137777582655,4.28240109870096,0.0011665178154294253
4334,2.6028000780612466,4.24882345932989,0.0003071019606646912
4335,2.6187058375301655,4.282056669291355,0.007413182924266448
4336,2.622164148567644,4.287841893371104,0.03734299327612562
4337,2.608807870421579,4.269853783060964,0.013908876553782298
4338,2.6135368967877017,4.295377671102515,0.03739704237831505
4339,2.590127775328356,4.269527061728421,0.004383065840639703
4340,2.5666152901100174,4.214446384610186,0.011760131150797715
4341,2.568155745998542,4.2334793801392765,0.05668655234991058
4342,2.5908477391458042,4.2836968158833235,0.01288795780976888
4343,2.5815352999173133,4.262309484294691,0.0012041155302446773
4344,2.5400006509776065,4.215385398763802,0.00029754211485345306
4345,2.5455101140852556,4.235888633247761,0.015439516428179997
4346,2.5250423342953723,4.190406198611541,0.004946460805319629
4347,2.5050970740224416,4.138990837087551,0.06733354209443523
4348,2.4980092120914548,4.12022817272279,0.015907328801277345
4349,2.48084338391188,4.111822079223528,8.148027158474535e-05
4350,2.4789946609962237,4.131332603430344,0.002048008286927589
4351,2.4773157924765767,4.118222820804928,0.02966894530152097
4352,2.4715003170141823,4.106202097716527,0.08106086466811813
4353,2.4666282559133905,4.1214896364859115,0.0004200083524139827
4354,2.4662437346748285,4.127035591793471,0.0007279437146780129
4355,2.463251655716349,4.111907808117775,0.03114370257431197
4356,2.4444758212486715,4.068159728910421,0.010211620767791462
4357,2.4387718262509024,4.063937686981051,0.000833135221167271
4358,2.4352409618443245,4.051153169239987,0.01773465500506605
4359,2.4251175277477204,4.017158779918958,0.038422469205920025
4360,2.4195436066007336,4.00366300058587,0.7104406964730907
4361,2.4169829606361466,4.009466285727331,0.0014786404187759855
4362,2.4181568013632244,4.00725362840638,0.09769072300410195
4363,2.4174608824783226,3.9986879674045834,0.013923327447681039
4364,2.429153806391036,4.0318993380612955,0.012284760956377951
4365,2.43928993950131,4.044049700483112,0.027748889957160648
4366,2.4431293982519957,4.069481071682211,0.01206779731258294
4367,2.4605773240057713,4.117072381092123,0.017190375680226064
4368,2.4557459590441977,4.132684127194581,0.0004216073782839426
4369,2.4514249454685797,4.132178177269876,0.009819096892370727
4370,2.4566421298470478,4.1367831009660865,0.0662621630859481
4371,2.47321614212437,4.166454464274875,0.015574316670768001
4372,2.4599308927197003,4.155742768048686,0.00039611738198393404
4373,2.470970179771487,4.170540408169803,0.03237226154376406
4374,2.45811073442749,4.130341659381279,0.019021362459757295
4375,2.4597017398995855,4.142272489528565,0.016171564125857348
4376,2.450589202886974,4.115729704828135,0.01826685612033092
4377,2.441220242252429,4.120429632754204,0.0002414951326224493
4378,2.4429925314230907,4.132440193648525,0.01991312839018225
4379,2.419536816008497,4.089390205669935,0.001298788179825437
4380,2.4293378769584857,4.122518422534949,0.0418704854769712
4381,2.4248922960734673,4.117163831281859,0.10580455991919101
4382,2.413255381627357,4.102649130163539,0.10986886574521366
4383,2.4255591380989534,4.136232257953105,0.006964532141673185
4384,2.4256996519072125,4.1325971121128395,0.003309579224683038
4385,2.4167688774667373,4.107324408543949,0.012045654486827739
4386,2.421682203842589,4.125005846525922,0.04317590422587119
4387,2.4012220926316212,4.091113860538687,0.18728899955808878
4388,2.396643163733782,4.074958422601421,0.030638612439787865
4389,2.3868657595915215,4.066136000661295,0.06343095971329601
4390,2.3928366761517887,4.070189340443999,0.053178749507457095
4391,2.3850391525043784,4.0481637433813615,0.052280623825549044
4392,2.3396577961709806,3.989742777278535,0.00026958848126984914
4393,2.34092826218463,3.989670411805699,0.02782301047047119
4394,2.3558124988119724,4.026471273677807,0.00475888783715767
4395,2.3475022143011586,3.9966959049796627,0.01479734790075936
4396,2.3652168199142856,4.033731102789147,0.06535509218055367
4397,2.3536419418175534,4.018730326025682,0.02028511510854962
4398,2.3594660670481944,4.019077587417944,0.061051573173327024
4399,2.3518694634110706,4.016202179182339,0.010704019301252532
4400,2.3431805598854076,4.015727642115431,0.00046597966117169
4401,2.3414343677900558,4.0207719691211805,0.08595153290901358
4402,2.333858965212485,4.000708613294937,0.013990622310136286
4403,2.3329211168285466,4.014477229754722,0.03549497581616564
4404,2.32991484061067,4.016400235285107,0.00035197977503032506
4405,2.3303837319781167,4.0177100942710995,0.010857241720103316
4406,2.341721144604943,4.023759585150412,0.05231121428733301
4407,2.3410661011161427,4.014218211725227,0.12305574657786386
4408,2.352296967096999,4.027959058298974,0.04104637481271791
4409,2.3481931642440967,4.027393312131572,0.015931216977713852
4410,2.3438486948508452,4.029249324363947,0.027546746555062417
4411,2.354055028446221,4.058668034326371,0.012303328167634901
4412,2.352917400724984,4.055350280248314,0.01138400485989279
4413,2.360602028721566,4.057228055894578,0.2803110873558094
4414,2.3604764477495714,4.039929112366067,0.15627968267872036
4415,2.3522969163330596,4.039699779904223,0.01823692941278147
4416,2.3660876178455275,4.070574906943039,0.023028286811503842
4417,2.3611312142505416,4.061674198861742,0.007085498157353406
4418,2.3486155413542504,4.032484898749425,0.024726205702854494
4419,2.3288952901291546,4.001587842758144,0.0174552460549111
4420,2.3290070369159985,3.9894745107104495,0.02093492223303163
4421,2.333688076947871,4.0126151509379975,0.0027851879365937663
4422,2.325567277873414,3.9964706637896175,0.020949976486618366
4423,2.3158895601073075,3.9655618634815126,0.01955764622558239
4424,2.3048346949496215,3.9469486013873567,0.001655536156028197
4425,2.299522158864903,3.9251671771499623,0.026360989642028564
4426,2.256843398659363,3.8711999717472474,0.00028241489548487943
4427,2.2489448621257906,3.8659773028410447,0.3270301368971563
4428,2.2363028550417208,3.8473375144990962,0.22685384013147641
4429,2.253370238368862,3.8793564196857884,0.03241725709322408
4430,2.2663742453229148,3.903343996276554,0.01788631885864643
4431,2.263693699596912,3.9013463558386987,0.006318418458449399
4432,2.2773500587639464,3.921043585197944,0.030412145439609406
4433,2.272699080637038,3.908141149234151,0.16697669500328
4434,2.2779018439378684,3.9257615068947262,0.004867935728975232
4435,2.267899841132682,3.9163961740192046,0.004154047647111228
4436,2.2683436746310406,3.931229205903103,0.0052342509572476685
4437,2.273260311220297,3.941266550577193,0.011930310739794836
4438,2.280483652990665,3.968060673587774,0.29793410723557034
4439,2.2756068512166596,3.94076275123446,0.07925039568285096
4440,2.2684140819620087,3.942306762969469,0.0006404244751027418
4441,2.2230514301151794,3.880133113405244,0.00028640927905864056
4442,2.2209639365062346,3.8680634617206398,0.012681981077928388
4443,2.2094419406728436,3.8567568183848593,0.017676618305985173
4444,2.2120191009471437,3.8796228139750686,0.01571437325019673
4445,2.229064402436632,3.912176957715684,0.4140057714420907
4446,2.228615523827791,3.9322769272805687,0.0020521496601061976
4447,2.2178544131031384,3.9191261320255326,0.0004865665368602476
4448,2.223996753408174,3.940834948374418,0.02649754963017919
4449,2.2376717449600942,3.961362470437379,0.02420517693460411
4450,2.2582505610044836,3.998422406769174,0.017700192210367758
4451,2.278897484598698,4.044360493365894,0.0779301708781057
4452,2.2386525870907366,3.993956680359921,0.00028791432865974765
4453,2.2430911396556374,4.0140845711417015,0.009425287418762827
4454,2.2449619614801053,4.030412979430852,0.020363143715407196
4455,2.2369810534288326,4.01423557503194,0.015266954822813978
4456,2.2141113562519408,3.957529567161648,0.024736264624372492
4457,2.1965084956675693,3.916798080394055,0.0883976426418903
4458,2.189441038211369,3.9237414390956316,0.0005999156195260554
4459,2.188555440425679,3.9329545567866497,0.02376629495054892
4460,2.1706793684668027,3.887797149437069,0.027848113977818036
4461,2.1610055597887707,3.855010533701696,0.0179493905472893
4462,2.174660692844493,3.8904908943254903,0.04009515082712886
4463,2.1649082631113847,3.8804761189291668,0.0002031343452577305
4464,2.122212698679995,3.8206533982440125,0.00030377957259648466
4465,2.1256457728588356,3.8452418140002282,0.027761095326710138
4466,2.1450104590371617,3.8801613346123247,0.015263239047508318
4467,2.139489551689439,3.8744539052434708,0.0007639374525155956
4468,2.1543747740426857,3.9063455038114885,0.08385090443083192
4469,2.15398947568447,3.9040519057470298,0.00886227869100601
4470,2.1375496887301217,3.8759729081253904,0.0007875940383416749
4471,2.1270318302916302,3.8424764267555123,0.026125017996086068
4472,2.107404844728743,3.802334179004609,0.01857295918965564
4473,2.1022001061855162,3.8094604898813675,0.00035757008319515273
4474,2.114160219972994,3.831106828780299,0.49168857067463567
4475,2.1333016336116697,3.8824011555608853,0.01713128262402865
4476,2.1172448640527164,3.8435324028231963,0.03178555773387226
4477,2.1046503791912388,3.8054848123977627,0.009177948404738585
4478,2.111100191261131,3.8133194733813536,0.04136905621010523
4479,2.110065810030801,3.8247953080494295,0.006021678109632796
4480,2.101938075839111,3.793134882552617,0.02982437375345005
4481,2.1070474245016344,3.8184054992468024,0.014566155694408977
4482,2.095127216781669,3.7847818039882215,0.025643000115607963
4483,2.093590736456171,3.80442180658135,0.00250258171513145
4484,2.104136654568618,3.815617406365916,0.03372959916366378
4485,2.0897558422091036,3.786479661497487,0.11598083264130063
4486,2.084074120185662,3.7628550583684324,0.02354278228216654
4487,2.07810356492696,3.7645875694128885,0.011505045064528322
4488,2.08923402098208,3.798082214721417,0.03016098374417241
4489,2.098065006158147,3.809795159463916,0.07877794678809706
4490,2.109077334188343,3.84777770362043,0.1220670489675374
4491,2.113247620257141,3.8426685535320324,0.14652433075875318
4492,2.1305703546285044,3.8825739476223666,0.04253861513747664
4493,2.112966454388088,3.867809704447214,0.00010137378612867834
4494,2.1019748209242892,3.8326495456195335,0.006043980904156911
4495,2.1143599038869003,3.862147505622292,0.013708515825856766
4496,2.130063841104149,3.893234740310036,0.0855942775192017
4497,2.115586475895582,3.8580686178825467,0.05086361944804747
4498,2.111544789612244,3.8378361478899916,0.009785239703422158
4499,2.1060609006053386,3.8135682240729825,0.017085702388979575
4500,2.1113920578779983,3.8380909013681745,0.005565698800212957
4501,2.105602923000268,3.8241448781830356,0.026492365431945046
4502,2.1241893557133396,3.862828449613038,0.08829177012071958
4503,2.1298987069133855,3.8688758175638536,0.14282655345207768
4504,2.114562775981914,3.8492313184813223,0.0004391601777079397
4505,2.1108076596349257,3.8437284269217065,0.007276660097673183
4506,2.0989132040956906,3.8224904220373075,0.018295781808966884
4507,2.1122018974359213,3.8543669315638502,0.012914530747315996
4508,2.1118546787064445,3.8446099031153818,0.09840946117388094
4509,2.108619333389403,3.828591823878088,0.08582170108812961
4510,2.1196147981301743,3.866036360091511,0.08128144510089251
4511,2.1310159078338415,3.900308032942665,0.015121229237906854
4512,2.118073214712096,3.8737363523704986,0.001483829606134713
4513,2.111254838229801,3.850182439387061,0.005710694623359312
4514,2.0919634183663454,3.8091876281577153,0.035623723576747805
4515,2.093546006165395,3.836289025683562,0.0019869977313604695
4516,2.0890648027119103,3.815954635511272,0.02628658424931482
4517,2.083732400579652,3.7893387969323507,0.14252534990994742
4518,2.0663910948381945,3.7630134439616354,0.035809383933315765
4519,2.076309274828609,3.7963057037285184,0.13034526555032266
4520,2.084919581860589,3.8202429273243528,0.012405389603883541
4521,2.0750657990050483,3.788895710639252,0.14539662612795443
4522,2.0646700605563115,3.769511978915049,0.001546126573297979
4523,2.0731858802902874,3.7752827632740216,0.03408226418158796
4524,2.080459171395293,3.8039245513577753,0.030003817740647747
4525,2.092967564091276,3.8387437338768056,0.02071657767970295
4526,2.092097368978808,3.8474076086024978,0.011563228483382428
4527,2.082865131191163,3.8169560044238597,0.041736408745991035
4528,2.0679236454603824,3.7916356489232164,0.016169623268322504
4529,2.048680974895006,3.7571814135848522,0.021206814973532356
4530,2.050627985583537,3.7565295954328395,0.009414752365308135
4531,2.070408651054611,3.7920839333329095,0.06750365410534824
4532,2.055051073489374,3.7516042829587293,0.006985479886562555
4533,2.0562675002119843,3.7691312525816887,0.03159458836043579
4534,2.0566074491805253,3.7648322930630123,0.047488365723520554
4535,2.0551159298359694,3.7532712899768175,0.014507840109221386
4536,2.0715826990633475,3.799908731001602,0.10396808697954925
4537,2.06446708173688,3.7776606220151465,0.015609074314225129
4538,2.0806178612635327,3.805233081041743,0.11757586851861578
4539,2.0623998719028496,3.7681012362927393,0.001539161156554436
4540,2.0527936242013554,3.7613712880244425,0.036390520288222344
4541,2.035797266256871,3.738172381457406,0.013795408205903036
4542,2.0367481913705325,3.743129001530141,0.009385264478951102
4543,2.0382385279362376,3.76338247281948,0.0034854530515134458
4544,2.031120433423241,3.736971173644605,0.0863678293907606
4545,2.0437638201792554,3.7602749766113726,0.018980891032164857
4546,2.029623896464852,3.7223139686678786,0.01860406135340279
4547,2.0333946070197637,3.7234533384261237,0.0019673987944022536
4548,2.0342760257227366,3.737410718619105,0.004492676288027708
4549,2.037546926973045,3.73415328767575,0.06600744119916477
4550,2.0204071659520197,3.7089443450733124,0.0005260278316875602
4551,2.023408564111694,3.7305431013982417,0.016540648248752593
4552,2.0179723884164655,3.7349364750479785,0.04728566916904095
4553,2.0191852297181883,3.732863461284457,0.11505229356357277
4554,2.033424363117444,3.759404783555548,0.059667035256028934
4555,2.017005764186153,3.721968783267164,0.0422072496519844
4556,2.0031841850385113,3.6924250770154585,0.0018329030314721746
4557,2.0029549977092813,3.6879872998938317,0.0476571296479332
4558,2.019238967567331,3.7187618417776935,0.061120478223240175
4559,2.022947826540382,3.7391080127128293,0.018433228396691325
4560,2.022453279141482,3.758036817157544,0.02041493163741688
4561,2.0357294228446707,3.7931485510893164,0.025072010027458114
4562,2.0404139613860837,3.811451531431542,0.02991445665836263
4563,2.025451013886047,3.7699449840900336,0.0258777885170517
4564,2.012202617125096,3.7508092363395775,1.4977509700214475
4565,2.0036397013168528,3.7240746743467303,0.05354687357297582
4566,1.9940144520654626,3.6933690372650596,0.01666873838396583
4567,1.9961355789981345,3.69739128369339,0.0028796828168163122
4568,1.998113156458631,3.6906932030195088,0.04356540271269605
4569,1.99108520118298,3.670273785459046,0.0925274373456828
4570,2.010520937182277,3.7119010737140097,0.022189871377425036
4571,2.0122947232814425,3.728687756617759,0.02432248329801863
4572,2.0018580835033126,3.70875377897296,0.0026388237710974747
4573,2.0057471634024218,3.7301182486757223,0.019483757771326507
4574,2.006394211834573,3.729947674258856,0.17352209882967592
4575,2.0010163373481675,3.7025742366849186,0.01962228345458121
4576,2.009896286549179,3.7189049916222605,0.014459051354187347
4577,2.0042670856191833,3.6990024483508517,0.0496934403923344
4578,2.0119384408820973,3.7100455974649287,0.023528339784567486
4579,2.015470924648597,3.7067729550500133,0.1607340083178734
4580,2.0288253224264725,3.742125833360599,0.3267304257005577
4581,2.0368992874312677,3.765789328260283,0.01401991948023845
4582,2.031138511382994,3.775002971851683,0.0017535104789405825
4583,2.044120979492583,3.821664299508897,0.0037099673398998862
4584,2.0390207918298207,3.8136881396284763,0.11246843982400254
4585,2.0215090776716376,3.769383677145392,0.007959442513175118
4586,2.017225868457022,3.774482997942135,0.018075089616476175
4587,2.0253680466219213,3.803613203762234,0.06146505669237739
4588,2.0138753785995327,3.788110492117936,0.03796722894196918
4589,2.001133363992562,3.757769304480698,0.10704760801694624
4590,2.0124872316066114,3.7788960810790395,0.009221722758361908
4591,1.9991012624571562,3.741968240367275,0.02268311088962978
4592,2.0050588244386414,3.7486054392992294,0.022992574180920856
4593,2.000963231931685,3.7619888314415357,0.0005185457909776192
4594,2.0006577623278288,3.7507888703445063,0.03902884685771017
4595,1.9629691451539963,3.6974248738690334,0.0003489554428383607
4596,1.9254552180271065,3.6418864456108127,0.0003554073198604238
4597,1.9384718873200106,3.6838847782396855,0.06264803254525768
4598,1.9419694050598042,3.69074702531866,0.07931889801849369
4599,1.9423570678668847,3.687912895148107,0.12656323547396056
4600,1.94488051757987,3.706179425250831,0.001121783511603139
4601,1.9231140212779838,3.657423329035579,0.010827849785744883
4602,1.9306939445996998,3.679496177256403,0.0738248918675627
4603,1.9461104837790506,3.7234515099428,0.006124625580007521
4604,1.9054241524717344,3.6607229668116883,0.000330453546315053
4605,1.8756677782664222,3.623477200936024,0.00039211301154721374
4606,1.8773257280047004,3.619052591590645,0.007247699463642586
4607,1.8707653741358934,3.616162438455953,0.03489853272292897
4608,1.8697068035954676,3.608866207680856,0.017158368823881155
4609,1.8542629935416122,3.567525405355158,0.009794332669545557
4610,1.8465170151451575,3.541610363448029,0.0073703202904598026
4611,1.8464194808359304,3.5483000048439397,0.013002357240829071
4612,1.8576760635795937,3.580286119740533,0.012317413367624734
4613,1.8565091656084747,3.590896956876107,0.06491590492320862
4614,1.8448549461228665,3.5608798571782345,0.01455896178083157
4615,1.848673570555147,3.5783865424700894,0.09086684590761478
4616,1.8470578466408862,3.565499126179494,0.002257041152668897
4617,1.833341420343124,3.536319149575753,0.016713937361576562
4618,1.8475792782187759,3.5663484948329707,0.027939842053136033
4619,1.8396662133741586,3.5341204604243384,0.047673135189181565
4620,1.8421500146758003,3.558351059232336,0.026535402995532132
4621,1.8341836206725697,3.538426699969643,0.01985071880890403
4622,1.80346308313829,3.4981052551929257,0.00039767508709395293
4623,1.7985655964188105,3.4745811902385833,0.0829018192426943
4624,1.7852421203131132,3.455723317450489,0.0005349563509757075
4625,1.799495545419772,3.500130159849612,0.08440609889567154
4626,1.8171980166267738,3.5542513700066727,0.026259421726182015
4627,1.8221665087789964,3.563332522885249,0.1309975980477661
4628,1.819248704971688,3.554803363374145,0.051881249973838146
4629,1.8180050209995298,3.540698644569524,0.018292200790288173
4630,1.8322456776551483,3.5820127101025983,0.28851451135039324
4631,1.7962160436386538,3.5210689284989685,0.00036918091117553415
4632,1.8083287075662395,3.5392746038310947,0.09383487097336378
4633,1.7939030180323823,3.508723578348291,0.0016188667088457823
4634,1.783762318588969,3.471677031102566,0.007863135365319076
4635,1.7761469554632305,3.443063859332173,0.00886935321101881
4636,1.761863253857369,3.4030683762012592,0.018176718820079683
4637,1.7521481393737064,3.3824575971769955,0.011315623214738732
4638,1.7540434744703268,3.3859613906020023,0.11315612214002563
4639,1.7637682090507305,3.409586438748639,0.01052624407542347
4640,1.771508669053015,3.4186548258873697,0.01389189099950311
4641,1.7659231679704044,3.411225804582365,0.000929752418511752
4642,1.7692418324737185,3.417373561311517,0.036585882358262795
4643,1.77761709319488,3.4392715462780803,0.023443737490234824
4644,1.7934980636046327,3.4878011198385597,0.1934405893387274
4645,1.7948143057649173,3.4975806432904175,0.006803103503969194
4646,1.7907164251413277,3.4768543133693766,0.08144400961110175
4647,1.7932587638442177,3.4949704617963313,0.027972804752330466
4648,1.7748501322708783,3.447757659139013,25.38685925716616
4649,1.7814636690753025,3.464381062739332,0.08243168149710899
4650,1.7753652379431495,3.454652431531368,0.0009081878731978787
4651,1.7639549336699076,3.4377037598303226,0.0005255880681704478
4652,1.7576360154283484,3.436881781335527,0.029387621991453935
4653,1.7512955408344497,3.4267537118602425,0.09873604100340713
4654,1.7428402475465592,3.400610266429943,0.06898863453380623
4655,1.7385357124140637,3.3841504114356584,0.028632065880519753
4656,1.7418014320663062,3.4041839667671177,0.02022569400974696
4657,1.748021234423054,3.4173326229135874,0.4163933710562628
4658,1.7407167608870187,3.407970589757644,0.03263218731934609
4659,1.7567001484804285,3.4532193435555487,0.010879604461513991
4660,1.757600251791215,3.4441137333781175,0.03917044172226043
4661,1.765713012240241,3.454535789217414,0.08969744765707396
4662,1.7729517369219847,3.4863017274472248,0.0014982981562134034
4663,1.7785282547899386,3.519699339922022,0.1689969228430053
4664,1.7869141877545982,3.5520419567249397,0.01941178162748827
4665,1.7745770438357824,3.5299680059701273,0.001936129885043942
4666,1.7660044453935417,3.5126548677250797,0.009755796326503929
4667,1.7450588988363531,3.452955721513541,0.013530105974500767
4668,1.7392103121675935,3.446546670833516,0.11081836723770615
4669,1.7231018729268712,3.422564954209032,0.03964706131204691
4670,1.717673791506239,3.3957515362605255,0.03436288754624432
4671,1.7199900638444359,3.4129158857288946,0.000990182456935199
4672,1.7175016790710238,3.4176386561907943,0.01652579295342121
4673,1.6775288875059384,3.3497423381032965,0.0002728947604004461
4674,1.677954007606803,3.34133959921057,0.014073993949493364
4675,1.6762818528254249,3.323852419766702,0.12132016999824034
4676,1.6802203214326301,3.3437078950919883,0.015536435277924076
4677,1.6696868039801511,3.3088161699426157,0.016369804522708177
4678,1.674172422480137,3.326825843959002,0.03255312867833434
4679,1.6688810902350057,3.301791584367723,0.020154240092688066
4680,1.6620990599684262,3.299470774676981,0.03650736525003387
4681,1.6571787420017048,3.285757379499858,0.14431300915871528
4682,1.6554973382737248,3.2711391925828375,0.07862721172295584
4683,1.6415522535513036,3.249401168717289,0.0005702498863043659
4684,1.6305914036000873,3.234107094113506,0.0005182676062222355
4685,1.628159460223879,3.2187163579644924,0.24856460260566948
4686,1.6346303700137697,3.226799375549846,0.11294676851130864
4687,1.636424334235689,3.243797840922652,12.238329297788416
4688,1.6239753717571561,3.211150077181585,0.2226412192392169
4689,1.630073146306269,3.222189554719278,0.18721029008541537
4690,1.6252473856528125,3.220622477246067,0.0020485680965663363
4691,1.6233680553726921,3.210481970657951,0.026927102033570113
4692,1.6351277979033825,3.249066728604277,0.03695428830759191
4693,1.6331509503856148,3.2513224181791913,0.03289158421061367
4694,1.6254399767666148,3.2393769753712727,1.0367727569677714
4695,1.624256663992629,3.2419537493333523,0.557587243655361
4696,1.6118435070116823,3.2025543687886033,0.0994941344649096
4697,1.5979190347421108,3.1941951199220098,0.00010344328655118432
4698,1.5897311609345182,3.1806582734398434,0.01601721969410958
4699,1.5999438244109747,3.2067963388865675,0.8849990361361987
4700,1.6099698663501145,3.227559180394696,0.012721353572815257
4701,1.6115741625877091,3.2471848360993096,0.01348773331882459
4702,1.6199705232303812,3.266865330540952,0.0460966034023702
4703,1.6338589391182214,3.29957563856443,0.01112689519119801
4704,1.6214317456226506,3.261328030320484,0.01854960338453691
4705,1.6260191694782662,3.270408187789545,0.13094020204477444
4706,1.6269177424164605,3.278864301007743,0.007232231601160927
4707,1.6257917805779412,3.2869962958317105,0.06933619464298062
4708,1.6257706497493893,3.2820604038094183,0.028659269972906187
4709,1.6404005463369182,3.313344868542526,0.04057901590712632
4710,1.640090835345693,3.326288420062551,0.005686447046180887
4711,1.6526557169443001,3.3531404741038027,0.02048328232852166
4712,1.6490192104143102,3.332442065048827,0.019530921745270106
4713,1.6485705385439433,3.333126641089729,0.0025447093492042445
4714,1.6568084897138597,3.3601633855144586,0.17768964989352296
4715,1.6527280868753584,3.3740907921920504,0.0005610645435364728
4716,1.6556615253438733,3.3673857304300028,0.011161094069040655
4717,1.6538452140079118,3.3623286799970202,0.02190629842708312
4718,1.6530163110553966,3.34564296718024,0.014368038610922096
4719,1.6570408034937736,3.3621266948170745,0.0730851368295599
4720,1.6260516667045644,3.3131881936668317,0.0004180261501404556
4721,1.5951458998042007,3.2605346104228228,0.00041237715501946684
4722,1.5821223368580528,3.22703351358261,0.0018666393384137538
4723,1.570659477765151,3.211419062896676,0.0008515385799772156
4724,1.582522434722175,3.236246452271801,0.5167602933351476
4725,1.5959197722249299,3.2804443083819828,0.21074572574026817
4726,1.611836873812842,3.3187735614287748,0.014895659301051136
4727,1.605456964002313,3.291066515255208,0.012092702127465441
4728,1.6206293924085087,3.3231493152300025,0.25013987307946717
4729,1.6267460447501378,3.3375050883394413,0.015870213053084618
4730,1.6440070661553823,3.3787088476720144,0.06872830866343117
4731,1.633318815946465,3.346516667774138,0.01350414168185876
4732,1.6374830327520258,3.3469265619275785,0.08535605184117717
4733,1.6331063474187468,3.3503550571827576,0.035240614687255215
4734,1.6355358647932934,3.369026433690153,0.040682760407719384
4735,1.6393496290530567,3.361780652277314,0.10695762516167731
4736,1.6427777614345802,3.365575482214603,0.040298314537784964
4737,1.6374713962824663,3.347013945028483,0.09208242721598792
4738,1.6365449750265235,3.361827897263622,0.0005313054560425695
4739,1.6209267851331972,3.3323273188491913,0.023566276596520677
4740,1.6114507389963997,3.3016672074688436,0.22064491820221574
4741,1.6150189115786695,3.323443873132659,0.07390597170095793
4742,1.5961370792140148,3.2717429710730497,0.180396092317341
4743,1.5990185572868096,3.287363339727804,0.023935417590960646
4744,1.597066667613211,3.289666669749282,0.004211968603332306
4745,1.597845258362713,3.2793197391057847,0.012575521432472345
4746,1.606544301129201,3.293813844942855,0.026193394850337677
4747,1.6030493726902717,3.2977539658633632,0.053140661811414254
4748,1.6002592346548585,3.307801164725,0.12956584889197495
4749,1.6063801491352179,3.313834504904894,0.0651348530104362
4750,1.604106946235506,3.3005687517631843,0.026514278730509804
4751,1.595513989657957,3.2882850531353283,0.026085155159724212
4752,1.6010631190694884,3.2910040459397543,0.025292208107723306
4753,1.6098546561283802,3.3229115843927826,0.028905760394289954
4754,1.6126022446945578,3.3361141112082393,0.2889920131794017
4755,1.6124571361371947,3.329212223109128,0.013893343894960303
4756,1.617900677402282,3.3372916229033565,0.02590233029527345
4757,1.628049483887058,3.3771705787994457,0.033889366025172396
4758,1.62348535469525,3.3680423735140637,0.012625188187896296
4759,1.6301511419849506,3.3987569937544184,1.0426998791297137
4760,1.6132090027625545,3.3460695519318486,0.009274052431449758
4761,1.604695589005769,3.3178937007781224,0.014148956140061055
4762,1.5987983737424638,3.3115450244603157,0.0996006238281442
4763,1.5865422240880187,3.288512988344018,0.04475773318998594
4764,1.5337031846002658,3.2088921191584605,4.1930712202090895e-05
4765,1.5464204579047227,3.2475515867225164,0.011193497473121235
4766,1.5421849763253432,3.22967033404288,0.02304724043866444
4767,1.5419213881678113,3.227311113663447,0.054389977717418624
4768,1.5367853019160638,3.2117403758901357,0.0033575265611317834
4769,1.5472933880599553,3.228463464339475,0.01888553149513782
4770,1.5384981705816227,3.199439073654096,0.025782928387776453
4771,1.536498221397013,3.1921797360791526,0.10881328325830827
4772,1.5211113008553678,3.1583146346135096,0.002034506095510789
4773,1.5191603482123515,3.1527745357627386,0.022369830364446827
4774,1.5169008514928484,3.156699288512122,0.005066649225208808
4775,1.5082165244279273,3.1244421889140823,0.07148039645732349
4776,1.510398831985216,3.142117789425582,0.023704364290533637
4777,1.5162018777009056,3.1457932204477332,0.20390299774713766
4778,1.527780206575173,3.1751647544918242,0.03110080050853558
4779,1.533324837539975,3.1745517177535727,0.016901376785179632
4780,1.5301411453951972,3.15507289851657,0.006962077275285481
4781,1.5268360587378458,3.1569385276337383,0.050609336049218905
4782,1.5176068578560669,3.1239307745770533,0.019223944852019104
4783,1.5167930345880878,3.131436615688945,0.04425693903634909
4784,1.5181871078772793,3.145497258345478,0.13139016249068144
4785,1.529155446007235,3.1825147760889507,0.012322155032612168
4786,1.5427059996119235,3.2269338979629665,0.028871982809371397
4787,1.5444600637969583,3.2527925825023845,0.0028482967554717188
4788,1.5375375483568845,3.2256232138012866,0.010717155700723653
4789,1.5253419042681908,3.2068726190080126,0.0005857615218766885
4790,1.5175097150474042,3.197706101019317,0.00018926153402518614
4791,1.5062462494724351,3.170257249652003,0.026708399432618025
4792,1.5017755026496815,3.174495543456641,0.03389804334006202
4793,1.5090421071276168,3.1936799057778735,0.011577164598741365
4794,1.5110825260036462,3.20491392688362,0.6782928876175537
4795,1.5083328272697776,3.192964459243729,0.035480638934793765
4796,1.513180442123552,3.1902213949748717,0.01553293268407791
4797,1.521248500076427,3.2136953545060694,0.1433713238167663
4798,1.5206995521017725,3.2024090325546033,0.07295708261915704
4799,1.5319685783777017,3.230678945683966,0.03676343746925547
4800,1.521486141592615,3.192105302536116,0.018128123833307606
4801,1.5127957308079623,3.1720551482343793,0.012668989769071383
4802,1.5029855437700366,3.1433898809397123,0.00919248956028114
4803,1.5116388838406947,3.1783299861422876,0.004398856095897675
4804,1.5010224472333378,3.165106805206222,0.011700096832545706
4805,1.5096495019728984,3.195778004547153,0.05199198254441079
4806,1.5073809046739197,3.1990858676272182,0.037522035541205874
4807,1.5160890763269126,3.2302512056628254,0.014255788243330377
4808,1.5008619786261013,3.181609880187812,0.014229027054261054
4809,1.505380891060919,3.2071035867094144,0.053112195282920376
4810,1.4974019693660754,3.1842314281527684,0.019631074677400124
4811,1.4998373407572358,3.1867600898817674,0.07464454093778324
4812,1.4992675987933244,3.195713110472763,0.0018549641281145487
4813,1.489322397206904,3.172820486020504,0.000912975438630036
4814,1.439022630540175,3.0952674846832355,4.346579834401283e-05
4815,1.4326516012046586,3.0968436840848517,0.016770965317006593
4816,1.420074007615708,3.068176592605525,0.0024709477200148566
4817,1.4147534364108718,3.0390314844107813,0.015331961745293067
4818,1.4163525448314027,3.052553126831717,0.037396651941586555
4819,1.415587357869049,3.0420258510991904,0.020053243425614004
4820,1.4200666862911961,3.060848497814297,0.014439744017086897
4821,1.3913207596091537,3.009901826906328,0.000443877136551175
4822,1.388854737739804,3.0151059594168736,0.12938880104789996
4823,1.4031528596050216,3.0603143938357884,0.03639092867297337
4824,1.3997696210048187,3.0508182322264537,0.06320902665200438
4825,1.397660930491861,3.0559576808939757,0.04399095119083698
4826,1.3810296943605618,3.014825510956099,0.027686898078487062
4827,1.3809885950872276,3.008645662343567,0.01541901766975652
4828,1.383232064978515,3.012912654951562,0.015479825711232648
4829,1.389098675329612,3.023394747698004,0.03563934944648613
4830,1.4030465146370292,3.061485697458251,0.017230545547239982
4831,1.4113709391722054,3.091535012436715,0.00983178860021839
4832,1.419881892893234,3.120276148464506,0.011173326639582183
4833,1.4015075193098705,3.0744329482463595,0.04819779300051892
4834,1.4132257555427707,3.1090158470341636,0.035991895968957466
4835,1.4051104517869069,3.0759466208307487,0.02980277177807076
4836,1.4191707215245717,3.122055247132424,0.023301367136547554
4837,1.4028988668592424,3.0761023911712626,0.03617860969832386
4838,1.4018260174716934,3.0696416284171906,0.021017437456369394
4839,1.4005441396820648,3.059157621258976,0.1609037357404441
4840,1.3880240436254219,3.0491695230452067,8.252960328442587e-05
4841,1.388606579970449,3.044791613638492,0.005340337236747816
4842,1.3849754905679965,3.039329261095983,0.055389865548411674
4843,1.3805456493181174,3.0174203490053726,0.0316265884762389
4844,1.372692898138675,2.9874824774114086,1.305602112752023
4845,1.3877188465504668,3.0214746827206875,0.22658663356907366
4846,1.392837120284065,3.0320868569390274,0.02060233058722276
4847,1.387854886458681,3.0023131239747483,0.02282138957917075
4848,1.3812401470537736,2.996268836359783,0.00013759360992569438
4849,1.379132772435239,2.980874435265232,0.028567007361711697
4850,1.3861215768361648,2.996253025129944,0.0038868707611931777
4851,1.3924118291915737,3.01793302893722,0.0104575475531772
4852,1.4036921530412854,3.0588894802401008,0.019791851874408312
4853,1.3860476061991285,3.0046888027127476,0.01388604568078436
4854,1.3661259144729405,2.9754643452797422,0.0005235205170417787
4855,1.371087440890559,2.9803052484935426,0.2109157123622586
4856,1.3707433871205155,2.991524191944322,0.009522659190954194
4857,1.3642038009256334,2.9585894321354655,0.04527754907348552
4858,1.370803294165929,2.982463101620207,0.05923457841415971
4859,1.3777782490428458,2.998591516667969,0.037015890072622556
4860,1.375265290105803,2.9973883665319456,0.03148370554905007
4861,1.3721332815796883,2.992674253733716,0.0005666050900359683
4862,1.3803694712375767,3.0102186383608838,0.014879231534256476
4863,1.384491424938836,3.032967997942941,0.007699515401900544
4864,1.3864226930497152,3.0495152411273465,0.02265464147072859
4865,1.3843951074399785,3.054625692002223,0.02997462496186322
4866,1.3853438415868946,3.0623689659755398,0.05316035245802975
4867,1.3928030951135235,3.0957993224215397,0.018541892935537877
4868,1.3691297509348854,3.0576342364990303,0.0005687028664445485
4869,1.3802635195648711,3.08058651074761,0.226404238242906
4870,1.3656645021034057,3.0386749561782063,0.0022505010064392777
4871,1.3502852428737646,2.989859938337771,0.012408862628729714
4872,1.3452417102386247,2.9708383298238066,0.007831716679093817
4873,1.3349236384266117,2.948131951906823,0.054499773489946016
4874,1.3395876950105752,2.9599192854142164,0.004117607852758515
4875,1.34081045794395,2.9547142716668087,0.00677408377279337
4876,1.3441938762001553,2.9717031294277367,0.014277742099404866
4877,1.3488596403263284,2.973500328691582,0.039215654537800654
4878,1.3539969148243556,2.982677280703493,0.034840547702547776
4879,1.3467633814701696,2.961764824066301,0.0030358073003938445
4880,1.3466059343852987,2.9779226082717165,0.022003410896572973
4881,1.3537302468622479,3.0092174607241966,0.023024726261227826
4882,1.3503703122480817,2.9935919923213565,0.0424823613966629
4883,1.3360482757437968,2.9621305539578398,0.0006429050721378433
4884,1.3495625720497795,3.0104774577149818,0.015652305419350743
4885,1.3490271951510848,3.01013169776533,0.010403611900456994
4886,1.3458078935297186,2.995609304927424,0.003474810649946044
4887,1.347134334898542,3.012960018073124,0.03194893212465605
4888,1.3399765700248525,3.0005301016876937,0.05973911976897234
4889,1.347887449438752,3.017888578883073,0.023729257251043998
4890,1.346643167829749,3.0268360726996373,0.002555019629386768
4891,1.3328968865075521,2.999140699887191,0.09005191022583958
4892,1.3403209758220958,3.0122110331254177,0.02612866348099001
4893,1.3445083777495437,3.0198268802075736,0.03546787849715267
4894,1.3334451038170922,2.9732863579606037,0.059048777089777654
4895,1.3422720446822198,2.99141165399396,0.13352854847936343
4896,1.3434572881272733,3.014205972891247,0.0036551733536175435
4897,1.356055276439855,3.056869354985177,0.01675776148179227
4898,1.352371628906072,3.0443322548311804,0.10294075916791204
4899,1.318962672610913,2.981474482589292,0.0003306310254100521
4900,1.3282215114398555,3.013122214764111,0.03854980099409267
4901,1.3115591065575642,2.961437985339308,0.0195803811488078
4902,1.3177594814866243,2.9693830432807466,0.03826435620899986
4903,1.3021647925043318,2.9171021813160003,0.011609529988407863
4904,1.2965432420217344,2.9068157143469833,0.019683546834523714
4905,1.2944666320205558,2.9047206700436967,0.003048855031397917
4906,1.2971805983332483,2.9111503938586933,0.035726687310606464
4907,1.3012757266646926,2.90983912892443,0.11175676375189103
4908,1.301573872331316,2.9040577723201353,0.03687702498033674
4909,1.3036721346210627,2.9173514479018237,0.017089112235622896
4910,1.3047625028630556,2.9137214152716577,0.047494778952004976
4911,1.3088398413930107,2.941553029034744,0.05663981746642495
4912,1.3249467122807637,2.986624970167129,0.018619902342387255
4913,1.3324467902358257,2.9935113771585127,0.038706406083551914
4914,1.3380577708117825,2.9989858420088886,0.28241506353283374
4915,1.3268355013334612,2.9810584697154523,0.0006251612837090653
4916,1.3146272151281608,2.959574133579629,0.04200651899610394
4917,1.3070636090850596,2.9418970625513214,0.002466657811968938
4918,1.3086343497637671,2.9543357198684075,0.025195716932222893
4919,1.3098183328291892,2.9663925241250815,0.024209944100745635
4920,1.2992159629632047,2.9323061931163825,0.010597202587622485
4921,1.3041502615965002,2.9440994815252726,0.019274524655042154
4922,1.3128715129239723,2.9802850478500034,0.331142999709893
4923,1.298010483024885,2.9350768876682767,0.042816778658778636
4924,1.2941040499422143,2.9166294245572537,0.03314229411459805
4925,1.286534192343971,2.9111068385382866,0.028110250740891022
4926,1.2943626127479682,2.9383654685634837,0.021365425517920523
4927,1.2928307376249777,2.937320997313292,0.01398385366544096
4928,1.2650863381387125,2.886202959330788,0.0005329292110739569
4929,1.2613890274866781,2.8710233860695897,0.051231672621511834
4930,1.2580470105052324,2.858530488340666,0.005486741093351835
4931,1.2611364264014604,2.8613815468403763,0.03989438765712407
4932,1.2524712413056298,2.829607628483911,0.05168619356520734
4933,1.2392114311741294,2.8219494415659536,0.00012379584794573438
4934,1.248319874259785,2.844270799128259,0.06284606320076684
4935,1.2547817100325707,2.8644749307309336,0.00867765186646574
4936,1.2422635879021664,2.818578100301484,0.10872129180276335
4937,1.2197760576993821,2.7750756123547853,0.0005769776402632686
4938,1.1911371787899572,2.715808188923338,0.0004214941072287564
4939,1.1890187722137104,2.7146394425786866,0.028202053329271493
4940,1.1924228457396953,2.732713862836904,0.10085019591638406
4941,1.2009943047334612,2.757875510230382,0.315241587354133
4942,1.2063162268189505,2.78448454629187,0.03810583920069887
4943,1.198534735235632,2.758248202274411,0.002921449408148443
4944,1.1968002126104442,2.75662829508917,0.056072721665659214
4945,1.2018310233155372,2.770083567416699,0.017582314945711684
4946,1.1836464006701113,2.731446129926457,0.14075899919801613
4947,1.185268216836887,2.725860301469932,0.02083638399643242
4948,1.1980791010046539,2.775212230724365,0.27674469327844053
4949,1.1883905782641142,2.751352785248401,0.012916000838810001
4950,1.188463795465486,2.7488539391638454,0.0482723592587159
4951,1.1893712105188705,2.7418488647537176,0.01552559194243154
4952,1.1855260212255774,2.7249730537007624,0.015021562202142022
4953,1.1872748224126026,2.735017534013457,0.015149756052354026
4954,1.188675371241358,2.7285846575644213,1.8216158070480022
4955,1.196833151984217,2.7607689408170666,0.060151197041795626
4956,1.202620993347534,2.771861475298656,0.0427063493581074
4957,1.1971265207305333,2.7605834123042254,0.015783251390761456
4958,1.1842199856287519,2.727541057079312,0.054686745245222164
4959,1.1797997385943475,2.7348458370723,0.00042212740456800226
4960,1.1794093470340015,2.7282894481580398,0.1360749789909165
4961,1.1574297368862203,2.6826031072260124,0.0006790591044080254
4962,1.1651930470465153,2.702920397737683,0.019091663426272127
4963,1.1810605999679222,2.743795081966526,0.05292547730096461
4964,1.1837376421218007,2.747581080163833,0.025910747148258556
4965,1.1799473406030339,2.7389950714920523,0.05242425834429114
4966,1.1841671214704075,2.74829575620599,0.21699927028299024
4967,1.1981221134818179,2.785718221378462,0.04636312126625724
4968,1.2003800548891228,2.7797543480251155,0.5954155733020453
4969,1.1934928165592058,2.7586617306634826,0.017544186231771584
4970,1.1891151764407863,2.757304053243673,0.0009916215225840783
4971,1.1895899067510072,2.7686699072158936,0.11034073125094421
4972,1.198194302753572,2.806754341308029,0.021740462808127893
4973,1.1950938794701107,2.79012222646314,0.03331189810885787
4974,1.209613819834468,2.840640363182574,0.04652182575382135
4975,1.2169529505886658,2.8518432933339883,0.09768645356620875
4976,1.2168698060042142,2.850316437115664,0.015988788328568863
4977,1.2202072223895606,2.8674502796983656,0.01176051518546586
4978,1.2066574714319962,2.815904071508687,0.019353219827089707
4979,1.2142522056532237,2.843393270336987,0.029704308830907262
4980,1.2103659773570077,2.8246879226938177,0.02137581886847857
4981,1.1975762573494062,2.780701844273442,0.021679113667222957
4982,1.201952785176788,2.799608715973937,0.02837797181132519
4983,1.195984766948493,2.785130205047004,2.9347631595344867
4984,1.2089250574252732,2.824432092779637,0.20707225336914065
4985,1.2145986606342092,2.857265754189218,0.024019690711884468
4986,1.218513808351391,2.87653924881139,0.06009802025863592
4987,1.2226876675305534,2.885965686707856,0.052631760427787125
4988,1.2107630836262084,2.838828858895016,0.07288121186693163
4989,1.203627846587692,2.8229871351169042,0.028956466236295508
4990,1.2010459982924635,2.8289047049185156,0.04965422462035546
4991,1.2021230521616117,2.8277762827316204,0.020889436633702435
4992,1.1995255603915322,2.827718698215712,0.005997523462468028
4993,1.2052883509395858,2.864612279358123,0.038470265012959734
4994,1.1840826487193483,2.8220178520219896,0.0006530011840533702
4995,1.2019412950163522,2.8743501119356383,0.03165433207396317
4996,1.183676351598603,2.84407063774706,0.0007806179911614045
4997,1.1827626399768345,2.8304793663593344,0.03798633683679814
4998,1.1673766105208145,2.7779868143973947,0.013499190292191763
4999,1.156100473418151,2.7321794915597923,0.003919328667199871
5000,1.1517959098931783,2.724246499517125,0.032012552678277156
5001,1.1436010941564447,2.702238172285986,0.04953621620377272
5002,1.138968554701293,2.6975886569522065,0.03210344028525227
5003,1.1107013158279087,2.630726381094732,0.0004918847191668263
5004,1.1056331686611613,2.6019861874056125,0.009320040783653165
5005,1.1087678072186637,2.6154203674512586,0.012836508466538034
5006,1.0987818685419755,2.5797076889486408,0.003578358452999811
5007,1.0960323256883904,2.563475292799614,0.012955515234374864
5008,1.1009797795306748,2.564559352792516,0.02811360151282305
5009,1.1018620106225785,2.576893843354243,0.012495346716198043
5010,1.0967808274991926,2.5559227612413027,0.016087181130726647
5011,1.1049240881703202,2.5914473202834003,0.012796294760676511
5012,1.0861306553429046,2.543858121022611,0.005740132611410796
5013,1.0877021048466238,2.5589238618695247,0.05037251335043319
5014,1.090053703844356,2.5695582130566814,0.10548457688257024
5015,1.0945248714021154,2.5975936401337103,0.033448703673985586
5016,1.0836038346698205,2.553769809572375,0.17356578431716657
5017,1.075049146319169,2.529536681335067,0.12420861283428203
5018,1.0701597734752184,2.5115609440675564,0.024158514521084966
5019,1.0706798131173796,2.5186472705889362,0.11833743799382314
5020,1.0769740074574954,2.554105233856576,0.0043262478923026815
5021,1.079708200920658,2.547906849732167,0.012034885135447542
5022,1.0759514465884807,2.538720101058173,0.013915980228113287
5023,1.0645645147820388,2.515982825472138,0.0006369709450266388
5024,1.0514418005378057,2.506448025790744,5.7021491888051126e-05
5025,1.0483031743347009,2.4860467143046843,0.18126131017811503
5026,1.0478062129924723,2.501749288936252,0.024605217969515786
5027,1.0486993063316732,2.510791928949304,0.03449780125257913
5028,1.0539710750768296,2.5436089059841103,0.07616448242594992
5029,1.0598855368642137,2.57344949321281,0.04938211861722301
5030,1.0553337516469545,2.5429609639555784,0.018035871656648324
5031,1.0450068685166087,2.5110176448262806,0.06543015185497102
5032,1.0518350722671876,2.5306763545115665,0.024539757695689005
5033,1.0580906417305895,2.5435093621091047,0.03872636074529949
5034,1.0490824123687053,2.516528560405845,0.012320237586790241
5035,1.0453721112006493,2.5055066222670384,0.024338519449889035
5036,1.0496471679124604,2.5334273772157965,0.023716884724802448
5037,1.0299335412240742,2.4832556261401653,0.001015635453710296
5038,1.0288507504014703,2.4716778416657363,0.056824461293040945
5039,1.0223874622852456,2.455690246826832,0.014424211520320467
5040,1.0141243068906287,2.4307448495327155,0.3719193795392768
5041,1.0231517995764388,2.469492520412742,0.012633334541280305
5042,1.0109971109002507,2.4271907280885396,0.04673635494203632
5043,0.9991549755898802,2.4022702389609276,0.0009822342656878313
5044,1.0070535029007208,2.439229228504198,0.010890118358498698
5045,1.0183851980991794,2.4868890886043142,0.04645792956955718
5046,1.027030140380613,2.510870972298416,0.009007633841863705
5047,1.0344298166186874,2.5326990595245342,0.029196009682766574
5048,1.029008170419682,2.515502388354098,0.02783456284378909
5049,1.035531103516246,2.530966634757071,0.023506946349221677
5050,1.041197426171319,2.555080132218343,0.061398843447896076
5051,1.0402969714330061,2.556933745953542,0.06255538564099286
5052,1.0390277363565066,2.5633783043380745,0.0011359985409340355
5053,1.0231290008482867,2.5264901928973194,0.0012492796416140291
5054,1.0094671071371457,2.470276254075361,1.6047317094160731
5055,1.01775254525667,2.491474740198894,0.013245104173441283
5056,1.0060868613320908,2.465260226265026,0.04781006029026109
5057,0.9963898784759772,2.437527107743869,0.4383063684345276
5058,0.9960237504633861,2.4379575394535995,0.014342963157917435
5059,0.9999221704609672,2.442393041346667,0.006240791311550393
5060,1.0074978414506124,2.473682295217075,0.013296865850913534
5061,1.0051709563102795,2.458429253589475,0.007582916927224623
5062,0.9965438886452783,2.4292488885269137,0.01601026715139148
5063,0.9893136722650475,2.3910044156748307,0.015438006694996642
5064,0.9915145614102704,2.409966195449406,0.0013207813750396786
5065,0.9853383452810517,2.3766801795270878,0.02880433611680957
5066,0.9950764144797329,2.401225212101142,0.017790679537946705
5067,0.9978293015812225,2.4167479301285857,0.011514446505934302
5068,0.9973376683910963,2.4230117193598115,0.048914971201092526
5069,0.9914989512280828,2.387003030650197,0.09947823679192189
5070,0.9871928309010515,2.3752134695414515,0.008732964239943256
5071,0.9911245724382869,2.381848808216969,0.016972533053565986
5072,0.9898934110877332,2.3707554123327186,0.2067843282867953
5073,0.9862751142561168,2.3594878968329787,0.1524499317986313
5074,0.9956145673312605,2.400026093276796,0.4174200268334938
5075,0.9901488447521721,2.4066836650067756,0.00038139038022680664
5076,0.9966771628112758,2.4315676400500585,0.011844891968835343
5077,0.9935740029594363,2.414027101275298,0.04949051109094271
5078,0.9995312343492189,2.4447919426392635,0.10777079552348832
5079,1.000341015891382,2.4272729953470686,0.014680215518198394
5080,1.0139015706795118,2.4760062107560934,0.010943788976847344
5081,1.024587739633507,2.5104043051281892,0.06297799631340718
5082,1.0199744181924046,2.489226487201305,0.03972689636983192
5083,1.0111292314852733,2.457735610479008,0.0356641785730546
5084,1.0083725398304992,2.4490731114147577,0.021165133402950183
5085,1.0052662920587672,2.4446596485223897,0.12253574142694777
5086,1.0004817274514892,2.4240589542643725,0.021707998793238932
5087,1.0049008212185084,2.449464644974484,0.02842139908998026
5088,1.0018911704097662,2.4317296157130737,0.12994564461784525
5089,1.0023613842676398,2.4468515557753983,0.09555315744850268
5090,1.009823225001262,2.478682553835907,0.013615890327990758
5091,1.0197297751264567,2.509802411947824,0.014675830573557275
5092,1.026245994501621,2.5390491918719187,0.1913944433565329
5093,1.0379273841186263,2.590163677373332,0.05447965305338629
5094,1.0334278391419283,2.5641329351789905,0.011052460187662635
5095,1.0174066460906552,2.50593873595145,0.11075908419040699
5096,0.9940793471274707,2.4422816755548147,0.0007317935729853806
5097,0.9931920361033041,2.4318505223123212,0.006757924533766945
5098,0.9902693665461206,2.4234718103705815,0.0009828372862466012
5099,0.9818253678170318,2.396553371600569,0.02934435785845197
5100,0.9748250730475699,2.3931988827903963,0.00013505126775806563
5101,0.965532930410645,2.3650415625608763,0.13270857464048694
5102,0.9701809264913175,2.3755920451216648,0.014806805147055888
5103,0.9674857409021524,2.354958812387628,0.9400855245948877
5104,0.9733118740980455,2.3697393745919064,0.03262650119244411
5105,0.9743020352199299,2.3845212189860643,0.08347722565249238
5106,0.9729631789602378,2.3702503582344843,0.09033459477082247
5107,0.9768148234817314,2.373350555348741,0.2622884052672284
5108,0.9757980890221386,2.3631008124659165,0.005086479965572419
5109,0.978953278886733,2.3712961006234163,0.012513556950254206
5110,0.9748018743850302,2.362160754090183,0.039253877666305
5111,0.9708107550085951,2.341796056609442,0.005701252880180433
5112,0.9761217170061867,2.3642220256447914,0.00698428810051282
5113,0.9770207583956552,2.3638097851620317,0.02211273046332741
5114,0.9838675672058128,2.383396211290796,0.06744022655860278
5115,0.9797032732433385,2.3929156099616864,0.0008964843371323443
5116,0.9862862380138779,2.4118775119053684,0.026561315117104446
5117,0.9950559459361884,2.446321034674263,0.01021441654381837
5118,1.0063828502918863,2.481455034904708,0.09829861506058972
5119,0.9937161908663407,2.444447362146106,0.0014033462501102166
5120,0.9966742025363264,2.442288412022744,0.009832838183634436
5121,0.9975662305437789,2.460058613383381,0.04986565930580107
5122,1.0013851125951696,2.458915781469683,0.037703216497601985
5123,0.998723547562287,2.444280137569405,0.08409342729496574
5124,0.9993279337229967,2.437309741246067,0.02030075336755625
5125,0.9935850343199584,2.4326339804064676,0.03269730082591864
5126,1.000772774343504,2.4703617251455245,0.016589432490325722
5127,0.9828470091448065,2.4217410957625356,0.0025583047194889497
5128,0.9863599623902201,2.4295611240722486,0.0769078461328888
5129,0.9758715433027411,2.408525181898378,0.020296961337052027
5130,0.9728059829834365,2.397258810203529,0.0009954692987479963
5131,0.9523360301906486,2.342594510914489,0.011540024767215608
5132,0.9521957912323493,2.337944694444921,0.014700467061944384
5133,0.9568647221999765,2.338739559084353,0.04226779443593647
5134,0.9583802848502666,2.3441070789171987,0.12655713955944742
5135,0.9561357203052134,2.338403209795759,0.0037802407698851216
5136,0.9478665130642985,2.3120408967211286,0.010472099440251039
5137,0.9457992569755389,2.2994944048160506,0.008953573734386662
5138,0.9470442195769573,2.294518296542943,0.018769230050382092
5139,0.9480114499167922,2.2958041532960136,0.005227751235351663
5140,0.952880242476763,2.3197394815388575,0.49731173110417737
5141,0.9529143916374468,2.3234262882910293,0.008918030229963124
5142,0.9525944198361522,2.3181806861439145,0.006324886861193206
5143,0.961228840493267,2.3589830160580947,0.020778391821386084
5144,0.9686548490058945,2.3777527306379267,0.028964669056874743
5145,0.9755627809362754,2.401070023029959,0.012448433945505643
5146,0.9694204075971368,2.3890507959445215,0.0006095420821717663
5147,0.9679835263618508,2.3818511496534436,0.18476843830272205
5148,0.97843930721192,2.4157671752585705,0.03226390278736816
5149,0.983125142709159,2.4462590047630006,0.0456019701411373
5150,1.0010383585233662,2.5073956627930527,0.06326737590356414
5151,0.9947387870255754,2.4791314677290917,0.013991749132941622
5152,0.9898277775030269,2.4708929787239273,0.006397565398646417
5153,0.9763901430526275,2.4415790277483023,0.0006271253671035336
5154,0.968322050839356,2.4048996354058305,0.03074336219926969
5155,0.9590381931337018,2.3648289462021523,0.02485299808209299
5156,0.9634165431406664,2.37896981944789,0.06819297166709756
5157,0.9718512347941906,2.404268490458479,0.6267719761451422
5158,0.9622704119958911,2.3844969520878507,0.0601372018252628
5159,0.9520656629573556,2.347871215265062,0.01730467751452628
5160,0.9500137978905632,2.3327833183004105,0.05133669970987371
5161,0.9428671080998151,2.30096464886108,0.12196302354988263
5162,0.9409393484185103,2.286400443809241,0.09579815375226758
5163,0.9378662091657668,2.283070493849592,0.010517742528928344
5164,0.9415000891838438,2.2993798606237204,0.03562424442925748
5165,0.9336616028591036,2.2790324133303805,4.074716787430271
5166,0.9422751605418859,2.3050680934146475,0.016432052776729784
5167,0.9420168243807809,2.296158758972518,0.053952231080009676
5168,0.947874827271676,2.3056826038308262,0.06345295672678862
5169,0.9502845862890681,2.320433014171809,0.02221817233428376
5170,0.9451094478265556,2.303060121100226,0.27690520624542003
5171,0.9461935223097812,2.316687161001481,0.11001336178720075
5172,0.9510306664160576,2.342383985027194,0.015899337051603454
5173,0.952166775184877,2.3419284543436882,0.04961986637627908
5174,0.9451437617468755,2.323790114814843,0.02506927208300843
5175,0.9430864368835998,2.3320578306856166,0.0031839421228233257
5176,0.9463078160268876,2.3560791324722565,0.03311823802647507
5177,0.9424030908376135,2.3363663011132743,0.005680208924497884
5178,0.9421856168998897,2.3475384927269936,0.02119926048366422
5179,0.9457139941572811,2.351317663373171,0.09586135145813457
5180,0.940790206018488,2.327543550023486,0.07694945593724543
5181,0.9446828501372092,2.336993725232154,0.022353974647264976
5182,0.9492811826706156,2.355647186475825,0.012454565279085929
5183,0.9407977264344646,2.3355196546638433,0.01742464187384998
5184,0.9380743877075459,2.336796323286301,0.0013744934804505904
5185,0.9326847979883505,2.3404858390147987,0.0010023397847658748
5186,0.9292423658177598,2.3164929188199985,0.026255638338460563
5187,0.9341716460641886,2.343016660220181,0.11781569469121422
5188,0.9357358444441521,2.35381307928317,0.26657017397592997
5189,0.9285277901339225,2.336441944308968,0.000326896407381789
5190,0.9199563048272716,2.3177268060733964,0.0007105591449413322
5191,0.9236572126718032,2.341325354848888,0.06594232264206096
5192,0.9158085691523552,2.3130091210717754,0.029604519143970363
5193,0.9240121750919171,2.346381355439517,0.5308743232010921
5194,0.9293013071554849,2.352770045462914,0.050971110834216495
5195,0.9217335128157785,2.34240197651433,0.08481764968271166
5196,0.9104528810151121,2.295573452511892,0.015647192471003258
5197,0.9092809338972768,2.2742779174421157,0.06863131263060336
5198,0.9086798908083559,2.281927984591718,0.20105131725578335
5199,0.9165849405692902,2.305627584197511,0.04439259501938284
5200,0.9233804492589264,2.3390360893452904,0.02134891188850659
5201,0.9308802540429029,2.371996896210805,0.018024489662365473
5202,0.9288146282062761,2.3517469461979403,0.036050184014030644
5203,0.9262081571817523,2.3341731951059916,0.005871462690684148
5204,0.9333569562507399,2.3550655737368427,0.017097227407935085
5205,0.930656230571995,2.360717404791145,0.07197052430844458
5206,0.9243712179702093,2.351197818211406,0.00016728847076672126
5207,0.9170954472054099,2.315123834439349,0.058889920501926374
5208,0.9225888160268566,2.3484603422551777,0.005850835610986812
5209,0.9227323779411734,2.3527663703553907,0.0323469268689786
5210,0.9196290328595208,2.365914727631804,0.0006953550300369558
5211,0.9040729876919333,2.321118447282828,0.0010751324607544796
5212,0.9013500736283542,2.3160765729253305,0.0014021965898332032
5213,0.8989182186805391,2.310503329183864,0.015981746589690746
5214,0.9084356888450653,2.3433855524935536,0.029500425149494983
5215,0.9181202337808626,2.3860502378968502,275.00088153510825
5216,0.9147345012544285,2.360695388935973,0.07383264161396921
5217,0.9170039435637137,2.352828493472893,0.0176841355926995
5218,0.9224027789053864,2.369087124433913,0.030039946248720296
5219,0.9123081402513125,2.3287892693307297,0.00944484718038543
5220,0.9064563933689581,2.3155211327671847,0.02424188236561125
5221,0.9086620088995678,2.327318521000477,0.025675122107187254
5222,0.9197115203304638,2.3622584080259417,0.14754540813374312
5223,0.9119399042911474,2.3334494747196426,0.010891910315764952
5224,0.9092212404793013,2.3180422464455828,0.10879308049017913
5225,0.9154228667395413,2.3356204055535663,0.07678616092081479
5226,0.9141012753775901,2.3390902356916663,0.03775331864428121
5227,0.9103371901485035,2.324460407486114,0.023238906847828242
5228,0.9032590017004034,2.294896621181945,0.014293353643705379
5229,0.8997970159219411,2.273656027752323,0.019608839542326256
5230,0.9068040654242048,2.288676028456481,0.10967077708921726
5231,0.9061143787423703,2.287772996073704,0.026931602085917324
5232,0.9150433429110537,2.329760256408538,0.039389003981095384
5233,0.9112519878583721,2.317604746315513,0.03149799236970662
5234,0.9109562022820151,2.3148753763450642,0.010162707790114502
5235,0.9149949312673521,2.3140671028790663,0.0907353611929885
5236,0.9160193901900271,2.307460347056194,0.04845811355645518
5237,0.9105485751549247,2.293747368721909,0.0013264762877123744
5238,0.90920878916148,2.292970865809566,0.005088061660096452
5239,0.913773711981697,2.305186785767567,0.3337130238989307
5240,0.9145427747317184,2.3205959225879975,0.024646535975532385
5241,0.913129887111609,2.3300522678717317,0.009413082436811451
5242,0.9197214212598191,2.348819369418302,0.016261886047488995
5243,0.9239303592034585,2.35972771600609,0.11980752125849298
5244,0.9209174959789546,2.354164788821518,0.015420655010455055
5245,0.9185079880286721,2.3513958160406996,0.008442317981970354
5246,0.9198192476337247,2.3562923653705843,0.01217864868113526
5247,0.9213105038957736,2.36036237443976,0.010629084947848236
5248,0.9130017349511333,2.3276995387206925,0.5381073784036708
5249,0.9040119722326405,2.302534003124213,0.2764499155423985
5250,0.9002113175072601,2.285220021233252,0.155716312204945
5251,0.9016929073798703,2.2996155270854874,0.04043096129562271
5252,0.9084111669848051,2.320755695283685,0.02122982808466204
5253,0.9081227599631435,2.314465970305407,0.007173492567270523
5254,0.9064647116029613,2.310504978816056,0.011924670636929301
5255,0.9024195293872393,2.303433206028531,0.00160992520308114
5256,0.9118163520016729,2.3417267713484122,0.04065239691248624
5257,0.9098958169290151,2.3295496015466144,0.009940720075750191
5258,0.9078654510150653,2.323897660496894,0.14508682231398204
5259,0.9074402143813471,2.3119564836484265,0.01181461813688454
5260,0.9122399624991976,2.332486020993318,0.0046067133187582205
5261,0.8962474374848383,2.308302816604703,8.057260377000291e-05
5262,0.9012465563553167,2.3258612537048453,3.2077995953454668
5263,0.9019946546529466,2.328899134426401,0.056798988636370895
5264,0.9061991097904533,2.3333913635840857,0.04589542098347633
5265,0.8981680766283127,2.293468276692126,0.01378718652917427
5266,0.8996867645438839,2.3005104031011174,0.0572780300075807
5267,0.8967078892347984,2.2844579907172826,0.017617268340611874
5268,0.8983180106633263,2.297722186256125,0.033129369936242464
5269,0.9075213836853905,2.338797654790664,0.0521232191999566
5270,0.9078409198914672,2.3398144151005438,0.035193635304689705
5271,0.9053551016315388,2.353106600106586,0.000887059281275895
5272,0.9018545410216295,2.3264578838946544,0.013193437075128265
5273,0.9097688707272059,2.3586545949552535,0.0184226444752445
5274,0.9064276311585647,2.352018970201924,0.03221253408076954
5275,0.9128028888490566,2.3720677114985826,0.025066621367459355
5276,0.9178279533049141,2.4104953225395365,0.011770220421663497
5277,0.8813858869305295,2.3388640672950536,5.7491225698101534e-05
5278,0.8841275651354976,2.3567636194307098,0.39499302535499137
5279,0.8763035766689355,2.3388192905256915,0.027392632936241848
5280,0.8710384422998405,2.32016798645563,0.007323081009943645
5281,0.8656081020486442,2.284762053369796,0.02011673990098128
5282,0.875257667453806,2.31497591229044,0.013768590712530978
5283,0.869786690690107,2.28713115554243,0.0034140324751990463
5284,0.8802079154229262,2.3328312874877852,0.03448571489856355
5285,0.8805953073825572,2.3275310991678158,0.05626293905937073
5286,0.8748184509046106,2.311100993737873,0.004474700111542446
5287,0.874765847912736,2.3317684629089537,0.0010930249978720107
5288,0.8752988020568747,2.3290557741606186,0.004309717150827909
5289,0.8767736474292183,2.314377133991338,0.20452610530048562
5290,0.8641972544678449,2.2693734473376,0.040098225107495326
5291,0.8680868917694018,2.2714799438213986,0.15186581768999566
5292,0.8671346373754906,2.274762875977067,0.025729932532831075
5293,0.8606202618400073,2.2677443723981465,0.0007568603701168725
5294,0.8587398440553192,2.265028226476701,0.007372171005683278
5295,0.8547521798322105,2.2688950255450133,0.0343135567940963
5296,0.8604660445649515,2.2915876782904427,0.03807784759869662
5297,0.8587026519279288,2.2916747638284183,0.029070962135339027
5298,0.8613659676669272,2.2915845667894184,0.05501495322779956
5299,0.8528740994296732,2.2529042077660053,0.028022248087542216
5300,0.8574157801479068,2.2715870380308054,0.7101452183169648
5301,0.821466493023124,2.197197327355685,5.761251510151993e-05
5302,0.8254269451943277,2.2027080200564813,0.0202107527264577
5303,0.8257220240014048,2.2044335521390477,0.11963592189127853
5304,0.8274443043794596,2.218865242820636,0.07921351773376911
5305,0.8285239456729977,2.2188337506128106,0.015081637493717248
5306,0.8368916087242245,2.2431710938488982,0.028518258209017877
5307,0.841585649147644,2.26504224821267,0.0338502539383235
5308,0.8379705478192374,2.2459595921935334,0.06343194938969765
5309,0.8338483717653078,2.2298277948797804,0.02323500812831285
5310,0.8333428464281218,2.226236753689088,0.07821228383052196
5311,0.8330229627552886,2.2184101925469815,0.45632819540761577
5312,0.8359228093697976,2.224446966182924,0.12547867761866574
5313,0.8326077833588792,2.2262340112103036,0.0009419359746973688
5314,0.8367816375868187,2.2423026529245527,0.019102170668995045
5315,0.8312995823345034,2.2186749193755824,0.020744962861028067
5316,0.8307130958688508,2.205222669305027,0.024497188875752685
5317,0.8264885113438258,2.17738623679333,0.017434613498983596
5318,0.8216135835542571,2.15884457934741,0.03479792240800846
5319,0.8171790630797723,2.162189761918883,0.001227814888263561
5320,0.8118596225485991,2.1436154457575203,0.011441097789390887
5321,0.809660674561554,2.137062466742692,0.37680770421377485
5322,0.7998314321682238,2.1087503041613194,0.002319736372832453
5323,0.8020327347582763,2.1235600194984983,0.09084204901068757
5324,0.7981059194949102,2.0983180468128597,0.017429169385083147
5325,0.8008017002668317,2.0986537433107277,0.030172847165627948
5326,0.7998758403733249,2.10624160212424,0.009355699054671077
5327,0.8065516478885899,2.138680441003249,0.016819910305073803
5328,0.8074753814007,2.1562091640493404,0.019198295477530967
5329,0.8113177013033128,2.1725952847909373,0.055666534238727874
5330,0.8235581066246221,2.2199074062435935,0.02081720382640447
5331,0.8210885408620823,2.200157958100673,0.6676603448844783
5332,0.8254787415624122,2.20798193502435,0.01203975501380387
5333,0.8312713041403771,2.232917038012558,0.03040028447962669
5334,0.8345921587253077,2.246737528692163,0.02286902826372932
5335,0.8284152097811636,2.2229542903129245,0.019300454615737893
5336,0.8240113211142378,2.203409036485757,0.04396518604780299
5337,0.8319635303076803,2.226658389021709,0.04109625289634148
5338,0.8373141123094676,2.2637832824611155,0.11626818154053803
5339,0.8285268120436555,2.2240396551723225,0.022878297446410623
5340,0.8344360703791992,2.249215853149667,0.008360114562441883
5341,0.8293971014832804,2.2215128645879676,0.010779860314600508
5342,0.8223833421595721,2.208275563164888,0.0006655734859600178
5343,0.8247040203784992,2.232529043899664,0.00444174946787338
5344,0.8139439789975939,2.183319065824396,0.0347030746026609
5345,0.8105786460570271,2.161254212702986,0.07434134956753372
5346,0.8011421499236671,2.139814404405569,0.0011805224495113453
5347,0.7999198606645002,2.1375785538627556,0.023577198361869545
5348,0.797152017058413,2.119407912152862,0.036080592735359615
5349,0.8016383616378359,2.122782406982569,0.01328766187830516
5350,0.8098003652096541,2.1427662681650084,0.0364586864533081
5351,0.8165518857303502,2.1653927078160495,0.020181959591822788
5352,0.8088546655692873,2.147413340324883,0.001651129224922115
5353,0.7999585883022728,2.1289996873804418,0.0007732960842435342
5354,0.8103696829727666,2.1594453896755037,0.04503615148378696
5355,0.8009266890456356,2.1359697386251013,0.0031166273869706325
5356,0.7999605761496124,2.1440239894569317,0.008952201786213459
5357,0.7907764833249837,2.1026279023723786,0.03539079009737337
5358,0.7955660994564124,2.1151395273946725,0.08246275742117015
5359,0.7901672465999493,2.1014129955487,0.6817051408822565
5360,0.7919823150612633,2.119920489750345,0.6557390428658415
5361,0.7890848886705067,2.117442078062774,0.0019586435040127932
5362,0.7856310078320697,2.0943443148436587,0.12931267333023366
5363,0.7741268717352564,2.0788877222288575,0.00016258449001896615
5364,0.7735528071565256,2.085963290073484,0.001758862897224687
5365,0.7774316770316192,2.103108222953454,0.016301281332598772
5366,0.7960509712150287,2.1462104812524037,0.0051490818929577
5367,0.7993218708870046,2.16219865149798,0.030077160929387493
5368,0.806565280917587,2.1764702263715248,0.03087251167596022
5369,0.8103544493780638,2.1963090109092476,0.014152986544792745
5370,0.8092687501719549,2.1950941305201996,0.05860542953615306
5371,0.8028608454092446,2.160579326362775,0.016010369675060206
5372,0.8045581302064494,2.178905783988664,0.019235390063482346
5373,0.8044172489557013,2.17279544606545,0.1330974850132621
5374,0.8061316672647311,2.183462837775376,0.13110927687183138
5375,0.8082622454438851,2.1872637038452165,0.05099888795890161
5376,0.8137529245418649,2.2042840750408073,0.03328315646360592
5377,0.8163530160510952,2.226558724925753,0.03408253525408476
5378,0.8133762025607176,2.2239462261538145,0.04980501684490638
5379,0.8084996835647176,2.1962616004158537,0.026581174981102407
5380,0.8042942750690694,2.17009995005859,0.03237512773126655
5381,0.797190258696198,2.162567178787878,0.0008221323899099096
5382,0.7950576103672701,2.1589144317114672,0.03357756996393917
5383,0.7909982407716671,2.154125534538143,0.03839474251901651
5384,0.7886471854222611,2.1413949469597933,0.011896129858995508
5385,0.7877362405500712,2.1297673857359127,0.07075601093616823
5386,0.7806382502233783,2.104552158885104,0.03203284430120515
5387,0.7898665184088818,2.1325038980869557,0.11120749811426002
5388,0.7937772723622585,2.1520481454154425,0.06513752124832442
5389,0.7966000705993833,2.170638192017836,0.024987319329395824
5390,0.7622273236762902,2.097461451482141,5.6903777957355925e-05
5391,0.7644599284986522,2.1106880230053173,0.004207246662025515
5392,0.7780071450770903,2.1624861622719243,4.524799003907858
5393,0.7828257660536466,2.186569137910079,0.10144770914878352
5394,0.7728864731925961,2.1384447656424004,0.010531575829696832
5395,0.7651902286511738,2.100034197524903,0.04200490314378274
5396,0.7576158136048875,2.0593680006594863,0.02267625688465561
5397,0.7521713296324724,2.031229070127688,0.030614235775980488
5398,0.7489136343011426,2.007482929590943,0.19910665139568867
5399,0.7506052371890597,2.0231288712118407,0.008226719542240567
5400,0.7430691802106403,2.0037278767072793,0.0008722820690544581
5401,0.7382259449135078,1.9969377808702644,0.007203447337694875
5402,0.737167844480431,2.0077612621428167,0.05744936013768983
5403,0.7381721363016366,2.0201072430060423,0.002169052488660561
5404,0.7419361478556112,2.044104986172706,0.02717661111975681
5405,0.7377460510509247,2.022141284357486,0.00782021334028174
5406,0.7381848895531982,2.0314945945677683,0.007146742333146795
5407,0.7353193953868097,2.0383980812517346,0.0012058119509769057
5408,0.7378796941030313,2.042219228632624,0.01847163159596914
5409,0.7285041760048813,2.006630156088716,0.0906660545019588
5410,0.7261378135088915,2.0007531885218035,0.01428212409175562
5411,0.7312413488011877,2.0219836593567404,0.01611372080133384
5412,0.7285183006411267,1.9978541881765521,0.01764028571787568
5413,0.7298282347040301,1.9936962449165545,0.06559676946655064
5414,0.7262205130417028,1.9811303203498996,0.0016538508645521583
5415,0.7238999226123238,1.983099013525868,0.04231125408043764
5416,0.7287469358340712,2.0116055651824634,0.007828438697740072
5417,0.7235553157993004,2.0019841373362626,0.01319123214027649
5418,0.7264686234597771,2.0015342277808785,0.09135360154230224
5419,0.7272938216667082,1.9921629722941334,0.02180540613173885
5420,0.7273076666371261,2.0059048398215493,0.1380467251635363
5421,0.7202360399891046,1.97551741199038,0.1312223022382828
5422,0.7225153733491769,1.99656729277444,0.03159885309894682
5423,0.7272241766330828,2.0043374155687417,0.031350105486811525
5424,0.7326180848617917,2.0336101536377225,0.017787088015015835
5425,0.7278329722946864,2.0227265104050964,0.026886389685028572
5426,0.7322367620123041,2.0420702058495137,0.015796812941524938
5427,0.7359975677577894,2.0724437380756515,0.13205716194109965
5428,0.7281469428115526,2.048266776475062,0.008017906032020508
5429,0.7238699154140064,2.0267297603440886,0.09424477594085003
5430,0.711289272907352,1.976620907127251,0.10977750052878266
5431,0.7200017545408675,2.0263581130326496,0.011916600227464803
5432,0.7194519857742657,2.026381278047415,0.002245510003568289
5433,0.7112464797222866,1.9860885088656774,0.03752199111726928
5434,0.7173068270141649,2.0151152997050983,0.039673943445980776
5435,0.7120543099529849,1.9931858273003922,0.007568225817997476
5436,0.7129704507135156,2.000016555499605,0.16987675147140474
5437,0.7142366803789466,1.9978302355962412,0.007026965244509945
5438,0.7179670983134105,2.018574985036216,0.005821777440640579
5439,0.716433672002846,2.008129093454305,0.051033249355086005
5440,0.712875615456525,1.980035769521836,0.003920127119696403
5441,0.6994427418547554,1.9284128989855325,0.006486835985445753
5442,0.6978244171602461,1.9208097697757676,0.0259750208507221
5443,0.6990447269276775,1.933767161781524,0.03733577337164439
5444,0.7069169298955684,1.9743449697295294,0.04814431012511032
5445,0.7004267920098248,1.9395089819622704,0.01758139658384265
5446,0.7077625602383807,1.975004941753212,0.01496308811150717
5447,0.7050742211895579,1.9591066790175715,0.0735106770866783
5448,0.7069025103126326,1.9645690641649372,0.02844012804864671
5449,0.7019854837896581,1.9393298857221786,0.2540415141947958
5450,0.7044891400026341,1.949574620695461,0.020026454075026238
5451,0.6988027130698953,1.9270272957121763,0.13152384345257404
5452,0.698537224488793,1.9160914877318118,0.029916252074185887
5453,0.6966385173775885,1.9172146726052652,0.00131079874608677
5454,0.6957015826331673,1.9141497916652375,0.0011899440640569107
5455,0.7049361399781456,1.9503382341572386,0.022326859160642976
5456,0.7106774446053244,1.9699887807893581,0.014692863832315127
5457,0.7201596351045166,2.0120591356393294,0.019850266284303055
5458,0.7204710040289449,2.00260774709472,0.054869722390584415
5459,0.7296233194632521,2.0450860482723003,0.007604433958941369
5460,0.7248999286705755,2.0180838716049405,0.0073060250042208275
5461,0.7296247758847957,2.040462320078438,0.010375521344783454
5462,0.7285250674063962,2.043620666465474,0.0014834757642074156
5463,0.728486207666987,2.061066021012595,0.01548944623611289
5464,0.7211444478519741,2.029648979833726,0.016110878376790053
5465,0.7100232493875159,1.9801701580859077,0.02812617407252742
5466,0.7072461769900468,1.9676702441824736,0.009288213939481864
5467,0.713015231810012,1.9836978507984597,0.014732746492018793
5468,0.7096637401817656,1.9712227483247522,0.027110153971470128
5469,0.7010766205835484,1.937772229763522,0.12300592235216866
5470,0.7056100318353697,1.9684366711833279,0.008487800383096024
5471,0.7071452588388188,1.9700071528520005,0.048972048972639105
5472,0.7049099442076081,1.9678934322473236,0.9922867726369697
5473,0.7068022237277036,1.9912949683924355,0.4366633787427799
5474,0.7064096759410521,2.0061067954728378,0.0021776383725230085
5475,0.7084465899326373,2.020284257255893,0.04188345913538354
5476,0.7095618137566342,2.021020169579828,0.04175256497571446
5477,0.7167819098087214,2.0587033045497436,0.01267902099452033
5478,0.7129992826747452,2.047587896563209,0.018214697604244986
5479,0.7165348220508115,2.0581059217304865,0.04795951298243221
5480,0.7109525039744127,2.053603258559811,0.00016452949087679284
5481,0.7090809596500306,2.0356717707636935,0.012482483578852266
5482,0.7036518773139644,2.002335967793331,0.02997447333192541
5483,0.7050138921139024,2.0133660173709758,0.039775399651827095
5484,0.7096595387131873,2.0317312395830815,0.09308056974092555
5485,0.7130860514079164,2.0392518220377305,0.0030901570276731056
5486,0.7053234677930604,2.017838688090864,0.0010852937778058594
5487,0.7137192627430999,2.0639724566925555,0.026467079261206505
5488,0.7228199477012945,2.092888920016759,0.013350566273532725
5489,0.723166212791432,2.099025441694446,0.0031113166471673274
5490,0.7253100616199966,2.118128780599436,0.06770688983977093
5491,0.7197448881725127,2.0914198743291745,0.0038637206678601766
5492,0.7081027980326151,2.033473648937019,0.010603592072105946
5493,0.7170744692961895,2.077281928888098,0.02492844910312092
5494,0.7229933499364994,2.110039869337499,0.0072114936165876475
5495,0.7205794240632617,2.1004793945434126,0.11308986790424268
5496,0.7123166268418685,2.051820246819791,0.012243959502104561
5497,0.7041954408900324,2.012667904769598,0.03185763571664234
5498,0.6997889506351652,1.9915940395331904,0.06023749444450936
5499,0.7085527399462221,2.0305934782023303,0.04152537674380939
5500,0.7039738471946276,2.0002429892645615,0.03686318227695361
5501,0.7071735270256273,2.008752631759461,1.0890044504113083
5502,0.7003704139254463,1.9781888270061787,0.01390977874575618
5503,0.7006848010368582,1.9800589693137847,0.0063482940035497195
5504,0.7015303841276304,1.9739356275421063,0.016640696118003957
5505,0.706230831686071,2.0060247131454183,0.021993050399287072
5506,0.7127417037544312,2.030212247251191,0.024897627833905922
5507,0.7142083407597782,2.040212347684819,0.04618168664349678
5508,0.7191411507515693,2.063772662989674,0.006287144799096882
5509,0.7215503086505174,2.0774058218988816,0.013059082516041388
5510,0.7167669359314542,2.0474375702649312,0.007342725589797412
5511,0.7186774663699713,2.0556315528780638,1.6896951846665151
5512,0.7178952350553917,2.0401550615667228,0.42629768466604717
5513,0.7202480967940342,2.0543989248667915,0.0035499345241178145
5514,0.7227437996197009,2.0698628634889715,0.017589379606215632
5515,0.7196778819055919,2.054115505557955,0.019535120040569672
5516,0.7175609402542633,2.0419023733581816,0.07146252744294522
5517,0.7164928804974392,2.028592927152025,0.023014911438855465
5518,0.7217631958169434,2.0409254203876226,0.3026965677043269
5519,0.7180897319517157,2.0137666879534724,0.08773769026666255
5520,0.7121377657083873,1.9994804566595834,0.012624410041459611
5521,0.7145608352508203,2.01921451010185,0.034800460400091535
5522,0.7156756476025455,2.028131914733708,0.021414929061824534
5523,0.718297677400375,2.0387641451530896,0.007923461876736542
5524,0.715459264151949,2.027492157572469,0.006145973231521186
5525,0.7169751830550475,2.040326524861872,0.03403675840706285
5526,0.7212428393716083,2.068313156272668,0.014229308387930765
5527,0.723789533506235,2.078729782713142,0.016178741930621136
5528,0.7221603975330076,2.068178341991148,0.029287425878400268
5529,0.7112084138038948,2.0256606404813957,0.004043427054840043
5530,0.710599743015899,2.0190342749236834,0.0360167189082868
5531,0.7134843866082358,2.032905957253559,0.040848019404752835
5532,0.7236987732548172,2.075800109126139,0.016333181650288842
5533,0.7244726116370575,2.0691879822929353,0.018070172975661183
5534,0.7288267742011673,2.0814351406996043,0.02314740838169999
5535,0.7273558528704498,2.079192693208327,0.03007582339648765
5536,0.7274108993079312,2.0817859244384054,0.03300158681828514
5537,0.7376239950970614,2.132690974519343,0.012572538244352826
5538,0.7281030265714253,2.0896553402775786,0.021312521025629468
5539,0.7313489594301041,2.103934595985576,0.36362250753450354
5540,0.7351635630941682,2.1138949695890483,0.020907279329161716
5541,0.734194744038454,2.1088432904144425,0.07315587996962886
5542,0.7398152238722345,2.134583752187937,0.04331007645074942
5543,0.7364104623981595,2.1089416757588135,0.01063581104948017
5544,0.7436244217907892,2.133887203600917,0.023320452284024837
5545,0.7518652545727084,2.1670501937749798,0.03604779108920844
5546,0.7592397185652483,2.196164026732984,0.007346349408395556
5547,0.7605881970347189,2.200020530242119,0.01430013825807161
5548,0.7526896748362841,2.162369716530488,0.05305904107366599
5549,0.7541999556237505,2.170979165840949,0.03595745524553219
5550,0.7460443368711295,2.133981217530715,0.09207856161877995
5551,0.73518085609821,2.090976837356763,0.007877320346921601
5552,0.7357407419491653,2.08770986804313,0.02727213260077551
5553,0.7392177887171827,2.1132043878180102,0.010987333748599911
5554,0.7320708932474548,2.0844951232617217,0.01823330733697098
5555,0.7328981875776025,2.085336735439927,0.007498183421688239
5556,0.7263103393407342,2.0506666560496223,0.05810963234915395
5557,0.7291113498915011,2.064445722035406,0.013816864214750351
5558,0.725465398084998,2.051608081603392,0.042048921273233404
5559,0.7218530569503067,2.0447770896185213,0.08268666806783741
5560,0.7311290873057916,2.08083674545736,0.035666060395213035
5561,0.7303118476814241,2.088113628706662,0.06526147689705264
5562,0.7388948323518618,2.1269669620442704,0.13666154979016215
5563,0.7493361791415897,2.167773957066647,0.01758240086503122
5564,0.7531900309810223,2.178922212562195,0.03839993527674525
5565,0.7428732250095672,2.1386284676945446,0.02313967565882707
5566,0.7346499036522861,2.1050864444721418,0.23268952390880146
5567,0.7449579851893685,2.1366321203331897,0.3177300290123733
5568,0.745528438153014,2.1299717976758643,0.0602836458544067
5569,0.7458558050143804,2.143535260109392,0.0015428079775811395
5570,0.7391167759439051,2.1080860172175035,0.009820393510243944
5571,0.7361111675406536,2.0961756698418257,0.021552329048180056
5572,0.7333541272654625,2.0893381345241027,0.002251041279928866
5573,0.7221810221509605,2.0449838242113896,0.08881973884490231
5574,0.7188415349479561,2.026604238131998,0.005286204223938136
5575,0.7242017379005751,2.037572146776758,0.03085638219372565
5576,0.727996959955668,2.0535983131901023,0.023718636501907964
5577,0.7329255548032956,2.0777328613632045,0.013635175994192098
5578,0.7329464147147928,2.0837700001854764,0.014005150740960162
5579,0.7283436770465855,2.0590546175808937,0.05910158072284573
5580,0.7363769778362822,2.092094522794004,0.1629226597136893
5581,0.7310380056349236,2.069777642975626,0.008299203371579794
5582,0.7220666975209186,2.0330416690973587,0.04914683922299046
5583,0.7181316728755341,2.0158717643411452,0.0650636745834957
5584,0.7120376385842958,2.000396516147826,0.06564114200763702
5585,0.7175394897727434,2.027213081825055,0.027617691556389514
5586,0.7166532533811227,2.02936801138155,0.03306448528189918
5587,0.7128563219046261,2.0130968517486783,0.14751288022316625
5588,0.7078866051585248,1.9844740131812264,0.029609144312238062
5589,0.7130622582683098,2.0011291677594016,0.021682304404570196
5590,0.7103497301937839,1.9924480762304708,0.06666625850715749
5591,0.7091011234209829,1.9894349202536719,0.0023150612441995636
5592,0.71252668613775,2.012129546081342,0.009278230219364785
5593,0.7106650273766421,2.0019434561503484,0.009942114989163926
5594,0.7138707146500022,2.010058190396961,0.23324363491642094
5595,0.7034984356183126,1.985006772483999,0.0007917839602983554
5596,0.7124519308053521,2.010391564283859,0.9330671087769974
5597,0.7176335768967818,2.0374534942089126,0.014764334004436582
5598,0.7277741163097857,2.0716169506457685,0.07760552910729754
5599,0.7283725621363305,2.0773972900124678,0.02622952571810374
5600,0.7215047760495837,2.0501739174155165,0.028347475285334368
5601,0.7123911203852786,2.006011782634932,0.05126064057404546
5602,0.7151660768564418,2.0243143084440165,0.024885482881618157
5603,0.7121540530796298,2.0219629962107777,0.004532532982018407
5604,0.7139434827007638,2.036898867389588,0.02118252192023582
5605,0.7065637898863939,1.9953633293070236,0.075817365715839
5606,0.7099617181645094,1.998845143791802,0.06250819622049252
5607,0.7011980412979881,1.9626114247085218,0.0115419821421088
5608,0.7000630131781435,1.9524556468508418,0.1826687862390907
5609,0.7044386517165118,1.9728178250754673,0.015267123503285024
5610,0.707936172967391,1.9889018706596167,0.008006309076234076
5611,0.712812133211513,2.0215875002473136,0.013025558330076025
5612,0.7073764630685383,1.9908218757796783,0.0059486194015596775
5613,0.7024409957245924,1.9756256240544612,0.03882369893189802
5614,0.7025801399007354,1.9830879253577753,0.007880872638611919
5615,0.7047172535672404,1.9965448425848267,0.023656913772639215
5616,0.7013515523971149,1.9879196054856187,0.12550428171797895
5617,0.7080323368757622,2.0213184249795715,0.16082369413380132
5618,0.7067170506897634,2.0016661813372396,0.02118908644468978
5619,0.7125775443006823,2.0213640970386897,0.025186409506926796
5620,0.7164195397346025,2.0326354363042354,0.01677298518872332
5621,0.7238735177416196,2.0738893586537768,0.015347841409704665
5622,0.7232435310999457,2.058251779448018,0.16546800761205258
5623,0.7277414243369988,2.074936340563771,0.02147056671834692
5624,0.7244857048532833,2.0564732687888028,0.013128190811520103
5625,0.7290745290360575,2.076853310346079,0.007178450400487502
5626,0.7009636462900972,2.025178991462563,5.768815806304304e-05
5627,0.7041956117104977,2.0360255002305654,0.16135262867001854
5628,0.7030463448251295,2.0390787901810548,0.007940903507904017
5629,0.6954861927880376,2.0143714483457966,0.04342304621320211
5630,0.6867632373417889,1.9746415670740498,0.06444564947109648
5631,0.6859874789467326,1.975119314016679,0.07772962987917434
5632,0.694049880535887,2.0189873701805086,0.041061894011818284
5633,0.6916111294955398,2.0046447677071724,0.04658101411174606
5634,0.6984045432957463,2.0409717804011716,0.043084567483540635
5635,0.7037701603340177,2.078606083086468,0.1313663714139553
5636,0.6947750131790094,2.036240520614876,0.07548929528997754
5637,0.6894595400263186,2.004025258955378,0.012395891860580713
5638,0.6954760815632117,2.0356953544043654,0.04134985013835786
5639,0.6882430111031066,1.9954201297269183,0.0072649896449346815
5640,0.6949278753571718,2.0247836885584847,0.007615170383359123
5641,0.6893108343217131,1.9956903208354528,0.008396263317200293
5642,0.7022038748363981,2.0522453437906054,0.08753319725024714
5643,0.6976057528821037,2.014379996748905,0.02647429432593186
5644,0.69369654405521,1.9868829486760944,0.012552446364889933
5645,0.6938041116689186,1.973886252789295,0.0313690375259209
5646,0.6985217929820168,1.9837478671351585,0.03347041800753065
5647,0.6971318859447859,1.9917420349682502,0.0239717621193256
5648,0.7037368281177881,2.0032615650744545,0.018306174959552467
5649,0.7080769830941215,2.018635509461737,0.011247326020633924
5650,0.7058836965339123,1.996835538272648,0.041930233192110124
5651,0.705142621713572,2.013934772987622,0.005216362162881618
5652,0.7082200651266397,2.0141112146830005,0.07847008529662906
5653,0.7033323367339289,2.012383657920207,0.009704012751770501
5654,0.7009329323876263,2.0119982876288156,0.13334062591054324
5655,0.7057339368747192,2.042692344759393,0.04122679787837224
5656,0.7038810943014757,2.0388094246919644,0.018444706967674987
5657,0.7012875627702907,2.0176286767602734,0.005244395045973106
5658,0.7013401817854598,2.0113583233495964,0.011733009087705115
5659,0.7044192227138238,2.0250070299248257,0.06009516582225343
5660,0.7088426559869915,2.053943578197903,0.02650238339575824
5661,0.7075565587705464,2.0645695017363,0.043099727900615635
5662,0.7089669352044459,2.0762513833239944,0.11507139544222096
5663,0.7072548565070118,2.0751500812411927,0.1365697844422824
5664,0.7085662106120042,2.0667081520432453,0.772427905683265
5665,0.7002652713670977,2.0246523053282983,0.026061369953428257
5666,0.7059513745311535,2.0498997288791148,0.05060886271545641
5667,0.7071832864734376,2.0618672416742903,0.045349871834636464
5668,0.7004937036296717,2.0309269766913314,0.04192144554909326
5669,0.6959519995338093,1.9991158324315572,0.21951689798655769
5670,0.6970850243023108,1.9984765758343614,0.04651427239083576
5671,0.7083313115089861,2.049378155137598,0.01503536552038729
5672,0.7126718178215666,2.064761290809386,0.030531156228797533
5673,0.7101247923747379,2.0627597597280283,0.03710511814891976
5674,0.6994686920952232,2.0244358663817628,0.0012850862168677592
5675,0.6906776779885683,1.9921479734970617,0.025905056620894915
5676,0.6853533966387738,1.9799100492957815,0.12655811722338997
5677,0.6941725790873925,2.0168695653775894,2.221411486258968
5678,0.6946692429835823,2.0169582705550666,0.05969367540602802
5679,0.6866614815824432,1.9946968213371292,0.015133256235557535
5680,0.6785421325728613,1.954512456862128,0.037165202397716604
5681,0.6744974756221178,1.9288408650557616,0.031341502826374136
5682,0.6818556247197824,1.9667181977191805,0.18503777988087794
5683,0.6857797793108721,1.9770086552194213,0.09966923563037654
5684,0.6859146406970925,1.9738825379538039,0.047336556817273175
5685,0.6846596777741832,1.9743042349691395,0.007959003165559725
5686,0.6905082219583154,1.995189265923357,0.035200520394112395
5687,0.6924628985163263,2.0061683335635245,0.01489232121765559
5688,0.6948426260199116,2.0108462016151876,0.011067861056583932
5689,0.6865452903266064,1.9734561074944819,0.014191719173068587
5690,0.6882780167635063,1.9902774676616535,0.021140618062604487
5691,0.6890728740049499,1.9880305813189063,0.029500519896193365
5692,0.6967573432985548,2.012772214435128,0.037740066260778686
5693,0.6959856392438623,2.006014900304368,0.0013398966698153867
5694,0.7002593402195935,2.01372240839876,0.028867258010138064
5695,0.6997566722828119,2.0029127573892986,0.03545306889542163
5696,0.7025231833258894,2.022476475684209,0.04086764319918746
5697,0.7078488515060029,2.034468334614607,0.04572275681901544
5698,0.7060646929212437,2.0104134469241193,0.03872656162499934
5699,0.7128323238500094,2.0343996620338785,0.014135089122698015
5700,0.716576083029658,2.048111857933434,0.014276380687309038
5701,0.7257502261792793,2.0947004503285416,0.06972275052477418
5702,0.7299366477566734,2.111624647350619,0.00729611073888204
5703,0.7199668396890904,2.063473333844662,0.03261833140285702
5704,0.7195206886994856,2.0678083288488476,0.014046536964761557
5705,0.7222952300141124,2.079125737606869,0.16334457434367555
5706,0.7216809695885844,2.077759298437111,0.020749910740671115
5707,0.718970279923714,2.0666114528629476,0.010851453131228329
5708,0.7149628647327974,2.0477726198668624,0.005364079036098663
5709,0.7204776126533496,2.080985785496292,0.06724425044741082
5710,0.7152235036178451,2.058842291674784,0.05380274000313432
5711,0.7164348944872518,2.071630251527243,0.07943198364950116
5712,0.7170733632322657,2.073144793614511,0.0031350062115390815
5713,0.7190683468868345,2.0867515014078744,0.03307641614488554
5714,0.7110344543734459,2.04572710466203,0.02916366989984728
5715,0.7130697834355884,2.0600159121332453,0.05000411707550568
5716,0.7152630043090463,2.0772360574199937,0.01036507931315017
5717,0.714224965907558,2.0644421073823263,0.35851577743713375
5718,0.7183414979953431,2.079474921665722,0.03355766172464922
5719,0.7249489109658054,2.1146673491238563,0.01574418162681042
5720,0.715159312737861,2.0795106547771693,0.002714327617616963
5721,0.7227809723953919,2.1124393328417463,0.016726483600272006
5722,0.7185299797299437,2.09792147698552,0.03443792834017425
5723,0.7209593476359535,2.1002514933047296,0.017367746906507144
5724,0.7195373947604937,2.1101675948914065,0.06109066634285762
5725,0.7142639009157459,2.0917900183599456,0.0027903143234654986
5726,0.7103825246286587,2.0654902973373854,0.10918825238998334
5727,0.7021073567161342,2.0215720202545597,0.03248292836493274
5728,0.7087742693051874,2.051087168198791,0.023036613080935724
5729,0.7151488487124041,2.0668643704997525,0.10081628942930311
5730,0.71315946465407,2.066730049190901,1.21950869995965
5731,0.7174734099970598,2.0842086638762907,0.00865612396971665
5732,0.7107140641445088,2.0598338727470105,0.17743685548603594
5733,0.7154861543268316,2.08439947083207,0.0069108535327826225
5734,0.7123763291960236,2.0685132818057173,0.015772744733004225
5735,0.710183938537035,2.0692740630634385,0.025972196100431832
5736,0.7088647250047652,2.0482253705157545,0.03425436507927008
5737,0.7062160077289321,2.046766307710675,0.003997136276354361
5738,0.706049485319676,2.0609153662486275,0.5201115898483194
5739,0.7039408410447017,2.057538899841571,1.291384794345237
5740,0.7055776440700607,2.070563539549572,0.016545592797938314
5741,0.7071349589967144,2.0677013070717676,0.008312470435386176
5742,0.7117176502371183,2.0863139033618783,0.4674245081124235
5743,0.7171908520620007,2.1267661603306247,0.030944922127487215
5744,0.714493871138396,2.1092788369004634,0.01879133457720574
5745,0.7045528501049301,2.0678812487771703,0.037456416684241885
5746,0.7147963119194402,2.1059695839815054,0.07420621528080648
5747,0.7189806102510169,2.123420169460865,0.1390726580430704
5748,0.7233708949971369,2.1483240441610167,0.009176280911934393
5749,0.7258992900278659,2.175527826860348,0.0035502266886214455
5750,0.7231579719994136,2.1540078177360438,0.01770045066635772
5751,0.7131480413504329,2.103686421424906,0.05026513383242773
5752,0.7200288164708502,2.1235814363408223,0.02966097759510838
5753,0.7286306956929117,2.167900975249839,0.04145946213382717
5754,0.7281198245936477,2.1644594336918996,0.010506725011198127
5755,0.7455939285847419,2.2228806033140454,0.01956442775183476
5756,0.7396287605250411,2.192619968449464,0.01673170941280528
5757,0.7501378672163579,2.223941649204045,0.031275502135502065
5758,0.7457795818236796,2.197400394718655,0.1064356608444824
5759,0.7448566964098949,2.199727026721581,0.36889846218583894
5760,0.7431493215165319,2.18943266287559,0.01644454211918272
5761,0.7379123573847634,2.1754275617005314,0.04552189472725212
5762,0.741262847052093,2.187749595707403,0.009241009216669637
5763,0.7429743993042652,2.1852456675920315,0.01684491697671857
5764,0.7416432663795304,2.17474118631474,0.007554733043351689
5765,0.756131304865044,2.2378472306056154,0.08512573080716727
5766,0.7530371612257442,2.241028193974013,0.0009264653337958327
5767,0.754692207146277,2.2377128160927593,0.020665832188333975
5768,0.7498752789066927,2.2038704834038287,0.07705207877432264
5769,0.7394412821009014,2.1525522724863517,0.17585386633990321
5770,0.7359045932071848,2.144800105437125,0.013467540748168394
5771,0.7421105881252473,2.1813029254319707,0.009920327059525247
5772,0.7375830666822832,2.1547213172919872,0.029069755420752783
5773,0.7350175133391058,2.1560627991731893,0.00785396549250504
5774,0.7275551579272118,2.1267901239611864,0.020962289257945698
5775,0.7357374043782727,2.1640716580329418,0.027628229600874136
5776,0.7371415296601369,2.167141306208988,0.009165679463622038
5777,0.7381219936687641,2.1748562989707008,0.026245194268569836
5778,0.741971043524231,2.185728614179533,0.8819151114513873
5779,0.7314041167375174,2.132132567898658,0.013395568184416588
5780,0.7324877807395362,2.1540455159016503,0.029660252775696127
5781,0.7344071754945899,2.1566582650815174,0.10230129921380292
5782,0.738050406376408,2.1737961827165995,0.012936279945343467
5783,0.7322793921880643,2.1554900047268255,0.017095291513213463
5784,0.7303283145072382,2.1516680481769845,0.165507149102504
5785,0.6961855285257211,2.0768986864196584,5.937206149277305e-05
5786,0.6927510370992895,2.057827954837404,0.007029001395342266
5787,0.6975898602179544,2.0727213728857827,0.034963687926345584
5788,0.6971145472267276,2.0521495798129212,0.02914916054829865
5789,0.6917297245905684,2.0265245789895863,0.015511426785113656
5790,0.6878225004971774,2.0213679301074365,0.01071931173967661
5791,0.6890815873315057,2.0253917291042765,0.13591141234639542
5792,0.6848535252720303,1.9986887347044615,0.015160144970984002
5793,0.6940294228318153,2.0330291077776064,0.07460174617739217
5794,0.7015950302841409,2.0507436044511915,0.13387379878415767
5795,0.7117678570311297,2.1025351344881664,0.20120224399334075
5796,0.7095311466882083,2.092983475827907,0.009217225599684123
5797,0.7011826788343131,2.0528814682880094,0.02353527257427019
5798,0.7006731290105729,2.068829216452733,0.026040308694709427
5799,0.6880834622419613,2.0186631813922955,0.02643554531815269
5800,0.6790711467424511,1.972383023052873,0.20226564733042596
5801,0.6766254591873918,1.9694734905614495,0.013363549045831266
5802,0.6816567395893102,1.9794843611586372,0.1509603982292094
5803,0.6803169605165513,1.9685969046780267,0.006498926798970625
5804,0.6801993839376015,1.9807315895220658,0.12293290767338916
5805,0.6854272897719416,2.016977571582074,0.07948445202661086
5806,0.652899039657294,1.9401575550683328,6.271621973901873e-05
5807,0.6562091170282817,1.9464635508542478,0.03690238929418994
5808,0.6525647934509542,1.9200097902798978,0.08208278747791062
5809,0.6561371271296756,1.936026059226841,0.022019121502901366
5810,0.6498432779206864,1.9121545993525078,0.0208680368529171
5811,0.6444652564199114,1.8942429318492158,0.004103978596480367
5812,0.6525644624479144,1.9314790509061879,0.037337752591493946
5813,0.6532053668437786,1.930223724199676,0.042215269710424067
5814,0.6578265918956437,1.935054459531924,0.00597104194659676
5815,0.6625490286608836,1.9711680982689308,0.040389187331032306
5816,0.668530851856701,1.9897075114505751,0.03480690042790465
5817,0.666983888473307,1.9689434108537904,0.9312253233598374
5818,0.6568593122998044,1.9286400393445318,0.019682144885724288
5819,0.6577886859225612,1.9345991410009487,0.010454094023371219
5820,0.656196356472217,1.9305797440159926,0.10692133667113775
5821,0.6580618824847082,1.9584233734013097,0.05783162169374939
5822,0.6568409014923885,1.9517345714136523,0.0207295542323822
5823,0.6568258269224747,1.9543575776708573,0.40721202456399835
5824,0.6536139612927431,1.944185877071908,0.05013640220977702
5825,0.6466535257651608,1.9048734877957902,0.02553177853941494
5826,0.6549862875245237,1.9447283285729402,0.019086061851362288
5827,0.6510469862128295,1.9323674485894802,0.11567585436734194
5828,0.646858550774599,1.9144238041903925,0.003173011338103383
5829,0.6447365078429966,1.9059713699088712,0.2016027604203998
5830,0.6488227905316769,1.9146832336803166,0.08298036426228055
5831,0.6570089477545012,1.940597061302423,0.7474165048036499
5832,0.6550878272762469,1.9351940286409324,0.010094880751733119
5833,0.6538546335379838,1.9270021674245517,0.011131868080614504
5834,0.6591419482977187,1.953941045886522,0.08116596362695003
5835,0.6688413072116404,2.002453176201221,0.04570514560754265
5836,0.676790440572735,2.036723039021525,0.05137768812594668
5837,0.6873328926676007,2.084415048131716,0.14003611210317712
5838,0.6874991441153959,2.0731536359935467,0.7360668396636871
5839,0.6776481944523397,2.026007486759314,0.04241640617168885
5840,0.6690264003223982,1.9845865740484545,0.01358589490304612
5841,0.6661423755171337,1.9799812380731592,0.02315944130798737
5842,0.6659159771141671,1.9802110467321805,0.01676788594191413
5843,0.6637873746301989,1.970663795321772,0.20710402722323837
5844,0.6582518670756926,1.9496230416806921,0.009688875696272659
5845,0.6497895508198818,1.9023943336034355,0.034230766010604194
5846,0.6500512225654632,1.8931911580985359,0.10825052011535932
5847,0.6514958095484625,1.879423275921204,0.5721915216987948
5848,0.6599566948938718,1.9185729191350178,0.07754653782342512
5849,0.6608633059489962,1.9240234837172387,0.02541041470962073
5850,0.6681440076539258,1.9613221918866832,0.016298349824137207
5851,0.6647824363081534,1.9357635030880995,0.013383127836443402
5852,0.660946343331528,1.9216255040943195,0.08173102098272213
5853,0.6710568452169382,1.9620945354093822,0.019689919043021958
5854,0.6721933758142544,1.9650390073501516,0.07184857663404456
5855,0.6763389847336246,1.9911080542390365,0.016611502576110337
5856,0.6754805562108545,1.986706231255898,0.002912741369405286
5857,0.6755693839420578,1.9940181446165026,0.08849705691336607
5858,0.6765227511036427,1.998751566503094,0.012938188520437122
5859,0.6729987814577707,1.9791669540881014,0.09779142790061458
5860,0.6773821638987432,2.0029084654615694,0.01915694744156426
5861,0.6797250755842948,2.0024112020416145,0.015831397109944047
5862,0.6837701196466315,2.023619535901106,0.022932186930479388
5863,0.6917027002142249,2.048945153009148,0.15750430530628665
5864,0.685520542304567,2.0279017754388216,0.02388142344917926
5865,0.6795961400483803,1.9942809216306168,0.013165130803973083
5866,0.6854099026480681,2.0172799471075447,0.26406392689992864
5867,0.6787444789952575,1.9869961085855472,0.01057438522580817
5868,0.678664188768463,1.9851943600302302,0.005289082450391015
5869,0.6765663818683347,1.98332834373298,0.008044102839590693
5870,0.6788802222622259,1.9979182983068933,0.0675772534159723
5871,0.6736604953833956,1.9808936604494851,0.0840874274973327
5872,0.6723901624800684,1.9758786918967868,0.005551904408501648
5873,0.6693266019840186,1.978167572359539,0.005487944829035011
5874,0.6778053997167708,2.007979113955164,0.07074487627928601
5875,0.6670196282728977,1.9647777103745552,0.005746034657597465
5876,0.6724786265237482,1.9975627460860077,0.05622063391977837
5877,0.6738030569554935,1.9977902948525947,0.024674826054933447
5878,0.6735868852832864,2.0024481495046653,0.00923202145747925
5879,0.6728057005700873,2.0001890377811717,0.020154290966675353
5880,0.6703254904173499,1.979717101348977,0.12138888518123993
5881,0.6686214673336456,1.9620942958381458,0.06760409511482393
5882,0.6627891812142277,1.9528730580644995,0.035678662517204
5883,0.660387034255685,1.947672099732486,0.05208973209741977
5884,0.662436535557607,1.9575331785575516,0.06488974351685467
5885,0.6653033104715429,1.9744195775731712,0.017774056132493228
5886,0.6686379166130758,1.9905832683432085,0.1264091734545551
5887,0.6384894726521435,1.9279510805963171,5.270236535926928e-05
5888,0.6435485167736712,1.9341386204225515,0.02435816762304097
5889,0.6494089566743035,1.974751301796095,0.1318407694506197
5890,0.6384245855502604,1.92787136042706,0.018216408410063455
5891,0.6375417275884592,1.9416855712621903,0.030688083753059623
5892,0.644175743116741,1.9762009003721672,0.023389748645680844
5893,0.645560773642095,1.9846734314697247,0.0036577322593849084
5894,0.6361642452860478,1.9499976142620312,0.04108674807099232
5895,0.6339775929813618,1.9479395708616327,0.1807364145572608
5896,0.6366391236955898,1.9564741206327112,0.11912788500989085
5897,0.6448761294320732,1.9858431458199635,0.004130195657646418
5898,0.6501286982759934,2.010755719021306,0.07341310415472119
5899,0.638036948794508,1.9482403336011318,0.01788086094744684
5900,0.6367072028867481,1.9326022957912712,0.046345475741414975
5901,0.6339227636419198,1.9212159852114088,0.011747647163971102
5902,0.6343477027420308,1.9206344415537362,0.04351515249727188
5903,0.6307532559626347,1.9023882739783693,0.031012691128630844
5904,0.6272533620234978,1.8769220922881749,0.006053653419568257
5905,0.6274293632067176,1.8680946381163137,0.0996243284800758
5906,0.6243983531035078,1.8543677703515,0.003475580189786169
5907,0.6312204073443012,1.892814946843754,0.010753078560402442
5908,0.6342428109280714,1.8921569693934144,0.5562326575017816
5909,0.6382427855067712,1.9276784953683326,0.009714821044765775
5910,0.6355982520130761,1.926923267037085,0.01447182286625253
5911,0.6294984042094584,1.8962009731673541,0.10550558171627934
5912,0.6296523963171646,1.8938292874803657,2.762821658419816
5913,0.6380407392864526,1.9292914054143047,0.03744533789915612
5914,0.6418043352936291,1.9539465369469098,0.0472109796545158
5915,0.6345174579368694,1.9335798145464906,0.0981611687822156
5916,0.6331972694524598,1.9274122042579325,0.025430170789553726
5917,0.6278118464818205,1.9092650000055347,0.2886617113281494
5918,0.6229316934435559,1.8827135180094028,0.004014773081520009
5919,0.6214167645069185,1.8858912123876794,0.0018956496536674905
5920,0.6191208170723198,1.8639883103822348,0.0328524929884369
5921,0.614429446940297,1.8448790784217293,0.004527172861578469
5922,0.614153140947442,1.8361485529122132,0.358352008823824
5923,0.6083607779381781,1.8011777936285116,0.011625225032830292
5924,0.6087978255219129,1.811236015164418,0.029616051195870227
5925,0.6120420818839358,1.8223754859736632,0.04170101885208072
5926,0.6094964614719947,1.7987964270036347,0.08970370088828414
5927,0.6095229077602056,1.7926701253952015,0.04263629716004202
5928,0.610254105750219,1.81209972934504,0.010726520678578997
5929,0.6167832871206842,1.8306419993367642,0.26244709145280465
5930,0.6127136246645329,1.8089920396101924,0.043210062541160686
5931,0.6170686205872623,1.828203365582564,0.008835317840210083
5932,0.6151842953625605,1.8294732041166006,0.03144363824718865
5933,0.6181685509849933,1.840761262158178,0.3969929037620208
5934,0.6113572090379763,1.823765998722666,0.0008545659721322698
5935,0.6194012575480686,1.859014651032133,0.01316962950605597
5936,0.6214741602795275,1.862221319714619,0.024123457553780172
5937,0.6206487997060647,1.8513961488983834,0.0244141971544906
5938,0.6256220945970806,1.8832279401893783,0.16134081288226174
5939,0.623753410060382,1.874378807910264,0.26443544471882874
5940,0.6164603451536337,1.8450976543747906,0.026483959362012654
5941,0.6124654967150235,1.8171122654978165,0.06084003270523051
5942,0.6157343267071352,1.82600807263196,0.09405202074903707
5943,0.6123285188123124,1.8052930269749365,0.2568808485814017
5944,0.6161897379666444,1.8228159419784655,0.02904102813469105
5945,0.6180113376885278,1.8451792060008403,0.02978453702246637
5946,0.6170446466988199,1.8329020096785973,0.029695410605392675
5947,0.6213237354461344,1.8415141018471184,0.08133030113181729
5948,0.6255486734600765,1.865591335496857,0.0038610276861120365
5949,0.6261960989015414,1.8832434455747482,0.011359285981329154
5950,0.6307487855181785,1.9062732007376566,0.017754661873094383
5951,0.6320994470454577,1.9309577185397577,0.044120849598937875
5952,0.6247349764065913,1.9128663328903925,0.0046153608806456005
5953,0.6293983206795098,1.9387090896763608,0.016286104624739388
5954,0.6226061950558953,1.9054323268527438,0.01746359473761476
5955,0.6198246085916166,1.8991622170351594,0.04949271397607148
5956,0.6145948156642068,1.8751707097394326,0.10318626291452607
5957,0.6237928445867372,1.9244241882592272,0.07567261481399473
5958,0.621363359968838,1.9106694310559849,0.05970156793771703
5959,0.6184467811041527,1.8885760592627794,0.09329261665582472
5960,0.605545413386183,1.8516096578714196,0.001491235590526664
5961,0.6102541572867343,1.87509265408914,0.013319963620283284
5962,0.6052903003709595,1.8574237244011371,0.02815263893752583
5963,0.5994784771401619,1.8224410111375584,0.044668875808103234
5964,0.597651332153838,1.8023264435273891,0.044358250702069175
5965,0.5984752619691949,1.8094436762595956,0.1685709270036138
5966,0.6003919138196366,1.8114042759398914,0.02112865745747271
5967,0.6005193264609101,1.8084256357876254,0.0034454746922658137
5968,0.6006631482776692,1.807871393516326,0.008118821474488632
5969,0.6060898680658823,1.8256641126735589,0.003059102100997678
5970,0.6078502607763571,1.8192843819088054,0.06051004333182069
5971,0.6103648933137557,1.8321402852864292,0.012758424374776808
5972,0.6091630052291921,1.8346479306657366,0.015187653588252541
5973,0.6085965265687107,1.84214819429528,2.5644728781948993
5974,0.6020039932785545,1.8200507842100997,0.001264749303106595
5975,0.6041437194756325,1.818500118665405,0.013192139982315295
5976,0.6072237136576252,1.8439066016517263,0.01071388316639092
5977,0.6068898143706342,1.8281216091787182,0.046888273745179954
5978,0.6049818473950153,1.8214274208597763,0.005649742935232196
5979,0.6007817314924374,1.7964963537547418,0.02759818062367882
5980,0.6033673794250377,1.8030811834896143,0.015459374852057872
5981,0.6064280530971675,1.8015617991993744,4.537242269393518
5982,0.6073144838607047,1.7961286023622411,0.42313129803874616
5983,0.5974316390262755,1.7668401106319243,0.0008084556938366348
5984,0.5965342764702366,1.7705262234741133,0.012082343631791356
5985,0.5981439714318006,1.7798994102215342,0.01808148874835795
5986,0.5996314370630373,1.7898759616786384,0.020064670726288588
5987,0.6056850999725172,1.8086437147457588,0.08282656159606858
5988,0.6027465793243711,1.8046344782035824,0.02329446639345713
5989,0.6082331011076567,1.8289548993208047,0.031524658347344865
5990,0.6049140392162358,1.8179538427465816,0.05082996122512159
5991,0.6090884327003866,1.8332613845411427,0.01385527901275263
5992,0.6131837947743242,1.8473633833434402,1.6898946789450435
5993,0.6141773203754444,1.8481408845691276,0.01966767537921427
5994,0.6145578003998335,1.8500548635536647,0.015676925441017453
5995,0.6176366897777894,1.8678183713014922,0.051227129501242336
5996,0.6190352007819439,1.8653567298916114,0.05371043903443628
5997,0.620744390684721,1.8828702744973997,0.011108676981188564
5998,0.61416292822702,1.8468097232497234,0.02424738246314746
5999,0.6165162619359859,1.8548458148770308,0.10992268083870864
6000,0.6178408557848898,1.8783603449289208,0.01738088920856226
6001,0.6164266472933247,1.8722613523513434,0.028974073000810677
6002,0.613993110946891,1.8654127419533326,0.04036922446016724
6003,0.6166348052948222,1.871635201603815,0.014835534938366075
6004,0.6163215538820446,1.8877795998155147,0.011877098457505437
6005,0.6176502771979079,1.88626688296114,0.026256866854933524
6006,0.6169645234454894,1.895818260232018,0.10312562429001662
6007,0.6157886131501359,1.8757189672716525,0.014439523640639104
6008,0.6148700689766615,1.8696224332550995,0.011861016743376125
6009,0.6132564339795497,1.8557572748414142,0.020772354675464937
6010,0.6085203946007438,1.8420089042535261,0.0013355336963723863
6011,0.60834744222871,1.846432743621356,0.011060811793879546
6012,0.6067607727006498,1.8317983473125525,0.027429527747967697
6013,0.606361066278334,1.8327011693067754,0.01472109421119472
6014,0.606200618791816,1.8299571878892344,0.03427899236535621
6015,0.6046986245604755,1.8337941067602048,0.0127921813000825
6016,0.6083151336263438,1.8554537732803393,0.031223079172052682
6017,0.6104595085589072,1.8548345039989635,0.05452371434152617
6018,0.6151042809166029,1.8750124119438574,0.013060234620041355
6019,0.6191517432723638,1.8953575631154713,0.012730786320700255
6020,0.6208505988236436,1.9131855992145432,0.46506940714834943
6021,0.6159229122489391,1.8985845347634775,0.016044099907979215
6022,0.6131511829227505,1.8934120117730298,0.01677198484649331
6023,0.6113291559931257,1.8847030268691043,0.020231885075409458
6024,0.6091978762564516,1.8674346844775989,0.26677279270745285
6025,0.6095693323398647,1.8733432468199498,0.27309083522726213
6026,0.6135220151233658,1.9027232444929516,0.014386913642892586
6027,0.6129248667248676,1.914868262402947,0.0027053572784908335
6028,0.6121008160415613,1.903430476810292,0.017595193013261887
6029,0.6205016255161768,1.945670017507301,0.3657878211475181
6030,0.6212123011294739,1.9463521822527123,0.025419381943339377
6031,0.6141872578467209,1.9178426983855321,0.008547228175239521
6032,0.6057290949266108,1.8768585763409935,0.04524284678557009
6033,0.6089268814295119,1.8866626033275613,0.016282789268341327
6034,0.6114569643629524,1.894691997949402,0.049515409268496985
6035,0.6188615688299756,1.9354708953761686,2.528230947244862
6036,0.6192295703580332,1.943857954016382,0.0301135608900851
6037,0.6212250760480071,1.9519276466110862,0.02040701896951232
6038,0.609880258141435,1.901259249825036,0.03476061231434068
6039,0.6015258115000419,1.8618604934881544,0.07522333400993077
6040,0.6031468214758173,1.862046797394374,0.03975809822828701
6041,0.6048244369242944,1.8598563709246312,0.03075103534204576
6042,0.6026483332568349,1.8493695790125926,0.011151624363870767
6043,0.6035946530450155,1.857343346790326,2.768277380918762
6044,0.5997201839319567,1.8403854568426194,0.0017507989171390015
6045,0.6015203298923184,1.8559442050545063,0.00547267585237223
6046,0.5998166308026364,1.8545460942941667,0.021427726902804457
6047,0.5988796817339381,1.8412782591908683,0.01262501298000198
6048,0.6009498565204098,1.864770570597132,0.016902533570884472
6049,0.5979971872230841,1.8644689455370775,0.045577397207195995
6050,0.601894270004576,1.8893323902419925,0.09030006370549915
6051,0.6096562977000258,1.9344008352995197,0.02069920617449456
6052,0.6080224133353543,1.9124782396514588,0.013855296732473182
6053,0.6042875366149353,1.886853983343701,0.0709530432798092
6054,0.6062967355396403,1.9019818253154908,0.03776088268943563
6055,0.6088879062346686,1.9103974948894256,0.006845301631726527
6056,0.614697591795325,1.9373868924557185,0.06119801132848752
6057,0.60955269539901,1.9018634343613587,0.08343813146872574
6058,0.6120983574074316,1.9076032686656241,0.18135941335071115
6059,0.6139106089850969,1.9170856700558847,0.042055799973892076
6060,0.6138834468339229,1.9189734339674256,0.014655285043123542
6061,0.6168041149937523,1.9312740190720492,0.03893973758521937
6062,0.6158356403571084,1.9192165171421778,0.14342074744130348
6063,0.6193326971741937,1.9332471635393094,0.24198685216519542
6064,0.623997975686547,1.9735012648946086,0.027981970976667037
6065,0.630480396918048,2.022531272849366,0.0243964775291095
6066,0.626974465812253,2.0067624993651836,0.09486525852487576
6067,0.6187097926341797,1.9539739548936947,0.007112225993732894
6068,0.6148013342752717,1.9175896631534959,0.02962179123490415
6069,0.6163098287200446,1.9292788210627436,0.018466813621850625
6070,0.6127063248114336,1.9012989095124415,0.005725494960050384
6071,0.6140418053909408,1.9017804922046735,0.1244992461466483
6072,0.6104007063959742,1.8790350536779696,0.02457963964523051
6073,0.6097495053196594,1.872160192141023,0.03063512635244919
6074,0.6085820465724086,1.8619753903711125,0.6325713672726146
6075,0.6200499538210095,1.9131322776026283,0.06142695542242235
6076,0.6171559304810276,1.8984202223190598,0.01855625134824295
6077,0.6087501624527394,1.8609814491528234,0.03921978301677466
6078,0.6152197077390726,1.899024372929431,0.006197557264042874
6079,0.6142692659618555,1.8864848943942396,0.02531857381040089
6080,0.6155881424933742,1.9050858371128088,0.04862153440396467
6081,0.6069890934066046,1.858351069296663,0.012422310463279875
6082,0.6054262049830285,1.8435019449745784,0.04994200215044859
6083,0.6012492748355766,1.8343932837675825,0.12163105326818105
6084,0.6000367735022684,1.823651126515446,0.015236597560488067
6085,0.598321286494402,1.828140256077558,0.01050035300507357
6086,0.6002268626933781,1.8419731589397685,0.00962158952249456
6087,0.5988767114954531,1.8457338436282482,0.026512738519202134
6088,0.5934428989034854,1.8144168034040227,0.012747504906013911
6089,0.5978859687456188,1.845332605767306,0.04202419840155991
6090,0.6015159075741718,1.8785527506853543,0.05403904711168106
6091,0.6038141949108442,1.8927258018933,0.07325761273626247
6092,0.5891556458787303,1.8338387953528468,0.005419969053009422
6093,0.5928416457921982,1.8427212051414794,0.015564788398210272
6094,0.5900328071225847,1.8380482868918404,0.1904465007601337
6095,0.5881675747299172,1.8301831388770542,0.6409123117887464
6096,0.5849656021956235,1.807256975853226,0.005049435974600292
6097,0.5939160455334291,1.840430696627763,0.016738141622622684
6098,0.5950798670620531,1.8410320614256097,0.020023619986098362
6099,0.5997910136519579,1.8602925771500456,0.088522657058487
6100,0.5886868351993629,1.811867231720924,0.010186013099442318
6101,0.5875156982600629,1.819657621624257,0.03011371132101605
6102,0.5846158188526773,1.8039354363378883,0.07375934285085617
6103,0.5808999130279483,1.7777530754605,0.021228986832832038
6104,0.5811883587202766,1.7927107609326347,0.00928877317768026
6105,0.58136338766867,1.7931813689907072,0.019904398655580073
6106,0.5807530877297449,1.7900189558020516,0.02291878493842263
6107,0.5869650944704542,1.8261803816954394,0.06504376733217553
6108,0.5933935437750808,1.8636143404262762,0.01912615281826325
6109,0.588877199106517,1.8461717847341896,0.16597409082672446
6110,0.5848073020819532,1.8195336907953763,0.07462821930466078
6111,0.5779784585947825,1.775924683461501,0.013492234847980846
6112,0.5749066916385112,1.7655176795941308,0.009143658148002142
6113,0.5755261143339703,1.7727348822587745,0.010649508652405746
6114,0.5802258167533957,1.782347183687476,0.011050323305107343
6115,0.5819712411295255,1.7829829434456324,0.007589852038319524
6116,0.5787280021317158,1.7534253816610323,0.17495927925619612
6117,0.5841319506998236,1.7625025389038285,0.019666548607877195
6118,0.5906768510141855,1.7991371114605696,0.09060033288694334
6119,0.5875951621011419,1.7872195848845054,0.02672988768372845
6120,0.5834529574957044,1.7791922490244632,0.13497559217948382
6121,0.5906737539550864,1.815575653276076,0.18912115034690843
6122,0.5880893764853098,1.790897934755124,3.4945117629622784
6123,0.5915546244259902,1.8139883411367919,0.009778784417565375
6124,0.5892940815152758,1.8129759275897328,0.03785450116018478
6125,0.5918217210751388,1.835623663230118,0.027531317917818487
6126,0.594984635753126,1.8474801818355722,0.02912609168285769
6127,0.5990859500084568,1.8682300598854953,0.05083949580543102
6128,0.5938476690296652,1.8485464265601805,0.007472554443018762
6129,0.5880725711166277,1.8157854724822309,0.012106093471187015
6130,0.5837084865313398,1.7893355105953932,0.01329052893805889
6131,0.5833365068149053,1.7976582417316291,0.0039031741534348583
6132,0.5860238567791165,1.8015371862443466,0.07427601879215937
6133,0.5944572159541102,1.838058194537379,0.04547874369785644
6134,0.5900609475849784,1.8148300874498862,0.018284207325070384
6135,0.6029499924184409,1.856615861334024,0.005331460867520611
6136,0.6056497919713167,1.8738967081449982,0.02086256906740462
6137,0.5996675628395469,1.8463897481098492,0.057579662358792374
6138,0.6004316621727479,1.866305685952985,0.030120654740752612
6139,0.5991880909107428,1.8504948075504135,0.015031388452805999
6140,0.6022974901095444,1.8598467173594648,0.05756903417826138
6141,0.6032323604534436,1.8642514873162062,0.01884471075545064
6142,0.6078287340380889,1.8719794086287607,0.023853334409745804
6143,0.6073633709471823,1.855555319285493,0.09917701201787797
6144,0.6112294521027423,1.8715353471306557,0.10162015792977837
6145,0.6144959321845574,1.8860211863437462,0.03161504933863683
6146,0.6162660016546676,1.8892031972324,0.025783984158937477
6147,0.6092010694778253,1.864102311053614,0.027584629279212687
6148,0.6091779729505138,1.8578807978624854,0.02121679180450134
6149,0.6147589954028165,1.8733506461332934,0.3060936118902812
6150,0.6046245964262784,1.8324465581821956,0.011101421885469438
6151,0.6049669932883199,1.8287496305234292,0.004026663755467917
6152,0.6087886580505831,1.848051247943048,0.014289803227845572
6153,0.6027885388678157,1.812924031714409,0.02029300859307058
6154,0.6058907726822952,1.8320652161376076,0.030683513254694126
6155,0.6011357822111506,1.8044864785987331,0.028969844622188063
6156,0.6028492493906713,1.8258997600222435,0.009813093048543064
6157,0.6003009509714661,1.819101512432196,0.023178369397839065
6158,0.6048585170653339,1.8538982991797985,0.016578884170334134
6159,0.6075165941639898,1.8517778845216464,0.16689629033162875
6160,0.6044410719547859,1.8316698916456482,0.007999324588250855
6161,0.5997967728095278,1.800484383806365,0.047701266220888314
6162,0.6060012923817597,1.8262387029813876,0.037459505257249094
6163,0.5999906920047343,1.8014274537787078,0.020988051605193847
6164,0.6061904991394879,1.8406941263601133,0.23550830370986434
6165,0.6173726930754393,1.8848182942404452,0.022398921220947807
6166,0.6263361053569406,1.9337379074894971,0.0341422405384267
6167,0.6201622314493708,1.8959765189894455,0.027031601673000283
6168,0.6221484189991145,1.9194682153899876,0.014122232379442556
6169,0.6137688164424262,1.8784744472917883,0.0172689693721034
6170,0.6198101320713891,1.9186459277163839,0.02368250572172964
6171,0.6094803484946737,1.8681494813539374,0.014746071131390783
6172,0.6057912080753961,1.8526174320178816,0.024001247076028312
6173,0.6141030483030577,1.8901700383331272,0.010545430119006388
6174,0.6133593438299433,1.884031943884066,0.0410552974800305
6175,0.6193050766989788,1.920465038741445,0.02639125585983212
6176,0.6162095018416696,1.9027167674048981,0.019525157485312136
6177,0.6041018227525894,1.885717947020497,0.00013494915982773586
6178,0.6041621273824318,1.8970324467538504,0.015638049439142352
6179,0.5986899779796614,1.8681802060460555,0.18520733924950775
6180,0.6072586633366401,1.9141129406172057,0.49949000545412725
6181,0.597437493921328,1.8600012185421497,0.010102658674930716
6182,0.6032065562301513,1.8791937429045007,0.054330429239891065
6183,0.6070622506073476,1.892180835416694,0.1403003398133186
6184,0.6056409104101196,1.890248612040547,0.038976175399054326
6185,0.6095581608046421,1.9091051510280828,0.061347171980135354
6186,0.6074751001272791,1.8843695962630387,0.01581238203582978
6187,0.6135385520345032,1.9224544276430313,0.011813271191466142
6188,0.6211195578637365,1.951174696484673,0.025720532399037745
6189,0.6114040683288965,1.8966223344131021,0.010681428250961909
6190,0.6138891635042543,1.8922820761885901,0.01755131630774873
6191,0.6120838389557731,1.8956089508514145,0.004714382379466748
6192,0.6197519504809699,1.9387514146645817,0.13437605615501338
6193,0.6153933748329583,1.925008526678155,0.003196397827343061
6194,0.6089625997320837,1.8953029718518661,0.00721238402167323
6195,0.6018560573189399,1.8549396815988481,0.010933353678314864
6196,0.60240342310935,1.8774171438489227,0.0135413373192971
6197,0.596876015445206,1.849190771898908,0.04988142901816804
6198,0.597717746712669,1.8551384999391005,0.010495418312193932
6199,0.5949131186389014,1.8328214471714073,0.01105269202374862
6200,0.5982017284392438,1.8605655117714837,0.021821806072362792
6201,0.5877143106390619,1.8271146540982701,0.016524380027524987
6202,0.5864439010465464,1.8315049540308481,0.4802843586620712
6203,0.5820198349037622,1.8108212901669947,0.014036199097216852
6204,0.5843117433464443,1.8311761054821425,0.02089644083639277
6205,0.5802031263264085,1.8010508236314209,0.008375292612993634
6206,0.5772577450400169,1.7837514839752515,0.012159729311367114
6207,0.5730621457550545,1.7686019128038761,0.055612641501817536
6208,0.5688774340413447,1.7473009715076873,0.06201850403130442
6209,0.5751932733179341,1.7735120262047286,0.013167419035360155
6210,0.5751280204493588,1.7589043476744444,0.23746293412587846
6211,0.5765581356676975,1.7755205666543525,0.015478651903135889
6212,0.5767773850475251,1.780513220282457,0.06739995375771418
6213,0.5796913313038767,1.7884138122632027,0.023743568562861566
6214,0.580839963317756,1.8039941779877364,0.0875646937607324
6215,0.5803222975347049,1.7943400880952813,0.04072525015445258
6216,0.5819745717497204,1.8172936957384236,0.4156199094831879
6217,0.584328616239118,1.8355773251227532,0.38004408545097
6218,0.5948470548375889,1.8891924055697882,0.059343444624425985
6219,0.586739241554272,1.8443577143576233,0.014493327601568214
6220,0.5847166102125054,1.8330726212890722,0.0035029906110639244
6221,0.580913246014448,1.8271782740475466,0.017389595042442134
6222,0.5784011370163679,1.8065357007647136,0.043027655134116015
6223,0.5782215481350551,1.794334757066218,0.013308884975945868
6224,0.5808009045869729,1.8008535049156102,0.2981446325875725
6225,0.586378927524583,1.8405106164754996,0.23374110963809844
6226,0.5823973131354737,1.806456587719714,0.06314288608182843
6227,0.5798718466979376,1.7837501098146558,0.21973763999236462
6228,0.5875692277894685,1.8288984640680632,0.03302095780635691
6229,0.5858730009879684,1.8129917891207616,0.02486291718122873
6230,0.5879864170766267,1.8255741748430852,0.024347654901598858
6231,0.5991139959654113,1.8715037664481036,0.003369449995201389
6232,0.5964034887047055,1.8704128341587143,0.01756683596819743
6233,0.5971333184567672,1.8886132379374487,0.002506987272058827
6234,0.5656167479295252,1.8103075577959105,5.6857954574991014e-05
6235,0.5640710093672299,1.7898025206036883,0.08124991616147709
6236,0.5675107683288583,1.8029541690655324,0.06380435983826074
6237,0.564598427279839,1.7866688131475827,0.16241073014389304
6238,0.5686013047763873,1.8141100131027639,0.03538451580597039
6239,0.5598998697384306,1.7818821888349372,0.04515996861989532
6240,0.5624830290531555,1.7826805543084647,0.008178559542212051
6241,0.5698525256413824,1.8200140620703276,0.2066003000225785
6242,0.5691481828842221,1.817233522730344,0.034089342910307255
6243,0.5617330944885301,1.8021471302169747,0.0001529335691921093
6244,0.5634579634454063,1.8127215652949826,0.00953827511495614
6245,0.5635004268704501,1.8082828140485145,0.06405243018087171
6246,0.5603057820295008,1.7932279137809546,0.025197598899788995
6247,0.5520431499158273,1.7448111982024836,0.0379722392264397
6248,0.5518274430511138,1.724489983354728,0.11782954791150727
6249,0.5509746196956173,1.7130633164963993,0.00871329251503137
6250,0.5460536548221029,1.6989168879351688,0.07525917871726674
6251,0.5446822669122279,1.6983337785326382,0.018260101227652068
6252,0.541571317212251,1.7021009082926764,0.05232732924033251
6253,0.5497794052713465,1.7396388868039496,0.01953947341918388
6254,0.547220592417559,1.7307593465013047,0.01953980727709841
6255,0.5422120495967863,1.7103875172165188,0.032427152059076925
6256,0.5517073476735035,1.750564517665734,0.050179760452542
6257,0.548328280968684,1.7275788869990567,0.015336793651654398
6258,0.5504075882370186,1.747684147694305,0.10243437375902859
6259,0.5454278799260649,1.7302200475748837,0.0967244655557687
6260,0.5444171583809597,1.723204591029076,0.003430546408711863
6261,0.5461152347639292,1.7323008229749106,0.022581555726425305
6262,0.5475230903347623,1.7239383907904393,0.012972443317191244
6263,0.5493572505715753,1.740357835334216,0.009776146196164598
6264,0.5457844587325779,1.7134411695257232,0.026187358281524183
6265,0.5410681649272197,1.702972542548336,0.001387392055028506
6266,0.5436751979042894,1.7201327495628143,0.005279301147590352
6267,0.546076477844137,1.7306613360999328,0.07753471530942731
6268,0.5533440148284445,1.7709437858256205,0.01986226418718546
6269,0.5591542775099491,1.8150942727718573,0.02371010708933158
6270,0.5534988251515369,1.7783688307331735,0.024141037181279225
6271,0.5592902019948633,1.8228118180211696,0.025313698106333257
6272,0.5496229546156579,1.7694534665149753,0.0991714367157443
6273,0.5556430091522653,1.8142208032611369,0.02511618155236034
6274,0.5494410037660493,1.7765312518888812,0.025651491097106856
6275,0.5413870480051204,1.7277436003332798,0.1370665521990358
6276,0.5491488952273628,1.7765624080835456,0.10677733092634523
6277,0.5558176905470648,1.7999704452678253,0.0068021812576687475
6278,0.5655876174362491,1.8536322728427415,0.1923114096618127
6279,0.559141969672204,1.8068038920098164,0.01096353368596008
6280,0.5692769914088446,1.865084589967349,0.035138455448411224
6281,0.5627932304317977,1.8397968000469398,0.016369423273168756
6282,0.5576663215509967,1.8128153157130753,0.018597567370323705
6283,0.5512746814276486,1.7690236619076734,0.03909538000211766
6284,0.5428718798274894,1.7324483599970733,0.03669650594706397
6285,0.535077943805093,1.6943996310942468,0.09281827018462678
6286,0.5312407228870784,1.6892304410864711,0.005472834388388974
6287,0.5429637040451165,1.7383440379982984,0.04219154339353698
6288,0.5434863501999997,1.7417912953882582,0.09146446473768889
6289,0.5453930779304534,1.7565705280444408,0.007371878390205158
6290,0.5515257013297248,1.7841811676536992,0.024126027450590042
6291,0.5431721019133493,1.7433341003635092,0.053874298646651525
6292,0.5426489145400383,1.734587842403174,0.023126301361891633
6293,0.5447740409245111,1.7416314702338378,0.0013743468694801728
6294,0.5410121573801654,1.7297363731397775,0.10815144189134036
6295,0.5460291184504369,1.7597471581631414,0.03507713177501099
6296,0.5468817327878139,1.7635789767608407,0.04212101388565243
6297,0.5443174086969431,1.739269828664665,0.012534021852358152
6298,0.5443501841623088,1.7301274867919791,0.024842174975564003
6299,0.5461742575406876,1.7193505514232896,0.16466601106341086
6300,0.5460596775131866,1.7120552572373222,0.021875619301675708
6301,0.5472820348415213,1.7200663118645927,0.017646074793406415
6302,0.5484683759051544,1.7370435406391531,0.010560702223797236
6303,0.5511989817574418,1.7591484621444755,0.11829114828187925
6304,0.521980409613523,1.6801328082104552,6.725736001504194e-05
6305,0.5166712937915856,1.6581091822160228,0.08521971947855103
6306,0.5189741468991613,1.6772357905224804,0.05024451445349651
6307,0.5151177370451085,1.6487636667430483,0.08694343049619396
6308,0.520710023888411,1.6848392440930555,0.1561292936742904
6309,0.5293395946917467,1.71756898310997,0.03177476924252216
6310,0.5322435258869742,1.7368629635473343,0.007242365943337067
6311,0.5253191405021003,1.7080556561527978,0.0017383040220797473
6312,0.5226400440595868,1.6946490389693443,0.01849434181339919
6313,0.5201143802865418,1.681282889453145,0.007661925630509347
6314,0.5146287553297167,1.6677806183368478,0.22737696539568253
6315,0.5190364632628511,1.7015076822645276,0.029179277335576147
6316,0.5160288562107164,1.6795752334626506,0.020953283532720284
6317,0.5194028337774056,1.6821016576741539,0.03346749878608835
6318,0.5254062943057581,1.7157830718025497,0.49673196828192123
6319,0.521099277676514,1.7135961105726563,0.00018512969209577823
6320,0.515104290798697,1.678865919327491,0.016795338485750298
6321,0.5097025151463636,1.6487328856447276,0.062409185338995865
6322,0.5091810591094198,1.641835793524196,0.03882824216423981
6323,0.510482798846361,1.6378826874623493,0.011653751849107098
6324,0.5130826989660893,1.6488889623985157,0.009088874986486336
6325,0.5114365614308565,1.6342296622580765,0.14445292606439947
6326,0.5081497229648698,1.6246247997043473,0.01055236987233235
6327,0.5066483181630064,1.6341468306974878,0.01258226852980983
6328,0.5060291758745672,1.6383400701808635,0.13204009761161128
6329,0.5053129135917332,1.6521519989333455,0.024976439733962904
6330,0.5122469251081615,1.6803295258635562,0.01935873293621683
6331,0.5205475877289474,1.7329802713005764,0.01863362735106262
6332,0.5245539241609517,1.7567195272276475,0.32791276875646713
6333,0.5183622076570179,1.716460708557734,0.35357553396465263
6334,0.5144147266707672,1.6948583365584204,0.012267024813550626
6335,0.5181206919275463,1.7216958041826154,0.35076739391020284
6336,0.5162212572517996,1.7111697324316975,0.04975659513967273
6337,0.5123482204909243,1.6787974513128368,0.2115864647170299
6338,0.5126749490440862,1.6997593527853576,0.022280785498628084
6339,0.5020235722598884,1.6458749642715813,0.0742915780632851
6340,0.5031575615284518,1.6377872824054076,0.05517015002103428
6341,0.5038281914697534,1.6355511354374916,0.021627672744123024
6342,0.5022137881839774,1.6196101627099049,0.008291409292086865
6343,0.5047274856286783,1.6233999776899475,0.05457285409644779
6344,0.5020251421417945,1.6236880078471685,0.0054563304245807106
6345,0.5061100077313755,1.6562100030946514,0.01178694133734464
6346,0.5065862514819279,1.6387160522874753,0.011039921469727682
6347,0.5109362373364035,1.6657480967944973,0.028917693733917553
6348,0.5145302513286958,1.6758532547594924,0.023917043272679968
6349,0.5186318480579005,1.6967047471791739,0.0076299362987139385
6350,0.5173852022846956,1.6790284485607037,0.006990137341400453
6351,0.515907740465115,1.6744337133823217,0.12336220162003284
6352,0.5160244243693123,1.6904439189544007,0.0787015775871104
6353,0.5197500933723501,1.7123348077742864,0.011242672270567586
6354,0.5257021915718048,1.7536755603260505,0.020782076075251402
6355,0.5180130622603509,1.7187374747450193,0.08900722560094831
6356,0.5161505794637131,1.6964072810765212,0.029048235113937143
6357,0.5164570850131115,1.7090729298653184,1.976512635364169
6358,0.529338596093691,1.760399626634878,0.05783344479465747
6359,0.5316541472706117,1.7721229630155628,0.007234710596331122
6360,0.528586642955136,1.7505930002458083,0.01943696792032654
6361,0.5353091296824772,1.7850526510549838,0.013186794034461529
6362,0.5403817916103145,1.8115306128130562,0.005888783724443423
6363,0.535383986476426,1.7863252348418852,0.030477703096557705
6364,0.5346105698537851,1.7736523189142743,0.036480251490948655
6365,0.5319254357566324,1.7602035002349743,0.04616583049190621
6366,0.5382410613874579,1.7883746566410754,0.10952776759494515
6367,0.5389557800264272,1.8011557518875814,0.09616725352517647
6368,0.5315009971271034,1.7529006207911388,0.02296956014971869
6369,0.5235990615089522,1.7191065698330075,0.05833334885713268
6370,0.5336415717096971,1.7672343621075002,0.02759432871766239
6371,0.5347017655186053,1.7714255514589834,0.1330257561264969
6372,0.5309612337407967,1.7436550552131658,0.02832230232444183
6373,0.5266867309915648,1.7223483096730507,0.009711622331414944
6374,0.5253120505226557,1.7231989496244002,0.003787655718347343
6375,0.5247344186858028,1.732782390791574,0.015962515536293916
6376,0.5314711443029152,1.756441277257521,0.04532628656715533
6377,0.5370344018586132,1.7832246515342831,0.024839078906820067
6378,0.5393634623927276,1.8033559212461594,0.02127531727878292
6379,0.5448799945015352,1.8221287592143485,0.04667614803388269
6380,0.5438069399572633,1.8089294198299992,0.45412720551710134
6381,0.5414466450160512,1.7934761572790097,0.016419971874092422
6382,0.5398373981466518,1.775505372873994,0.04255280990637439
6383,0.5357917162329909,1.751099116586872,0.017324970479332395
6384,0.5397226542571356,1.7788889483916819,0.4358649586459516
6385,0.538362637183938,1.7724381916300376,0.01086734560535183
6386,0.5321072708622101,1.7536034762037196,0.04817277142751221
6387,0.5322395886388798,1.737100252423665,0.13742609399322966
6388,0.5310236975291786,1.7298734496669579,0.012385883394529082
6389,0.5317765381909539,1.746888460127142,0.012826535471219503
6390,0.5309054146914639,1.7340954972563123,0.010458364221402987
6391,0.5271031072411305,1.722838857983084,0.08439750092543193
6392,0.5239141080382357,1.7153064247711407,0.057866042360978476
6393,0.5232557995961001,1.7089024449742716,0.07027018241158592
6394,0.5249907330009722,1.7144998270734533,0.3408533835109674
6395,0.5259717715690753,1.728339564273394,0.015909378366908408
6396,0.5306506491125632,1.7567560527403316,0.09953955870344393
6397,0.5242356132770117,1.7208215145541315,0.00788496300491316
6398,0.5278420430553049,1.729584857758787,0.029604986968786384
6399,0.5323238725857072,1.7515890969411887,0.14163938228755849
6400,0.5328990076653327,1.7617671214074642,0.006283983799643053
6401,0.5395366896114728,1.786434667580622,0.017880554961955723
6402,0.5414291058133044,1.7882325261159868,0.014621609970470538
6403,0.5351027725958467,1.763932278918046,0.038383996671163594
6404,0.5407342753769303,1.7928374383069479,0.08042187520366768
6405,0.5366801268427316,1.7622698817496332,0.03395336596480991
6406,0.5370193088632617,1.7627473763577424,0.004485917482230373
6407,0.5380503178164803,1.7792913106064283,0.02286854662902528
6408,0.5383650952224588,1.782821966414148,0.10387144800120414
6409,0.5398663382787108,1.7834634429462475,0.00944077119455678
6410,0.5445489141887556,1.8070911462379173,0.029545925699070205
6411,0.536669969290127,1.7720547524402641,0.03605242682804376
6412,0.5317448536416407,1.7481183625829328,0.07817718660129942
6413,0.5283703313648352,1.736575833520888,0.008116659635553568
6414,0.5243228900669231,1.706232271787651,0.029421032921856563
6415,0.5303879492753676,1.744962893324212,0.01176015781469332
6416,0.5285559207620341,1.7313031952166544,0.02163492156642331
6417,0.5314774187041101,1.7455565999108074,0.017088291639029106
6418,0.5325618349866952,1.744462727153206,0.0832331076289889
6419,0.5331765460275889,1.7458203251178979,0.021033588352646154
6420,0.5373119154762154,1.7608578033414548,0.09762069480329864
6421,0.5376277402812316,1.767610571044309,0.028561844721555266
6422,0.5358009475498794,1.762051572839211,0.028490024810852575
6423,0.5366553959375105,1.7620103791387878,0.012164382381753616
6424,0.5344696731832573,1.7568621840881538,0.2030178134536992
6425,0.5235387911996338,1.7135823264827188,0.003120815782013539
6426,0.5232775948060355,1.7142542816030364,0.03751534718497578
6427,0.528393313317436,1.7307206634897765,0.021991087849336805
6428,0.5337141280518034,1.7604536113371385,0.016739642623212182
6429,0.5276500472356055,1.738700745126392,0.6059468839784348
6430,0.5283854941589384,1.749634731399054,0.10575732732982566
6431,0.5248723007821676,1.7184888804474994,0.037867486793138415
6432,0.5236570480896804,1.7086539377343355,0.008794493636916676
6433,0.529230708922041,1.744693385508711,0.2820394796418583
6434,0.5245682440346213,1.7099401963095124,0.10680956346605226
6435,0.5214024288905913,1.7056398753876227,0.008055312430447428
6436,0.5271405842343209,1.7251800981539345,0.022523406502748557
6437,0.5287169843017195,1.7197801426547432,0.0971929662167472
6438,0.5350484524735637,1.758061842116659,0.05954762514191402
6439,0.5279811404497078,1.7213600987257132,0.019303369204817532
6440,0.5275581321116175,1.715581974038888,0.3161838602924032
6441,0.5322095844613115,1.7431511229175032,0.10693449082063308
6442,0.5256293348442235,1.7114294206749243,0.006856474722070083
6443,0.5218435578330828,1.6849319368353446,0.03246320944568393
6444,0.5248020544003787,1.6983722879120922,0.013774133307648302
6445,0.5235054620123797,1.6972490817724402,0.06393909867021262
6446,0.5204994376458357,1.6852656130983041,0.03717795076150742
6447,0.5219373974404881,1.682980806649303,0.023823733687479066
6448,0.522019616022151,1.6894679886707937,0.01704444361983774
6449,0.5275642521729611,1.7112634713752815,0.047607566659431395
6450,0.5274106970481061,1.7156898318005782,0.01710196929673692
6451,0.530756140552422,1.7344412201338155,0.051379815623858106
6452,0.5258133917735426,1.701218758038972,0.010379661868643605
6453,0.5347213981541121,1.7333212450659363,2.2952054564808804
6454,0.5362518562523574,1.7457301593690153,0.0036645634043632478
6455,0.5340800470395438,1.7423873535435639,0.02811069254003928
6456,0.5328310609836635,1.7302071784417328,0.025809830271423972
6457,0.5355115799325332,1.7550875413770686,0.019728199262026607
6458,0.5408774829573028,1.783729030867865,0.03801690996221499
6459,0.5425234226970641,1.788638502054468,0.016890928693617427
6460,0.541759780787627,1.779136822035249,0.005268650101548032
6461,0.5409501032106764,1.7672118215853978,0.11136044347272077
6462,0.5338369208528377,1.7448259075489654,0.012096822753564485
6463,0.5334105193633697,1.74515310193126,0.015601243861757451
6464,0.5383936054944497,1.7653745386220216,0.021897300602109242
6465,0.5430436093224202,1.783876660679065,0.00980075325015003
6466,0.5386081879752966,1.7576219438714882,0.1318230837936957
6467,0.5407733854672195,1.761753617045895,0.008063274660956557
6468,0.5391130950847638,1.7744172252259498,0.0361481994466139
6469,0.54599284175453,1.8048170095092246,0.15518147777386548
6470,0.5415685813497944,1.7799824990491793,0.007935335081128203
6471,0.5468148961931618,1.796864858570788,3.0916664104575626
6472,0.5531712740054106,1.820396907020699,0.027714997684791295
6473,0.5520001670773298,1.8219444851215714,0.02424125913309525
6474,0.542315755148012,1.775656727323327,0.12539925229751178
6475,0.5393709061334325,1.77104846800765,0.010213418181017968
6476,0.548537641476659,1.8208227023442074,0.1072333947029637
6477,0.5388001816231339,1.7625469449998408,0.0868674002194911
6478,0.5337925772638468,1.7448244592863154,0.04739407950792641
6479,0.5377469519917021,1.7584475985282892,0.3260414757952646
6480,0.5426855427331008,1.787996276389244,0.13437799593705105
6481,0.5335945690162274,1.7469840083325516,0.055577235476342655
6482,0.5274440295759603,1.719982773099074,0.005716594856733433
6483,0.5350349643522628,1.7519635378145442,0.016927211259646743
6484,0.534860113420158,1.7648134466671372,0.04042889070980038
6485,0.5456645237722444,1.8136264912978726,0.04031752398707697
6486,0.5506133078278596,1.8521072968386558,0.15319823396986834
6487,0.5410852842142022,1.7954589567331225,0.007295653239450401
6488,0.5372034025491994,1.777514916055548,0.0403515522470902
6489,0.5288388395030824,1.7375377475201603,0.027767119254860667
6490,0.5297639252738264,1.7416603481498072,1.1671968279236944
6491,0.5243911482276752,1.7115497999592508,0.014844005241735864
6492,0.5242445707859815,1.6986093697601186,0.03764003001540523
6493,0.5237862110851658,1.7078002714212341,0.01277650491547274
6494,0.5228837947511101,1.7082866536228283,0.046505792604817284
6495,0.5232034512091125,1.709796120262984,0.03234276424139151
6496,0.522869166486647,1.7050471593717595,0.012372221446252978
6497,0.5211332619072941,1.700332141829567,0.005487541482052723
6498,0.5278984421151379,1.7412239599326869,11.433704275326395
6499,0.5245568662535189,1.7197158649962296,0.019654037812467
6500,0.5231761681762833,1.6992316067923723,0.15754301012870564
6501,0.5241975810616236,1.6944447579615483,0.026609458731328525
6502,0.5239217133912546,1.6980893035757174,1.2742444600466722
6503,0.5215916474633104,1.686849662457374,0.008278136668098734
6504,0.5271625531282944,1.718803197587896,0.027483775100015727
6505,0.5199188006145212,1.688372463646954,0.0047364705602508
6506,0.5239516881925396,1.7113471338415074,0.02549833322395224
6507,0.5267294330007385,1.719495831325838,0.10204006113464745
6508,0.5294815006359911,1.7225041754179717,0.1876493486825083
6509,0.5339654595233441,1.7592749705764053,0.06697101720996539
6510,0.5356620365792542,1.7688593624406301,0.07316455482390359
6511,0.539941722365563,1.7897709988691155,0.009964884584416732
6512,0.5388420483630456,1.7826640713235624,0.0394713489559532
6513,0.5379278152404465,1.7698779438978598,0.027766410204219598
6514,0.5376234338719383,1.7631060974073582,0.02039413602066268
6515,0.532241095585866,1.7461600625080973,0.06802632165389073
6516,0.5336915518880134,1.7509941901915975,0.021316457971101627
6517,0.5472543433845245,1.7956755383907053,0.0123443501204737
6518,0.5538409942566387,1.817061088658752,0.040733991226078695
6519,0.5419437847963783,1.801416526335202,7.869371196403317e-05
6520,0.5462337007489761,1.8235744915368912,0.045241336799280364
6521,0.545360118371972,1.8142723159949683,0.04772908510484777
6522,0.5444358568269321,1.800148692217163,0.050406310415893
6523,0.5369358648604221,1.7612952281380259,0.0969829855261788
6524,0.5326592165400341,1.7293284297597828,0.13693831145836444
6525,0.5353378648388241,1.7312455077469278,0.020808962721646077
6526,0.536019531425103,1.7443940082057265,0.07365831557423544
6527,0.5390048804373969,1.7695992729693921,0.05977935532053813
6528,0.5439223284365975,1.8011819360243135,0.059231946102769585
6529,0.5388633422423031,1.7707066641952975,0.010625299261367443
6530,0.5325757308903167,1.7340292847968684,0.06410551303145455
6531,0.5315192675459793,1.7405729833721315,0.009580377440374056
6532,0.5395501809917841,1.7768008372266177,0.006427117729759778
6533,0.5473916320018082,1.798220754009344,0.028712911385275135
6534,0.539992958407726,1.7811389759169824,0.00015453138022923502
6535,0.5415930947333975,1.8019339736129951,0.009155628510028834
6536,0.5439610534582285,1.828841830122359,0.024141976618473757
6537,0.5440695510771053,1.8328355758816302,0.03754634492670591
6538,0.5487068311358859,1.8498478546746848,0.019235034619105838
6539,0.5393296165109466,1.8110507509609837,0.009290293037755309
6540,0.5384964198588403,1.8156434224696882,0.04119497913037401
6541,0.5429173099995535,1.824422275781515,0.21763955546289954
6542,0.5411027168504164,1.8030059073260256,0.04402316819580331
6543,0.5346439432819047,1.7860275429711636,0.028844833617229164
6544,0.537370037628392,1.8106786007005389,0.10401404062460845
6545,0.5348682175776569,1.8070859307821046,0.035595759150222825
6546,0.5301886815401311,1.773557456097139,0.06119735581085336
6547,0.5291291414598701,1.7727834735860135,0.0881010216544865
6548,0.5365172369949613,1.8082684379849088,0.5038898553740078
6549,0.5282534613498129,1.7694369056063555,0.006760056789785623
6550,0.5322447432283652,1.7843703452624757,0.13236290914227775
6551,0.5345180252712677,1.8019499852457161,0.18584005471576567
6552,0.531469524804881,1.7754219268478548,0.023692727186024016
6553,0.532717563650008,1.7782467765590222,0.018458489886130636
6554,0.540899192008249,1.8181260489664746,0.01610972956884348
6555,0.5360965610071049,1.8071173476617342,0.007110365777180136
6556,0.5347966819729592,1.798517995109655,0.03154985382350312
6557,0.5302220979721478,1.7697827882104016,0.026593789842979994
6558,0.5329222607634457,1.7768420285917603,0.05650501854103086
6559,0.5299144496397727,1.7596288786455736,0.026690444360282752
6560,0.5173245282369296,1.7341281194721478,2.9752646546485765e-05
6561,0.5176649243598448,1.734361856897685,0.009558139645373588
6562,0.5121962241926266,1.6986391486173535,0.03093217408460498
6563,0.5126497098142893,1.7056828266676514,0.01244590860564231
6564,0.5119523035417227,1.6981729536702925,0.022154293581578402
6565,0.5129752177322939,1.6966042093218594,0.01421850644885126
6566,0.5117940211104899,1.6906505308524327,0.01888883176962555
6567,0.5121526525640979,1.6990167349806566,0.014888654028624304
6568,0.5092494044694381,1.7018254354320637,0.026515534307249632
6569,0.5139474116421425,1.72310563382606,0.037943208809589846
6570,0.5127347150327565,1.706788218919909,0.007944849169990175
6571,0.5117909022817034,1.688926840872737,0.0360207223419457
6572,0.5149669763074657,1.7020315625941553,0.15768648865230186
6573,0.5224132800804755,1.7219040424906702,0.07795372250803752
6574,0.5157717174868325,1.7025046782771975,0.04474346413849829
6575,0.5167263108611185,1.6968901023598508,0.07923023611969113
6576,0.5167114725062073,1.6856208958195205,0.022128645226884174
6577,0.5186668009770737,1.705197058462415,0.03600346596911675
6578,0.5218793377993558,1.7104822769344763,0.042653219979746464
6579,0.5193841569017621,1.7018248254525348,0.019016434451001173
6580,0.5220599474010368,1.7110878049154479,0.026071283742532328
6581,0.5221859605280309,1.7099028209634024,0.007299121084640286
6582,0.5161426082281774,1.6913902633907234,0.0019199343275539747
6583,0.5178243338659606,1.7118908574844731,0.013182426912165394
6584,0.5170398724946136,1.7231072167154382,0.006514813515977376
6585,0.5195553399103797,1.742311220916173,0.1612728285957075
6586,0.5086526774214468,1.7189961994781207,1.5385812310853147e-05
6587,0.5070607323912453,1.7103059661420792,0.14382347492954978
6588,0.5064036512747421,1.7099738013625472,0.022116578854481612
6589,0.5063048426747672,1.7176516621434943,0.028661372452885667
6590,0.5142796778585957,1.7557669544784464,0.006677300281373793
6591,0.520511531536081,1.7947465028637088,0.019481573950816455
6592,0.5211795698194271,1.7953571367881687,0.039154710962163816
6593,0.5265381218212781,1.811928739452238,0.07955565791095344
6594,0.5257131726742752,1.7982872708992532,0.019298045247871046
6595,0.5201932408991574,1.776083541635233,0.07009436565660279
6596,0.5184367286027317,1.7701971060696318,0.022399323432863053
6597,0.5201470528987515,1.7810852015495728,0.03508928047910803
6598,0.5169321079855853,1.7594352577852594,0.024269062247334564
6599,0.5223062615918075,1.7699505441957337,0.026865540868397864
6600,0.5334380578535981,1.8197271296885447,0.034653051979005
6601,0.5324460546418648,1.8154237238994941,0.016502813338637554
6602,0.5293002962122823,1.801964744130177,0.015136959980500088
6603,0.5259629721469471,1.7871034888613915,0.03628584495821541
6604,0.5329221179230588,1.8070563444051384,0.08191058685555444
6605,0.534632252339633,1.8186585315613062,0.01984699697865554
6606,0.5318485343503156,1.7904749934738577,0.009114259361010017
6607,0.5312378489345845,1.7762666969692125,0.030542008388773044
6608,0.527501504966411,1.745922165062971,0.027591095607098687
6609,0.529377776890962,1.7637753918028933,0.027293066063442867
6610,0.5277408014954469,1.7570511366333865,0.041335110847334225
6611,0.5233604130880988,1.7423805207120198,0.09636446163873519
6612,0.5236178976051271,1.7537167789126635,0.058239092771369974
6613,0.5271174810601295,1.7815725169287153,0.10990717523908873
6614,0.5215083927812822,1.7566079815933202,0.007216008132616846
6615,0.5236448560420118,1.7717131853270682,0.015919201794104377
6616,0.5281779348387131,1.8002609779925127,0.06033502176220734
6617,0.5323110152367562,1.8231528958244114,0.00419928320669714
6618,0.5293941379702766,1.7984172223266153,0.028789631478069528
6619,0.5288610098796434,1.7888855598380276,0.006226684580544119
6620,0.5245694301673296,1.7633137066290734,0.08141654555640272
6621,0.5176944287231642,1.7309963828086896,0.005996879073603109
6622,0.5185619887925303,1.7250585472288795,0.017009050856378917
6623,0.5135815108072915,1.7211355039869183,0.00020122055172925714
6624,0.5110761327506909,1.7069452502668723,0.019388105021291905
6625,0.5153706077908541,1.720219396698258,0.041728715162974696
6626,0.5188646391122076,1.732277064655483,0.06674064656148108
6627,0.5235047535246488,1.769670610152147,0.04027964737304194
6628,0.5264331028548845,1.7814582428872923,0.00971761616815624
6629,0.5335208346006588,1.8281435005041562,0.0727096710281545
6630,0.5312106800402635,1.8080327782623888,0.07017176443058067
6631,0.5221303209761485,1.7575729049479474,0.021563163213775532
6632,0.5217034366943374,1.7512503249121796,0.14971600826632425
6633,0.5184081327711063,1.7330750077402375,0.07116557365641324
6634,0.5211931221538217,1.7446271571803287,0.07863235151821095
6635,0.5215858333042465,1.753194717110162,0.06261688278376353
6636,0.5183113250639186,1.7391675616062319,0.024199955332361717
6637,0.5170767710617277,1.7251889031027907,0.008557574244633563
6638,0.5250133807589512,1.7572723198287885,0.04835887289801614
6639,0.5247188471604118,1.7505570639228045,0.006745045901118867
6640,0.5268987250441804,1.7499879414039379,0.030249374272889932
6641,0.5323409646513946,1.7873710385891144,0.015433167720299214
6642,0.5332698202586769,1.7720423715180464,0.017780294653352575
6643,0.5335264979223016,1.771452411794843,0.030977341984461747
6644,0.5334226653508152,1.7656184149936496,0.026606411383672774
6645,0.535632619363906,1.7806921530143387,0.049603391845694476
6646,0.5343249367294309,1.7694374312041077,0.02445669054882683
6647,0.5330370955187106,1.758030629464744,0.013394668821228344
6648,0.5344338010219449,1.7629286216071418,0.05860830164517449
6649,0.5415982273442935,1.792224128773404,0.03676086216918065
6650,0.5433505505877134,1.804584550790804,0.014224994007817626
6651,0.5523060929400754,1.837613442810121,0.32077933415879933
6652,0.5572629890505961,1.8751640083499694,0.42726615716223326
6653,0.5598404674590515,1.8896668807034755,0.021598738801547484
6654,0.5638809938135925,1.9110201593793286,0.02236901019157069
6655,0.5652166086808005,1.9180351546724943,0.012268337520581261
6656,0.5643584578517402,1.915201567227579,0.06345992097840268
6657,0.5648626774846466,1.915316417567325,0.46152174216346153
6658,0.5540101260337604,1.872755619493348,0.0077056401323738555
6659,0.5420109098847079,1.843040517633234,0.00016108454160178212
6660,0.536302440526483,1.8021885314507373,0.017832245005577497
6661,0.5362685722195036,1.8118299424134157,0.02979051472533195
6662,0.5074505884928585,1.7397862620452298,6.566451823812543e-05
6663,0.5018827418627151,1.704484281908207,0.047595079788571214
6664,0.4982728501679526,1.6753011279175214,0.029237354488784135
6665,0.4943910785454519,1.6615745746032158,0.0019670020613154057
6666,0.49357480857254965,1.6603507757344693,0.02103344815143988
6667,0.4942112515275322,1.6737269481739259,0.4030686855207232
6668,0.49481753579659454,1.6774107105198017,0.12026023399950349
6669,0.4887428899393484,1.6376112606699387,0.049401912166663675
6670,0.48806411514478093,1.6269354625458623,0.09797369291045348
6671,0.48797367185459917,1.6417834054381855,0.0175533915628777
6672,0.48253237712924957,1.619008952954443,0.04284529261075303
6673,0.48240305985636095,1.6336438236057524,0.00918266224659745
6674,0.4790932600416706,1.6214842595741823,0.005468112866791436
6675,0.48331197459502856,1.6459193606659728,0.01367477674479242
6676,0.49048945492381607,1.6863187555519437,0.03835430495179134
6677,0.48639272516714116,1.674446352401315,0.07632027803834017
6678,0.4795004150075476,1.6440965874267672,0.030975383213245954
6679,0.4789301531316183,1.6472015681569585,0.017828947387334572
6680,0.47476311607352106,1.634277486959094,0.221024571930181
6681,0.4860474452114814,1.6875118126926913,0.0040279180010006615
6682,0.4955576693605515,1.7454533774622578,0.08609878713071997
6683,0.4905274184583754,1.718088016014024,0.05084034252005348
6684,0.48168166837632204,1.6647831852875792,0.02899663651331784
6685,0.47654724789981817,1.6390518647195673,0.015584762332337073
6686,0.47310477295172876,1.6215044561485634,0.008777444232925946
6687,0.47095632561451756,1.6203055142833618,0.1479174499347479
6688,0.47182041508952827,1.624870210349376,0.07375635508752677
6689,0.4745895421198369,1.6424600729531125,0.019109430178011685
6690,0.4700277354433276,1.612422240164766,0.04121592626089063
6691,0.47125928354726476,1.612176270343241,0.08792313653949821
6692,0.47348144180028207,1.6257723778306667,0.01773469784522415
6693,0.47263526390987354,1.6250823107245058,0.022600414808357644
6694,0.4741534566764666,1.6239606930701802,0.11102752106126719
6695,0.4793536474237517,1.6546951443093283,0.01009776504906438
6696,0.4857267440875944,1.69113765014577,0.031016284770726953
6697,0.4822666192031674,1.6832853608553329,0.0016611437601911948
6698,0.48804513704886127,1.7197044114485736,0.05233484725948649
6699,0.4819504460188598,1.683747821458855,0.01059070553580774
6700,0.48363461382558964,1.6891627428838205,0.02597470577213779
6701,0.4835686276240326,1.6852631284172146,0.18729756201344852
6702,0.48596738295570124,1.7090802386040511,0.05883913404773257
6703,0.4834613486729391,1.687357981349406,0.01565964832928768
6704,0.49114958610919474,1.7199830451882598,0.3977636243595385
6705,0.4941047489435432,1.7259631224720002,0.06102710936084044
6706,0.4989346955153606,1.750576061951246,0.0463045712514132
6707,0.5047276223519684,1.7729961977615925,0.523827306169934
6708,0.5164445383402342,1.8352646440899292,0.16449614204862836
6709,0.5151535800958003,1.827205583536421,0.08723363287987443
6710,0.5084226717828786,1.7958817541204937,0.017115872646159304
6711,0.5096679851219152,1.7972949946346382,0.009033396988181069
6712,0.5099015289421791,1.7978010834937823,0.2209008925212832
6713,0.5141750761586308,1.8109889254002993,0.018055074130501142
6714,0.5145416537424915,1.8045271405697882,0.02946595946756018
6715,0.5222630073070705,1.8285867682509012,0.06576336531162327
6716,0.529469345479522,1.8698762045785176,0.04303149374102976
6717,0.5159271800775936,1.8062783809958627,0.014432283287649516
6718,0.5155836549229978,1.815617082312616,0.021747611141247163
6719,0.5168409594934616,1.8218103098449756,0.038728874653379215
6720,0.5266820015142036,1.8608601102464002,0.04604857079080678
6721,0.5224299300974937,1.8476202430855626,0.0207002694687271
6722,0.5126953108168143,1.789996004842984,0.011894402942844334
6723,0.5170738061969746,1.8167051372727716,0.24628603465848561
6724,0.5069563733239588,1.777022979660996,0.015233087838550418
6725,0.5043363305254402,1.7675743562115336,0.010406435713814317
6726,0.5076552484166047,1.7817466386636838,0.018182450556458136
6727,0.4991906354525486,1.7316850446944996,0.02303568240092179
6728,0.5031658220591566,1.7545048811050619,0.042450788655436805
6729,0.4975172835411641,1.7271103215377226,0.021209857651379133
6730,0.4975741557635899,1.71901301587572,0.034825127406249455
6731,0.4975593100734635,1.7283481410158368,0.17799598512758005
6732,0.49146254345898654,1.6900621865584935,0.017923873406182324
6733,0.49296972417038154,1.703930321527115,0.005816792056329027
6734,0.4927298252755477,1.6828540755427253,0.010491329937741977
6735,0.49014218254936365,1.678802896779669,0.008893266862521364
6736,0.49344429606774115,1.6892936832558294,0.0075986224185445525
6737,0.4978830405209408,1.7225560306951626,0.04429910730365879
6738,0.49303980115567664,1.70177371766052,0.049369543493693054
6739,0.4994439170034959,1.74007764179069,0.05603786900541285
6740,0.49859211950207893,1.737547677341163,0.09118517144524456
6741,0.49599254314327657,1.7211127720576562,0.008472270052457962
6742,0.49674699150529467,1.7341993248415364,0.10644774858251303
6743,0.49750491905758065,1.7322726104118629,0.26871840694174287
6744,0.49817400769548426,1.7515316697869312,0.034031760617296895
6745,0.4991838942654101,1.752028221792019,0.017256111650711017
6746,0.49596501425516915,1.7368826469952745,0.02370196898163288
6747,0.49906453792471783,1.7445848340284125,0.03602544728099967
6748,0.507340647198605,1.7777084556408012,0.008876998214508021
6749,0.510104330046387,1.7900544839396424,0.021583789141841815
6750,0.5085870820691336,1.7850748526693545,0.028688620755138373
6751,0.5106543223212568,1.7962972643740514,0.07491832497283915
6752,0.5019593787643782,1.7481400653944248,0.12934641865008212
6753,0.5056817417808427,1.7789335353418803,0.024419775744816765
6754,0.5054216375650984,1.7878694916075735,0.023784037635346797
6755,0.5145202990917177,1.83785832896195,0.5166100133080607
6756,0.5205191930924182,1.8699342998997424,0.013185971808832906
6757,0.5136474937032691,1.8260722307789863,0.012786492624082808
6758,0.5062262002133258,1.7864252531579339,0.056064167177464826
6759,0.514563991571091,1.82298087044934,0.021901903354035367
6760,0.5193858904668884,1.8425712699587151,0.028418520399196182
6761,0.5108114912104471,1.7951336395025128,0.014821765807866922
6762,0.5128860442601733,1.8007607666181944,0.09089686200723907
6763,0.5133871378279178,1.8022477416246894,0.015716615955813504
6764,0.5068525276351724,1.7929824905767804,0.0002123218760711627
6765,0.5071405323256192,1.801020489883849,0.022866383137906104
6766,0.4998786263537168,1.7581305892563515,0.014860320325730344
6767,0.4955206897876555,1.7340057207878123,0.011702001360143984
6768,0.5005927384676037,1.7646341501241563,0.049154819890274246
6769,0.5028638324043739,1.7697687033765506,0.019672449809163616
6770,0.5019334833332157,1.7556902716181064,0.02426913778513739
6771,0.5021814840086309,1.7608060745809078,0.7266354410325023
6772,0.510858669657065,1.8127935016878562,0.031859586445484464
6773,0.5145116463439663,1.834261977414568,0.029097000694759057
6774,0.5153357430127841,1.8520531830909672,0.04174758373633151
6775,0.5057057466464812,1.814644203561914,0.005367141929300245
6776,0.4999309718111135,1.7797744180404453,0.005502939605087515
6777,0.4966510878053512,1.7603413653634339,0.03679293245751416
6778,0.4998579888322287,1.7736712917676596,0.037626632202348756
6779,0.49953604498673465,1.7631843586295066,0.524834037166242
6780,0.4951702899544046,1.744070845243642,0.021022231305057797
6781,0.48938504920578046,1.715962744796777,0.042798464881338344
6782,0.48641321890591777,1.6933732630297496,0.011147118523880804
6783,0.48314321634828555,1.6665858275555283,0.008411971546509434
6784,0.4823504767296704,1.6735266807433677,0.0018006151091476978
6785,0.4711082523278736,1.6237422049733066,0.015369290530637587
6786,0.4704060756296736,1.6265462867231815,0.004607836797725693
6787,0.47102431864308064,1.6483996113208816,0.02154103984156688
6788,0.4700261892385701,1.6384202104315313,0.010936687365081004
6789,0.47040049406253137,1.6328946447905677,0.05053411820616332
6790,0.47490505373885533,1.6672620936290274,0.015038417992798972
6791,0.4771053145876608,1.6751853322813601,0.024230229576811688
6792,0.4749883624890641,1.6620228045887067,0.03183562822742869
6793,0.4780131691584713,1.6763986320691544,0.004353068454246073
6794,0.4853274719498733,1.7140763545340452,0.07449923795604246
6795,0.48416382887472353,1.7122467394925551,0.034128836283545454
6796,0.49234008350460373,1.7596308478664917,0.22752216408171033
6797,0.4940432483105324,1.7692391840029973,0.009056874002809827
6798,0.4973190688686871,1.7806596749667205,0.017754021273240325
6799,0.4974373225895746,1.7744267844164348,0.012323268519682013
6800,0.4973509141003043,1.767123671458084,0.02675691128640985
6801,0.49931713371432707,1.7752756286401086,0.013180447444083176
6802,0.49703392812724123,1.7684679029614179,0.004333343610151998
6803,0.49463793456836264,1.7447889230708202,0.013534259085062936
6804,0.4910362115393055,1.7248228057994617,0.10962605163353219
6805,0.4850603631135236,1.6858541461944216,1.1989363044021397
6806,0.483165529105013,1.6670240588929164,0.03288162591600937
6807,0.4814164275016921,1.6542396398791899,0.011069526665653646
6808,0.47918732520428714,1.635221547563241,0.13012510473707864
6809,0.48097687753096596,1.6518965987629437,0.014900521029756567
6810,0.482479271426618,1.6532847530790509,0.008282296130071419
6811,0.4814096509374828,1.6456615136431585,0.03181727440777995
6812,0.4823201075993311,1.6626692352365167,0.008803658043751904
6813,0.48009809742211756,1.6456868876325224,0.06088591682714811
6814,0.4845586499409756,1.6622605292665769,0.012502348992559056
6815,0.4846345995096754,1.6519083580663874,0.020278551276183214
6816,0.48978250962762776,1.6594564751874517,0.014647524712725311
6817,0.4914256036397623,1.6675944213394251,0.010400558527902075
6818,0.49112488160517387,1.6686853374399753,0.07168066866868739
6819,0.49068159486823854,1.675703471628902,0.07915863205158964
6820,0.48448026006187495,1.6573112136979256,0.015302409698313028
6821,0.48895373966482036,1.684402743236024,0.013725570351451359
6822,0.4889033879449547,1.693362639061722,0.012589127695231586
6823,0.48899152408650254,1.7002371366170896,0.06694782168162305
6824,0.4880275028143981,1.7062382291634661,0.11914285827477585
6825,0.4846607371271537,1.6762827806219982,0.9809587336423271
6826,0.4819166416339032,1.663659209126156,0.0086893450808374
6827,0.48713178566059456,1.670377569950113,0.057537748790307805
6828,0.48713662463872154,1.6659757370455959,0.013029421636484288
6829,0.48951932499179807,1.6857139064545872,0.02107199699550234
6830,0.48619492918359347,1.6853181510614264,0.015988022581174533
6831,0.4869791004355411,1.686499618171154,0.005156770749315658
6832,0.4830576665289335,1.6803471748498309,0.016294153720489646
6833,0.48032255069195695,1.6736891814035395,0.02105180902559919
6834,0.4807916271823638,1.675046511908511,0.09101997015452673
6835,0.47916246879477775,1.6628428168993787,0.059426958081822565
6836,0.48540425838851375,1.6963617166734966,0.02646982914354091
6837,0.4815712783296716,1.681247196794501,0.04053892607695386
6838,0.48555575232800285,1.6896978996759875,0.059975383647004256
6839,0.4840372716929084,1.6755939178546277,0.10744780647542318
6840,0.48068608787672995,1.6490050006908963,0.012429619978112256
6841,0.47961979020886675,1.653035554189626,0.006083559958852915
6842,0.4827509487952679,1.6716066828037088,0.014500279964498108
6843,0.480505141988914,1.6692802999459604,0.015703921369753904
6844,0.4812198232176915,1.6693040442377354,0.01178045570443225
6845,0.47853013518022564,1.6504062718438022,0.047722045084768364
6846,0.4741776809074502,1.6285660679389053,0.007146824247246387
6847,0.4722248316016561,1.6093965561801726,0.1301222035539252
6848,0.4721571727983774,1.5989021983707508,0.03472810734421072
6849,0.473433330094973,1.6089332814886939,0.05430497950234542
6850,0.47336021692797053,1.6245686429573996,0.01058244576408026
6851,0.4785403911654689,1.6502843420336635,0.07538976603807433
6852,0.4837068873238142,1.6726461452243904,0.08577756120883323
6853,0.4880741544872203,1.7018662981532526,0.008804044061874398
6854,0.48285331767594747,1.6802726149528253,0.009961567387209307
6855,0.4928783197372288,1.734879918044137,0.06156834150819941
6856,0.48790131771540274,1.695778679130414,0.03319778396729908
6857,0.48377612061143127,1.682764384400471,0.01735638822275191
6858,0.4855409046778371,1.7076673118518466,0.02376494422021734
6859,0.4878474104669481,1.718780379570233,0.017419249706992882
6860,0.4946843922465971,1.7521685563912572,0.05396011037581065
6861,0.4885800558092322,1.7243503796790967,0.022707759314905648
6862,0.47900920249269774,1.6678970979565115,0.015526375202503022
6863,0.4807693996771802,1.6700184344554767,0.04880743510383002
6864,0.482248245472809,1.6826186497355275,0.07657032706149643
6865,0.48092474370179356,1.6874890611952573,0.007493169231140689
6866,0.4797013011458773,1.6761165253573491,0.028048662772400472
6867,0.47445829402931383,1.645897044846246,0.3410367244199277
6868,0.47244044826508036,1.6496435445541027,0.02357606840096588
6869,0.4763015628576869,1.6799684173194283,0.03868061510545193
6870,0.48235444980127884,1.7059386039097495,0.11249274269473275
6871,0.4867246078404333,1.7341016323888891,0.0277975241783951
6872,0.49433761600178544,1.7774636953186145,0.018687400558657696
6873,0.4886812905056151,1.7428422998697628,0.010518627831556672
6874,0.4809504433736468,1.7008793616272675,0.010819903247379433
6875,0.4767786481555919,1.6679977131692996,0.009845777365798425
6876,0.47889886780794433,1.6770321266965205,0.04494188842441759
6877,0.4800500288235533,1.6716305504444229,0.07737795196628142
6878,0.48668504212490676,1.712915006611991,0.01839842652940998
6879,0.4823852041439488,1.6847524003505885,0.011007969290355992
6880,0.4806418217532536,1.6628241234298489,0.05182943010724319
6881,0.48144293766661705,1.6671965765563257,0.010995035189103927
6882,0.4803932458632272,1.6525596681963146,0.46988354140074234
6883,0.4798136631608061,1.644923140136689,0.019657672100909716
6884,0.4792687746104254,1.6431932610486617,0.0026189530840290357
6885,0.4892969346466664,1.6887953375831009,0.005901173888794549
6886,0.49568057479987293,1.7129797291486013,0.01820253370087749
6887,0.5017026025986985,1.7361608937090094,0.0509012432945071
6888,0.4956491174284036,1.7105322606281246,0.020689787161708415
6889,0.49258503732631864,1.6863967411766752,0.018875874658432813
6890,0.4918054793127955,1.6930508631262842,0.02550215034698951
6891,0.4939739424729481,1.7092854592776987,0.06611525371562205
6892,0.4950071256524021,1.7157813300424976,0.028643862266365557
6893,0.49246899619423545,1.7145268906271491,0.03007695709326576
6894,0.48966564330783463,1.709670488434605,0.0023597956149722286
6895,0.4915386160410915,1.720072767614406,0.014620468191712381
6896,0.4947640043398883,1.7373212351446807,0.1741061215532186
6897,0.49006650218502473,1.7082473722591451,0.04670205684076044
6898,0.4918013689807767,1.7079938102413745,0.3712535187446616
6899,0.4889550489706762,1.6875302599408286,0.07808756199365562
6900,0.48904684259532594,1.6889867307678894,0.015434089427186094
6901,0.4876455659298684,1.6892216279622294,0.07021439119796566
6902,0.48487790333930586,1.6670069461209387,0.012268828134741781
6903,0.4802218212005747,1.664498405052121,0.00022385442227611135
6904,0.48419235883021444,1.6918211856177037,0.010336726539459303
6905,0.47728920578618383,1.659179032504411,0.024677175286360566
6906,0.48065819605381005,1.6619670189497409,0.038499643388759955
6907,0.48506074990838616,1.689599097850466,0.04043878517575015
6908,0.4895597689427232,1.7223248470216765,0.019052359205845075
6909,0.48512423108418384,1.703331335260911,0.00355733308058043
6910,0.4852698853126611,1.684541045620494,0.1940452942026105
6911,0.483446808622702,1.6869165972854643,0.05653371305434693
6912,0.48019975835747863,1.6632571413926867,0.015828574171717343
6913,0.48166830243729264,1.6627288684067563,0.009239661761332158
6914,0.48662746818913244,1.6891072873908854,0.04192752869744873
6915,0.48624611848641586,1.6995881456862865,0.019478343596222126
6916,0.48131942809971245,1.6794364094061685,0.039778100253582194
6917,0.4765953943379925,1.6590117298712566,0.07555193398213456
6918,0.47738506516852297,1.659741060977886,0.1736387094695908
6919,0.48025942963456386,1.6806401244425355,0.9474663733680007
6920,0.4786552640456272,1.6617379171155187,0.13072985556181513
6921,0.4782274221498788,1.6547536197481867,0.01150130096360764
6922,0.48077207479410294,1.6580978486306162,0.018510871795477876
6923,0.48162356533130996,1.6662813313207134,0.0551297877747995
6924,0.47497576299574923,1.6403951236751684,0.05208456079832072
6925,0.4783967113805193,1.6600908527317573,0.01733623338259399
6926,0.4769033472392904,1.6517852282543337,0.032819914833036534
6927,0.47655465096805943,1.6497718951084301,0.013984026140418215
6928,0.4751046790517484,1.6470461354808064,0.024906256990750747
6929,0.4721835981990049,1.6261766043349468,0.015678092507308495
6930,0.4711873906936505,1.62066545747272,0.048380826732985986
6931,0.4719925857408743,1.6298141954731151,0.456872307422807
6932,0.47489187987737214,1.655392242699853,0.022214509980191956
6933,0.47666968444945856,1.6577515573023966,0.02404968062680759
6934,0.47629663151509444,1.664554984807746,0.08411146631486663
6935,0.47355387046925096,1.6598253011615767,0.10809025809199203
6936,0.4759618279832191,1.6625530425224107,0.030412243565631
6937,0.4730911982128054,1.6504534990240016,0.05194957546360317
6938,0.4701105650444534,1.6404978926443772,0.011276004895344634
6939,0.47285116267279886,1.6482208394941327,0.022023494039286957
6940,0.4711180083138216,1.628226091579172,0.21931076038318081
6941,0.47370570443507454,1.6404112209068016,0.023839830874386684
6942,0.4765149265113392,1.662124515801939,0.04154347533059919
6943,0.4796140844765927,1.69183581242066,0.04453636829179929
6944,0.4813211912632154,1.7127569679057737,0.04185858903550011
6945,0.4800219969161942,1.698456096689205,0.019412420688102276
6946,0.491537811975651,1.748399218103997,0.025324987590841622
6947,0.4873578173748508,1.7150957415506294,0.09838763302036405
6948,0.49162031291510117,1.7285738598054259,0.04952529311992569
6949,0.4939315808911609,1.7372112124105512,0.008695295838383655
6950,0.4853040245694267,1.693464585522832,0.051581694379801375
6951,0.48725584583481774,1.7193470172840786,0.01771013950974533
6952,0.487109373963517,1.7245884289999605,0.01678778611928902
6953,0.45791979638998304,1.6460322651372836,6.616323900166734e-05
6954,0.45948401417397705,1.6552881498340892,0.1085706734838682
6955,0.45752535597642857,1.6333149945954228,0.004799731093177939
6956,0.4616858338728883,1.657072806642701,0.09035319591412211
6957,0.4603303333261734,1.656715437048625,0.010856665403319666
6958,0.4589163119929421,1.6423192092860879,0.01203992793296034
6959,0.45845702574790453,1.6332907208206293,0.009846888540510152
6960,0.46215538844802956,1.654748701388722,0.009243053578556258
6961,0.4593891415162114,1.6466314348881543,0.03407031296122186
6962,0.45592370799976367,1.6196095867034634,0.11817270984259032
6963,0.45293477791910736,1.6217973814126168,0.012460104170386505
6964,0.45474612657598595,1.6390015779362388,0.013971990914811518
6965,0.45485748028230316,1.6472602589551963,0.024096940826706825
6966,0.4543588368039534,1.6376377929087387,0.03830359748895768
6967,0.4454671686064738,1.5966635388136767,0.015585345399699746
6968,0.44266798536797464,1.5687386211554868,0.026538237765647735
6969,0.44506699898845414,1.5857833429261248,0.03264958031999158
6970,0.4428391905021382,1.572468797510255,0.06711954423961192
6971,0.44766352172650375,1.5922921927473592,0.0408879798107361
6972,0.45031067962555804,1.6089816944432065,0.13114579353226716
6973,0.4542836799517115,1.6268571770011688,0.10726985265035446
6974,0.450317233176987,1.6084859727081477,0.060465510856571036
6975,0.459305255558279,1.6536546968072803,0.08366216628876431
6976,0.45667451917571844,1.6304868512048696,0.012508386868470483
6977,0.45653970155284745,1.618814544749487,0.05480251167235745
6978,0.4577869338592019,1.6097361102672918,0.011027673255336061
6979,0.45811711481172485,1.6259762191892224,0.008037350864965659
6980,0.45590499977417626,1.620191248884093,0.025925013313557288
6981,0.452483076644616,1.6122323535284748,0.3161068076349954
6982,0.45483033235046305,1.634179800170428,0.050310865170887516
6983,0.4521804902006346,1.6223886742395135,0.017158142017093286
6984,0.4561629306808171,1.6424291432588762,0.04279758986489287
6985,0.4609490219701454,1.674904364466514,0.013864246511433113
6986,0.45807255185398427,1.6594271080801921,0.009701624640767204
6987,0.46477869229093915,1.6930591792550629,0.14190985487974841
6988,0.46158976620922376,1.6730303930984245,0.0070067823082458
6989,0.46570800553368186,1.6892657566241245,0.01824006294120329
6990,0.4638628389117758,1.6756393972218415,0.0102318430835336
6991,0.4646229472449892,1.6733989706926238,0.021378175571268324
6992,0.457616909672588,1.6265304384873707,0.01258690781424982
6993,0.4622077206106875,1.650658905189709,0.1332492422951475
6994,0.46267602069853897,1.6581911377736747,0.011263139307147813
6995,0.4595527252459336,1.6470930211783614,0.05162533895913453
6996,0.4639649961338711,1.6588314120644236,0.07579785241422658
6997,0.46496797345772994,1.6680334629554945,0.09212989844755698
6998,0.47314538914294363,1.7114886444112087,0.020991548888264423
6999,0.47404697520420336,1.7185310857537948,0.0071886812983116095
7000,0.47681317338796086,1.7273382194028146,0.004191840443339907
7001,0.4819288984346166,1.7491040097592165,0.19213630084280597
7002,0.479104712098321,1.7433212023800122,0.0398827796879218
7003,0.4864161399517468,1.7903006177298872,0.07292475224927628
7004,0.4874777784220577,1.7965772832006786,0.012263822639938991
7005,0.490655965991926,1.8041545370724177,0.05410919406137167
7006,0.48576476066431284,1.7655395917182288,0.023597388087066427
7007,0.48759886081691106,1.7747685099995005,0.009819571117396383
7008,0.4857189312188641,1.758005673145558,0.015173159892746271
7009,0.48273337877125355,1.7306121160389452,0.5806723186312582
7010,0.48231574168100844,1.7270505029790666,0.01021391869903277
7011,0.4817358500495615,1.7338307842883443,0.0025769093221820203
7012,0.47864293471721553,1.715991770038572,0.0071836139504620955
7013,0.4721031801633248,1.6848004046584009,0.004600526036352775
7014,0.4716848080533939,1.6827631458629884,0.033462415930759666
7015,0.46849917023002374,1.6690981204352273,0.028002796879550228
7016,0.4736865636696908,1.6937497057816855,0.0587654336691435
7017,0.46782612703372245,1.66502375802867,0.060521932554544265
7018,0.4699846679415487,1.6729726225788306,0.0202932855059302
7019,0.46903858365468293,1.660714201428768,0.13923325833578032
7020,0.4781939108665327,1.6913847876122412,0.02706695355542779
7021,0.4788622537139867,1.7029328949083569,0.035469551547423823
7022,0.4740965683382468,1.6827757620249537,0.008052089385596765
7023,0.4753576987070873,1.6834314781701711,0.046174227080456605
7024,0.4736323774583689,1.679495456967536,0.033049284772484824
7025,0.4762518135981002,1.6944745101353071,0.005895346577402955
7026,0.47636489267753657,1.6876761934512812,0.06878131325328331
7027,0.47959110946125044,1.714976069015684,0.4353389947622033
7028,0.4780658499068671,1.6921419439818162,0.017547004988343846
7029,0.4828913706204644,1.717089741496857,0.014633908549651409
7030,0.47578582556443916,1.6748196189303544,0.07067777826919129
7031,0.4812106262076029,1.6878322977638012,0.025436309104417156
7032,0.4819234446691958,1.6840104101497504,0.016593208742232284
7033,0.48036180977057186,1.6785120856654074,0.00936214721948614
7034,0.4811266186783697,1.7019508818741846,0.15490071031494151
7035,0.4770094062963034,1.6975436371160764,0.005005191751880373
7036,0.48528361784367696,1.7373998751513229,0.02276440075923372
7037,0.48980537925794676,1.767806645078162,0.12602440537054488
7038,0.48467207942646173,1.7431120415957757,0.0052915288985694335
7039,0.4859617191992868,1.758421439239936,0.016634482318013673
7040,0.4828839959889194,1.7400584114132644,0.011232469353372727
7041,0.4754929921640555,1.6997121874394787,0.047589528496569576
7042,0.47308595543403936,1.6858381706809678,0.002107343865752303
7043,0.4680591759585778,1.6551357871251846,0.05705702732816846
7044,0.47380242599795785,1.680270839933466,0.010841142909049365
7045,0.47203260962087734,1.6724961489628547,0.012231562407754717
7046,0.47638196137221117,1.6918463274230058,0.022533543380929433
7047,0.48420334539746973,1.7289596676402792,0.019776703154525014
7048,0.4854577944778842,1.742317935918419,0.0713647738726064
7049,0.48262731257748565,1.7318309578966802,0.027271794856356498
7050,0.48639986393594087,1.744557986970813,0.016626694548310072
7051,0.48540201718130227,1.740916912162912,0.08458051283117121
7052,0.4831090452191999,1.7319493882496444,0.04521778179261944
7053,0.48043190349849635,1.7127860529927466,0.017925003147971158
7054,0.4778811468453799,1.693551638030104,0.01727599726679083
7055,0.47591303407871977,1.6957596207926429,0.0898242829423865
7056,0.47478177748079775,1.6752967568656811,0.011449451609340872
7057,0.48237784112992865,1.6957414093202692,0.04746199884793456
7058,0.4887528663100445,1.7225913844327954,0.46739019677021576
7059,0.4910167778476632,1.7332177156150326,0.06447236615395721
7060,0.48899414460302004,1.7188778032375966,0.025876251710844747
7061,0.491370539504535,1.7386287779854344,0.04775853644392005
7062,0.4947180633269742,1.7480026420366186,0.026782696683547033
7063,0.49233885309088155,1.7281657781481934,0.03116971696415319
7064,0.4848066418569089,1.7012062269529686,0.03754402207280106
7065,0.4971389338365406,1.7483455710982831,0.029083659159712977
7066,0.49518891560197054,1.7306247215031403,0.07055252654866916
7067,0.4975066398626678,1.7403565882714802,0.01458309946284321
7068,0.4991447009963767,1.7543893717960188,0.030495187244882132
7069,0.5027595916284088,1.7731797484997927,0.011900626762049527
7070,0.4975018585114817,1.7505717862900934,0.03158183300300734
7071,0.5031027860788687,1.7850463887331198,0.013469884779206177
7072,0.4973311621536366,1.7688049669293981,0.01905998798159229
7073,0.5038851775658841,1.8107164858344469,0.15138743568550375
7074,0.5028378842701033,1.7973787868167472,0.3062863628119726
7075,0.5069896858177831,1.822972778436099,0.09345237858894173
7076,0.4984676529076337,1.7720958915840481,0.012210661759761517
7077,0.49668129120433924,1.771759975972671,0.17872038645763758
7078,0.49688253042181,1.773318364362182,0.00748990910779602
7079,0.49423003629687495,1.746316198537097,0.008445561341909246
7080,0.49097902822998424,1.721547062496232,0.026571504614157467
7081,0.49870322135900474,1.748210967567371,0.03952154106016364
7082,0.4955691487005346,1.7269044710272345,0.008806307196675146
7083,0.4983730411254326,1.745717880138839,0.017741381805210895
7084,0.4971506251283836,1.752750907080197,0.006660582041904787
7085,0.4930234726795411,1.7374262988773734,0.013897605840588767
7086,0.48661556146173324,1.703464738799995,0.01996646888741242
7087,0.48685663038942745,1.716575959903848,0.01117659768012965
7088,0.48509961369865084,1.702929065530629,0.09254028508898011
7089,0.4874833841258476,1.7142013420165596,0.004503561892998719
7090,0.4843764937908485,1.6901343639872093,0.022961977703078985
7091,0.4750840297483282,1.6799879245923317,0.00012943046408073113
7092,0.47767787361008834,1.691059144350772,0.020027936395965954
7093,0.47482418891275874,1.6814377397124187,1.662939336312478
7094,0.4812168643860027,1.7102518671968743,0.03642069067723751
7095,0.481355217155526,1.6980855602779101,0.36664510170810666
7096,0.48296317406112355,1.6859035404944571,0.08763747039814733
7097,0.48496966227452315,1.694200281454841,0.1354430177310734
7098,0.4885783420855122,1.7205452783166006,0.011005340675646388
7099,0.48708140409883277,1.7241952200308368,0.01156687794134875
7100,0.4922778111755038,1.7594001801700878,0.01483221379231162
7101,0.4936699331484258,1.77301611454316,0.004517951689940024
7102,0.4896095739623939,1.7394918120870626,0.022819148116721564
7103,0.48575924146934457,1.7123407291238062,0.013628472060056832
7104,0.48184355860881734,1.6941917976467935,0.007302630635441982
7105,0.4794861881848916,1.6731534119671834,2.6078108032743788
7106,0.4759133729582579,1.6555221491758847,0.009725785818174097
7107,0.4746362306746057,1.6494466839586517,0.0035751939381979325
7108,0.47312508984720747,1.6455421132083423,0.0015629539794562064
7109,0.4711324171649618,1.6434254036948595,0.18018555676701253
7110,0.471689153057523,1.6387538522439056,0.036803297037586266
7111,0.47192502491928784,1.6479825338375251,0.014087991091612679
7112,0.4757887252768458,1.6671617931154001,0.018479711071069563
7113,0.479581024196226,1.6934037356940455,0.02645604142916727
7114,0.47563308403874327,1.6657770200341615,0.06018054352434498
7115,0.4748973438078504,1.6769039214898946,0.05372217846113844
7116,0.4750735563761717,1.6871887761197513,0.03802805265675654
7117,0.4752527298062125,1.6809667289964545,0.05046517469201944
7118,0.4791936658419571,1.6991374190377222,0.06249032709350932
7119,0.481629200571221,1.7053438085790404,0.014527658409668421
7120,0.48006823552600747,1.685776424440962,0.008736124378166569
7121,0.4827092584780296,1.7110230964984576,0.01318438455255469
7122,0.48143347073033715,1.6933232351829937,0.013305845831252218
7123,0.4781727646032299,1.6779712546256267,1.3175749757075117
7124,0.4797245321079578,1.677353639768827,0.05163189600835754
7125,0.48057060068912744,1.67930834182996,0.11153431015511951
7126,0.4875591376383407,1.7126158154299536,0.15877377389341607
7127,0.4793446867900293,1.6751195415680784,0.03415066618127114
7128,0.4788628222311679,1.677005875042834,0.02017506645272863
7129,0.47736493359771054,1.6820262828742572,0.07224636873704784
7130,0.4846132531977553,1.722410900451834,0.023444920566939337
7131,0.4805206243179176,1.7132832618220166,0.11914378753525544
7132,0.4838415805630661,1.7354811313910383,0.008568120868261484
7133,0.4829695184516794,1.7397434366051132,0.009411821176489588
7134,0.4762806084775805,1.6980313151691353,0.021233861347958523
7135,0.4794425804200559,1.7077318583415864,0.008305353948659751
7136,0.48364067125545446,1.7322458891850823,0.14796697943602644
7137,0.478989126851297,1.7059416173444382,0.026134523395023392
7138,0.4847466756895143,1.7309086803162934,0.021811088797249505
7139,0.4824706683192056,1.7150467577833857,0.0129483284442284
7140,0.4755597919436611,1.6874471780129365,0.008248429518208911
7141,0.47355394423180985,1.6677307332333633,0.02119357635004095
7142,0.4775656915597924,1.6945574869310776,0.01065461875611743
7143,0.47310466568572485,1.6777166800097214,0.005800464268684056
7144,0.4725534146269986,1.6835419119190058,0.035871052867153246
7145,0.47606146543864963,1.7035250431960238,0.027401155888409846
7146,0.47085333901756043,1.6739245644080936,0.009855360165382158
7147,0.4705362002985138,1.6602969540664092,0.07078282937401893
7148,0.47073201460050956,1.6781281415926308,0.05279889343897454
7149,0.469641954441186,1.6617638963920096,0.014784172985114096
7150,0.46538494234352673,1.634893033899121,0.04587804146682632
7151,0.4699882531277959,1.6494339420838322,0.029281821013739235
7152,0.4693103453495036,1.6372638898633378,0.09768262921911854
7153,0.4422797508099788,1.5657924942449744,6.708072199254115e-05
7154,0.4431121170724941,1.569273726195401,0.01901769537964895
7155,0.44461707826775987,1.5693151957648979,0.024893905540318503
7156,0.43836368038944606,1.557592752771209,0.01324601112142911
7157,0.4422315103029573,1.5708901743647758,0.006571015468524088
7158,0.4415981429885728,1.557540629730064,0.032856641190889525
7159,0.4439231581180149,1.577696221591132,0.027892351535170574
7160,0.4461899811170483,1.6012000469908538,0.010318603926542937
7161,0.44754092075305935,1.6076856114440752,0.017640912379692904
7162,0.44771302212110403,1.6231462360626514,0.10201174014303407
7163,0.4433553893202594,1.6065037236253366,0.22018928365768664
7164,0.44709780234608393,1.6199261697278773,0.035658496741290374
7165,0.4504105639337926,1.6482426545693627,0.042232659650217885
7166,0.44608225754801717,1.6230565705764877,0.016197469022399345
7167,0.45234386557069534,1.6532095108875138,1.145651367851263
7168,0.4536547295480618,1.6643425801982321,0.007169711460417799
7169,0.4502557961150839,1.6379273887112313,0.08751992764396391
7170,0.4522201210985253,1.6528912174403294,0.02288208160912085
7171,0.4522970449115044,1.6517341896785087,0.030967099801520865
7172,0.4530421126623149,1.654900551496553,0.03588790713013128
7173,0.4591129483069408,1.694601990936618,0.24760246168674266
7174,0.4545696569917149,1.670738726678381,0.04664768877306919
7175,0.45657182102575883,1.6757393357242882,0.33968675690063505
7176,0.4492189316416575,1.6309952902225526,0.010469710011110044
7177,0.4500502002340981,1.6213990222000396,0.08853517291896992
7178,0.4509695183796028,1.6341553203108232,0.11895700876791498
7179,0.44855203157278867,1.6319270096474892,0.02176303992591796
7180,0.4441610289180295,1.6156179048992192,0.08233691713823925
7181,0.44969266242295586,1.648454682250165,0.03844939023888472
7182,0.4546910373537305,1.67380712920278,0.07462887142797439
7183,0.4495654345059617,1.6513278400257432,0.01575652822723937
7184,0.44643189491419566,1.619508394126925,0.033532282540555756
7185,0.4443187301612562,1.6112880334198105,0.013574969797460052
7186,0.4456729960269278,1.6233137964096604,0.20802043950908256
7187,0.44271061109883647,1.5974565199688608,0.06833382758757506
7188,0.441009770612018,1.5985754693372969,0.00280963046074529
7189,0.4149257938118402,1.522888656254801,7.00649270657042e-05
7190,0.4106989002251507,1.5052643293067718,0.012276289033910042
7191,0.41488898533374435,1.5266998510118248,0.013382036134072054
7192,0.4135062411583124,1.5095878187130376,0.115477998903485
7193,0.4176410114540325,1.5282831496119769,0.010198275956218845
7194,0.4172191512492698,1.544391017609182,0.0514911643876116
7195,0.4172883118783042,1.5498251697566032,0.011180964007057703
7196,0.41116852343262683,1.5088442013506964,0.03108599017012202
7197,0.4083999199438169,1.4912061852641445,0.03251258344030368
7198,0.4110980272628897,1.5173619526611426,0.03649807797096183
7199,0.4117640985979285,1.5297417400917526,0.006214671468420757
7200,0.40796494786448667,1.5002208871020057,0.06387345987884034
7201,0.40935609821147445,1.496371757519546,0.04124421588280521
7202,0.4078168401323408,1.484679973936503,0.008237358948681996
7203,0.4095928557103441,1.5032319190790475,0.2537475343195649
7204,0.4083032817450391,1.495777564128683,0.036103539434723005
7205,0.40853791380291576,1.490903714132806,0.017602484143953084
7206,0.40489823757504767,1.4772142116233014,0.007671382497896984
7207,0.40878593420723264,1.5046860552915424,0.013757042734952415
7208,0.4101539003805239,1.5176163826747076,0.00909484675035371
7209,0.40997836754654904,1.5099139519330178,0.014063585407072672
7210,0.4138872948070534,1.535739150430761,0.01600334949973513
7211,0.4127595672696847,1.5320338607427102,0.1165438897832749
7212,0.41229281016969327,1.5366489887399497,0.04358676476354548
7213,0.4091974013908443,1.5202089081508265,0.02503963797076457
7214,0.40622964676853984,1.5052798378102334,0.006104847479072123
7215,0.40656354750143864,1.5220316160693643,0.005110917180194666
7216,0.40761791558447585,1.5285903738973727,0.014377662561222812
7217,0.4102634892111704,1.5405667366824756,0.011226279640676153
7218,0.40606698539804487,1.5211970062800002,0.047787640784721114
7219,0.40881242383417193,1.5399438541138661,0.006740395716176427
7220,0.40252483497229236,1.5007916539883581,0.01856965809170875
7221,0.4082240900615126,1.5357465042998633,0.01567634612242812
7222,0.4091751435884535,1.5402646773843482,0.12217406216684101
7223,0.40421579872983865,1.504266097724302,0.034526163724583565
7224,0.3990158037484114,1.4796083296255327,0.010986111736866689
7225,0.40328465990002893,1.509831009698397,0.012406313612471164
7226,0.4027383092563138,1.4974803138396684,0.0718781299313878
7227,0.4026524614609209,1.4918003375515274,0.016744546456639264
7228,0.39667730295337306,1.461181514551463,0.020605791902582216
7229,0.3960862945491537,1.4509972052117062,0.05908759794925467
7230,0.40003455586080966,1.4718347767672535,0.05959694916759272
7231,0.3964857776080653,1.4434945160292292,0.1782843005636789
7232,0.3952809005941245,1.4308419106155386,0.11048847470753
7233,0.39680702351499336,1.4311316604733386,0.43050237109344347
7234,0.39981296543860423,1.4567266609119465,0.015938934709076584
7235,0.3982425301666648,1.4407183973886677,0.014577128380620533
7236,0.40160208881177273,1.4556345210948487,0.012563024116498032
7237,0.4018029740926196,1.4637876955484608,0.007421364268360129
7238,0.40523673681904104,1.4732681941878953,0.03837261390876637
7239,0.40663583387101776,1.4678807085760452,0.29403129791789895
7240,0.4087288269470541,1.4681855642360275,0.033674455686819656
7241,0.41456716927973997,1.4958204134319715,0.014857346728623258
7242,0.4166971673827516,1.4996817769108632,0.012626888373105298
7243,0.41610364711901027,1.5136890344086695,0.01240896537611007
7244,0.4135122069521378,1.4952271722113661,0.019258634615318296
7245,0.4154840091161301,1.5163767331991065,0.012069241307298303
7246,0.419261179855898,1.5376565806459435,0.03469275440195572
7247,0.4204091297016657,1.5508981880554544,0.034770795063828554
7248,0.4182834169752304,1.5382133467105015,0.004393845492672752
7249,0.41567067989193623,1.5173556643574624,0.042672628978734424
7250,0.41423281657896566,1.4940441897970906,0.0527191413962491
7251,0.4220450030103326,1.5296579221657693,0.007575363231361054
7252,0.4224012114767087,1.536985596529443,0.03472354732846589
7253,0.42229048700284383,1.5469737376905224,0.054420983706101794
7254,0.42279605479520055,1.5486588444945566,0.037920463329683886
7255,0.41463144137671387,1.5068285292439703,0.013620291214905994
7256,0.4106860005187433,1.4864596396774048,0.06799698146365224
7257,0.41034977197724265,1.477363514145852,0.0218263650508044
7258,0.4100071573654427,1.4835765978016173,0.004284560363089601
7259,0.41220015919822683,1.4903994341566928,0.02601730190851632
7260,0.4126598637399215,1.5088665451139163,0.011990557302280573
7261,0.415105376483602,1.520331837688195,0.11924498429841103
7262,0.4148636252041166,1.5153797363651678,0.0037719170236735077
7263,0.41538317533751845,1.5130881695120193,0.029713945842897372
7264,0.41805826066716667,1.5384157141870454,0.07954960450687928
7265,0.4192190618559313,1.5382689920959016,0.00965157754030898
7266,0.41753741610534756,1.5185684157911141,0.06885460031748768
7267,0.4205571089832453,1.549585327892164,0.015978541698175988
7268,0.42021497760327353,1.5445600116502334,0.027398559494747166
7269,0.42409015128149846,1.575299034562619,0.08701664646385483
7270,0.422757700044893,1.5586677989776976,0.046481415513468786
7271,0.4241748147346607,1.5532544585545724,0.10796678063701136
7272,0.4214691563047936,1.5478069428542676,0.010489303525136445
7273,0.4190670610942182,1.5349078476210845,0.024676360527157166
7274,0.41823502943154783,1.5253606002669333,0.02509109335912424
7275,0.41707492373120403,1.5273671089751863,0.060831628486974994
7276,0.4183981639407196,1.5231765808164095,0.1114673246700947
7277,0.4223923259413323,1.5374555085392745,0.02969709094830829
7278,0.42147772698163405,1.525784140978482,0.011412345451909693
7279,0.4186234011347958,1.5140715918007335,0.014536194608770215
7280,0.42253706957225456,1.5253207390726642,0.0811397539735112
7281,0.4227775171999938,1.53447458220902,0.0069075022891912415
7282,0.4229648780880458,1.5431048370499656,0.08163294973845275
7283,0.4273791977422374,1.578932288173065,0.08701063075949002
7284,0.4317459746412947,1.6036172045934312,0.6703578998401938
7285,0.4320247890372979,1.6136615720682985,0.007975242943525087
7286,0.43246585398923637,1.6095243030029867,0.01583939070701401
7287,0.43848600596640974,1.6447001082746016,0.16891109741728827
7288,0.4399896010019479,1.6569041690966633,0.13517554731361445
7289,0.4379181170875862,1.6461204065081894,1.3096502855764476
7290,0.43610146155573404,1.6243760154094247,0.01790542572769062
7291,0.43310362411434894,1.605215867339844,0.009905646115795915
7292,0.4313181787823837,1.5873101320122966,0.060534018602795975
7293,0.4372974482812672,1.6268540230591957,0.09103827794397325
7294,0.4387733616918136,1.639294283453789,0.10214397028739071
7295,0.4342550287937679,1.6051660890612165,0.036474423157166175
7296,0.4383256465603353,1.6102952582634624,0.0020154230271537776
7297,0.43728387485963244,1.599717453769047,0.00904931072066243
7298,0.44103437233970794,1.6046123392071687,0.06767658573112845
7299,0.43719750685738434,1.5932958609418035,0.008078975103140998
7300,0.4380049160308479,1.5970254891036384,0.04343555455208766
7301,0.4396062365022096,1.5985463341946562,0.02212233032944684
7302,0.45019826880269276,1.641558826746686,0.04467218804709386
7303,0.44814712812725954,1.6227399076065112,0.1606718192325969
7304,0.4451409449991416,1.598903344077573,0.017830227756513686
7305,0.4459663071217753,1.5941259719037848,0.31390764047087955
7306,0.4485974546222823,1.6205404723092136,0.03712747967749383
7307,0.44411283841924987,1.606969309929754,0.03080530254010546
7308,0.4444917501465832,1.604283515901067,0.11705930717359894
7309,0.4403924723665911,1.5857694490715148,0.01355476659165392
7310,0.4430897521329281,1.6039219934523894,1.70868810414104
7311,0.4427683665025114,1.5956615934321605,0.3409755396698307
7312,0.44974910576027577,1.6316762145325363,0.19147234204603558
7313,0.44479944917103675,1.6208385438685007,0.011319605817312284
7314,0.449288662382182,1.6433858816171132,0.06842844797448192
7315,0.44753741007607895,1.6437010162278223,0.010760965100403625
7316,0.44707162391326055,1.6431420465041633,0.01073730700354429
7317,0.4502819581770481,1.6614618279869915,0.012002106033330222
7318,0.4457185864204428,1.638215391745961,0.02161882191396469
7319,0.44697422330639064,1.6549868499185336,0.009636211101562672
7320,0.4505598956044961,1.670557186640413,0.016576921487204542
7321,0.44409050574277986,1.6336216637249894,0.011489738231741648
7322,0.44351425137444406,1.6320030901451068,0.030349185662159155
7323,0.4458892830592583,1.6569953817368286,0.02349721971501531
7324,0.4471422944384632,1.6667522151225511,0.07227516809764609
7325,0.4422875379723261,1.6347422869080723,0.032721320562312584
7326,0.440984189647832,1.6177542566810608,0.03449866568394376
7327,0.44631523642164195,1.643000726092367,0.017477403110392885
7328,0.45468911115627053,1.682341102512005,0.03588307619111681
7329,0.44728360424879227,1.6388793653921323,0.021905401310102424
7330,0.4487287721079149,1.653146243764589,0.049709929628313526
7331,0.4473118868125458,1.6364034118323731,0.029347270458769698
7332,0.4465990202991895,1.6330859334981742,0.04205853036678629
7333,0.4487277587347753,1.6342017364042691,0.012427114180554324
7334,0.4497538701927126,1.6483491395050198,0.011667036169938734
7335,0.44521065186606473,1.6331075651748335,0.0323641105809845
7336,0.4439717810971631,1.62549959418209,0.007746409505199745
7337,0.44059349145352333,1.6129611967695967,0.023323304674749117
7338,0.43284039671832,1.5739203451454356,0.05826056913265551
7339,0.4369257652236073,1.6063543679409513,0.13598595229153274
7340,0.4315889815233577,1.5773316903529655,0.06311946318283408
7341,0.43202457838209674,1.5825196320890655,0.017577580052791284
7342,0.43944327775925607,1.6273695376164152,0.03209269978666431
7343,0.43546957516402596,1.6108790640320978,0.04040085053784248
7344,0.43039766077828945,1.5779847098246547,0.34522419674300675
7345,0.42881819636519286,1.578637707820402,0.03714247780977331
7346,0.43287986693615726,1.6116058059320801,0.014425982392162305
7347,0.42734065220037504,1.5728991212539187,0.15752113926499361
7348,0.43057002530794436,1.5970124455276686,0.0067998072168288974
7349,0.43171935478005624,1.5911206410098742,0.02254878710504105
7350,0.42851901908616036,1.5616367083563711,0.008547123526743139
7351,0.4340228848384374,1.5949989545757264,0.02571226550168229
7352,0.4340582229141475,1.5942961414661636,0.005759590412206108
7353,0.436667720681631,1.610355622307152,0.05682199322002256
7354,0.43572068027275473,1.6058581635449896,0.052381846812788166
7355,0.42505129157714067,1.5513902161523379,0.023547486922759566
7356,0.4275112385877783,1.571845706394483,0.19578739051933028
7357,0.4330185051707231,1.6057547702355395,1.1961867999600186
7358,0.43440425046508013,1.6150409779464119,0.004509412780417912
7359,0.43201531532981857,1.5973902881196353,0.06423785746776202
7360,0.42705787194228395,1.5742006730472258,0.05649746298811668
7361,0.4197432376932176,1.5469363280674908,0.007574935588089235
7362,0.4165828710850834,1.519920836265272,0.01720868141871757
7363,0.42699988940347344,1.572688023562246,0.005952968037670821
7364,0.4244704133356422,1.5629636000485507,0.008061077212159722
7365,0.424495744011356,1.5552720029277542,0.022057784264689267
7366,0.41926414033328174,1.5255486411970003,0.0871209382288255
7367,0.41607101785042194,1.5095894111256314,0.007912399727894707
7368,0.417580368395085,1.5273149253380836,0.013336179597747438
7369,0.41896511654595625,1.5231992600432542,0.03292917453595823
7370,0.4218498013056728,1.5283614473991853,0.16698112851616526
7371,0.4249662676827624,1.5503973564461595,0.02584624891370259
7372,0.4254448420262225,1.540550168371501,0.03374079792610158
7373,0.4233855352042683,1.5316356594623701,0.11517878193480507
7374,0.428568280645094,1.5701626416067114,0.008327951095786719
7375,0.43450522192434904,1.5855121283006965,0.08880617017948311
7376,0.4254380340365868,1.542818039746468,0.004559885024543132
7377,0.42400804795700897,1.5446336190777488,0.03583825374538981
7378,0.41890847715408797,1.519024434413464,0.030449736424239662
7379,0.3935089341874441,1.4409745680709878,7.15174525467927e-05
7380,0.39839006231616725,1.4733396121584248,0.057916330302686246
7381,0.39482434412371864,1.4507959369536603,0.012723485910848414
7382,0.3923205229251385,1.433148422974729,0.30745106923235577
7383,0.39447449726003486,1.4321423427584186,0.06254178193848037
7384,0.39217155354912714,1.4171233254562747,0.024303424422196237
7385,0.39469331715367173,1.4160557208124898,0.23032012478689753
7386,0.39701729293480276,1.4307903948891878,0.005632716482243028
7387,0.39917911420925195,1.4311491180738072,0.152012099530365
7388,0.39734928532919606,1.4363954486706048,0.011236430782946885
7389,0.40110236117712034,1.4538915315683374,0.2512253566744224
7390,0.40962082055411514,1.489566135128532,0.05902674029360117
7391,0.40336126858519733,1.4619188362728828,0.024990690655534522
7392,0.4115133814341067,1.5043053467617546,0.058210657638320354
7393,0.41050450467712224,1.4816622020551955,1.2738870345059896
7394,0.4095040999911302,1.484214886035074,0.022514716905891942
7395,0.40351915963996476,1.458367710062656,0.03350834868316385
7396,0.4009839672769749,1.443280622203902,0.04446366434758628
7397,0.39732370267949924,1.426141475387171,0.04664684053768488
7398,0.3951921737879116,1.4182951785620157,0.026063342806595127
7399,0.3953377181696374,1.426031541270203,0.018741332593427164
7400,0.39292329761802697,1.4184139196238497,0.039502068795065584
7401,0.3951073438520718,1.4310166275625322,0.022321509749821247
7402,0.3923811549530129,1.4132507135300791,0.06209124616164128
7403,0.3934165606641192,1.4279318307767637,13.27832809521021
7404,0.39431247892265814,1.4435293489350576,0.12978964304452104
7405,0.3924936521525745,1.4316656475035936,0.00931227083939448
7406,0.3984320663674625,1.46878067131356,0.06904323012861388
7407,0.4014918226602101,1.4789983362085453,0.05261572815058821
7408,0.40313178875971645,1.4859365508303561,0.057581502855029075
7409,0.40102087751627014,1.4681201858318746,0.008036286380928891
7410,0.398183271235567,1.4494665544344127,0.023167069584869276
7411,0.3979176580383854,1.4440629809019079,0.019508915206723796
7412,0.40194162064787625,1.4744949425812681,0.03322844947654829
7413,0.395508251673202,1.4449760919907166,0.05281061833080558
7414,0.39577460336905484,1.4411483820409472,1.249216986865719
7415,0.39976689044174046,1.4706463172509612,0.030936894009177523
7416,0.40037365917463436,1.4632113073192043,0.0509375907384423
7417,0.40203548744194073,1.4736304950671015,0.012022015827080913
7418,0.4028242035004165,1.4819489873781928,0.011431225477860645
7419,0.4056643408537915,1.500527687154449,0.041699930519622
7420,0.4046439271293954,1.484662437889237,0.012947315363841609
7421,0.4025918576568017,1.4618192850540348,0.12232846976243753
7422,0.40408260317551276,1.4743929149854302,0.011068833314194873
7423,0.40334933289592584,1.4625669283701668,0.018241178590251744
7424,0.4053139602450447,1.4676428630125142,0.07578162204536723
7425,0.40406170593918583,1.4603555377579898,0.010392590261729657
7426,0.4084505514150795,1.4943529394095623,0.022961091090786367
7427,0.40833780793075936,1.5080133222464458,0.012874217219513635
7428,0.40927168666137426,1.5081144558211677,0.027772402357176974
7429,0.4064322339829019,1.4916258008588739,0.9801507299817459
7430,0.40380937711101644,1.460667629401626,0.02085787848164349
7431,0.4057209373185016,1.4731204322115858,0.07133297430982338
7432,0.40369817254255425,1.4534516654642506,0.009703159719337124
7433,0.402450527285023,1.4481729694982164,0.04201016179571101
7434,0.40403062759895914,1.4389637971280498,0.0803382478337501
7435,0.40387371678873885,1.451029169972978,0.009770176591020623
7436,0.405570724280781,1.4647347570493787,0.014902115617206026
7437,0.40349985661383464,1.4501806199427514,0.012758352467415976
7438,0.40075839973919275,1.4439132970424977,0.004729866954836423
7439,0.39915655278625695,1.440414217298643,0.033877681051936434
7440,0.40406329324944673,1.4578452523242786,0.035991880644617585
7441,0.4040095673125535,1.4476437751620186,0.07896046208259898
7442,0.40909503005691034,1.4682317528980298,0.015740287001001094
7443,0.41234267432607696,1.484675761036624,0.13089096582676582
7444,0.41632082382472757,1.5107669889970978,0.015327579110279274
7445,0.40924973754098,1.4698878063916687,0.04491979459750143
7446,0.40478368541557463,1.4455662766512265,0.026079074614494897
7447,0.4045139191892671,1.440532752395662,0.09679759041399483
7448,0.4042479007965108,1.4475813869762348,0.008719455161567776
7449,0.4051909121393238,1.4624201272710087,1.3432833555680932
7450,0.40092390975717196,1.4403798275591615,2.609898429704665
7451,0.40165427210664756,1.4438060926191425,0.011798403823659301
7452,0.4017553222443221,1.4461057119597955,0.11110219374858603
7453,0.40016111738046545,1.4355839801188313,0.031090180365212057
7454,0.4037614403089574,1.457844532952171,0.016315961374841523
7455,0.40808840377139144,1.4812916208299065,0.0061149283150331545
7456,0.4105426795987528,1.501341357142357,0.020210038528568692
7457,0.4130248165040621,1.5037167018244848,0.5875060121552574
7458,0.413706007244399,1.5030144302947086,0.20500288739653405
7459,0.4178362423891614,1.5207737024554138,0.20861417846439798
7460,0.4203766734091926,1.5290194706438311,0.06700778974737659
7461,0.4266794913347057,1.5654682083376055,0.03270059742858034
7462,0.4260498204374121,1.5613245187646623,0.0064068036990811384
7463,0.4287069059284228,1.5720561297028919,0.09746185092733879
7464,0.4316353951745105,1.5887402607931564,0.4574547770126754
7465,0.42942234627939585,1.5852720343415465,0.031119248709581066
7466,0.43125402777373406,1.5899278444206475,0.08084039473048803
7467,0.42501553216604204,1.5539614166982352,0.03303521291849175
7468,0.4282896189615349,1.5833645814505144,0.025717547095671943
7469,0.4237283633081528,1.552929674675243,0.03149590531906533
7470,0.4198532824705769,1.531367237129362,0.021361491016011102
7471,0.4174107440356785,1.5149332422417587,0.06296685675817872
7472,0.4164900454643768,1.5079466347995274,0.14653965245163586
7473,0.4106600448340119,1.4794897531354205,0.04149349626870658
7474,0.40768326087936546,1.4661981064906924,0.008633855771716232
7475,0.4060794947484797,1.463380087371119,0.017188600816420697
7476,0.40590351662997287,1.4740361866446086,0.019431029551297423
7477,0.4090223696654999,1.4981119912113097,0.016717064663462802
7478,0.41033931472024365,1.4968971128871509,0.027359016823034456
7479,0.42016387731213267,1.5403609822049196,0.0063268231579159135
7480,0.42326143438863467,1.55184864441641,0.0508215731620748
7481,0.4205127462566815,1.5320987525161611,0.006420932266219147
7482,0.4187415089442563,1.5075064894283752,0.19493650733726797
7483,0.42424084358530856,1.5323610649215438,0.002851989501072247
7484,0.4249876295399868,1.547027562268989,3.3514160399499495
7485,0.42121179339784626,1.52501427515084,0.010603356389688168
7486,0.42190875094488306,1.5316980142072658,0.02220140429739959
7487,0.41837305774271333,1.510379998347437,0.016677327864488514
7488,0.4212688524516104,1.5080418132630353,0.10815714482610854
7489,0.4177035024058786,1.503387584830965,0.00016322394527297542
7490,0.4171582501485622,1.498675365851976,4.3975371862433255
7491,0.4160513599430132,1.4866523346823983,0.01839243701152057
7492,0.4149901416714859,1.4815275591774448,0.018814933462504055
7493,0.4132843522829948,1.4706670571208422,0.33502339643669604
7494,0.41394350944717473,1.474777891073942,0.03697468452047671
7495,0.41558522748695803,1.4909766343499142,0.025303236663206274
7496,0.41172706514639773,1.4708644821525403,0.01629557227016297
7497,0.4115093844957835,1.4809618765421977,0.029168554018294254
7498,0.407414603116391,1.4512394780273477,0.055625603836293
7499,0.4108358012286604,1.4628782419315358,0.22187178628652304
7500,0.40921889428796887,1.4547124547953665,0.08327175795277046
7501,0.4112444087774467,1.4701581180231813,0.01777585393332276
7502,0.41433873387943587,1.4785999101850642,0.017409812805413014
7503,0.4110083261802165,1.4569137965291457,0.10579508568007563
7504,0.41497566408818565,1.4767797656609216,0.016230566207816086
7505,0.4122162907537287,1.4623403360243277,0.18824743554831605
7506,0.41701855964021206,1.4781708549608448,0.018365975423709293
7507,0.414759934674999,1.4732207947185623,0.0019047583054370217
7508,0.4183483701392424,1.4894756475385005,0.00929330505674568
7509,0.41391814043697506,1.465441510825756,0.011626338208807005
7510,0.41133931810750024,1.458838073529081,0.022327346925332666
7511,0.41473180220763556,1.464359555884101,0.1024750893086124
7512,0.41379952816995336,1.4725759665187175,0.14243441499234
7513,0.4117601782199823,1.4673101289377732,0.043468341409712966
7514,0.4107184864382672,1.45214736930739,0.1464828672083736
7515,0.40912146781074893,1.4458298511088576,0.2641062125890167
7516,0.41168883115303606,1.4494712482998249,0.00689049348973477
7517,0.4114000442221548,1.446488901235814,0.038647765579656476
7518,0.41507246831267175,1.4658860920552255,0.03564731383396968
7519,0.4137558147073351,1.4630690870442769,0.010322210508151327
7520,0.4184547320598838,1.4897673526024149,0.0242249042341121
7521,0.41715098418122887,1.4823828983081009,0.0028123276708306717
7522,0.4240658678935672,1.5107152304395457,0.04261067544800005
7523,0.42402727331257345,1.5150126776588226,0.02011282611511165
7524,0.427996540573955,1.5428181488010955,0.2852197549568201
7525,0.43146894656905793,1.5697308173059088,0.02007617825851879
7526,0.43247863483973387,1.568978477931602,0.11813488488485228
7527,0.43360513642011117,1.5763010297303492,0.02378842138199617
7528,0.429265674210419,1.5498411890340598,0.023140538288157257
7529,0.433087507298728,1.5800776461169546,0.02308649657768784
7530,0.44259800385397574,1.6287445418379363,0.010428222966055247
7531,0.436680344075114,1.6021473758693772,0.4965375740266267
7532,0.4359146846763897,1.5910438662051385,0.012535679723238524
7533,0.42941639764492356,1.5489968030527472,0.08531949995815565
7534,0.42478592894765044,1.5258576686781997,0.03282982186428657
7535,0.4265620604376116,1.5346362589520752,0.08945651486810922
7536,0.43032521374043076,1.5697393788183658,0.020582123126447735
7537,0.4336442036195664,1.5849660340753973,0.04447995667660601
7538,0.4341757606122721,1.5865862529340706,0.030257580083678952
7539,0.4313254508996221,1.565067160918174,0.030017883296662187
7540,0.43223154822809773,1.582161667629996,0.026078543028550852
7541,0.43151785565891726,1.5860559255409632,0.01599054424113889
7542,0.4258719224207555,1.549129293591098,0.028060441021715482
7543,0.4235197931025308,1.5496437049947134,0.005622568527217021
7544,0.4234727557053027,1.5410985143153577,0.2870920927595367
7545,0.4274492592166454,1.5672427321220217,0.010532435689393627
7546,0.43013557599958624,1.5796203035425134,0.048623746054867835
7547,0.42731857900868386,1.5615024865984664,0.05504171512328386
7548,0.43340070709318723,1.5983579735494648,0.01449586887288934
7549,0.43262525865078477,1.5941710405935314,0.004183886194531838
7550,0.433164655119983,1.6112366031207415,0.04581049630997258
7551,0.432431239473767,1.6143768626021222,0.09264388017400253
7552,0.42734521198279696,1.5914670669727677,0.015113047391318073
7553,0.42615771998454477,1.5941625788495462,0.08745731104598181
7554,0.4268950069469879,1.6043376860411103,0.01402035147833804
7555,0.4198108159002698,1.5631861407055894,0.035066075324624114
7556,0.41496409715448407,1.5249441690776917,0.009160305790879276
7557,0.41253981550190605,1.5041069600713515,0.03766325554450311
7558,0.42015081708775526,1.5490038422232393,0.05703441851290107
7559,0.422615313525402,1.5502149017344515,0.08067187514506478
7560,0.42020053879326436,1.523379940501097,0.01719876121218684
7561,0.4258476708535701,1.558739559663795,0.026569848133145973
7562,0.4296985752983939,1.5760803117100708,0.10422090158494753
7563,0.43464991976604395,1.5975948261854107,0.16986462217286116
7564,0.43099287093804545,1.5758751585064659,0.004279038872104621
7565,0.4233954582526705,1.5322885293426944,0.010713549047120423
7566,0.42439807839886534,1.5429428929287772,0.010008969273377168
7567,0.42669166926345414,1.5716138662076402,0.02286036523622222
7568,0.4277386288719701,1.582491426952431,0.02341344262259332
7569,0.4300347499179534,1.5937093433465888,0.11089344249176843
7570,0.420692274280314,1.5451822422556518,0.011794629612765109
7571,0.4233250468045999,1.554333402006672,0.009971473459883902
7572,0.42828878002227677,1.5797407420581022,0.023052937290743963
7573,0.4292165526462117,1.60229142428195,0.019976969903984402
7574,0.43289241031200776,1.6295508975690347,0.026298150328351956
7575,0.43484822749863544,1.6436703470358633,0.09394871150768998
7576,0.4391665728288825,1.66440692172619,0.020777175942981917
7577,0.43165215612940455,1.6317610697929343,0.002097264922412235
7578,0.4360497642359514,1.6443591361378487,0.13184273380136152
7579,0.4338362678863389,1.6364204112339258,0.012543352604786754
7580,0.4399617226937553,1.6606712697970958,0.04608279172305799
7581,0.43692874684883815,1.6413688679828082,0.01479547528963163
7582,0.43314712408792805,1.6160724165351865,0.046747991402565935
7583,0.4330878804039352,1.615986126670943,0.002300556867389418
7584,0.43314022255695944,1.608213685782322,0.03016311206094283
7585,0.43106682122198314,1.5865723336519117,0.19184422553685282
7586,0.4289485473491481,1.5677522206309646,0.020123203027338728
7587,0.42577828882054897,1.545494675091273,0.019906706549545985
7588,0.42440163242460605,1.5364093580741214,0.0994869254095365
7589,0.42774763868799676,1.5550926845047903,0.009168932835945609
7590,0.423706819102396,1.546109631537662,0.06459313165922488
7591,0.4244602181478694,1.5449272025322103,0.07111168209229668
7592,0.43236711997980487,1.5895125630673201,0.021656751457536264
7593,0.4331332971340953,1.6013939580442695,0.03239071507223798
7594,0.42639353397776586,1.562119101166703,0.026496086044792283
7595,0.42447623180099525,1.5585183096681694,0.0045959225900650495
7596,0.4279060074468298,1.566928564032523,0.09672666266770073
7597,0.4306240065270933,1.5868108219757378,0.11524614302602404
7598,0.4312413315861523,1.5878260964226356,0.01775615696530206
7599,0.43160358893494116,1.6065729982970909,0.022857329628731392
7600,0.44274364129342364,1.6545076683708557,0.01891013554992532
7601,0.4417703547083632,1.6554223288610885,0.09217162203946248
7602,0.4361205213786975,1.611101568133096,0.01035643124611292
7603,0.42773640356835885,1.5846518164387458,0.00019780001639920332
7604,0.4302897271754516,1.5845816430383692,0.09009281373980729
7605,0.4245616827837134,1.5415064427196132,0.03260358976225637
7606,0.4292540925676355,1.5720198550615454,0.019455767236540963
7607,0.430402665300384,1.5887164613699487,0.004382266826032049
7608,0.43663236745435674,1.6178644220628169,0.014503154080802931
7609,0.43613034143823143,1.613565660091931,0.015668237729767266
7610,0.43114189004127207,1.585511998807094,0.03881193214412304
7611,0.4333573686373455,1.5947284261845,0.023774119979734536
7612,0.4401360577132001,1.6185212170125935,0.082397902689371
7613,0.43874708232112813,1.6153215194382942,0.017995117339961182
7614,0.44223997963916273,1.6457098438744242,0.10655656427353148
7615,0.42049838136255474,1.5989545059805281,8.760819295627553e-05
7616,0.4169740999980007,1.5814305145556444,0.018003135428559035
7617,0.4138497236519199,1.5737878095481732,3.746899430778101
7618,0.4153896516832707,1.5787508143565807,0.04346502623257499
7619,0.42084385414886105,1.6185254485651335,0.023651656680052653
7620,0.4129003017236915,1.5809484177071829,0.016383718145433653
7621,0.4156238325265981,1.6073286981210482,0.02723310090089623
7622,0.4185936577286198,1.6199644409120235,0.016760378669468435
7623,0.41989020198104515,1.6190856198023393,0.006979260258248663
7624,0.41441588071851265,1.5760950783266223,0.025849615979736253
7625,0.41701655142335925,1.5812622114995833,0.1744215599354415
7626,0.4099156154552275,1.5349147237433505,0.007174320862257875
7627,0.4079695513762685,1.5397383813541135,0.12618321987424225
7628,0.4136514198052367,1.5627578882803104,0.005309719305096422
7629,0.41271696111554285,1.5633236876845162,0.006623312748710677
7630,0.4098563979033611,1.5591555558166401,0.04151752283159778
7631,0.4025049997559035,1.5085098494150022,0.025798556718192617
7632,0.40170067300430434,1.514266807016276,0.005473150395139543
7633,0.40780163962976695,1.5568081030605476,0.009852978213855529
7634,0.40532548742245056,1.5492804636005362,0.0116549183514956
7635,0.4119871653234327,1.590880755509944,0.04409083628554541
7636,0.40776559454381145,1.5604913552775599,0.007729596122641002
7637,0.411162323601285,1.5728657137444793,0.030587271275229717
7638,0.4204827174717991,1.6227134453072511,0.04799615130997574
7639,0.41377769995755226,1.5905271071481322,0.02308175618352417
7640,0.409530330751925,1.5512113173082782,0.01826906416112921
7641,0.40326533143926235,1.510896984827465,0.009683026629361914
7642,0.4099560089562837,1.538616848613512,0.034033700373542135
7643,0.4083218510916423,1.534833168001329,0.016052720083908796
7644,0.4130570244161761,1.5669708653994932,0.017585059722848954
7645,0.4163641319277541,1.584397341383204,0.025372469063978
7646,0.41985077668539916,1.612864314455935,0.005205233407180739
7647,0.422320412570232,1.6360826267208493,0.02831577868077274
7648,0.41541791193947153,1.5934508512110144,0.00788493328172426
7649,0.41012816616988945,1.557979506291411,0.02858467747345327
7650,0.4071717822690637,1.5405693575745758,0.6604932798306413
7651,0.41235023656304415,1.567065571425494,0.11943201508668326
7652,0.40358063599245914,1.557664693709406,5.6304299633777725e-05
7653,0.4031330566542779,1.559300918545428,0.044741177545837216
7654,0.40152243498382406,1.5464749248588667,0.005407807629800276
7655,0.39362397003771815,1.5067053742218597,0.00955486328512017
7656,0.39965108608903516,1.5454529864523912,0.025678712613335493
7657,0.3968902275589391,1.5233335850708005,0.016997004965498826
7658,0.39639426302665937,1.5133458591294642,0.040912384792689646
7659,0.40097401012277756,1.5316053817209594,0.11623583179406469
7660,0.39981679976200146,1.5337611508769489,0.21598092004626163
7661,0.4000195191905013,1.5191027564850577,0.018003170209852048
7662,0.39867777863448983,1.5031647169197562,0.06510877989245437
7663,0.4011884644493564,1.513085862403558,0.05522274361531267
7664,0.40469174626830945,1.5400558984505257,0.04310404469025899
7665,0.40197003020773814,1.5273643890368551,0.010167272688995923
7666,0.40241478960365573,1.5215764467527997,0.016762583370788803
7667,0.4022331000000413,1.5346883237827684,0.028282947764744167
7668,0.3995115321612443,1.5140682147480293,0.03777158124088422
7669,0.3959250133231115,1.492406934937745,0.007148497957454729
7670,0.39876371637713964,1.5147222297911938,0.3784927116667235
7671,0.3972483633443286,1.4944519664170768,0.04047593843045597
7672,0.3946666568496579,1.4735811478763903,0.025949017513427645
7673,0.3972618209814311,1.478367991262362,0.03654319806753359
7674,0.3985495220970256,1.4894216959987086,0.014555068186986604
7675,0.3959929244034081,1.4812236490655863,0.007953157253417265
7676,0.39264256036480877,1.460628793579971,0.5632352980665163
7677,0.3915279982894107,1.4491429539559761,0.015999794163935176
7678,0.3936822711359772,1.4569764110251398,0.011936055008314994
7679,0.39324208415335293,1.4633834379056851,0.049350530141617145
7680,0.3921182923851104,1.4614191141178678,0.04188657893968986
7681,0.38881928612420524,1.4615321063147309,0.0399513530488613
7682,0.3858358020829293,1.4341373198085654,0.024384169081249282
7683,0.38470403347798815,1.426872504232005,0.05804972102432663
7684,0.3872487731708121,1.4399355727620602,0.2163974217756065
7685,0.3878273297305091,1.447572613580204,0.07407345697183393
7686,0.3865482027458477,1.4384787418429585,0.005988325007533373
7687,0.3849048466474309,1.4359560280913268,0.010490381344340934
7688,0.3865515515018486,1.4423611159588827,0.10317204555961725
7689,0.3839723218820187,1.4341238875622955,0.0686241302502337
7690,0.38582288086390293,1.4405117610908265,0.016038995513327062
7691,0.39307477140190683,1.4737229959107148,0.010541308853380322
7692,0.39264922416907216,1.4786256763850714,0.014874830397988786
7693,0.3917928895618328,1.4754120911150819,0.02039550756812015
7694,0.3961089682769257,1.506453872428391,0.02926804226808192
7695,0.39746189821553923,1.5105976045687166,0.12597600816452512
7696,0.40063278301731925,1.532549945173939,0.05023182839095051
7697,0.3946531386932656,1.5194761074240406,0.00023122513061343643
7698,0.38516253365646813,1.4710245476003339,0.005385345981701457
7699,0.38741888168989796,1.4913661432251482,0.023875608411407002
7700,0.3864571678091839,1.4778194116268126,0.045928811579343504
7701,0.3762798719080094,1.43296063628619,0.009298033861573027
7702,0.3721175017579691,1.4132742455491387,0.07107655104408164
7703,0.3804115987145991,1.456165144659468,0.011199385611217314
7704,0.37537590324475417,1.4247413599017196,0.04659408335143062
7705,0.3775836337610724,1.4469453431094483,0.012750200245583687
7706,0.38331669829633835,1.4841471284377417,0.01987375490296075
7707,0.38387838678153036,1.4753457959933587,0.1349256687838522
7708,0.3854574824498213,1.4928672056015289,0.014059088624116199
7709,0.3883590059599783,1.5136489626364624,0.46710861196079007
7710,0.3933121549802796,1.5449566937639385,0.07684685919160326
7711,0.38927142260008135,1.531717702424466,0.004569137340199445
7712,0.389705586049121,1.5328288717032066,0.0351857873377336
7713,0.38579260947275545,1.5011942444545028,0.05876132378071837
7714,0.38720837308628464,1.5144530526507065,0.028389862190609082
7715,0.3834949517164252,1.4947890853524546,0.012230757612141263
7716,0.38433906366593457,1.5036229954197209,0.016026731102795802
7717,0.3880681748855069,1.5201736245222648,0.02066756507784658
7718,0.3892817860139804,1.5329954211709098,0.02527193486762849
7719,0.385032932984789,1.5208312523204608,0.013287282792074865
7720,0.378187528590542,1.4826320829306991,0.04537617343109248
7721,0.3728837916526472,1.4444421515745043,0.05276928059498138
7722,0.3746380183691506,1.4442818190247624,0.08840871367901584
7723,0.37693713874821005,1.4567917893482059,0.007334083166116638
7724,0.3861728024229664,1.5019235976110625,0.0027043321563973814
7725,0.38675806497077,1.5124818906212094,0.03723613717793948
7726,0.38703377724402693,1.5228036536941139,0.029510107948585086
7727,0.3994796766933185,1.591228447572454,0.21834903780356887
7728,0.3933010918778825,1.5559206882096073,0.007293562637180202
7729,0.3899768005583989,1.5405737717003882,0.027707572940359564
7730,0.3918939932287322,1.5398908606175776,0.1424546755692961
7731,0.39450918973603016,1.5532640720248214,0.14533835859558242
7732,0.38719717678014665,1.5062743356142196,0.03357375800493808
7733,0.3915637975370646,1.5364082380232602,0.03229665885353205
7734,0.3903206621329732,1.5365784264355167,0.03656860559663662
7735,0.39270264099968205,1.5478829284822824,0.007760408826674878
7736,0.3884196119125926,1.5132027613493224,0.005700635341034187
7737,0.3950934932102295,1.5450589873859344,0.02002874278634891
7738,0.39181446021926686,1.5126106343279415,0.01965051939895528
7739,0.3901366888420205,1.4979590791269781,0.044081482726192125
7740,0.387165653426936,1.4780340491281305,0.0692353934903711
7741,0.38383521214595456,1.4658105217740076,0.04557821093767355
7742,0.38977470062921277,1.494499452880428,0.5091775712741984
7743,0.393407812059969,1.5217078849986068,0.01887169065999526
7744,0.39371245531157906,1.5149186417307123,0.0566283031916229
7745,0.39386725375603543,1.4990245812450986,0.19946997466656977
7746,0.39260490004617954,1.4846135549976474,0.6119779973940344
7747,0.39436267300881556,1.4851951568935784,0.3794965806576493
7748,0.3955057527941684,1.485686550416909,0.037846623023246546
7749,0.3894466850027307,1.4697436340639298,0.012751466141535064
7750,0.38579993303005905,1.4511292086109429,0.03192808826529201
7751,0.384947109000685,1.4491439672029973,0.040787182864748105
7752,0.3808582943407663,1.4308755035330014,0.005581773019273945
7753,0.37646212041397564,1.4086264095832355,0.01891374209695607
7754,0.377285315751765,1.4109313894862303,0.023545858755323862
7755,0.38129602123169704,1.426916392749482,0.004978409297305214
7756,0.3777853458282778,1.4043028604010217,0.041573051627403504
7757,0.37794808481437664,1.410336415139802,0.004260314171513113
7758,0.37978474376721266,1.4131371654526854,0.008630491159317232
7759,0.3799565400090508,1.4175912146243335,0.013575849314038668
7760,0.3840142271696874,1.4399097399929854,0.025998267924225472
7761,0.3916547207401427,1.4692579571178732,0.06431775948116387
7762,0.3920188595806118,1.4732630209034676,0.029489951923599024
7763,0.39213614559619103,1.4712779832418994,0.010654166883509364
7764,0.3885234721182067,1.4627558005375458,0.48057004015826055
7765,0.38868657288023306,1.4515213409071848,0.04509394151721358
7766,0.3924238882713132,1.4809794379713759,0.02062701277691074
7767,0.3901178321731096,1.4702924895688272,0.009941636672934837
7768,0.3877211139303006,1.463544373298334,0.08544172901691295
7769,0.38926276696786954,1.4658339050105464,0.197508062372535
7770,0.3910943186917213,1.4663634812367476,0.02119611915950357
7771,0.395742406037658,1.5005244334251362,0.03887175931372536
7772,0.3934198729756345,1.4933000343191332,0.009980031727765631
7773,0.3922809814719683,1.4919714593499445,0.042819176013921836
7774,0.3901817662147386,1.4842176537798564,0.2773405276829388
7775,0.39084281490172396,1.4771818987856407,0.0034409534476698435
7776,0.39313660610007223,1.4847523404186123,0.4693646163518809
7777,0.39245827127323996,1.4776218573534774,0.01966728775672531
7778,0.39440228699440216,1.4901706775263706,0.015930610713993643
7779,0.3914701665009594,1.465491074346212,0.11157223052239969
7780,0.3911008390890338,1.4655693821536746,0.005883891871842007
7781,0.36771608336227213,1.3964855650282917,7.480630144245471e-05
7782,0.34565267138985595,1.3341583159369075,8.954881938508796e-05
7783,0.348303916373055,1.3485704729159869,0.04498737210041235
7784,0.34722176148181505,1.3389151176969138,0.09028127465454469
7785,0.35009977000182635,1.3441513090979544,0.13438327836690095
7786,0.35079280714634203,1.3548608714625674,0.0485929662428615
7787,0.3307544666308113,1.2954736753222864,8.942621303474132e-05
7788,0.33042142307922223,1.2924537160892937,0.00797338462383535
7789,0.3286651757854242,1.2834712069755776,0.016055599905507117
7790,0.33066513586233975,1.3000860012390942,0.018906093234987032
7791,0.33238357796452395,1.3128192890925057,0.014859442411534687
7792,0.3349031358320899,1.3359866629991501,0.01559942907219545
7793,0.3372838005190577,1.3461451452491182,0.02553584215794822
7794,0.3364628096148162,1.3373567455638042,0.02365858000874171
7795,0.3391186755378975,1.3478030347642307,0.017798362578278465
7796,0.34309683891649984,1.3743114737064999,0.015924069715880094
7797,0.3494844768101181,1.4196446075851263,0.0408865867223207
7798,0.351993701472249,1.4365285338843363,0.04239911916617721
7799,0.3550044939392548,1.456902165477708,0.04993632881896596
7800,0.3513993526103382,1.4266696058744754,0.02109356152284993
7801,0.3554071125452029,1.460963775372151,0.04577120431106027
7802,0.3610611543824235,1.4833126859922081,0.02023566098749827
7803,0.3673222338849526,1.5248479246231121,0.03090199454902526
7804,0.36032199994191627,1.4832911486046692,0.008561676967749596
7805,0.3638140597308414,1.4979352760453013,0.030442852837809304
7806,0.3650609472920233,1.5000967624635548,0.03592985035966963
7807,0.3652688703028453,1.4994550319208482,0.11922229383659312
7808,0.36334402738986893,1.487169828931624,0.06180924411662581
7809,0.36676068147089386,1.5186702045652472,0.015734536536931243
7810,0.3583192739555322,1.4679913091821044,0.021089423876292295
7811,0.35797517674925244,1.4625531037102955,0.055726458964841255
7812,0.3509339145530063,1.4171736455394404,0.01206805591778282
7813,0.3471619151432844,1.3865865727584938,0.03676579502589164
7814,0.3488208420406581,1.4020685752417361,0.014362597293860817
7815,0.34488629228803,1.3888459581503565,0.022477568007197295
7816,0.3437261301137294,1.3768218065606082,0.009389380929588204
7817,0.3441910670756451,1.3729224411611078,0.03873364230651998
7818,0.3441081207577106,1.3875897485787505,0.04039399014724534
7819,0.33970028028775834,1.375532337770622,0.02486594908094036
7820,0.3438370185241231,1.415421110120435,0.047052051959465824
7821,0.3389293582519187,1.3763736572302427,0.019500463798551068
7822,0.3415685891802323,1.3943577620439034,0.06396772696137626
7823,0.3384576172935847,1.374575124927049,0.11233010613775966
7824,0.34421821774821715,1.4050868077976006,0.044506354008566174
7825,0.34395249910974446,1.414334648022129,0.07252853950854661
7826,0.35003943187695613,1.4673202119636914,0.12791176214645977
7827,0.3444143733773916,1.4268298354887088,0.025479755943240274
7828,0.3500178004686979,1.462980922803676,0.023793500662445823
7829,0.3514039626768502,1.4653915885610955,0.12894239504564808
7830,0.3465540526777547,1.4322582645437754,0.01839610128007196
7831,0.3370793418874714,1.3702152187708072,0.015016224749851582
7832,0.336784029182969,1.3648058080650585,0.0599311261753192
7833,0.33608261799130024,1.3401343008138344,0.09040117102471408
7834,0.3320019805348498,1.3063023559651736,0.08917942847697474
7835,0.33141767599867467,1.2924822141110925,0.06600648837181311
7836,0.33541813447958635,1.303863935272884,0.01903169328915634
7837,0.31550190699072084,1.2385545193286744,8.631608589134404e-05
7838,0.31385020921841517,1.242317500118094,0.011168575772667012
7839,0.31413341375281784,1.2472910474598604,0.01705072147601615
7840,0.31305801446018733,1.260747921546998,0.011027644306890863
7841,0.31266979280560964,1.26452419111005,0.12977799290399092
7842,0.31214764687825625,1.261980141195376,0.03304902797446872
7843,0.3104724757439243,1.2443141881409705,0.01905068260473155
7844,0.3058878243025835,1.21986565654387,0.13003559683746482
7845,0.30829431946832914,1.2282817842674785,0.043828808010176835
7846,0.3053221533569357,1.2193112493995066,0.021180034766546292
7847,0.3086027911688112,1.24398046939542,0.004759927338680629
7848,0.3124099915910483,1.2684745452855026,0.009693561849398012
7849,0.31549073669159056,1.3045044451423395,0.045861499015419555
7850,0.3160628565093041,1.3056313647638087,0.04845355130152209
7851,0.29611848480277503,1.2336825876917488,8.955900084779266e-05
7852,0.29504901421652385,1.2290365070577929,0.05177758961682698
7853,0.2911413580517852,1.1999756310213545,0.015287829823528713
7854,0.29241072643257043,1.2019990401226468,0.01240444639619719
7855,0.28761668586884087,1.1678793009700124,0.018930146108531647
7856,0.2889146278056174,1.180529092917765,0.023766605246199776
7857,0.28899279644800613,1.1828062409117195,0.03243699159557011
7858,0.29374860989376816,1.2115518469726136,0.026245236017545564
7859,0.2978456616051044,1.2504124959425782,0.1601639278651167
7860,0.29166775048687055,1.1961238062058743,0.084607035164087
7861,0.29785037376074847,1.233033080118869,0.009131226199555524
7862,0.29810380650868673,1.237835872484923,0.01853329721549809
7863,0.2941284589640279,1.2172755582769001,0.015438280452649503
7864,0.29518032466576183,1.2345774284363704,0.03000571788853252
7865,0.29810313697860585,1.2548266715113368,0.0196809515420663
7866,0.2993590200027204,1.2737302096077565,0.03739685475646254
7867,0.2937100544201347,1.223539454448629,0.007219393794401889
7868,0.2920740020344872,1.2085785637921538,0.04556222282691791
7869,0.2934432124993428,1.2235986743021536,0.02202982258185784
7870,0.29052911851007995,1.1948301082014048,0.01814655815714153
7871,0.29385521299697664,1.2208879761320932,0.026379561666289846
7872,0.29067235749996667,1.187156486413268,0.01308391735925719
7873,0.2940264726977553,1.2002092078085165,0.008203014000836771
7874,0.2926868840780303,1.1776074941062085,0.050372528725615325
7875,0.29412959605394406,1.1802399687291496,0.008641100371966543
7876,0.2918488373973076,1.1770826506625367,0.005101619829791787
7877,0.29393066852381006,1.183619863270501,0.027578654674780972
7878,0.2971290785190127,1.2167205879112133,0.011338203458063445
7879,0.3012526128039906,1.2424784769110149,0.011121684992472892
7880,0.30097125829203086,1.2442498850794623,0.015455034800109086
7881,0.3001103167498016,1.2406823911595843,0.04147003874165848
7882,0.3014092852835929,1.2625630157077072,0.009141812161239292
7883,0.2989088120169895,1.237016569694628,0.008008161166292431
7884,0.29891744206615206,1.2380819785203312,0.020955548726407536
7885,0.30206786159152416,1.2611846865634657,0.062362461652392544
7886,0.3017050875913168,1.2607159429670984,0.06658878983628759
7887,0.30151032146213014,1.25864346115506,0.01767056440141236
7888,0.30537447348376984,1.2908145559879347,0.018799248569767363
7889,0.30593942799579493,1.290173168556253,0.009705961702581225
7890,0.30134497944577127,1.269937519562666,0.0022977171748246867
7891,0.3003379875234769,1.2533483119443931,0.03513412273793003
7892,0.3010443831943401,1.2706275273968741,0.04708075511043197
7893,0.30227303750934703,1.2804779989959987,0.017074728302444327
7894,0.3065613830006502,1.3010519133535594,0.11260897383463395
7895,0.3067443276375294,1.2947093178586382,0.035943308280120996
7896,0.30634108029970214,1.277709310002555,0.05578423930401632
7897,0.30772991298234587,1.305136296789301,0.04172232125496455
7898,0.3089719761268614,1.3047890748079125,0.0323947516878161
7899,0.3123875655710259,1.3439422495360334,0.36000238650682115
7900,0.30992125510274227,1.3275487543332651,0.00769922241956184
7901,0.3168762478883518,1.3747762459961255,0.4719067597711485
7902,0.312718822378526,1.340811250946036,0.009240498473684453
7903,0.3066506540149331,1.3022367477623968,0.007455746585919735
7904,0.309659500873941,1.3259544141978918,0.019954592141792942
7905,0.30248527218298116,1.2683931396421888,0.017169113081384826
7906,0.3021103990677825,1.2516931972889156,0.02752521129981853
7907,0.3048147139761723,1.2718661986923625,0.020715918618310337
7908,0.308984195673,1.287495824460275,0.005592258782298543
7909,0.303653272282525,1.2478451989561274,0.01432107847216119
7910,0.3037881318179759,1.249323271883431,0.039356636173590295
7911,0.3097045573897696,1.2758529916459573,0.0469379710854197
7912,0.31021492235264225,1.297506188061775,0.014149961879281855
7913,0.303983369310355,1.2456409657798158,0.011276324518299139
7914,0.28669551223441514,1.1885968991805946,0.00010547344942928228
7915,0.2837742657428335,1.159780006236035,0.016705483835204985
7916,0.28447814635799085,1.1527472555279876,0.15339020827332323
7917,0.2835281873570997,1.1484948403745616,0.023027636513821254
7918,0.28529762464185476,1.1603034919225765,0.006371763473461719
7919,0.28549121782691833,1.1770158667432964,0.05078957502309176
7920,0.2858678572719015,1.1784907366272253,0.019372316244682393
7921,0.28623326071530936,1.1711350020293203,0.04961494845017545
7922,0.28414469050649527,1.154133879137947,0.0931686352737539
7923,0.28208913771602884,1.148300674190588,0.033574408473803774
7924,0.28089572440977945,1.1417772718731922,0.004535508444837347
7925,0.28120231949169583,1.157866123670656,0.010318054683524383
7926,0.28016892898100076,1.1388808671435595,0.05058238404608943
7927,0.28067692684677514,1.1358394284747062,0.02358687721111598
7928,0.28237528696111386,1.153910290267996,0.09879378531505109
7929,0.2795661746357953,1.1381103216469646,0.028362458616740676
7930,0.2820275859058103,1.1569939763612682,0.02747867062694179
7931,0.28049740507600746,1.1549979909086114,0.0024611445480782162
7932,0.2811648936848547,1.1483390375581743,0.029910325245161316
7933,0.28132110349592226,1.142029987295694,0.02555615493303742
7934,0.2853049420365509,1.15782179268217,0.004946229289030294
7935,0.2836832169577824,1.1516489892389272,0.0209559154741415
7936,0.28358376438448807,1.1426929850278067,0.014573221578275898
7937,0.2859557576187751,1.1632625739719928,0.019195775415098367
7938,0.28608322772613154,1.1803673888008688,0.03769043861047572
7939,0.2823949582115372,1.1483006909369677,0.018518891951557242
7940,0.2837740328335149,1.164548325906378,0.00818269350349262
7941,0.2804135928717309,1.1547545782956024,0.006974655706622582
7942,0.28106365056874766,1.1501192616387192,0.05913498708423868
7943,0.2817126429407673,1.1670923260211628,0.055867956090373386
7944,0.2775039255853628,1.1333932595138407,0.02362734123740659
7945,0.2799370416137664,1.1529022067744548,0.02636257634486224
7946,0.28170368802174334,1.1552704994681244,0.016757312913725113
7947,0.28468065234008966,1.1865287417897548,0.020593287093475195
7948,0.2840562192292421,1.1992812711692553,0.15308580312563297
7949,0.28690901456462614,1.2084289484682136,0.045714032248434816
7950,0.28337994982481846,1.1718578191982334,0.008994207818048276
7951,0.2878758399817118,1.2120198062547627,0.03061671619081294
7952,0.2911314091334161,1.2517742981575186,0.12463583451904636
7953,0.29427862239788954,1.2735976124166108,0.15382205673433838
7954,0.2920060087860455,1.2444007895705997,0.12157848275921138
7955,0.2882178084766908,1.2238583332914543,0.004028110596150087
7956,0.2832482794687517,1.2012525986525484,0.024498896245345392
7957,0.2859968724722237,1.224191964294743,0.1094369322908712
7958,0.2844220218871373,1.1962026280903455,0.07575331224547155
7959,0.2829293406626889,1.1727191030535373,0.07149604570410135
7960,0.27806487678171476,1.137348849071402,0.038793486347463484
7961,0.28125599181783606,1.1699563863907352,0.012142179241836438
7962,0.283252307219594,1.1854337253710845,0.026244337714485696
7963,0.28357643977512575,1.1944622236902447,0.01141514236695431
7964,0.2807769963363749,1.182330505087362,0.059966634130891386
7965,0.28477746453753233,1.2227439414940422,0.03426259343206951
7966,0.2788155614267723,1.1841126136497309,0.05968115576979562
7967,0.2838482795955597,1.2114010084830977,0.06108818342248694
7968,0.28452498083214667,1.225083594731076,0.03390444406074706
7969,0.27837952456357906,1.1708815894397588,0.1394031852504837
7970,0.2778803664570805,1.1644600887749919,0.010231182083356405
7971,0.28011239585389075,1.1895573444415637,0.04059318499040482
7972,0.2803685212433097,1.1939504398155727,0.3273665659283293
7973,0.2835727292762869,1.21966717786012,0.06040414191812071
7974,0.2900805185121602,1.258105893728226,0.7625542037230832
7975,0.28349492061011694,1.212012392224361,0.006479894166096195
7976,0.28258440359137366,1.2108914791195926,0.017581680853451753
7977,0.2788962333115991,1.181150853226466,0.05034586346020103
7978,0.2823548215971288,1.1975937603857356,0.022456485725159975
7979,0.27810604378170656,1.1559896985507252,0.03842876272072824
7980,0.27916581273800356,1.1789971793920062,0.04319825276016734
7981,0.28062754963114656,1.19141704877825,0.05308176931391607
7982,0.2627516158429982,1.1214289600306342,0.00010607368830339034
7983,0.26902268508133076,1.1727988034487558,0.09368140849024705
7984,0.2677552927317423,1.1667659825863543,0.00968970250391706
7985,0.2686977671988302,1.1800583448382809,0.042738869980716694
7986,0.27330673759957463,1.2041026080159347,0.22837982520029587
7987,0.27403765087695153,1.1959298951198407,0.04556426515723939
7988,0.27399089778213165,1.2026809530282827,0.011078293121652571
7989,0.2689217323007463,1.1575457835705631,0.16979397331931725
7990,0.2696849543433217,1.1782010352719439,0.00956840927014904
7991,0.2719311704684742,1.2020994177077287,0.025401880168960084
7992,0.26572825415515383,1.1472925683259045,0.00832784320806522
7993,0.262934166348628,1.1091343340008462,0.017612861508633542
7994,0.2591128671139482,1.0761315114964174,0.6645273281445615
7995,0.26187604843919526,1.1074632609561632,0.01154916158092136
7996,0.2604885856958117,1.09376615204866,0.03313737594745661
7997,0.2606728076708365,1.0956942307251256,0.010213932815645595
7998,0.26191291513625153,1.1140355827461685,0.08453858356309031
7999,0.25659261211839557,1.0794120578143258,0.030789640545060303
8000,0.25763997613627215,1.0770511938920302,0.03254418305575741
8001,0.26383759594902884,1.132946115795543,0.02293917126845543
8002,0.25864378057088927,1.0913414576420315,0.035794971331138715
8003,0.2653699089696216,1.1483365520978528,0.2262080649234552
8004,0.26842002996568803,1.1820392354221947,1.7401325346939076
8005,0.2693002445663405,1.1853388120301926,0.19869027265168027
8006,0.27029259920530957,1.1829522021676804,0.026392943452918514
8007,0.2567245409367991,1.1458449070612988,0.0001241943307879483
8008,0.2511656219978172,1.0906805390660685,0.04007682012676604
8009,0.25138393441932216,1.1034692176410603,0.09815858847411187
8010,0.2457871904729704,1.0534259397379826,0.024881124935998238
8011,0.24716607648716388,1.0550674510941251,0.11199779797533972
8012,0.2523424379006551,1.0920434667540866,0.17352222980202045
8013,0.2524606775815305,1.0758153722577701,0.0098155493122372
8014,0.2533786917059514,1.0943444254409855,0.12478146431439491
8015,0.25091582744515495,1.0689418311198855,0.011185881921322652
8016,0.2455745598125288,1.0210501360704012,0.5390336129488376
8017,0.24460406120589884,1.0042511418582796,0.027708841846986812
8018,0.24750082978108123,1.0265851909792267,0.028441973743750813
8019,0.24663003022591234,1.014454558465716,0.01736629919597675
8020,0.2511318092205629,1.0607916099968047,0.09139268180302575
8021,0.25729269721721576,1.1143508276697516,0.04780971502170458
8022,0.2637511981238389,1.1696821168447165,0.1749143528592765
8023,0.2574732421959692,1.1129613765206652,0.021973448402107798
8024,0.25259631749356165,1.06157559571727,0.02025115234518423
8025,0.2515857480164263,1.0596794612928726,0.02669597275175211
8026,0.24875639122670412,1.03771190364347,0.025254574745157795
8027,0.24937161088488818,1.053678274942618,0.05779099836610678
8028,0.24803336234817375,1.037929342251099,0.014624905600440071
8029,0.24360749886621674,0.9996933454034213,0.01602512631874195
8030,0.24253413175910193,0.988679201852777,0.009954436302368861
8031,0.2427946789229617,0.9866800964609863,0.016820795522539716
8032,0.24345133368266056,0.9973800748370736,0.09555393869678583
8033,0.24295311199197586,0.9895862638471797,0.029500997948235644
8034,0.24271329586301657,0.9981964651775234,0.02749390152128465
8035,0.2453187271905082,1.0182346201260044,0.04998484652232701
8036,0.24461441386033225,1.0142566644304114,0.2518444915340842
8037,0.2455045927998425,1.0148325852734463,0.01989622534080119
8038,0.24341598832320727,1.0053972449311435,0.006586308314902928
8039,0.24172930296801876,1.0003967530341942,0.5363417608595284
8040,0.24023642734419762,0.9880203286522989,0.02454022102238073
8041,0.24047833620825215,1.0014497191903273,0.26492627938757857
8042,0.2446415233287679,1.042218747043109,0.0382182900221645
8043,0.25008607023550566,1.098104690343071,0.022810354058378716
8044,0.25248508914019263,1.1098612310057272,0.05903736240042602
8045,0.2536109676632733,1.104379056077341,0.026307381921219508
8046,0.25362255361203917,1.0998171970693351,0.012207723116861706
8047,0.2581660911346075,1.1415986752337908,0.025684311312875272
8048,0.25075769790288,1.0788672288184225,0.013253878897996929
8049,0.24782165292480127,1.0530521097015784,0.1320975406092792
8050,0.24763565109519156,1.037633129234644,0.05478105779366164
8051,0.24685314813778267,1.0409825355953024,0.34462432147588995
8052,0.24682606169737956,1.0310473854875473,0.006475275631897913
8053,0.24790759434982254,1.047705408009571,0.01010642357788407
8054,0.2513059724283261,1.0796283539380511,0.022344131426591186
8055,0.25678118303748165,1.1214921004487268,0.018124845888651087
8056,0.25439679337479704,1.105583894575361,0.015056299202462117
8057,0.2572624962035901,1.1220723605827256,0.013521810541650614
8058,0.25872735813346565,1.13705846562518,0.0194699282311455
8059,0.2625408419077137,1.1696437808611502,0.031054917983118754
8060,0.2583265875717346,1.127043536528439,0.013966250792141434
8061,0.2539293182011616,1.1039550950565378,0.012709844621618087
8062,0.2578509593199197,1.1474875107979692,0.024791595103907566
8063,0.25743788916164195,1.1458533734963794,0.006718472135995578
8064,0.2571383304720254,1.1414225119858026,0.02676779384289035
8065,0.2542320647526271,1.1071155431445734,0.07026661836308723
8066,0.25510271954273966,1.1009566936072956,0.10185184968407177
8067,0.2528510956581582,1.0786448961296031,0.3764984198713749
8068,0.2570615016966359,1.1070777217369645,0.007123972490500134
8069,0.2557263543313425,1.091141480394035,0.0435037998441657
8070,0.25566061392525846,1.0884322034953433,0.009098743907201735
8071,0.25436794803867324,1.0726188460422033,0.004971443378588329
8072,0.25899303320263967,1.112949894654225,0.01831425978361209
8073,0.2635675573060824,1.1520821985205516,0.0252138101070815
8074,0.2599335965809585,1.1207221068579316,0.01129468475138758
8075,0.25562074732057694,1.0885444487532672,0.03310112195829428
8076,0.25424987262678306,1.063342950811908,0.06467599918228127
8077,0.25502984041869087,1.0727560069752229,0.1434536129765862
8078,0.25804340980157114,1.0956920660590774,0.018514548532301067
8079,0.25729794641582987,1.0712351801866813,0.010078068649596017
8080,0.25405217721787515,1.0438292329753291,0.012460529285264983
8081,0.2544037409016977,1.042201919941265,0.5556352308464496
8082,0.2574570669205114,1.068070269222835,0.061602327206110724
8083,0.2553899816773085,1.0662002323309543,0.0063817105737446304
8084,0.2602547276926807,1.1136506365306809,0.03887380267171119
8085,0.2573949898917917,1.08680498767132,0.015206772625025582
8086,0.2590442953954398,1.097833213000195,0.013004786237364471
8087,0.2575103060761565,1.0826782104712522,1.5325070785153092
8088,0.2594090436886058,1.101683517498121,0.06401069978497732
8089,0.2548926048598788,1.0598065063035516,0.12386494163221248
8090,0.2532993460897429,1.040390906021387,0.23838599441851277
8091,0.25744000534486156,1.0677636525186744,0.03771368405171673
8092,0.25976211273289895,1.0822251815118156,0.0713146977178023
8093,0.25951425559549884,1.0861378095268586,0.024782988505044935
8094,0.26110122833825355,1.1045978962874106,0.18681964636514348
8095,0.2678164082326108,1.1619979220036443,0.0791440664321755
8096,0.27621046199339405,1.225104662640488,0.5584564364281711
8097,0.27347801420084195,1.2055098603055814,0.04716615694809281
8098,0.26658105085645367,1.151724887183646,0.03701869679677831
8099,0.2652401549432062,1.1525726924630022,0.0073266924965950594
8100,0.2607197767506397,1.1190627971892,0.00978776421090605
8101,0.2559016138423679,1.0773499025981843,0.008546352328917116
8102,0.2576344379906334,1.0922579114563513,0.029740630695806278
8103,0.2613163275799329,1.1265205075865514,0.01383858181630374
8104,0.25893302457183953,1.0977673634296177,0.008947149799708261
8105,0.26118720382521654,1.099313279677991,0.04872042083774338
8106,0.2578245541158971,1.0875204974981483,0.005935955552574658
8107,0.2602372484230166,1.113788508165237,0.028897895336006587
8108,0.2597067411420661,1.1116067016156705,0.10491371866330121
8109,0.26050160170972547,1.1250819929755271,0.004470175700037772
8110,0.255951013499586,1.0908667311325,0.008369286539944565
8111,0.2521483417295027,1.059641798452395,0.10589175826304663
8112,0.2528932507370002,1.0565511986821718,0.017037885181448553
8113,0.2557568607256816,1.077065253153432,1.0526714258982564
8114,0.25323602397661205,1.0677779836608043,0.021551189982917773
8115,0.25176340649315954,1.0521967896225137,0.020323977978607865
8116,0.2517997917927952,1.059957072687919,0.005547787587120046
8117,0.2544149587330179,1.0599603361455299,0.12009835371593962
8118,0.25304948384855946,1.0503437723092481,0.00452028965609096
8119,0.25447215935708345,1.072618190682501,0.007550654602935833
8120,0.25071655236518575,1.0540222326161734,0.0030886397539044087
8121,0.2510075492091552,1.0655991724721556,1.8769824829792836
8122,0.2505663134724026,1.0665261845409262,0.024139059265015365
8123,0.2559852180264493,1.1102301841143165,0.012115383325798085
8124,0.25870488661250046,1.1437683739197857,0.1827744524530025
8125,0.2626330229581587,1.1702430630635328,16.97749918857774
8126,0.2672642369760114,1.1868613115177025,0.07757458565074088
8127,0.26708291623948843,1.1824285827247953,0.018376178454138588
8128,0.27024577204994343,1.2103262387924603,0.04876995784800243
8129,0.26965656218557243,1.1902281891273028,0.15177278241236575
8130,0.27159891451611057,1.215834143344193,0.03933343124500229
8131,0.2649779790574122,1.181031247708256,0.012935131259109897
8132,0.26069232131078357,1.1393050893338872,0.009419524235416211
8133,0.2598771780943883,1.1275801865043864,0.004757249239200535
8134,0.2609647010826425,1.1419335676288254,0.013875669894210317
8135,0.2622030439327552,1.147461309786885,0.05493256031887774
8136,0.2625494495659859,1.1686440612576325,0.015257646206530095
8137,0.2602879571466743,1.1479572681177788,0.015009402776445413
8138,0.25997212770372086,1.1440651417543162,0.05293017053742968
8139,0.26873863943509557,1.1997985489358975,0.0053712622052301505
8140,0.26544885899710696,1.1752158375751984,0.011098807905977608
8141,0.2710773267281697,1.2152424022179567,0.010873788322130689
8142,0.2786670575670333,1.262264299208258,0.06003394457244939
8143,0.27424054376495,1.2363710351137345,0.04149245432213913
8144,0.2696599538386488,1.1964155809587245,0.03477421933664639
8145,0.26965319799907694,1.1973170915370008,0.018476431157129793
8146,0.2729241756061355,1.226517177892637,0.004920554031708769
8147,0.282192271288568,1.285642997665619,0.10438346041130227
8148,0.2771685011316869,1.2352695154526028,0.03143417496690273
8149,0.2808195511528333,1.2730474746157856,0.0229217965576766
8150,0.2713210387572698,1.1994371765428575,0.02185097642557145
8151,0.26579447360550484,1.1540619401029133,0.008818266475507205
8152,0.2662704200576488,1.1477647696254643,0.011867246787921521
8153,0.2646542486265039,1.1240295741222712,0.015544748398624245
8154,0.2652480130110639,1.1110123861783145,0.05396400566763334
8155,0.2650008991158071,1.1119043421627834,0.02373239428555423
8156,0.2685023873511432,1.1370861859621828,0.013652940067094851
8157,0.2651276780667875,1.1117538011766521,0.07427025425576801
8158,0.26499323481105663,1.104797727823789,0.011406446930143532
8159,0.2640855938351984,1.1083145129491154,0.0194352958349703
8160,0.26505661038980505,1.1313666381331193,0.12148046878007993
8161,0.2654115783647267,1.1338950834873418,0.1266465678883602
8162,0.26513459529458094,1.1413559195592204,0.14554437811380244
8163,0.2702418621075141,1.1887221663917613,0.00988215545018149
8164,0.26342155297108427,1.1274974428502254,0.012575953165016565
8165,0.2691225095638875,1.184353023264949,0.011514174213941625
8166,0.27306260195597815,1.2047635441031206,0.01071377090578398
8167,0.27231485571935804,1.1980832521978337,0.009671811358774943
8168,0.26927834122809413,1.163415854527105,0.0075301066824621605
8169,0.27315762856301207,1.2050213157048197,0.15539176007847172
8170,0.2718019315452562,1.1858000748127229,0.06088780057984686
8171,0.27180434976069456,1.1914324414028952,0.01734977085395705
8172,0.26652441629798274,1.1458164003829856,0.0326792483241897
8173,0.26018273130132574,1.0938516383941472,0.22970270757934155
8174,0.2610682169388122,1.0973874088203255,0.07043882503681152
8175,0.26040286302019516,1.090923679334291,0.14210125396309917
8176,0.26485673011567823,1.130593402904144,0.013634694855509923
8177,0.2627311423109446,1.1300217678294169,0.00860974736721715
8178,0.2601205311294964,1.1115105242353718,0.02702938650673416
8179,0.2624420194867517,1.126901613403457,0.060326874486845476
8180,0.26319170685912247,1.1346220363433395,0.01603882138234721
8181,0.26887468322693664,1.1719894619499882,0.0088726138971947
8182,0.26806372797099376,1.1704897896811444,0.053618059641272316
8183,0.2614705010790298,1.1129608956241264,0.042297620135949766
8184,0.2624768731408819,1.125516575948154,0.013482187989874637
8185,0.2584800851301032,1.0912078303675792,0.00864343448114748
8186,0.2583113397957309,1.1019976592944367,0.012663896846617277
8187,0.2600941237530258,1.1336094359411126,0.1163020191901626
8188,0.2661766106434057,1.1836882154265533,0.03210099509987984
8189,0.2660479275279805,1.1777753131280158,0.004302262499729902
8190,0.2611947166757612,1.1288883924578794,0.1427266233874876
8191,0.2583455213233007,1.1118372214942112,0.015889375900084303
8192,0.2543294469586666,1.0689610244383572,0.021116777311448478
8193,0.2541500133676171,1.0561112540359754,0.017009982158778726
8194,0.25288065659996983,1.062126273480888,0.048048659927320804
8195,0.25596164473323524,1.0939757414639604,0.07978354622209002
8196,0.2617672686516575,1.1461800905053001,0.15655691869531513
8197,0.2603458125164918,1.1248788159108052,0.01202394553592967
8198,0.25715758513851694,1.0926090439557155,0.04909170629116625
8199,0.25790476358915465,1.1005879358138275,0.24572235264599412
8200,0.25255646347037247,1.0659975174904208,0.021817254793129216
8201,0.25062260222803406,1.0664187647167196,0.025862561167989455
8202,0.24589594694733735,1.047210767064402,0.008212164999623748
8203,0.2485793334781384,1.0719386291346276,0.06907375132585937
8204,0.2506309226064704,1.0860106002109942,0.02439526928658127
8205,0.24868490272246127,1.0760779393971824,0.021974812801676635
8206,0.2449647758206062,1.0381056965131037,0.0065835900597940936
8207,0.2449604709963279,1.0375790166046635,0.0766229270753211
8208,0.24442401991689117,1.0332249832652396,0.058152811573419755
8209,0.2452243769406989,1.0218105330246543,0.009387560384865809
8210,0.2442003232631235,1.0247287807865304,0.039223393509126576
8211,0.24605000062113214,1.0267112696773995,0.0710553264274176
8212,0.2484614664578884,1.0513073572155323,0.01762852961284163
8213,0.2514338885468242,1.0603302291662453,0.011750816151379852
8214,0.2476284252096742,1.0287139373096157,0.016290592475645436
8215,0.24991535393487316,1.0550408762710335,0.06468023033328887
8216,0.24758859381701562,1.0339836495662922,0.2694789357245974
8217,0.248044685201611,1.0370739768699764,0.009562000068990984
8218,0.25128571943101724,1.0522944000593353,1.4855272915188746
8219,0.2498123826117676,1.0372420157283955,0.15383756175684396
8220,0.2523021317455167,1.0604436663777623,0.20050319819517856
8221,0.252303575788937,1.0727007096946628,7.519442627835775
8222,0.2539190356451227,1.084180655096171,0.06348968979945031
8223,0.25492416402605167,1.080298722122574,0.022904103704816894
8224,0.25233908967427,1.0500924399438405,0.025815278939256933
8225,0.2558353581422847,1.077314315734149,0.030982617757133627
8226,0.2576637955082119,1.1044844538738474,0.008386556786680155
8227,0.2600758704907661,1.118597362565492,0.03981080135780403
8228,0.2575019921633626,1.105631385351549,0.030301801984501404
8229,0.26386952101987915,1.1506312481975598,0.5199574904069688
8230,0.2596265662304614,1.1151742188283402,0.0298071269965311
8231,0.25654033791785674,1.0977567328770026,0.005975994442594191
8232,0.2545610011967403,1.075899562847847,0.014210121630144188
8233,0.25889236876043886,1.1063909297712644,0.021193015237401053
8234,0.2635217565984956,1.1512806474135344,0.040921625669040625
8235,0.2641052962303743,1.148713048454911,0.013598342649689732
8236,0.2634288088538378,1.1503148193807702,0.05598061900508311
8237,0.2591760327069378,1.1120958958663627,0.024481312354414458
8238,0.2604328406158708,1.1078552450345465,0.01871194545575159
8239,0.2626425769035365,1.130731636341545,0.08074090861586203
8240,0.26544752721026643,1.1586127691707655,0.02551838926267808
8241,0.2633521129838404,1.1446044315657489,0.0744918061670213
8242,0.26034625642603626,1.1139340620545743,0.014365210533803583
8243,0.26227037752552745,1.1290861595260127,0.010740979399246323
8244,0.2622074164379438,1.113917020142554,0.013457790297494844
8245,0.25987184988008943,1.0957923379346182,0.01731929141514011
8246,0.2583748333354648,1.0778690572427518,0.012661496222157119
8247,0.25912696630515925,1.0890814897059469,0.028406019063092473
8248,0.2576548533816713,1.0900459654754089,0.011150697103845785
8249,0.26296976219191404,1.1306378236461785,0.10014009369323192
8250,0.2625063690401752,1.1368574781268495,0.06739030175813321
8251,0.2644867131633836,1.1416210215048617,0.05448554636211642
8252,0.2626341712144108,1.1381895467282537,0.0038218707613199734
8253,0.25968752574749576,1.107871038202,0.019009472573980266
8254,0.2604187122281781,1.102292409779698,0.07804045715828417
8255,0.2584498151552862,1.0961603634521218,0.004601119570293634
8256,0.253298070860499,1.06190832872445,0.030442158939829725
8257,0.2542571845293292,1.0565971242301206,0.03255010748646733
8258,0.2522534546740587,1.0535698680850103,0.05107416312390186
8259,0.25551286607923723,1.075460325518587,0.017498191255853144
8260,0.25211487984309816,1.0532258932355645,0.010402825500520603
8261,0.2529341837411921,1.0643729941115918,0.022633479743879262
8262,0.2565597355969048,1.0986071228649315,0.0580792179453204
8263,0.2546990193413724,1.0758604510319112,0.007694311689671869
8264,0.25834548085808773,1.107635569146398,0.14306946818720787
8265,0.25842575873105733,1.1011104403840393,0.00740436552615452
8266,0.2638063081220445,1.1464848337744105,0.11723056593371428
8267,0.2650610740561526,1.148092573868433,0.009170957485395875
8268,0.27329476299220745,1.1903059470440625,0.004832916120150949
8269,0.27795709845506167,1.2216293094707242,0.15084505324994935
8270,0.2823655657535338,1.2707042054303197,0.07704640972212222
8271,0.2872189781127864,1.3021956220924584,0.016255932928241193
8272,0.2954726586630992,1.3554531460666837,0.0020961245361789467
8273,0.2852113317171292,1.281424412043138,0.0032055874381568456
8274,0.28264054443306313,1.2623794181386745,0.06358011602505054
8275,0.27488523396580666,1.2053643018593685,0.028774971836519746
8276,0.27008696495042217,1.1685189206197895,0.010597127822545075
8277,0.2697920266584402,1.1593002751734978,0.017960165640948735
8278,0.2669257782611508,1.1329315370803268,0.010122670466105835
8279,0.2665562260607238,1.1168989976735155,0.37218604190804166
8280,0.263314544885567,1.098367870279479,0.028151968740277603
8281,0.26329056765666853,1.0988575933420692,0.007413978196099456
8282,0.2616164006800718,1.0804588237371042,0.023196379005778308
8283,0.2603047258869562,1.0658257094943642,0.011158526404160585
8284,0.2606328149308817,1.0767011034360656,0.005835072461974951
8285,0.26239085362468656,1.09605462131026,0.01976515572350024
8286,0.2602290090040144,1.086564307121007,0.02268547908953519
8287,0.25991724011645695,1.0856781710889887,0.26591534002568057
8288,0.264528274904884,1.1200001111757414,0.01322899452843705
8289,0.2689729613785959,1.1464368270838565,0.31411905635940246
8290,0.2649186192381562,1.1163107799285972,0.008326430739949656
8291,0.26594599930903884,1.1124916627920998,0.012231751366277285
8292,0.26912717783091256,1.1212363179969966,0.3049465563654031
8293,0.26884339480962766,1.1164458617092907,0.04605411204626177
8294,0.2701890366085336,1.1283304191202526,0.01780886289600199
8295,0.27181850249626643,1.1399625374140787,0.019675247263776497
8296,0.26813385185105804,1.1190168087336922,0.03803290059630558
8297,0.2659104506760733,1.0909944880122855,0.011299699663056514
8298,0.26642728713633085,1.0841214490977378,0.04466738045948181
8299,0.2683812208428053,1.1044998219844944,0.01768975459491011
8300,0.2689423443024904,1.0942379099661532,0.031517807169711254
8301,0.271139133777638,1.1098390842338441,0.0145954184147924
8302,0.27245476810842034,1.1110503576250539,0.34391290159201254
8303,0.2750205065516263,1.1242876306069824,0.034632334310179196
8304,0.2774516872936358,1.1314419461499006,0.04742086804972722
8305,0.2760843103700603,1.1266848791523705,0.04047523394604943
8306,0.2768690781221143,1.1265719411016935,0.033839205796924246
8307,0.2738718461783921,1.1096037277729431,0.36279337455233995
8308,0.2758997758371138,1.1226972999955245,0.02767368741102341
8309,0.2767706261564909,1.123634658610103,0.01612959478598061
8310,0.2765080046199471,1.1164150587993533,0.01434298898174157
8311,0.2779843891233129,1.1243437884481264,0.029924006663607613
8312,0.281689517982464,1.1459334031493564,0.023564896612365223
8313,0.2850827944821293,1.1702645015151458,0.008452202601094801
8314,0.2840207118665738,1.1560577408215635,0.07627845869660616
8315,0.2856759928366538,1.1690256563741193,0.023543519044865385
8316,0.28555809048629094,1.1611248041308728,0.021997350706216806
8317,0.28707550423040795,1.1658571210567379,3.3454537002569005
8318,0.28926232306519123,1.181204942396494,0.1450183294955349
8319,0.2904902079546446,1.1839689144916516,0.02024430815326337
8320,0.28853856177215725,1.1896637663379301,0.010638611418269581
8321,0.2876783171063044,1.1877222327858425,0.03152680320641642
8322,0.28973023783215673,1.1862997996890594,10.318309371328656
8323,0.29306390279694366,1.1997835760470992,0.018544807101042064
8324,0.2898868258813321,1.1849583065455485,0.006985965697243135
8325,0.2866984258669801,1.1731780997836814,0.06842806647026685
8326,0.2859176628621367,1.172300362618849,0.023181728983848567
8327,0.2871004176828654,1.1846073606413619,0.010926250874370772
8328,0.28899818695530916,1.2083770012201323,0.06809644310075377
8329,0.2858262497151117,1.1938205891056215,0.004796830560794876
8330,0.28352758115266546,1.176615920958944,0.08533583804117502
8331,0.28121862134582915,1.1783090877736,0.02673315226438839
8332,0.2838601995956256,1.1939995060056654,0.003289245598609507
8333,0.2814554369547578,1.196138671085282,0.06852177870645462
8334,0.2805227784382313,1.1899583085260197,0.041438585319147694
8335,0.2840917023893042,1.224352921879516,0.11015056297492144
8336,0.2877947954385024,1.25349776933637,0.010583613298848342
8337,0.2856780835971587,1.256856891956902,0.010449913629674096
8338,0.2827736983226931,1.2332612067896345,0.007364633355314302
8339,0.2808237189040244,1.2041999061481736,0.008574567323622344
8340,0.2762968328822526,1.1654438763090498,0.021504762257084354
8341,0.2803026190521654,1.189603819009118,0.04614578881599749
8342,0.2840973272871764,1.2192878199601336,0.013777162476289288
8343,0.2842567421198476,1.2162066779204255,0.042918849215777155
8344,0.2796621797806535,1.175603855697934,0.02598169365966532
8345,0.27563746998388106,1.1522652150164736,0.04123123225443813
8346,0.27896367674224554,1.1819436024108978,0.01790137380549012
8347,0.2817129578369559,1.2129011374807517,0.051876234444785944
8348,0.2818015277623484,1.2051121137911103,0.11398401889883063
8349,0.28348781156337505,1.2318965077000728,0.05699320853424092
8350,0.2792223558109269,1.2014874902875379,0.011901229419800902
8351,0.2837627786014033,1.2442818577744865,0.06414431207061806
8352,0.2826296405084304,1.2424433528878998,0.01914971024966947
8353,0.28323387596546373,1.2303114347687114,0.01921065636352618
8354,0.284014648697761,1.2273431500886796,0.07725174308885943
8355,0.2813381905592764,1.2008314677746126,20.916290665210514
8356,0.28004780515300676,1.18807016868677,0.03655144882940753
8357,0.2801295054965824,1.177103821694795,0.07326381523795197
8358,0.2797508391776724,1.179019577204287,0.01718787595658421
8359,0.2805502815557814,1.1897258914955902,0.23294573186024495
8360,0.2819350677552213,1.2031795875844709,0.025689739682447945
8361,0.2755655842721958,1.1604520548607005,0.03578642247373368
8362,0.2787463941541188,1.1760818841093534,0.10548648128292631
8363,0.2700233768733666,1.147043595255329,0.00021452975869947182
8364,0.26819485483734357,1.1399530231330623,0.018367954569307912
8365,0.27291844504154233,1.1780153758312677,0.017622254364152254
8366,0.2752527629287411,1.2133695855565,0.0252213059357478
8367,0.27167775109899506,1.1992085674980033,0.007770774935295221
8368,0.27692754247689017,1.2287466798870816,0.09313560762502168
8369,0.27026548082283,1.1832517961135802,0.18313150386050042
8370,0.2698342709338624,1.194693719057153,0.15064647487306665
8371,0.2760907041960443,1.2474951562106216,0.07015488923153405
8372,0.2841854653110173,1.309162064240978,0.026391578122980718
8373,0.2764766922917361,1.2443663426163558,0.0078053935572722334
8374,0.28625988943776376,1.3069443993137153,0.003589846950912485
8375,0.2849577243693777,1.3014615080776093,0.007525239408829494
8376,0.28647442768853254,1.3122819354960331,0.06756051235330393
8377,0.28306897542932485,1.2873007880314962,0.0380840077051122
8378,0.28145004213922775,1.2701775788956602,0.05808508751544433
8379,0.2833595488011757,1.2887901063321416,0.012546257549812584
8380,0.2759586673572742,1.231761724509836,0.07886426135219943
8381,0.27624836984900847,1.237542680577719,0.018178152394468076
8382,0.2803666526450906,1.2632859936411236,0.042557019600960574
8383,0.28183870942611267,1.2729350128992765,0.028965872696564945
8384,0.2869374254301655,1.304964393705517,0.018750317363706477
8385,0.27940371865828006,1.2445403860377835,0.06473112210283263
8386,0.2820807158067377,1.2740532539346205,0.016228627879653335
8387,0.2803296532364127,1.2606579441762633,0.0529798063039623
8388,0.28171001401223983,1.2676084164124801,0.008917119407302344
8389,0.2859254963624925,1.2942918111110413,0.5894728788719736
8390,0.28606562096251864,1.2937821467437214,0.05537991106230761
8391,0.27947062083290697,1.24203232498366,0.0931925486568409
8392,0.28141333151392095,1.2544781620914203,0.01537224066978474
8393,0.2797022324457483,1.233184438769726,0.024306092163872733
8394,0.27432920441544456,1.1929822753457442,0.006888745861298182
8395,0.2694505551921152,1.158991428134929,0.029257344455693172
8396,0.27026691099248373,1.1640343190375977,0.028997369391628672
8397,0.2738576374688703,1.1900023758031464,0.02387794757905713
8398,0.27443480288479755,1.19437513762317,0.3118678272849067
8399,0.27587288238389346,1.2089672234299902,0.023884511691213823
8400,0.27236006128279855,1.1930545701804474,0.028067625430192582
8401,0.27578229893550565,1.2213203256095277,0.1321893962173488
8402,0.26823927007736015,1.1604908009133788,0.015076144900144603
8403,0.2752640601090269,1.2213541777945747,0.03264086295107043
8404,0.2751312213658682,1.215543759357747,0.0343657960964625
8405,0.27886739470580435,1.2433672698193057,0.06957882311956944
8406,0.2719020637381775,1.182281429644245,0.009218889568581218
8407,0.27478211850365514,1.194613713830162,0.07513918713066246
8408,0.279174237699625,1.2195687114783198,0.016699059674068956
8409,0.27504946546024506,1.1951944547992246,0.0089925105231624
8410,0.27213335826768176,1.1568850713001468,0.01303512519084094
8411,0.26954704723922257,1.1255767778672812,0.024831219083720917
8412,0.27076985173006823,1.144650715852278,0.011092663142597435
8413,0.27551951057610796,1.1839183655144148,0.07502660482400723
8414,0.2733295438888086,1.1675639382024987,0.003398259978133887
8415,0.27196445205184916,1.1574620559072062,0.018437356401386166
8416,0.2702641831241287,1.1382590337024197,0.030579847700700782
8417,0.2697745725841614,1.1354481208563332,0.044465124133755356
8418,0.2674062112888017,1.1257765503590893,0.011976281403236092
8419,0.27046682388738474,1.1484826701177315,0.013678401460461993
8420,0.27047594569426525,1.1599736346802278,0.043615625648157706
8421,0.26555019613184405,1.120570164368074,0.04350084986102069
8422,0.26693736104135873,1.144537088405438,0.02539758579001699
8423,0.26865373835318745,1.155960208313911,0.09543448419399912
8424,0.2679734738006297,1.1416318787127995,0.006798822146597005
8425,0.26526361871156545,1.1096743670111013,0.021383945892999027
8426,0.26194305737496254,1.1008936748246476,0.00026892753968805875
8427,0.26496504327556003,1.1089731846746163,0.022541490160900995
8428,0.2637107982020428,1.1075966860944515,0.02176058678398206
8429,0.2661565177617151,1.136149339549271,0.02580638053584443
8430,0.26687240835824555,1.1321218189370799,0.032087751864993644
8431,0.2686892186252311,1.1615437752349551,0.10091179697047416
8432,0.2676706300355047,1.154642878151439,0.06113740426634194
8433,0.27013016491736747,1.1875408252526016,0.13126891358052883
8434,0.26943068950322574,1.1814033925715692,0.11743163427725542
8435,0.2768602352711274,1.2403685825808863,0.006068981039522286
8436,0.27193081409697795,1.2014520802412127,0.007298038407008678
8437,0.27206920712533983,1.203927696955515,0.2811769321790096
8438,0.26903392214225436,1.1671507830463625,0.017738170575038358
8439,0.2665852381196637,1.1457162470948745,0.007757232011958206
8440,0.2644383921381444,1.1289511032321211,0.020076321106269474
8441,0.2632204117187154,1.1151158139127741,0.02734932863857274
8442,0.2641766123049945,1.1160488123480528,0.04113542722207464
8443,0.26134001735888207,1.0965709085935142,0.061453031392539596
8444,0.2603681500582054,1.0996478637729445,0.17187892279457154
8445,0.25383333385662715,1.0945355355227278,0.00016513226128623786
8446,0.25221160559894196,1.0917868964738355,0.009191609958604928
8447,0.2517771882219469,1.087006544701171,0.02406652804192766
8448,0.2531591959398316,1.1119756443127558,0.027529704748484658
8449,0.2516493718201452,1.0977758865840335,0.029310105509155325
8450,0.24935958266789202,1.0731541846116674,0.0918430502954694
8451,0.25137301236864534,1.0780183619163053,0.1033854646040919
8452,0.2520687534369318,1.0739296791082198,0.04043998023299848
8453,0.2524623290744731,1.0860450523690466,0.03937843153835573
8454,0.25546358696036386,1.111567734075461,0.016943033000069267
8455,0.256149276694256,1.1198081642717606,0.3924036739311911
8456,0.25727041453510546,1.1248964360242446,0.024323843469215508
8457,0.2564542272388492,1.1075778988337905,0.18760757578326087
8458,0.2568533593475109,1.0961529000466037,0.011037351001772581
8459,0.25554407861551875,1.0928310677845257,0.04021007277485112
8460,0.2525659330522079,1.0834670637621329,0.25263217605057076
8461,0.25556523415726634,1.1034152101596513,0.01336219947426673
8462,0.2553454977129,1.106109636087938,0.02388625042118216
8463,0.25587815198511604,1.097526603789426,0.006931026638764424
8464,0.2563077698522648,1.1047964546426918,0.004274963272819553
8465,0.25308061462493653,1.0782018783960081,0.018963033168872132
8466,0.2543193454341032,1.0857436908047289,0.019969867868566304
8467,0.25411363049810864,1.1020118198995226,0.023422158916753925
8468,0.25596910506236764,1.1100429928014799,0.02366958600830667
8469,0.2526023003333358,1.0884704233432847,0.018612288032942723
8470,0.25730158330739095,1.122303229301775,0.01801808400313666
8471,0.2601973261705023,1.1421713459315814,0.026275811397808966
8472,0.2597316404067305,1.131041752384104,0.030722078033905486
8473,0.2577946049319391,1.1243855994127425,0.06772998899831452
8474,0.25972867162660646,1.147954293462581,0.0063921902873593835
8475,0.2624192908962635,1.1830476009752098,0.027870735876599485
8476,0.25925975633893583,1.1481649424852325,0.021071066598651662
8477,0.2588075753044964,1.1459582066265377,0.016103644046945347
8478,0.260077316877077,1.15889532052295,0.043116439825225616
8479,0.26428641624290833,1.1922762572023655,0.2210939401133267
8480,0.25877205158231137,1.1586818970999486,0.019144582872858477
8481,0.2646773328695484,1.1950592017352089,0.048269432988672506
8482,0.26074806984028187,1.1662306268106937,0.020680606999141288
8483,0.2594503138129723,1.1537412879432678,0.023700915563495868
8484,0.25311393426606954,1.099356738385881,0.007027773270010588
8485,0.2572962359146724,1.1379939349007595,0.03548658380352654
8486,0.2525702982285703,1.0930131671998604,0.030430032108954484
8487,0.25419979490291816,1.1024226187297523,0.032215700902288896
8488,0.2526965571925945,1.083508811940891,0.27286329427317496
8489,0.2513743310422371,1.067665239107992,0.022042228260254756
8490,0.25352042696670474,1.073498343157385,0.037457465779086464
8491,0.25715950553317596,1.098848015216408,0.017143159221990556
8492,0.2586865553740257,1.101659001328615,0.02710803786640925
8493,0.26155832640048904,1.1195134785482064,0.15081747799487422
8494,0.2604880279577762,1.1274954938095427,0.03394456178699934
8495,0.26016996094843026,1.118629316279814,0.062304849563103344
8496,0.26657744378569426,1.1696137867522514,0.027463447982442664
8497,0.2653298697782774,1.1586856464088584,0.009044247178723586
8498,0.2630469038355258,1.1431073982434665,0.07648858300732478
8499,0.26502876804397196,1.1611094883290312,0.03293110983171027
8500,0.2666224811457819,1.1594905699776943,0.03791035195790577
8501,0.26504938322399385,1.1475541689327884,0.01666657109632577
8502,0.2628597848451324,1.148400401126552,0.014577565867897263
8503,0.25987891712978345,1.11515203243259,0.06071089735559366
8504,0.2601916138729647,1.1124659608991772,0.2043294633924899
8505,0.26188985340283727,1.125087100419599,0.003486486563212707
8506,0.26340937888099314,1.1319177883235538,0.772268580208517
8507,0.26476095803467936,1.1485701530842833,0.024945687018826847
8508,0.261233019836097,1.1195098025065426,0.06231695001873591
8509,0.2643425721274408,1.1506778022361352,0.03808735712003308
8510,0.27119298608047915,1.2021664077189216,0.2871265825784815
8511,0.26550966874244286,1.153701256285328,0.009891417523110459
8512,0.2709156723140917,1.2047617403527269,0.9206767348103736
8513,0.2717871530988529,1.2185617068819905,0.05815137808627674
8514,0.2691448035780391,1.2074145609124005,0.008815467132508283
8515,0.26648380021716894,1.207132958396463,0.0473481046105219
8516,0.2624504679973496,1.1769834653409987,0.0036513992552001757
8517,0.26547472481361634,1.2045640289946666,0.05875696445866941
8518,0.26439785429196555,1.1926035697170665,0.013559578962529996
8519,0.2631526956503929,1.1707598522427192,0.043366903712616825
8520,0.2628500057029133,1.1697259937951323,0.07861116946963861
8521,0.2684855569767601,1.2177037654725777,0.1161650313652306
8522,0.2736275707578096,1.249134753282257,0.01547672138611227
8523,0.26799757786020795,1.2052070647960675,0.38512237645189795
8524,0.2725235429196576,1.242393194632229,0.5352002287760678
8525,0.26951518165366006,1.22461516281152,0.014641998218904025
8526,0.27024282544788153,1.2261406747305121,0.010462414527486733
8527,0.26818552681860014,1.211803069940498,0.024162070503401748
8528,0.2644250610573159,1.1701467574429611,0.05423745800435448
8529,0.2639775997820835,1.1665766329863312,0.0128310552230025
8530,0.2622739802163558,1.162879786089849,0.11285905515033097
8531,0.2688396439669575,1.2154145048012235,0.02402989593508191
8532,0.2604227972759992,1.146771485548266,0.04442037899378896
8533,0.25530361908373866,1.0984751003542401,0.01592130526388403
8534,0.25719071013559386,1.1038377299356736,0.026050181313520465
8535,0.25379997031085,1.1065615800464315,0.0002680510581356463
8536,0.24838540380482846,1.0803189167778484,0.004694239665500409
8537,0.2508995872104648,1.1065993141741037,0.02529968107524636
8538,0.25344093325784084,1.1431995565289907,0.04470756713686809
8539,0.2523315727230084,1.1396810607771974,0.13788885253451763
8540,0.24525157765900077,1.0819625676518525,0.011813798249563918
8541,0.2503484983652155,1.1341184371273292,0.01805646091098606
8542,0.25223767781081907,1.141842012085496,0.030325715746073418
8543,0.24700774745793858,1.100730303694062,0.1390201226442698
8544,0.24307491926222927,1.069565407110867,0.04603047685837768
8545,0.2429723171490915,1.0787268207757477,0.07969762396296975
8546,0.2449254423431157,1.0951167711158094,0.16710292886708053
8547,0.2448121981713954,1.0909575397942999,0.2228006104991477
8548,0.2438893780708153,1.0817539858314433,0.04433508326931784
8549,0.24931675719391366,1.1277361303903808,0.01085298136134975
8550,0.2457420358102733,1.1008521293010887,0.006423198275740778
8551,0.24491444789604505,1.0962969296714158,0.04189996341562923
8552,0.24880389668981348,1.1178587211227986,0.02206019568640397
8553,0.24788519478119583,1.108787666460083,0.02625285908659112
8554,0.2512698147742625,1.1334232884285618,0.0047429322092089965
8555,0.25437040244179415,1.1567369262015452,0.1467448529172471
8556,0.2496671444196682,1.1220579819700651,0.09061987512533756
8557,0.24381418694278967,1.0726891123084963,0.1001684081816084
8558,0.2398633197066983,1.0573890712898355,0.0628174639111104
8559,0.24164053409719832,1.0893280741239815,0.056471745643360244
8560,0.24520387498891377,1.103824094476994,0.031122851192787123
8561,0.2424450462115967,1.0804630035887266,0.005888832381749041
8562,0.2417173857438975,1.0600937205549534,0.015698075129086445
8563,0.23878934805708152,1.0340179457161118,0.011546990660058997
8564,0.24105712426830214,1.0459796644285089,0.021290629661920524
8565,0.24200693038879514,1.0545875533456044,0.011127367342514705
8566,0.24152449031945453,1.053779452434422,0.8051421856950638
8567,0.24509188954197078,1.0906277182752095,0.008686208803838635
8568,0.24814863717855887,1.1198503387465106,0.006329120799897943
8569,0.24180665562148596,1.0667600956979864,0.04175253955162663
8570,0.246119438397015,1.101980219262504,0.06830584050829905
8571,0.2490049976157921,1.122065292823029,0.06858933350920557
8572,0.24870027070331763,1.1217312916951128,0.06136730823784517
8573,0.2446967220716207,1.0793713315990783,0.011216179481653342
8574,0.25347573621719893,1.1405645818991603,0.009132421722433044
8575,0.2508077210034059,1.1058821318234053,0.0672301337419493
8576,0.24664031889989205,1.0776576799008135,0.01890750161072349
8577,0.24696809785911356,1.0621551579813073,0.020601725758673528
8578,0.24863804364057618,1.0655026828574377,0.04506367558203849
8579,0.24884924711680786,1.0725059982388259,0.015841047182583987
8580,0.24547993871504742,1.0510533322317754,0.07435299242166887
8581,0.2473866330847111,1.072062169315071,0.016502121879323883
8582,0.24806106295818273,1.09137229582916,0.0253310064365093
8583,0.2487120387505892,1.1014744644298848,0.008784691393929072
8584,0.2466271834190905,1.078648692534807,0.01032122504302367
8585,0.24729893309062784,1.0694699102440175,0.02650791001242951
8586,0.24965672195382851,1.0884159702251996,0.013297195726563233
8587,0.24942952290606119,1.079806774455706,0.03612174508550719
8588,0.25201590500612037,1.0992805143139617,0.041789238560050165
8589,0.25699542593346736,1.1299996799694756,0.02008890234600373
8590,0.2570045163947097,1.1365686115853624,0.01557849160234961
8591,0.25719629750025425,1.142021205758989,0.01836975851435708
8592,0.2549832760809368,1.1142852812778707,0.0037924057274117055
8593,0.2536195178358258,1.105527905517712,0.07936865191516522
8594,0.25575110509805477,1.1040335953521199,0.03374227625954924
8595,0.2580689107933427,1.1021421550949906,0.040376012866975224
8596,0.257433567072957,1.1109224767445587,0.009702460969766786
8597,0.2589426740438981,1.1331311537396058,0.0067662318899645935
8598,0.2593343271684531,1.1341609665293289,0.022244994426596117
8599,0.2584971295665092,1.1300226419179262,0.020101212354791214
8600,0.25943832784057785,1.1458927837750328,0.030357001910830496
8601,0.2557265004206819,1.1056789596267227,0.04349079798050549
8602,0.26060135359657255,1.1466602717842656,0.0190402603214747
8603,0.2584690348729387,1.1152869404225176,0.07626795552900899
8604,0.258713479619936,1.1083076236373,0.024971400290920397
8605,0.2575686367049571,1.1111883109640408,0.033171617032744107
8606,0.2564663882917616,1.1132908536140607,0.016454802682587668
8607,0.25841171311379685,1.1273929317226354,0.007385232312324031
8608,0.25728824500480807,1.1175261923373432,0.024895591625045968
8609,0.25460293003866996,1.1052242676706263,0.1392752611103098
8610,0.259004854547361,1.1461502915389352,0.036371075971691494
8611,0.2549452060944103,1.1038554911043503,0.01595580104877885
8612,0.2556127746754634,1.1165137772292226,0.37882152607033787
8613,0.25582755375295174,1.111470113236662,0.02037298744986317
8614,0.26034788380699536,1.1453583314201095,0.03194846216011758
8615,0.2559601873421876,1.1218851387072761,0.017078209464964526
8616,0.25188173944901193,1.0963623506767626,0.05753013805697028
8617,0.2553112976694998,1.1226281885238232,0.013012124567444517
8618,0.25787923865992535,1.151510266971504,0.012593596396544877
8619,0.26203681207089846,1.1880727226480798,0.028606636050168683
8620,0.25997914580943104,1.179910298435798,0.008558663967695763
8621,0.2582328748144277,1.1668101020545252,0.021296837001454436
8622,0.2602067621743782,1.1780386764598914,0.027769723021397238
8623,0.2659130208585026,1.2111356651559506,0.03452421980601127
8624,0.2630001875396102,1.1875069723478187,0.01573832570738322
8625,0.2676579373745617,1.216763765658964,0.0405994544010026
8626,0.26635650368142055,1.1944938645307082,0.07421839618180857
8627,0.2720729217277719,1.228676313476176,0.007047542290384719
8628,0.2701772714453988,1.2152275565159787,0.022700639901099374
8629,0.273927536989021,1.2517543471916595,0.021868483534844444
8630,0.2775440310089655,1.2785679761624653,0.06850534951941989
8631,0.2703073054491254,1.2254437009122507,0.03626009708579203
8632,0.2681875176693629,1.2130442281258658,0.02032749853206193
8633,0.2657349639993388,1.1875513188708995,0.008416612277175693
8634,0.267893286449607,1.198231819169901,0.0477195430131983
8635,0.26948438841228073,1.2079184761250348,0.05676458226720783
8636,0.2722948728013875,1.2251234402051703,0.14882130496151127
8637,0.2735883507391977,1.231171305256644,0.026864982049980658
8638,0.27605837600668903,1.2404139058309323,0.1159731204675568
8639,0.2803002954186056,1.2719871074074045,0.094037049821203
8640,0.277925886761019,1.2555665652293337,0.005518868156883618
8641,0.27797180265612814,1.252958969585679,0.03670468145586226
8642,0.27412027205740414,1.2241784313602244,0.13106992909119777
8643,0.27594408467945397,1.2214247285970734,0.3513713225074121
8644,0.27377218492605476,1.2133759459761218,0.009671606641410478
8645,0.27048921800310544,1.1822393401702782,0.00669652774928737
8646,0.26663181886540316,1.147678223646283,0.034527431510976515
8647,0.2646967301165632,1.1250002419138945,0.053019202709030044
8648,0.2609271107249436,1.1122031723383479,0.016024070584448206
8649,0.26411883353906335,1.1373759612356,0.028296767295472623
8650,0.2649870293660029,1.1537016638143325,0.022325496023088136
8651,0.2660014540685186,1.1588584232326824,0.03374940814440843
8652,0.2680006353934635,1.160863093532287,0.012627527479006384
8653,0.27103329940761883,1.1906584909445586,0.021378708697443967
8654,0.27604203450369436,1.229237363894584,0.02513551980702689
8655,0.28379187881897766,1.2825706216731563,0.09880574707871163
8656,0.28256032039309575,1.269920795629363,0.2456135376484096
8657,0.27495053596689284,1.2177456120144012,0.07592948612934637
8658,0.27297856364352735,1.2032830688525833,0.03229373566799019
8659,0.2734020499706544,1.1980752779494865,0.028464401079095827
8660,0.27755226135425054,1.231211229420215,0.02404244498549681
8661,0.27574108926088625,1.2216312817992945,0.004860252744541038
8662,0.27482172181543507,1.220712366671565,0.003696021331954694
8663,0.27485023235082806,1.2196784880727696,0.029520243650623345
8664,0.27823612900978006,1.248188088883566,0.09406923776948448
8665,0.2824318625964152,1.2642617676340038,0.058553707706863696
8666,0.28170636259850135,1.2594853196245421,0.0381819185368183
8667,0.27781519126026355,1.227991881294833,0.04193116500757062
8668,0.2750784065921405,1.2078595754900687,0.020444569459306738
8669,0.27689295756155674,1.225144889992729,0.017959343697317703
8670,0.2765267498594104,1.216951881277959,0.028188247176521516
8671,0.2837307361988205,1.2525735717321806,0.7007053242776345
8672,0.2847937666279636,1.2521839280190032,0.01477501300636441
8673,0.2801861347273167,1.2407207767247486,0.00027448283039079914
8674,0.27933540323780304,1.2285505455421886,0.019851906103059185
8675,0.2771376788136015,1.2028133570807966,0.06760449085661563
8676,0.28132142996844617,1.2281775447678336,0.07102567351346668
8677,0.2839073250869438,1.240195876181171,0.14136221421492287
8678,0.28032739165581866,1.2154315150426624,0.011111147175562395
8679,0.282353629563541,1.2137546422732524,0.02465524334866032
8680,0.28435051634732944,1.2138344133572332,0.1572456142364635
8681,0.2858630739629154,1.211280943420564,0.046039210658212704
8682,0.28730755368458716,1.2158501398827806,0.012641413713494544
8683,0.2838011970817096,1.2040903662934832,0.019513425413837483
8684,0.281580302133658,1.1960499769446735,0.023426584680265716
8685,0.28598122693310585,1.2172907016239933,0.1405716569637787
8686,0.28428656877282316,1.2058768286908308,0.01854308918302965
8687,0.283622236221763,1.203177677208986,0.056555083435781216
8688,0.28143023040933807,1.1930567078118464,0.02779767910287418
8689,0.27755161348526525,1.1830885025230962,0.05215647541863148
8690,0.27617511327182137,1.1882223158474103,0.025793420866009154
8691,0.27271476932187,1.1649867918851076,0.04807635115185681
8692,0.2709102406732983,1.1557588755478168,0.08045693066371364
8693,0.2720096292376692,1.163108538618849,0.010702919423450032
8694,0.2715772444788373,1.1686340297971853,0.06037725383732273
8695,0.27076300392058916,1.1621118788345206,0.12750051246762803
8696,0.26925580833776325,1.166590821819537,0.11435030141968995
8697,0.2712605081113657,1.1772418617374365,0.09309268453415326
8698,0.2630382674680825,1.1578352379691108,0.0002496739472911924
8699,0.25986888344990566,1.1410623932417625,1.832499496998186
8700,0.2631895517840187,1.1604592634998634,0.03679976659944781
8701,0.2610332073963155,1.1444744856864961,0.04597703916639333
8702,0.262409961509224,1.1664461586483101,0.02062979737436428
8703,0.2600413892544906,1.141157142164949,0.0375368380597909
8704,0.2637379723594225,1.162585014211116,0.01426179214988996
8705,0.2621430727478115,1.1614111637290698,0.0019316606025245766
8706,0.2647404424147524,1.1758804747315104,0.13871052793433208
8707,0.26407043473396274,1.1675537102894271,0.008891474946481086
8708,0.2681709304392338,1.2041018216151844,0.04055349901087406
8709,0.2713339699550309,1.2351375816128887,0.06604056369914327
8710,0.26541887782404666,1.181941737643769,0.01456335941106974
8711,0.26304931883468907,1.16153643480529,0.037734897730833605
8712,0.2678109715150613,1.1972912940963218,1.3194962838673605
8713,0.2714085563933031,1.2389284343262148,0.010239954726720927
8714,0.26456707893390446,1.182861631807831,0.00981960654643685
8715,0.2668160313941951,1.1979161040420232,1.4900741216227023
8716,0.2643610962373363,1.1823519509141869,0.09412051637965956
8717,0.2690734932136903,1.2263766474291316,0.02075484543325908
8718,0.26599505176142973,1.2081644827859088,0.02277131887998315
8719,0.26553584514961487,1.2066600470233055,0.010714050032703036
8720,0.2710272216996045,1.2545331475505326,0.019579999778439525
8721,0.272557191222911,1.26643660759782,0.014868202049195438
8722,0.2669422490314979,1.216674785017916,0.02904180275709592
8723,0.26142522577208943,1.1693327488456036,0.008499283960993234
8724,0.2605347476864217,1.153555625385314,0.009570648593092843
8725,0.26085774971300313,1.1648157836317858,0.04170865463989623
8726,0.25780697155437243,1.1290255027088436,0.29555163090869113
8727,0.2610551885167562,1.1490293949927781,0.0803691564506015
8728,0.25865790685551715,1.1337834994211582,0.01675505647972021
8729,0.25696550447241284,1.1100247245278705,0.02661076905871389
8730,0.2573716900812558,1.1221912879814855,0.010055720068407914
8731,0.26079561506810245,1.1546173177586203,0.017472650338633943
8732,0.25684487353514046,1.1195405521757729,0.1947595773580382
8733,0.2574141220220142,1.1088812927327236,0.027647918744693443
8734,0.26185900344654733,1.1429785471228155,0.1876542074369753
8735,0.2646417220966882,1.1485245246394609,0.02974914044943828
8736,0.26173313060573217,1.1297535782110633,0.013947784329594582
8737,0.26213787395263494,1.1430063112442381,0.013872114278101885
8738,0.26676393385604047,1.1729992442049828,0.12353943251526577
8739,0.26181567260155497,1.1385196164061073,0.038763309058191385
8740,0.26023868575648795,1.1155889366817393,0.2914769236033216
8741,0.26141514824038414,1.1184407906835632,0.005769316042545486
8742,0.26046823870254604,1.117929603010955,0.030791824025767585
8743,0.2619989672028639,1.1242002362126886,0.024852731301661955
8744,0.26617166709891354,1.1553314080307362,0.022138643285180313
8745,0.2613681591412246,1.125473548479617,0.02407395182515956
8746,0.2619453678617164,1.1395529554643389,0.05387678648251304
8747,0.26358824037071377,1.1668869715059176,0.04028831832067919
8748,0.2687605333748407,1.205896751157432,0.005456663477336406
8749,0.2723358174724188,1.2317850833081547,0.0320179777138614
8750,0.27053861287305386,1.2179308271714608,0.04782723927609878
8751,0.2778959787848691,1.2784638618614323,0.0405002025666866
8752,0.2795713527036622,1.284929774920554,0.012347838044230574
8753,0.2872261154401236,1.3345252119324211,0.07485417054419537
8754,0.2827768794460611,1.2904965612764219,0.007976397775987566
8755,0.28383868765894155,1.3034575849446097,2.240239003660479
8756,0.2877169767281731,1.3310131642250729,0.039082170032217665
8757,0.28919317270459005,1.331205290853277,0.03330550452754867
8758,0.28682046744706496,1.307413450342802,0.13693519792341657
8759,0.28280327691787177,1.2812020087902345,0.032497687194265844
8760,0.2786474825293707,1.252481239354045,0.022712411204718497
8761,0.2746626216786353,1.2136209420413775,0.00926953769124683
8762,0.2715049705173604,1.200890421963326,0.024358604082658344
8763,0.2695723962806701,1.1886745816479436,0.0298618559308514
8764,0.26948188868139095,1.1890223729699567,0.022462512151073245
8765,0.27024942406999014,1.1999091257416996,0.011595035988080588
8766,0.26871864555157576,1.1832504899691962,0.06013272350809086
8767,0.2702465343223839,1.1732410719466075,0.034169139423393564
8768,0.2725515703943119,1.1987878241072853,0.00906440379747767
8769,0.27302896183232667,1.1998810145000505,0.025576625413873448
8770,0.27506583344767116,1.230416016806677,0.02516292489182267
8771,0.27654348252641014,1.2492953098959765,0.032713496417587216
8772,0.2777832297157711,1.2562038921474623,0.013837736705585158
8773,0.28604542271255806,1.3126941257909688,0.07788365650869054
8774,0.2796139271079969,1.2598264542828468,0.007216656817059403
8775,0.2790575871904087,1.2620700613965044,0.02030057026392054
8776,0.275394536798921,1.2362145016411425,0.08069878811214934
8777,0.2720230933619372,1.2144099982880963,0.14993130610876504
8778,0.27814800719462984,1.2688384705758833,0.04050693039890825
8779,0.27120940060028775,1.2108918400240938,0.037237540389067375
8780,0.2714090972722849,1.2167891525071606,0.04947027493501319
8781,0.2786344444870961,1.271749829211112,0.02090095827714506
8782,0.2855484283986441,1.3159405222294749,0.027471615364307443
8783,0.27899756811622806,1.26343003726204,0.008745534707894551
8784,0.28406702654377836,1.3143065050124858,0.031240694250058883
8785,0.2752609673609165,1.258972478008253,0.003687504224972018
8786,0.27510987918113244,1.2554668453496531,0.051180371581807674
8787,0.2680541846076479,1.2023438096000636,0.01956126593487468
8788,0.2745287300679504,1.2548556989925148,0.029719806599236107
8789,0.27743495704940235,1.2654955351771928,0.03913598083100588
8790,0.27898369360397196,1.2800807213382428,0.011194516196369396
8791,0.2749589188784715,1.2480580695901635,0.08446042722207459
8792,0.27172082972685097,1.2309752557954419,0.06414525346353736
8793,0.2758183200521029,1.2708331232031302,0.038596846229023665
8794,0.27002050213871154,1.2276114444644601,0.062341460855665075
8795,0.27171326146929875,1.2358709993338812,0.008436385872015974
8796,0.26804482825201603,1.2161143173631699,0.01708194742630623
8797,0.2706339003485422,1.2377430016818893,0.013359828400953965
8798,0.26935026531717265,1.2195535376621374,0.009668202023327133
8799,0.26150104705912103,1.1802608744724363,0.04567288095208127
8800,0.26036091565489006,1.1645516345107574,0.2632932929299343
8801,0.2645760319383775,1.1872769978154007,0.06428335573251309
8802,0.2611539507367603,1.153707117018991,0.07688548141058865
8803,0.26396519006617275,1.1834709483223356,0.0250423123668554
8804,0.26628979714999984,1.2035667326446613,0.030306931045882314
8805,0.26902942750404335,1.2147094444230677,0.10674916992711625
8806,0.27107679301733084,1.238964307544244,0.01788085201287967
8807,0.2726563032854035,1.2574877006224405,0.035736478869712394
8808,0.27283208394113834,1.256209698464495,0.01453162595465185
8809,0.27829059882643253,1.2983807840108184,0.06217684682010432
8810,0.271927330730684,1.2495779837372716,0.03996062982073934
8811,0.2707990027954708,1.2585474580662765,0.0002655623136352981
8812,0.2738021015731124,1.2852180504077602,0.04108268097656072
8813,0.2784418600184147,1.3183660167811468,0.25019871207330713
8814,0.27701521110586835,1.2976991499124428,0.0275099870498431
8815,0.2743591309128431,1.2786583951758292,0.03222724669220825
8816,0.27059435854399083,1.248401674409494,0.007003916781345354
8817,0.2778218510463334,1.292056784561555,0.5809988837593136
8818,0.2697996887611668,1.2419703810885554,0.11315334850926112
8819,0.2646376370429695,1.198794332263962,0.005446862726507314
8820,0.2598348130045862,1.165830143236932,0.011497894887333205
8821,0.2598848128437395,1.1570457091981792,0.03288506763879914
8822,0.2592732054747962,1.1413675067204117,0.7321463709557573
8823,0.2593047883028062,1.1503905681366302,0.013625119018780829
8824,0.2591746178352842,1.1545844045780118,0.060355852243110554
8825,0.2622107703652979,1.173208638044627,0.06468131972522256
8826,0.26097487886129694,1.161984394497955,0.021703263275101862
8827,0.25858553655063626,1.1386826392852791,0.0237473020846372
8828,0.25729767562690425,1.1373964720067473,0.028798399846154184
8829,0.2503389723747417,1.1033179344694541,0.030738152386360344
8830,0.24985026355371207,1.1109124696422121,0.010555247789219126
8831,0.2517435752101564,1.1331837130489621,0.026594003552951884
8832,0.25251860437475177,1.13867442958245,0.01750999828680913
8833,0.2565204254323299,1.162062597550459,0.09594498639399948
8834,0.25512285872097923,1.1399835776748517,0.010000932697891334
8835,0.25509252497457047,1.1430210420959794,0.04843031170995625
8836,0.2525212584478463,1.133955000221975,0.005732683596073796
8837,0.2519674177031826,1.1292797368709704,0.030926608517201734
8838,0.25084024680098416,1.130641937483972,0.27451561879504977
8839,0.24988334762230108,1.116888121504292,0.030819284508825838
8840,0.2503705810619282,1.1267833063723218,0.02348330750615782
8841,0.2510618297768503,1.1243075799056799,0.014030938665100447
8842,0.2512131901841709,1.1281884347026359,0.011612890009457125
8843,0.2539227555498252,1.1414687007953883,0.05478028504629808
8844,0.2572493134573048,1.1579412096479593,0.16532623719387657
8845,0.2548813401295996,1.1491182525457422,0.014133818478912537
8846,0.2556430581504968,1.1576318790648696,0.003434684040239494
8847,0.25747019130385235,1.1725993639014576,0.0165727177486845
8848,0.25683190837328485,1.1573097656514089,0.07315559212878103
8849,0.2570753223395086,1.1530570052433025,0.019934760257854928
8850,0.2600825403642287,1.1753187236606957,0.011858087413171925
8851,0.2652961439893039,1.2119647341588817,0.01057116851807533
8852,0.27091081803166844,1.2614503093207348,0.3648120170580853
8853,0.2739654720757157,1.292936488315159,0.23158110250591618
8854,0.2726799701246634,1.2762261039764324,0.037257969984928994
8855,0.2740596815792438,1.2898320987935346,0.01708429061084933
8856,0.26944529687760516,1.256512771959895,0.013465122397086424
8857,0.27428369361336963,1.2832453986137127,0.004796377853861375
8858,0.27269898434928996,1.2733203836509737,0.015316980163387657
8859,0.2722544448091072,1.2849932532944424,0.042227632829966874
8860,0.2691181395114103,1.2783454405943082,0.028161798161208004
8861,0.2636282458075835,1.2399709724492194,0.009150037574591735
8862,0.26195070804075365,1.2331957397116953,0.010099285460219168
8863,0.2694162651044284,1.278062214737939,0.07297548676236681
8864,0.2785666688761416,1.3337209141093143,0.043512201302528045
8865,0.28441812985767,1.366157396487918,0.37013546787792817
8866,0.27933193237099796,1.3258658518865718,0.019973139198631175
8867,0.2889454986727883,1.3909343657640123,0.051531970226261846
8868,0.28359808229767136,1.3402582695957284,0.004704075952133694
8869,0.2840124078435507,1.3378996655829385,0.017527884618212107
8870,0.27771215184950704,1.2912631374954568,0.007766455714601234
8871,0.2808398166556592,1.3121460549635362,0.010004385801086167
8872,0.27928299559966135,1.3065189863104087,0.04155594053620609
8873,0.2692103275154613,1.245878771425736,0.019957481624697425
8874,0.2740394407498214,1.28863535704139,0.02257686868833412
8875,0.26829252413219107,1.2545430010620726,0.01003824062441603
8876,0.26220551770974815,1.205139289264485,0.05213215293417599
8877,0.26916794685743034,1.2575816887521487,0.019311365913934987
8878,0.2723671634331303,1.2777193495479213,0.012486140933979836
8879,0.2668219609223112,1.238753448138345,0.028526073232314524
8880,0.2669891825740903,1.2268482542080048,0.026856692687973523
8881,0.26665077754132654,1.2321080305929686,0.015678765243378977
8882,0.2680515764092668,1.253041324040218,0.00516302991289923
8883,0.26422520635095015,1.2279840711320453,0.009102251615777608
8884,0.26681009691128743,1.240002642200815,0.014001208005897605
8885,0.2701034749645052,1.2497130925357984,0.06077978360256525
8886,0.26866884171028815,1.2413583253763538,0.007876926043876298
8887,0.2690382143280262,1.2567240101160113,0.0316557512110223
8888,0.27068466851478623,1.287162078569968,0.6842380025629187
8889,0.2629650837466344,1.2232852553951858,0.03501974710307231
8890,0.27082964056429665,1.2862323294517448,0.04310941213505999
8891,0.26584540135590745,1.253747394330526,0.054703672685773044
8892,0.26143765475727726,1.2320501875344971,0.0024792857610661926
8893,0.25649135373180854,1.1919674326642338,0.013320167036479685
8894,0.25528781962436475,1.197370998003177,0.044253361808964185
8895,0.2601367153868919,1.2356123294114147,0.10172109849546841
8896,0.25516582727660275,1.201150141806932,0.0119283938181556
8897,0.2592460348270694,1.2313675326436058,0.05551703952668842
8898,0.2560305972319306,1.1941958026760524,0.012041554535815287
8899,0.25196340300071546,1.166039185407306,0.12296041353212787
8900,0.24736483164636516,1.1268268043340177,0.012826956466189973
8901,0.2484538239499657,1.1237933798758644,0.018597812252616263
8902,0.24906708943548708,1.1138804038513541,2.0547602527644675
8903,0.2326080545421129,1.049608576125023,0.00010135451032340745
8904,0.2333132289848447,1.058845191480938,0.008819365454506591
8905,0.233738733131847,1.0478977047649602,0.038635521429521785
8906,0.235633207452721,1.0607075441630855,0.018039078332711126
8907,0.23471457943531146,1.0552051200584294,0.020842103693487445
8908,0.23744589220382578,1.0768379922405151,0.14274560405900857
8909,0.2376844037546605,1.0676551117362634,0.022203585972758382
8910,0.2353907743518347,1.0633358566061348,0.003770150554800826
8911,0.23400480742454963,1.0630071127489757,0.018132136097470095
8912,0.23149319585315606,1.0520459705115577,0.07041434134678794
8913,0.2339019577921392,1.0816594623545697,0.020412799132405943
8914,0.23870019242876603,1.109742123495865,0.5932183000308174
8915,0.23562888870482618,1.0791447323541923,0.45517520792001476
8916,0.2308423994800996,1.050397787563357,0.0871447108364977
8917,0.2311222806733591,1.0593248495431886,0.03166603660468773
8918,0.2341520660222694,1.0735663423870885,0.036470203840044756
8919,0.23798588984190847,1.1077475671009802,0.035150829461405145
8920,0.235477148779991,1.088796538545475,0.004985643070023812
8921,0.2361455894875808,1.0969691770166756,0.045946513521515894
8922,0.23393766705409744,1.0683721749179311,0.01472677868209197
8923,0.234480786521964,1.079422582072801,0.02247602446484434
8924,0.23400820354510182,1.057649289543153,0.033301962884050594
8925,0.23180073008306026,1.0401475503169748,0.0068603621876497795
8926,0.23285480322021526,1.0623603411613347,0.01948315504182444
8927,0.23175766252278798,1.0420465647209456,0.032612422669371664
8928,0.2349826235521665,1.07674211705455,0.023101282988532243
8929,0.2308182903031832,1.0362396199707211,0.4151892890064899
8930,0.23025867636131941,1.0255335999717485,0.008096235603387427
8931,0.23176934742283328,1.0403263719013927,0.017886225342804606
8932,0.2305464207501966,1.0466112753615868,0.00197220646827778
8933,0.22913647153742456,1.0432258857891268,0.003920149881389652
8934,0.22846402046268136,1.0241387129741324,0.13925105251005276
8935,0.22691152995418037,1.010264116628125,0.009971449677595327
8936,0.22742843824123157,1.0102508596446655,0.056637824998734994
8937,0.22811527165929235,1.0153632628481075,0.022472137072909182
8938,0.22878919409709114,1.0267983233585725,0.006743980243877679
8939,0.23073526662910282,1.0552521063897216,0.1370316628066255
8940,0.23168764476671258,1.0647421466807157,0.027469320268678255
8941,0.2333516640219118,1.0886652487819353,0.371025995353282
8942,0.22962402168393625,1.0434500274899594,0.01802065456505706
8943,0.2328727539423289,1.073047914714319,0.010527000701591398
8944,0.23087633258662132,1.0521637916330409,0.040564776535285216
8945,0.22859841491397134,1.042798387940252,0.024036154807290877
8946,0.23289857182540313,1.0732293521962126,0.004813377808700847
8947,0.23359918390746978,1.0788219111208315,0.09065307561505337
8948,0.2328648279660961,1.0770378311453925,0.016032979173528465
8949,0.23233535430362398,1.0779317662639016,0.004306456276913141
8950,0.23485965296582653,1.0981028753205875,0.11260400355216803
8951,0.23866293254592522,1.133076430721768,0.04713610014713598
8952,0.23641129973203784,1.1109667853920586,0.2151293139998614
8953,0.24117303838992168,1.152743226345368,0.024944341096474774
8954,0.2389779992155159,1.139591289928435,0.0687379543443163
8955,0.23746427231598521,1.1239792706186278,0.002594444574210817
8956,0.23896340119986872,1.1462696727823032,0.10512583527258897
8957,0.23300939721920527,1.0952058519042587,0.023364251214854623
8958,0.2319221483937099,1.080817636104259,0.008357688461317198
8959,0.23011291628274685,1.0537534884605768,0.4777443182983588
8960,0.23465057277366824,1.0800857222747913,0.021518970793518548
8961,0.23305959179476146,1.0663280858513076,0.012750949509927596
8962,0.23220098422928812,1.0719723454633348,0.004930990610188384
8963,0.2338175132345853,1.0758213473777247,0.08253115193563879
8964,0.23459189866604163,1.0726664069912404,0.01564578413599708
8965,0.2348017060225034,1.0625704855109313,0.057401607409572966
8966,0.23514610241824027,1.064012199784886,0.09704220410669773
8967,0.23722657604273034,1.0718461950922427,0.09266121522015762
8968,0.23658768089729182,1.067366013167932,0.006413008465901638
8969,0.23592967619809965,1.0628725964267294,0.04096830858282926
8970,0.240460612835855,1.090459917572352,0.06941414095827851
8971,0.24323670719858445,1.116390026258461,0.4510810920867122
8972,0.24133054491804834,1.0886410741120591,0.05222957787560788
8973,0.24069120296488591,1.0894458557500648,0.01536230957838088
8974,0.2429489664815091,1.1180384479378287,0.005600306728174757
8975,0.24463537837540977,1.1203353674900793,0.015255915776380637
8976,0.2482327267767139,1.1553325075301295,0.7899727300557985
8977,0.2547308847586364,1.211149979706188,0.032834179474947385
8978,0.25712846479578866,1.2418245603817424,0.02254970726068419
8979,0.2558330470255233,1.236381574247586,0.006275468954981834
8980,0.24881488777244493,1.1819711724031916,0.08728549097962397
8981,0.2497529446698424,1.2022292048147378,0.008669831540352484
8982,0.2468234124733884,1.1742373045333006,0.18794533091755214
8983,0.24527486754142833,1.1595745924858645,0.01838080112085183
8984,0.24974422222844583,1.1924248048592696,0.015741742107815777
8985,0.2519628902284232,1.2142159398107695,0.049521491871409994
8986,0.2527619474027384,1.2132565219940428,0.014426759201326125
8987,0.2494451494642538,1.1826758202387357,0.05911328011552245
8988,0.2530568716838443,1.204377162788814,0.05703966041601512
8989,0.24813837777197678,1.1622152534295103,0.008029957185716086
8990,0.2487876014223519,1.1593054425052842,0.012582974552849208
8991,0.24867148559133256,1.1538835009502624,0.047311844447202114
8992,0.25026557246941583,1.1722434554604284,0.1070235364330551
8993,0.25074870938920424,1.1717819758161774,0.0849044562159524
8994,0.24900840237286503,1.1680492939790268,0.03185246299285199
8995,0.2490756672472065,1.15552636991876,0.04590851890053668
8996,0.2520013107088302,1.1787649155899396,0.10468645555597794
8997,0.2577419098670782,1.2116289511437137,0.13383692372157996
8998,0.25720619162824276,1.2207354806490436,0.059683210557545066
8999,0.25572383972993146,1.2032274999836021,0.07338930661621942
9000,0.25816314015716973,1.209407090411302,0.01767549611000503
9001,0.2547300286533238,1.184106299069616,0.01580339083765408
9002,0.2571371824039025,1.1941605884452395,0.019555851238205284
9003,0.2581332366455065,1.1925781637849941,0.03198932471681102
9004,0.2627505973435394,1.22546243571977,0.005155382595284786
9005,0.25796507572325156,1.1847207041576764,0.03321052671271966
9006,0.260815580000107,1.2116647202419784,0.016171693687392137
9007,0.2671891145464173,1.2604858966620534,0.010661274148423725
9008,0.2697551817459027,1.2885987943967607,0.032751874820230197
9009,0.2718381220682027,1.2991587264956905,0.010189571064021704
9010,0.2681280910196729,1.2684856483362084,0.07999123300074097
9011,0.2625062428660812,1.2394629857795405,0.05884222111850738
9012,0.2615319509235763,1.2489746184498887,0.05673348615790779
9013,0.2592521342668756,1.2300812498704465,0.021549423221840776
9014,0.26351178621414356,1.264704163250044,0.007973331144429182
9015,0.25580743092153957,1.216900558167262,0.004467109179019143
9016,0.25150632963876063,1.1849238019905894,0.005482326241319502
9017,0.25087587155716806,1.1697411130296156,0.5345657200356274
9018,0.25305235800986076,1.1784156139984368,0.06682436377695218
9019,0.24767575640065664,1.1464105867381378,0.011617046505428597
9020,0.256984349396882,1.2045456625782884,0.012652742230118547
9021,0.2570036872030153,1.2121662962272821,0.018078641090273982
9022,0.2620000791588594,1.2415032246172915,0.06734952123925604
9023,0.26456367357538263,1.2678784584296945,0.015474240958125702
9024,0.2613340153504457,1.2426090341496536,0.07852671261739133
9025,0.2623648449916967,1.2485752272436592,0.011314866819828401
9026,0.2604644220738703,1.2248535168181056,0.37654637084485126
9027,0.26735179749226057,1.2697468062976438,0.007814677838545689
9028,0.27162782402715124,1.2883802749585067,0.10020620252207721
9029,0.27456050928893977,1.3029361292721031,0.5877045349014021
9030,0.268624560760162,1.257837235402758,0.01474145645355407
9031,0.26736186496433306,1.2352421857885458,0.010437266385888919
9032,0.2681833708940603,1.252812818057593,0.1599474689081234
9033,0.26588913635289363,1.2501219561138583,0.8545895288956918
9034,0.26823775998563415,1.2875826727930468,0.021342125684142312
9035,0.26240396713201364,1.2527121230125322,0.006718884177292559
9036,0.2570468042702735,1.2036091975704029,0.008551577146097451
9037,0.26171211719962945,1.2518962194816916,0.07219615832977543
9038,0.2576043429475584,1.2154994475276752,0.011854248719638772
9039,0.2539212256675116,1.1782639192862585,0.04448966324891616
9040,0.2495752058783004,1.1499153862874725,0.005799229092578118
9041,0.25038189801772986,1.1670856611433884,0.01929915717638408
9042,0.2523566227362941,1.1833664850385177,0.006647544122545314
9043,0.257457890853745,1.236493949317782,0.073107319127744
9044,0.25038576715249405,1.1750975632683562,0.010943328656693932
9045,0.25134321936890897,1.1930234413808158,0.006237054692809402
9046,0.24542313778007296,1.16011606953292,0.07582891172677403
9047,0.24324407427033284,1.1313016159417686,0.009965231654474075
9048,0.23856178543195633,1.096013325015893,0.014922737502621453
9049,0.2392451954219611,1.111285763208318,0.27675360159639334
9050,0.24317921650825264,1.1490468538591458,0.04112387110343774
9051,0.24774677258349012,1.1811433992570846,0.10774868747207354
9052,0.24632810886033946,1.1595786391186949,0.012134940871788118
9053,0.2454853288620984,1.1375050172791874,0.09540124565042381
9054,0.24301567108930275,1.1225954211594773,0.09156205643207709
9055,0.24193977556490665,1.1277031213964048,0.017811439530786538
9056,0.24184782558160722,1.1221977978771436,0.03526866888533359
9057,0.22412815845851214,1.0462268197919364,0.00011713695148194783
9058,0.2221955423571274,1.029100855565636,0.014828147441473928
9059,0.2226264071575429,1.0441798312868955,0.03431619204171925
9060,0.2267535719203639,1.0777904725320133,0.010955590526621173
9061,0.2334699051527901,1.1272530129243052,0.026762788498727392
9062,0.22989129134338016,1.0956715682651528,0.04129411699716344
9063,0.22687851160410025,1.0879558795378153,0.0353522174835801
9064,0.2271395304829253,1.077601861902202,0.11693507402434457
9065,0.23120666115904784,1.1067571839553327,0.05969982242696582
9066,0.23242643105766664,1.1212965562855552,0.004200557509218735
9067,0.2294902281156373,1.090091316851263,0.012457719413766279
9068,0.23197833446765304,1.1216184111866327,0.016860276644150796
9069,0.22790210248326606,1.088907916950348,0.03118060258510797
9070,0.23187744989306702,1.1163525885646552,0.004566005362317152
9071,0.23514171990281016,1.1312156484358746,0.032050722133917735
9072,0.2300933909121814,1.0848801507043697,0.033358392874821986
9073,0.2249875716183548,1.0480283981272578,0.00798584294945517
9074,0.22901220114098206,1.067683277365049,0.16684609915753798
9075,0.230779385965821,1.0956990701990779,0.025059392955014838
9076,0.22965409989676508,1.0899198856480328,0.027993111199443216
9077,0.2342371859181106,1.1276925116345216,0.10593582999297803
9078,0.22985674349510404,1.1060574006903106,0.2170173610948919
9079,0.23054591122176168,1.1130659793031825,0.02952806331368901
9080,0.23204471949002622,1.1209014698339335,0.02156082980376509
9081,0.23299022608888778,1.127940963246331,0.07056997748348308
9082,0.22822804443469294,1.0825395376153994,0.00873740285830265
9083,0.22908053329780168,1.0761685136252725,0.053479425275173124
9084,0.23210595945733134,1.1023421350097842,0.3125269189518855
9085,0.23593880622732047,1.1441262044482792,0.02519547497835692
9086,0.23816014394708473,1.1669327447039892,0.005089340258082165
9087,0.2311747274288845,1.1098610883548172,0.009000324102911027
9088,0.22536100139990237,1.0526629302408914,0.011327367152259715
9089,0.22397370733622068,1.0393004864548838,0.037662196040788076
9090,0.22717376601872075,1.0726122825297242,0.005315675350029785
9091,0.2322396649545229,1.1185376760160035,0.025318398412035984
9092,0.2264411040101299,1.0623489057929296,0.04021985275954017
9093,0.22864964164232385,1.0764354791226447,0.03417031421424943
9094,0.22825614198490188,1.0570669767973793,0.01985800473597126
9095,0.22886556368442634,1.0592970297894098,0.006109140402463227
9096,0.22893324112245253,1.0493271623722966,0.01120183467708247
9097,0.22983588119033713,1.0514005828814454,0.04311325877535067
9098,0.22916486275593134,1.040676836540149,0.040566690408306794
9099,0.23056932530766705,1.0495290333514191,0.04424519472346632
9100,0.23335441952586145,1.0704616706198387,0.01160337326050866
9101,0.23057224057752795,1.0473692367862992,0.0066077943128415
9102,0.23189698310041007,1.0584107505170075,0.01747205272745489
9103,0.23269047769479878,1.0589347062143148,0.024942593946656145
9104,0.23088514193221824,1.0522907531674217,0.023865204947998524
9105,0.23090317045755307,1.0594650944989852,0.038937049377150375
9106,0.22791156874486093,1.040138083520624,0.1109725643869191
9107,0.22830956962636284,1.0438384824788407,0.19733555389182242
9108,0.22997855283644938,1.037203589929458,0.04392219714603733
9109,0.23402339892419527,1.0686324873170514,0.024684667490377166
9110,0.2338497435569283,1.0647228200176326,0.03096484911213219
9111,0.23309089947220407,1.074157645082722,0.017389913860009362
9112,0.23284998975687754,1.061928584180827,0.15361310077585405
9113,0.23795552815039087,1.0900150810882498,0.037964244992448784
9114,0.2420630800874232,1.1194494366852774,0.059924386347938965
9115,0.24638949166451127,1.1545105036826366,0.01406252209843034
9116,0.24455419197142472,1.1353193059445452,0.058955790817931085
9117,0.24245573214854493,1.132400417227787,0.0019155318211767126
9118,0.24435585356216313,1.1517126461355665,0.023550740717657878
9119,0.2407610694562219,1.1224672782611347,0.02354756461444391
9120,0.2469671458705711,1.1708154531167922,0.09368780122797252
9121,0.24941648650178283,1.1953648104364007,0.025973555776230506
9122,0.2487916516579503,1.194161490876674,0.012170370133903917
9123,0.25210611332037813,1.209574893208815,0.2163773043381433
9124,0.2596269888514287,1.2344380965179365,0.006554400633453387
9125,0.25260711167659494,1.1813882995382992,0.043440090474271414
9126,0.2524896553659212,1.1765463618659178,0.034421852131222286
9127,0.2484091021063986,1.148833553374806,0.0158061226587779
9128,0.2549764505430491,1.1970258898646589,0.011378382142598202
9129,0.25697057164402687,1.2040756344392158,0.12600701356904648
9130,0.2581071929761706,1.2080309513687884,1.4562788448650275
9131,0.2583406597425152,1.2071076661486448,0.02644749413475606
9132,0.255617413571566,1.1903796662460118,0.0031148903776595637
9133,0.2594583191382706,1.218557215480677,0.05253471299472094
9134,0.25499872972462523,1.193617010374094,0.30594979608751904
9135,0.25732632380220566,1.2071499783905082,0.02745306279843383
9136,0.2538507597549598,1.1701549080370635,0.14317697960843512
9137,0.2532059502560292,1.1878234319314562,0.10303786279702329
9138,0.2539565253094018,1.1888494327936727,0.023096470006228623
9139,0.2577152785032015,1.2053223318202273,0.0766843382849312
9140,0.2545868743497976,1.1827688990325544,0.02933585522981824
9141,0.2557919377719748,1.2078411433980656,4.731500084015908
9142,0.25964708051368407,1.2426036049785794,0.028163617563467247
9143,0.25328290181306307,1.1966037179900486,0.008557919015223743
9144,0.2496079591051272,1.1643070984901165,0.009252858992311474
9145,0.2543136190840094,1.2033531261702404,0.061627087889468996
9146,0.2514349032703748,1.1808308050766374,0.01533947001968145
9147,0.2517607883644765,1.177003213926441,0.09535491332761223
9148,0.2520249863808656,1.1746520877427098,0.04652351345042309
9149,0.24544164900015988,1.1319557151186792,0.003912738865095495
9150,0.24581152332213863,1.1209858462894653,0.01583656472171687
9151,0.2413224967409292,1.1003511459510908,0.05555968561998163
9152,0.2401544532500075,1.0992713972272636,1.3365886204287483
9153,0.2374353500331458,1.0862857603931737,0.041705443095685864
9154,0.23631835237616597,1.0773064398910197,0.014820378923691912
9155,0.235953439034093,1.0764416414272668,0.03057852138495857
9156,0.21942159939536826,1.007665540968963,0.0001112687991686609
9157,0.21857797063585954,0.9971093852988377,0.008411315108453683
9158,0.22109788128673655,1.0147152804445454,0.019670451740536842
9159,0.2218812417759177,1.0281438538137022,0.010330454603308765
9160,0.22571592074597172,1.0603656916300137,0.01897687745448137
9161,0.22591802284604265,1.049233445975411,0.1444612091923352
9162,0.22750082487895298,1.0517418599127708,0.03891055818465533
9163,0.22594404263889525,1.0469372195273667,0.025098436412613664
9164,0.22896537718419815,1.051806178280823,0.15249359594518885
9165,0.23275278711390843,1.0779795651225532,0.054574883053976384
9166,0.23292620866447364,1.0825168781110628,0.017003875581675817
9167,0.23478033253649552,1.0851469486008019,0.36562355805383634
9168,0.23607577349553618,1.103319061700566,0.016426185337665815
9169,0.2359753811757374,1.0956699014183984,0.014997995060322157
9170,0.23667768416335785,1.1135406212288483,0.09209737235282765
9171,0.23703048484956063,1.1320061062966842,0.008188718372484421
9172,0.23459254133896756,1.1005978434593833,0.049408282527735964
9173,0.23044910527940163,1.0720708554421654,0.04378480447906855
9174,0.22668912930538862,1.040691072851911,0.2597186807708073
9175,0.2298475958790961,1.0703098374985507,0.07304359350995353
9176,0.22954464425862103,1.0740750641449885,0.008617432741574725
9177,0.2302961240102178,1.080785986564578,0.06904928216250573
9178,0.23031344833567524,1.074324018358222,0.05931287476927619
9179,0.23035262605585896,1.0835839941090588,0.01575744512358564
9180,0.233699538546628,1.104559281743288,0.32936022616476324
9181,0.23171783232304527,1.082037324751443,0.00911361966069814
9182,0.22955080824649168,1.058232649318682,0.025425344712972683
9183,0.22778434957067054,1.0532269953763924,0.025358687068538836
9184,0.22540150675000925,1.0443110857278748,0.01550310415182161
9185,0.22664497574639997,1.0454596698653742,0.012842658502745624
9186,0.22621844389689133,1.0406546584243426,0.23480939771151346
9187,0.2268382282555104,1.0569091255305507,0.015743963726682443
9188,0.22528508682463394,1.045613050643563,0.0835644852778965
9189,0.2270477327690076,1.06417187591104,0.05563570677561882
9190,0.22719904402695917,1.0723223229737289,0.0111040491885923
9191,0.22903230351192622,1.083264463682066,0.0059310211822030875
9192,0.22861614746940423,1.0938671493394652,0.013022397583732153
9193,0.22580464998791566,1.0722161570483182,0.003133688433381427
9194,0.22714894162012775,1.0870707447279728,0.18694889548087604
9195,0.22546934962472528,1.067405494814299,0.055200060871274485
9196,0.22580548956689675,1.0737244063596658,0.037246350431099355
9197,0.22235079269335015,1.048677279617665,0.035080369534494275
9198,0.22066838579934087,1.028557955329938,0.030925024103977433
9199,0.22054869642074554,1.0352706970128598,0.050291205653974505
9200,0.22435288910368822,1.0686902307014516,0.026785447717254614
9201,0.2236660095108037,1.0750856237090283,0.021344107095740496
9202,0.22487599894891802,1.0791719985340447,0.004098554991831854
9203,0.22360576370209798,1.0792373204679353,0.02572776490804962
9204,0.222886718153426,1.0716163429551537,0.004957436408725188
9205,0.22889147587229913,1.1234836519072129,0.04799467981087633
9206,0.22551135174479411,1.0920539141785486,0.09350237129624174
9207,0.22487310609260724,1.0857847147452384,0.04800288610226289
9208,0.21733603499594806,1.0682145674737036,0.00022660820655091954
9209,0.21693947581653023,1.06484242996817,0.07579506542156224
9210,0.21442122340782505,1.0470548485209075,0.036729038160911644
9211,0.21452783655588456,1.0409733451669747,0.033099108488499986
9212,0.2144375667346589,1.0227802666707475,0.08356789983676571
9213,0.21534596835232372,1.037324319475944,0.011023048102836547
9214,0.21369373948560857,1.0181308619298441,0.24784834358162824
9215,0.21498572573493413,1.0350818778736763,0.012054828193575373
9216,0.21836580691641505,1.0592503722849966,0.016875706738779694
9217,0.22228902939883716,1.092368001445515,0.02368511519735877
9218,0.22575094754730485,1.1159674835773261,0.02443086026466938
9219,0.2232657004963514,1.0999762640696666,0.016844596847031403
9220,0.22426050773431913,1.1012071700437278,0.14155689277295705
9221,0.22769932332701054,1.1251663612840523,0.02651266257274099
9222,0.22296640078145888,1.0905714295923556,0.007768553604329571
9223,0.21654636262106294,1.046996820060602,0.03201912950879958
9224,0.21704108871805192,1.0501844721101925,0.35651258759582705
9225,0.21463660309709356,1.016009658471162,0.01950623273148361
9226,0.2123981098370189,0.9963143340923662,0.046148938214478165
9227,0.21421797635700696,1.0080934544611073,0.3014569405717303
9228,0.21091297919057606,0.987562978458162,0.015653947847987924
9229,0.20957573697780219,0.9824589380941503,0.025087182210211296
9230,0.20675928806447555,0.9587965111690875,0.009573567187923357
9231,0.20832964985514277,0.965684525899843,0.01487317064854091
9232,0.2071253730893431,0.9699676135354072,0.007173534482305795
9233,0.20739825142694815,0.9604025922321834,0.1176539840747983
9234,0.20699497272675868,0.9656454639251676,0.013757730331284745
9235,0.20566302157764935,0.9716288061514395,0.02271674328127777
9236,0.2044230418090631,0.956554228528118,0.010214952609532629
9237,0.2039894543716874,0.9537614946831343,0.004953499064347314
9238,0.204620251318701,0.9728971615425539,0.01688942041783677
9239,0.20461892003718993,0.987631487110327,0.030390012947007532
9240,0.20284855895761125,0.9780164454729773,0.03506030803415219
9241,0.20654626689678265,1.020039713872439,0.021953264314312163
9242,0.20399258834215328,0.9988771502121593,0.01766036827746728
9243,0.20864651737512976,1.0422347207726412,0.013834372799398724
9244,0.2035218829521182,0.9886040754058166,0.05812426818321883
9245,0.20688600564452764,1.0278618993811597,0.012537721786423577
9246,0.20392871170470026,0.9948823126529734,0.08571219455064608
9247,0.20461320763283852,1.0042419583065023,0.015275071550436973
9248,0.2108524704473696,1.0645026596098144,0.0482073229197835
9249,0.19790295456991586,1.0186672632560718,0.00014509113514552666
9250,0.19663559589881116,1.0178399854920777,0.006013133886896884
9251,0.1947773524357518,0.9896276094844002,0.014131865112259872
9252,0.19460795381864754,0.9906001527661621,0.029299915047489022
9253,0.19932106656774523,1.028371087072992,0.03325073787217798
9254,0.19948914758429076,1.0396180770108898,0.21180368603175942
9255,0.19867276859852595,1.0302510490356072,0.08515638975875271
9256,0.19970765756963807,1.0372760547183493,0.029976391754254986
9257,0.19809734008705415,1.020174410796492,0.02494929190555021
9258,0.1954648308416219,0.9953566505861597,0.05654113894549853
9259,0.1907346731147486,0.9446828496163446,0.027126180329802897
9260,0.19348564594337228,0.9670719039866186,0.3587822429706583
9261,0.19518520238505666,0.9800905802764047,0.06534939844242266
9262,0.19277837605119486,0.954413786179425,0.0237723742531635
9263,0.19698148710959637,0.9974253084627417,0.034970442695435
9264,0.2009521122850244,1.0354541522671445,0.27893057863399134
9265,0.19766604379154357,1.0071138519547966,0.014897548625775133
9266,0.19468145782864515,0.9769057885375575,0.01609474660145494
9267,0.19489518708845927,0.9806097813789738,0.021784633919663995
9268,0.19561102791948026,0.9871754207536627,0.04010162232558446
9269,0.19848732797120025,1.027976665160195,0.03917000708865138
9270,0.19357264274849803,0.967080839972939,0.04185691748389739
9271,0.19753805966272928,1.0074893687546727,0.027926294914972113
9272,0.19311481408127262,0.9649624877649673,0.0864553766977752
9273,0.19352442144105597,0.9669426270041176,0.019914052985028952
9274,0.19761208978088768,1.0036248923641509,0.056975359549646075
9275,0.19374539298781354,0.9675543784023473,0.012762363748968506
9276,0.19568882138142904,0.9779506728006271,0.05469721496232547
9277,0.202975201588439,1.0403591850350191,0.001987560855821036
9278,0.20326183494143524,1.0259030747195388,0.11332365067440839
9279,0.19666971445077713,0.9687455568253158,0.026458796716594978
9280,0.20017329466829994,0.9973182143310596,0.009152214705384066
9281,0.1991686216581842,0.9836573562660877,0.2196529017698672
9282,0.1975486899093937,0.9600102661781776,0.02815840684921547
9283,0.1958889105134671,0.9557918521998896,0.01896086432621345
9284,0.19558602172256134,0.9573604898707843,0.007173164427696954
9285,0.1977189607528565,0.9741590202299082,0.00699017476871294
9286,0.19332315224676855,0.932596769868802,0.007982988026773993
9287,0.19652598210741876,0.9670274197426785,0.017100673893394317
9288,0.19603291696923741,0.9480319483426835,0.042758111122260196
9289,0.2015117529568668,1.0029586242821455,0.04741718751168331
9290,0.20556945693188486,1.0376642761758255,0.024319269025662074
9291,0.2048245038316029,1.0278134467235123,0.0437939880046672
9292,0.20175960261420547,1.0012071672410905,0.005601762614735686
9293,0.1998010544625994,0.9935212172377188,0.020850251691651105
9294,0.19760894370342583,0.9628795346236446,0.008728536998941713
9295,0.19345455785835045,0.926307894882682,0.037965093267674464
9296,0.19374962994182213,0.9231964821451555,0.06863806387890466
9297,0.19657642949970322,0.9335455023882797,0.25231017956644464
9298,0.1966589427551024,0.9404232805820165,0.17127403589904863
9299,0.19794716927603367,0.9409339619895349,0.093613280868194
9300,0.19705187957887946,0.9385821113548893,0.03304281503898551
9301,0.20024991073180495,0.969230508360845,0.04790450219878828
9302,0.1958651989921687,0.9366934240993117,0.02284480125485493
9303,0.20052376679696043,0.9745551148247016,0.010300419383989404
9304,0.20649560124969613,1.0262947423965718,0.2073179366515658
9305,0.2031259453516902,0.9913401207708415,0.02296107528624829
9306,0.1986486965672416,0.9504349311877786,0.030134077280621046
9307,0.1995269801254795,0.9652242137594336,0.019089327350341193
9308,0.19812204960604693,0.9438539078348437,0.03631571337217592
9309,0.20075802133243673,0.9599115060493244,0.006283568393048122
9310,0.20294241291499374,0.9913404096474014,0.027729133577474387
9311,0.2020726322568472,0.9896728134120363,0.009770716220054824
9312,0.19675545259655838,0.9460095244319061,0.009085522479938544
9313,0.19523692544601512,0.9329494978689709,0.025082406387253585
9314,0.19757156935269693,0.9484810338892341,0.013790082652252234
9315,0.20037814058707215,0.9730633257103423,0.006784201495930732
9316,0.19792962072843667,0.9494657202061279,0.05810974558064427
9317,0.19903278656072526,0.9655639019944785,0.01877371583795713
9318,0.1999902255141041,0.9595359538404602,0.1746745611626192
9319,0.1972295031025022,0.9503353585435227,0.09134387486335767
9320,0.19668249017327333,0.9459659791271727,0.09661268320132137
9321,0.19696190357477303,0.9416797691883896,0.00721597375794973
9322,0.19919263460273062,0.9549049175180612,0.018904793547333307
9323,0.19841282641722602,0.94083564313281,0.018505619564775408
9324,0.19698107954439645,0.940333706191635,0.012955193144644458
9325,0.19626916944549583,0.942024294496732,0.4095600844122582
9326,0.19943439804292062,0.9558401430954856,0.03036468884666317
9327,0.19954936532489212,0.9654060188797828,0.019483710822409073
9328,0.19869596251646934,0.9495738089396571,0.039526826331217395
9329,0.20178848896814802,0.9679342815305577,0.004656649867278302
9330,0.20197113737973438,0.9611398110241511,0.044710717670864035
9331,0.20396794495004728,0.9731892473352155,0.020528334618954137
9332,0.2027724706341066,0.9648122731848581,0.007711897148910352
9333,0.20459163752555207,0.9730391347077295,0.03575312190798511
9334,0.20310331230049433,0.9708600309629015,0.006070962257932538
9335,0.20206009750205114,0.9705409496600018,0.042487363726353804
9336,0.20501263655991203,0.9914219821104872,0.15408521870335082
9337,0.2054161360094169,0.9974030662894281,0.0505309697031263
9338,0.20866326786913555,1.0200508146293468,0.06573937185827296
9339,0.20409132425742788,0.996564375070435,0.04136309963510448
9340,0.20641525329857896,1.024384566987176,0.20264979017385973
9341,0.20652253575362375,1.0229916203588922,0.012251942460611401
9342,0.2134183256737028,1.0735255624774385,0.025349601426878508
9343,0.21260609477403275,1.0835907168458472,0.01665488153295974
9344,0.2161978132885777,1.1016736797136195,0.06593248250526298
9345,0.21052503787987548,1.049118723104182,0.014485481166367171
9346,0.21280081759837888,1.0588379581230956,0.02275948756729416
9347,0.2114064285999008,1.051964355445554,0.09479856583636294
9348,0.21708374486393447,1.1015762156838502,0.03799308391718331
9349,0.213607855180002,1.0864885834856195,0.3518445631399724
9350,0.21221525985693301,1.059216438096255,0.06764412261494454
9351,0.21018854714446059,1.0508648836149883,0.025485111675581776
9352,0.20593341757670217,1.024912185009326,0.013891701303010786
9353,0.20902326925298104,1.0481533070625497,0.03541197333726076
9354,0.21059957374394556,1.044295288641954,0.20719594567671523
9355,0.20805593422172378,1.0175692156317893,0.26154440003923807
9356,0.21240718273053785,1.0326314389113536,0.005589058463943884
9357,0.2125983147496408,1.0351399528196956,0.5225004098423389
9358,0.21390997250037846,1.0377496791188139,0.14785378441176203
9359,0.20841595075104358,1.0034129757050672,0.0207986520960628
9360,0.2120752686648111,1.0281554288583568,0.1230774827924391
9361,0.2099645680012355,1.0168180003650706,0.04694043294299828
9362,0.21387060338987568,1.051090403402662,0.05533449115736509
9363,0.2133683393650644,1.0406405336866893,0.029185997062196874
9364,0.21215827203118112,1.038707171709044,0.05791368675833264
9365,0.2186115735802828,1.0909878247744054,0.2504691145376751
9366,0.22698729074636714,1.1590423158008833,0.29490549145635825
9367,0.23601301506614503,1.2363449583173176,0.03306339341818694
9368,0.23816468257376472,1.2601745717799278,0.013971110343362911
9369,0.23804899157280815,1.2680224771156425,0.07188928873749431
9370,0.23135465244148865,1.2158118220010967,0.022998653494351193
9371,0.23207789152252728,1.213728596838699,0.006081962139004282
9372,0.2297046138008099,1.1950140440148738,0.038541066697196306
9373,0.22497392854430617,1.1449930957418264,0.007355839233180295
9374,0.23382585361531746,1.2087587216237075,0.07668961822090901
9375,0.24467711383936655,1.284423303903854,0.01600330236073718
9376,0.23717111928311363,1.2241482185659287,0.004580381822594136
9377,0.23331009717889417,1.1840288777434038,0.09969349276609425
9378,0.22943733006046244,1.1639593760753117,0.0033167041388638217
9379,0.22722262864740714,1.1509803920689858,0.016088653435159125
9380,0.22626555429522302,1.144764760849946,0.039137077352438376
9381,0.23506768455991592,1.2034497575664438,0.07421977776703517
9382,0.23226062483414825,1.191988382740947,0.010101164671606482
9383,0.2305442581625819,1.17062744638672,0.015920526149707626
9384,0.22434619582289458,1.1220279716335733,0.014341187892952363
9385,0.2198684401748209,1.0746553498380966,0.015780188471867705
9386,0.2143738129828816,1.0279088778714993,0.01367964511397291
9387,0.2173112079582692,1.0577600548212347,0.011114946237490276
9388,0.22577726326231037,1.1193538624472044,0.009571432468192122
9389,0.2254593189591344,1.1150746178115079,0.8580519157517725
9390,0.2239418032767072,1.1099462925892722,0.005950979489653798
9391,0.22199893995930994,1.1006189518634388,0.023480015939586454
9392,0.22050896683160437,1.0862644451691519,0.04629403299001801
9393,0.21840413593386415,1.058275666557319,0.11105791248559599
9394,0.21487762608049532,1.0341870607377988,0.011488088984385997
9395,0.21708448672801148,1.039801494894186,0.03208299639382258
9396,0.2181456704197634,1.0456746887499704,0.2693767320643365
9397,0.22023148468433187,1.069235568409315,0.011223802686569341
9398,0.21601708440982548,1.0304662015919814,0.023416343010864996
9399,0.21562940160423735,1.013216651785943,0.011202797790815865
9400,0.21828624026850718,1.0285481637859315,0.021758472151415697
9401,0.22036973619696634,1.0359470622996574,0.010680308462192346
9402,0.21970031529934203,1.0369279104563305,0.010903226970303565
9403,0.21895015614006363,1.0337707804359422,0.06967172145820015
9404,0.22011417861293772,1.0557226417965007,0.03302284194320184
9405,0.22186260649123293,1.0867288484286546,0.04380893377915416
9406,0.22378380697432151,1.1029296676472942,0.032490326550209614
9407,0.2166814324420578,1.0556941608382984,0.005609820385097256
9408,0.21390365162908928,1.0197622457449813,0.06261174504374176
9409,0.21768932578577907,1.0466384023560489,0.014557259197277695
9410,0.22482581517770361,1.108031970490243,0.01867163547563762
9411,0.22255984786399283,1.0867471358181797,0.0674116900469702
9412,0.22486866110324277,1.1196842620385326,0.0393835497398608
9413,0.2302874653790294,1.161937727004527,0.01733219309561638
9414,0.2242940196947828,1.1155703359109514,0.024951011703282237
9415,0.2264408343550452,1.1205303193875684,0.04851919028257438
9416,0.2273649518348138,1.1214396088523062,0.05339316372515381
9417,0.2277469592357033,1.1401590971206799,0.013478643055307138
9418,0.23083726184785483,1.1575434655953527,0.038080658522526276
9419,0.2225633852348814,1.0866717544765805,0.024353384248705687
9420,0.227307643708338,1.1254276186281138,0.040897420263435603
9421,0.22735121758750665,1.1200980911842546,0.013453184161313398
9422,0.22731069541789126,1.1278769020287067,0.013369042950415164
9423,0.2348248722982747,1.186642931400608,0.046155820599591
9424,0.2306436112955817,1.1614452557254882,0.009105960202821029
9425,0.23171879751417665,1.1736577438312643,0.17834260515079528
9426,0.22758706737538206,1.1347789485181679,0.014490460748337637
9427,0.22642815668571645,1.1244929281241518,0.01187095064684269
9428,0.22465301155797535,1.0953191196930918,1.4029430728273729
9429,0.22220449129660438,1.0628494144609026,0.42401822309037446
9430,0.2258446628546341,1.0849907117422664,0.04022561516330673
9431,0.2235860565513134,1.0740828385815893,0.006930943485015442
9432,0.22032937117395238,1.0484740909358572,0.036377679028124235
9433,0.2191834426890033,1.0261549278211333,0.06040683355683812
9434,0.21536653071978865,1.0010044426227347,0.010064124183972567
9435,0.21316435533129915,0.9810857318893996,0.26631773246860746
9436,0.21329197375357675,0.9832351805378221,0.15167369880079065
9437,0.21303846973472515,0.9773934014011925,0.032691673744659144
9438,0.21350640991273373,0.9807463772301611,0.20818912385045804
9439,0.21435015370494362,0.985220570015435,0.009653443028890468
9440,0.21377660560519635,0.9882161931246192,0.043109488429945976
9441,0.21329196556366817,0.9774512543046888,0.01759586250934192
9442,0.21563341794229537,0.9870561842270815,0.33981957038114885
9443,0.21439079875172196,0.9853050482321088,0.01682451875020373
9444,0.21502686268369017,0.9844729682749327,0.007804893323827013
9445,0.21339449125807206,0.9786084335515894,0.006124090679175777
9446,0.21555877858911462,0.9924443289692917,0.007372409126285914
9447,0.21403556778504662,0.9794519306316309,0.05250292921302043
9448,0.2177659688091984,0.9983143337234979,0.04056826547929479
9449,0.21964387728068188,1.017366445432018,0.010498290999087452
9450,0.21735987377417135,1.0006329713924313,0.04555786449410218
9451,0.21382365432693276,0.991256157161649,0.041838525298923096
9452,0.2164515385168982,1.0185163276837206,0.038437969730246074
9453,0.21680286902653176,1.0108193840055424,0.06349296549871442
9454,0.213219984488118,1.0046197760407796,0.0002854770863389772
9455,0.21314418544202376,1.0038268020966987,0.0354517883357078
9456,0.21430681509671268,1.020405738640098,0.19315922048242556
9457,0.2173206239577551,1.046806206741291,0.2400514215128858
9458,0.217412361448619,1.054596769327214,0.004401981565729187
9459,0.21352046342065759,1.0212645971921877,0.04772047406175202
9460,0.21339662958089972,1.0335199188098565,0.03459359045834481
9461,0.2169961969459201,1.0704048961384731,0.08669291807020693
9462,0.21825455613889774,1.0792880202653083,0.026960411934173402
9463,0.21769408702590742,1.0748948444595705,0.013107293375538374
9464,0.21740883041470832,1.0823163028168128,0.09835985016807634
9465,0.22198132082708494,1.1016023698966175,0.0961024229462621
9466,0.22164831477717511,1.0887468139678322,0.03966957996254864
9467,0.22191058991519694,1.0917141037757747,0.024434245597893246
9468,0.2179553482343255,1.0590745026180055,0.0409667023481849
9469,0.22236056909579624,1.0898319141567907,0.8600472559595159
9470,0.21613016624474873,1.03717800512422,0.04560308154511034
9471,0.21943163206312558,1.0740288416673736,0.05086353664826889
9472,0.22241453945006212,1.1095675386815111,0.06792893182566828
9473,0.21530750618160013,1.0504805928820113,0.015263491527812683
9474,0.22141775376150946,1.1011368455851758,0.0036098867784720187
9475,0.21987809147683074,1.0924379246578613,0.02053105849973584
9476,0.214135173032912,1.0342047139506418,0.0253480778326095
9477,0.21125879043851678,1.014263671399241,0.05763962788078393
9478,0.20933536986324344,0.9935156013872939,0.2450100713230788
9479,0.21192044975111043,1.0222978144102277,0.00446499942485187
9480,0.2153989900915333,1.0495038884093404,0.008060146985697698
9481,0.2162789890233607,1.0569987216681533,0.08713729870463865
9482,0.21859537520841618,1.0789839506855503,0.032546262739006224
9483,0.21916185483489695,1.0756960080781837,0.02267827422174359
9484,0.21862616114365532,1.068345894235114,0.175475932021198
9485,0.22276639409765833,1.0940198956354557,0.02387114914604548
9486,0.2235310861408585,1.1093480513353002,0.025832593593368595
9487,0.22657713615060915,1.1340085945890157,0.10046319429106867
9488,0.2188096283438421,1.0676459453814346,0.01755612966315538
9489,0.21561485245275294,1.0400784341245748,0.015127677438681646
9490,0.21468887142199805,1.0334663884942108,0.010361893191298103
9491,0.21584736924868736,1.0604862919258493,0.06012076053346772
9492,0.21066780730533646,1.0061275382605066,0.030358309747641504
9493,0.21159021219769816,1.0003769680033328,1.007959065473842
9494,0.21076417117902535,0.9863848015760731,0.06827260757843576
9495,0.21497934848215813,1.0106166714593308,0.04626548826607798
9496,0.214787004075679,1.0023813106001667,0.018551029037003838
9497,0.21656376933799176,1.0261046160695588,0.012886317408513993
9498,0.21654282153400295,1.017642821381871,0.013131555965861389
9499,0.22022424682647043,1.047836428704791,0.008050752979984897
9500,0.22346005940377997,1.0792230870628783,0.013221908077764438
9501,0.21941196117946216,1.0438476219201267,0.039318253387137556
9502,0.22353542005557775,1.0735634954255315,0.02269997309342895
9503,0.22300152745451648,1.0661210414697606,0.45546771856743207
9504,0.22666693580944852,1.0946963605327087,0.03764728876196114
9505,0.23111819418857035,1.1191397594150696,0.019564563713041317
9506,0.22631867815275883,1.0676088975629112,0.0414916062511307
9507,0.22692537355054115,1.0675881383827814,0.01825789693783002
9508,0.2323640406507197,1.1063864464300028,0.030692507329260068
9509,0.23550355969280004,1.1292758281428077,0.07262761583310932
9510,0.2349160227359974,1.116466685056822,0.08651819597420966
9511,0.23261373051602022,1.1016497621521733,0.09476491375847505
9512,0.23267747094176783,1.1014761170390293,0.004866494268883644
9513,0.23084232587777412,1.0905061688014777,0.005584033869436229
9514,0.23374523489490145,1.1152911965895829,0.7962385324127939
9515,0.2434556020499448,1.162742673623057,0.03204529866782596
9516,0.24212650489545529,1.1480879931577743,0.024579239872291384
9517,0.2372111722271967,1.1153598677265144,0.00884655078828019
9518,0.23350919847191307,1.090310283212209,0.005778528485104782
9519,0.23284192206713286,1.0901384245744739,0.196601428747058
9520,0.23696382166649524,1.1302419615668486,0.03055532573531443
9521,0.23593895670588133,1.1207062024413945,0.011034162899701378
9522,0.23741684268779187,1.131120532030435,0.02165703616747481
9523,0.23623831592018682,1.121502947220154,0.04996389911321833
9524,0.2422978524575505,1.1690810664801112,0.09502880208962126
9525,0.24502731549352225,1.199042554065329,0.02924648909821493
9526,0.2439077271709158,1.1905498418393163,0.06913271897596207
9527,0.24165403511507844,1.158220760254971,0.005728721301612856
9528,0.24245303206614946,1.1665442618871864,0.02304119781148931
9529,0.2416668097399551,1.1521251333276832,0.02545592047857292
9530,0.23986646351298846,1.1263733450014017,0.2555044543205686
9531,0.24142433425722068,1.1372502587396758,0.030531031497955014
9532,0.23852713009760868,1.1061110565730383,0.006046955036693929
9533,0.2387843970134746,1.1004486211445375,2.6808466414395764
9534,0.2376726755890928,1.0882449284827789,0.011009509724061447
9535,0.2383963277749855,1.098517643415938,0.9038393270010239
9536,0.24077363950275404,1.127570955706612,0.029210641196815337
9537,0.24591222722930856,1.1747857462504585,0.05506791997342858
9538,0.25007405295711405,1.1973735664619132,0.010635390546720183
9539,0.25347990258239844,1.231711046940543,0.02609674094543133
9540,0.2527858151147756,1.2099735945689292,0.07456699885804641
9541,0.25026843221477424,1.1869667924853238,0.009945766158211692
9542,0.2457024852358538,1.157126647158033,0.021051395421722338
9543,0.24614163674249784,1.1420303916790144,0.03167427628602215
9544,0.24479355945131476,1.1385938661382653,0.0370261290998651
9545,0.24996357995008522,1.1725116331037855,0.08516753871458621
9546,0.24617571617586567,1.1378053289822354,0.0349468277467197
9547,0.24302657496197913,1.1103170460162983,0.009238225531169889
9548,0.24448613189950363,1.1192062786582389,0.07375565180153662
9549,0.24817325956180927,1.1410378520803794,0.061311256669735706
9550,0.25308820601566,1.1795726802366369,0.06810599907616109
9551,0.24734131814560054,1.1395255869309644,0.02876831808818255
9552,0.24803810368868043,1.1416317712449735,0.14676547079259922
9553,0.24313364156122294,1.1277187357998253,0.0002745685909053491
9554,0.24150708504122986,1.123742028210187,0.00905844119421219
9555,0.24372498756436942,1.1577693322842986,0.01866326802038659
9556,0.24349913973760678,1.1689818796292597,0.004996609972326583
9557,0.24945918538986742,1.2121404470921924,0.0749081579812543
9558,0.24404082419818762,1.1635624868758678,0.021317396385374075
9559,0.24320485927375968,1.1557961373529022,0.014376271214045154
9560,0.2391329408281467,1.1179081972473228,0.007592456240724138
9561,0.2466281767485505,1.1673804005050108,0.02802588948812249
9562,0.24729087994116525,1.157631599020624,0.0686477364108395
9563,0.24766281826428102,1.1779696812151932,0.024012368240476402
9564,0.24138832910534838,1.1272095909692612,0.03455517788175145
9565,0.24285220113956665,1.1380378289771538,0.09587133144843182
9566,0.2451687025402279,1.1638287746511815,0.008737136912116973
9567,0.23971406851975657,1.118601959841707,0.034558039600942406
9568,0.24479944438813253,1.1704739479058024,0.011571951451178229
9569,0.24737245590807666,1.2031359973106373,0.0809619079792875
9570,0.24946639723873704,1.2161735776762403,0.023536454689906505
9571,0.24515917520470623,1.171516724805115,0.016411109000127908
9572,0.23942706666495014,1.1411085673312242,0.00811246246495099
9573,0.24310713057384611,1.161913549799324,0.055292549214476086
9574,0.2403445963572688,1.1395912308869938,0.0020346610995689105
9575,0.2358147471497909,1.105774013206387,0.012797834192480682
9576,0.23383255234161213,1.088913246171962,0.020419620309357983
9577,0.23377433664208175,1.0793376934033343,0.1241613676278612
9578,0.23575115195206253,1.100019602091182,0.017426547411874667
9579,0.2346524304747452,1.1013155657326505,0.005106104538438131
9580,0.24123821213819213,1.154437220835345,0.03163947557681938
9581,0.2365352037769272,1.1270857510852,0.003594588565867299
9582,0.23216920090450105,1.0839833018519922,0.011437024732389332
9583,0.23527457574642682,1.1074361979326823,0.01438737894159449
9584,0.235515386464595,1.0962826572696682,0.02350339863152286
9585,0.23879573992333938,1.1127194349434637,0.13946465894010496
9586,0.24100147014824244,1.1375791216592264,0.13099173143506404
9587,0.24504513994714988,1.1710108007357507,0.012791109982639251
9588,0.23881568509635828,1.126304650671342,0.008697994943349658
9589,0.23717839362555374,1.114754089874341,0.02428574203559829
9590,0.23753191240669355,1.122669622727344,0.011448683246519329
9591,0.23465024062292242,1.0907968301498494,0.011380083997861818
9592,0.23784310238757503,1.125344318932985,0.01698897883868844
9593,0.23388671981185757,1.097233338905377,0.004116003666128907
9594,0.2347404873791332,1.106251162984713,0.007851601610267048
9595,0.23753283824808027,1.1385966714673639,0.007604760860159868
9596,0.23724936604904465,1.13792031924303,0.0458063753216061
9597,0.23475110092158616,1.119394301562697,0.00604607098361223
9598,0.23262759600880037,1.1148407734097552,0.06359513624765116
9599,0.2319489993421052,1.0912688338254963,0.025609042154978518
9600,0.2315760124566335,1.0782785356833813,0.006503193405466256
9601,0.22834542371389568,1.0679782701134144,0.008690698262603415
9602,0.22778950496186004,1.0785693459671906,0.1130210637118278
9603,0.23233099805564328,1.1182662681233202,2.15314330747765
9604,0.23855627885641384,1.1670978853812184,0.0034130112628876965
9605,0.2340172033122828,1.131216390493078,0.01832222155254993
9606,0.2321928531516571,1.119311685768025,0.10706207015769621
9607,0.2303836975781162,1.1129441533065771,0.013156780117600268
9608,0.23334349785746133,1.1388462068668825,0.03641763659909878
9609,0.2321772441710959,1.1414965727599173,0.0880852437860218
9610,0.22914431489072984,1.1103555373887766,0.02767316576938909
9611,0.22657770801519372,1.0914741053563022,0.004456694051782537
9612,0.2233761492030806,1.0595500478350692,0.010449248786658394
9613,0.22184391177720572,1.0592885569101211,0.014090070034678475
9614,0.22226123524518648,1.0797071152059123,0.02994153821434042
9615,0.2262385820976799,1.107245655495798,0.020693629061695373
9616,0.22823405087802434,1.1325056876961912,0.09684673031385434
9617,0.2243288546143981,1.1135210907960071,0.0003326271547961482
9618,0.22259080109443447,1.0969083945307263,0.05035545957219969
9619,0.22423668577075145,1.110096159415982,0.05344597069417234
9620,0.23017552090279267,1.157845298479472,0.07224673394756521
9621,0.2282070178062792,1.1361014739579927,0.8165378018871866
9622,0.22777251204228552,1.1221225661415608,0.009297916656151593
9623,0.22070380199250744,1.0717721967752847,0.028079960277383038
9624,0.21993505599116203,1.0634946461136972,0.018876359771125506
9625,0.22256312304330902,1.0988935294058908,0.04036368371178244
9626,0.22444680376894463,1.0999875842280837,0.2171473932193343
9627,0.2321118029453089,1.163652940350766,1.839464086367772
9628,0.22843452241607862,1.1491022645931257,0.0003052525626682237
9629,0.22093384044307138,1.0927656018899088,0.049522501863169824
9630,0.22086465697593205,1.079056849342844,0.035651353388146394
9631,0.22251093090706014,1.0845168579558082,0.029195905880788568
9632,0.22041500159074254,1.078531477860844,0.02773226396694436
9633,0.2208381040944994,1.0824280935917108,0.016570796298769713
9634,0.220412346194062,1.0831706924032916,0.09714702216978643
9635,0.2168440537994266,1.0638633622089937,0.17939078902786693
9636,0.21926680851749633,1.0782027160304901,0.053783380068721603
9637,0.2150507322352088,1.046809273647523,0.03064753683224664
9638,0.21257939520944,1.0232082514887946,0.02942818315134706
9639,0.2137339782408292,1.0462130268055714,0.02115149695224338
9640,0.21215058796692055,1.0225310176051257,0.07903684276651474
9641,0.209776823141477,1.0085291082975578,0.0656002160055357
9642,0.21016072492500792,1.020927062923873,0.027469111729456264
9643,0.21285456586710239,1.0362535179682315,0.07812517867809239
9644,0.21341737811433104,1.0229873748457892,0.5565549460320631
9645,0.21168747330839394,1.0068781247459921,0.3996502319383279
9646,0.21232470721999117,1.0111628974259788,0.009957502603517068
9647,0.2164888365822072,1.0463879386508697,0.009260554233433652
9648,0.2178089133150546,1.0540279118783527,0.011285252565603702
9649,0.21997972342029706,1.0564631873001291,0.02078310008782118
9650,0.22250877677804612,1.0782992625518242,0.10602704763308207
9651,0.2214886953650777,1.0672625665292463,0.008919384360772541
9652,0.22540689613889828,1.0986981247677567,0.02781793545113119
9653,0.2254856104383619,1.1115275564784268,0.02871218348879211
9654,0.22549964865538502,1.107842381015622,0.03988146336997256
9655,0.22499464305149255,1.0947715281039523,0.022054971921814326
9656,0.22653810326385782,1.1037367800128108,0.011787408783750564
9657,0.23153267610906766,1.1401958809341106,0.03133633683654071
9658,0.22559365629650782,1.0994536109891246,0.01653142435896314
9659,0.2227364245477462,1.0882596878051805,0.03079128400767173
9660,0.2208576826883792,1.0878745907088423,0.09667045801000945
9661,0.22491791225041707,1.1245249501393593,0.0355586937741614
9662,0.2272990144246817,1.151477884150095,0.008726883344003457
9663,0.22517549248758495,1.1247027400799228,0.03271352920435661
9664,0.22613734382535786,1.1204643470828017,0.062436750918273665
9665,0.2222157018620742,1.099005152730587,0.020777968703624996
9666,0.22411243810481127,1.1043724159583606,0.022209958154640504
9667,0.22788468351890787,1.1479216203334743,0.04795239798364731
9668,0.22638220937706588,1.1193007116867415,0.05274560853235039
9669,0.2234606604550544,1.107079159336988,0.02562652905940355
9670,0.22706867509121628,1.1262514813582323,0.16114457148421088
9671,0.2284931069900474,1.1487954342273012,0.7663561883925476
9672,0.22606809635824468,1.127116208370075,0.03331166961553578
9673,0.22013425968896302,1.0824732295265616,0.005208333025432169
9674,0.2181185716695487,1.0565120414437705,0.011115305043783687
9675,0.21590550614096118,1.0351676100413307,0.05630631847183175
9676,0.21521483039440564,1.0253415418189369,0.35304296657732814
9677,0.21553217788831702,1.033588947904299,0.008392408000595231
9678,0.21686276970301355,1.0569394975553545,0.007928791823982151
9679,0.2226776211462051,1.0954014998825343,0.12099438057114933
9680,0.21855342120810536,1.056585039213892,0.03590279760212424
9681,0.21597632483907386,1.0386971114438914,0.035259893905543585
9682,0.21548584064086956,1.044740067325622,0.03255323861076954
9683,0.2133610906705541,1.0294707747064502,0.014331934097205831
9684,0.21274374562840814,1.0277972313916728,0.03469252861320368
9685,0.21257433501331038,1.016374415282991,0.01996059433978828
9686,0.21531387410400665,1.0349181355080501,0.08286840028045234
9687,0.21777907297937946,1.0415238570845915,0.06532401304406377
9688,0.21693846180629914,1.047690210517219,0.016452684383828728
9689,0.21761709551013014,1.0599407537382959,0.006885760551622918
9690,0.21385583965348662,1.0336961973623664,0.01700546809245268
9691,0.21148336278436608,1.0210962064520541,0.05378197118903023
9692,0.21808172361561395,1.059961020390629,0.01622875581929763
9693,0.2194737564513117,1.0771761988035804,0.1980047402546562
9694,0.22090947298082997,1.095072199287027,0.01177802853036573
9695,0.22257866596086434,1.108231882881728,0.05036595994584385
9696,0.22323240120427162,1.1104356666093673,0.01584647914325921
9697,0.2228278667249799,1.1043757219301915,0.06563700037285049
9698,0.22168587137927545,1.09271106544419,0.6596589593536804
9699,0.2195340223595679,1.0863392775861347,0.00048325390963991537
9700,0.219802887864639,1.0790182257491159,0.030176537304726504
9701,0.2152170913057236,1.0363587573961195,0.04774634828412455
9702,0.21471625083684012,1.0442430886647334,0.10178056126957717
9703,0.2132254945591686,1.0235800861483335,0.038389717063974385
9704,0.21764220105326507,1.0630599690211502,0.00999106476079206
9705,0.21635365594190126,1.0495423480056894,0.015685242446046327
9706,0.2200354263740391,1.0740192907055905,0.11005386970315854
9707,0.21862163959795752,1.0659688386685022,0.008713231432241774
9708,0.21943873172045286,1.0706669208286983,0.02151858324349021
9709,0.21835759237603014,1.0749254108488386,0.08993214759626496
9710,0.21921300067026622,1.0736915888944678,0.03849699179576362
9711,0.21672211987779513,1.0603630960906087,0.04057277963716336
9712,0.218257151245689,1.0745760352639913,0.015038495488578775
9713,0.21818247683882358,1.0694729296103458,0.018245917516160236
9714,0.21349930453844787,1.0394609425396195,0.01877191486603681
9715,0.21345108855428901,1.028964985061033,0.016512891161238507
9716,0.2165783505687281,1.0506900257602203,0.4971064869649182
9717,0.21494218142737903,1.0580754867216995,0.01688101491446586
9718,0.21571356015890658,1.061918664771477,0.019036643250075962
9719,0.21630786532293655,1.0766476842157968,0.024619282391803145
9720,0.214980262850371,1.0492054050961435,0.044683439113834204
9721,0.21946537326460827,1.0919729511107439,0.1362867632666118
9722,0.21876651288276003,1.0805766162322124,0.021147437129552034
9723,0.2141089556081276,1.0405092509848277,0.0637132219521461
9724,0.215485516933527,1.0631071379451777,0.0297530703215312
9725,0.21856135791743095,1.090081573464978,0.7413601612375091
9726,0.2175097808795268,1.0693267661993273,0.07816996096590381
9727,0.22007700105742795,1.0941367696443058,0.31801232595686174
9728,0.21773455246777404,1.0717438481180759,0.049237346506063116
9729,0.22010245153558367,1.1002882803557743,0.0069473205621897035
9730,0.227220313296499,1.1605318726041622,7.764610237672925
9731,0.2224777480556188,1.1194440164023722,0.03962623675797296
9732,0.21955286065847388,1.0939171719456942,0.009777660089649476
9733,0.22100162193658074,1.0944523947425406,0.09986943604809695
9734,0.22170953321748482,1.104432819158872,0.0073087310648173075
9735,0.22206635989061466,1.0881808453996151,0.054641298331466095
9736,0.21912184184076902,1.0759910854258046,0.03157693587808182
9737,0.21523284635577408,1.0350891395748292,0.023572855396879852
9738,0.21403932966606096,1.014729102785254,0.18915234461497815
9739,0.2157106849263025,1.0238546453928659,0.05448605122093425
9740,0.21932900147633133,1.0515270460131307,0.012607636543294116
9741,0.2216043646567471,1.0656652307024246,0.007583840771285077
9742,0.22259557180929296,1.075574107813126,0.024146307731269974
9743,0.22860621454785604,1.1249951822067892,0.5975908219658721
9744,0.23431400866412286,1.1626797495122891,2.044709742438532
9745,0.2341501548762901,1.1647030173746373,0.018428819725586357
9746,0.23501752338602114,1.1614023372004578,0.04434181585936417
9747,0.23650031310642097,1.169778668348188,0.025706180213197902
9748,0.23896109842804672,1.1739378098929754,0.0750557621507446
9749,0.2374805671691398,1.1641062807419391,0.07137722769109069
9750,0.2340291756087853,1.1331171988954245,0.005793369015610459
9751,0.23219865714697516,1.1338452361454396,0.20014871990841274
9752,0.23569838601689794,1.1402068710565718,0.020986023548007063
9753,0.24076708091932017,1.1674409592939714,0.04000492342297729
9754,0.24049753801143192,1.1816661203222663,0.004351970123566876
9755,0.23568969614791388,1.1447348934678083,0.05108062312043943
9756,0.23881448622609977,1.1639505475762248,0.03964961229527687
9757,0.23775245990163668,1.1534769407361716,0.020230625601610045
9758,0.23886930442668775,1.1500363825887516,0.007433193099330327
9759,0.23884217690752127,1.149773909685434,0.012985200466196998
9760,0.23452575669213588,1.1223709463219242,0.05136883156096533
9761,0.23550389147418566,1.1140054171162819,0.023156394910479078
9762,0.2389887605034146,1.1259286743060435,0.14040666040838046
9763,0.24030369677758487,1.1464465971584388,0.0797200946276371
9764,0.2396228027037187,1.1337695271492898,0.02046557754409378
9765,0.24347297134616452,1.1594548326283005,0.008640182619473762
9766,0.24499015661146295,1.1610081105056225,0.1199933907800623
9767,0.24496869785612918,1.1629832072973307,0.047209179406592174
9768,0.2420636993386011,1.1430548340099997,0.02658786827934599
9769,0.24051299974100865,1.1405736149316275,0.0027643287395985763
9770,0.2371798445833099,1.1362504804002997,0.012348913117228525
9771,0.23736219232742564,1.1512617542844794,0.028082963249647284
9772,0.2409865535820785,1.1698660125737732,5.4180779315751355
9773,0.23751357272424603,1.132386843972022,0.018345519037036778
9774,0.23681604151104432,1.1392520132940143,0.015245823516258548
9775,0.23995582256670495,1.1545875443708438,0.04797584853404429
9776,0.2401575412711524,1.1639622022496199,0.005126892816534797
9777,0.23955242741727867,1.1716676300870155,0.008170379425376337
9778,0.2416308126146399,1.1820598680239651,0.024942400866410617
9779,0.24224519533342856,1.1801658899259078,0.018270727051436966
9780,0.24228429185790176,1.1759195652155872,0.01563998698869045
9781,0.2476788055210349,1.2231003748402844,0.1589629644827276
9782,0.24254144421275356,1.172397876960872,0.010022009872627646
9783,0.2469555649773748,1.217374413129735,0.6900005860001062
9784,0.24338501289303194,1.1781568285512625,0.020245761580521663
9785,0.24447484883502,1.2006020479252582,0.2203861504479472
9786,0.23999232176219032,1.1598368440707902,0.007646358215053312
9787,0.24268856685224666,1.1724058498775005,0.08246929754511759
9788,0.23967661095638335,1.1492989481251148,0.03648682125412152
9789,0.23798650994393,1.1517571010192131,0.0243946576472149
9790,0.23842213931818637,1.1598597041600776,0.06443557693325759
9791,0.2326734436912078,1.1298401293110936,0.030425469245173704
9792,0.23070293878772402,1.1182558848333497,0.029218011013727813
9793,0.23494961622240032,1.1582345362170812,0.11006940051152239
9794,0.23186290910799687,1.125521987538253,0.00678089303635491
9795,0.23512987281961556,1.1502675605572334,0.017229182509132485
9796,0.23028044102700443,1.1128473535056917,0.005873716351905086
9797,0.22728749948310234,1.087591612233521,0.27469802004623206
9798,0.22524537070024953,1.079604205257525,0.0364779206981003
9799,0.22440525131517547,1.0653965149661695,0.017107557675355642
9800,0.22641982371198446,1.0668216240736421,0.04552030461146029
9801,0.22401854942585553,1.05553349622756,0.03087552462143279
9802,0.22629786968753748,1.0745342739462098,0.028853370395618826
9803,0.22961492800233613,1.1029474700859763,0.49571958725376325
9804,0.22999371223754392,1.1036048823575249,0.09012351762651076
9805,0.2332276948028038,1.1299409768863966,0.009788186835353178
9806,0.2318129940819648,1.114532911494259,0.18412927342224017
9807,0.2318023762648352,1.1031011169154905,0.164510781894258
9808,0.22966569705522671,1.1024293444607658,0.006204621664639475
9809,0.23270412608571586,1.1149072589033562,0.01716104152550599
9810,0.2265000695482717,1.086962854472138,0.0023351775179437147
9811,0.2284613235954794,1.0903493180645323,0.05753619513949627
9812,0.22737742551634976,1.0756969319004528,1.1495443448125304
9813,0.2302481162226078,1.0886154123386236,0.06374964142219651
9814,0.2321012921270796,1.104249558274958,0.01627574068863337
9815,0.22767005867897372,1.0790624419916854,0.019451003762072344
9816,0.2298863584049386,1.0921352515896268,0.01151178031300416
9817,0.2309224042313653,1.102621621551264,0.0104105381294081
9818,0.22851493309020357,1.0888369682799486,0.04323526146263106
9819,0.22743620163485284,1.0905675135763724,0.011638150535287767
9820,0.2262575700522802,1.0787516523088911,0.007043268670474407
9821,0.22682792115857833,1.0739475005482098,0.008683662021865756
9822,0.22725576568945036,1.0749848840979468,0.09475177090415667
9823,0.23036160075907902,1.1069031690867857,0.026702643670890647
9824,0.22966530070080582,1.113883096173593,0.01890926623568363
9825,0.22939642378598618,1.1148395027126738,0.013937270520180197
9826,0.22743589087351,1.1171058944883347,0.06773885966429344
9827,0.22609501859177625,1.09758939321058,0.015250969758952666
9828,0.22563124951671765,1.0777041149713151,0.01641664205906258
9829,0.22698870819358935,1.090618654737197,0.0105435818818513
9830,0.22600018744756148,1.082007351699153,0.009267302716412927
9831,0.22502649865034083,1.082319444252088,0.48757740042689357
9832,0.22531741414830025,1.0874464038217153,0.025467783138613552
9833,0.22392639930999772,1.0695534418691024,0.6509155308810258
9834,0.22405250323178483,1.0816072632195928,0.01355020132170191
9835,0.21837987214876317,1.051568551092796,0.2836714061406897
9836,0.22104620455877383,1.081779305223345,0.037556361993241964
9837,0.22199836781741517,1.0925110641193234,0.023410523096320315
9838,0.21936690616602078,1.0782495409829598,0.009089726946263296
9839,0.21766377884188962,1.0746445970462855,0.053665622014216485
9840,0.21768360626209007,1.059986311253153,0.45974739646996565
9841,0.21709769259827405,1.0485884858044052,0.052322626501001016
9842,0.21690377992791676,1.0589116322223566,0.011453524485909755
9843,0.21959862663992746,1.083563836595925,0.020741089483824665
9844,0.22293921230120187,1.1195154816899877,0.39535706784706803
9845,0.22426567240100317,1.1224582223917605,0.016955798328748006
9846,0.21875540301916005,1.086720298750717,0.017358168446599723
9847,0.21751772816959744,1.0818102486066448,0.017219791106997225
9848,0.21792922623913052,1.0834346468601002,0.027360129785297695
9849,0.2184683125648646,1.10017547068188,0.04173894414816217
9850,0.22287844213268979,1.1415631472237282,0.0128664018017708
9851,0.20693948287414823,1.0732331763135499,0.00012214695514961834
9852,0.2053658315020138,1.0743941744248025,0.003741805746096348
9853,0.20539664353632453,1.0709033861785722,0.018973732997118523
9854,0.20486433824959274,1.0715762690210275,0.14651256154046643
9855,0.20298057238767386,1.0629771410793774,0.0199708547767899
9856,0.2016576999484523,1.038289677911999,0.038775911446070066
9857,0.20540690723246055,1.0672940893132568,0.3064463781436331
9858,0.20529055742104663,1.05134594755784,0.015671859621768255
9859,0.20406726752738782,1.0338027880013865,0.007258627302522008
9860,0.20974146048066683,1.0773901220390376,0.025675137253911566
9861,0.21222081990365438,1.0992779179741567,0.01284623604028158
9862,0.20687786979106987,1.0634744628856325,0.06263587254217773
9863,0.20148267374415085,1.0205672366353578,0.017668101513984076
9864,0.19940699422751507,1.01490213839037,0.004013296633325393
9865,0.19344225788554953,0.9681547882100124,0.005281089891634177
9866,0.19431113768036856,0.9637256316846056,0.022878936567581318
9867,0.19294771967577512,0.9713774378621728,0.01447052255729058
9868,0.1924244655844536,0.9683288708669043,0.008603578323522263
9869,0.1916683592103129,0.9702472015577894,0.1013581247691702
9870,0.1896278418713771,0.9597092838349768,0.13780073918611171
9871,0.19170541875029004,0.9935887510887724,0.054522395902461926
9872,0.19017386567932418,0.9784390564751763,0.05387049571839303
9873,0.1887920506107899,0.9581046615641114,0.009558721737507997
9874,0.18959713607644232,0.9655328074396337,0.05954994237550716
9875,0.18873794726016652,0.9553133351748972,0.011049585702566143
9876,0.18465227343959897,0.9195533626449273,0.1666707463362777
9877,0.18341953694469856,0.8999180583235147,0.01690725355778454
9878,0.1827756456194138,0.9100187447093763,0.006858569761064738
9879,0.1844510705565317,0.9247151369536921,0.15778466045777617
9880,0.18215778294264365,0.8956734198929265,0.10503724310137517
9881,0.1819625543228992,0.9008329111768145,0.013626209928593022
9882,0.1825914256771943,0.9126634308321288,0.006488366222266677
9883,0.18215436009715158,0.8973259265990818,0.036497120542885106
9884,0.18609462216593545,0.9222888029596653,0.006166580653722787
9885,0.1907609280882296,0.9535765932337441,0.05057761928879434
9886,0.1941522409192224,0.9962986900736144,0.018139394873014466
9887,0.19994136246189828,1.0501832697379017,0.051956405816690567
9888,0.19533353352488061,1.008684815930126,0.021043234786630297
9889,0.18946912067472957,0.9610961482366078,0.047273941634528575
9890,0.189288851231918,0.9665801172013055,0.009232894080156486
9891,0.18716626126525057,0.9560063312746053,0.012608197817685013
9892,0.1853731937241392,0.9431948600346416,0.02869791923788248
9893,0.1827542453175087,0.9100381716598486,0.019862816799792692
9894,0.18656306029261227,0.9493297574971118,0.10977960396954517
9895,0.1883646715325015,0.9813215228698186,0.05921356281866287
9896,0.18867633125095942,0.9773594601046004,0.012775735157645672
9897,0.1911253560635044,1.0005053271368622,0.005634004485030925
9898,0.19283770390090188,1.017165249630265,0.02028260706929629
9899,0.1881717936278091,0.978678017762097,0.04014752643934512
9900,0.1900224357969331,0.9909276662518792,0.039688400023515244
9901,0.19164238800332759,1.0057225294505154,0.023843874692045738
9902,0.19101644839829235,0.9907911172376915,0.009279566087936878
9903,0.18752894696910244,0.9491237400392983,0.16317294375393515
9904,0.18367369103096645,0.9155989822363159,0.11561215597877866
9905,0.18699020204563127,0.9546214489863327,0.025534735436348998
9906,0.187691847699588,0.9686121448676572,0.003416618465044852
9907,0.18736992053826085,0.9665192178462502,0.026949565851862634
9908,0.1855338020732191,0.9353132233183032,0.08529224425670327
9909,0.18429381955580892,0.9217055102822838,0.029014225249001355
9910,0.18422236717644286,0.940823176956079,0.06837631491390743
9911,0.18620779954441838,0.944134567946776,0.06717719499596306
9912,0.18983423080640424,0.9771461204183886,0.01808926190173786
9913,0.18835722003967145,0.9621092599454093,0.37155046258928615
9914,0.19172642717302027,0.984769903669461,0.06819841317355695
9915,0.1886621724066087,0.9635777395741034,0.009865166995895371
9916,0.19074797193335816,0.989275438946369,0.009963823017896854
9917,0.19049022867256044,0.9890604082295408,0.02157171983279939
9918,0.18884981786104071,0.979862958786973,0.0648364827945346
9919,0.18901449484086702,0.9695096278303519,0.005348108438140221
9920,0.1866596231238204,0.9365792237332727,0.021162240662042402
9921,0.18658986929055102,0.9394449934740603,0.02683261060031259
9922,0.18516166877901077,0.9318167867885904,0.05505175287090933
9923,0.1868265317394195,0.9465077650333832,0.009565358351394281
9924,0.18466209385265697,0.919580725325348,0.17226330362425538
9925,0.183229335200079,0.9097488507542782,0.05844017768678586
9926,0.1872541465279567,0.9419200498991445,0.050598117267669246
9927,0.18983289559462443,0.9700109364646119,0.5097389112957184
9928,0.18751694464820015,0.9442182350854891,0.012782681468662896
9929,0.18912625709845757,0.9545390079887468,0.0860454985720817
9930,0.19114376381477807,0.9860788362334616,0.02736169997988761
9931,0.19155515948974003,0.9956409960198971,0.043981654101445916
9932,0.18652081414669072,0.9441022624297821,0.08184842018134313
9933,0.1904312895615742,0.9559354903608623,0.00878163486657103
9934,0.1770566763781211,0.8973656829448403,0.00014537629895800759
9935,0.17475992464745982,0.8697029423683079,0.06586745472050996
9936,0.17118917916718843,0.8568010139305704,0.023521391336708462
9937,0.17360413436780212,0.8788858865964677,0.005989872671371287
9938,0.17616524146001952,0.8989889987012188,0.025424517195028935
9939,0.17685972793928678,0.8982687942934865,0.016305174401906226
9940,0.17662204587706426,0.9031620720780402,0.011567199262138235
9941,0.17703271270692109,0.9115306432933211,0.054019832464062514
9942,0.17755230127185576,0.9118614362391129,0.023633056562962912
9943,0.1786747541772221,0.9321033819442517,0.028449640606273863
9944,0.1791050433953066,0.9276789003592386,0.022908771381873937
9945,0.17998221128251007,0.9474226052241872,0.041706437630209814
9946,0.17944616106988603,0.9303921699971555,0.03055083158497205
9947,0.17907332972895193,0.9248059666129184,0.028392448360670196
9948,0.18127651933219338,0.9479056086226282,0.47311919110538225
9949,0.18223160023141147,0.9496747712963058,0.027201930935114464
9950,0.18406317683092976,0.9646903981519426,0.018350943992353947
9951,0.1827056564770113,0.9644020150040832,0.026985053778205873
9952,0.1813621687002876,0.9605018776573038,0.011026498223787805
9953,0.18302921728229302,0.9729125826003847,0.04292206893515041
9954,0.18383653940319702,0.9851711184985209,0.0321908696410978
9955,0.18434854251746616,1.0036079232334496,0.0419134448428339
9956,0.18345024358364814,0.9943520001860539,0.05187354497866542
9957,0.18160695800087426,0.9650026231763718,0.0830499043817581
9958,0.18087529754155693,0.9407168577222719,0.5919304651995534
9959,0.18046569094703005,0.9319054494172755,0.010652733053830125
9960,0.18174989711803557,0.9272291582254215,0.11334683058988235
9961,0.18298435953773765,0.9233444130777531,0.02292171248005226
9962,0.1826752403207634,0.9312400658107968,0.08843131269459871
9963,0.18282180258144387,0.9243918910456305,1.0323075568950466
9964,0.18367849703491496,0.9436008538970589,0.04383418263669579
9965,0.18605042559459722,0.9744081293789204,0.030699512494640382
9966,0.18254692680479523,0.9574309811398062,0.017957250737726214
9967,0.1884017696738171,1.0002985945466614,0.21946845433546408
9968,0.18749782548207342,0.9967413756041027,0.048232238141686125
9969,0.18389368119194804,0.9558420035924924,0.005310784192546696
9970,0.18546981513872746,0.9632457495345763,0.044724483236692036
9971,0.18591953938610267,0.9768744365868844,0.021559549627134047
9972,0.18981296585084853,1.0030828553608286,0.022622462140972858
9973,0.18489918577085526,1.014021181647882,0.0001504002627735321
9974,0.18152381656756358,0.9708455365534936,0.0016096093209935249
9975,0.17956830801776993,0.9458543739951049,0.08617008944930915
9976,0.17815287162087462,0.9405450926946481,0.02090338016928509
9977,0.17931382811490235,0.9421964082038877,0.010903420424616398
9978,0.18426519876059586,0.9714829301065224,0.04426976599606081
9979,0.1861709627171744,0.9840788410330646,0.02238399680080645
9980,0.1799060334409725,0.9464476641470632,0.014959541422178934
9981,0.17878582067290322,0.9457350955862179,0.07839427438224446
9982,0.18085285868652626,0.9692753540383058,0.10647857824469202
9983,0.17751294133445972,0.9357477219327163,0.04194994391021914
9984,0.1758811266789844,0.9238334367584243,0.03145911256428572
9985,0.17538536145275882,0.9194702964711979,0.0017755831184641368
9986,0.17554709700541493,0.9107115521152549,0.026536222588500035
9987,0.17784014758173794,0.9389587630443605,0.6531105841936331
9988,0.1723724852477944,0.8929889240274019,0.005963022752714293
9989,0.17359607076457592,0.9152517220315032,0.044275843558307874
9990,0.16730768120475853,0.9060072708599093,0.00023717125276007507
9991,0.1668848484965541,0.8982039255623968,0.013045677980596599
9992,0.16537456193170855,0.8785024118242329,0.021369716346971428
9993,0.1660511750910567,0.8800174551842539,0.05273292374038551
9994,0.16599308355351822,0.8939904341110266,0.00785750007928018
9995,0.16545094142787428,0.897317113811236,0.00048116431771744184
9996,0.16423394868738386,0.887693169883317,0.1068639957056147
9997,0.16552343885545207,0.9053592180547664,0.021397693262011096
9998,0.1638919967222151,0.8981341611381354,0.02230277452825994
9999,0.1636238126658425,0.9011227856895645,0.060050285893975534
