epoch,loss,gradient_norm
0,0.012095691372535763,0.02410248453906556
10,0.012128863172623884,0.024048897146700644
20,0.012042911096156253,0.023245650314731157
30,0.012140087932968235,0.022907759751231594
40,0.012047562158430713,0.023422782534249127
50,0.012078105362816421,0.022039097485589274
60,0.012087350335495675,0.022176470406686702
70,0.01217453531945238,0.02305040882986886
80,0.012066833294877961,0.021052385942893985
90,0.012266561081611702,0.022265680464440725
