epoch,loss,gradient_norm
0,0.014886367352502967,0.090781455869549
10,0.012010683836866936,0.009257223394347164
20,0.011997463910781037,0.009040069168296869
30,0.011999680574367167,0.009642551534069475
40,0.011981849048110848,0.00888838043728314
50,0.011990145684652136,0.007500998253429448
60,0.011987025441587994,0.007518427987417043
70,0.012001874900346692,0.009546447366711
80,0.011984587365055583,0.007193207449629054
90,0.012038110652157598,0.007307427945651858
