epoch,loss,gradient_norm
0,34.3743918497608,8.389060184349326
10,20.75129444191409,6.533160629167407
20,10.548832560867144,4.6827868822070275
30,3.771243551370669,2.8330970163357576
40,0.4180284595907707,0.9897321545530636
50,0.01225316518077992,0.006748092614575864
60,0.012033082270343469,0.0043855472809828655
70,0.012012154317083874,0.00867470402640945
80,0.011997699271153607,0.005660271267315858
90,0.011992107171661102,0.005994804732434692
