{
  "weights": [
    0.003978420782763572,
    0.00155789657684855,
    0.01050661843705743,
    -0.014898130637229464,
    -0.0010780722256355825,
    -0.0013176378299391992,
    0.002821835848152287,
    0.08045634177346826,
    -0.004014025704198303,
    -0.23382642239306625,
    -0.010408094054508581,
    -0.009560303662427126,
    0.010064154553425552,
    0.09535573197650073,
    0.00022376979104219704,
    0.0003035929309014221,
    0.0002726597924967875,
    0.013497081760800736,
    -0.09554943531340948,
    0.07904337522098555,
    0.017455469946743025,
    0.048024247560648034,
    0.006128217027917997,
    0.003315966443884864,
    -0.004773416036565421,
    0.0015750050936194533,
    0.009133070953124742,
    0.02539161231934612,
    0.03248957848339812,
    -0.005323254095326398,
    -0.0013583557184265556,
    0.01162713827188888,
    0.04803882208386921,
    0.21552553835839494,
    -0.003994403904843644,
    0.04729793820790574,
    0.05236309454400647,
    -0.007040238543344444,
    -0.018691646811758573,
    -0.009683097060931201,
    -0.032361346242146614,
    -0.03279065513784085,
    -0.02241839369925973,
    -0.001294476765470777,
    -0.008624479303896457,
    -0.012139767537824458,
    -0.0004963707036867874,
    0.011513312750365772,
    -0.005279635241053023,
    -0.015288425964152082,
    -0.016575037725931278,
    -0.0013434828613484596,
    -0.0005123499836730095,
    0.0005861309682704001,
    -9.864724091731457e-05,
    0.00368949106566731,
    0.003317203257479623,
    0.003898820680575212,
    -0.013877782043884863,
    -0.003932650263081572,
    -0.03387962310031324,
    -0.009257973140674357,
    10.117570649234082
  ],
  "final_loss": 0.012756611055044262,
  "training_time": 3.3566434383392334,
  "converged": true,
  "iterations": 50,
  "function_evaluations": 55,
  "final_gradient_norm": 2.8233571137222608e-05,
  "algorithm": "SciPy_BFGS_RIDGE",
  "loss_type": "ridge",
  "regularization": 0.01,
  "message": "Optimization terminated successfully.",
  "initial_loss": 51.48390822791243,
  "initial_gradient_norm": 10.26472017062685,
  "predictions_log_min": 7.646194924759959,
  "predictions_log_max": 11.622244407218346,
  "predictions_original_min": 2091.6676628310015,
  "predictions_original_max": 111550.80794539882,
  "metrics_log_scale": {
    "mse": 0.02377650546578619,
    "r2": 0.9314430197613952,
    "mae": 0.11128508165596239
  },
  "metrics_original_scale": {
    "mse": 18230962.514693335,
    "rmse": 4269.773122156883,
    "mae": 2917.8903613998664,
    "r2": 0.9234612386343859,
    "mape": 11.371954415570478
  },
  "parameters": {
    "loss_type": "ridge",
    "regularization": 0.01
  }
}