iteration,loss,gradient_norm,step_size
0,51.2931449387271,10.24822885727362,10.11915797102347
1,0.011924579974952778,1.011722237805406e-07,0.0044160903325066135
2,0.011924579974752372,4.415908834735294e-11,
