iteration,loss,gradient_norm,step_size
0,51.46241624207643,10.255509315527389,10.136653337555561
1,0.011924579974863807,1.0136633587546899e-07,0.004415908967761004
2,0.011924579974663242,4.4159087794543157e-11,
